id,kind,status,basis,scope,claim,provenanceRefs,sourceRefs,reviewerEvidenceRefs,linkedRequirementIds,linkedModuleIds,linkedComponentWordIds,blocksBom,blocksPublish,nextAction
bom_source_field:charging_connector_interface_ccs2_cable_connector_ccs2_liquid_cooled_cable_and_connector:manufacturer,bom_source_field,source_required,assumption,CCS2 liquid-cooled cable and connector / manufacturer,manufacturer is required but not source-backed.,,,,dc_power_kw,charging_connector_interface,ccs2_liquid_cooled_cable_and_connector,true,true,Admit source-backed supplier/manufacturer/MPN/unit-cost evidence before BoM can pass.
bom_source_field:charging_connector_interface_ccs2_cable_connector_ccs2_liquid_cooled_cable_and_connector:mpn,bom_source_field,source_required,assumption,CCS2 liquid-cooled cable and connector / mpn,mpn is required but not source-backed.,,,,dc_power_kw,charging_connector_interface,ccs2_liquid_cooled_cable_and_connector,true,true,Admit source-backed supplier/manufacturer/MPN/unit-cost evidence before BoM can pass.
bom_source_field:charging_connector_interface_ccs2_cable_connector_ccs2_liquid_cooled_cable_and_connector:supplier,bom_source_field,source_required,assumption,CCS2 liquid-cooled cable and connector / supplier,supplier is required but not source-backed.,,,,dc_power_kw,charging_connector_interface,ccs2_liquid_cooled_cable_and_connector,true,true,Admit source-backed supplier/manufacturer/MPN/unit-cost evidence before BoM can pass.
bom_source_field:charging_connector_interface_ccs2_cable_connector_ccs2_liquid_cooled_cable_and_connector:unit_cost_gbp,bom_source_field,source_required,assumption,CCS2 liquid-cooled cable and connector / unit_cost_gbp,unit_cost_gbp is required but not source-backed.,,,,dc_power_kw,charging_connector_interface,ccs2_liquid_cooled_cable_and_connector,true,true,Admit source-backed supplier/manufacturer/MPN/unit-cost evidence before BoM can pass.
bom_source_field:charging_connector_interface_vehicle_communication_frontend_iso_15118_plc_modem:manufacturer,bom_source_field,source_required,assumption,ISO 15118 PLC modem / manufacturer,manufacturer is required but not source-backed.,,,,,charging_connector_interface; control_compute_communication,iso_15118_plc_modem,true,true,Admit source-backed supplier/manufacturer/MPN/unit-cost evidence before BoM can pass.
bom_source_field:charging_connector_interface_vehicle_communication_frontend_iso_15118_plc_modem:mpn,bom_source_field,source_required,assumption,ISO 15118 PLC modem / mpn,mpn is required but not source-backed.,,,,,charging_connector_interface; control_compute_communication,iso_15118_plc_modem,true,true,Admit source-backed supplier/manufacturer/MPN/unit-cost evidence before BoM can pass.
bom_source_field:charging_connector_interface_vehicle_communication_frontend_iso_15118_plc_modem:supplier,bom_source_field,source_required,assumption,ISO 15118 PLC modem / supplier,supplier is required but not source-backed.,,,,,charging_connector_interface; control_compute_communication,iso_15118_plc_modem,true,true,Admit source-backed supplier/manufacturer/MPN/unit-cost evidence before BoM can pass.
bom_source_field:charging_connector_interface_vehicle_communication_frontend_iso_15118_plc_modem:unit_cost_gbp,bom_source_field,source_required,assumption,ISO 15118 PLC modem / unit_cost_gbp,unit_cost_gbp is required but not source-backed.,,,,,charging_connector_interface; control_compute_communication,iso_15118_plc_modem,true,true,Admit source-backed supplier/manufacturer/MPN/unit-cost evidence before BoM can pass.
bom_source_field:control_compute_communication_backend_gateway_ocpp_communications_gateway:manufacturer,bom_source_field,source_required,assumption,OCPP communications gateway / manufacturer,manufacturer is required but not source-backed.,,,,,control_compute_communication,ocpp_communications_gateway,true,true,Admit source-backed supplier/manufacturer/MPN/unit-cost evidence before BoM can pass.
bom_source_field:control_compute_communication_backend_gateway_ocpp_communications_gateway:mpn,bom_source_field,source_required,assumption,OCPP communications gateway / mpn,mpn is required but not source-backed.,,,,,control_compute_communication,ocpp_communications_gateway,true,true,Admit source-backed supplier/manufacturer/MPN/unit-cost evidence before BoM can pass.
bom_source_field:control_compute_communication_backend_gateway_ocpp_communications_gateway:supplier,bom_source_field,source_required,assumption,OCPP communications gateway / supplier,supplier is required but not source-backed.,,,,,control_compute_communication,ocpp_communications_gateway,true,true,Admit source-backed supplier/manufacturer/MPN/unit-cost evidence before BoM can pass.
bom_source_field:control_compute_communication_backend_gateway_ocpp_communications_gateway:unit_cost_gbp,bom_source_field,source_required,assumption,OCPP communications gateway / unit_cost_gbp,unit_cost_gbp is required but not source-backed.,,,,,control_compute_communication,ocpp_communications_gateway,true,true,Admit source-backed supplier/manufacturer/MPN/unit-cost evidence before BoM can pass.
bom_source_field:control_compute_communication_protocol_stack_iso_15118_plc_modem:manufacturer,bom_source_field,source_required,assumption,ISO 15118 PLC modem / manufacturer,manufacturer is required but not source-backed.,,,,,charging_connector_interface; control_compute_communication,iso_15118_plc_modem,true,true,Admit source-backed supplier/manufacturer/MPN/unit-cost evidence before BoM can pass.
bom_source_field:control_compute_communication_protocol_stack_iso_15118_plc_modem:mpn,bom_source_field,source_required,assumption,ISO 15118 PLC modem / mpn,mpn is required but not source-backed.,,,,,charging_connector_interface; control_compute_communication,iso_15118_plc_modem,true,true,Admit source-backed supplier/manufacturer/MPN/unit-cost evidence before BoM can pass.
bom_source_field:control_compute_communication_protocol_stack_iso_15118_plc_modem:supplier,bom_source_field,source_required,assumption,ISO 15118 PLC modem / supplier,supplier is required but not source-backed.,,,,,charging_connector_interface; control_compute_communication,iso_15118_plc_modem,true,true,Admit source-backed supplier/manufacturer/MPN/unit-cost evidence before BoM can pass.
bom_source_field:control_compute_communication_protocol_stack_iso_15118_plc_modem:unit_cost_gbp,bom_source_field,source_required,assumption,ISO 15118 PLC modem / unit_cost_gbp,unit_cost_gbp is required but not source-backed.,,,,,charging_connector_interface; control_compute_communication,iso_15118_plc_modem,true,true,Admit source-backed supplier/manufacturer/MPN/unit-cost evidence before BoM can pass.
bom_source_field:energy_conversion_transduction_rectifier_power_modules_power_module_stack:manufacturer,bom_source_field,source_required,assumption,Power module stack / manufacturer,manufacturer is required but not source-backed.,,,,dc_power_kw,energy_conversion_transduction,power_module_stack,true,true,Admit source-backed supplier/manufacturer/MPN/unit-cost evidence before BoM can pass.
bom_source_field:energy_conversion_transduction_rectifier_power_modules_power_module_stack:mpn,bom_source_field,source_required,assumption,Power module stack / mpn,mpn is required but not source-backed.,,,,dc_power_kw,energy_conversion_transduction,power_module_stack,true,true,Admit source-backed supplier/manufacturer/MPN/unit-cost evidence before BoM can pass.
bom_source_field:energy_conversion_transduction_rectifier_power_modules_power_module_stack:supplier,bom_source_field,source_required,assumption,Power module stack / supplier,supplier is required but not source-backed.,,,,dc_power_kw,energy_conversion_transduction,power_module_stack,true,true,Admit source-backed supplier/manufacturer/MPN/unit-cost evidence before BoM can pass.
bom_source_field:energy_conversion_transduction_rectifier_power_modules_power_module_stack:unit_cost_gbp,bom_source_field,source_required,assumption,Power module stack / unit_cost_gbp,unit_cost_gbp is required but not source-backed.,,,,dc_power_kw,energy_conversion_transduction,power_module_stack,true,true,Admit source-backed supplier/manufacturer/MPN/unit-cost evidence before BoM can pass.
bom_source_field:environmental_interface_liquid_cooling_loop_cooling_loop_assembly:manufacturer,bom_source_field,source_required,assumption,Cooling loop assembly / manufacturer,manufacturer is required but not source-backed.,,,,dc_power_kw,environmental_interface,cooling_loop_assembly,true,true,Admit source-backed supplier/manufacturer/MPN/unit-cost evidence before BoM can pass.
bom_source_field:environmental_interface_liquid_cooling_loop_cooling_loop_assembly:mpn,bom_source_field,source_required,assumption,Cooling loop assembly / mpn,mpn is required but not source-backed.,,,,dc_power_kw,environmental_interface,cooling_loop_assembly,true,true,Admit source-backed supplier/manufacturer/MPN/unit-cost evidence before BoM can pass.
bom_source_field:environmental_interface_liquid_cooling_loop_cooling_loop_assembly:supplier,bom_source_field,source_required,assumption,Cooling loop assembly / supplier,supplier is required but not source-backed.,,,,dc_power_kw,environmental_interface,cooling_loop_assembly,true,true,Admit source-backed supplier/manufacturer/MPN/unit-cost evidence before BoM can pass.
bom_source_field:environmental_interface_liquid_cooling_loop_cooling_loop_assembly:unit_cost_gbp,bom_source_field,source_required,assumption,Cooling loop assembly / unit_cost_gbp,unit_cost_gbp is required but not source-backed.,,,,dc_power_kw,environmental_interface,cooling_loop_assembly,true,true,Admit source-backed supplier/manufacturer/MPN/unit-cost evidence before BoM can pass.
bom_source_field:power_distribution_ac_input_switchgear_ac_input_breaker_and_spd:manufacturer,bom_source_field,source_required,assumption,AC input breaker and SPD / manufacturer,manufacturer is required but not source-backed.,,,,dc_power_kw,power_distribution,ac_input_breaker_and_spd,true,true,Admit source-backed supplier/manufacturer/MPN/unit-cost evidence before BoM can pass.
bom_source_field:power_distribution_ac_input_switchgear_ac_input_breaker_and_spd:mpn,bom_source_field,source_required,assumption,AC input breaker and SPD / mpn,mpn is required but not source-backed.,,,,dc_power_kw,power_distribution,ac_input_breaker_and_spd,true,true,Admit source-backed supplier/manufacturer/MPN/unit-cost evidence before BoM can pass.
bom_source_field:power_distribution_ac_input_switchgear_ac_input_breaker_and_spd:supplier,bom_source_field,source_required,assumption,AC input breaker and SPD / supplier,supplier is required but not source-backed.,,,,dc_power_kw,power_distribution,ac_input_breaker_and_spd,true,true,Admit source-backed supplier/manufacturer/MPN/unit-cost evidence before BoM can pass.
bom_source_field:power_distribution_ac_input_switchgear_ac_input_breaker_and_spd:unit_cost_gbp,bom_source_field,source_required,assumption,AC input breaker and SPD / unit_cost_gbp,unit_cost_gbp is required but not source-backed.,,,,dc_power_kw,power_distribution,ac_input_breaker_and_spd,true,true,Admit source-backed supplier/manufacturer/MPN/unit-cost evidence before BoM can pass.
bom_source_field:power_distribution_billing_metering_branch_mid_energy_meter:manufacturer,bom_source_field,source_required,assumption,MID energy meter / manufacturer,manufacturer is required but not source-backed.,,,,,power_distribution; sensing_instrumentation,mid_energy_meter,true,true,Admit source-backed supplier/manufacturer/MPN/unit-cost evidence before BoM can pass.
bom_source_field:power_distribution_billing_metering_branch_mid_energy_meter:mpn,bom_source_field,source_required,assumption,MID energy meter / mpn,mpn is required but not source-backed.,,,,,power_distribution; sensing_instrumentation,mid_energy_meter,true,true,Admit source-backed supplier/manufacturer/MPN/unit-cost evidence before BoM can pass.
bom_source_field:power_distribution_billing_metering_branch_mid_energy_meter:supplier,bom_source_field,source_required,assumption,MID energy meter / supplier,supplier is required but not source-backed.,,,,,power_distribution; sensing_instrumentation,mid_energy_meter,true,true,Admit source-backed supplier/manufacturer/MPN/unit-cost evidence before BoM can pass.
bom_source_field:power_distribution_billing_metering_branch_mid_energy_meter:unit_cost_gbp,bom_source_field,source_required,assumption,MID energy meter / unit_cost_gbp,unit_cost_gbp is required but not source-backed.,,,,,power_distribution; sensing_instrumentation,mid_energy_meter,true,true,Admit source-backed supplier/manufacturer/MPN/unit-cost evidence before BoM can pass.
bom_source_field:power_distribution_dc_output_switchgear_dc_output_contactor_set:manufacturer,bom_source_field,source_required,assumption,DC output contactor set / manufacturer,manufacturer is required but not source-backed.,,,,,power_distribution,dc_output_contactor_set,true,true,Admit source-backed supplier/manufacturer/MPN/unit-cost evidence before BoM can pass.
bom_source_field:power_distribution_dc_output_switchgear_dc_output_contactor_set:mpn,bom_source_field,source_required,assumption,DC output contactor set / mpn,mpn is required but not source-backed.,,,,,power_distribution,dc_output_contactor_set,true,true,Admit source-backed supplier/manufacturer/MPN/unit-cost evidence before BoM can pass.
bom_source_field:power_distribution_dc_output_switchgear_dc_output_contactor_set:supplier,bom_source_field,source_required,assumption,DC output contactor set / supplier,supplier is required but not source-backed.,,,,,power_distribution,dc_output_contactor_set,true,true,Admit source-backed supplier/manufacturer/MPN/unit-cost evidence before BoM can pass.
bom_source_field:power_distribution_dc_output_switchgear_dc_output_contactor_set:unit_cost_gbp,bom_source_field,source_required,assumption,DC output contactor set / unit_cost_gbp,unit_cost_gbp is required but not source-backed.,,,,,power_distribution,dc_output_contactor_set,true,true,Admit source-backed supplier/manufacturer/MPN/unit-cost evidence before BoM can pass.
bom_source_field:safety_protection_dc_fault_protection_insulation_monitoring_device:manufacturer,bom_source_field,source_required,assumption,Insulation monitoring device / manufacturer,manufacturer is required but not source-backed.,,,,,sensing_instrumentation; safety_protection,insulation_monitoring_device,true,true,Admit source-backed supplier/manufacturer/MPN/unit-cost evidence before BoM can pass.
bom_source_field:safety_protection_dc_fault_protection_insulation_monitoring_device:mpn,bom_source_field,source_required,assumption,Insulation monitoring device / mpn,mpn is required but not source-backed.,,,,,sensing_instrumentation; safety_protection,insulation_monitoring_device,true,true,Admit source-backed supplier/manufacturer/MPN/unit-cost evidence before BoM can pass.
bom_source_field:safety_protection_dc_fault_protection_insulation_monitoring_device:supplier,bom_source_field,source_required,assumption,Insulation monitoring device / supplier,supplier is required but not source-backed.,,,,,sensing_instrumentation; safety_protection,insulation_monitoring_device,true,true,Admit source-backed supplier/manufacturer/MPN/unit-cost evidence before BoM can pass.
bom_source_field:safety_protection_dc_fault_protection_insulation_monitoring_device:unit_cost_gbp,bom_source_field,source_required,assumption,Insulation monitoring device / unit_cost_gbp,unit_cost_gbp is required but not source-backed.,,,,,sensing_instrumentation; safety_protection,insulation_monitoring_device,true,true,Admit source-backed supplier/manufacturer/MPN/unit-cost evidence before BoM can pass.
bom_source_field:safety_protection_emergency_stop_chain_emergency_stop_and_safety_interlock_set:manufacturer,bom_source_field,source_required,assumption,Emergency stop and safety interlock set / manufacturer,manufacturer is required but not source-backed.,,,,,safety_protection,emergency_stop_and_safety_interlock_set,true,true,Admit source-backed supplier/manufacturer/MPN/unit-cost evidence before BoM can pass.
bom_source_field:safety_protection_emergency_stop_chain_emergency_stop_and_safety_interlock_set:mpn,bom_source_field,source_required,assumption,Emergency stop and safety interlock set / mpn,mpn is required but not source-backed.,,,,,safety_protection,emergency_stop_and_safety_interlock_set,true,true,Admit source-backed supplier/manufacturer/MPN/unit-cost evidence before BoM can pass.
bom_source_field:safety_protection_emergency_stop_chain_emergency_stop_and_safety_interlock_set:supplier,bom_source_field,source_required,assumption,Emergency stop and safety interlock set / supplier,supplier is required but not source-backed.,,,,,safety_protection,emergency_stop_and_safety_interlock_set,true,true,Admit source-backed supplier/manufacturer/MPN/unit-cost evidence before BoM can pass.
bom_source_field:safety_protection_emergency_stop_chain_emergency_stop_and_safety_interlock_set:unit_cost_gbp,bom_source_field,source_required,assumption,Emergency stop and safety interlock set / unit_cost_gbp,unit_cost_gbp is required but not source-backed.,,,,,safety_protection,emergency_stop_and_safety_interlock_set,true,true,Admit source-backed supplier/manufacturer/MPN/unit-cost evidence before BoM can pass.
bom_source_field:sensing_instrumentation_energy_metering_mid_energy_meter:manufacturer,bom_source_field,source_required,assumption,MID energy meter / manufacturer,manufacturer is required but not source-backed.,,,,,power_distribution; sensing_instrumentation,mid_energy_meter,true,true,Admit source-backed supplier/manufacturer/MPN/unit-cost evidence before BoM can pass.
bom_source_field:sensing_instrumentation_energy_metering_mid_energy_meter:mpn,bom_source_field,source_required,assumption,MID energy meter / mpn,mpn is required but not source-backed.,,,,,power_distribution; sensing_instrumentation,mid_energy_meter,true,true,Admit source-backed supplier/manufacturer/MPN/unit-cost evidence before BoM can pass.
bom_source_field:sensing_instrumentation_energy_metering_mid_energy_meter:supplier,bom_source_field,source_required,assumption,MID energy meter / supplier,supplier is required but not source-backed.,,,,,power_distribution; sensing_instrumentation,mid_energy_meter,true,true,Admit source-backed supplier/manufacturer/MPN/unit-cost evidence before BoM can pass.
bom_source_field:sensing_instrumentation_energy_metering_mid_energy_meter:unit_cost_gbp,bom_source_field,source_required,assumption,MID energy meter / unit_cost_gbp,unit_cost_gbp is required but not source-backed.,,,,,power_distribution; sensing_instrumentation,mid_energy_meter,true,true,Admit source-backed supplier/manufacturer/MPN/unit-cost evidence before BoM can pass.
bom_source_field:sensing_instrumentation_insulation_fault_detection_insulation_monitoring_device:manufacturer,bom_source_field,source_required,assumption,Insulation monitoring device / manufacturer,manufacturer is required but not source-backed.,,,,,sensing_instrumentation; safety_protection,insulation_monitoring_device,true,true,Admit source-backed supplier/manufacturer/MPN/unit-cost evidence before BoM can pass.
bom_source_field:sensing_instrumentation_insulation_fault_detection_insulation_monitoring_device:mpn,bom_source_field,source_required,assumption,Insulation monitoring device / mpn,mpn is required but not source-backed.,,,,,sensing_instrumentation; safety_protection,insulation_monitoring_device,true,true,Admit source-backed supplier/manufacturer/MPN/unit-cost evidence before BoM can pass.
bom_source_field:sensing_instrumentation_insulation_fault_detection_insulation_monitoring_device:supplier,bom_source_field,source_required,assumption,Insulation monitoring device / supplier,supplier is required but not source-backed.,,,,,sensing_instrumentation; safety_protection,insulation_monitoring_device,true,true,Admit source-backed supplier/manufacturer/MPN/unit-cost evidence before BoM can pass.
bom_source_field:sensing_instrumentation_insulation_fault_detection_insulation_monitoring_device:unit_cost_gbp,bom_source_field,source_required,assumption,Insulation monitoring device / unit_cost_gbp,unit_cost_gbp is required but not source-backed.,,,,,sensing_instrumentation; safety_protection,insulation_monitoring_device,true,true,Admit source-backed supplier/manufacturer/MPN/unit-cost evidence before BoM can pass.
component_candidate:charging_connector_interface_ccs2_cable_connector_ccs2_liquid_cooled_cable_and_connector,component_candidate,source_required,generated_model,CCS2 liquid-cooled cable and connector,CCS2 liquid-cooled cable and connector is an architecture-derived component candidate with quantity 1 candidate.,model:scratch_universal_architecture.ev_charger,,,dc_power_kw,charging_connector_interface,ccs2_liquid_cooled_cable_and_connector,true,true,"Admit source-backed supplier, manufacturer, MPN, unit cost and lead-time evidence through sourcing intake."
component_candidate:charging_connector_interface_vehicle_communication_frontend_iso_15118_plc_modem,component_candidate,source_required,generated_model,ISO 15118 PLC modem,ISO 15118 PLC modem is an architecture-derived component candidate with quantity 1 candidate.,model:scratch_universal_architecture.ev_charger,,,,charging_connector_interface; control_compute_communication,iso_15118_plc_modem,true,true,"Admit source-backed supplier, manufacturer, MPN, unit cost and lead-time evidence through sourcing intake."
component_candidate:control_compute_communication_backend_gateway_ocpp_communications_gateway,component_candidate,source_required,generated_model,OCPP communications gateway,OCPP communications gateway is an architecture-derived component candidate with quantity 1 candidate.,model:scratch_universal_architecture.ev_charger,,,,control_compute_communication,ocpp_communications_gateway,true,true,"Admit source-backed supplier, manufacturer, MPN, unit cost and lead-time evidence through sourcing intake."
component_candidate:control_compute_communication_protocol_stack_iso_15118_plc_modem,component_candidate,source_required,generated_model,ISO 15118 PLC modem,ISO 15118 PLC modem is an architecture-derived component candidate with quantity 1 candidate.,model:scratch_universal_architecture.ev_charger,,,,charging_connector_interface; control_compute_communication,iso_15118_plc_modem,true,true,"Admit source-backed supplier, manufacturer, MPN, unit cost and lead-time evidence through sourcing intake."
component_candidate:energy_conversion_transduction_rectifier_power_modules_power_module_stack,component_candidate,source_required,generated_model,Power module stack,Power module stack is an architecture-derived component candidate with quantity 1 candidate.,model:scratch_universal_architecture.ev_charger,,,dc_power_kw,energy_conversion_transduction,power_module_stack,true,true,"Admit source-backed supplier, manufacturer, MPN, unit cost and lead-time evidence through sourcing intake."
component_candidate:environmental_interface_liquid_cooling_loop_cooling_loop_assembly,component_candidate,source_required,generated_model,Cooling loop assembly,Cooling loop assembly is an architecture-derived component candidate with quantity 1 candidate.,model:scratch_universal_architecture.ev_charger,,,dc_power_kw,environmental_interface,cooling_loop_assembly,true,true,"Admit source-backed supplier, manufacturer, MPN, unit cost and lead-time evidence through sourcing intake."
component_candidate:power_distribution_ac_input_switchgear_ac_input_breaker_and_spd,component_candidate,source_required,generated_model,AC input breaker and SPD,AC input breaker and SPD is an architecture-derived component candidate with quantity 1 candidate.,model:scratch_universal_architecture.ev_charger,,,dc_power_kw,power_distribution,ac_input_breaker_and_spd,true,true,"Admit source-backed supplier, manufacturer, MPN, unit cost and lead-time evidence through sourcing intake."
component_candidate:power_distribution_billing_metering_branch_mid_energy_meter,component_candidate,source_required,generated_model,MID energy meter,MID energy meter is an architecture-derived component candidate with quantity 1 candidate.,model:scratch_universal_architecture.ev_charger,,,,power_distribution; sensing_instrumentation,mid_energy_meter,true,true,"Admit source-backed supplier, manufacturer, MPN, unit cost and lead-time evidence through sourcing intake."
component_candidate:power_distribution_dc_output_switchgear_dc_output_contactor_set,component_candidate,source_required,generated_model,DC output contactor set,DC output contactor set is an architecture-derived component candidate with quantity 1 candidate.,model:scratch_universal_architecture.ev_charger,,,,power_distribution,dc_output_contactor_set,true,true,"Admit source-backed supplier, manufacturer, MPN, unit cost and lead-time evidence through sourcing intake."
component_candidate:safety_protection_dc_fault_protection_insulation_monitoring_device,component_candidate,source_required,generated_model,Insulation monitoring device,Insulation monitoring device is an architecture-derived component candidate with quantity 1 candidate.,model:scratch_universal_architecture.ev_charger,,,,sensing_instrumentation; safety_protection,insulation_monitoring_device,true,true,"Admit source-backed supplier, manufacturer, MPN, unit cost and lead-time evidence through sourcing intake."
component_candidate:safety_protection_emergency_stop_chain_emergency_stop_and_safety_interlock_set,component_candidate,source_required,generated_model,Emergency stop and safety interlock set,Emergency stop and safety interlock set is an architecture-derived component candidate with quantity 1 candidate.,model:scratch_universal_architecture.ev_charger,,,,safety_protection,emergency_stop_and_safety_interlock_set,true,true,"Admit source-backed supplier, manufacturer, MPN, unit cost and lead-time evidence through sourcing intake."
component_candidate:sensing_instrumentation_energy_metering_mid_energy_meter,component_candidate,source_required,generated_model,MID energy meter,MID energy meter is an architecture-derived component candidate with quantity 1 candidate.,model:scratch_universal_architecture.ev_charger,,,,power_distribution; sensing_instrumentation,mid_energy_meter,true,true,"Admit source-backed supplier, manufacturer, MPN, unit cost and lead-time evidence through sourcing intake."
component_candidate:sensing_instrumentation_insulation_fault_detection_insulation_monitoring_device,component_candidate,source_required,generated_model,Insulation monitoring device,Insulation monitoring device is an architecture-derived component candidate with quantity 1 candidate.,model:scratch_universal_architecture.ev_charger,,,,sensing_instrumentation; safety_protection,insulation_monitoring_device,true,true,"Admit source-backed supplier, manufacturer, MPN, unit cost and lead-time evidence through sourcing intake."
headline_metric:capex_gbp,headline_metric,source_required,assumption,Estimated CAPEX,Estimated CAPEX = 0 GBP.,formula:capex=sum(bom.totalCostGbp); class_pack:ev_charger.class_pack,,,,,,true,true,Admit source-backed BoM costs before treating this cost metric as a claim.
headline_metric:opex_annual_gbp,headline_metric,source_required,assumption,Estimated annual OPEX,Estimated annual OPEX = 0 GBP/year.,formula:opex=capex*0.04,,,,,,true,true,Admit source-backed BoM costs before treating this cost metric as a claim.
component_candidate:charging_connector_interface_ccs2_cable_connector_cable_strain_relief_boot,component_candidate,generated_needs_review,generated_model,cable strain relief boot,cable strain relief boot is an architecture-derived component candidate with quantity 1 candidate.,model:scratch_universal_architecture.ev_charger,,,,charging_connector_interface,cable_strain_relief_boot,false,true,"Review whether this is a unique physical item, shared component or separate installation instance."
component_candidate:charging_connector_interface_ccs2_cable_connector_connector_temperature_sensor_pair,component_candidate,generated_needs_review,generated_model,connector temperature sensor pair,connector temperature sensor pair is an architecture-derived component candidate with quantity 1 candidate.,model:scratch_universal_architecture.ev_charger,,,,charging_connector_interface,connector_temperature_sensor_pair,false,true,"Review whether this is a unique physical item, shared component or separate installation instance."
component_candidate:charging_connector_interface_ccs2_cable_connector_proximity_pilot_resistor_set,component_candidate,generated_needs_review,generated_model,proximity pilot resistor set,proximity pilot resistor set is an architecture-derived component candidate with quantity 1 candidate.,model:scratch_universal_architecture.ev_charger,,,,charging_connector_interface,proximity_pilot_resistor_set,false,true,"Review whether this is a unique physical item, shared component or separate installation instance."
component_candidate:charging_connector_interface_connector_cooling_coupling_cable_coolant_temperature_probe,component_candidate,generated_needs_review,generated_model,cable coolant temperature probe,cable coolant temperature probe is an architecture-derived component candidate with quantity 1 candidate.,model:scratch_universal_architecture.ev_charger,,,,charging_connector_interface,cable_coolant_temperature_probe,false,true,"Review whether this is a unique physical item, shared component or separate installation instance."
component_candidate:charging_connector_interface_connector_cooling_coupling_coolant_leak_catch_tray,component_candidate,generated_needs_review,generated_model,coolant leak catch tray,coolant leak catch tray is an architecture-derived component candidate with quantity 1 candidate.,model:scratch_universal_architecture.ev_charger,,,,charging_connector_interface,coolant_leak_catch_tray,false,true,"Review whether this is a unique physical item, shared component or separate installation instance."
component_candidate:charging_connector_interface_connector_cooling_coupling_liquid_cooled_cable_manifold,component_candidate,generated_needs_review,generated_model,liquid-cooled cable manifold,liquid-cooled cable manifold is an architecture-derived component candidate with quantity 1 candidate.,model:scratch_universal_architecture.ev_charger,,,,charging_connector_interface,liquid_cooled_cable_manifold,false,true,"Review whether this is a unique physical item, shared component or separate installation instance."
component_candidate:charging_connector_interface_connector_cooling_coupling_quick_connect_coolant_coupler,component_candidate,generated_needs_review,generated_model,quick-connect coolant coupler,quick-connect coolant coupler is an architecture-derived component candidate with quantity 1 candidate.,model:scratch_universal_architecture.ev_charger,,,,charging_connector_interface,quick_connect_coolant_coupler,false,true,"Review whether this is a unique physical item, shared component or separate installation instance."
component_candidate:charging_connector_interface_vehicle_communication_frontend_control_pilot_interface_board,component_candidate,generated_needs_review,generated_model,control pilot interface board,control pilot interface board is an architecture-derived component candidate with quantity 1 candidate.,model:scratch_universal_architecture.ev_charger,,,,charging_connector_interface,control_pilot_interface_board,false,true,"Review whether this is a unique physical item, shared component or separate installation instance."
component_candidate:charging_connector_interface_vehicle_communication_frontend_proximity_detection_input,component_candidate,generated_needs_review,generated_model,proximity detection input,proximity detection input is an architecture-derived component candidate with quantity 1 candidate.,model:scratch_universal_architecture.ev_charger,,,,charging_connector_interface,proximity_detection_input,false,true,"Review whether this is a unique physical item, shared component or separate installation instance."
component_candidate:charging_connector_interface_vehicle_communication_frontend_vehicle_comms_isolation_transformer,component_candidate,generated_needs_review,generated_model,vehicle comms isolation transformer,vehicle comms isolation transformer is an architecture-derived component candidate with quantity 1 candidate.,model:scratch_universal_architecture.ev_charger,,,,charging_connector_interface,vehicle_comms_isolation_transformer,false,true,"Review whether this is a unique physical item, shared component or separate installation instance."
component_candidate:control_compute_communication_backend_gateway_ethernet_surge_protector,component_candidate,generated_needs_review,generated_model,ethernet surge protector,ethernet surge protector is an architecture-derived component candidate with quantity 1 candidate.,model:scratch_universal_architecture.ev_charger,,,,control_compute_communication,ethernet_surge_protector,false,true,"Review whether this is a unique physical item, shared component or separate installation instance."
component_candidate:control_compute_communication_backend_gateway_lte_router_module,component_candidate,generated_needs_review,generated_model,LTE router module,LTE router module is an architecture-derived component candidate with quantity 1 candidate.,model:scratch_universal_architecture.ev_charger,,,,control_compute_communication,lte_router_module,false,true,"Review whether this is a unique physical item, shared component or separate installation instance."
component_candidate:control_compute_communication_backend_gateway_secure_element_module,component_candidate,generated_needs_review,generated_model,secure element module,secure element module is an architecture-derived component candidate with quantity 1 candidate.,model:scratch_universal_architecture.ev_charger,,,,control_compute_communication,secure_element_module,false,true,"Review whether this is a unique physical item, shared component or separate installation instance."
component_candidate:control_compute_communication_charge_controller_charge_controller_pcb,component_candidate,generated_needs_review,generated_model,charge controller PCB,charge controller PCB is an architecture-derived component candidate with quantity 1 candidate.,model:scratch_universal_architecture.ev_charger,,,,control_compute_communication,charge_controller_pcb,false,true,"Review whether this is a unique physical item, shared component or separate installation instance."
component_candidate:control_compute_communication_charge_controller_nonvolatile_event_log_memory,component_candidate,generated_needs_review,generated_model,nonvolatile event log memory,nonvolatile event log memory is an architecture-derived component candidate with quantity 1 candidate.,model:scratch_universal_architecture.ev_charger,,,,control_compute_communication,nonvolatile_event_log_memory,false,true,"Review whether this is a unique physical item, shared component or separate installation instance."
component_candidate:control_compute_communication_charge_controller_real_time_clock_module,component_candidate,generated_needs_review,generated_model,real-time clock module,real-time clock module is an architecture-derived component candidate with quantity 1 candidate.,model:scratch_universal_architecture.ev_charger,,,,control_compute_communication,real_time_clock_module,false,true,"Review whether this is a unique physical item, shared component or separate installation instance."
component_candidate:control_compute_communication_charge_controller_safety_io_terminal_block,component_candidate,generated_needs_review,generated_model,safety IO terminal block,safety IO terminal block is an architecture-derived component candidate with quantity 1 candidate.,model:scratch_universal_architecture.ev_charger,,,,control_compute_communication,safety_io_terminal_block,false,true,"Review whether this is a unique physical item, shared component or separate installation instance."
component_candidate:control_compute_communication_protocol_stack_charging_session_firmware_image,component_candidate,generated_needs_review,generated_model,charging session firmware image,charging session firmware image is an architecture-derived component candidate with quantity 1 candidate.,model:scratch_universal_architecture.ev_charger,,,,control_compute_communication,charging_session_firmware_image,false,true,"Review whether this is a unique physical item, shared component or separate installation instance."
component_candidate:control_compute_communication_protocol_stack_plug_and_charge_certificate_store,component_candidate,generated_needs_review,generated_model,Plug and Charge certificate store,Plug and Charge certificate store is an architecture-derived component candidate with quantity 1 candidate.,model:scratch_universal_architecture.ev_charger,,,,control_compute_communication,plug_and_charge_certificate_store,false,true,"Review whether this is a unique physical item, shared component or separate installation instance."
component_candidate:control_compute_communication_protocol_stack_protocol_debug_header,component_candidate,generated_needs_review,generated_model,protocol debug header,protocol debug header is an architecture-derived component candidate with quantity 1 candidate.,model:scratch_universal_architecture.ev_charger,,,,control_compute_communication,protocol_debug_header,false,true,"Review whether this is a unique physical item, shared component or separate installation instance."
component_candidate:energy_conversion_transduction_converter_supervision_fan_coolant_derating_table,component_candidate,generated_needs_review,generated_model,fan/coolant derating table,fan/coolant derating table is an architecture-derived component candidate with quantity 1 candidate.,model:scratch_universal_architecture.ev_charger,,,,energy_conversion_transduction,fan_coolant_derating_table,false,true,"Review whether this is a unique physical item, shared component or separate installation instance."
component_candidate:energy_conversion_transduction_converter_supervision_firmware_recovery_jumper,component_candidate,generated_needs_review,generated_model,firmware recovery jumper,firmware recovery jumper is an architecture-derived component candidate with quantity 1 candidate.,model:scratch_universal_architecture.ev_charger,,,,energy_conversion_transduction,firmware_recovery_jumper,false,true,"Review whether this is a unique physical item, shared component or separate installation instance."
component_candidate:energy_conversion_transduction_converter_supervision_heatsink_temperature_probe,component_candidate,generated_needs_review,generated_model,heatsink temperature probe,heatsink temperature probe is an architecture-derived component candidate with quantity 1 candidate.,model:scratch_universal_architecture.ev_charger,,,,energy_conversion_transduction,heatsink_temperature_probe,false,true,"Review whether this is a unique physical item, shared component or separate installation instance."
component_candidate:energy_conversion_transduction_converter_supervision_module_health_monitor_board,component_candidate,generated_needs_review,generated_model,module health monitor board,module health monitor board is an architecture-derived component candidate with quantity 1 candidate.,model:scratch_universal_architecture.ev_charger,,,,energy_conversion_transduction,module_health_monitor_board,false,true,"Review whether this is a unique physical item, shared component or separate installation instance."
component_candidate:energy_conversion_transduction_output_filtering_dc_output_choke,component_candidate,generated_needs_review,generated_model,DC output choke,DC output choke is an architecture-derived component candidate with quantity 1 candidate.,model:scratch_universal_architecture.ev_charger,,,,energy_conversion_transduction,dc_output_choke,false,true,"Review whether this is a unique physical item, shared component or separate installation instance."
component_candidate:energy_conversion_transduction_output_filtering_emi_filter_assembly,component_candidate,generated_needs_review,generated_model,EMI filter assembly,EMI filter assembly is an architecture-derived component candidate with quantity 1 candidate.,model:scratch_universal_architecture.ev_charger,,,,energy_conversion_transduction,emi_filter_assembly,false,true,"Review whether this is a unique physical item, shared component or separate installation instance."
component_candidate:energy_conversion_transduction_output_filtering_snubber_network_board,component_candidate,generated_needs_review,generated_model,snubber network board,snubber network board is an architecture-derived component candidate with quantity 1 candidate.,model:scratch_universal_architecture.ev_charger,,,,energy_conversion_transduction,snubber_network_board,false,true,"Review whether this is a unique physical item, shared component or separate installation instance."
component_candidate:energy_conversion_transduction_output_filtering_thermal_interface_pad_set,component_candidate,generated_needs_review,generated_model,thermal interface pad set,thermal interface pad set is an architecture-derived component candidate with quantity 1 candidate.,model:scratch_universal_architecture.ev_charger,,,,energy_conversion_transduction,thermal_interface_pad_set,false,true,"Review whether this is a unique physical item, shared component or separate installation instance."
component_candidate:energy_conversion_transduction_rectifier_power_modules_dc_link_capacitor_bank,component_candidate,generated_needs_review,generated_model,DC-link capacitor bank,DC-link capacitor bank is an architecture-derived component candidate with quantity 1 candidate.,model:scratch_universal_architecture.ev_charger,,,,energy_conversion_transduction,dc_link_capacitor_bank,false,true,"Review whether this is a unique physical item, shared component or separate installation instance."
component_candidate:energy_conversion_transduction_rectifier_power_modules_module_locking_rail,component_candidate,generated_needs_review,generated_model,module locking rail,module locking rail is an architecture-derived component candidate with quantity 1 candidate.,model:scratch_universal_architecture.ev_charger,,,,energy_conversion_transduction,module_locking_rail,false,true,"Review whether this is a unique physical item, shared component or separate installation instance."
component_candidate:energy_conversion_transduction_rectifier_power_modules_power_module_backplane,component_candidate,generated_needs_review,generated_model,power module backplane,power module backplane is an architecture-derived component candidate with quantity 1 candidate.,model:scratch_universal_architecture.ev_charger,,,,energy_conversion_transduction,power_module_backplane,false,true,"Review whether this is a unique physical item, shared component or separate installation instance."
component_candidate:environmental_interface_liquid_cooling_loop_coolant_pump,component_candidate,generated_needs_review,generated_model,coolant pump,coolant pump is an architecture-derived component candidate with quantity 1 candidate.,model:scratch_universal_architecture.ev_charger,,,,environmental_interface,coolant_pump,false,true,"Review whether this is a unique physical item, shared component or separate installation instance."
component_candidate:environmental_interface_liquid_cooling_loop_coolant_reservoir,component_candidate,generated_needs_review,generated_model,coolant reservoir,coolant reservoir is an architecture-derived component candidate with quantity 1 candidate.,model:scratch_universal_architecture.ev_charger,,,,environmental_interface,coolant_reservoir,false,true,"Review whether this is a unique physical item, shared component or separate installation instance."
component_candidate:environmental_interface_liquid_cooling_loop_plate_radiator,component_candidate,generated_needs_review,generated_model,plate radiator,plate radiator is an architecture-derived component candidate with quantity 1 candidate.,model:scratch_universal_architecture.ev_charger,,,,environmental_interface,plate_radiator,false,true,"Review whether this is a unique physical item, shared component or separate installation instance."
component_candidate:environmental_interface_thermal_air_path_airflow_proving_switch,component_candidate,generated_needs_review,generated_model,airflow proving switch,airflow proving switch is an architecture-derived component candidate with quantity 1 candidate.,model:scratch_universal_architecture.ev_charger,,,,environmental_interface,airflow_proving_switch,false,true,"Review whether this is a unique physical item, shared component or separate installation instance."
component_candidate:environmental_interface_thermal_air_path_cabinet_fan_tray,component_candidate,generated_needs_review,generated_model,cabinet fan tray,cabinet fan tray is an architecture-derived component candidate with quantity 1 candidate.,model:scratch_universal_architecture.ev_charger,,,,environmental_interface,cabinet_fan_tray,false,true,"Review whether this is a unique physical item, shared component or separate installation instance."
component_candidate:environmental_interface_thermal_air_path_exhaust_louvre_assembly,component_candidate,generated_needs_review,generated_model,exhaust louvre assembly,exhaust louvre assembly is an architecture-derived component candidate with quantity 1 candidate.,model:scratch_universal_architecture.ev_charger,,,,environmental_interface,exhaust_louvre_assembly,false,true,"Review whether this is a unique physical item, shared component or separate installation instance."
component_candidate:environmental_interface_thermal_air_path_inlet_filter_mat,component_candidate,generated_needs_review,generated_model,inlet filter mat,inlet filter mat is an architecture-derived component candidate with quantity 1 candidate.,model:scratch_universal_architecture.ev_charger,,,,environmental_interface,inlet_filter_mat,false,true,"Review whether this is a unique physical item, shared component or separate installation instance."
component_candidate:environmental_interface_weatherproofing_anti_condensation_heater,component_candidate,generated_needs_review,generated_model,anti-condensation heater,anti-condensation heater is an architecture-derived component candidate with quantity 1 candidate.,model:scratch_universal_architecture.ev_charger,,,,environmental_interface,anti_condensation_heater,false,true,"Review whether this is a unique physical item, shared component or separate installation instance."
component_candidate:environmental_interface_weatherproofing_cabinet_drain_grommet,component_candidate,generated_needs_review,generated_model,cabinet drain grommet,cabinet drain grommet is an architecture-derived component candidate with quantity 1 candidate.,model:scratch_universal_architecture.ev_charger,,,,environmental_interface,cabinet_drain_grommet,false,true,"Review whether this is a unique physical item, shared component or separate installation instance."
component_candidate:environmental_interface_weatherproofing_door_gasket_set,component_candidate,generated_needs_review,generated_model,door gasket set,door gasket set is an architecture-derived component candidate with quantity 1 candidate.,model:scratch_universal_architecture.ev_charger,,,,environmental_interface,door_gasket_set,false,true,"Review whether this is a unique physical item, shared component or separate installation instance."
component_candidate:environmental_interface_weatherproofing_uv_rated_cable_cover,component_candidate,generated_needs_review,generated_model,UV-rated cable cover,UV-rated cable cover is an architecture-derived component candidate with quantity 1 candidate.,model:scratch_universal_architecture.ev_charger,,,,environmental_interface,uv_rated_cable_cover,false,true,"Review whether this is a unique physical item, shared component or separate installation instance."
component_candidate:hmi_ergonomics_payment_identity_contactless_payment_terminal,component_candidate,generated_needs_review,generated_model,contactless payment terminal,contactless payment terminal is an architecture-derived component candidate with quantity 1 candidate.,model:scratch_universal_architecture.ev_charger,,,,hmi_ergonomics,contactless_payment_terminal,false,true,"Review whether this is a unique physical item, shared component or separate installation instance."
component_candidate:hmi_ergonomics_payment_identity_privacy_label,component_candidate,generated_needs_review,generated_model,privacy label,privacy label is an architecture-derived component candidate with quantity 1 candidate.,model:scratch_universal_architecture.ev_charger,,,,hmi_ergonomics,privacy_label,false,true,"Review whether this is a unique physical item, shared component or separate installation instance."
component_candidate:hmi_ergonomics_payment_identity_receipt_qr_code_generator,component_candidate,generated_needs_review,generated_model,receipt QR code generator,receipt QR code generator is an architecture-derived component candidate with quantity 1 candidate.,model:scratch_universal_architecture.ev_charger,,,,hmi_ergonomics,receipt_qr_code_generator,false,true,"Review whether this is a unique physical item, shared component or separate installation instance."
component_candidate:hmi_ergonomics_payment_identity_rfid_reader_module,component_candidate,generated_needs_review,generated_model,RFID reader module,RFID reader module is an architecture-derived component candidate with quantity 1 candidate.,model:scratch_universal_architecture.ev_charger,,,,hmi_ergonomics,rfid_reader_module,false,true,"Review whether this is a unique physical item, shared component or separate installation instance."
component_candidate:hmi_ergonomics_user_cable_guidance_accessibility_reach_label,component_candidate,generated_needs_review,generated_model,accessibility reach label,accessibility reach label is an architecture-derived component candidate with quantity 1 candidate.,model:scratch_universal_architecture.ev_charger,,,,hmi_ergonomics,accessibility_reach_label,false,true,"Review whether this is a unique physical item, shared component or separate installation instance."
component_candidate:hmi_ergonomics_user_cable_guidance_cable_park_indicator,component_candidate,generated_needs_review,generated_model,cable park indicator,cable park indicator is an architecture-derived component candidate with quantity 1 candidate.,model:scratch_universal_architecture.ev_charger,,,,hmi_ergonomics,cable_park_indicator,false,true,"Review whether this is a unique physical item, shared component or separate installation instance."
component_candidate:hmi_ergonomics_user_cable_guidance_connector_instruction_graphic,component_candidate,generated_needs_review,generated_model,connector instruction graphic,connector instruction graphic is an architecture-derived component candidate with quantity 1 candidate.,model:scratch_universal_architecture.ev_charger,,,,hmi_ergonomics,connector_instruction_graphic,false,true,"Review whether this is a unique physical item, shared component or separate installation instance."
component_candidate:hmi_ergonomics_user_cable_guidance_session_stop_button,component_candidate,generated_needs_review,generated_model,session stop button,session stop button is an architecture-derived component candidate with quantity 1 candidate.,model:scratch_universal_architecture.ev_charger,,,,hmi_ergonomics,session_stop_button,false,true,"Review whether this is a unique physical item, shared component or separate installation instance."
component_candidate:hmi_ergonomics_user_display_panel_audio_buzzer,component_candidate,generated_needs_review,generated_model,audio buzzer,audio buzzer is an architecture-derived component candidate with quantity 1 candidate.,model:scratch_universal_architecture.ev_charger,,,,hmi_ergonomics,audio_buzzer,false,true,"Review whether this is a unique physical item, shared component or separate installation instance."
component_candidate:hmi_ergonomics_user_display_panel_status_led_light_bar,component_candidate,generated_needs_review,generated_model,status LED light bar,status LED light bar is an architecture-derived component candidate with quantity 1 candidate.,model:scratch_universal_architecture.ev_charger,,,,hmi_ergonomics,status_led_light_bar,false,true,"Review whether this is a unique physical item, shared component or separate installation instance."
component_candidate:hmi_ergonomics_user_display_panel_sunlight_readable_display_cover,component_candidate,generated_needs_review,generated_model,sunlight-readable display cover,sunlight-readable display cover is an architecture-derived component candidate with quantity 1 candidate.,model:scratch_universal_architecture.ev_charger,,,,hmi_ergonomics,sunlight_readable_display_cover,false,true,"Review whether this is a unique physical item, shared component or separate installation instance."
component_candidate:hmi_ergonomics_user_display_panel_touchscreen_hmi_panel,component_candidate,generated_needs_review,generated_model,touchscreen HMI panel,touchscreen HMI panel is an architecture-derived component candidate with quantity 1 candidate.,model:scratch_universal_architecture.ev_charger,,,,hmi_ergonomics,touchscreen_hmi_panel,false,true,"Review whether this is a unique physical item, shared component or separate installation instance."
component_candidate:maintenance_serviceability_commissioning_access_commissioning_checklist_card,component_candidate,generated_needs_review,generated_model,commissioning checklist card,commissioning checklist card is an architecture-derived component candidate with quantity 1 candidate.,model:scratch_universal_architecture.ev_charger,,,,maintenance_serviceability,commissioning_checklist_card,false,true,"Review whether this is a unique physical item, shared component or separate installation instance."
component_candidate:maintenance_serviceability_commissioning_access_commissioning_terminal_block,component_candidate,generated_needs_review,generated_model,commissioning terminal block,commissioning terminal block is an architecture-derived component candidate with quantity 1 candidate.,model:scratch_universal_architecture.ev_charger,,,,maintenance_serviceability,commissioning_terminal_block,false,true,"Review whether this is a unique physical item, shared component or separate installation instance."
component_candidate:maintenance_serviceability_commissioning_access_meter_test_port,component_candidate,generated_needs_review,generated_model,meter test port,meter test port is an architecture-derived component candidate with quantity 1 candidate.,model:scratch_universal_architecture.ev_charger,,,,maintenance_serviceability,meter_test_port,false,true,"Review whether this is a unique physical item, shared component or separate installation instance."
component_candidate:maintenance_serviceability_commissioning_access_output_test_socket_cover,component_candidate,generated_needs_review,generated_model,output test socket cover,output test socket cover is an architecture-derived component candidate with quantity 1 candidate.,model:scratch_universal_architecture.ev_charger,,,,maintenance_serviceability,output_test_socket_cover,false,true,"Review whether this is a unique physical item, shared component or separate installation instance."
component_candidate:maintenance_serviceability_remote_diagnostics_diagnostic_log_exporter,component_candidate,generated_needs_review,generated_model,diagnostic log exporter,diagnostic log exporter is an architecture-derived component candidate with quantity 1 candidate.,model:scratch_universal_architecture.ev_charger,,,,maintenance_serviceability,diagnostic_log_exporter,false,true,"Review whether this is a unique physical item, shared component or separate installation instance."
component_candidate:maintenance_serviceability_remote_diagnostics_health_telemetry_packet_schema,component_candidate,generated_needs_review,generated_model,health telemetry packet schema,health telemetry packet schema is an architecture-derived component candidate with quantity 1 candidate.,model:scratch_universal_architecture.ev_charger,,,,maintenance_serviceability,health_telemetry_packet_schema,false,true,"Review whether this is a unique physical item, shared component or separate installation instance."
component_candidate:maintenance_serviceability_remote_diagnostics_remote_firmware_update_agent,component_candidate,generated_needs_review,generated_model,remote firmware update agent,remote firmware update agent is an architecture-derived component candidate with quantity 1 candidate.,model:scratch_universal_architecture.ev_charger,,,,maintenance_serviceability,remote_firmware_update_agent,false,true,"Review whether this is a unique physical item, shared component or separate installation instance."
component_candidate:maintenance_serviceability_remote_diagnostics_service_vpn_profile,component_candidate,generated_needs_review,generated_model,service VPN profile,service VPN profile is an architecture-derived component candidate with quantity 1 candidate.,model:scratch_universal_architecture.ev_charger,,,,maintenance_serviceability,service_vpn_profile,false,true,"Review whether this is a unique physical item, shared component or separate installation instance."
component_candidate:maintenance_serviceability_replaceable_modules_gateway_din_rail_carrier,component_candidate,generated_needs_review,generated_model,gateway DIN rail carrier,gateway DIN rail carrier is an architecture-derived component candidate with quantity 1 candidate.,model:scratch_universal_architecture.ev_charger,,,,maintenance_serviceability,gateway_din_rail_carrier,false,true,"Review whether this is a unique physical item, shared component or separate installation instance."
component_candidate:maintenance_serviceability_replaceable_modules_quick_disconnect_coolant_fitting,component_candidate,generated_needs_review,generated_model,quick-disconnect coolant fitting,quick-disconnect coolant fitting is an architecture-derived component candidate with quantity 1 candidate.,model:scratch_universal_architecture.ev_charger,,,,maintenance_serviceability,quick_disconnect_coolant_fitting,false,true,"Review whether this is a unique physical item, shared component or separate installation instance."
component_candidate:maintenance_serviceability_replaceable_modules_slide_out_power_module_rail,component_candidate,generated_needs_review,generated_model,slide-out power module rail,slide-out power module rail is an architecture-derived component candidate with quantity 1 candidate.,model:scratch_universal_architecture.ev_charger,,,,maintenance_serviceability,slide_out_power_module_rail,false,true,"Review whether this is a unique physical item, shared component or separate installation instance."
component_candidate:maintenance_serviceability_replaceable_modules_spare_fuse_and_link_kit,component_candidate,generated_needs_review,generated_model,spare fuse and link kit,spare fuse and link kit is an architecture-derived component candidate with quantity 1 candidate.,model:scratch_universal_architecture.ev_charger,,,,maintenance_serviceability,spare_fuse_and_link_kit,false,true,"Review whether this is a unique physical item, shared component or separate installation instance."
component_candidate:power_distribution_ac_input_switchgear_input_terminal_shroud,component_candidate,generated_needs_review,generated_model,input terminal shroud,input terminal shroud is an architecture-derived component candidate with quantity 1 candidate.,model:scratch_universal_architecture.ev_charger,,,,power_distribution,input_terminal_shroud,false,true,"Review whether this is a unique physical item, shared component or separate installation instance."
component_candidate:power_distribution_ac_input_switchgear_lockable_ac_isolator,component_candidate,generated_needs_review,generated_model,lockable AC isolator,lockable AC isolator is an architecture-derived component candidate with quantity 1 candidate.,model:scratch_universal_architecture.ev_charger,,,,power_distribution,lockable_ac_isolator,false,true,"Review whether this is a unique physical item, shared component or separate installation instance."
component_candidate:power_distribution_ac_input_switchgear_surge_arrestor_cartridge,component_candidate,generated_needs_review,generated_model,surge arrestor cartridge,surge arrestor cartridge is an architecture-derived component candidate with quantity 1 candidate.,model:scratch_universal_architecture.ev_charger,,,,power_distribution,surge_arrestor_cartridge,false,true,"Review whether this is a unique physical item, shared component or separate installation instance."
component_candidate:power_distribution_billing_metering_branch_meter_calibration_label,component_candidate,generated_needs_review,generated_model,meter calibration label,meter calibration label is an architecture-derived component candidate with quantity 1 candidate.,model:scratch_universal_architecture.ev_charger,,,,power_distribution,meter_calibration_label,false,true,"Review whether this is a unique physical item, shared component or separate installation instance."
component_candidate:power_distribution_billing_metering_branch_meter_ct_shunt_set,component_candidate,generated_needs_review,generated_model,meter CT shunt set,meter CT shunt set is an architecture-derived component candidate with quantity 1 candidate.,model:scratch_universal_architecture.ev_charger,,,,power_distribution,meter_ct_shunt_set,false,true,"Review whether this is a unique physical item, shared component or separate installation instance."
component_candidate:power_distribution_billing_metering_branch_meter_seal_kit,component_candidate,generated_needs_review,generated_model,meter seal kit,meter seal kit is an architecture-derived component candidate with quantity 1 candidate.,model:scratch_universal_architecture.ev_charger,,,,power_distribution,meter_seal_kit,false,true,"Review whether this is a unique physical item, shared component or separate installation instance."
component_candidate:power_distribution_dc_output_switchgear_dc_output_fuse_carrier,component_candidate,generated_needs_review,generated_model,DC output fuse carrier,DC output fuse carrier is an architecture-derived component candidate with quantity 1 candidate.,model:scratch_universal_architecture.ev_charger,,,,power_distribution,dc_output_fuse_carrier,false,true,"Review whether this is a unique physical item, shared component or separate installation instance."
component_candidate:power_distribution_dc_output_switchgear_output_polarity_label,component_candidate,generated_needs_review,generated_model,output polarity label,output polarity label is an architecture-derived component candidate with quantity 1 candidate.,model:scratch_universal_architecture.ev_charger,,,,power_distribution,output_polarity_label,false,true,"Review whether this is a unique physical item, shared component or separate installation instance."
component_candidate:power_distribution_dc_output_switchgear_precharge_resistor_module,component_candidate,generated_needs_review,generated_model,precharge resistor module,precharge resistor module is an architecture-derived component candidate with quantity 1 candidate.,model:scratch_universal_architecture.ev_charger,,,,power_distribution,precharge_resistor_module,false,true,"Review whether this is a unique physical item, shared component or separate installation instance."
component_candidate:safety_protection_dc_fault_protection_dc_arc_detection_board,component_candidate,generated_needs_review,generated_model,DC arc detection board,DC arc detection board is an architecture-derived component candidate with quantity 1 candidate.,model:scratch_universal_architecture.ev_charger,,,,safety_protection,dc_arc_detection_board,false,true,"Review whether this is a unique physical item, shared component or separate installation instance."
component_candidate:safety_protection_dc_fault_protection_fault_discharge_resistor,component_candidate,generated_needs_review,generated_model,fault discharge resistor,fault discharge resistor is an architecture-derived component candidate with quantity 1 candidate.,model:scratch_universal_architecture.ev_charger,,,,safety_protection,fault_discharge_resistor,false,true,"Review whether this is a unique physical item, shared component or separate installation instance."
component_candidate:safety_protection_dc_fault_protection_output_contactor_weld_check_circuit,component_candidate,generated_needs_review,generated_model,output contactor weld check circuit,output contactor weld check circuit is an architecture-derived component candidate with quantity 1 candidate.,model:scratch_universal_architecture.ev_charger,,,,safety_protection,output_contactor_weld_check_circuit,false,true,"Review whether this is a unique physical item, shared component or separate installation instance."
component_candidate:safety_protection_emergency_stop_chain_door_interlock_switch,component_candidate,generated_needs_review,generated_model,door interlock switch,door interlock switch is an architecture-derived component candidate with quantity 1 candidate.,model:scratch_universal_architecture.ev_charger,,,,safety_protection,door_interlock_switch,false,true,"Review whether this is a unique physical item, shared component or separate installation instance."
component_candidate:safety_protection_emergency_stop_chain_e_stop_mushroom_button,component_candidate,generated_needs_review,generated_model,E-stop mushroom button,E-stop mushroom button is an architecture-derived component candidate with quantity 1 candidate.,model:scratch_universal_architecture.ev_charger,,,,safety_protection,e_stop_mushroom_button,false,true,"Review whether this is a unique physical item, shared component or separate installation instance."
component_candidate:safety_protection_emergency_stop_chain_safety_relay_module,component_candidate,generated_needs_review,generated_model,safety relay module,safety relay module is an architecture-derived component candidate with quantity 1 candidate.,model:scratch_universal_architecture.ev_charger,,,,safety_protection,safety_relay_module,false,true,"Review whether this is a unique physical item, shared component or separate installation instance."
component_candidate:safety_protection_user_access_protection_charging_status_beacon,component_candidate,generated_needs_review,generated_model,charging status beacon,charging status beacon is an architecture-derived component candidate with quantity 1 candidate.,model:scratch_universal_architecture.ev_charger,,,,safety_protection,charging_status_beacon,false,true,"Review whether this is a unique physical item, shared component or separate installation instance."
component_candidate:safety_protection_user_access_protection_protective_earth_continuity_strap,component_candidate,generated_needs_review,generated_model,protective earth continuity strap,protective earth continuity strap is an architecture-derived component candidate with quantity 1 candidate.,model:scratch_universal_architecture.ev_charger,,,,safety_protection,protective_earth_continuity_strap,false,true,"Review whether this is a unique physical item, shared component or separate installation instance."
component_candidate:safety_protection_user_access_protection_safety_instruction_label,component_candidate,generated_needs_review,generated_model,safety instruction label,safety instruction label is an architecture-derived component candidate with quantity 1 candidate.,model:scratch_universal_architecture.ev_charger,,,,safety_protection,safety_instruction_label,false,true,"Review whether this is a unique physical item, shared component or separate installation instance."
component_candidate:safety_protection_user_access_protection_touch_safe_connector_shutter,component_candidate,generated_needs_review,generated_model,touch-safe connector shutter,touch-safe connector shutter is an architecture-derived component candidate with quantity 1 candidate.,model:scratch_universal_architecture.ev_charger,,,,safety_protection,touch_safe_connector_shutter,false,true,"Review whether this is a unique physical item, shared component or separate installation instance."
component_candidate:sensing_instrumentation_connector_sensing_cable_identification_resistor_reader,component_candidate,generated_needs_review,generated_model,cable identification resistor reader,cable identification resistor reader is an architecture-derived component candidate with quantity 1 candidate.,model:scratch_universal_architecture.ev_charger,,,,sensing_instrumentation,cable_identification_resistor_reader,false,true,"Review whether this is a unique physical item, shared component or separate installation instance."
component_candidate:sensing_instrumentation_connector_sensing_connector_latch_microswitch,component_candidate,generated_needs_review,generated_model,connector latch microswitch,connector latch microswitch is an architecture-derived component candidate with quantity 1 candidate.,model:scratch_universal_architecture.ev_charger,,,,sensing_instrumentation,connector_latch_microswitch,false,true,"Review whether this is a unique physical item, shared component or separate installation instance."
component_candidate:sensing_instrumentation_connector_sensing_handle_temperature_sensor,component_candidate,generated_needs_review,generated_model,handle temperature sensor,handle temperature sensor is an architecture-derived component candidate with quantity 1 candidate.,model:scratch_universal_architecture.ev_charger,,,,sensing_instrumentation,handle_temperature_sensor,false,true,"Review whether this is a unique physical item, shared component or separate installation instance."
component_candidate:sensing_instrumentation_connector_sensing_holster_presence_switch,component_candidate,generated_needs_review,generated_model,holster presence switch,holster presence switch is an architecture-derived component candidate with quantity 1 candidate.,model:scratch_universal_architecture.ev_charger,,,,sensing_instrumentation,holster_presence_switch,false,true,"Review whether this is a unique physical item, shared component or separate installation instance."
component_candidate:sensing_instrumentation_energy_metering_dc_current_shunt,component_candidate,generated_needs_review,generated_model,DC current shunt,DC current shunt is an architecture-derived component candidate with quantity 1 candidate.,model:scratch_universal_architecture.ev_charger,,,,sensing_instrumentation,dc_current_shunt,false,true,"Review whether this is a unique physical item, shared component or separate installation instance."
component_candidate:sensing_instrumentation_energy_metering_dc_voltage_transducer,component_candidate,generated_needs_review,generated_model,DC voltage transducer,DC voltage transducer is an architecture-derived component candidate with quantity 1 candidate.,model:scratch_universal_architecture.ev_charger,,,,sensing_instrumentation,dc_voltage_transducer,false,true,"Review whether this is a unique physical item, shared component or separate installation instance."
component_candidate:sensing_instrumentation_energy_metering_meter_pulse_output_isolator,component_candidate,generated_needs_review,generated_model,meter pulse output isolator,meter pulse output isolator is an architecture-derived component candidate with quantity 1 candidate.,model:scratch_universal_architecture.ev_charger,,,,sensing_instrumentation,meter_pulse_output_isolator,false,true,"Review whether this is a unique physical item, shared component or separate installation instance."
component_candidate:sensing_instrumentation_insulation_fault_detection_fault_status_relay,component_candidate,generated_needs_review,generated_model,fault status relay,fault status relay is an architecture-derived component candidate with quantity 1 candidate.,model:scratch_universal_architecture.ev_charger,,,,sensing_instrumentation,fault_status_relay,false,true,"Review whether this is a unique physical item, shared component or separate installation instance."
component_candidate:sensing_instrumentation_insulation_fault_detection_imd_coupling_network,component_candidate,generated_needs_review,generated_model,IMD coupling network,IMD coupling network is an architecture-derived component candidate with quantity 1 candidate.,model:scratch_universal_architecture.ev_charger,,,,sensing_instrumentation,imd_coupling_network,false,true,"Review whether this is a unique physical item, shared component or separate installation instance."
component_candidate:sensing_instrumentation_insulation_fault_detection_test_resistor_plug,component_candidate,generated_needs_review,generated_model,test resistor plug,test resistor plug is an architecture-derived component candidate with quantity 1 candidate.,model:scratch_universal_architecture.ev_charger,,,,sensing_instrumentation,test_resistor_plug,false,true,"Review whether this is a unique physical item, shared component or separate installation instance."
component_candidate:structure_containment_cable_holster_boom_cable_bend_limiter,component_candidate,generated_needs_review,generated_model,cable bend limiter,cable bend limiter is an architecture-derived component candidate with quantity 1 candidate.,model:scratch_universal_architecture.ev_charger,,,,structure_containment,cable_bend_limiter,false,true,"Review whether this is a unique physical item, shared component or separate installation instance."
component_candidate:structure_containment_cable_holster_boom_cable_retractor_arm,component_candidate,generated_needs_review,generated_model,cable retractor arm,cable retractor arm is an architecture-derived component candidate with quantity 1 candidate.,model:scratch_universal_architecture.ev_charger,,,,structure_containment,cable_retractor_arm,false,true,"Review whether this is a unique physical item, shared component or separate installation instance."
component_candidate:structure_containment_cable_holster_boom_connector_holster,component_candidate,generated_needs_review,generated_model,connector holster,connector holster is an architecture-derived component candidate with quantity 1 candidate.,model:scratch_universal_architecture.ev_charger,,,,structure_containment,connector_holster,false,true,"Review whether this is a unique physical item, shared component or separate installation instance."
component_candidate:structure_containment_cable_holster_boom_parking_status_flag,component_candidate,generated_needs_review,generated_model,parking status flag,parking status flag is an architecture-derived component candidate with quantity 1 candidate.,model:scratch_universal_architecture.ev_charger,,,,structure_containment,parking_status_flag,false,true,"Review whether this is a unique physical item, shared component or separate installation instance."
component_candidate:structure_containment_internal_compartmentation_control_compartment_shield,component_candidate,generated_needs_review,generated_model,control compartment shield,control compartment shield is an architecture-derived component candidate with quantity 1 candidate.,model:scratch_universal_architecture.ev_charger,,,,structure_containment,control_compartment_shield,false,true,"Review whether this is a unique physical item, shared component or separate installation instance."
component_candidate:structure_containment_internal_compartmentation_earthing_braid_set,component_candidate,generated_needs_review,generated_model,earthing braid set,earthing braid set is an architecture-derived component candidate with quantity 1 candidate.,model:scratch_universal_architecture.ev_charger,,,,structure_containment,earthing_braid_set,false,true,"Review whether this is a unique physical item, shared component or separate installation instance."
component_candidate:structure_containment_internal_compartmentation_segregated_ac_dc_barrier,component_candidate,generated_needs_review,generated_model,segregated AC/DC barrier,segregated AC/DC barrier is an architecture-derived component candidate with quantity 1 candidate.,model:scratch_universal_architecture.ev_charger,,,,structure_containment,segregated_ac_dc_barrier,false,true,"Review whether this is a unique physical item, shared component or separate installation instance."
component_candidate:structure_containment_internal_compartmentation_service_warning_placard,component_candidate,generated_needs_review,generated_model,service warning placard,service warning placard is an architecture-derived component candidate with quantity 1 candidate.,model:scratch_universal_architecture.ev_charger,,,,structure_containment,service_warning_placard,false,true,"Review whether this is a unique physical item, shared component or separate installation instance."
component_candidate:structure_containment_outdoor_cabinet_anti_vandal_hinge_set,component_candidate,generated_needs_review,generated_model,anti-vandal hinge set,anti-vandal hinge set is an architecture-derived component candidate with quantity 1 candidate.,model:scratch_universal_architecture.ev_charger,,,,structure_containment,anti_vandal_hinge_set,false,true,"Review whether this is a unique physical item, shared component or separate installation instance."
component_candidate:structure_containment_outdoor_cabinet_front_service_door,component_candidate,generated_needs_review,generated_model,front service door,front service door is an architecture-derived component candidate with quantity 1 candidate.,model:scratch_universal_architecture.ev_charger,,,,structure_containment,front_service_door,false,true,"Review whether this is a unique physical item, shared component or separate installation instance."
component_candidate:structure_containment_outdoor_cabinet_plinth_mounting_kit,component_candidate,generated_needs_review,generated_model,plinth mounting kit,plinth mounting kit is an architecture-derived component candidate with quantity 1 candidate.,model:scratch_universal_architecture.ev_charger,,,,structure_containment,plinth_mounting_kit,false,true,"Review whether this is a unique physical item, shared component or separate installation instance."
component_candidate:structure_containment_outdoor_cabinet_powder_coated_steel_cabinet,component_candidate,generated_needs_review,generated_model,powder-coated steel cabinet,powder-coated steel cabinet is an architecture-derived component candidate with quantity 1 candidate.,model:scratch_universal_architecture.ev_charger,,,,structure_containment,powder_coated_steel_cabinet,false,true,"Review whether this is a unique physical item, shared component or separate installation instance."
module_allocation:charging_connector_interface,module_allocation,generated_needs_review,generated_model,Vehicle Charging Interface,Vehicle Charging Interface is a top-level functional module: Presents the CCS2 conductive and communication interface to the vehicle.,,,,dc_power_kw,charging_connector_interface,ccs2_liquid_cooled_cable_and_connector; connector_temperature_sensor_pair; proximity_pilot_resistor_set; cable_strain_relief_boot; liquid_cooled_cable_manifold; quick_connect_coolant_coupler; coolant_leak_catch_tray; cable_coolant_temperature_probe; iso_15118_plc_modem; control_pilot_interface_board; proximity_detection_input; vehicle_comms_isolation_transformer,false,true,"Accept, correct or reject the module allocation through engineering review."
module_allocation:control_compute_communication,module_allocation,generated_needs_review,generated_model,Control Compute Communication,"Control Compute Communication is a top-level functional module: Coordinates charge sessions, power-module commands, backend state and safety reactions.",,,,,control_compute_communication,charge_controller_pcb; safety_io_terminal_block; real_time_clock_module; nonvolatile_event_log_memory; ocpp_communications_gateway; lte_router_module; ethernet_surge_protector; secure_element_module; iso_15118_plc_modem; plug_and_charge_certificate_store; charging_session_firmware_image; protocol_debug_header,false,true,"Accept, correct or reject the module allocation through engineering review."
module_allocation:energy_conversion_transduction,module_allocation,generated_needs_review,generated_model,Power Conversion Stack,Power Conversion Stack is a top-level functional module: Converts protected AC input into controlled high-power DC output.,,,,dc_power_kw,energy_conversion_transduction,power_module_stack; power_module_backplane; module_locking_rail; dc_link_capacitor_bank; dc_output_choke; emi_filter_assembly; snubber_network_board; thermal_interface_pad_set; module_health_monitor_board; heatsink_temperature_probe; fan_coolant_derating_table; firmware_recovery_jumper,false,true,"Accept, correct or reject the module allocation through engineering review."
module_allocation:environmental_interface,module_allocation,generated_needs_review,generated_model,Thermal And Environmental Interface,Thermal And Environmental Interface is a top-level functional module: Rejects power-electronics and cable heat while protecting outdoor electronics.,,,,dc_power_kw,environmental_interface,cooling_loop_assembly; coolant_pump; plate_radiator; coolant_reservoir; cabinet_fan_tray; inlet_filter_mat; exhaust_louvre_assembly; airflow_proving_switch; cabinet_drain_grommet; door_gasket_set; anti_condensation_heater; uv_rated_cable_cover,false,true,"Accept, correct or reject the module allocation through engineering review."
module_allocation:hmi_ergonomics,module_allocation,generated_needs_review,generated_model,User Payment And HMI,"User Payment And HMI is a top-level functional module: Guides charging sessions, payment, status and accessibility at the charger front end.",,,,,hmi_ergonomics,touchscreen_hmi_panel; status_led_light_bar; audio_buzzer; sunlight_readable_display_cover; rfid_reader_module; contactless_payment_terminal; receipt_qr_code_generator; privacy_label; connector_instruction_graphic; cable_park_indicator; accessibility_reach_label; session_stop_button,false,true,"Accept, correct or reject the module allocation through engineering review."
module_allocation:maintenance_serviceability,module_allocation,generated_needs_review,generated_model,Maintenance And Commissioning,"Maintenance And Commissioning is a top-level functional module: Supports installation, commissioning, remote diagnosis and field replacement.",,,,,maintenance_serviceability,commissioning_terminal_block; meter_test_port; output_test_socket_cover; commissioning_checklist_card; slide_out_power_module_rail; quick_disconnect_coolant_fitting; gateway_din_rail_carrier; spare_fuse_and_link_kit; diagnostic_log_exporter; remote_firmware_update_agent; health_telemetry_packet_schema; service_vpn_profile,false,true,"Accept, correct or reject the module allocation through engineering review."
module_allocation:power_distribution,module_allocation,generated_needs_review,generated_model,AC Input And DC Output Distribution,AC Input And DC Output Distribution is a top-level functional module: Protects the incoming supply and DC output path for a roughly 120 kW charger.,,,,dc_power_kw,power_distribution,ac_input_breaker_and_spd; lockable_ac_isolator; surge_arrestor_cartridge; input_terminal_shroud; dc_output_contactor_set; precharge_resistor_module; dc_output_fuse_carrier; output_polarity_label; mid_energy_meter; meter_ct_shunt_set; meter_seal_kit; meter_calibration_label,false,true,"Accept, correct or reject the module allocation through engineering review."
module_allocation:safety_protection,module_allocation,generated_needs_review,generated_model,Safety Protection,"Safety Protection is a top-level functional module: Protects users, vehicles and service personnel from high-power charging hazards.",,,,,safety_protection,emergency_stop_and_safety_interlock_set; e_stop_mushroom_button; door_interlock_switch; safety_relay_module; insulation_monitoring_device; dc_arc_detection_board; output_contactor_weld_check_circuit; fault_discharge_resistor; touch_safe_connector_shutter; protective_earth_continuity_strap; charging_status_beacon; safety_instruction_label,false,true,"Accept, correct or reject the module allocation through engineering review."
module_allocation:sensing_instrumentation,module_allocation,generated_needs_review,generated_model,Metering And Electrical Sensing,"Metering And Electrical Sensing is a top-level functional module: Measures billing energy, voltage, current, insulation and connector state.",,,,,sensing_instrumentation,mid_energy_meter; dc_voltage_transducer; dc_current_shunt; meter_pulse_output_isolator; insulation_monitoring_device; imd_coupling_network; fault_status_relay; test_resistor_plug; connector_latch_microswitch; handle_temperature_sensor; cable_identification_resistor_reader; holster_presence_switch,false,true,"Accept, correct or reject the module allocation through engineering review."
module_allocation:structure_containment,module_allocation,generated_needs_review,generated_model,Cabinet Structure And Containment,"Cabinet Structure And Containment is a top-level functional module: Houses high-power electronics, cable management and outdoor installation features.",,,,,structure_containment,powder_coated_steel_cabinet; front_service_door; anti_vandal_hinge_set; plinth_mounting_kit; connector_holster; cable_retractor_arm; cable_bend_limiter; parking_status_flag; segregated_ac_dc_barrier; control_compartment_shield; service_warning_placard; earthing_braid_set,false,true,"Accept, correct or reject the module allocation through engineering review."
regulatory_standard:IEC-61851,regulatory_standard,generated_needs_review,class_pack,IEC-61851,IEC-61851: Conductive charging system requirements is relevant in UK/EU.,class_pack:ev_charger.class_pack,,,,,,false,true,"Charging modes, control pilot and safety-function evidence."
regulatory_standard:IEC-62196-3,regulatory_standard,generated_needs_review,class_pack,IEC-62196-3,IEC-62196-3: DC vehicle connector requirements is relevant in UK/EU.,class_pack:ev_charger.class_pack,,,,,,false,true,"CCS2 connector rating, cable assembly and temperature evidence."
regulatory_standard:ISO-15118,regulatory_standard,generated_needs_review,class_pack,ISO-15118,ISO-15118: Vehicle-to-grid communication interface is relevant in Global / EU.,class_pack:ev_charger.class_pack,,,,,,false,true,"PLC communication, Plug and Charge and session-state evidence where applicable."
regulatory_standard:OCPP-1.6J/2.0.1,regulatory_standard,generated_needs_review,class_pack,OCPP-1.6J/2.0.1,OCPP-1.6J/2.0.1: Charge point backend protocol is relevant in Operator requirement.,class_pack:ev_charger.class_pack,,,,,,false,true,"Backend session, metering, fault and firmware-management evidence."
risk_hazard:1,risk_hazard,generated_needs_review,class_pack,DC output fault or insulation failure,"DC output fault or insulation failure has provisional RPN 90 with mitigation: Insulation monitoring, contactor isolation and fault-state logging.",,,,,,,false,true,"Review severity, occurrence, detection and mitigation with a domain reviewer before publication."
risk_hazard:2,risk_hazard,generated_needs_review,class_pack,Connector overheating at high current,"Connector overheating at high current has provisional RPN 128 with mitigation: Temperature sensing, derating and liquid-cooled cable verification.",,,,,,,false,true,"Review severity, occurrence, detection and mitigation with a domain reviewer before publication."
risk_hazard:3,risk_hazard,generated_needs_review,class_pack,Backend or payment outage stops sessions,"Backend or payment outage stops sessions has provisional RPN 80 with mitigation: Offline policy, local fault handling and backend retry logic.",,,,,,,false,true,"Review severity, occurrence, detection and mitigation with a domain reviewer before publication."
submodule_allocation:charging_connector_interface:ccs2_cable_connector,submodule_allocation,generated_needs_review,generated_model,Vehicle Charging Interface / CCS2 cable connector,CCS2 cable connector is allocated under Vehicle Charging Interface: Routes high-current DC and proximity/pilot connections.,,,,dc_power_kw,charging_connector_interface,ccs2_liquid_cooled_cable_and_connector; connector_temperature_sensor_pair; proximity_pilot_resistor_set; cable_strain_relief_boot,false,true,Review component candidates and interface carriers for this submodule.
submodule_allocation:charging_connector_interface:connector_cooling_coupling,submodule_allocation,generated_needs_review,generated_model,Vehicle Charging Interface / Connector cooling coupling,Connector cooling coupling is allocated under Vehicle Charging Interface: Connects high-current cable cooling to the charger thermal loop.,,,,dc_power_kw,charging_connector_interface,liquid_cooled_cable_manifold; quick_connect_coolant_coupler; coolant_leak_catch_tray; cable_coolant_temperature_probe,false,true,Review component candidates and interface carriers for this submodule.
submodule_allocation:charging_connector_interface:vehicle_communication_frontend,submodule_allocation,generated_needs_review,generated_model,Vehicle Charging Interface / Vehicle communication frontend,Vehicle communication frontend is allocated under Vehicle Charging Interface: Handles control pilot and PLC communication with the vehicle.,,,,dc_power_kw,charging_connector_interface,iso_15118_plc_modem; control_pilot_interface_board; proximity_detection_input; vehicle_comms_isolation_transformer,false,true,Review component candidates and interface carriers for this submodule.
submodule_allocation:control_compute_communication:backend_gateway,submodule_allocation,generated_needs_review,generated_model,Control Compute Communication / Backend gateway,Backend gateway is allocated under Control Compute Communication: Connects the charge point to operator systems.,,,,,control_compute_communication,ocpp_communications_gateway; lte_router_module; ethernet_surge_protector; secure_element_module,false,true,Review component candidates and interface carriers for this submodule.
submodule_allocation:control_compute_communication:charge_controller,submodule_allocation,generated_needs_review,generated_model,Control Compute Communication / Charge controller,"Charge controller is allocated under Control Compute Communication: Runs session state, output limits and fault transitions.",,,,,control_compute_communication,charge_controller_pcb; safety_io_terminal_block; real_time_clock_module; nonvolatile_event_log_memory,false,true,Review component candidates and interface carriers for this submodule.
submodule_allocation:control_compute_communication:protocol_stack,submodule_allocation,generated_needs_review,generated_model,Control Compute Communication / Vehicle protocol stack,"Vehicle protocol stack is allocated under Control Compute Communication: Coordinates ISO 15118, cable limits and metering sessions.",,,,,control_compute_communication,iso_15118_plc_modem; plug_and_charge_certificate_store; charging_session_firmware_image; protocol_debug_header,false,true,Review component candidates and interface carriers for this submodule.
submodule_allocation:energy_conversion_transduction:converter_supervision,submodule_allocation,generated_needs_review,generated_model,Power Conversion Stack / Converter supervision,Converter supervision is allocated under Power Conversion Stack: Monitors module health and coordinates derating.,,,,dc_power_kw,energy_conversion_transduction,module_health_monitor_board; heatsink_temperature_probe; fan_coolant_derating_table; firmware_recovery_jumper,false,true,Review component candidates and interface carriers for this submodule.
submodule_allocation:energy_conversion_transduction:output_filtering,submodule_allocation,generated_needs_review,generated_model,Power Conversion Stack / Output filtering,Output filtering is allocated under Power Conversion Stack: Reduces ripple and conducted emissions on charging output.,,,,dc_power_kw,energy_conversion_transduction,dc_output_choke; emi_filter_assembly; snubber_network_board; thermal_interface_pad_set,false,true,Review component candidates and interface carriers for this submodule.
submodule_allocation:energy_conversion_transduction:rectifier_power_modules,submodule_allocation,generated_needs_review,generated_model,Power Conversion Stack / Rectifier power modules,Rectifier power modules is allocated under Power Conversion Stack: Performs modular AC/DC conversion.,,,,dc_power_kw,energy_conversion_transduction,power_module_stack; power_module_backplane; module_locking_rail; dc_link_capacitor_bank,false,true,Review component candidates and interface carriers for this submodule.
submodule_allocation:environmental_interface:liquid_cooling_loop,submodule_allocation,generated_needs_review,generated_model,Thermal And Environmental Interface / Liquid cooling loop,Liquid cooling loop is allocated under Thermal And Environmental Interface: Circulates coolant through power modules and liquid-cooled cable.,,,,dc_power_kw,environmental_interface,cooling_loop_assembly; coolant_pump; plate_radiator; coolant_reservoir,false,true,Review component candidates and interface carriers for this submodule.
submodule_allocation:environmental_interface:thermal_air_path,submodule_allocation,generated_needs_review,generated_model,Thermal And Environmental Interface / Thermal air path,Thermal air path is allocated under Thermal And Environmental Interface: Moves air through cabinet heat exchangers and filters.,,,,dc_power_kw,environmental_interface,cabinet_fan_tray; inlet_filter_mat; exhaust_louvre_assembly; airflow_proving_switch,false,true,Review component candidates and interface carriers for this submodule.
submodule_allocation:environmental_interface:weatherproofing,submodule_allocation,generated_needs_review,generated_model,Thermal And Environmental Interface / Weatherproofing,"Weatherproofing is allocated under Thermal And Environmental Interface: Protects the charger from rain, condensation and UV exposure.",,,,dc_power_kw,environmental_interface,cabinet_drain_grommet; door_gasket_set; anti_condensation_heater; uv_rated_cable_cover,false,true,Review component candidates and interface carriers for this submodule.
submodule_allocation:hmi_ergonomics:payment_identity,submodule_allocation,generated_needs_review,generated_model,User Payment And HMI / Payment and identity,"Payment and identity is allocated under User Payment And HMI: Supports card, RFID or app-based authorisation.",,,,,hmi_ergonomics,rfid_reader_module; contactless_payment_terminal; receipt_qr_code_generator; privacy_label,false,true,Review component candidates and interface carriers for this submodule.
submodule_allocation:hmi_ergonomics:user_cable_guidance,submodule_allocation,generated_needs_review,generated_model,User Payment And HMI / User cable guidance,"User cable guidance is allocated under User Payment And HMI: Helps users lift, park and confirm the heavy CCS2 connector.",,,,,hmi_ergonomics,connector_instruction_graphic; cable_park_indicator; accessibility_reach_label; session_stop_button,false,true,Review component candidates and interface carriers for this submodule.
submodule_allocation:hmi_ergonomics:user_display_panel,submodule_allocation,generated_needs_review,generated_model,User Payment And HMI / User display panel,"User display panel is allocated under User Payment And HMI: Presents session state, price, energy and fault messages.",,,,,hmi_ergonomics,touchscreen_hmi_panel; status_led_light_bar; audio_buzzer; sunlight_readable_display_cover,false,true,Review component candidates and interface carriers for this submodule.
submodule_allocation:maintenance_serviceability:commissioning_access,submodule_allocation,generated_needs_review,generated_model,Maintenance And Commissioning / Commissioning access,Commissioning access is allocated under Maintenance And Commissioning: Exposes safe setup and verification points.,,,,,maintenance_serviceability,commissioning_terminal_block; meter_test_port; output_test_socket_cover; commissioning_checklist_card,false,true,Review component candidates and interface carriers for this submodule.
submodule_allocation:maintenance_serviceability:remote_diagnostics,submodule_allocation,generated_needs_review,generated_model,Maintenance And Commissioning / Remote diagnostics,Remote diagnostics is allocated under Maintenance And Commissioning: Collects and exports health data for service teams.,,,,,maintenance_serviceability,diagnostic_log_exporter; remote_firmware_update_agent; health_telemetry_packet_schema; service_vpn_profile,false,true,Review component candidates and interface carriers for this submodule.
submodule_allocation:maintenance_serviceability:replaceable_modules,submodule_allocation,generated_needs_review,generated_model,Maintenance And Commissioning / Replaceable modules,Replaceable modules is allocated under Maintenance And Commissioning: Makes high-failure assemblies field swappable.,,,,,maintenance_serviceability,slide_out_power_module_rail; quick_disconnect_coolant_fitting; gateway_din_rail_carrier; spare_fuse_and_link_kit,false,true,Review component candidates and interface carriers for this submodule.
submodule_allocation:power_distribution:ac_input_switchgear,submodule_allocation,generated_needs_review,generated_model,AC Input And DC Output Distribution / AC input switchgear,AC input switchgear is allocated under AC Input And DC Output Distribution: Protects and isolates the grid connection before conversion.,,,,dc_power_kw,power_distribution,ac_input_breaker_and_spd; lockable_ac_isolator; surge_arrestor_cartridge; input_terminal_shroud,false,true,Review component candidates and interface carriers for this submodule.
submodule_allocation:power_distribution:billing_metering_branch,submodule_allocation,generated_needs_review,generated_model,AC Input And DC Output Distribution / Billing metering branch,Billing metering branch is allocated under AC Input And DC Output Distribution: Measures delivered energy and exposes metering data to control.,,,,dc_power_kw,power_distribution,mid_energy_meter; meter_ct_shunt_set; meter_seal_kit; meter_calibration_label,false,true,Review component candidates and interface carriers for this submodule.
submodule_allocation:power_distribution:dc_output_switchgear,submodule_allocation,generated_needs_review,generated_model,AC Input And DC Output Distribution / DC output switchgear,DC output switchgear is allocated under AC Input And DC Output Distribution: Connects and isolates the charging output path.,,,,dc_power_kw,power_distribution,dc_output_contactor_set; precharge_resistor_module; dc_output_fuse_carrier; output_polarity_label,false,true,Review component candidates and interface carriers for this submodule.
submodule_allocation:safety_protection:dc_fault_protection,submodule_allocation,generated_needs_review,generated_model,Safety Protection / DC fault protection,DC fault protection is allocated under Safety Protection: Detects and interrupts DC-side electrical faults.,,,,,safety_protection,insulation_monitoring_device; dc_arc_detection_board; output_contactor_weld_check_circuit; fault_discharge_resistor,false,true,Review component candidates and interface carriers for this submodule.
submodule_allocation:safety_protection:emergency_stop_chain,submodule_allocation,generated_needs_review,generated_model,Safety Protection / Emergency stop chain,Emergency stop chain is allocated under Safety Protection: Trips output contactors and records user/service stop events.,,,,,safety_protection,emergency_stop_and_safety_interlock_set; e_stop_mushroom_button; door_interlock_switch; safety_relay_module,false,true,Review component candidates and interface carriers for this submodule.
submodule_allocation:safety_protection:user_access_protection,submodule_allocation,generated_needs_review,generated_model,Safety Protection / User access protection,User access protection is allocated under Safety Protection: Prevents user contact with live parts and communicates safe operation.,,,,,safety_protection,touch_safe_connector_shutter; protective_earth_continuity_strap; charging_status_beacon; safety_instruction_label,false,true,Review component candidates and interface carriers for this submodule.
submodule_allocation:sensing_instrumentation:connector_sensing,submodule_allocation,generated_needs_review,generated_model,Metering And Electrical Sensing / Connector sensing,"Connector sensing is allocated under Metering And Electrical Sensing: Monitors cable, latch and temperature states.",,,,,sensing_instrumentation,connector_latch_microswitch; handle_temperature_sensor; cable_identification_resistor_reader; holster_presence_switch,false,true,Review component candidates and interface carriers for this submodule.
submodule_allocation:sensing_instrumentation:energy_metering,submodule_allocation,generated_needs_review,generated_model,Metering And Electrical Sensing / Energy metering,Energy metering is allocated under Metering And Electrical Sensing: Measures energy delivered to the vehicle.,,,,,sensing_instrumentation,mid_energy_meter; dc_voltage_transducer; dc_current_shunt; meter_pulse_output_isolator,false,true,Review component candidates and interface carriers for this submodule.
submodule_allocation:sensing_instrumentation:insulation_fault_detection,submodule_allocation,generated_needs_review,generated_model,Metering And Electrical Sensing / Insulation fault detection,Insulation fault detection is allocated under Metering And Electrical Sensing: Detects loss of isolation on the DC charging path.,,,,,sensing_instrumentation,insulation_monitoring_device; imd_coupling_network; fault_status_relay; test_resistor_plug,false,true,Review component candidates and interface carriers for this submodule.
submodule_allocation:structure_containment:cable_holster_boom,submodule_allocation,generated_needs_review,generated_model,Cabinet Structure And Containment / Cable holster and boom,Cable holster and boom is allocated under Cabinet Structure And Containment: Manages heavy high-current cable during user operation.,,,,,structure_containment,connector_holster; cable_retractor_arm; cable_bend_limiter; parking_status_flag,false,true,Review component candidates and interface carriers for this submodule.
submodule_allocation:structure_containment:internal_compartmentation,submodule_allocation,generated_needs_review,generated_model,Cabinet Structure And Containment / Internal compartmentation,"Internal compartmentation is allocated under Cabinet Structure And Containment: Separates AC input, DC output, control and user zones.",,,,,structure_containment,segregated_ac_dc_barrier; control_compartment_shield; service_warning_placard; earthing_braid_set,false,true,Review component candidates and interface carriers for this submodule.
submodule_allocation:structure_containment:outdoor_cabinet,submodule_allocation,generated_needs_review,generated_model,Cabinet Structure And Containment / Outdoor cabinet,Outdoor cabinet is allocated under Cabinet Structure And Containment: Carries power electronics and protects against weather and impact.,,,,,structure_containment,powder_coated_steel_cabinet; front_service_door; anti_vandal_hinge_set; plinth_mounting_kit,false,true,Review component candidates and interface carriers for this submodule.
engineering_calculation:ev_charger_800v_current_a,engineering_calculation,calculated_needs_review,calculation,EV charger current at 800 V,"EV charger current at 800 V: 150 A using (dc_power_kw * 1,000) / 800.",,,,dc_power_kw,power_distribution; energy_conversion_transduction; charging_connector_interface; environmental_interface,ac_input_breaker_and_spd; power_module_stack; ccs2_liquid_cooled_cable_and_connector; cooling_loop_assembly,false,false,"Confirm output voltage range, cable thermal rating, connector current limit, contactor rating and derating."
engineering_calculation:ev_charger_daily_full_power_energy_kwh,engineering_calculation,calculated_needs_review,calculation,EV charger daily full-power energy,EV charger daily full-power energy: 480 kWh/day using dc_power_kw * 4.,,,,dc_power_kw,power_distribution; energy_conversion_transduction; charging_connector_interface; environmental_interface,ac_input_breaker_and_spd; power_module_stack; ccs2_liquid_cooled_cable_and_connector; cooling_loop_assembly,false,true,"Confirm expected sessions per day, dwell time, grid capacity, charger derating and tariff assumptions."
headline_metric:headline_output,headline_metric,calculated_needs_review,calculation,Annual energy dispensed,Annual energy dispensed = 175200 kWh/year.,class_pack:ev_charger.class_pack; formula:dc_power_kw * equivalent_full_power_hours_per_day * days_per_year,,,dc_power_kw,,,false,true,"Review the formula, input values and operating envelope before treating this metric as accepted."
brief_requirement:dc_power_kw,brief_requirement,brief_supplied,brief,DC output power,DC output power = 120 kW.,brief:input.brief,,,dc_power_kw,power_distribution; energy_conversion_transduction; charging_connector_interface; environmental_interface,ac_input_breaker_and_spd; power_module_stack; ccs2_liquid_cooled_cable_and_connector; cooling_loop_assembly,false,false,"Confirm requirement value, tolerance and acceptance condition with the project owner."
