name,website,firm_type,hq_city,hq_country,sectors,stage_focus,description,bvca_member,profile_url,source
Balderton Capital,https://www.balderton.com,VC,London,UK,"SaaS, Fintech, Deep Tech","Series A, Series B","Focused on early stage, European technology businesses.",Yes,,seed
Atomico,https://www.atomico.com,VC,London,UK,"Deep Tech, SaaS, Climate","Series A, Series B, Growth",,Yes,,seed
Index Ventures,https://www.indexventures.com,VC,London,UK,"Fintech, Gaming, Developer Tools","Seed, Series A, Growth",,Yes,,seed
Octopus Ventures,https://www.octopusventures.com,VC,London,UK,"Health Tech, B2B SaaS, Deep Tech","Seed, Series A, Series B",,Yes,,seed
Accel,https://www.accel.com,VC,London,UK,"B2B SaaS, Security, Fintech","Series A, Series B, Growth",,No,,seed
Notion Capital,https://www.notioncapital.com,VC,London,UK,"B2B SaaS, Cloud, RegTech","Series A, Series B","Venture fund focused on the technology sector.
Notion is a VC firm investing across Europe in enterprise technology founders who share our desire to build category-leading companies.",Yes,,seed
LocalGlobe,https://www.localglobe.vc,VC,London,UK,"Consumer Tech, Fintech, SaaS","Pre-Seed, Seed",,Yes,,seed
Hoxton Ventures,https://www.hoxtonventures.com,VC,London,UK,"B2B SaaS, Consumer Tech","Seed, Series A",,Yes,,seed
Passion Capital,https://www.passioncapital.com,VC,London,UK,"Fintech, SaaS, Consumer",Seed,,Yes,,seed
Episode 1 Ventures,https://www.episode1.com,VC,London,UK,"SaaS, Marketplaces, B2B",Seed,,Yes,,seed
Seedcamp,https://www.seedcamp.com,VC,London,UK,"SaaS, Fintech, Consumer Tech","Pre-Seed, Seed",,Yes,,seed
Forward Partners,https://www.forwardpartners.com,VC,London,UK,"Marketplace, SaaS, Consumer","Pre-Seed, Seed",,Yes,,seed
Augmentum Fintech,https://www.augmentum.vc,VC,London,UK,"Fintech, InsurTech, WealthTech","Series A, Series B",,Yes,,seed
Molten Ventures,https://www.moltenventures.com,Growth,London,UK,"Deep Tech, Fintech, SaaS","Series B, Series C, Growth",,Yes,,seed
Kennet Partners,https://www.kennet.com,Growth,London,UK,"SaaS, Tech-Enabled Services",Growth,,Yes,,seed
MMC Ventures,https://www.mmcventures.com,VC,London,UK,"Fintech, InsurTech, AI","Series A, Series B",,Yes,,seed
Blossom Capital,https://www.blossomcapital.com,VC,London,UK,"Fintech, SaaS, Consumer","Series A, Series B",,Yes,,seed
Dawn Capital,https://www.dawncapital.com,VC,London,UK,"Enterprise SaaS, Fintech","Series A, Series B",,Yes,,seed
Frog Capital,https://www.frogcapital.com,Growth,London,UK,"B2B SaaS, Tech-Enabled Services","Series A, Series B, Growth",,Yes,,seed
GP Bullhound,https://www.gpbullhound.com,Growth,London,UK,"SaaS, Media Tech, Gaming","Series B, Growth",,Yes,,seed
Highland Europe,https://www.highlandeurope.com,Growth,London,UK,"Enterprise SaaS, Security, Analytics","Series B, Series C",,No,,seed
IQ Capital,https://www.iqcapital.vc,VC,Cambridge,UK,"Deep Tech, AI, Quantum","Seed, Series A, Series B",,Yes,,seed
Parkwalk Advisors,https://www.parkwalkadvisors.com,VC,London,UK,"Deep Tech, AI, Life Sciences","Seed, Series A",,Yes,,seed
Playfair Capital,https://www.playfaircapital.com,VC,London,UK,"SaaS, Impact, Fintech","Pre-Seed, Seed",,Yes,,seed
BGF,https://www.bgf.co.uk,PE,London,UK,All Sectors,"Growth, Lower Mid-Market",BGF is the UK and Ireland’s most active investor in growing businesses,Yes,,seed
Inflexion Private Equity,https://www.inflexion.com,PE,London,UK,"Technology, Business Services, Healthcare","Buyout, Growth",Independent private equity house investing in the UK mid-market.,Yes,,seed
Permira,https://www.permira.com,PE,London,UK,"Technology, Consumer, Healthcare","Large Buyout, Growth",,Yes,,seed
Bridgepoint,https://www.bridgepoint.eu,PE,London,UK,"Consumer, Healthcare, Business Services","Large Buyout, Mid-Market","International private equity group focused on established, market-leading businesses.",Yes,,seed
ECI Partners,https://www.ecipartners.com,PE,London,UK,"Technology, SaaS, Education","Buyout, Growth",,Yes,,seed
Hg,https://www.hgcapital.com,PE,London,UK,"Software, SaaS, Tech-Enabled Services","Buyout, Growth",,Yes,,seed
Graphite Capital,https://www.graphitecapital.com,PE,London,UK,"Consumer, Business Services, Healthcare",Mid-Market Buyout,,Yes,,seed
NVM Private Equity,https://www.nvm.co.uk,PE,Newcastle,UK,"Technology, Manufacturing, Business Services",Lower Mid-Market,,Yes,,seed
Mobeus Equity Partners,https://www.mobeusequity.co.uk,PE,London,UK,"Technology, Healthcare, Business Services",Lower Mid-Market,An equity investor in UK-based SMEs.,Yes,,seed
YFM Equity Partners,https://www.yfmep.com,PE,Leeds,UK,"Manufacturing, Technology, Business Services",Lower Mid-Market,Independent private equity businessed owned by its senior managers and investment team.,Yes,,seed
Endless LLP,https://www.endlessllp.com,PE,Leeds,UK,"Distressed, Manufacturing, Retail","Turnaround, Buyout",UK based transformational private equity investor.,Yes,,seed
Equistone Partners Europe,https://www.equistone.com,PE,London,UK,"Industrial Technology, Business Services, Healthcare",Mid-Market Buyout,,Yes,,seed
Bowmark Capital,https://www.bowmark.com,PE,London,UK,"Professional Services, Financial Services, Healthcare",Mid-Market Buyout,,Yes,,seed
August Equity,https://www.augustequity.com,PE,London,UK,"Healthcare, Education, Technology Services","Buyout, Growth",,Yes,,seed
Panoramic Growth Equity,https://www.panoramicgrowth.com,Growth,Edinburgh,UK,"Technology, Business Services, Consumer",Growth Capital,,Yes,,seed
Synova,https://www.synovacapital.com,PE,London,UK,"Technology, Healthcare, Financial Services",Lower Mid-Market,,Yes,,seed
Tenzing,https://www.tenzingpe.com,PE,London,UK,"Technology, Tech-Enabled Services",Lower Mid-Market,Independent private equity investor.,Yes,,seed
Limerston Capital,https://www.limerstoncapital.com,PE,London,UK,"Consumer, Business Services, Healthcare",Lower Mid-Market,,Yes,,seed
Horizon Capital,https://www.horizoncapital.co.uk,PE,London,UK,"Technology, Business Services","Growth, Buyout",,Yes,,seed
Living Bridge,https://www.livingbridge.com,PE,London,UK,"Healthcare, Education, Financial Services","Growth Capital, Buyout",,Yes,,seed
Literacy Capital,https://www.literacycapital.com,PE,London,UK,"Business Services, Technology, Consumer",Lower Mid-Market,,Yes,,seed
Praxis Capital,https://www.praxiscap.com,PE,London,UK,"Real Estate, Diversified","Growth, Buyout",,Yes,,seed
Gresham House,https://www.greshamhouse.com,PE,London,UK,"Forestry, Real Assets, Technology",Growth,,Yes,,seed
Abingworth LLP,,VC/PE,United Kingdom,UK,UK General Partner,,An international investment group exclusively focusing on life sciences and healthcare sectors.,Yes,https://www.ukprivatecapital.co.uk/organisation-profile/abingworth-llp/,ukpc_directory
ACA Group,,VC/PE,United Kingdom,UK,Professional Services,,"The leading governance, risk, and compliance advisor in financial services, empowering clients to reimagine GRC, protect and grow their business.",Yes,https://www.ukprivatecapital.co.uk/organisation-profile/aca-group/,ukpc_directory
ACF Investors,,VC/PE,United Kingdom,UK,UK General Partner,,ACF Investors manage the Angel Cofund and Delta Fund and invest alongside sector smart angel investors in to scalable businesses,Yes,https://www.ukprivatecapital.co.uk/organisation-profile/acf-investors/,ukpc_directory
Active Owners Denmark,,VC/PE,Denmark,UK,Honorary,,,Yes,https://www.ukprivatecapital.co.uk/organisation-profile/active-owners-denmark/,ukpc_directory
Adams Street Partners,,VC/PE,United Kingdom,UK,Third-party Fund Manager,,Provider of global private markets investment management services.,Yes,https://www.ukprivatecapital.co.uk/organisation-profile/adams-street-partners/,ukpc_directory
Addleshaw Goddard LLP,,VC/PE,United Kingdom,UK,Law Firms,,UK business law firm with international reach.,Yes,https://www.ukprivatecapital.co.uk/organisation-profile/addleshaw-goddard-llp/,ukpc_directory
Adempi Associates,,VC/PE,United Kingdom,UK,Professional Services,,,Yes,https://www.ukprivatecapital.co.uk/organisation-profile/adempi-associates/,ukpc_directory
Advent International Ltd,,VC/PE,United Kingdom,UK,UK General Partner,,Global private equity firm investing in companies with operational and strategic improvement potential.,Yes,https://www.ukprivatecapital.co.uk/organisation-profile/advent-international-ltd/,ukpc_directory
Agathos Management LLP,,VC/PE,United Kingdom,UK,UK General Partner,,,Yes,https://www.ukprivatecapital.co.uk/organisation-profile/agathos-management-llp/,ukpc_directory
AgFunder,,,United States,UK,,,,Yes,https://www.ukprivatecapital.co.uk/organisation-profile/agfunder/,ukpc_directory
"AIFI (Italian Private Equity, Venture Capital and Private Debt Association",,VC/PE,Italy,UK,Honorary,,Focused on venture capital and private equity activity in Italy.,Yes,https://www.ukprivatecapital.co.uk/organisation-profile/aifi-italian-private-equity-venture-capital-and-private-debt-association/,ukpc_directory
Akin Gump LLP,,VC/PE,United Kingdom,UK,Law Firms,,"Akin’s funds practice encompasses all aspects of fund formation and operations, including structuring, management, IR and portfolio company representation.",Yes,https://www.ukprivatecapital.co.uk/organisation-profile/akin-gump-llp-1/,ukpc_directory
Albion Capital,,VC/PE,United Kingdom,UK,UK General Partner,,Established venture capital investor focused on backing change and growth.,Yes,https://www.ukprivatecapital.co.uk/organisation-profile/albion-capital/,ukpc_directory
Alchemy Partners LLP,,VC/PE,United Kingdom,UK,UK General Partner,,Focused on private equity and distressed investing across Europe.,Yes,https://www.ukprivatecapital.co.uk/organisation-profile/alchemy-partners-llp/,ukpc_directory
Alcyon Holding Ltd,,VC/PE,Switzerland,UK,Institutional Investor,,Privately owned investment company focused on UK and European businesses.,Yes,https://www.ukprivatecapital.co.uk/organisation-profile/alcyon-holding-ltd/,ukpc_directory
Aliter Capital LLP,,VC/PE,United Kingdom,UK,UK General Partner,,Aliter Capital is a team of experienced support services entrepreneurs and investors dedicated to investment in small and mid-sized businesses in the UK support services sector,Yes,https://www.ukprivatecapital.co.uk/organisation-profile/aliter-capital-llp/,ukpc_directory
Alpha Group,,VC/PE,United Kingdom,UK,Professional Services,,,Yes,https://www.ukprivatecapital.co.uk/organisation-profile/alpha-group/,ukpc_directory
AlpInvest Partners,,VC/PE,United Kingdom,UK,Institutional Investor,,,Yes,https://www.ukprivatecapital.co.uk/organisation-profile/alpinvest-partners/,ukpc_directory
ALSA Ventures,,VC/PE,United Kingdom,UK,UK General Partner,,"Biotechnology investor, focused predominantly on early stage opportunities in Europe.",Yes,https://www.ukprivatecapital.co.uk/organisation-profile/alsa-ventures/,ukpc_directory
Alta Advisers Ltd,,VC/PE,United Kingdom,UK,Institutional Investor,,,Yes,https://www.ukprivatecapital.co.uk/organisation-profile/alta-advisers-ltd/,ukpc_directory
Alter Domus,,VC/PE,United Kingdom,UK,Professional Services,,European provider of Fund and Corporate Services.,Yes,https://www.ukprivatecapital.co.uk/organisation-profile/alter-domus/,ukpc_directory
Alternative Investment Management Association (AIMA),,VC/PE,United Kingdom,UK,Honorary,,,Yes,https://www.ukprivatecapital.co.uk/organisation-profile/alternative-investment-management-association-aima/,ukpc_directory
Altius Group,,VC/PE,United Kingdom,UK,Professional Services,,,Yes,https://www.ukprivatecapital.co.uk/organisation-profile/altius-group/,ukpc_directory
Altum Group,,VC/PE,Jersey,UK,Professional Services,,"We are a leading international provider of Fund, Corporate, and Family Office solutions. Established in 2000, Altum Group has more than $40bn AUA, with over 200 dedicated employees across five  &#8230;",Yes,https://www.ukprivatecapital.co.uk/organisation-profile/altum-group/,ukpc_directory
Ama Capital LLP,,VC/PE,United Kingdom,UK,UK General Partner,,"Ama Capital is a UK lower mid-market investment firm with a unique operator led model. We provide up to &pound;25m of investment to support UK SMEs in Financial &amp; Professional Services,  &#8230;",Yes,https://www.ukprivatecapital.co.uk/organisation-profile/ama-capital-llp/,ukpc_directory
Amadeus Capital Partners Limited,,VC/PE,United Kingdom,UK,UK General Partner,,Focused on technology companies with the potential to expand or create a new market.,Yes,https://www.ukprivatecapital.co.uk/organisation-profile/amadeus-capital-partners-limited/,ukpc_directory
American Investment Council,,VC/PE,United States,UK,Honorary,,,Yes,https://www.ukprivatecapital.co.uk/organisation-profile/american-investment-council/,ukpc_directory
AnaCap Financial Partners Limited,,VC/PE,United Kingdom,UK,UK General Partner,,A specialist private equity firm focused on investing in the European financial services sector.,Yes,https://www.ukprivatecapital.co.uk/organisation-profile/anacap-financial-partners-limited/,ukpc_directory
Andersen Tax LLP,,VC/PE,United Kingdom,UK,Professional Services,,Andersen Tax provides UK and US tax services to private equity and venture capital firms.,Yes,https://www.ukprivatecapital.co.uk/organisation-profile/andersen-tax-llp/,ukpc_directory
Anthemis Group,,VC/PE,United Kingdom,UK,UK General Partner,,Anthemis is an investment and advisory firm focused on reinventing financial services for the 21st century.,Yes,https://www.ukprivatecapital.co.uk/organisation-profile/anthemis-group/,ukpc_directory
Anthesis Group,,VC/PE,United Kingdom,UK,Professional Services,,"Anthesis Group supports private equity funds and their portfolio companies with their Environmental, Social and Governance (ESG) challenges and opportunities.",Yes,https://www.ukprivatecapital.co.uk/organisation-profile/anthesis-group/,ukpc_directory
Anticus Partners Limited,,VC/PE,United Kingdom,UK,UK General Partner,,,Yes,https://www.ukprivatecapital.co.uk/organisation-profile/anticus-partners-limited/,ukpc_directory
Aon,,VC/PE,United Kingdom,UK,Professional Services,,,Yes,https://www.ukprivatecapital.co.uk/organisation-profile/aon/,ukpc_directory
Apax Partners UK Ltd,,VC/PE,United Kingdom,UK,UK General Partner,,A private equity group focused solely on long-term investment in growth companies.,Yes,https://www.ukprivatecapital.co.uk/organisation-profile/apax-partners-uk-ltd/,ukpc_directory
Apera Asset Management LLP,,Debt,United Kingdom,UK,Private Credit,,Apera Asset Management is a private debt manager with a focus on providing capital solutions to mid-market companies in Western Europe.,Yes,https://www.ukprivatecapital.co.uk/organisation-profile/apera-asset-management-llp/,ukpc_directory
Apex Fund and Corporate Services Limited,,VC/PE,United Kingdom,UK,Professional Services,,"Provider of Fund Solutions, Financial Solutions, Corporate Solutions.",Yes,https://www.ukprivatecapital.co.uk/organisation-profile/apex-fund-and-corporate-services-limited/,ukpc_directory
APG Asset Management US Inc,,VC/PE,United States,UK,Institutional Investor,,,Yes,https://www.ukprivatecapital.co.uk/organisation-profile/apg-asset-management-us-inc/,ukpc_directory
Apiary Capital LLP,,VC/PE,United Kingdom,UK,UK General Partner,,"Apiary invests in the business services, education and healthcare sectors. The firm seeks to acquire platform companies in attractive market segments, subsequently driving transformational  &#8230;",Yes,https://www.ukprivatecapital.co.uk/organisation-profile/apiary-capital-llp/,ukpc_directory
Apiday,,VC/PE,France,UK,Professional Services,,,Yes,https://www.ukprivatecapital.co.uk/organisation-profile/apiday/,ukpc_directory
Apis Partners Group (UK) Limited,,VC/PE,United Kingdom,UK,Impact Investment Fund,,"Apis Partners is an ESGI-native PE asset manager, primarily investing growth capital in asset-light FS companies and financial infrastructure businesses.",Yes,https://www.ukprivatecapital.co.uk/organisation-profile/apis-partners-group-uk-limited/,ukpc_directory
Apollo Private Wealth Ltd,,VC/PE,United Kingdom,UK,Institutional Investor,,Apollo Private Wealth is a Multi-Family Office focused on acting for senior partners at leading Private Equity Firms.,Yes,https://www.ukprivatecapital.co.uk/organisation-profile/apollo-private-wealth-ltd/,ukpc_directory
Arcmont Asset Management,,Debt,United Kingdom,UK,Private Credit,,,Yes,https://www.ukprivatecapital.co.uk/organisation-profile/arcmont-asset-management/,ukpc_directory
Ardian Investment,,VC/PE,United Kingdom,UK,UK General Partner,,,Yes,https://www.ukprivatecapital.co.uk/organisation-profile/ardian-investment/,ukpc_directory
Ardian Investment UK,,VC/PE,United Kingdom,UK,Third-party Fund Manager,,Providing investment management services to UK businesses.,Yes,https://www.ukprivatecapital.co.uk/organisation-profile/ardian-investment-uk/,ukpc_directory
Ares Management,,Debt,United Kingdom,UK,Private Credit,,"Publicly traded, global alternative asset manager.",Yes,https://www.ukprivatecapital.co.uk/organisation-profile/ares-management/,ukpc_directory
Argentum Asset Management,,VC/PE,Norway,UK,Institutional Investor,,Asset manager specializing in Nordic investments and energy-focused private equity funds.,Yes,https://www.ukprivatecapital.co.uk/organisation-profile/argentum-asset-management/,ukpc_directory
Armen,,VC/PE,France,UK,UK General Partner,,"Armen is a purpose-driven company investing in European alternative investment companies (Private Equity, Private Debt, Infrastructure and Real Estate).",Yes,https://www.ukprivatecapital.co.uk/organisation-profile/armen/,ukpc_directory
Arrow Global,,Debt,United Kingdom,UK,Private Credit,,"Founded in 2005, Arrow Global is a leading European alternative asset manager with a vertically integrated investment model across private credit and real estate. Arrow owns 25 best-in-class  &#8230;",Yes,https://www.ukprivatecapital.co.uk/organisation-profile/arrow-global/,ukpc_directory
Arthur J. Gallagher (UK) Limited,,VC/PE,United Kingdom,UK,Professional Services,,,Yes,https://www.ukprivatecapital.co.uk/organisation-profile/arthur-j-gallagher-uk-limited/,ukpc_directory
Asante Capital Group LLP,,VC/PE,United Kingdom,UK,Professional Services,,,Yes,https://www.ukprivatecapital.co.uk/organisation-profile/asante-capital-group-llp/,ukpc_directory
Ashurst,,VC/PE,United Kingdom,UK,Law Firms,,Global law firm with a history spanning almost 200 years.,Yes,https://www.ukprivatecapital.co.uk/organisation-profile/ashurst/,ukpc_directory
Association of British HealthTech Industries,,VC/PE,United Kingdom,UK,Honorary,,,Yes,https://www.ukprivatecapital.co.uk/organisation-profile/association-of-british-healthtech-industries/,ukpc_directory
Asteria Space,,,United Kingdom,UK,,,Asteria Space is a specialist early-stage venture capital firm investing exclusively in globally scalable Space-Tech startups.,Yes,https://www.ukprivatecapital.co.uk/organisation-profile/asteria-space/,ukpc_directory
Atempo Growth,,,United Kingdom,UK,,,,Yes,https://www.ukprivatecapital.co.uk/organisation-profile/atempo-growth/,ukpc_directory
Atlantic Bridge Capital LLP,,VC/PE,United Kingdom,UK,UK General Partner,,A global growth equity fund focused on technology investments.,Yes,https://www.ukprivatecapital.co.uk/organisation-profile/atlantic-bridge-capital-llp/,ukpc_directory
Atomico (UK) Partners LLP,,VC/PE,United Kingdom,UK,UK General Partner,,,Yes,https://www.ukprivatecapital.co.uk/organisation-profile/atomico-uk-partners-llp/,ukpc_directory
ATOZ Tax Advisers,,VC/PE,Luxembourg,UK,Professional Services,,"ATOZ is an independent advisory firm offering International & Corporate tax, Indirect tax, Corporate Implementation, Transfer Pricing, Corporate Finance services.",Yes,https://www.ukprivatecapital.co.uk/organisation-profile/atoz-tax-advisers/,ukpc_directory
Audax Strategic Capital,,VC/PE,United Kingdom,UK,UK General Partner,,,Yes,https://www.ukprivatecapital.co.uk/organisation-profile/audax-strategic-capital/,ukpc_directory
August Equity LLP,,VC/PE,United Kingdom,UK,UK General Partner,,Leading UK lower mid-market private equity firm with over 20 years&rsquo; experience with a focus on primary buyouts in essential services and B2B software.,Yes,https://www.ukprivatecapital.co.uk/organisation-profile/august-equity-llp/,ukpc_directory
Australian Investment Council,,VC/PE,Australia,UK,Honorary,,,Yes,https://www.ukprivatecapital.co.uk/organisation-profile/australian-investment-council/,ukpc_directory
AustralianSuper,,VC/PE,United Kingdom,UK,Institutional Investor,,,Yes,https://www.ukprivatecapital.co.uk/organisation-profile/australiansuper/,ukpc_directory
Aver Partners,,VC/PE,Guernsey,UK,Professional Services,,"Independent Director Services built on years of proven experience, and consistently assuring the trust of our clients.",Yes,https://www.ukprivatecapital.co.uk/organisation-profile/aver-partners/,ukpc_directory
Averroes Capital Limited,,VC/PE,United Kingdom,UK,UK General Partner,,Averroes Capital is a private equity investor focussed on the UK mid-market and headquartered in London.,Yes,https://www.ukprivatecapital.co.uk/organisation-profile/averroes-capital-limited/,ukpc_directory
Aviva Investors,,VC/PE,United Kingdom,UK,UK General Partner,,,Yes,https://www.ukprivatecapital.co.uk/organisation-profile/aviva-investors/,ukpc_directory
Aztec Group,,VC/PE,United Kingdom,UK,Professional Services,,"Established in 2001, Aztec Group is an award-winning provider of fund and corporate services.",Yes,https://www.ukprivatecapital.co.uk/organisation-profile/aztec-group/,ukpc_directory
B.P. Marsh & Partners Plc,,PE,United Kingdom,UK,Direct Investor,,B.P. Marsh & Partners PLC is a specialist VC/PE investor in early stage and growing financial services businesses.,Yes,https://www.ukprivatecapital.co.uk/organisation-profile/bp-marsh-partners-plc/,ukpc_directory
Backed VC,,VC/PE,United Kingdom,UK,UK General Partner,,BACKED VC is Europe&rsquo;s seed‑stage frontier‑tech fund.,Yes,https://www.ukprivatecapital.co.uk/organisation-profile/backed-vc/,ukpc_directory
Bain Capital Europe LLP,,VC/PE,United Kingdom,UK,UK General Partner,,Bain Capital Europe's primary objective is to grow and build great companies.,Yes,https://www.ukprivatecapital.co.uk/organisation-profile/bain-capital-europe-llp/,ukpc_directory
Baird Capital,,VC/PE,United Kingdom,UK,UK General Partner,,"Investors in venture capital, growth equity and private equity in strategically targeted sectors globally",Yes,https://www.ukprivatecapital.co.uk/organisation-profile/baird-capital/,ukpc_directory
Baker & McKenzie LLP,,VC/PE,United Kingdom,UK,Law Firms,,Global law firm providing clients with global and local legal advice.,Yes,https://www.ukprivatecapital.co.uk/organisation-profile/baker-mckenzie-llp/,ukpc_directory
Barclays Bank PLC,,VC/PE,United Kingdom,UK,UK General Partner,,Investment activity focused on existing Barclays customers only,Yes,https://www.ukprivatecapital.co.uk/organisation-profile/barclays-bank-plc/,ukpc_directory
Bayes Entrepreneurship Fund,,VC/PE,United Kingdom,UK,UK General Partner,,A &pound;10m Venture Capital Fund investing in high-potential early-stage businesses.,Yes,https://www.ukprivatecapital.co.uk/organisation-profile/bayes-entrepreneurship-fund/,ukpc_directory
BBC Ventures,,VC/PE,United Kingdom,UK,Impact Investment Fund,,,Yes,https://www.ukprivatecapital.co.uk/organisation-profile/bbc-ventures/,ukpc_directory
BC Partners,,VC/PE,United Kingdom,UK,UK General Partner,,Focused on buy-outs of larger businesses with defensive growth characteristics in Europe and selectively elsewhere.,Yes,https://www.ukprivatecapital.co.uk/organisation-profile/bc-partners/,ukpc_directory
BDO LLP,,VC/PE,United Kingdom,UK,Professional Services,,Chartered Accountants providing professional services to mid-market UK and international businesses.,Yes,https://www.ukprivatecapital.co.uk/organisation-profile/bdo-llp/,ukpc_directory
Beazley Management Limited,,VC/PE,United Kingdom,UK,Professional Services,,,Yes,https://www.ukprivatecapital.co.uk/organisation-profile/beazley-management-limited/,ukpc_directory
Bedell Cristin,,VC/PE,Jersey,UK,Law Firms,,"Bedell Cristin is an award-winning law firm with expertise in all areas of Jersey, Guernsey and BVI law; it has the agility to drive success for clients in a fast moving world.",Yes,https://www.ukprivatecapital.co.uk/organisation-profile/bedell-cristin/,ukpc_directory
Beech Tree Private Equity,,VC/PE,United Kingdom,UK,UK General Partner,,,Yes,https://www.ukprivatecapital.co.uk/organisation-profile/beech-tree-private-equity/,ukpc_directory
Beechbrook Capital,,Debt,United Kingdom,UK,Private Credit,,Providing innovative and flexible finance to support the acquisition or expansion of SMEs.,Yes,https://www.ukprivatecapital.co.uk/organisation-profile/beechbrook-capital/,ukpc_directory
Belasko Group,,VC/PE,United Kingdom,UK,Professional Services,,"Belasko are redefining what exceptional looks like in fund and fiduciary services. Whether you’re a fund manager, entrepreneur, family office or high-net-worth individual, we deliver tailored  &#8230;",Yes,https://www.ukprivatecapital.co.uk/organisation-profile/belasko-group/,ukpc_directory
Beringea LLP,,VC/PE,United Kingdom,UK,UK General Partner,,An international venture and growth capital investor.,Yes,https://www.ukprivatecapital.co.uk/organisation-profile/beringea-llp/,ukpc_directory
Better Society Capital Limited,,VC/PE,United Kingdom,UK,Institutional Investor,,Independent financial institution set up to help grow social investment in the UK.,Yes,https://www.ukprivatecapital.co.uk/organisation-profile/better-society-capital-limited/,ukpc_directory
BGF Ventures,,VC/PE,United Kingdom,UK,UK General Partner,,"BGF Ventures invest in entrepreneurs who are building something important &ndash; something that with the right investment and long-term support, might even change the world.",Yes,https://www.ukprivatecapital.co.uk/organisation-profile/bgf-ventures/,ukpc_directory
Big Issue Invest,,VC/PE,United Kingdom,UK,Institutional Investor,,The social investment arm of the Big Issue.,Yes,https://www.ukprivatecapital.co.uk/organisation-profile/big-issue-invest/,ukpc_directory
Bird & Bird,,VC/PE,United Kingdom,UK,Law Firms,,International law firm focused on in business sectors where technology plays a key role.,Yes,https://www.ukprivatecapital.co.uk/organisation-profile/bird-bird/,ukpc_directory
BlackRock,,VC/PE,France,UK,Professional Services,,Software provider of solutions dedicated to the financial industry.,Yes,https://www.ukprivatecapital.co.uk/organisation-profile/blackrock/,ukpc_directory
Blacks Solicitors,,VC/PE,United Kingdom,UK,Law Firms,,,Yes,https://www.ukprivatecapital.co.uk/organisation-profile/blacks-solicitors/,ukpc_directory
Blackstone Europe LLP,,VC/PE,United Kingdom,UK,UK General Partner,,"Global investment firm investing across a wide spectrum of regions, industries, and asset classes.",Yes,https://www.ukprivatecapital.co.uk/organisation-profile/blackstone-europe-llp/,ukpc_directory
Blick Rothenberg,,VC/PE,United Kingdom,UK,Professional Services,,Blick Rothenberg is one of the leading firms of accounting and business advisors in the private equity and venture capital sector.,Yes,https://www.ukprivatecapital.co.uk/organisation-profile/blick-rothenberg/,ukpc_directory
Blue Coast Capital,,VC/PE,United Kingdom,UK,Institutional Investor,,"The origins of the company lie in post-war retailing. Founders of the iconic 60s retailer Chelsea Girl and later River Island diversified their portfolio of businesses to include real estate,  &#8230;",Yes,https://www.ukprivatecapital.co.uk/organisation-profile/blue-coast-capital/,ukpc_directory
Blue Cube Travel,,VC/PE,United Kingdom,UK,Professional Services,,,Yes,https://www.ukprivatecapital.co.uk/organisation-profile/blue-cube-travel/,ukpc_directory
Blue-Green Advisors,,VC/PE,United Kingdom,UK,Professional Services,,,Yes,https://www.ukprivatecapital.co.uk/organisation-profile/blue-green-advisors/,ukpc_directory
BNP Paribas S.A,,VC/PE,United Kingdom,UK,Professional Services,,,Yes,https://www.ukprivatecapital.co.uk/organisation-profile/bnp-paribas-sa/,ukpc_directory
Bootstrap Europe,,Debt,Luxembourg,UK,Private Credit,,,Yes,https://www.ukprivatecapital.co.uk/organisation-profile/bootstrap-europe/,ukpc_directory
Border to Coast,,VC/PE,United Kingdom,UK,Institutional Investor,,Border to Coast Pensions Partnership – A UK-based LGPS asset pool managing investments for 11 funds with a focus on cost efficiency and responsible investment.,Yes,https://www.ukprivatecapital.co.uk/organisation-profile/border-to-coast/,ukpc_directory
Bowmark Capital LLP,,VC/PE,United Kingdom,UK,UK General Partner,,Mid-market private equity investment firm specialising in UK growth companies.,Yes,https://www.ukprivatecapital.co.uk/organisation-profile/bowmark-capital-llp/,ukpc_directory
Boxfund VC,,VC/PE,United Kingdom,UK,UK General Partner,,,Yes,https://www.ukprivatecapital.co.uk/organisation-profile/boxfund-vc/,ukpc_directory
BP Investment Management,,VC/PE,United Kingdom,UK,Institutional Investor,,Focused on small business owners and real estate investors.,Yes,https://www.ukprivatecapital.co.uk/organisation-profile/bp-investment-management/,ukpc_directory
BP Technology Ventures Ltd,,CVC,United Kingdom,UK,Corporate Venture,,"Investors in private, high growth, disruptive technology companies, with innovations applicable to the energy sector.",Yes,https://www.ukprivatecapital.co.uk/organisation-profile/bp-technology-ventures-ltd/,ukpc_directory
Bregal Capital LLP,,PE,United Kingdom,UK,Direct Investor,,Private equity firm with fund commitments since inception of more than €3 billion.,Yes,https://www.ukprivatecapital.co.uk/organisation-profile/bregal-capital-llp/,ukpc_directory
Bregal Investments LLP,,VC/PE,United Kingdom,UK,Institutional Investor,,,Yes,https://www.ukprivatecapital.co.uk/organisation-profile/bregal-investments-llp/,ukpc_directory
Bregal Milestone LLP,,VC/PE,United Kingdom,UK,Institutional Investor,,,Yes,https://www.ukprivatecapital.co.uk/organisation-profile/bregal-milestone-llp/,ukpc_directory
Bridges Fund Management Limited,,VC/PE,United Kingdom,UK,Impact Investment Fund,,A specialist fund manager dedicated to sustainable and impact investing.,Yes,https://www.ukprivatecapital.co.uk/organisation-profile/bridges-fund-management-limited/,ukpc_directory
Briggs Capital Formation LLP,,VC/PE,United Kingdom,UK,Professional Services,,"Briggs Capital Formation LLP (“BCF”) is a specialist advisor to private funds across asset classes, strategies and geographies. The team supports during formative and pivotal moments in the  &#8230;",Yes,https://www.ukprivatecapital.co.uk/organisation-profile/briggs-capital-formation-llp-1/,ukpc_directory
British Business Bank,,VC/PE,United Kingdom,UK,Third-party Fund Manager,,Government-owned business development bank financing smaller businesses.,Yes,https://www.ukprivatecapital.co.uk/organisation-profile/british-business-bank/,ukpc_directory
Brookfield Asset Management,,VC/PE,United Kingdom,UK,UK General Partner,,Global investor and operator of real assets.,Yes,https://www.ukprivatecapital.co.uk/organisation-profile/brookfield-asset-management/,ukpc_directory
Brookstreet Equity Partners,,VC/PE,United Kingdom,UK,UK General Partner,,"An independent, London-based group of investors with international experience in industry, strategy, finance and cross-border deals.",Yes,https://www.ukprivatecapital.co.uk/organisation-profile/brookstreet-equity-partners/,ukpc_directory
Bryan Cave Leighton Paisner LLP,,VC/PE,United Kingdom,UK,Law Firms,,"Bryan Cave Leighton Paisner brings enduring value to client relationships, delivering commercial advantage to clients through connectivity, collaboration and innovation.",Yes,https://www.ukprivatecapital.co.uk/organisation-profile/bryan-cave-leighton-paisner-llp/,ukpc_directory
Bullhound Capital,,VC/PE,United Kingdom,UK,UK General Partner,,"GP Bullhound Asset Management is the independent investment arm of GP Bullhound investing in high-potential, fast growing European technology businesses.",Yes,https://www.ukprivatecapital.co.uk/organisation-profile/bullhound-capital/,ukpc_directory
Burges Salmon LLP,,VC/PE,United Kingdom,UK,Law Firms,,Independent UK law firm with a global reach.,Yes,https://www.ukprivatecapital.co.uk/organisation-profile/burges-salmon-llp/,ukpc_directory
BVK (German Private Equity and Venture Capital Association),,VC/PE,Germany,UK,Honorary,,Focused on the private equity industry in Germany.,Yes,https://www.ukprivatecapital.co.uk/organisation-profile/bvk-german-private-equity-and-venture-capital-association/,ukpc_directory
Caledonia Group Services Ltd,,PE,United Kingdom,UK,Direct Investor,,Self-managed investment trust company.,Yes,https://www.ukprivatecapital.co.uk/organisation-profile/caledonia-group-services-ltd/,ukpc_directory
Caledonia Investments plc (LP),,VC/PE,United Kingdom,UK,Institutional Investor,,,Yes,https://www.ukprivatecapital.co.uk/organisation-profile/caledonia-investments-plc-lp/,ukpc_directory
Cambridge Innovation Capital Ltd,,VC/PE,United Kingdom,UK,UK General Partner,,"Cambridge Innovation Capital (CIC) is a leading venture investor backing and building category-leading deep tech and life sciences companies. CIC currently manages in excess of £600 million, has  &#8230;",Yes,https://www.ukprivatecapital.co.uk/organisation-profile/cambridge-innovation-capital-ltd/,ukpc_directory
Campbell Lutyens & Co. Ltd,,VC/PE,United Kingdom,UK,Professional Services,,Independent advisory firm focused on fund placement and secondary advisory.,Yes,https://www.ukprivatecapital.co.uk/organisation-profile/campbell-lutyens-co-ltd/,ukpc_directory
Capital Dynamics,,VC/PE,United Kingdom,UK,Third-party Fund Manager,,"Capital Dynamics is an independent global asset management firm focusing on private assets including private equity, private credit, and clean energy infrastructure.",Yes,https://www.ukprivatecapital.co.uk/organisation-profile/capital-dynamics/,ukpc_directory
Carbometrix,,VC/PE,France,UK,Professional Services,,,Yes,https://www.ukprivatecapital.co.uk/organisation-profile/carbometrix-1/,ukpc_directory
Carey Olsen,,VC/PE,Guernsey,UK,Law Firms,,Offshore law firm delivering services to clients of key offshore financial centres.,Yes,https://www.ukprivatecapital.co.uk/organisation-profile/carey-olsen/,ukpc_directory
Carta,,VC/PE,United Kingdom,UK,Professional Services,,Vauban from Carta is the easiest way to launch & run your venture investing.,Yes,https://www.ukprivatecapital.co.uk/organisation-profile/carta/,ukpc_directory
Catapult Cell and Gene Therapy,,PE,United Kingdom,UK,Direct Investor,,"Growing a UK cell and gene therapy industry, delivering health and wealth.",Yes,https://www.ukprivatecapital.co.uk/organisation-profile/catapult-cell-and-gene-therapy/,ukpc_directory
Causeway Capital Partners,,VC/PE,Ireland,UK,Overseas General Partner,,,Yes,https://www.ukprivatecapital.co.uk/organisation-profile/causeway-capital-partners/,ukpc_directory
CBPE Capital,,VC/PE,United Kingdom,UK,UK General Partner,,Investing in UK-headquartered companies across a variety of sectors.,Yes,https://www.ukprivatecapital.co.uk/organisation-profile/cbpe-capital/,ukpc_directory
CD&R,,VC/PE,United Kingdom,UK,UK General Partner,,Private equity firm focused on collaboration with corporate and family business sellers.,Yes,https://www.ukprivatecapital.co.uk/organisation-profile/cdr/,ukpc_directory
CDPQ London LLP,,VC/PE,United Kingdom,UK,Institutional Investor,,Canadian long-term institutional investor and fund manager.,Yes,https://www.ukprivatecapital.co.uk/organisation-profile/cdpq-london-llp/,ukpc_directory
CedarBridge Capital Partners Ltd,,VC/PE,United Arab Emirates,UK,Overseas General Partner,,Private Equity investor in consumer segments in MENA and Europe,Yes,https://www.ukprivatecapital.co.uk/organisation-profile/cedarbridge-capital-partners-ltd/,ukpc_directory
CGE Partners LLP,,VC/PE,United Kingdom,UK,UK General Partner,,CGE Partners is a mid-market PE fund focused on ambitious high-growth companies across Western Europe,Yes,https://www.ukprivatecapital.co.uk/organisation-profile/cge-partners-llp/,ukpc_directory
Charles Russell Speechlys,,VC/PE,United Kingdom,UK,Law Firms,,"Law firm headquartered in London, with offices in the UK, Europe and the Middle East.",Yes,https://www.ukprivatecapital.co.uk/organisation-profile/charles-russell-speechlys/,ukpc_directory
Church Commissioners,,VC/PE,United Kingdom,UK,Institutional Investor,,"Supporting the Church of England's ministry, particularly in areas of need and opportunity.",Yes,https://www.ukprivatecapital.co.uk/organisation-profile/church-commissioners/,ukpc_directory
Cibus Capital LLP,,VC/PE,United Kingdom,UK,Impact Investment Fund,,,Yes,https://www.ukprivatecapital.co.uk/organisation-profile/cibus-capital-llp/,ukpc_directory
Cinven Limited,,VC/PE,United Kingdom,UK,UK General Partner,,"A leading pure-play, international private equity firm with nearly 50 years of investment experience.",Yes,https://www.ukprivatecapital.co.uk/organisation-profile/cinven-limited/,ukpc_directory
Circularity Capital,,VC/PE,United Kingdom,UK,Impact Investment Fund,,Circularity Capital is a specialist private equity firm investing in European growth stage businesses operating in the circular economy.,Yes,https://www.ukprivatecapital.co.uk/organisation-profile/circularity-capital/,ukpc_directory
Clarendon Fund Managers Limited,,VC/PE,United Kingdom,UK,UK General Partner,,A venture capital fund manager based in Belfast.,Yes,https://www.ukprivatecapital.co.uk/organisation-profile/clarendon-fund-managers-limited/,ukpc_directory
Claret Capital Partners,,Debt,United Kingdom,UK,Private Credit,,The principals of Claret Capital Partners have been providing growth financing to innovative businesses for more than 20 years.,Yes,https://www.ukprivatecapital.co.uk/organisation-profile/claret-capital-partners/,ukpc_directory
Clean Growth Investment Management LLP,,VC/PE,United Kingdom,UK,Impact Investment Fund,,"The Clean Growth Venture Capital Fund invests in UK early-stage, innovative climate tech companies across power, buildings, industry, transport, waste/water.",Yes,https://www.ukprivatecapital.co.uk/organisation-profile/clean-growth-investment-management-llp/,ukpc_directory
Cleary Gottlieb Steen & Hamilton LLP,,VC/PE,United Kingdom,UK,Law Firms,,Global law firm assisting with domestic and international legal and business challenges.,Yes,https://www.ukprivatecapital.co.uk/organisation-profile/cleary-gottlieb-steen-hamilton-llp/,ukpc_directory
Clifford Chance LLP,,VC/PE,United Kingdom,UK,Law Firms,,Global law firm with expertise and resources across five continents.,Yes,https://www.ukprivatecapital.co.uk/organisation-profile/clifford-chance-llp/,ukpc_directory
CMS Hong Kong LLP,,VC/PE,United Kingdom,UK,Law Firms,,Full service global law firm providing business-focused advice.,Yes,https://www.ukprivatecapital.co.uk/organisation-profile/cms-hong-kong-llp/,ukpc_directory
Coller Capital Limited,,VC/PE,United Kingdom,UK,Third-party Fund Manager,,"Coller Capital, founded in 1990, is one of the world's leading investors in the secondary market for private assets – and widely acknowledged as an innovator in secondaries. The firm provides  &#8230;",Yes,https://www.ukprivatecapital.co.uk/organisation-profile/coller-capital-limited/,ukpc_directory
Columbia Threadneedle Investment,,VC/PE,United Kingdom,UK,Third-party Fund Manager,,Private Equity asset manager investing in funds (primaries and secondaries) as well as co-investments across the globe.,Yes,https://www.ukprivatecapital.co.uk/organisation-profile/columbia-threadneedle-investment/,ukpc_directory
Commonfund Capital,,VC/PE,United Kingdom,UK,Third-party Fund Manager,,,Yes,https://www.ukprivatecapital.co.uk/organisation-profile/commonfund-capital/,ukpc_directory
ComplyCraft Consulting,,VC/PE,United Kingdom,UK,Professional Services,,,Yes,https://www.ukprivatecapital.co.uk/organisation-profile/complycraft-consulting/,ukpc_directory
Confidas People,,VC/PE,United Kingdom,UK,Professional Services,,Confidas People provides comprehensive Management Team Due Diligence and People Assessment to support investment decision making.,Yes,https://www.ukprivatecapital.co.uk/organisation-profile/confidas-people/,ukpc_directory
Connection Capital LLP,,VC/PE,United Kingdom,UK,UK General Partner,,Provider of equity capital to established UK companies.,Yes,https://www.ukprivatecapital.co.uk/organisation-profile/connection-capital-llp/,ukpc_directory
Connection Capital LLP (LP),,VC/PE,United Kingdom,UK,Institutional Investor,,,Yes,https://www.ukprivatecapital.co.uk/organisation-profile/connection-capital-llp-lp/,ukpc_directory
Consilium Capital,,VC/PE,United Kingdom,UK,Professional Services,,Specialist corporate finance firm dedicated to advising and raising capital internationally for companies and investment funds focussed on sustainable and impact investment,Yes,https://www.ukprivatecapital.co.uk/organisation-profile/consilium-capital/,ukpc_directory
Cooley LLP,,VC/PE,United Kingdom,UK,Law Firms,,"Cooley's lawyers solve legal issues for entrepreneurs, investors, financial institutions and established companies.",Yes,https://www.ukprivatecapital.co.uk/organisation-profile/cooley-llp/,ukpc_directory
Copilot Capital,,,United Kingdom,UK,,,,Yes,https://www.ukprivatecapital.co.uk/organisation-profile/copilot-capital/,ukpc_directory
Copper Street Capital,,VC/PE,United Kingdom,UK,UK General Partner,,"Established in 2015, Copper Street Capital LLP is a sector specialist investment firm focused exclusively on financial services.",Yes,https://www.ukprivatecapital.co.uk/organisation-profile/copper-street-capital/,ukpc_directory
CORDET Capital Partners LLP,,Debt,United Kingdom,UK,Private Credit,,,Yes,https://www.ukprivatecapital.co.uk/organisation-profile/cordet-capital-partners-llp/,ukpc_directory
Cordovan Capital Management,,VC/PE,United Kingdom,UK,UK General Partner,,Cordovan Capital Management is a UK and Ireland micro-cap private equity manager.,Yes,https://www.ukprivatecapital.co.uk/organisation-profile/cordovan-capital-management/,ukpc_directory
Cork Gully Asset Management Limited,,VC/PE,United Kingdom,UK,Professional Services,,,Yes,https://www.ukprivatecapital.co.uk/organisation-profile/cork-gully-asset-management-limited/,ukpc_directory
Cornerstone VC,,VC/PE,United Kingdom,UK,UK General Partner,,"Cornerstone VC focuses on a 'people first’ investment strategy, investing at pre-seed/seed in UK technology businesses led by diverse teams.",Yes,https://www.ukprivatecapital.co.uk/organisation-profile/cornerstone-vc/,ukpc_directory
Corvus Group,,VC/PE,United Kingdom,UK,Professional Services,,,Yes,https://www.ukprivatecapital.co.uk/organisation-profile/corvus-group/,ukpc_directory
Cosegic,,VC/PE,United Kingdom,UK,Professional Services,,"Founded in 2003, Cosegic provides assistance with FCA authorisation, SEC registration, ongoing consulting, prudential services, online training and compliance software.",Yes,https://www.ukprivatecapital.co.uk/organisation-profile/cosegic/,ukpc_directory
Covington & Burling LLP,,VC/PE,United Kingdom,UK,Law Firms,,"A global law firm with expertise in corporate, dispute resolution, regulatory and public policy advice across broad industry sectors.",Yes,https://www.ukprivatecapital.co.uk/organisation-profile/covington-burling-llp/,ukpc_directory
CPPIB,,VC/PE,United Kingdom,UK,Institutional Investor,,Investing assets of the Canada Pension Plan in the interest of its contributors.,Yes,https://www.ukprivatecapital.co.uk/organisation-profile/cppib/,ukpc_directory
Crowe UK LLP,,VC/PE,United Kingdom,UK,Professional Services,,,Yes,https://www.ukprivatecapital.co.uk/organisation-profile/crowe-uk-llp/,ukpc_directory
CVC Advisers Limited,,VC/PE,United Kingdom,UK,UK General Partner,,Private equity and investment advisory firms.,Yes,https://www.ukprivatecapital.co.uk/organisation-profile/cvc-advisers-limited/,ukpc_directory
CVC Credit Partners,,Debt,United Kingdom,UK,Private Credit,,,Yes,https://www.ukprivatecapital.co.uk/organisation-profile/cvc-credit-partners/,ukpc_directory
CVC Secondary Partners,,VC/PE,United Kingdom,UK,Third-party Fund Manager,,,Yes,https://www.ukprivatecapital.co.uk/organisation-profile/cvc-secondary-partners/,ukpc_directory
Cydar Medical,,VC/PE,United Kingdom,UK,Investee Company,,,Yes,https://www.ukprivatecapital.co.uk/organisation-profile/cydar-medical/,ukpc_directory
Cydea,,VC/PE,United Kingdom,UK,Professional Services,,"Cyber consultancy helping reduce risk, improve security posture and protect value for GPs, LPs and their portfolio companies.",Yes,https://www.ukprivatecapital.co.uk/organisation-profile/cydea/,ukpc_directory
Danesmead Advisory,,VC/PE,United Kingdom,UK,Professional Services,,,Yes,https://www.ukprivatecapital.co.uk/organisation-profile/danesmead-advisory/,ukpc_directory
Davis Polk & Wardwell London LLP,,VC/PE,United Kingdom,UK,Law Firms,,,Yes,https://www.ukprivatecapital.co.uk/organisation-profile/davis-polk-wardwell-london-llp/,ukpc_directory
Debevoise & Plimpton LLP,,VC/PE,United Kingdom,UK,Law Firms,,Providing legal services to private equity firms.,Yes,https://www.ukprivatecapital.co.uk/organisation-profile/debevoise-plimpton-llp/,ukpc_directory
Deloitte,,VC/PE,United Kingdom,UK,Professional Services,,"Providing audit, consulting, financial advisory, risk management, tax, and related services to select clients.",Yes,https://www.ukprivatecapital.co.uk/organisation-profile/deloitte/,ukpc_directory
Development Bank of Wales,,VC/PE,United Kingdom,UK,Impact Investment Fund,,"The Development Bank of Wales aims to provide sustainable, effective finance to Welsh businesses or those will to relocate.",Yes,https://www.ukprivatecapital.co.uk/organisation-profile/development-bank-of-wales/,ukpc_directory
Divela Investments Ltd.,,VC/PE,Bulgaria,UK,Institutional Investor,,,Yes,https://www.ukprivatecapital.co.uk/organisation-profile/divela-investments-ltd/,ukpc_directory
DLA Piper UK LLP,,VC/PE,United Kingdom,UK,Law Firms,,Provides full service legal advice from London and the major UK centres.,Yes,https://www.ukprivatecapital.co.uk/organisation-profile/dla-piper-uk-llp/,ukpc_directory
DSW Venture Capital LLP,,VC/PE,United Kingdom,UK,UK General Partner,,,Yes,https://www.ukprivatecapital.co.uk/organisation-profile/dsw-venture-capital-llp/,ukpc_directory
Duke Street,,VC/PE,United Kingdom,UK,UK General Partner,,Private equity firm focused on on mid market Western European buyouts.,Yes,https://www.ukprivatecapital.co.uk/organisation-profile/duke-street/,ukpc_directory
Dyer Baade & Company Advisory Ltd.,,VC/PE,United Kingdom,UK,Professional Services,,"Dyer Baade & Company is an independent M&A advisory boutique working predominantly with founders, CEOs, and professional investors of leading privately owned businesses who are seeking  &#8230;",Yes,https://www.ukprivatecapital.co.uk/organisation-profile/dyer-baade-company-advisory-ltd/,ukpc_directory
ECI Partners LLP,,VC/PE,United Kingdom,UK,UK General Partner,,UK growth-focused private equity firm.,Yes,https://www.ukprivatecapital.co.uk/organisation-profile/eci-partners-llp/,ukpc_directory
Edge Investment Limited,,VC/PE,United Kingdom,UK,UK General Partner,,"Focused on the creative industries sector, they have raised funds approaching &pound;200 million.",Yes,https://www.ukprivatecapital.co.uk/organisation-profile/edge-investment-limited/,ukpc_directory
Eight Advisory,,VC/PE,United Kingdom,UK,Professional Services,,Financial and operations consultancy.,Yes,https://www.ukprivatecapital.co.uk/organisation-profile/eight-advisory/,ukpc_directory
EKA Ventures,,VC/PE,United Kingdom,UK,Impact Investment Fund,,,Yes,https://www.ukprivatecapital.co.uk/organisation-profile/eka-ventures/,ukpc_directory
Elbow Beach Investments,,PE,United Kingdom,UK,Direct Investor,,,Yes,https://www.ukprivatecapital.co.uk/organisation-profile/elbow-beach-investments/,ukpc_directory
Elysian Capital LLP,,VC/PE,United Kingdom,UK,UK General Partner,,Private equity firm in the UK lower mid-market.,Yes,https://www.ukprivatecapital.co.uk/organisation-profile/elysian-capital-llp/,ukpc_directory
EMK Capital,,VC/PE,United Kingdom,UK,UK General Partner,,,Yes,https://www.ukprivatecapital.co.uk/organisation-profile/emk-capital/,ukpc_directory
EMV Capital,,VC/PE,United Kingdom,UK,UK General Partner,,"VC investor specialising in early stage high-growth deep tech companies in the life science, sustainability and industrials sectors.",Yes,https://www.ukprivatecapital.co.uk/organisation-profile/emv-capital/,ukpc_directory
Enterprise Ireland,,VC/PE,Ireland,UK,Institutional Investor,,,Yes,https://www.ukprivatecapital.co.uk/organisation-profile/enterprise-ireland/,ukpc_directory
EPIC Investment Partners LLP,,VC/PE,United Kingdom,UK,UK General Partner,,"An independent manager, advisory boutique and placement agent.",Yes,https://www.ukprivatecapital.co.uk/organisation-profile/epic-investment-partners-llp/,ukpc_directory
Epiris LLP,,VC/PE,United Kingdom,UK,UK General Partner,,Epiris is a leading independent private equity fund manager with more than 25 years&rsquo; experience.,Yes,https://www.ukprivatecapital.co.uk/organisation-profile/epiris-llp/,ukpc_directory
Equinor Energy Ventures,,CVC,Norway,UK,Corporate Venture,,,Yes,https://www.ukprivatecapital.co.uk/organisation-profile/equinor-energy-ventures/,ukpc_directory
Equistone Partners Europe Limited,,VC/PE,United Kingdom,UK,UK General Partner,,Lower mid-market private equity investor in Europe.,Yes,https://www.ukprivatecapital.co.uk/organisation-profile/equistone-partners-europe-limited/,ukpc_directory
Esas Holding UK Limited,,VC/PE,United Kingdom,UK,Institutional Investor,,,Yes,https://www.ukprivatecapital.co.uk/organisation-profile/esas-holding-uk-limited/,ukpc_directory
Esmée Fairbairn Foundation,,VC/PE,United Kingdom,UK,Institutional Investor,,"We aim to improve our natural world, secure a fairer future and strengthen the bonds in communities in the UK.",Yes,https://www.ukprivatecapital.co.uk/organisation-profile/esmee-fairbairn-foundation/,ukpc_directory
Estonian Private Equity & Venture Capital Association,,VC/PE,Estonia,UK,Honorary,,,Yes,https://www.ukprivatecapital.co.uk/organisation-profile/estonian-private-equity-venture-capital-association/,ukpc_directory
ETF Partners,,VC/PE,United Kingdom,UK,Impact Investment Fund,,"Founded in 2005, ETF Partners (The Environmental Technologies Fund) is Europe’s original venture capital firm dedicated to sustainability and impact investing. For nearly twenty years, we have  &#8230;",Yes,https://www.ukprivatecapital.co.uk/organisation-profile/etf-partners/,ukpc_directory
European Bank for Reconstruction and Development,,VC/PE,United Kingdom,UK,Institutional Investor,,Providing investments that foster growth and innovation and promote countries' transition to market economies.,Yes,https://www.ukprivatecapital.co.uk/organisation-profile/european-bank-for-reconstruction-and-development/,ukpc_directory
Evercore Partners,,VC/PE,United Kingdom,UK,Professional Services,,,Yes,https://www.ukprivatecapital.co.uk/organisation-profile/evercore-partners/,ukpc_directory
Eversheds Sutherland LLP,,VC/PE,United Kingdom,UK,Law Firms,,"Full service, international law firm acting for the public and private sector.",Yes,https://www.ukprivatecapital.co.uk/organisation-profile/eversheds-sutherland-llp/,ukpc_directory
Exponent Private Equity LLP,,VC/PE,United Kingdom,UK,UK General Partner,,Private equity firm investing in UK headquartered businesses.,Yes,https://www.ukprivatecapital.co.uk/organisation-profile/exponent-private-equity-llp/,ukpc_directory
EY,,VC/PE,United Kingdom,UK,Professional Services,,"Providing Assurance, Tax, Advisory and Transaction Advisory Services.",Yes,https://www.ukprivatecapital.co.uk/organisation-profile/ey/,ukpc_directory
Farrer & Co LLP,,VC/PE,United Kingdom,UK,Law Firms,,,Yes,https://www.ukprivatecapital.co.uk/organisation-profile/farrer-co-llp/,ukpc_directory
Felix Capital,,VC/PE,United Kingdom,UK,UK General Partner,,,Yes,https://www.ukprivatecapital.co.uk/organisation-profile/felix-capital/,ukpc_directory
Fiduciary Co-investment Partners,,VC/PE,United Kingdom,UK,UK General Partner,,Specialist private equity firm providing co-investments on a deal by deal basis.,Yes,https://www.ukprivatecapital.co.uk/organisation-profile/fiduciary-co-investment-partners/,ukpc_directory
Fieldfisher,,VC/PE,United Kingdom,UK,Law Firms,,,Yes,https://www.ukprivatecapital.co.uk/organisation-profile/fieldfisher/,ukpc_directory
First Imagine! Ventures,,VC/PE,United Kingdom,UK,UK General Partner,,,Yes,https://www.ukprivatecapital.co.uk/organisation-profile/first-imagine-ventures/,ukpc_directory
Fishawack Health,,VC/PE,United Kingdom,UK,Investee Company,,,Yes,https://www.ukprivatecapital.co.uk/organisation-profile/fishawack-health/,ukpc_directory
FPE Capital LLP,,VC/PE,United Kingdom,UK,UK General Partner,,A growth equity investor in the UK lower middle-market.,Yes,https://www.ukprivatecapital.co.uk/organisation-profile/fpe-capital-llp/,ukpc_directory
Francisco Partners,,VC/PE,United Kingdom,UK,UK General Partner,,Global private equity firm focused on technology and technology-enabled services businesses.,Yes,https://www.ukprivatecapital.co.uk/organisation-profile/francisco-partners/,ukpc_directory
Freshfields Bruckhaus Deringer,,VC/PE,United Kingdom,UK,Law Firms,,"Global law firm providing a range of services to corporations, financial institutions and governments.",Yes,https://www.ukprivatecapital.co.uk/organisation-profile/freshfields-bruckhaus-deringer/,ukpc_directory
FreshMinds,,VC/PE,United Kingdom,UK,Professional Services,,"A market research, recruitment and interim resource firm.",Yes,https://www.ukprivatecapital.co.uk/organisation-profile/freshminds/,ukpc_directory
Fried Frank LLP,,VC/PE,United Kingdom,UK,Law Firms,,"Fried, Frank, Harris, Shriver & Jacobson LLP is a leading international law firm with approximately 500 lawyers who advise the world's leading corporations, investment funds and financial  &#8230;",Yes,https://www.ukprivatecapital.co.uk/organisation-profile/fried-frank-llp/,ukpc_directory
Frog Capital Limited,,VC/PE,United Kingdom,UK,UK General Partner,,Frog invests in ambitious European growth stage companies.,Yes,https://www.ukprivatecapital.co.uk/organisation-profile/frog-capital-limited/,ukpc_directory
Funding London,,VC/PE,United Kingdom,UK,Institutional Investor,,Seeking to bridge the funding gap for SMEs in London and enabling opportunities for sustainable growth.,Yes,https://www.ukprivatecapital.co.uk/organisation-profile/funding-london/,ukpc_directory
Future Planet Capital,,VC/PE,United Kingdom,UK,UK General Partner,,A venture capital firm based in the heart of Birmingham.,Yes,https://www.ukprivatecapital.co.uk/organisation-profile/future-planet-capital/,ukpc_directory
FW Capital,,VC/PE,United Kingdom,UK,UK General Partner,,,Yes,https://www.ukprivatecapital.co.uk/organisation-profile/fw-capital/,ukpc_directory
G Square Healthcare Private Equity LLP,,VC/PE,United Kingdom,UK,UK General Partner,,Private equity firm investing in mid-market Healthcare companies primarily in Europe,Yes,https://www.ukprivatecapital.co.uk/organisation-profile/g-square-healthcare-private-equity-llp/,ukpc_directory
Gen II,,VC/PE,Jersey,UK,Professional Services,,"Gen II is a leading global fund administration provider focused entirely on serving private capital asset managers and investors. Since its inception in 2009, the company has become one of the  &#8230;",Yes,https://www.ukprivatecapital.co.uk/organisation-profile/gen-ii/,ukpc_directory
General Atlantic,,VC/PE,United Kingdom,UK,UK General Partner,,Independent investment management partnership focused on global change.,Yes,https://www.ukprivatecapital.co.uk/organisation-profile/general-atlantic/,ukpc_directory
GHO Capital LLP,,VC/PE,United Kingdom,UK,UK General Partner,,Specialist investor in European healthcare.,Yes,https://www.ukprivatecapital.co.uk/organisation-profile/gho-capital-llp/,ukpc_directory
"Gibson, Dunn & Crutcher UK LLP",,VC/PE,United Kingdom,UK,Law Firms,,"Gibson, Dunn & Crutcher, with more than 1,300 lawyers in 20 offices in major cities throughout the United States, Europe, the Middle East, Asia and South America, is committed to providing the  &#8230;",Yes,https://www.ukprivatecapital.co.uk/organisation-profile/gibson-dunn-crutcher-uk-llp/,ukpc_directory
GIC (London) Private Limited,,VC/PE,United Kingdom,UK,Institutional Investor,,Investors contributing to the well-being of current and future generations of Singaporeans.,Yes,https://www.ukprivatecapital.co.uk/organisation-profile/gic-london-private-limited/,ukpc_directory
Gleiss Lutz Hootz Hirsch PartmbB,,VC/PE,United Kingdom,UK,Law Firms,,,Yes,https://www.ukprivatecapital.co.uk/organisation-profile/gleiss-lutz-hootz-hirsch-partmbb/,ukpc_directory
Global Infrastructure Partners,,VC/PE,United Kingdom,UK,UK General Partner,,"A global, independent infrastructure investor.",Yes,https://www.ukprivatecapital.co.uk/organisation-profile/global-infrastructure-partners/,ukpc_directory
Globalization Partners,,VC/PE,United States,UK,Professional Services,,Globalization Partners’ Global Expansion Platform™ enables you to hire in more than 170 countries within days.,Yes,https://www.ukprivatecapital.co.uk/organisation-profile/globalization-partners/,ukpc_directory
Goodwin,,VC/PE,United Kingdom,UK,Law Firms,,Law firm focused on the private equity and real estate sectors.,Yes,https://www.ukprivatecapital.co.uk/organisation-profile/goodwin/,ukpc_directory
Governance 360,,VC/PE,United Kingdom,UK,Investee Company,,,Yes,https://www.ukprivatecapital.co.uk/organisation-profile/governance-360/,ukpc_directory
Gowling WLG,,VC/PE,United Kingdom,UK,Law Firms,,UK-headquartered law firm providing a full range of legal services to clients worldwide.,Yes,https://www.ukprivatecapital.co.uk/organisation-profile/gowling-wlg/,ukpc_directory
Grant Thornton UK Advisory & Tax LLP,,VC/PE,United Kingdom,UK,Professional Services,,Financial and business advisor serving the public and private sector.,Yes,https://www.ukprivatecapital.co.uk/organisation-profile/grant-thornton-uk-advisory-tax-llp/,ukpc_directory
Graphite Capital Management LLP,,VC/PE,United Kingdom,UK,UK General Partner,,Independent private equity investor focused on the UK mid-market.,Yes,https://www.ukprivatecapital.co.uk/organisation-profile/graphite-capital-management-llp/,ukpc_directory
Green Project Technologies,,VC/PE,United States,UK,Professional Services,,Green Project works with over 45 GPs to support carbon accounting and ESG management across their hundreds of portfolio companies.,Yes,https://www.ukprivatecapital.co.uk/organisation-profile/green-project-technologies/,ukpc_directory
Growth Capital Partners LLP (GCP),,VC/PE,United Kingdom,UK,UK General Partner,,Provider of blended debt and equity to UK small to medium sized enterprises.,Yes,https://www.ukprivatecapital.co.uk/organisation-profile/growth-capital-partners-llp-gcp/,ukpc_directory
Growth Fund 1,,VC/PE,United Kingdom,UK,First Time Fund Manager,,,Yes,https://www.ukprivatecapital.co.uk/organisation-profile/growth-fund-1/,ukpc_directory
Growth Partner,,VC/PE,United Kingdom,UK,Institutional Investor,,,Yes,https://www.ukprivatecapital.co.uk/organisation-profile/growth-partner-1/,ukpc_directory
Guernsey Finance,,VC/PE,Guernsey,UK,Professional Services,,Promotional agency for Guernsey's finance industry internationally.,Yes,https://www.ukprivatecapital.co.uk/organisation-profile/guernsey-finance/,ukpc_directory
Haley Guiliano International LLP,,VC/PE,United Kingdom,UK,Law Firms,,Haley Guiliano is a law firm specialising in intellectual property management. We work with intellectual property assets for business advantage.,Yes,https://www.ukprivatecapital.co.uk/organisation-profile/haley-guiliano-international-llp/,ukpc_directory
Hamilton Lane,,VC/PE,United Kingdom,UK,Third-party Fund Manager,,Independent alternative investment management firm.,Yes,https://www.ukprivatecapital.co.uk/organisation-profile/hamilton-lane/,ukpc_directory
HarbourVest Partners (U.K.) Limited,,VC/PE,United Kingdom,UK,Third-party Fund Manager,,Global private markets investment firm investing in all areas of private equity.,Yes,https://www.ukprivatecapital.co.uk/organisation-profile/harbourvest-partners-uk-limited/,ukpc_directory
Hayfin Capital,,VC/PE,United Kingdom,UK,Institutional Investor,,,Yes,https://www.ukprivatecapital.co.uk/organisation-profile/hayfin-capital/,ukpc_directory
Healthcare of Ontario Pension Plan (HOOPP),,VC/PE,Canada,UK,Institutional Investor,,"We manage a global, multi-asset class investment portfolio. Our team of in-house investment professionals use long-term and liability-driven strategies to build a diverse portfolio of  &#8230;",Yes,https://www.ukprivatecapital.co.uk/organisation-profile/healthcare-of-ontario-pension-plan-hoopp/,ukpc_directory
Herbert Smith Freehills Kramer LLP,,VC/PE,United Kingdom,UK,Law Firms,,Advising organisations across all major regions of the globe.,Yes,https://www.ukprivatecapital.co.uk/organisation-profile/herbert-smith-freehills-kramer-llp/,ukpc_directory
Hermes GPE LLP,,VC/PE,United Kingdom,UK,Third-party Fund Manager,,Independent investor in global private markets.,Yes,https://www.ukprivatecapital.co.uk/organisation-profile/hermes-gpe-llp/,ukpc_directory
HG Capital,,VC/PE,United Kingdom,UK,UK General Partner,,"Independent private equity partnership investing in TMT, services, industrials and renewables.",Yes,https://www.ukprivatecapital.co.uk/organisation-profile/hg-capital/,ukpc_directory
HgCapital Trust plc,,VC/PE,United Kingdom,UK,Institutional Investor,,HGT is a private equity focused Investment Company and a member of the FTSE250,Yes,https://www.ukprivatecapital.co.uk/organisation-profile/hgcapital-trust-plc/,ukpc_directory
Hogan Lovells,,VC/PE,United Kingdom,UK,Law Firms,,"A global leader that delivers exceptional legal services in highly regulated sectors, achieving results for our clients and society.",Yes,https://www.ukprivatecapital.co.uk/organisation-profile/hogan-lovells/,ukpc_directory
Hollyport Capital,,VC/PE,United Kingdom,UK,Third-party Fund Manager,,Hollyport Capital is a secondary manager that specialises in acquiring tail-end private equity fund interests and investments from longstanding investors.,Yes,https://www.ukprivatecapital.co.uk/organisation-profile/hollyport-capital/,ukpc_directory
Howden Insurance Brokers Ltd,,VC/PE,United Kingdom,UK,Professional Services,,Independent employee-owned insurance broker.,Yes,https://www.ukprivatecapital.co.uk/organisation-profile/howden-insurance-brokers-ltd/,ukpc_directory
HSBC Innovation Banking,,VC/PE,United Kingdom,UK,Financial Institution,,Providing financial solutions and business insights designed for growing companies.,Yes,https://www.ukprivatecapital.co.uk/organisation-profile/hsbc-innovation-banking/,ukpc_directory
HSBC Strategic Innovation Investments,,CVC,United Kingdom,UK,Corporate Venture,,,Yes,https://www.ukprivatecapital.co.uk/organisation-profile/hsbc-strategic-innovation-investments/,ukpc_directory
HSBC UK Bank plc,,VC/PE,United Kingdom,UK,Financial Institution,,International bank connecting customers to opportunities.,Yes,https://www.ukprivatecapital.co.uk/organisation-profile/hsbc-uk-bank-plc/,ukpc_directory
Huawei Technologies (LP),,VC/PE,China,UK,Institutional Investor,,,Yes,https://www.ukprivatecapital.co.uk/organisation-profile/huawei-technologies-lp/,ukpc_directory
Huawei Technologies Co. Ltd,,CVC,China,UK,Corporate Venture,,,Yes,https://www.ukprivatecapital.co.uk/organisation-profile/huawei-technologies-co-ltd/,ukpc_directory
Hungarian Venture Capital and Private Equity Association,,VC/PE,Hungary,UK,Honorary,,Representative body of the Hungarian private equity and venture capital industry.,Yes,https://www.ukprivatecapital.co.uk/organisation-profile/hungarian-venture-capital-and-private-equity-association/,ukpc_directory
iCapital,,VC/PE,United Kingdom,UK,Professional Services,,,Yes,https://www.ukprivatecapital.co.uk/organisation-profile/icapital/,ukpc_directory
ICG (formerly Intermediate Capital Group) PLC,,VC/PE,United Kingdom,UK,UK General Partner,,"Specialist asset manager investing in private debt, credit and equity.",Yes,https://www.ukprivatecapital.co.uk/organisation-profile/icg-formerly-intermediate-capital-group-plc/,ukpc_directory
IGF Group Services Ltd,,VC/PE,United Kingdom,UK,Financial Institution,,Asset Based Lending provider of facilities between £1m & £15m,Yes,https://www.ukprivatecapital.co.uk/organisation-profile/igf-group-services-ltd/,ukpc_directory
IH International Advisors Ltd,,VC/PE,United Kingdom,UK,Institutional Investor,,,Yes,https://www.ukprivatecapital.co.uk/organisation-profile/ih-international-advisors-ltd/,ukpc_directory
IK Partners,,VC/PE,United Kingdom,UK,UK General Partner,,European private equity advisory group with Nordic roots.,Yes,https://www.ukprivatecapital.co.uk/organisation-profile/ik-partners/,ukpc_directory
Imperial College Innovations Ltd,,VC/PE,United Kingdom,UK,Academic Institution,,"Imperial College London is founded on the principle that research, teaching and industrial practice interact and generate benefits for all.",Yes,https://www.ukprivatecapital.co.uk/organisation-profile/imperial-college-innovations-ltd/,ukpc_directory
Inbound Fintech Ltd,,VC/PE,United Kingdom,UK,Professional Services,,,Yes,https://www.ukprivatecapital.co.uk/organisation-profile/inbound-fintech-ltd/,ukpc_directory
Infra One UK Management Limited,,VC/PE,United Kingdom,UK,Third-party Fund Manager,,,Yes,https://www.ukprivatecapital.co.uk/organisation-profile/infra-one-uk-management-limited/,ukpc_directory
Innovate UK,,VC/PE,United Kingdom,UK,Honorary,,,Yes,https://www.ukprivatecapital.co.uk/organisation-profile/innovate-uk/,ukpc_directory
Inspirit Capital,,VC/PE,United Kingdom,UK,UK General Partner,,Inspirit is a London-based investment firm focused on acquiring and transforming small and medium-sized companies headquartered in the UK,Yes,https://www.ukprivatecapital.co.uk/organisation-profile/inspirit-capital/,ukpc_directory
Inter TradeIreland,,VC/PE,United Kingdom,UK,Professional Services,,"Providing cross-border business funding, business intelligence and meaningful contacts to SMEs based in Ireland.",Yes,https://www.ukprivatecapital.co.uk/organisation-profile/inter-tradeireland/,ukpc_directory
Invest Europe,,VC/PE,Belgium,UK,Honorary,,"Representative body for Europe's private equity, venture capital, and infrastructure sectors, along with their investors.",Yes,https://www.ukprivatecapital.co.uk/organisation-profile/invest-europe/,ukpc_directory
Investec Bank plc,,VC/PE,United Kingdom,UK,Financial Institution,,Specialist bank and asset manager.,Yes,https://www.ukprivatecapital.co.uk/organisation-profile/investec-bank-plc/,ukpc_directory
IP Group,,PE,United Kingdom,UK,Direct Investor,,,Yes,https://www.ukprivatecapital.co.uk/organisation-profile/ip-group/,ukpc_directory
IQ Capital Partners LLP,,VC/PE,United Kingdom,UK,UK General Partner,,Technology focused venture capital investor.A venture capital investor focused on UK 'deep-tech' businesses capable of dominating their respective markets on a global scale.,Yes,https://www.ukprivatecapital.co.uk/organisation-profile/iq-capital-partners-llp/,ukpc_directory
IQ-EQ,,VC/PE,Isle of Man,UK,Professional Services,,IQ-EQ is a leading investor services group that combines global expertise with an unwavering focus on client service delivery.,Yes,https://www.ukprivatecapital.co.uk/organisation-profile/iq-eq/,ukpc_directory
Ireland Strategic Investment Fund,,VC/PE,Ireland,UK,Institutional Investor,,Ireland's sovereign development fund with a mandate to invest on a commercial basis to support economic activity in Ireland,Yes,https://www.ukprivatecapital.co.uk/organisation-profile/ireland-strategic-investment-fund/,ukpc_directory
Irish Venture Capital Association,,VC/PE,Ireland,UK,Honorary,,Representing venture capital in the Republic of Ireland and Northern Ireland.,Yes,https://www.ukprivatecapital.co.uk/organisation-profile/irish-venture-capital-association/,ukpc_directory
Isomer Capital,,VC/PE,United Kingdom,UK,Third-party Fund Manager,,,Yes,https://www.ukprivatecapital.co.uk/organisation-profile/isomer-capital/,ukpc_directory
IW Capital Limited,,VC/PE,United Kingdom,UK,First Time Fund Manager,,,Yes,https://www.ukprivatecapital.co.uk/organisation-profile/iw-capital-limited/,ukpc_directory
J P Morgan Asset Management,,VC/PE,United Kingdom,UK,Third-party Fund Manager,,,Yes,https://www.ukprivatecapital.co.uk/organisation-profile/j-p-morgan-asset-management/,ukpc_directory
Jamieson Corporate Finance LLP,,VC/PE,United Kingdom,UK,Professional Services,,Independent advisory firm focused on management driven private equity transactions and private company M&A.,Yes,https://www.ukprivatecapital.co.uk/organisation-profile/jamieson-corporate-finance-llp/,ukpc_directory
Jenson Funding Partners LLP,,VC/PE,United Kingdom,UK,UK General Partner,,A Venture Capital fund manager investing in and supporting companies throughout their investment lifecycle,Yes,https://www.ukprivatecapital.co.uk/organisation-profile/jenson-funding-partners-llp/,ukpc_directory
Jersey Finance Limited,,VC/PE,Jersey,UK,Professional Services,,Promoting and developing Jersey as an international finance centre.,Yes,https://www.ukprivatecapital.co.uk/organisation-profile/jersey-finance-limited/,ukpc_directory
Johnston Carmichael LLP,,VC/PE,United Kingdom,UK,Professional Services,,"Johnston Carmichael is proud to be a leading independent UK accountancy and business advisory firm. With over 1000 sharp minds across its offices nationwide, the business delivers specialist  &#8230;",Yes,https://www.ukprivatecapital.co.uk/organisation-profile/johnston-carmichael-llp/,ukpc_directory
Join Odin Limited,,VC/PE,United Kingdom,UK,Professional Services,,,Yes,https://www.ukprivatecapital.co.uk/organisation-profile/join-odin-limited/,ukpc_directory
Jolt Capital,,VC/PE,France,UK,Overseas General Partner,,Jolt Capital is a private equity firm that specialises in growth capital B2B Deeptech Investing.,Yes,https://www.ukprivatecapital.co.uk/organisation-profile/jolt-capital/,ukpc_directory
JTC,,VC/PE,United Kingdom,UK,Professional Services,,"JTC is a publicly listed, global professional services business with deep expertise in fund, corporate and private client services. Every JTC person is an owner of the business and this  &#8230;",Yes,https://www.ukprivatecapital.co.uk/organisation-profile/jtc/,ukpc_directory
Just Climate LLP,,VC/PE,United Kingdom,UK,Impact Investment Fund,,,Yes,https://www.ukprivatecapital.co.uk/organisation-profile/just-climate-llp/,ukpc_directory
K&L Gates,,VC/PE,United Kingdom,UK,Law Firms,,K&L Gates is a major international law firm with offices across five continents and a global focus on private equity.,Yes,https://www.ukprivatecapital.co.uk/organisation-profile/kl-gates/,ukpc_directory
Katten Muchin Rosenman UK LLP,,VC/PE,United Kingdom,UK,Law Firms,,,Yes,https://www.ukprivatecapital.co.uk/organisation-profile/katten-muchin-rosenman-uk-llp/,ukpc_directory
Kelp Global,,VC/PE,United Kingdom,UK,Professional Services,,"Empower Your Investment Decisions with Kelp's Comprehensive AI-Driven Platform Kelp is a leading full-service decision platform designed exclusively for alternative investment firms, including  &#8230;",Yes,https://www.ukprivatecapital.co.uk/organisation-profile/kelp-global/,ukpc_directory
Kester Capital LLP,,VC/PE,United Kingdom,UK,UK General Partner,,UK mid-market private equity firm.,Yes,https://www.ukprivatecapital.co.uk/organisation-profile/kester-capital-llp/,ukpc_directory
Key Capital Partners LLP,,VC/PE,United Kingdom,UK,UK General Partner,,UK investor in the smaller buyout market.,Yes,https://www.ukprivatecapital.co.uk/organisation-profile/key-capital-partners-llp/,ukpc_directory
Kin Fund Services,,VC/PE,United Kingdom,UK,Professional Services,,"The VC industry's one stop shop; offering a broad range of fund services, with a particular passion for bespoke solutions.",Yes,https://www.ukprivatecapital.co.uk/organisation-profile/kin-fund-services/,ukpc_directory
King & Spalding,,VC/PE,United Kingdom,UK,Law Firms,,"Celebrating more than 130 years of service, King &amp; Spalding is an international law firm that represents a broad array of clients, including half of the Fortune Global 100, with 1,300  &#8230;",Yes,https://www.ukprivatecapital.co.uk/organisation-profile/king-spalding/,ukpc_directory
Kings Park Capital,,VC/PE,United Kingdom,UK,UK General Partner,,"An independent lower mid-market private equity investment firm, owned by its partners.",Yes,https://www.ukprivatecapital.co.uk/organisation-profile/kings-park-capital/,ukpc_directory
Kirkland & Ellis International LLP,,VC/PE,United Kingdom,UK,Law Firms,,Providing global client and legal services to clients,Yes,https://www.ukprivatecapital.co.uk/organisation-profile/kirkland-ellis-international-llp/,ukpc_directory
KKR & Co.,,VC/PE,United Kingdom,UK,UK General Partner,,Global alternative asset manager.,Yes,https://www.ukprivatecapital.co.uk/organisation-profile/kkr-co/,ukpc_directory
KPMG LLP,,VC/PE,United Kingdom,UK,Professional Services,,"Providing audit, tax and advisory services.",Yes,https://www.ukprivatecapital.co.uk/organisation-profile/kpmg-llp/,ukpc_directory
Kroll Advisory Ltd,,VC/PE,United Kingdom,UK,Professional Services,,"Global financial services firm.Kroll is the world’s premier provider of services and digital products related to governance, risk and transparency.",Yes,https://www.ukprivatecapital.co.uk/organisation-profile/kroll-advisory-ltd/,ukpc_directory
Lakestar Advisors GmbH,,VC/PE,Switzerland,UK,UK General Partner,,,Yes,https://www.ukprivatecapital.co.uk/organisation-profile/lakestar-advisors-gmbh/,ukpc_directory
Langham Hall UK Services LLP,,VC/PE,United Kingdom,UK,Professional Services,,Independent specialist private equity fund administrator.,Yes,https://www.ukprivatecapital.co.uk/organisation-profile/langham-hall-uk-services-llp/,ukpc_directory
Lansdowne Partners (UK) LLP,,VC/PE,United Kingdom,UK,First Time Fund Manager,,,Yes,https://www.ukprivatecapital.co.uk/organisation-profile/lansdowne-partners-uk-llp/,ukpc_directory
Larchpoint Capital LLP,,VC/PE,United Kingdom,UK,Institutional Investor,,Deep roots and a long heritage in private equity.,Yes,https://www.ukprivatecapital.co.uk/organisation-profile/larchpoint-capital-llp/,ukpc_directory
Latham & Watkins,,VC/PE,United Kingdom,UK,Law Firms,,"Latham & Watkins' highly regarded private equity practice has comprehensive experience in every aspect of global private equity investment, including leveraged buyouts, cross border activities,  &#8230;",Yes,https://www.ukprivatecapital.co.uk/organisation-profile/latham-watkins/,ukpc_directory
LDC,,VC/PE,United Kingdom,UK,UK General Partner,,UK private equity investor in all key sectors.,Yes,https://www.ukprivatecapital.co.uk/organisation-profile/ldc/,ukpc_directory
Learn Pro Group,,VC/PE,United Kingdom,UK,Investee Company,,,Yes,https://www.ukprivatecapital.co.uk/organisation-profile/learn-pro-group/,ukpc_directory
Lemonedge,,VC/PE,United Kingdom,UK,Professional Services,,,Yes,https://www.ukprivatecapital.co.uk/organisation-profile/lemonedge/,ukpc_directory
Level 20,,VC/PE,United Kingdom,UK,Honorary,,Level 20 is a not for profit organisation dedicated to improving gender diversity in the European private equity industry.,Yes,https://www.ukprivatecapital.co.uk/organisation-profile/level-20/,ukpc_directory
"Levine Leichtman Capital Partners, Inc.",,VC/PE,United Kingdom,UK,UK General Partner,,An independent investment management firm based in Los Angeles.,Yes,https://www.ukprivatecapital.co.uk/organisation-profile/levine-leichtman-capital-partners-inc/,ukpc_directory
Lexington Partners,,VC/PE,United Kingdom,UK,Third-party Fund Manager,,Independent manager of secondary private equity and co-investment funds.,Yes,https://www.ukprivatecapital.co.uk/organisation-profile/lexington-partners/,ukpc_directory
LGPS Central Ltd,,VC/PE,United Kingdom,UK,Institutional Investor,,LGPS Central manages c£40bn of assets for nine local authority pension funds in the UK.,Yes,https://www.ukprivatecapital.co.uk/organisation-profile/lgps-central-ltd/,ukpc_directory
LGT Capital Partners,,VC/PE,United Kingdom,UK,Third-party Fund Manager,,,Yes,https://www.ukprivatecapital.co.uk/organisation-profile/lgt-capital-partners/,ukpc_directory
LGT Private Debt (UK) Ltd,,VC/PE,United Kingdom,UK,UK General Partner,,"Invests in pan-European equity, mezzanine and senior debt investments.",Yes,https://www.ukprivatecapital.co.uk/organisation-profile/lgt-private-debt-uk-ltd/,ukpc_directory
LifeArc,,VC/PE,United Kingdom,UK,Institutional Investor,,,Yes,https://www.ukprivatecapital.co.uk/organisation-profile/lifearc/,ukpc_directory
Lightrock,,VC/PE,United Kingdom,UK,Impact Investment Fund,,LGT Impact Ventures invests growth capital in for-profit companies with scalable solutions to societal and environmental challenges.,Yes,https://www.ukprivatecapital.co.uk/organisation-profile/lightrock/,ukpc_directory
Lincoln International LLP,,VC/PE,United Kingdom,UK,Professional Services,,Global investment bank focused on the mid-market.,Yes,https://www.ukprivatecapital.co.uk/organisation-profile/lincoln-international-llp/,ukpc_directory
Linklaters,,VC/PE,United Kingdom,UK,Law Firms,,"Global law firm advising companies, financial institutions, and governments.",Yes,https://www.ukprivatecapital.co.uk/organisation-profile/linklaters/,ukpc_directory
Livingbridge EP LLP,,VC/PE,United Kingdom,UK,UK General Partner,,Mid-market private equity firm investing in growing SMEs.,Yes,https://www.ukprivatecapital.co.uk/organisation-profile/livingbridge-ep-llp/,ukpc_directory
Lockton Companies LLP,,VC/PE,United Kingdom,UK,Professional Services,,Privately owned independent insurance brokerage firm.,Yes,https://www.ukprivatecapital.co.uk/organisation-profile/lockton-companies-llp/,ukpc_directory
London Stock Exchange Plc,,VC/PE,United Kingdom,UK,Professional Services,,,Yes,https://www.ukprivatecapital.co.uk/organisation-profile/london-stock-exchange-plc/,ukpc_directory
LongRiver Investments,,VC/PE,United Kingdom,UK,UK General Partner,,,Yes,https://www.ukprivatecapital.co.uk/organisation-profile/longriver-investments/,ukpc_directory
Lote Global Investments,,VC/PE,United Kingdom,UK,Institutional Investor,,,Yes,https://www.ukprivatecapital.co.uk/organisation-profile/lote-global-investments/,ukpc_directory
Love Ventures,,VC/PE,United Kingdom,UK,UK General Partner,,"Love Ventures invests in EIS eligible Technology companies in the Fintech, Proptech and Consumertech sectors from seed to Series A.",Yes,https://www.ukprivatecapital.co.uk/organisation-profile/love-ventures/,ukpc_directory
M&G Investments,,VC/PE,United Kingdom,UK,Institutional Investor,,International asset manager with expertise in all asset classes.,Yes,https://www.ukprivatecapital.co.uk/organisation-profile/mg-investments/,ukpc_directory
Macfarlanes LLP,,VC/PE,United Kingdom,UK,Law Firms,,"London-based law firm advising clients on corporate, commercial, and private matters.",Yes,https://www.ukprivatecapital.co.uk/organisation-profile/macfarlanes-llp/,ukpc_directory
Macmillan Cancer Support,,VC/PE,United Kingdom,UK,Impact Investment Fund,,,Yes,https://www.ukprivatecapital.co.uk/organisation-profile/macmillan-cancer-support/,ukpc_directory
MacTavish Group,,VC/PE,United Kingdom,UK,Professional Services,,,Yes,https://www.ukprivatecapital.co.uk/organisation-profile/mactavish-group-1/,ukpc_directory
Magnesium Capital,,VC/PE,United Kingdom,UK,First Time Fund Manager,,Magnesium Capital is a London-based Energy Transition-focused private equity firm that advises on investments in fast-growing technology and tech-led businesses that are enabling the shift to a  &#8230;,Yes,https://www.ukprivatecapital.co.uk/organisation-profile/magnesium-capital-1/,ukpc_directory
Main Set,,VC/PE,United Kingdom,UK,First Time Fund Manager,,,Yes,https://www.ukprivatecapital.co.uk/organisation-profile/main-set-1/,ukpc_directory
Malk Partners,,VC/PE,United Kingdom,UK,Professional Services,,,Yes,https://www.ukprivatecapital.co.uk/organisation-profile/malk-partners/,ukpc_directory
Marcena Capital,,VC/PE,United Kingdom,UK,Institutional Investor,,,Yes,https://www.ukprivatecapital.co.uk/organisation-profile/marcena-capital/,ukpc_directory
Marriott Harrison LLP,,VC/PE,United Kingdom,UK,Law Firms,,Marriott Harrison is a multi-practice business law firm providing high-quality advice to clients to ensure they achieve their commercial goals.,Yes,https://www.ukprivatecapital.co.uk/organisation-profile/marriott-harrison-llp/,ukpc_directory
Marsh - Private Equity and M&A Practice,,VC/PE,United Kingdom,UK,Professional Services,,Providing private equity and M&A services.,Yes,https://www.ukprivatecapital.co.uk/organisation-profile/marsh-private-equity-and-ma-practice/,ukpc_directory
Maven Capital Partners UK LLP,,VC/PE,United Kingdom,UK,UK General Partner,,UK private equity and property manager.,Yes,https://www.ukprivatecapital.co.uk/organisation-profile/maven-capital-partners-uk-llp/,ukpc_directory
Mayer Brown International LLP,,VC/PE,United Kingdom,UK,Law Firms,,"Global legal services provider advising clients across the Americas, Asia, Europe and the Middle East.",Yes,https://www.ukprivatecapital.co.uk/organisation-profile/mayer-brown-international-llp/,ukpc_directory
Mayfair Equity Partners,,VC/PE,United Kingdom,UK,UK General Partner,,,Yes,https://www.ukprivatecapital.co.uk/organisation-profile/mayfair-equity-partners/,ukpc_directory
Mercia Asset Management,,VC/PE,United Kingdom,UK,UK General Partner,,"Mercia is one of the most active regional investors uncovering the hidden value from across the North, Midlands and Scotland.",Yes,https://www.ukprivatecapital.co.uk/organisation-profile/mercia-asset-management/,ukpc_directory
Mercuri,,VC/PE,United Kingdom,UK,UK General Partner,,,Yes,https://www.ukprivatecapital.co.uk/organisation-profile/mercuri/,ukpc_directory
Metlife,,VC/PE,United Kingdom,UK,Institutional Investor,,"Global provider of life insurance, annuities, employee benefits and asset management.",Yes,https://www.ukprivatecapital.co.uk/organisation-profile/metlife/,ukpc_directory
Miras Management Ltd,,VC/PE,United Arab Emirates,UK,Institutional Investor,,,Yes,https://www.ukprivatecapital.co.uk/organisation-profile/miras-management-ltd/,ukpc_directory
MMC Ventures Ltd,,VC/PE,United Kingdom,UK,UK General Partner,,"Venture capital firm backing early-stage, high-growth companies.",Yes,https://www.ukprivatecapital.co.uk/organisation-profile/mmc-ventures-ltd/,ukpc_directory
MML UK Advisor LLP,,VC/PE,United Kingdom,UK,UK General Partner,,Independent firm investing in private businesses.,Yes,https://www.ukprivatecapital.co.uk/organisation-profile/mml-uk-advisor-llp/,ukpc_directory
Molten Ventures Plc,,VC/PE,United Kingdom,UK,UK General Partner,,"A venture capital investor focused on high-growth technology businesses in the UK, Republic of Ireland and Europe.",Yes,https://www.ukprivatecapital.co.uk/organisation-profile/molten-ventures-plc/,ukpc_directory
Montagu Private Equity LLP,,VC/PE,United Kingdom,UK,UK General Partner,,Investors in buyouts of businesses headquartered in Northern Europe.,Yes,https://www.ukprivatecapital.co.uk/organisation-profile/montagu-private-equity-llp/,ukpc_directory
Moonfare UK Limited,,VC/PE,United Kingdom,UK,Third-party Fund Manager,,,Yes,https://www.ukprivatecapital.co.uk/organisation-profile/moonfare-uk-limited/,ukpc_directory
Moore Kingston Smith,,VC/PE,United Kingdom,UK,Professional Services,,"Working with small, medium and large clients, we are a multi-disciplinary advisory, tax and audit firm with expertise across multiple sectors, uniquely positioned to help people realise their  &#8230;",Yes,https://www.ukprivatecapital.co.uk/organisation-profile/moore-kingston-smith/,ukpc_directory
"Morgan, Lewis & Bockius UK LLP",,VC/PE,United Kingdom,UK,Law Firms,,Global law firm providing business and commercial services.,Yes,https://www.ukprivatecapital.co.uk/organisation-profile/morgan-lewis-bockius-uk-llp/,ukpc_directory
Morrison & Foerster (UK) LLP,,VC/PE,United Kingdom,UK,Law Firms,,Global law firm providing a broad range of services.,Yes,https://www.ukprivatecapital.co.uk/organisation-profile/morrison-foerster-uk-llp/,ukpc_directory
Moscar Capital,,VC/PE,United Kingdom,UK,UK General Partner,,"Moscar Capital is a London-based venture capital firm founded in 2018 by Leo Davies and Timothy Marchant.&nbsp; The company&#39;s focus is to grow its new Founder Liquidity Fund, a novel  &#8230;",Yes,https://www.ukprivatecapital.co.uk/organisation-profile/moscar-capital/,ukpc_directory
Mountside Ventures,,VC/PE,United Kingdom,UK,Professional Services,,,Yes,https://www.ukprivatecapital.co.uk/organisation-profile/mountside-ventures/,ukpc_directory
Mourant,,VC/PE,Jersey,UK,Law Firms,,"Providing offshore legal services in the BVI, the Cayman Islands, Guernsey and Jersey.",Yes,https://www.ukprivatecapital.co.uk/organisation-profile/mourant/,ukpc_directory
Mubadala Capital,,VC/PE,United Kingdom,UK,Institutional Investor,,"Venture Capital arm of Mubadala Capital, with a €400m European growth fund and a fund-of-fund programme",Yes,https://www.ukprivatecapital.co.uk/organisation-profile/mubadala-capital/,ukpc_directory
Mubadala Capital (RS) Limited,,VC/PE,,UK,UK General Partner,,,Yes,https://www.ukprivatecapital.co.uk/organisation-profile/mubadala-capital-rs-limited/,ukpc_directory
Mustard Seed Impact Limited,,VC/PE,United Kingdom,UK,Impact Investment Fund,,,Yes,https://www.ukprivatecapital.co.uk/organisation-profile/mustard-seed-impact-limited/,ukpc_directory
National Grid PLC,,CVC,United Kingdom,UK,Corporate Venture,,,Yes,https://www.ukprivatecapital.co.uk/organisation-profile/national-grid-plc/,ukpc_directory
National Venture Capital Association (U.S),,VC/PE,United States,UK,Honorary,,Representative association of the U.S. venture capital industry.,Yes,https://www.ukprivatecapital.co.uk/organisation-profile/national-venture-capital-association-us/,ukpc_directory
Nauta Capital,,VC/PE,United Kingdom,UK,UK General Partner,,,Yes,https://www.ukprivatecapital.co.uk/organisation-profile/nauta-capital/,ukpc_directory
NCM Fund Services Limited,,VC/PE,United Kingdom,UK,Professional Services,,Provider of fund administration services.,Yes,https://www.ukprivatecapital.co.uk/organisation-profile/ncm-fund-services-limited/,ukpc_directory
Nctm LLP,,VC/PE,United Kingdom,UK,Law Firms,,,Yes,https://www.ukprivatecapital.co.uk/organisation-profile/nctm-llp/,ukpc_directory
NESTA,,VC/PE,United Kingdom,UK,Impact Investment Fund,,Charity with a mission to help people and organisations bring great ideas to life.,Yes,https://www.ukprivatecapital.co.uk/organisation-profile/nesta/,ukpc_directory
Nesta Trust,,VC/PE,United Kingdom,UK,Institutional Investor,,,Yes,https://www.ukprivatecapital.co.uk/organisation-profile/nesta-trust/,ukpc_directory
Neuberger Berman,,VC/PE,United Kingdom,UK,Third-party Fund Manager,,"Private, independent, employee-owned investment manager.",Yes,https://www.ukprivatecapital.co.uk/organisation-profile/neuberger-berman/,ukpc_directory
Nippon Life Global Investors Europe PLC,,VC/PE,United Kingdom,UK,Institutional Investor,,Life insurance company.,Yes,https://www.ukprivatecapital.co.uk/organisation-profile/nippon-life-global-investors-europe-plc/,ukpc_directory
Noa,,PE,United Kingdom,UK,Direct Investor,,,Yes,https://www.ukprivatecapital.co.uk/organisation-profile/noa/,ukpc_directory
Nordic Capital Limited,,VC/PE,Jersey,UK,UK General Partner,,"Investing in Nordic-based companies, Europe's German-speaking countries, and global healthcare companies.",Yes,https://www.ukprivatecapital.co.uk/organisation-profile/nordic-capital-limited/,ukpc_directory
NorthEdge Capital LLP,,VC/PE,United Kingdom,UK,UK General Partner,,Lower mid-market private equity firm focused on fast growing businesses headquartered in the North of England.,Yes,https://www.ukprivatecapital.co.uk/organisation-profile/northedge-capital-llp/,ukpc_directory
Northern Gritstone,,VC/PE,United Kingdom,UK,Impact Investment Fund,,Northern Gritstone is an independent business that helps amazing people who are living and working in the North of England to create the world-class businesses of tomorrow based on the  &#8230;,Yes,https://www.ukprivatecapital.co.uk/organisation-profile/northern-gritstone/,ukpc_directory
Northleaf Capital Partners,,VC/PE,United Kingdom,UK,Third-party Fund Manager,,"Independent, employee-owned global private markets investor with strong Canadian roots.",Yes,https://www.ukprivatecapital.co.uk/organisation-profile/northleaf-capital-partners/,ukpc_directory
Norton Rose Fulbright LLP,,VC/PE,United Kingdom,UK,Law Firms,,Global law firm providing a full business law service.,Yes,https://www.ukprivatecapital.co.uk/organisation-profile/norton-rose-fulbright-llp/,ukpc_directory
Norwegian Venture Capital & Private Equity Association (NVCA),,VC/PE,Norway,UK,Honorary,,Supporting companies active in the Norwegian private equity industry.,Yes,https://www.ukprivatecapital.co.uk/organisation-profile/norwegian-venture-capital-private-equity-association-nvca/,ukpc_directory
NVM Private Equity LLP,,VC/PE,United Kingdom,UK,UK General Partner,,Independently owned generalist investor in the UK.,Yes,https://www.ukprivatecapital.co.uk/organisation-profile/nvm-private-equity-llp/,ukpc_directory
O'Melveny & Myers LLP,,VC/PE,United Kingdom,UK,Law Firms,,International law firm operating in the world's financial and political centres.,Yes,https://www.ukprivatecapital.co.uk/organisation-profile/omelveny-myers-llp/,ukpc_directory
Oakley Capital Limited,,VC/PE,United Kingdom,UK,UK General Partner,,"Mid-market private equity firm investor, primarily investing in the UK and Western Europe.",Yes,https://www.ukprivatecapital.co.uk/organisation-profile/oakley-capital-limited/,ukpc_directory
OakNorth Bank PLC,,VC/PE,United Kingdom,UK,Financial Institution,,"OakNorth helps the UK's most ambitious business access the fast, flexible debt finance they need to succeed and scale.",Yes,https://www.ukprivatecapital.co.uk/organisation-profile/oaknorth-bank-plc/,ukpc_directory
Ogier,,VC/PE,Jersey,UK,Law Firms,,"Providing legal services on BVI, Cayman, Guernsey, Jersey and Luxembourg law.",Yes,https://www.ukprivatecapital.co.uk/organisation-profile/ogier/,ukpc_directory
Old College Capital,,VC/PE,United Kingdom,UK,UK General Partner,,,Yes,https://www.ukprivatecapital.co.uk/organisation-profile/old-college-capital/,ukpc_directory
Omni,,VC/PE,United Kingdom,UK,UK General Partner,,Omni Advisory Limited is a lower middle market private equity firm focused on the UK and Ireland.,Yes,https://www.ukprivatecapital.co.uk/organisation-profile/omni/,ukpc_directory
Omniplex (Group) Limited,,VC/PE,United Kingdom,UK,Investee Company,,,Yes,https://www.ukprivatecapital.co.uk/organisation-profile/omniplex-group-limited/,ukpc_directory
One Rock Capital Partners LLP,,VC/PE,United Kingdom,UK,UK General Partner,,,Yes,https://www.ukprivatecapital.co.uk/organisation-profile/one-rock-capital-partners-llp/,ukpc_directory
Osborne Clarke,,VC/PE,United Kingdom,UK,Law Firms,,"Providing legal services to meet clients' advisory, litigation and transactional needs.",Yes,https://www.ukprivatecapital.co.uk/organisation-profile/osborne-clarke/,ukpc_directory
Oxbotica,,VC/PE,United Kingdom,UK,Investee Company,,,Yes,https://www.ukprivatecapital.co.uk/organisation-profile/oxbotica/,ukpc_directory
Oxford Capital,,VC/PE,United Kingdom,UK,UK General Partner,,Investment manager in UK Venture Capital.,Yes,https://www.ukprivatecapital.co.uk/organisation-profile/oxford-capital/,ukpc_directory
Oxford Science Enterprises,,VC/PE,United Kingdom,UK,UK General Partner,,"Oxford Science Enterprises (OSE) is an independent, billion-pound investment company, created in 2015 to found, fund and build transformational businesses via its unique partnership with the  &#8230;",Yes,https://www.ukprivatecapital.co.uk/organisation-profile/oxford-science-enterprises/,ukpc_directory
Oxford University Innovation,,VC/PE,United Kingdom,UK,UK General Partner,,"University researchers who wish to commercialise their IP are supported by the Licensing & Ventures team which can assist with licensing and spinout formation, and liaising with technology  &#8230;",Yes,https://www.ukprivatecapital.co.uk/organisation-profile/oxford-university-innovation/,ukpc_directory
Oxx,,VC/PE,United Kingdom,UK,UK General Partner,,,Yes,https://www.ukprivatecapital.co.uk/organisation-profile/oxx/,ukpc_directory
PAI Partners UK Ltd.,,VC/PE,United Kingdom,UK,UK General Partner,,European private equity firm with headquarters in France.,Yes,https://www.ukprivatecapital.co.uk/organisation-profile/pai-partners-uk-ltd/,ukpc_directory
Palamon Capital Partners,,VC/PE,United Kingdom,UK,UK General Partner,,Private equity partnership that invests growth capital in European lower mid-market companies.,Yes,https://www.ukprivatecapital.co.uk/organisation-profile/palamon-capital-partners/,ukpc_directory
Palatine Private Equity LLP,,VC/PE,United Kingdom,UK,UK General Partner,,"An entrepreneurial, partner led private equity business.",Yes,https://www.ukprivatecapital.co.uk/organisation-profile/palatine-private-equity-llp/,ukpc_directory
Palladium Group Limited,,VC/PE,United Kingdom,UK,Professional Services,,Palladium drives growth and profitability in organisations by developing a clear digital strategy and embedding better ways of working.,Yes,https://www.ukprivatecapital.co.uk/organisation-profile/palladium-group-limited/,ukpc_directory
Palmer,,VC/PE,United Kingdom,UK,Professional Services,,Data-led private capital administrator that is better by design and free from legacy.,Yes,https://www.ukprivatecapital.co.uk/organisation-profile/palmer/,ukpc_directory
Pantheon,,VC/PE,United Kingdom,UK,Third-party Fund Manager,,"Global investor in private equity, infrastructure and real assets.",Yes,https://www.ukprivatecapital.co.uk/organisation-profile/pantheon-1/,ukpc_directory
Parkwalk Advisors Ltd,,VC/PE,United Kingdom,UK,UK General Partner,,"Parkwalk is the largest growth EIS fund manager, backing world-changing technologies emerging from the UK’s leading universities and research institutions.",Yes,https://www.ukprivatecapital.co.uk/organisation-profile/parkwalk-advisors-ltd/,ukpc_directory
Partners Group (UK) Ltd,,VC/PE,United Kingdom,UK,UK General Partner,,Global private markets investment manager.,Yes,https://www.ukprivatecapital.co.uk/organisation-profile/partners-group-uk-ltd/,ukpc_directory
Patria Private Equity (Europe),,VC/PE,United Kingdom,UK,Third-party Fund Manager,,Crafting unique investment opportunities for our clients and building a legacy in the regions where we operate.,Yes,https://www.ukprivatecapital.co.uk/organisation-profile/patria-private-equity-europe/,ukpc_directory
Paul Hastings (Europe) LLP,,VC/PE,United Kingdom,UK,Law Firms,,,Yes,https://www.ukprivatecapital.co.uk/organisation-profile/paul-hastings-europe-llp/,ukpc_directory
"Paul, Weiss, Rifkind, Wharton & Garrison LLP",,VC/PE,United Kingdom,UK,Law Firms,,The firm provides effective solutions to clients’ most complex challenges; advising private equity clients across the breadth of transactional practices.,Yes,https://www.ukprivatecapital.co.uk/organisation-profile/paul-weiss-rifkind-wharton-garrison-llp/,ukpc_directory
Pelican Capital LLP,,VC/PE,United Kingdom,UK,UK General Partner,,Pelican Capital is a UK-based private equity firm investing £10-£30million into UK businesses.,Yes,https://www.ukprivatecapital.co.uk/organisation-profile/pelican-capital-llp/,ukpc_directory
Pembroke VCT,,VC/PE,United Kingdom,UK,UK General Partner,,Pembroke VCT plc is a venture capital trust that provides investors with access to a private equity style investment strategy with significant tax benefits. As part of the Oakley Capital group  &#8230;,Yes,https://www.ukprivatecapital.co.uk/organisation-profile/pembroke-vct/,ukpc_directory
Pension Protection Fund,,VC/PE,United Kingdom,UK,Institutional Investor,,,Yes,https://www.ukprivatecapital.co.uk/organisation-profile/pension-protection-fund/,ukpc_directory
Penta Capital LLP,,VC/PE,United Kingdom,UK,UK General Partner,,"Independently owned private equity fund management business, specialising in the UK mid-market.",Yes,https://www.ukprivatecapital.co.uk/organisation-profile/penta-capital-llp/,ukpc_directory
PeopleCheck,,VC/PE,United Kingdom,UK,Professional Services,,"Organisations of all sizes are using our advanced background check technology to protect their brand, reputation and reduce hiring &amp; compliance risks.",Yes,https://www.ukprivatecapital.co.uk/organisation-profile/peoplecheck/,ukpc_directory
Permira Advisers (London) Ltd,,VC/PE,United Kingdom,UK,UK General Partner,,"International private equity firm focused on consumer, healthcare, financial services, industrials and technology",Yes,https://www.ukprivatecapital.co.uk/organisation-profile/permira-advisers-london-ltd/,ukpc_directory
Perwyn,,PE,United Kingdom,UK,Direct Investor,,"A family based business, built on family values. Perywn believe in the engagement with the companies we invest in.",Yes,https://www.ukprivatecapital.co.uk/organisation-profile/perwyn/,ukpc_directory
Phoenix Equity Partners,,VC/PE,United Kingdom,UK,UK General Partner,,"Phoenix is a growth partner helping outstanding founders and entrepreneurs to build bigger and better businesses. Phoenix invests in growing, UK-based businesses valued up to &pound;200m and  &#8230;",Yes,https://www.ukprivatecapital.co.uk/organisation-profile/phoenix-equity-partners/,ukpc_directory
PI Labs,,VC/PE,United Kingdom,UK,UK General Partner,,,Yes,https://www.ukprivatecapital.co.uk/organisation-profile/pi-labs/,ukpc_directory
Piper PE LLP,,VC/PE,United Kingdom,UK,UK General Partner,,Investment business specialising in consumer brands.,Yes,https://www.ukprivatecapital.co.uk/organisation-profile/piper-pe-llp/,ukpc_directory
Pitalia Capital,,PE,United Kingdom,UK,Direct Investor,,,Yes,https://www.ukprivatecapital.co.uk/organisation-profile/pitalia-capital/,ukpc_directory
PKF Littlejohn LLP,,VC/PE,United Kingdom,UK,Professional Services,,,Yes,https://www.ukprivatecapital.co.uk/organisation-profile/pkf-littlejohn-llp/,ukpc_directory
PNC Business Credit,,VC/PE,United Kingdom,UK,Financial Institution,,UK asset-based lender.,Yes,https://www.ukprivatecapital.co.uk/organisation-profile/pnc-business-credit/,ukpc_directory
Praxis Group,,,United Kingdom,UK,,,"Praxis is an independent provider of bespoke corporate &amp; fund administration services to individuals, families, and corporate and institutional clients across the world. With a 50-year track  &#8230;",Yes,https://www.ukprivatecapital.co.uk/organisation-profile/praxis-group/,ukpc_directory
Preqin Limited,,VC/PE,United Kingdom,UK,Professional Services,,"Preqin empowers financial professionals who invest in or allocate to private markets with essential data and insights. Acquired by BlackRock in 2025, Preqin complements the existing Aladdin  &#8230;",Yes,https://www.ukprivatecapital.co.uk/organisation-profile/preqin-limited/,ukpc_directory
Primary Capital Partners LLP,,VC/PE,United Kingdom,UK,UK General Partner,,Provider of private equity finance for UK-based growth companies.,Yes,https://www.ukprivatecapital.co.uk/organisation-profile/primary-capital-partners-llp/,ukpc_directory
Private Equity Recruitment Ltd,,VC/PE,United Kingdom,UK,Professional Services,,Recruitment consultancy for private markets funds globally.,Yes,https://www.ukprivatecapital.co.uk/organisation-profile/private-equity-recruitment-ltd/,ukpc_directory
Project Accountants Ltd,,VC/PE,Jersey,UK,Professional Services,,"A trusted name in fund and investment management accounting, bringing clarity to complex portfolios and helping firms improve operational efficiency.",Yes,https://www.ukprivatecapital.co.uk/organisation-profile/project-accountants-ltd/,ukpc_directory
Proskauer Rose (London) LLP,,VC/PE,United Kingdom,UK,Law Firms,,"Proskauer supports clients’ critical business needs in four strategic areas: asset/capital management, business transformation, risk management and talent management",Yes,https://www.ukprivatecapital.co.uk/organisation-profile/proskauer-rose-london-llp/,ukpc_directory
Proxximos,,VC/PE,United Kingdom,UK,Investee Company,,,Yes,https://www.ukprivatecapital.co.uk/organisation-profile/proxximos/,ukpc_directory
PSG Equity LLP,,VC/PE,United Kingdom,UK,UK General Partner,,"PSG invests in growth-stage software businesses and the founders and management teams that drive them. We know that every mile on their journey comes one successful step, decision, hire or  &#8230;",Yes,https://www.ukprivatecapital.co.uk/organisation-profile/psg-equity-llp/,ukpc_directory
PSIK - Polish Private Equity and Venture Capital Association,,VC/PE,Poland,UK,Honorary,,Promoting and developing the private equity and venture capital industry in Poland.,Yes,https://www.ukprivatecapital.co.uk/organisation-profile/psik-polish-private-equity-and-venture-capital-association/,ukpc_directory
PSP Investments Holding Europe Ltd,,VC/PE,United Kingdom,UK,Institutional Investor,,Canadian pension investment manager.,Yes,https://www.ukprivatecapital.co.uk/organisation-profile/psp-investments-holding-europe-ltd/,ukpc_directory
PwC,,VC/PE,United Kingdom,UK,Professional Services,,Professional services firm headquartered in London.,Yes,https://www.ukprivatecapital.co.uk/organisation-profile/pwc/,ukpc_directory
PXN Group,,VC/PE,United Kingdom,UK,UK General Partner,,"Owner-managed venture capital firm investing in small, high growth potential companies.",Yes,https://www.ukprivatecapital.co.uk/organisation-profile/pxn-group/,ukpc_directory
QIC,,VC/PE,Australia,UK,Institutional Investor,,QIC is a long-term specialist manager in alternatives and one of the largest institutional investment managers in Australia.,Yes,https://www.ukprivatecapital.co.uk/organisation-profile/qic/,ukpc_directory
Quadri Ventures,,VC/PE,Luxembourg,UK,UK General Partner,,"To date Quadri Ventures has invested in 8 startups across the US and UK, most recently in AllStacks’ $10m Series A, alongside co-investor Microsoft M12. Quadri Ventures also leads co-investments  &#8230;",Yes,https://www.ukprivatecapital.co.uk/organisation-profile/quadri-ventures/,ukpc_directory
Qubis,,VC/PE,United Kingdom,UK,Academic Institution,,,Yes,https://www.ukprivatecapital.co.uk/organisation-profile/qubis/,ukpc_directory
Queen's Park Equity,,VC/PE,United Kingdom,UK,UK General Partner,,,Yes,https://www.ukprivatecapital.co.uk/organisation-profile/queens-park-equity/,ukpc_directory
QX Accounting Services,,VC/PE,United Kingdom,UK,Professional Services,,"QX Accounting Services (QXAS) provides outsourcing, audit compliance, and automation solutions to accounting firms and private equity clients globally.",Yes,https://www.ukprivatecapital.co.uk/organisation-profile/qx-accounting-services/,ukpc_directory
Railpen,,VC/PE,United Kingdom,UK,Institutional Investor,,Supporting employers within the Railways Pension Scheme.,Yes,https://www.ukprivatecapital.co.uk/organisation-profile/railpen/,ukpc_directory
Raiven Capital,,VC/PE,Canada,UK,UK General Partner,,"Raiven Capital is a global venture fund with hubs in Toronto, Silicon Valley, Dubai, and London. &nbsp; Raiven concentrates on investments just before scaling begins. Focused on the intersection  &#8230;",Yes,https://www.ukprivatecapital.co.uk/organisation-profile/raiven-capital/,ukpc_directory
RCK Partners,,,United Kingdom,UK,,,,Yes,https://www.ukprivatecapital.co.uk/organisation-profile/rck-partners/,ukpc_directory
Re:Co Insights,,VC/PE,United Kingdom,UK,Professional Services,,Re:Co’s tech-powered advisory solutions enable private market investors and their portfolio companies to pursue value creation and sustainability in tandem.,Yes,https://www.ukprivatecapital.co.uk/organisation-profile/reco-insights/,ukpc_directory
Rede Partners LLP,,VC/PE,United Kingdom,UK,Professional Services,,Independent fundraising and secondary advisor to the private equity industry.,Yes,https://www.ukprivatecapital.co.uk/organisation-profile/rede-partners-llp/,ukpc_directory
Redington Limited,,VC/PE,United Kingdom,UK,Professional Services,,,Yes,https://www.ukprivatecapital.co.uk/organisation-profile/redington-limited/,ukpc_directory
Redrice Ventures,,VC/PE,United Kingdom,UK,First Time Fund Manager,,,Yes,https://www.ukprivatecapital.co.uk/organisation-profile/redrice-ventures/,ukpc_directory
Reed Smith LLP,,VC/PE,United Kingdom,UK,Law Firms,,Global law firm with experience across a broad range of sectors.,Yes,https://www.ukprivatecapital.co.uk/organisation-profile/reed-smith-llp/,ukpc_directory
Renaissance Advisory Services Limited,,VC/PE,United Kingdom,UK,Professional Services,,,Yes,https://www.ukprivatecapital.co.uk/organisation-profile/renaissance-advisory-services-limited/,ukpc_directory
Resolution Foundation,,VC/PE,United Kingdom,UK,Impact Investment Fund,,"Resolution Foundation is an independent charity and social investor, dedicated to improving the living standards of households on low-to-middle incomes.",Yes,https://www.ukprivatecapital.co.uk/organisation-profile/resolution-foundation/,ukpc_directory
REV Venture Partners,,CVC,United Kingdom,UK,Corporate Venture,,,Yes,https://www.ukprivatecapital.co.uk/organisation-profile/rev-venture-partners/,ukpc_directory
RFA,,VC/PE,United Kingdom,UK,Professional Services,,,Yes,https://www.ukprivatecapital.co.uk/organisation-profile/rfa/,ukpc_directory
River Capital,,VC/PE,United Kingdom,UK,UK General Partner,,"River Capital, part of the MSIF group, is a Fund Management company which helps ambitious small and medium sized businesses to accelerate their growth and achieve their full potential. Through  &#8230;",Yes,https://www.ukprivatecapital.co.uk/organisation-profile/river-capital/,ukpc_directory
Rockpool Investments,,VC/PE,United Kingdom,UK,UK General Partner,,"Rockpool invests in the UK lower mid-market on a deal by deal basis, funded by HNW individuals and family offices.",Yes,https://www.ukprivatecapital.co.uk/organisation-profile/rockpool-investments/,ukpc_directory
Ropes & Gray International LLP,,VC/PE,United Kingdom,UK,Law Firms,,Global law firm advising on critical legal and business needs.,Yes,https://www.ukprivatecapital.co.uk/organisation-profile/ropes-gray-international-llp/,ukpc_directory
Rosetta Capital Limited,,VC/PE,United Kingdom,UK,UK General Partner,,"Our investment approach is global, building leading healthcare companies and ground breaking technologies with the potential to enhance human lives. Our primary focus is direct secondary  &#8230;",Yes,https://www.ukprivatecapital.co.uk/organisation-profile/rosetta-capital-limited/,ukpc_directory
Royal London Asset Management,,VC/PE,United Kingdom,UK,Institutional Investor,,"UK fund management company, wholly owned by the Royal London Group.",Yes,https://www.ukprivatecapital.co.uk/organisation-profile/royal-london-asset-management/,ukpc_directory
RSM UK,,VC/PE,United Kingdom,UK,Professional Services,,,Yes,https://www.ukprivatecapital.co.uk/organisation-profile/rsm-uk/,ukpc_directory
Rutland Partners LLP,,VC/PE,United Kingdom,UK,UK General Partner,,A specialist turnaround and restructuring investor.,Yes,https://www.ukprivatecapital.co.uk/organisation-profile/rutland-partners-llp/,ukpc_directory
RW Blears LLP,,VC/PE,United Kingdom,UK,Law Firms,,Specialist lawyers to leading growth sponsors and businesses,Yes,https://www.ukprivatecapital.co.uk/organisation-profile/rw-blears-llp/,ukpc_directory
Ryse Asset Management LLP,,VC/PE,United Kingdom,UK,First Time Fund Manager,,,Yes,https://www.ukprivatecapital.co.uk/organisation-profile/ryse-asset-management-llp/,ukpc_directory
"Said Business School, University of Oxford",,VC/PE,United Kingdom,UK,Academic Institution,,,Yes,https://www.ukprivatecapital.co.uk/organisation-profile/said-business-school-university-of-oxford/,ukpc_directory
Salica Investments Services Ltd,,VC/PE,United Kingdom,UK,UK General Partner,,A tradition of innovation,Yes,https://www.ukprivatecapital.co.uk/organisation-profile/salica-investments-services-ltd/,ukpc_directory
Santander UK plc,,VC/PE,United Kingdom,UK,Financial Institution,,Addressing the banking needs of small to medium sized start-ups and established businesses.,Yes,https://www.ukprivatecapital.co.uk/organisation-profile/santander-uk-plc/,ukpc_directory
Schillings,,VC/PE,United Kingdom,UK,Law Firms,,,Yes,https://www.ukprivatecapital.co.uk/organisation-profile/schillings/,ukpc_directory
Schroders Capital,,VC/PE,Switzerland,UK,Third-party Fund Manager,,Provides specialized private equity solutions to institutional investors.,Yes,https://www.ukprivatecapital.co.uk/organisation-profile/schroders-capital/,ukpc_directory
Scottish Enterprise,,VC/PE,United Kingdom,UK,Institutional Investor,,The Scottish Investment Bank is the investment arm of Scottish Enterprise.,Yes,https://www.ukprivatecapital.co.uk/organisation-profile/scottish-enterprise/,ukpc_directory
Scottish National Investment Bank Plc,,VC/PE,United Kingdom,UK,Impact Investment Fund,,,Yes,https://www.ukprivatecapital.co.uk/organisation-profile/scottish-national-investment-bank-plc/,ukpc_directory
Searchlight Capital,,VC/PE,United Kingdom,UK,UK General Partner,,"Searchlight aspires to create value through the application of our flexible investment mandate and deep sector knowledge.

We seek inspiration from our creative investment culture and strong  &#8230;",Yes,https://www.ukprivatecapital.co.uk/organisation-profile/searchlight-capital/,ukpc_directory
SEP,,VC/PE,United Kingdom,UK,UK General Partner,,Independent venture capital firm focused on Europe and the UK.,Yes,https://www.ukprivatecapital.co.uk/organisation-profile/sep/,ukpc_directory
Seraphim Space Manager LLP,,VC/PE,United Kingdom,UK,UK General Partner,,UK-based venture capital firm investing in IP-led businesses.,Yes,https://www.ukprivatecapital.co.uk/organisation-profile/seraphim-space-manager-llp/,ukpc_directory
SETsquared,,Accelerator,United Kingdom,UK,Accelerator,,,Yes,https://www.ukprivatecapital.co.uk/organisation-profile/setsquared/,ukpc_directory
Shackleton Ventures Ltd,,VC/PE,United Kingdom,UK,UK General Partner,,Specialists in secondary venture and development capital investments.,Yes,https://www.ukprivatecapital.co.uk/organisation-profile/shackleton-ventures-ltd/,ukpc_directory
Sidley Austin LLP,,VC/PE,United Kingdom,UK,Law Firms,,Sidley is a premier law firm with a practice attuned to the ever-changing international landscape.,Yes,https://www.ukprivatecapital.co.uk/organisation-profile/sidley-austin-llp/,ukpc_directory
Sigma Connected ltd,,VC/PE,United Kingdom,UK,Professional Services,,Sigma Connected is a multi-award-winning Business Process Outsourcing (BPO) provider that specialises in outsourced (white-label) 24/7 customer contact centre services. Services include customer  &#8230;,Yes,https://www.ukprivatecapital.co.uk/organisation-profile/sigma-connected-ltd/,ukpc_directory
Siguler Guff,,VC/PE,United Kingdom,UK,Third-party Fund Manager,,Multi-strategy private equity investment firm.,Yes,https://www.ukprivatecapital.co.uk/organisation-profile/siguler-guff/,ukpc_directory
Silver Lake,,VC/PE,United Kingdom,UK,UK General Partner,,Specialist firm focused on private technology company investments.,Yes,https://www.ukprivatecapital.co.uk/organisation-profile/silver-lake/,ukpc_directory
Silver Regulatory Associates LLC,,VC/PE,United States,UK,Professional Services,,Silver is a boutique regulatory consulting firm that helps private fund managers and other digital asset and financial services firms streamline and strengthen their UK and US regulatory  &#8230;,Yes,https://www.ukprivatecapital.co.uk/organisation-profile/silver-regulatory-associates-llc-1/,ukpc_directory
Simmons & Simmons,,VC/PE,United Kingdom,UK,Law Firms,,"International law firm with offices across Asia, Europe and the Middle East.",Yes,https://www.ukprivatecapital.co.uk/organisation-profile/simmons-simmons/,ukpc_directory
Simpson Thacher & Bartlett LLP,,VC/PE,United Kingdom,UK,Law Firms,,Delivering solutions to critical commercial challenges.,Yes,https://www.ukprivatecapital.co.uk/organisation-profile/simpson-thacher-bartlett-llp/,ukpc_directory
Skadden Arps Slate Meagher & Flom (UK) LLP,,VC/PE,United Kingdom,UK,Law Firms,,"Fully integrated UK, European, and US practice .",Yes,https://www.ukprivatecapital.co.uk/organisation-profile/skadden-arps-slate-meagher-flom-uk-llp/,ukpc_directory
Slaughter and May,,VC/PE,United Kingdom,UK,Law Firms,,Extensive international practice providing a full range of legal services.,Yes,https://www.ukprivatecapital.co.uk/organisation-profile/slaughter-and-may/,ukpc_directory
Soho Square Capital,,Debt,United Kingdom,UK,Private Credit,,European special situations investment management group.,Yes,https://www.ukprivatecapital.co.uk/organisation-profile/soho-square-capital/,ukpc_directory
Souter Investments (LP),,VC/PE,United Kingdom,UK,Institutional Investor,,,Yes,https://www.ukprivatecapital.co.uk/organisation-profile/souter-investments-lp/,ukpc_directory
Souter Investments Limited,,PE,United Kingdom,UK,Direct Investor,,Private investment vehicle,Yes,https://www.ukprivatecapital.co.uk/organisation-profile/souter-investments-limited/,ukpc_directory
Sovereign Capital,,VC/PE,United Kingdom,UK,UK General Partner,,"Investor in UK-based companies in the support services, education, and healthcare sectors.",Yes,https://www.ukprivatecapital.co.uk/organisation-profile/sovereign-capital/,ukpc_directory
Splitstone Capital LLP,,VC/PE,United Kingdom,UK,UK General Partner,,Splitstone is a London-based private equity firm committed to unlocking the potential of non-core divisions through corporate carveout acquisitions. With £100 million of capital available to  &#8230;,Yes,https://www.ukprivatecapital.co.uk/organisation-profile/splitstone-capital-llp/,ukpc_directory
SS&C GlobeOp,,VC/PE,United Kingdom,UK,Professional Services,,Provider of services and software for the global financial services industry.,Yes,https://www.ukprivatecapital.co.uk/organisation-profile/ssc-globeop/,ukpc_directory
Standish Management,,VC/PE,United Kingdom,UK,Professional Services,,,Yes,https://www.ukprivatecapital.co.uk/organisation-profile/standish-management/,ukpc_directory
Stephenson Harwood LLP,,VC/PE,United Kingdom,UK,Law Firms,,,Yes,https://www.ukprivatecapital.co.uk/organisation-profile/stephenson-harwood-llp/,ukpc_directory
Stevens & Bolton,,VC/PE,United Kingdom,UK,Law Firms,,,Yes,https://www.ukprivatecapital.co.uk/organisation-profile/stevens-bolton/,ukpc_directory
Stonehage Fleming,,VC/PE,United Kingdom,UK,Institutional Investor,,Independently owned family wealth manager.,Yes,https://www.ukprivatecapital.co.uk/organisation-profile/stonehage-fleming/,ukpc_directory
Strathclyde Pension Fund,,VC/PE,United Kingdom,UK,Institutional Investor,,UK pension fund administered by Glasgow City Council.,Yes,https://www.ukprivatecapital.co.uk/organisation-profile/strathclyde-pension-fund/,ukpc_directory
Stride Ventures,,Debt,United Kingdom,UK,Private Credit,,,Yes,https://www.ukprivatecapital.co.uk/organisation-profile/stride-ventures/,ukpc_directory
Summit Partners LLP,,VC/PE,United Kingdom,UK,UK General Partner,,"Growth equity firm that provides equity and credit for growth, recapitalizations, and management buyouts.",Yes,https://www.ukprivatecapital.co.uk/organisation-profile/summit-partners-llp/,ukpc_directory
Suntera Group,,VC/PE,Isle of Man,UK,Professional Services,,,Yes,https://www.ukprivatecapital.co.uk/organisation-profile/suntera-group/,ukpc_directory
SuperSeed Ventures LLP,,VC/PE,United Kingdom,UK,UK General Partner,,SuperSeed backs ambitious founders building B2B software and helps them get their go-to-market right.,Yes,https://www.ukprivatecapital.co.uk/organisation-profile/superseed-ventures-llp/,ukpc_directory
Sussex Place Ventures,,VC/PE,United Kingdom,UK,UK General Partner,,An independent venture capital company owned by London Business School.,Yes,https://www.ukprivatecapital.co.uk/organisation-profile/sussex-place-ventures/,ukpc_directory
SV Health Managers LLP,,VC/PE,United Kingdom,UK,UK General Partner,,An international Health Care focused venture capital firm.,Yes,https://www.ukprivatecapital.co.uk/organisation-profile/sv-health-managers-llp/,ukpc_directory
SVV (Sure Valley Ventures),,VC/PE,United Kingdom,UK,UK General Partner,,"SVV is a specialist AI Venture Capital Firm that since 2017 has invested in high potential, AI software companies.",Yes,https://www.ukprivatecapital.co.uk/organisation-profile/svv-sure-valley-ventures/,ukpc_directory
Swedish Private Equity & Venture Capital Association,,VC/PE,Sweden,UK,Honorary,,The industry association for the Swedish private equity industry.,Yes,https://www.ukprivatecapital.co.uk/organisation-profile/swedish-private-equity-venture-capital-association/,ukpc_directory
Syndicate Room,,VC/PE,United Kingdom,UK,UK General Partner,,,Yes,https://www.ukprivatecapital.co.uk/organisation-profile/syndicate-room/,ukpc_directory
Synova LLP,,VC/PE,United Kingdom,UK,UK General Partner,,Investor in fast growing UK businesses.,Yes,https://www.ukprivatecapital.co.uk/organisation-profile/synova-llp/,ukpc_directory
Systemiq Capital Limited,,VC/PE,United Kingdom,UK,Impact Investment Fund,,"The capital, expertise, and network, enabling climate tech entrepreneurs to scale fast and create positive impact.",Yes,https://www.ukprivatecapital.co.uk/organisation-profile/systemiq-capital-limited/,ukpc_directory
TA Associates (UK) LLP,,VC/PE,United Kingdom,UK,UK General Partner,,Global growth private equity firm.,Yes,https://www.ukprivatecapital.co.uk/organisation-profile/ta-associates-uk-llp/,ukpc_directory
TARANIS CARBON VENTURES,,CVC,United Kingdom,UK,Corporate Venture,,"Taranis is an investment and asset management company owned by the Perenco Group. With sustainable development at its core, Taranis operates through distinct funds. These include Taranis Carbon  &#8230;",Yes,https://www.ukprivatecapital.co.uk/organisation-profile/taranis-carbon-ventures/,ukpc_directory
Taylor Wessing,,VC/PE,United Kingdom,UK,Law Firms,,,Yes,https://www.ukprivatecapital.co.uk/organisation-profile/taylor-wessing/,ukpc_directory
TDR Capital LLP,,VC/PE,United Kingdom,UK,UK General Partner,,"Focused on mid-market, control buyouts in Europe.",Yes,https://www.ukprivatecapital.co.uk/organisation-profile/tdr-capital-llp/,ukpc_directory
Teacher Retirement Investment Company of Texas,,VC/PE,United Kingdom,UK,Institutional Investor,,,Yes,https://www.ukprivatecapital.co.uk/organisation-profile/teacher-retirement-investment-company-of-texas/,ukpc_directory
Techstart Ventures,,VC/PE,United Kingdom,UK,UK General Partner,,,Yes,https://www.ukprivatecapital.co.uk/organisation-profile/techstart-ventures/,ukpc_directory
TempoCap,,VC/PE,United Kingdom,UK,UK General Partner,,"TempoCap is a growth equity technology investment firm, specialising in secondary transactions, both for single companies and portfolios.",Yes,https://www.ukprivatecapital.co.uk/organisation-profile/tempocap/,ukpc_directory
Tern PLC,,VC/PE,United Kingdom,UK,UK General Partner,,,Yes,https://www.ukprivatecapital.co.uk/organisation-profile/tern-plc/,ukpc_directory
The Carlyle Group,,VC/PE,United Kingdom,UK,UK General Partner,,Global alternative asset manager with a global network and deep industry knowledge.,Yes,https://www.ukprivatecapital.co.uk/organisation-profile/the-carlyle-group/,ukpc_directory
The Friedkin Group International,,,United Kingdom,UK,,,,Yes,https://www.ukprivatecapital.co.uk/organisation-profile/the-friedkin-group-international/,ukpc_directory
The Good Economy,,VC/PE,United Kingdom,UK,Professional Services,,The Good Economy is a leading impact advisory firm.,Yes,https://www.ukprivatecapital.co.uk/organisation-profile/the-good-economy/,ukpc_directory
The North West Fund,,VC/PE,United Kingdom,UK,Institutional Investor,,"The North West Fund is now fully invested, having supported more than 440 businesses with over £153 million of investment.",Yes,https://www.ukprivatecapital.co.uk/organisation-profile/the-north-west-fund/,ukpc_directory
Thoma Bravo,,VC/PE,United Kingdom,UK,UK General Partner,,,Yes,https://www.ukprivatecapital.co.uk/organisation-profile/thoma-bravo/,ukpc_directory
Thompson Taraz,,VC/PE,United Kingdom,UK,Professional Services,,"Independant full scope UK AIFM and depositary within the real asset sector also offering administration, custody-nominee and operator services.",Yes,https://www.ukprivatecapital.co.uk/organisation-profile/thompson-taraz/,ukpc_directory
Tikehau Investment Management,,VC/PE,United Kingdom,UK,UK General Partner,,"We are a European Asset manager. We specialise in 4 areas (Private Equity, Private Debt, Real Estate, Liquid Strategies.",Yes,https://www.ukprivatecapital.co.uk/organisation-profile/tikehau-investment-management/,ukpc_directory
Times 3 Capital,,VC/PE,Guernsey,UK,Institutional Investor,,"Single family office investing in primary, secondaries and co-investment fund opportunities.",Yes,https://www.ukprivatecapital.co.uk/organisation-profile/times-3-capital/,ukpc_directory
Top Technology Ventures Limited,,VC/PE,United Kingdom,UK,UK General Partner,,UK-based venture capital company specialising in early stage technology businesses.,Yes,https://www.ukprivatecapital.co.uk/organisation-profile/top-technology-ventures-limited/,ukpc_directory
Top Tier Capital Partners,,VC/PE,United Kingdom,UK,Institutional Investor,,,Yes,https://www.ukprivatecapital.co.uk/organisation-profile/top-tier-capital-partners/,ukpc_directory
Touchstone Advisory,,VC/PE,United Kingdom,UK,Professional Services,,"Delivering independent valuation advice to optimise business strategies, resolve disputes, and ensure compliance with accounting and tax regulations.",Yes,https://www.ukprivatecapital.co.uk/organisation-profile/touchstone-advisory/,ukpc_directory
TPA Capital LLP,,PE,United Kingdom,UK,Direct Investor,,"TPA Capital is a private equity investor which actively invests and co-invests, typically on a fully underwritten debt free basis.",Yes,https://www.ukprivatecapital.co.uk/organisation-profile/tpa-capital-llp/,ukpc_directory
TPG Europe LLP,,VC/PE,United Kingdom,UK,UK General Partner,,"Investors providing capital, expertise and support to companies across various sectors and locations.",Yes,https://www.ukprivatecapital.co.uk/organisation-profile/tpg-europe-llp/,ukpc_directory
Travers Smith LLP,,VC/PE,United Kingdom,UK,Law Firms,,International law firm providing commercial advice.,Yes,https://www.ukprivatecapital.co.uk/organisation-profile/travers-smith-llp/,ukpc_directory
Treble Peak,,VC/PE,United Kingdom,UK,Professional Services,,,Yes,https://www.ukprivatecapital.co.uk/organisation-profile/treble-peak-1/,ukpc_directory
TresVista,,VC/PE,United Kingdom,UK,Professional Services,,"TresVista is a global platform providing sophisticated solutions to clients combining domain expertise, technology, and human capital. Their unique model allows clients to achieve excellence  &#8230;",Yes,https://www.ukprivatecapital.co.uk/organisation-profile/tresvista-1/,ukpc_directory
Triple Point Servco Limited,,VC/PE,United Kingdom,UK,UK General Partner,,"Triple Point is an investor based in London, making early stage venture capital, general debt, real estate and infrastructure investments.",Yes,https://www.ukprivatecapital.co.uk/organisation-profile/triple-point-servco-limited/,ukpc_directory
Triton Investments Advisers LLP,,VC/PE,United Kingdom,UK,UK General Partner,,"Private equity investment firm focused on medium-sized businesses in northern Europe, Italy, and Spain.",Yes,https://www.ukprivatecapital.co.uk/organisation-profile/triton-investments-advisers-llp/,ukpc_directory
True.,,VC/PE,United Kingdom,UK,UK General Partner,,True is Europe&rsquo;s only retail and consumer sector specialist that operates across the entire investment vertical.,Yes,https://www.ukprivatecapital.co.uk/organisation-profile/true/,ukpc_directory
Turquoise International Limited,,VC/PE,United Kingdom,UK,UK General Partner,,"Corporate finance and investment management for Energy, Environment and Efficiency.",Yes,https://www.ukprivatecapital.co.uk/organisation-profile/turquoise-international-limited/,ukpc_directory
Two Magnolias Ltd,,VC/PE,United Kingdom,UK,UK General Partner,,UK based Venture Capital Fund investing in British based businesses solving the most pressing problems in Sustainability and Human Health.,Yes,https://www.ukprivatecapital.co.uk/organisation-profile/two-magnolias-ltd/,ukpc_directory
Ufi VocTech Trust,,VC/PE,United Kingdom,UK,Impact Investment Fund,,,Yes,https://www.ukprivatecapital.co.uk/organisation-profile/ufi-voctech-trust/,ukpc_directory
UI efa S.A.,,VC/PE,Luxembourg,UK,Professional Services,,,Yes,https://www.ukprivatecapital.co.uk/organisation-profile/ui-efa-sa/,ukpc_directory
UK Business Angels Association (UKBAA),,VC/PE,United Kingdom,UK,Honorary,,,Yes,https://www.ukprivatecapital.co.uk/organisation-profile/uk-business-angels-association-ukbaa/,ukpc_directory
Unilever Ventures Limited,,CVC,United Kingdom,UK,Corporate Venture,,Venture capital and private equity arm of Unilever.,Yes,https://www.ukprivatecapital.co.uk/organisation-profile/unilever-ventures-limited/,ukpc_directory
Universities Superannuation Scheme Limited,,VC/PE,United Kingdom,UK,Institutional Investor,,"Centralised final salary scheme, open to employers in the UK Higher Education sector only.",Yes,https://www.ukprivatecapital.co.uk/organisation-profile/universities-superannuation-scheme-limited/,ukpc_directory
University of Bristol,,VC/PE,United Kingdom,UK,Academic Institution,,,Yes,https://www.ukprivatecapital.co.uk/organisation-profile/university-of-bristol/,ukpc_directory
University of Cambridge Investment Management Limited,,VC/PE,United Kingdom,UK,Institutional Investor,,,Yes,https://www.ukprivatecapital.co.uk/organisation-profile/university-of-cambridge-investment-management-limited/,ukpc_directory
USTAXFS,,VC/PE,United Kingdom,UK,Professional Services,,Providing US tax and financial services to clients across the world.,Yes,https://www.ukprivatecapital.co.uk/organisation-profile/ustaxfs/,ukpc_directory
Valuation Consultants Limited,,VC/PE,United Kingdom,UK,Professional Services,,,Yes,https://www.ukprivatecapital.co.uk/organisation-profile/valuation-consultants-limited/,ukpc_directory
VenCap International plc,,VC/PE,United Kingdom,UK,Third-party Fund Manager,,VenCap is exclusively focused on investing in venture capital funds.,Yes,https://www.ukprivatecapital.co.uk/organisation-profile/vencap-international-plc/,ukpc_directory
Verb Ventures,,VC/PE,Luxembourg,UK,UK General Partner,,London-based venture capital firm working on building an exciting international portfolio of high-potential early-stage companies.,Yes,https://www.ukprivatecapital.co.uk/organisation-profile/verb-ventures/,ukpc_directory
Vespa Capital LLP,,VC/PE,United Kingdom,UK,UK General Partner,,"Investor in UK-based, lower mid-market businesses.",Yes,https://www.ukprivatecapital.co.uk/organisation-profile/vespa-capital-llp/,ukpc_directory
VGO Capital Partners,,Debt,United Kingdom,UK,Private Credit,,,Yes,https://www.ukprivatecapital.co.uk/organisation-profile/vgo-capital-partners/,ukpc_directory
Vistra,,VC/PE,United Kingdom,UK,Professional Services,,"A global corporate service provider and fund administrator with more than 5,000 professionals in over 45 jurisdictions.",Yes,https://www.ukprivatecapital.co.uk/organisation-profile/vistra/,ukpc_directory
Vitruvian Partners LLP,,VC/PE,United Kingdom,UK,UK General Partner,,Independent investor in Dynamic Situations.,Yes,https://www.ukprivatecapital.co.uk/organisation-profile/vitruvian-partners-llp/,ukpc_directory
Volution,,VC/PE,United Kingdom,UK,UK General Partner,,Volution is a UK-based Venture Capital firm that gets high-potential Fintech and B2B SaaS businesses to Series B and beyond,Yes,https://www.ukprivatecapital.co.uk/organisation-profile/volution/,ukpc_directory
Walker Morris LLP,,VC/PE,United Kingdom,UK,Law Firms,,"Walker Morris is collection of diverse, talented lawyers who provide highly tailored, strategic legal advice to clients around the world.",Yes,https://www.ukprivatecapital.co.uk/organisation-profile/walker-morris-llp/,ukpc_directory
Warburg Pincus,,VC/PE,United Kingdom,UK,UK General Partner,,Global private equity firm focused on growth investing.,Yes,https://www.ukprivatecapital.co.uk/organisation-profile/warburg-pincus/,ukpc_directory
Waymap Ltd,,VC/PE,United Kingdom,UK,Investee Company,,,Yes,https://www.ukprivatecapital.co.uk/organisation-profile/waymap-ltd/,ukpc_directory
Weight Partners Capital LLP,,VC/PE,United Kingdom,UK,UK General Partner,,Private equity investor in consumer and healthcare.,Yes,https://www.ukprivatecapital.co.uk/organisation-profile/weight-partners-capital-llp/,ukpc_directory
"Weil, Gotshal & Manges (London) LLP",,VC/PE,United Kingdom,UK,Law Firms,,Weil’s private equity practice is formed of recognised industry-leading practitioners. Lawyers in the group are entrenched in all aspects of the private equity market across every area of the PE  &#8230;,Yes,https://www.ukprivatecapital.co.uk/organisation-profile/weil-gotshal-manges-london-llp/,ukpc_directory
Wells Fargo Capital Finance,,VC/PE,United Kingdom,UK,Financial Institution,,UK Asset Based Lender,Yes,https://www.ukprivatecapital.co.uk/organisation-profile/wells-fargo-capital-finance/,ukpc_directory
WestBridge Fund Managers Limited,,VC/PE,United Kingdom,UK,UK General Partner,,WestBridge is an independent private equity house that invests in UK small cap buyouts and lower mid-market companies.,Yes,https://www.ukprivatecapital.co.uk/organisation-profile/westbridge-fund-managers-limited/,ukpc_directory
Westbrooke Alternative Asset Management UK Limited,,Debt,United Kingdom,UK,Private Credit,,WAAM is a multi-strategy manager of alternative investments structured to preserve and compound our clients’ wealth for future prosperity.,Yes,https://www.ukprivatecapital.co.uk/organisation-profile/westbrooke-alternative-asset-management-uk-limited/,ukpc_directory
Weybourne Limited,,VC/PE,United Kingdom,UK,Institutional Investor,,,Yes,https://www.ukprivatecapital.co.uk/organisation-profile/weybourne-limited/,ukpc_directory
White & Case LLP,,VC/PE,United Kingdom,UK,Law Firms,,"International law firm serving companies, governments and financial institutions.",Yes,https://www.ukprivatecapital.co.uk/organisation-profile/white-case-llp/,ukpc_directory
White Star Capital,,VC/PE,United Kingdom,UK,UK General Partner,,Investor in early stage technology companies.,Yes,https://www.ukprivatecapital.co.uk/organisation-profile/white-star-capital/,ukpc_directory
Whiterock,,VC/PE,United Kingdom,UK,UK General Partner,,,Yes,https://www.ukprivatecapital.co.uk/organisation-profile/whiterock/,ukpc_directory
William Blair & Company,,VC/PE,United Kingdom,UK,Financial Institution,,Global investment banking and asset management firm.,Yes,https://www.ukprivatecapital.co.uk/organisation-profile/william-blair-company/,ukpc_directory
Willis Towers Watson,,VC/PE,United Kingdom,UK,Professional Services,,"Global advisory, broking and solutions company.",Yes,https://www.ukprivatecapital.co.uk/organisation-profile/willis-towers-watson/,ukpc_directory
Willkie Farr & Gallagher (UK) LLP,,VC/PE,United Kingdom,UK,Law Firms,,"International law firm advising a wide spectrum of businesses and industries, most notably financial services.",Yes,https://www.ukprivatecapital.co.uk/organisation-profile/willkie-farr-gallagher-uk-llp/,ukpc_directory
Wilson Sonsini Goodrich & Rosati,,VC/PE,United Kingdom,UK,Law Firms,,,Yes,https://www.ukprivatecapital.co.uk/organisation-profile/wilson-sonsini-goodrich-rosati/,ukpc_directory
Winston & Strawn,,VC/PE,United Kingdom,UK,Law Firms,,Adviser and advocate for clients across virtually every industry.,Yes,https://www.ukprivatecapital.co.uk/organisation-profile/winston-strawn/,ukpc_directory
Withers Worldwide,,VC/PE,United Kingdom,UK,Law Firms,,International law firm advising on personal and business legal needs.,Yes,https://www.ukprivatecapital.co.uk/organisation-profile/withers-worldwide/,ukpc_directory
Zouk Capital LLP,,VC/PE,United Kingdom,UK,UK General Partner,,"Private equity and infrastructure fund manager, investing in the clean and efficient economy.",Yes,https://www.ukprivatecapital.co.uk/organisation-profile/zouk-capital-llp/,ukpc_directory
13books Capital,,VC/PE,United Kingdom,UK,UK General Partner,,,Yes,https://www.ukprivatecapital.co.uk/organisation-profile/13books-capital/,ukpc_directory
17Capital LLP,,Debt,United Kingdom,UK,Private Credit,,Specialist private equity firm providing flexible financing for private equity portfolios.,Yes,https://www.ukprivatecapital.co.uk/organisation-profile/17capital-llp/,ukpc_directory
3i,,VC/PE,United Kingdom,UK,UK General Partner,,"International investment manager focused on mid-market private equity, infrastructure and debt management.",Yes,https://www.ukprivatecapital.co.uk/organisation-profile/3i/,ukpc_directory
4Bio Partners LLP,,VC/PE,United Kingdom,UK,UK General Partner,,,Yes,https://www.ukprivatecapital.co.uk/organisation-profile/4bio-partners-llp/,ukpc_directory
