[Format]      =  4.0
[Frequency]   =  0
[Precision]   =  1e-08
[MinAngle]    =  30
[Depth]       =  10
[LengthUnits] =  millimeters
[ProblemType] =  planar
[Coordinates] =  cartesian
[ACSolver]    =  0
[PrevSoln]    = ""
[PrevType]    =  0
[Comment]     =  ""
[PointProps]  =  0
[BdryProps]   = 1
  <BeginBdry>
    <BdryName> = "A0"
    <BdryType> = 0
    <A_0> = 0
    <A_1> = 0
    <A_2> = 0
    <Phi> = 0
    <c0> = 0
    <c0i> = 0
    <c1> = 0
    <c1i> = 0
    <Mu_ssd> = 0
    <Sigma_ssd> = 0
    <innerangle> = 0
    <outerangle> = 0
  <EndBdry>
[BlockProps]  = 3
  <BeginBlock>
    <BlockName> = "air"
    <Mu_x> = 1
    <Mu_y> = 1
    <H_c> = 0
    <H_cAngle> = 0
    <J_re> = 0
    <J_im> = 0
    <Sigma> = 0
    <d_lam> = 0
    <Phi_h> = 0
    <Phi_hx> = 0
    <Phi_hy> = 0
    <LamType> = 0
    <LamFill> = 1
    <NStrands> = 0
    <WireD> = 0
    <BHPoints> = 0
  <EndBlock>
  <BeginBlock>
    <BlockName> = "iron"
    <Mu_x> = 10000
    <Mu_y> = 10000
    <H_c> = 0
    <H_cAngle> = 0
    <J_re> = 0
    <J_im> = 0
    <Sigma> = 0
    <d_lam> = 0
    <Phi_h> = 0
    <Phi_hx> = 0
    <Phi_hy> = 0
    <LamType> = 0
    <LamFill> = 1
    <NStrands> = 0
    <WireD> = 0
    <BHPoints> = 0
  <EndBlock>
  <BeginBlock>
    <BlockName> = "copper"
    <Mu_x> = 1
    <Mu_y> = 1
    <H_c> = 0
    <H_cAngle> = 0
    <J_re> = 0
    <J_im> = 0
    <Sigma> = 0
    <d_lam> = 0
    <Phi_h> = 0
    <Phi_hx> = 0
    <Phi_hy> = 0
    <LamType> = 0
    <LamFill> = 1
    <NStrands> = 0
    <WireD> = 0
    <BHPoints> = 0
  <EndBlock>
[CircuitProps]  = 1
  <BeginCircuit>
    <CircuitName> = "coil"
    <TotalAmps_re> = 5
    <TotalAmps_im> = 0
    <CircuitType> = 1
  <EndCircuit>
[NumPoints] = 24
0	0	0	0
40	0	0	0
40	40	0	0
30	40	0	0
30	10	0	0
10	10	0	0
10	40	0	0
0	40	0	0
-5	40.5	0	0
45	40.5	0	0
45	50.5	0	0
-5	50.5	0	0
11	15	0	0
16	15	0	0
16	35	0	0
11	35	0	0
-6	15	0	0
-1	15	0	0
-1	35	0	0
-6	35	0	0
-40	-30	0	0
80	-30	0	0
80	80	0	0
-40	80	0	0
[NumSegments] = 24
0	1	-1	0	0	0
1	2	-1	0	0	0
2	3	-1	0	0	0
3	4	-1	0	0	0
4	5	-1	0	0	0
5	6	-1	0	0	0
6	7	-1	0	0	0
7	0	-1	0	0	0
8	9	-1	0	0	0
9	10	-1	0	0	0
10	11	-1	0	0	0
11	8	-1	0	0	0
12	13	-1	0	0	0
13	14	-1	0	0	0
14	15	-1	0	0	0
15	12	-1	0	0	0
16	17	-1	0	0	0
17	18	-1	0	0	0
18	19	-1	0	0	0
19	16	-1	0	0	0
20	21	-1	1	0	0
21	22	-1	1	0	0
22	23	-1	1	0	0
23	20	-1	1	0	0
[NumArcSegments] = 0
[NumHoles] = 0
[NumBlockLabels] = 5
5	5	2	-1	0	0	0	1	0
20	45.5	2	-1	0	0	1	1	0
13.5	25	3	-1	1	0	0	100	0
-3.5	25	3	-1	1	0	0	-100	0
-20	-10	1	-1	0	0	0	1	0
[Solution]
6178
-40	-30	0	-1
-40	-29.925000000000001	0	-1
-39.924999999999997	-30	0	-1
-40	-29.710449218750004	0	-1
-39.84223201557019	-29.842232015570183	-1.9018051809886211e-09	-1
-39.69091796875	-30	0	-1
-40	-29.495898437500003	0	-1
-39.776470667617446	-29.603173828125001	-6.5559573114211347e-09	-1
-39.615343929891694	-29.776071472168759	-6.3948089245194786e-09	-1
-39.456835937499996	-30	0	-1
-40	-29.066796875000005	0	-1
-39.759527287854702	-29.281347656250002	-1.2867376812466609e-08	-1
-39.448523066751591	-29.459080386324342	-2.2072859388985624e-08	-1
-39.315164558044927	-29.731653527430737	-1.3705857974260252e-08	-1
-38.988671874999994	-30	0	-1
-40	-28.208593749999999	0	-1
-39.535715777010296	-28.788456686957193	-4.1001801463510741e-08	-1
-39.460864141777485	-29.119704808226924	-3.5643193696914491e-08	-1
-38.944752848524011	-29.381516836227988	-4.955196174977494e-08	-1
-38.052343749999999	-30	0	-1
-40	-27.350390625000003	0	-1
-39.190676959825296	-28.036388423871934	-1.1337791864881564e-07	-1
-38.994654009218806	-28.840274896292033	-8.668755585032002e-08	-1
-38.101782399471688	-29.030875706027061	-1.3317428063914561e-07	-1
-37.116015625000003	-30	0	-1
-40	-26.4921875	0	-1
-39.269317111211215	-26.921289062499998	-1.671707258583512e-07	-1
-38.406346751695231	-28.270976905796587	-1.988542921966871e-07	-1
-38.422332070539895	-26.895951821378009	-3.6301142024766178e-07	-1
-36.647851562500001	-29.100015533614759	-2.1991631464805789e-07	-1
-37.035511281258763	-28.162535095630528	-3.9890462826767513e-07	-1
-36.1796875	-30	0	-1
-40	-24.775781250000001	0	-1
-39.004672026000542	-25.633984375000001	-3.2069240704253333e-07	-1
-37.572573033635436	-25.738481814035552	-7.6356515032494512e-07	-1
-36.337459721231362	-26.470822133982754	-9.4950026873601519e-07	-1
-35.699236614370157	-29.178313981357924	-2.5535121204554006e-07	-1
-35.933627545922342	-28.25578384204513	-5.2035508527503493e-07	-1
-35.243359374999997	-30	0	-1
-40	-23.059374999999999	0	-1
-38.392381370411023	-23.917578125000002	-7.4164485543036124e-07	-1
-35.78065512147694	-24.124057459005577	-1.8343847001872859e-06	-1
-34.473908270340019	-25.257005133583174	-1.9418226365682051e-06	-1
-34.580579348366847	-26.983208785357682	-1.1914303235020493e-06	-1
-34.817390223781203	-29.226364314840325	-2.9728547493767736e-07	-1
-34.531806144858329	-28.390658849375185	-6.4574152384497463e-07	-1
-34.307031249999994	-30	0	-1
-40	-21.342968750000004	0	-1
-38.528639515758186	-22.237994403969726	-8.5311900538931873e-07	-1
-37.001965292714985	-22.951320118365885	-1.5867183796833852e-06	-1
-34.018982685253206	-23.492946106469685	-2.8811081846832772e-06	-1
-36.023687869951452	-21.779889769323344	-2.4667702613307721e-06	-1
-32.782229794919701	-24.897308452910902	-2.6954095667080694e-06	-1
-33.076362242955774	-27.635652371467785	-1.2030438383188678e-06	-1
-33.797030509338789	-29.108401156256271	-4.0318734284316205e-07	-1
-32.434374999999996	-30	0	-1
-40	-19.626562500000002	0	-1
-38.493380339251971	-20.484765625000001	-1.1009099417971369e-06	-1
-36.759980514646742	-20.44304687656653	-2.3503354509851317e-06	-1
-32.196515426759014	-23.068205710972833	-3.988589036581709e-06	-1
-34.510740124105098	-21.579228619906669	-3.4576739492052033e-06	-1
-35.413881611967	-19.792959394782347	-3.5323028776224081e-06	-1
-30.53322659346135	-24.028491303212203	-4.0897496879234636e-06	-1
-31.272479913043263	-26.640196492977573	-2.1290866909674343e-06	-1
-31.498046874999996	-28.476427775538692	-9.4086809681999445e-07	-1
-30.561718749999997	-30	0	-1
-40	-17.91015625	0	-1
-37.69096207293007	-17.793025698218159	-2.1541801785033726e-06	-1
-36.615505605168337	-18.903748638700876	-2.8526726261503325e-06	-1
-32.413708879141716	-20.893597149197369	-5.1262117445062152e-06	-1
-30.563683965613233	-22.056998718746339	-5.4967506804462842e-06	-1
-33.920148351190001	-19.850898461193836	-4.6437977561377388e-06	-1
-35.358755604155178	-18.003253497393302	-4.2615825086124511e-06	-1
-28.563448115260876	-23.940836246652399	-4.9798716293183614e-06	-1
-29.451254010375827	-25.676837744823764	-3.2745484488857133e-06	-1
-29.463655976097883	-27.626644581487412	-1.7895009644291498e-06	-1
-28.689062500000002	-30	0	-1
-40	-16.193750000000001	0	-1
-38.221917111508219	-15.485576271440635	-2.0080753822518641e-06	-1
-36.337627322899159	-15.821047254854347	-4.0272623115238498e-06	-1
-32.140834626872405	-19.438628585740453	-6.21037932018542e-06	-1
-30.667248917503162	-19.579834234856069	-7.2092212232070292e-06	-1
-29.658564991049577	-20.778410472625939	-6.9914966554718509e-06	-1
-27.847236372542827	-22.470156996751307	-6.5794037003233035e-06	-1
-33.030733637759255	-18.255635082536816	-6.1838286602536205e-06	-1
-33.998610466333268	-16.320260707631206	-6.3224818215933161e-06	-1
-27.535638534532165	-26.040592961641813	-3.4795618314304484e-06	-1
-25.995824946546602	-24.281517946005511	-5.6071409633521943e-06	-1
-27.97000968937024	-27.477450568760066	-2.1434942037306071e-06	-1
-26.81640625	-30	0	-1
-26.820328545566802	-28.442578203258101	-1.4343275640516059e-06	-1
-40	-14.477343750000001	0	-1
-37.45497351191576	-13.732040898768298	-3.2680293091771961e-06	-1
-35.156025877078129	-14.30409844320968	-5.9492775417344865e-06	-1
-31.249877590136137	-17.900413795771382	-7.9772691485048852e-06	-1
-28.287671674567065	-18.883643367056195	-9.5807638583510085e-06	-1
-29.555158840008588	-17.363908866292089	-9.9045436784454479e-06	-1
-28.093809971859809	-20.85304284598249	-7.8920393513204437e-06	-1
-26.422084850443461	-21.667162690697552	-8.0632513889717871e-06	-1
-31.899716460773693	-15.793854514888546	-8.8109320496343551e-06	-1
-33.281443840996296	-14.732184724134214	-7.9609880799337278e-06	-1
-26.166168275473346	-27.029194894172932	-2.8608429313701159e-06	-1
-25.236095073483462	-25.619320286134624	-4.478744590830128e-06	-1
-24.611874485624661	-22.092126734159987	-8.4901765487824752e-06	-1
-24.182317744958262	-23.895761281639956	-6.6615260090551032e-06	-1
-24.943749999999998	-30	0	-1
-25.263637144054698	-28.394725117385111	-1.6242360759482927e-06	-1
-40	-12.760937500000002	0	-1
-36.081550491347905	-13.118077186131535	-5.2280256233148634e-06	-1
-36.216998161487247	-11.619779431172837	-5.5656898226973322e-06	-1
-38.309920678174244	-11.522634778385624	-2.5148399209136504e-06	-1
-33.705337836203817	-13.042028761305879	-8.4237739745170234e-06	-1
-26.350449537277061	-19.287731300760324	-1.0563756320502193e-05	-1
-27.313133229526187	-17.151672793333166	-1.2069835220804759e-05	-1
-29.078304848653008	-15.753140654355585	-1.1783756453910942e-05	-1
-25.043951604828223	-20.418881968879187	-1.0158912868493982e-05	-1
-31.529400048070634	-13.881929551605952	-1.062171609607631e-05	-1
-29.601438396511046	-14.156802578394753	-1.264089276363147e-05	-1
-24.478634020239838	-26.958408533450136	-3.2297083137397555e-06	-1
-23.703254900332801	-25.487769593035267	-5.0198702355586967e-06	-1
-22.808506401844934	-22.650667322194174	-8.6257016884182984e-06	-1
-22.936696524676201	-20.767141021213636	-1.0902495258230666e-05	-1
-22.665566262739077	-24.188849285987423	-6.8216686521405791e-06	-1
-23.071093749999996	-30	0	-1
-23.57325739326183	-28.385907958146873	-1.7861082040572059e-06	-1
-40	-11.044531250000002	0	-1
-33.9506392469562	-11.38551319358815	-8.9817329244313298e-06	-1
-36.76998268267959	-10.101947369258447	-5.2071733950345175e-06	-1
-35.161279121378364	-10.249184934812773	-7.7043160354387071e-06	-1
-40	-9.3281250000000018	0	-1
-38.355771726979903	-8.4699218750000025	-2.9020030821387185e-06	-1
-32.122931790321886	-12.181036817888087	-1.1080697919584193e-05	-1
-25.467791261200546	-17.11738105111213	-1.3649778415199004e-05	-1
-24.448467641097853	-18.796588058880506	-1.2437186383559034e-05	-1
-27.770473769210952	-14.698843813184991	-1.4193626631328052e-05	-1
-25.972564539380446	-15.342087598951608	-1.5323142248380513e-05	-1
-30.337096171679718	-12.417906325978462	-1.330661228395169e-05	-1
-27.37314320353854	-12.707818795288778	-1.6806038514757875e-05	-1
-28.591560324774314	-11.698144458412681	-1.6335620518307976e-05	-1
-22.437431330476045	-27.094886701747594	-3.4024127297936298e-06	-1
-21.331435942627703	-23.4100476899015	-8.2014306261661954e-06	-1
-21.144029734796252	-21.759812980044217	-1.044368892805851e-05	-1
-22.580307213326485	-18.577266292612734	-1.3932614949028795e-05	-1
-21.079880700206026	-19.711658508636319	-1.3279907191341106e-05	-1
-20.749635792923716	-25.938824015497747	-5.1259326446333034e-06	-1
-21.198437499999997	-30	0	-1
-21.999843870207972	-28.625025417139032	-1.6419868658693713e-06	-1
-32.418782046803408	-10.70902954519128	-1.1707743688126401e-05	-1
-33.576694188756505	-9.7532198064618267	-1.0524372829243945e-05	-1
-35.881206345669831	-8.7529912277827062	-7.1567666404123246e-06	-1
-40	-7.6117187500000014	0	-1
-36.753643253621554	-7.5354789541038931	-6.0236321189621185e-06	-1
-38.125012515734539	-6.2169937480963942	-3.706916930673499e-06	-1
-30.949173297278119	-10.401486201171013	-1.4195837400020263e-05	-1
-23.625078351901127	-17.013111987868111	-1.5284291589082877e-05	-1
-26.141914764982705	-13.701830404857809	-1.7096125513895901e-05	-1
-24.606828018028512	-14.304019611846446	-1.7981943037604704e-05	-1
-25.926302541983848	-12.067010986395481	-1.9412189346003964e-05	-1
-26.325841606584675	-10.246875960085671	-2.1208671240043333e-05	-1
-29.541290900653348	-9.1806708443639256	-1.7528197019753904e-05	-1
-27.689052965279306	-8.9763730007550535	-2.0710503140335767e-05	-1
-20.960502508946686	-27.500155909443855	-3.1185460557043763e-06	-1
-19.776931828278226	-23.981090217825315	-7.9151160618334308e-06	-1
-19.094914975963505	-21.77324959125513	-1.1210718260114264e-05	-1
-21.640310974578984	-16.044765775202368	-1.8186294595996494e-05	-1
-20.809079676830954	-17.79399747830734	-1.6174274431234744e-05	-1
-19.556408783308569	-18.948843426389104	-1.5167563193112261e-05	-1
-19.238906908074014	-26.204465803944238	-5.0389888582099324e-06	-1
-19.325781249999999	-30	0	-1
-19.562425353313326	-28.12540957114205	-2.4548434417145923e-06	-1
-31.084223978431144	-8.8235268849016091	-1.5313792701531065e-05	-1
-33.580095147226686	-7.744963081664098	-1.1761324488552759e-05	-1
-32.054316953029307	-7.5716826809702305	-1.4628822279816756e-05	-1
-34.596642906052544	-6.5940261376141862	-1.0516390178738254e-05	-1
-40	-5.8953125000000011	0	-1
-36.22443051992402	-6.1342594219079913	-7.5309266572520099e-06	-1
-38.510112298067412	-4.6897619247010631	-3.1974900368513674e-06	-1
-36.14375530369918	-4.6460987615149358	-8.2605483750540828e-06	-1
-22.893131834025091	-14.226130071219014	-1.9767380259705785e-05	-1
-24.073106551080834	-12.673693636059316	-2.0800133455332567e-05	-1
-24.161643804714632	-10.725730501700475	-2.3520442566289373e-05	-1
-25.62010050806844	-8.5222158544396294	-2.4621971061771453e-05	-1
-24.355021877005534	-9.2693059499960242	-2.544414770962995e-05	-1
-30.568918127112507	-7.4224006698615685	-1.7479257806321985e-05	-1
-29.076757116760685	-7.3760292340256601	-2.0197786006729575e-05	-1
-26.481116235700135	-7.2363408628099402	-2.4974719723378323e-05	-1
-18.294004075532836	-23.243867123799784	-9.3516499718339392e-06	-1
-18.40895911856915	-24.914483637406938	-6.9567296449172488e-06	-1
-17.869370496021627	-19.187077236976503	-1.5611276596809022e-05	-1
-16.996650212412856	-21.112741728792592	-1.2911918961038264e-05	-1
-19.44205492606671	-15.406323298703173	-2.0829679869483079e-05	-1
-21.156851687986855	-13.889942569490554	-2.1915210248581816e-05	-1
-18.450721095119928	-17.211429676863197	-1.8507129995618217e-05	-1
-17.961202310794242	-27.053193254530356	-4.0432317117410209e-06	-1
-17.453125	-30	0	-1
-32.921768154798634	-6.3576524581217448	-1.3897787728877876e-05	-1
-31.451925883815097	-6.10093341350185	-1.6994729179823293e-05	-1
-33.760552147999356	-5.1236417684634912	-1.3037144458155574e-05	-1
-40	-4.1789062500000025	0	-1
-38.448401647421015	-2.6452861216550074	-3.6420095253019081e-06	-1
-37.290056545330216	-3.6936681314480717	-6.0622494760701975e-06	-1
-34.90120945406953	-3.8231707857949759	-1.1339881760463677e-05	-1
-22.374052747826802	-12.606933465169982	-2.2764165758527737e-05	-1
-23.135037827301421	-11.540130411648995	-2.3574523540655739e-05	-1
-22.857280376529964	-10.259498596986548	-2.5964484928979324e-05	-1
-24.943518462687493	-7.0613675341156723	-2.7916349546443942e-05	-1
-23.950453123899191	-7.9790763633249613	-2.8098737875806393e-05	-1
-22.939232378137426	-8.8767404796025406	-2.8137841569361377e-05	-1
-29.862676926479889	-6.117247813177487	-2.0093943630036498e-05	-1
-27.020492336998302	-5.785859563834947	-2.5948418688323601e-05	-1
-29.012766784005031	-4.9007555762519974	-2.3108301887210691e-05	-1
-25.217111398046377	-5.4748657267271961	-2.9886267630721992e-05	-1
-16.627152280857185	-23.083307813752192	-1.0004966429438296e-05	-1
-15.865291778892233	-24.674073635294487	-7.775095804506922e-06	-1
-16.142557587359018	-26.415937865048544	-5.1677002572156631e-06	-1
-16.730001673281041	-17.778451172132545	-1.8439008345372418e-05	-1
-15.040851182863577	-20.309825428996913	-1.4802048259402349e-05	-1
-15.025535536420014	-21.8772882365664	-1.2253767287536211e-05	-1
-19.564475721546337	-13.120507995697841	-2.4655669506195678e-05	-1
-17.759771459607506	-14.989497331470337	-2.2737318228715802e-05	-1
-20.265752402585473	-11.802134123976634	-2.6341461188574327e-05	-1
-16.32173478370208	-15.956902141894833	-2.1837539770161589e-05	-1
-16.504803597955586	-28.315122670442481	-2.3932004865728773e-06	-1
-15.58046875	-30	0	-1
-31.413785624370377	-4.4343738353680084	-1.8516877415399637e-05	-1
-33.281187420154517	-3.2166623552814775	-1.5362683077794445e-05	-1
-40	-2.4625000000000021	0	-1
-40	-0.74609375000000222	0	-1
-37.593031196664676	-1.3379186882345542	-5.9709896533921489e-06	-1
-35.39381632886569	-2.2350268443695454	-1.0984193707881488e-05	-1
-21.584265447073594	-11.101119145162995	-2.6119523736451311e-05	-1
-21.635244695304515	-9.6072985237186206	-2.8667571243839783e-05	-1
-23.55656112113952	-6.2439383862065796	-3.1663628251444688e-05	-1
-22.524029342011723	-7.3906099428030041	-3.1400216950314983e-05	-1
-27.183635958324796	-3.7146497784508274	-2.8476814739480769e-05	-1
-29.594353932116373	-2.7997265592741463	-2.4169354952250753e-05	-1
-23.910068665448485	-4.1940303458693844	-3.4603719658618804e-05	-1
-25.36599774224948	-2.7083113007441466	-3.3952734909678858e-05	-1
-14.647170451935473	-23.398476615756369	-9.9330701241020339e-06	-1
-14.03467085500607	-25.858466894503628	-6.2092940945235959e-06	-1
-14.599477262365223	-27.986707305183565	-2.9741132207526219e-06	-1
-14.991950462257373	-17.26701525957829	-2.005034116429754e-05	-1
-13.559029572966834	-18.811841622753196	-1.7777816929241559e-05	-1
-13.21564630611164	-20.633428823891276	-1.4692803208573536e-05	-1
-13.500332342094323	-22.23912996738018	-1.1968285125913766e-05	-1
-17.811346667381468	-13.233488752368849	-2.5933543059822331e-05	-1
-18.527065324474194	-10.681143537952678	-3.025760155918306e-05	-1
-16.277900632767096	-14.090675657810374	-2.5356315063589603e-05	-1
-20.28381718092632	-10.308958878806157	-2.9051367988595278e-05	-1
-14.142097349030278	-15.07446969380096	-2.4565313803063574e-05	-1
-13.707812499999999	-30	0	-1
-31.802938501128725	-1.9200740790731614	-1.9845904048170066e-05	-1
-33.970607210165426	-1.3751788832559786	-1.4906840526922876e-05	-1
-40	0.97031249999999769	0	-1
-38.046182705364473	0.59862627201191543	-5.2124826103507469e-06	-1
-36.167378121614632	-0.98718851423530318	-9.6260263601610639e-06	-1
-20.384095963246132	-8.7895419688250787	-3.18848538914433e-05	-1
-22.138498525473402	-6.0052423738784322	-3.4607176863350275e-05	-1
-21.13553853598745	-7.0306818827366566	-3.4235919891478718e-05	-1
-26.817457078982265	-1.669548596461558	-3.2151806115640871e-05	-1
-29.892630291600803	-0.75972027476531034	-2.5689844222006051e-05	-1
-27.951900397052977	-0.29157888704049695	-3.1203279096167014e-05	-1
-22.442296786087667	-3.7276014366686097	-3.8439863408489299e-05	-1
-23.035861672229114	-2.3064783093075381	-3.993557820207513e-05	-1
-24.328805437298907	-0.32675603631468242	-4.0546955669747488e-05	-1
-25.866170670889375	-0.15931141913642707	-3.6845545231133676e-05	-1
-12.214654268272721	-24.657842064073499	-8.2463226871089555e-06	-1
-12.938955834490065	-26.887443809969334	-4.7202752244591963e-06	-1
-12.771484375000002	-28.381210260590709	-2.4504695926104214e-06	-1
-12.979981275928797	-16.785896451475665	-2.164529339433597e-05	-1
-12.060945833063947	-18.65165025954218	-1.8390543980583328e-05	-1
-11.897813803442784	-21.937042836632681	-1.2686024238128996e-05	-1
-11.096788807711031	-19.809371035494411	-1.6446296294998534e-05	-1
-11.293992590428722	-23.386206417736872	-1.0360854072446015e-05	-1
-17.236234960731139	-11.695696058408457	-2.9444872974565921e-05	-1
-16.907770030023961	-9.8977594776154181	-3.3579227929735224e-05	-1
-18.817013427287726	-7.9398185368248386	-3.5685944121010864e-05	-1
-15.67006176477987	-11.203089354223478	-3.1718790955133174e-05	-1
-14.464720311884944	-12.964582942483247	-2.8731182999808622e-05	-1
-12.776197596868032	-13.786000318332929	-2.7755713628256847e-05	-1
-11.583621519446831	-15.373881907544684	-2.4800496548505035e-05	-1
-11.835156249999997	-30	0	-1
-31.581982379568586	0.30408346905749717	-2.2291558979773212e-05	-1
-34.337576404697046	0.31641461910687951	-1.4996913355976771e-05	-1
-40	2.6867187499999976	0	-1
-38.525557214496722	2.1082126219473394	-4.1633935826115354e-06	-1
-36.061040852171729	0.477117031230057	-1.0466366078947396e-05	-1
-36.948505151274198	2.255037884769227	-8.6529839180291874e-06	-1
-21.343632934684344	-4.806882659890916	-3.8381804450369488e-05	-1
-19.915610569040751	-6.2762081043332216	-3.7699261143427676e-05	-1
-29.432890060632058	1.1830169186093711	-2.9026304203547328e-05	-1
-26.751786976828075	1.4194123321842955	-3.6842386803483541e-05	-1
-21.617757646993805	-2.5486940242498282	-4.2622465086237547e-05	-1
-21.001203741335594	-1.2006457688428942	-4.6974938849850477e-05	-1
-22.828682627190478	0.048958104844568862	-4.511713940075565e-05	-1
-23.798581722685455	1.1259629226502499	-4.4622551702614793e-05	-1
-24.895474955322385	2.0733112583821138	-4.3210825840823394e-05	-1
-9.9906795539415416	-24.058154151238391	-9.3344209260558862e-06	-1
-9.7151626811639371	-25.498372565386092	-7.0286023382007897e-06	-1
-11.468515937667455	-26.575688443410826	-5.2748772491754977e-06	-1
-11.176629109026843	-28.538912920788903	-2.2457569237028703e-06	-1
-11.051116759422971	-17.533544089879285	-2.0640462411961704e-05	-1
-10.115722277854577	-21.03373045270774	-1.4382054371871416e-05	-1
-9.9393521491508867	-22.592717654779836	-1.1751042902434431e-05	-1
-8.8525545872062992	-19.445996434481156	-1.7228863942278467e-05	-1
-17.038802206252843	-8.0652874125738343	-3.7565004123368216e-05	-1
-15.406058966384077	-8.907470773266672	-3.7290414495284284e-05	-1
-17.872305605432985	-6.428096103068377	-4.0436422753984113e-05	-1
-14.015646800053464	-10.75309157790525	-3.3915767537412984e-05	-1
-13.025887779843147	-12.15307870502976	-3.1263723152053303e-05	-1
-10.920051137708976	-13.5021768051647	-2.8928887930798757e-05	-1
-11.445062541609904	-12.003606336867234	-3.2226597473382746e-05	-1
-9.897029462030968	-14.91834525038761	-2.6009660616030427e-05	-1
-9.5745557570711899	-16.622901695336008	-2.25521367241009e-05	-1
-9.9624999999999986	-30	0	-1
-32.959691304099366	1.3640727773447416	-1.9405679939386202e-05	-1
-31.48067765420172	2.2774061435541855	-2.4328692364699615e-05	-1
-34.993081130849191	2.6084672892841736	-1.4388042362639821e-05	-1
-40	4.4031249999999975	0	-1
-37.946705373191747	3.6643459340263034	-6.1025970769943614e-06	-1
-36.234898344033205	3.8929712949564466	-1.1258910203702093e-05	-1
-19.383522086724586	-4.297560337435236	-4.3106553838205146e-05	-1
-20.183456395091433	-2.4370365222856356	-4.5868264229851536e-05	-1
-29.473308819307487	2.6339540628782951	-3.0535851428644804e-05	-1
-27.836230103717472	2.8687804803340438	-3.5686127315384923e-05	-1
-26.423916621432042	3.199633092197268	-4.0444537293406355e-05	-1
-20.659074532103709	0.2416858232947954	-5.1191582943267563e-05	-1
-19.052332812900328	0.037296813944168949	-5.4687893917609904e-05	-1
-22.409154284063526	1.5384371955729708	-4.9384693909892634e-05	-1
-23.084664622249626	2.9306432778063645	-5.0232285908692923e-05	-1
-24.241265910503706	4.5665912335501089	-4.9678477238204231e-05	-1
-25.774260022661508	4.4965676035338333	-4.45498239640722e-05	-1
-8.5831893192735311	-24.535360940948554	-8.5728547578743047e-06	-1
-8.1214238281735547	-26.224939482361684	-5.8787271663460263e-06	-1
-9.7802632715917479	-27.752404245388504	-3.4818367255321438e-06	-1
-8.5471470525706827	-21.067186112156033	-1.4357903600990578e-05	-1
-7.6150812683601163	-23.407743149944917	-1.0391839601667809e-05	-1
-7.4393737209923136	-21.981908241558603	-1.2755035944557442e-05	-1
-7.593972291401994	-17.620243789268713	-2.0588685347469788e-05	-1
-6.9017185991448748	-19.444126837401246	-1.7128631616102494e-05	-1
-14.704219869879909	-7.6464493884695539	-4.1132612567346279e-05	-1
-15.293204977150792	-6.3289329393462284	-4.4000102970591247e-05	-1
-13.296508209140331	-7.9644131136258167	-4.1462604978793329e-05	-1
-16.624191984298307	-5.3008018206904	-4.5036477459405075e-05	-1
-17.904820385588124	-3.8162192508716997	-4.6883306303125413e-05	-1
-12.30325612545559	-10.667621982420894	-3.5122651451017581e-05	-1
-8.5420466173939857	-13.710546535772474	-2.8722295948723038e-05	-1
-8.7794895096837422	-11.910997393018219	-3.290614377635142e-05	-1
-10.171866065017795	-10.242115455111209	-3.6914355214998101e-05	-1
-8.2504203271080669	-15.502112987540473	-2.4835018273429928e-05	-1
-8.0898437499999982	-30	0	-1
-7.917496016472013	-28.110895884142309	-2.9244412629207924e-06	-1
-33.485650550930949	2.7881515125386844	-1.8863737749182276e-05	-1
-32.518866186896908	3.9586050002170818	-2.2587480174435999e-05	-1
-30.275784911466896	3.8434516421171661	-2.9359590034911092e-05	-1
-34.597411242371891	4.2335147276776031	-1.6366343417218289e-05	-1
-40	6.1195312499999988	0	-1
-37.353343443511314	5.2862196902548648	-8.2400104294807322e-06	-1
-34.632876836594214	5.9056618591535219	-1.709147921545418e-05	-1
-18.60530352975249	-2.4278492255183592	-4.919316639865841e-05	-1
-28.825563316923908	3.9329067320752786	-3.3980153054880649e-05	-1
-27.322712543823172	4.3381666722532071	-3.9242005897475563e-05	-1
-19.429887100313501	1.6123671550489438	-5.7966804588287861e-05	-1
-21.106330460928653	2.3734234698770358	-5.5055487994470381e-05	-1
-17.846493068666692	-1.0440654429330267	-5.4541497498011786e-05	-1
-17.200029225702739	1.141381460019778	-6.2576589292410339e-05	-1
-22.74446464237241	4.905058691944097	-5.543284577603913e-05	-1
-25.020090637056178	5.8888643906479903	-4.9298842708966168e-05	-1
-23.560950895029844	6.5038221280837005	-5.5620323017455644e-05	-1
-26.927985277226888	6.3480835753309499	-4.3281922135344511e-05	-1
-6.7644968409354744	-25.117396179515467	-7.5919883279153004e-06	-1
-5.9516619749409898	-27.498259363146097	-3.835257615497086e-06	-1
-5.9522812544448129	-23.646886338661634	-9.8995413516194475e-06	-1
-6.0967119640855216	-21.470891867344452	-1.3510719485795965e-05	-1
-6.2722171524499508	-16.049819233645639	-2.3463873221126777e-05	-1
-5.3131626407532915	-18.198454889789257	-1.9146725756381061e-05	-1
-5.2794733995662417	-19.877164574015975	-1.6143656208067557e-05	-1
-13.682783422129404	-6.3994157123506135	-4.5536305292023032e-05	-1
-14.418717184322354	-4.7813024554653119	-4.9511496605496296e-05	-1
-11.556151587887294	-8.8590280775453643	-4.0162862879054517e-05	-1
-10.689169092568275	-7.595664696036831	-4.4163459639591142e-05	-1
-11.280155786482405	-6.1819884924659005	-4.8134505172329766e-05	-1
-15.892028664955294	-3.7866958520895846	-5.0331888499060949e-05	-1
-17.030449419449575	-2.5302474875222982	-5.1959261868114692e-05	-1
-6.8406509034027394	-12.570615209271958	-3.1114990432633146e-05	-1
-5.5233256572349028	-14.138685679797392	-2.7272336475608053e-05	-1
-8.2676815565035255	-10.068704644643439	-3.7571316346760748e-05	-1
-6.4868295870361576	-10.710876332470432	-3.5606373453474028e-05	-1
-9.1809863745476061	-7.8660913404157728	-4.3820422285630519e-05	-1
-6.2171874999999988	-30	0	-1
-31.786886143647934	5.505151666239259	-2.6042140989681449e-05	-1
-30.30564133577526	6.3616066814323062	-3.1658434697938534e-05	-1
-28.630842544370374	5.3727778051698021	-3.6240458791831476e-05	-1
-40	7.8359374999999973	0	-1
-38.540306606206173	6.7554504762660432	-4.7301602564665016e-06	-1
-36.948269163133894	6.7781406960980659	-9.9262867032445425e-06	-1
-35.533366615470896	7.4010084516579617	-1.4778439147127601e-05	-1
-33.788009130574693	7.4269029200404661	-2.0682209717226976e-05	-1
-19.770538921214762	4.1469352051365753	-6.366279056818519e-05	-1
-18.354222814316564	3.1065610512756172	-6.5294824186928749e-05	-1
-21.015305917987764	5.3874531689024714	-6.2452571168151042e-05	-1
-15.941356782640703	-0.41927556299426105	-6.0579663782306888e-05	-1
-15.83297782581746	1.8990362213002969	-6.8678763467263553e-05	-1
-16.14375749720918	3.4307954266158722	-7.306695584248518e-05	-1
-22.023484286594243	6.5491029894304749	-6.1412471552816367e-05	-1
-25.302137786556933	7.4469758151139125	-5.0723481369296171e-05	-1
-24.153366054968934	8.3933498327916247	-5.6658353255743503e-05	-1
-22.331430139347141	8.0560944559726906	-6.3327716091402333e-05	-1
-28.662007423702843	7.4014148855292694	-3.8386562840116407e-05	-1
-27.070904299867696	8.971272688101255	-4.6054006488174998e-05	-1
-5.4919588427184411	-25.934882310754958	-6.2426559242706729e-06	-1
-4.9433893188257256	-24.634211318296181	-8.2397440919425741e-06	-1
-4.513901242442417	-27.088589319582336	-4.4083925076875011e-06	-1
-4.4937094729672413	-28.548046523930445	-2.1890066011195433e-06	-1
-4.448235402104145	-22.898595335746876	-1.094093463534291e-05	-1
-4.62484483483777	-21.436968590247705	-1.3361995868802346e-05	-1
-4.0794269619137147	-15.806783868217515	-2.3334852261514109e-05	-1
-3.7617271253432691	-17.808432475578467	-1.9448694133866336e-05	-1
-3.6609945230585761	-20.324073172262644	-1.5022166040700696e-05	-1
-11.839025972618545	-4.7828389476150486	-5.224068720430989e-05	-1
-14.242779844326714	-3.0420084641537475	-5.5138336081512818e-05	-1
-12.929582816996398	-3.7433000580160045	-5.4555017519182477e-05	-1
-9.3563891047172749	-5.9344057137000634	-4.9923561646152346e-05	-1
-10.591038394267711	-3.9387522588856205	-5.6214331915279049e-05	-1
-15.391705706514239	-2.0952953632579776	-5.6316705998466381e-05	-1
-4.6075179217782392	-12.031948696345106	-3.1646916969836428e-05	-1
-3.8534393311191755	-13.612171237412571	-2.7743125554350511e-05	-1
-6.79950356170548	-8.8437787990333447	-4.0784735746153205e-05	-1
-4.99304134572757	-10.583122994313102	-3.5345960795020036e-05	-1
-5.3663256876659142	-8.5857802103188767	-4.0972682450606246e-05	-1
-7.468387124978709	-6.3789549266273724	-4.8595814998730149e-05	-1
-4.3445312499999993	-30	0	-1
-32.063605156374372	7.1936503964415603	-2.6343913021466938e-05	-1
-30.577583297361635	8.0601984907864548	-3.2190342990168048e-05	-1
-40	9.5523437499999968	0	-1
-37.717960614234748	8.1188451864320612	-7.66641728873489e-06	-1
-35.658645432828628	9.1420565530892421	-1.4954408620100861e-05	-1
-33.000834992853569	8.97878329007745	-2.4207133783685126e-05	-1
-18.477695143293023	5.3372648487942538	-7.1476031191305213e-05	-1
-16.940878784169549	4.8368048204407392	-7.5298448029412977e-05	-1
-20.537081042986507	6.8208136439020484	-6.7744417003504e-05	-1
-14.29939202702559	1.5973992458426214	-7.142391588685858e-05	-1
-14.018737225897899	-0.98799403679030351	-6.2536461606936837e-05	-1
-14.482906956202747	3.2571846238828295	-7.7406669697330588e-05	-1
-15.159031930743017	5.0981687952570365	-8.2398075673238962e-05	-1
-25.520338846160389	8.9821500202690068	-5.2069169681523592e-05	-1
-23.246017976056763	9.5731886931134635	-6.235037118254699e-05	-1
-24.818827282211178	10.364992407611533	-5.6861042778741368e-05	-1
-20.5814685189121	8.3311947330123193	-7.1142972584638671e-05	-1
-21.485582786231962	9.612560996136974	-6.9985640152258949e-05	-1
-29.382901554847749	9.2978988177559643	-3.7615642895727903e-05	-1
-28.645944822289099	10.695007960217895	-4.1649274045092948e-05	-1
-26.304549129038886	10.249335904458949	-5.0538083751984314e-05	-1
-4.0003189857742001	-25.684588345884691	-6.5126702910598897e-06	-1
-2.7060611889168587	-24.04750153990339	-8.8689213933881129e-06	-1
-3.219370611516863	-27.836369978668845	-3.2073328289058558e-06	-1
-2.4718749999999989	-30	0	-1
-2.8867710366887578	-21.968439153643104	-1.2154930719210159e-05	-1
-2.7910523384641595	-16.478837293288883	-2.1537714967577036e-05	-1
-2.7627584915467795	-15.025990283199535	-2.4297283547116503e-05	-1
-2.8268425751586581	-19.106531285333908	-1.6885658350000009e-05	-1
-2.1621382240151483	-17.78881134385086	-1.8905981578034619e-05	-1
-2.1098802589752585	-20.396563360820458	-1.4492790230242346e-05	-1
-13.023668508693042	-2.1875707054255122	-5.9875540703464531e-05	-1
-11.574230541509163	-1.6146173781993474	-6.4056116729130862e-05	-1
-9.1502147261720221	-4.427105519526723	-5.5293074199425616e-05	-1
-7.6331788255453308	-4.3128084244924469	-5.6074955633520408e-05	-1
-9.9937652996895903	-1.2328574027628951	-6.7433832856316522e-05	-1
-8.5277321851947647	-2.5643940252224815	-6.2948385038649518e-05	-1
-3.2469933237517554	-10.894216109376465	-3.3467868774816955e-05	-1
-2.1028182220338572	-13.644783085151811	-2.6654470474095686e-05	-1
-5.3281989506431726	-7.1300644268160571	-4.5383324351398871e-05	-1
-4.1308518224802508	-9.3566021215658406	-3.802430667288022e-05	-1
-3.2664600168682822	-7.7972587907424895	-4.1686649706693211e-05	-1
-5.674533466080188	-4.9909131573366352	-5.297877311073291e-05	-1
-31.173520667095719	9.8308522832979506	-3.133931842382542e-05	-1
-40	11.268749999999997	0	-1
-37.494231411076655	10.252462330618046	-8.7988098303730433e-06	-1
-35.119770607338459	10.551997059718307	-1.7328195989996948e-05	-1
-33.648281927138441	10.888210345927659	-2.2794220304615793e-05	-1
-18.382923213828327	7.6399633796094735	-7.8601875201439372e-05	-1
-16.581119462180304	6.4125072009336312	-8.1995278498910907e-05	-1
-12.541494408282615	2.5774713308034993	-7.9749018376305264e-05	-1
-12.52539710941501	0.4820437600035159	-7.087908836383453e-05	-1
-13.304153396463802	4.440022430088626	-8.5907926709111049e-05	-1
-14.456793120526623	6.9027959160583805	-9.2267098180028333e-05	-1
-22.21512824095581	11.000756061009755	-6.9290105646283668e-05	-1
-24.608778812284342	11.97147045690085	-5.988739771429664e-05	-1
-19.178515891529575	8.9514701138375354	-7.8754475783760912e-05	-1
-20.621486877681267	10.921247501558087	-7.6658318014459896e-05	-1
-27.289908074164615	11.505059513731748	-4.7856959383041323e-05	-1
-29.294993369802793	12.135061835801929	-4.0180241622830418e-05	-1
-30.923077412049206	11.68223943286517	-3.3470409676949757e-05	-1
-26.080804359087207	12.493958464372076	-5.3969312739904236e-05	-1
-2.1682083062644097	-25.802874867669367	-6.1488480612846387e-06	-1
-1.6362583513005471	-22.907130692389632	-1.0407627928709103e-05	-1
-0.2667281832779918	-24.877873035688342	-7.2169534662333661e-06	-1
-1.8728637723801294	-27.243978563690732	-3.9893016110131189e-06	-1
-2.059371118202149	-28.646549044093444	-1.9664411442367771e-06	-1
-0.59921874999999902	-30	0	-1
-0.97737343928622322	-21.458937396194873	-1.2471220858164888e-05	-1
-1.4020654993122061	-15.727252761981454	-2.2214516886317393e-05	-1
-0.8430388316947518	-14.380003072210897	-2.4379131490945897e-05	-1
-0.63702168326593878	-19.904732186900596	-1.4776031873637197e-05	-1
-0.045725645468420506	-17.4558581345844	-1.8477952629282969e-05	-1
-11.253661477098202	-0.20510612857433475	-7.0211041580183357e-05	-1
-6.5639506724880334	-2.5371764723216974	-6.3436572003861398e-05	-1
-9.9372817659518091	0.39207972520899537	-7.4828382759974265e-05	-1
-8.1847426509854948	-0.48228957037280917	-7.2607792422903978e-05	-1
-1.6362616268678243	-10.197049018400932	-3.3776239120921255e-05	-1
-2.6311813522677729	-9.1193075560734425	-3.7404645080660604e-05	-1
-1.3371111603670964	-11.713006590424053	-3.0125857429958611e-05	-1
0.20852253997568049	-13.101921344551787	-2.5980223323115011e-05	-1
-3.4639351236344096	-6.0253309143321392	-4.7427825689045096e-05	-1
-1.7723795178272239	-6.8244030566392215	-4.2661910323571851e-05	-1
-1.2232461045150549	-8.7080773799613311	-3.6898969295960388e-05	-1
-4.4662865400238188	-3.8000091924964452	-5.6821002799275321e-05	-1
-40	12.985156249999998	0	-1
-38.101987603090762	12.351240179325865	-6.8987416484112404e-06	-1
-35.991915078864515	11.783939562665187	-1.450272799222598e-05	-1
-33.670424128484591	12.735583901108303	-2.3435292562209507e-05	-1
-31.857309448902942	13.090400033981023	-3.0556336570017282e-05	-1
-16.989882693219194	7.7486539573570079	-8.4807874161319926e-05	-1
-17.675898924996275	8.9659284800052212	-8.5633238218156245e-05	-1
-15.693658951073189	7.4146044528842525	-8.9196611450564122e-05	-1
-10.905154191635638	3.7492801996406975	-8.9531664946922103e-05	-1
-10.851909566538875	1.9465126644254371	-8.0650872353067219e-05	-1
-12.486432748725868	5.6810876793283036	-9.4277326479892185e-05	-1
-11.137957258920563	5.1718000611783852	-9.6115492317102596e-05	-1
-12.85280849543628	7.121462221879538	-9.9734102017531349e-05	-1
-14.577469242035843	8.3616077677394038	-9.7817519154250123e-05	-1
-23.037877425726169	12.367905718042712	-6.759640451072641e-05	-1
-21.298512536760569	12.306830353149477	-7.5927984314721114e-05	-1
-24.196262047459598	13.538225703040313	-6.3558907580372161e-05	-1
-19.142335033221336	10.484998257768867	-8.2751215101441156e-05	-1
-17.756074263042038	10.355879056877036	-8.9298151310254309e-05	-1
-19.576358036709628	12.055226905006476	-8.4188466301030843e-05	-1
-27.603804060741254	13.382919475724938	-4.8113248177066502e-05	-1
-30.332716997072151	13.265647263351985	-3.6693853992727286e-05	-1
-29.139785838871436	14.231053388967272	-4.2127761974155713e-05	-1
-25.814334756766552	14.033064334489724	-5.6568878203632304e-05	-1
-0.75870861931109568	-26.283423228860155	-5.2692682022232874e-06	-1
-0.078506402797667615	-22.771732582481693	-1.0235684292035148e-05	-1
0.91169407919391898	-26.186379503267776	-5.1835865461348018e-06	-1
1.5594058171697414	-24.548900431989317	-7.3018197881475916e-06	-1
-0.10727367148870674	-27.622545554758833	-3.3085949336702141e-06	-1
1.2734375000000009	-30	0	-1
0.9906717806017038	-21.075545984859836	-1.2384804106193371e-05	-1
0.12110126619502615	-15.474547001587613	-2.1741794415995796e-05	-1
1.0243018071092069	-19.311956540629154	-1.5004162390574639e-05	-1
1.2303910213896163	-16.548499251877317	-1.9210410661934777e-05	-1
2.0543105903101804	-17.880013590294318	-1.6631398461645217e-05	-1
-5.5070431611670063	-1.4347171867783937	-6.8447371859887193e-05	-1
-4.1490098365808423	-2.1334413477181089	-6.4136793449145766e-05	-1
-6.2624155924666329	-0.10735798377419159	-7.5408872225390364e-05	-1
-7.5779046639392034	1.0705793853447179	-8.1154104834712325e-05	-1
-8.4343484798343411	2.5010192919359078	-8.7956015565001947e-05	-1
-0.11690944505522838	-9.915646620750973	-3.275556623279601e-05	-1
0.23819088969869662	-11.514429916768179	-2.9006297817641821e-05	-1
1.9248804057462288	-13.326622770198329	-2.3997982846414542e-05	-1
1.5986849674283055	-15.026614414325028	-2.1425459703063816e-05	-1
-1.2342755028610313	-5.0326662664754966	-4.7325636408215323e-05	-1
-2.7953060460693768	-3.5068589296268402	-5.5753056953711475e-05	-1
0.065915785369507374	-6.4772042167883619	-4.0595907329287746e-05	-1
0.49778649904171424	-8.1319969781344597	-3.5833343293882844e-05	-1
-40	14.701562499999998	0	-1
-38.658502400339138	13.843359374999999	-4.9743104672501991e-06	-1
-37.090432530469407	13.578360357312725	-1.0784264969614892e-05	-1
-35.62027763421878	14.184753115513896	-1.6402096235469212e-05	-1
-33.214966118275996	14.526069123163495	-2.5736798880681177e-05	-1
-31.240671752532307	14.445204279628912	-3.3550850835230608e-05	-1
-16.070733679993442	8.6333439179333471	-9.1965707280828826e-05	-1
-16.459607860058355	9.8483698875888432	-9.423788355108066e-05	-1
-9.4428569085196816	4.7189027282176035	-9.8419851898992925e-05	-1
-11.319683203598098	6.6017426144432108	-0.00010311827601653401	-1
-9.9970537382511058	6.0433118429191861	-0.000104595964410626	-1
-12.346724159612089	8.6591423823358884	-0.00010957826558746344	-1
-15.270358360541625	9.5592508052110041	-9.9219606880233485e-05	-1
-13.718879932675804	9.5471536937836774	-0.00010702835762052754	-1
-22.120875151255184	13.68498914235734	-7.3869593842852585e-05	-1
-20.122675181565743	13.590001008709988	-8.4254009909703331e-05	-1
-23.112768248026988	14.778203519674292	-7.0182723953463001e-05	-1
-24.541770266472938	15.14823435821814	-6.3401120903346225e-05	-1
-17.951113636476737	12.167363480994334	-9.3168351191833616e-05	-1
-16.577763781358524	11.411517864730095	-9.8623479441259853e-05	-1
-27.734995980769028	15.282308168795797	-4.8724152238583186e-05	-1
-28.910088284002892	16.230981318212269	-4.3973180632303061e-05	-1
-30.269661087709316	15.57342184792452	-3.7975810954417708e-05	-1
-26.024345025851172	16.806520426119903	-5.7289579299101405e-05	-1
1.6838430056746372	-22.697548561681366	-9.8452119898100595e-06	-1
3.4864796763581909	-26.079368971863808	-4.9094914368641566e-06	-1
1.9614741188481699	-28.010768894167981	-2.6170886782554788e-06	-1
3.1760419330732605	-23.638144685187719	-8.112016977849395e-06	-1
4.1313533546973851	-24.757013237414117	-6.4320105170830155e-06	-1
3.1460937500000008	-30	0	-1
2.3925684035873531	-20.220163493438392	-1.3031809523621417e-05	-1
2.5947353693292587	-16.07316290367152	-1.9017160166716218e-05	-1
3.5953006493905648	-17.115395729875104	-1.6774786249241738e-05	-1
3.7649807277259133	-18.827265907684371	-1.4286666683784211e-05	-1
-3.9227379380620988	-0.21834583190646684	-7.4258572862378525e-05	-1
-2.6907461858875936	-0.87159471210507444	-6.8670871126122414e-05	-1
-6.2110576772778874	2.025243541584242	-8.7922072447026015e-05	-1
-4.2742815884167573	1.1310817648181832	-8.2753697014301486e-05	-1
-6.4535569651553093	3.6171955919577097	-9.7781582526355716e-05	-1
-7.6896802636435853	4.6492403711430947	-0.00010229030834030015	-1
1.4270266403411558	-10.461966709688664	-2.9698889118026514e-05	-1
2.068160834052958	-8.8093269156606091	-3.2009096811792603e-05	-1
2.3839603057420327	-11.771248958790981	-2.6211446354151465e-05	-1
3.70295847548392	-12.714745580941548	-2.3157684827331316e-05	-1
3.1783035462510938	-14.520484355528446	-2.0925654467291437e-05	-1
-0.82058681846343817	-3.0479904875636041	-5.3339009154486216e-05	-1
0.23409492575772947	-3.634823442923401	-4.8144552820951172e-05	-1
-1.4313333100609056	-2.0069740505698834	-5.9636853881973954e-05	-1
1.7298808176598595	-5.4730091923037509	-3.9506371707801784e-05	-1
1.8922302495398213	-7.1418565724202221	-3.5588956251162061e-05	-1
-40	16.41796875	0	-1
-38.054921466503139	16.41796875	-7.3774028395600875e-06	-1
-36.908912384029279	15.223615932241922	-1.1654547790967474e-05	-1
-35.362305436679073	15.823409968009505	-1.7650032160607834e-05	-1
-31.821909695532078	15.927415321852125	-3.1652518761484495e-05	-1
-33.892749860291751	16.592924323199323	-2.3494861283911672e-05	-1
-14.973960891083477	10.746707227988113	-0.00010528140308853074	-1
-8.6784930401802924	6.8957672602365694	-0.0001142934698964618	-1
-10.772244312474708	8.220520944454023	-0.00011440716248864548	-1
-11.241854157848904	9.8635666572552907	-0.00012151090038517169	-1
-11.928358184623772	11.28778740664873	-0.00012534481655185906	-1
-13.332616563862631	12.014252083091002	-0.00012014669944315818	-1
-21.709495158846206	15.236236517805523	-7.7977218681367857e-05	-1
-20.124838872980295	15.876501459211338	-8.7649133562327011e-05	-1
-17.927167976962231	14.22862226284853	-9.8075432230534403e-05	-1
-22.6875794076254	16.637816319963704	-7.3947969890572588e-05	-1
-24.446877512014371	17.52475987395383	-6.5327252795677573e-05	-1
-16.014818831319243	12.874557646624067	-0.00010638771897707008	-1
-28.149470189107422	17.535696911458871	-4.7724207383631819e-05	-1
-30.039417295611745	18.114339433112406	-3.9513121076964629e-05	-1
-31.923311494683038	17.51628435207456	-3.1532667775901092e-05	-1
-26.137737768063726	18.536090820075803	-5.7201686295205741e-05	-1
3.9382571351953444	-20.774996525213723	-1.1586625247767554e-05	-1
4.0660895417111727	-28.10478174413965	-2.3150312709132112e-06	-1
5.2423505656760154	-26.6725330783445	-3.8896241042570298e-06	-1
4.7476086949627767	-22.939018554950998	-8.498230832372826e-06	-1
5.5701134024124119	-24.44967584212068	-6.4314425521214952e-06	-1
5.0187500000000007	-30	0	-1
4.4286340184709969	-15.61045508963919	-1.8244376281039544e-05	-1
5.3318357871749633	-17.807615276939963	-1.4651165760959476e-05	-1
5.2614557756606466	-19.675707576607675	-1.2342298012998335e-05	-1
-3.3575125829450259	0.42197126308060839	-7.772893284267943e-05	-1
-2.5655833856175594	0.10207466944418808	-7.470019717347301e-05	-1
-1.387619444924292	-0.88012276505623555	-6.5547170875061728e-05	-1
-1.6137048777011931	-0.13797761091338329	-7.116882467820518e-05	-1
-4.8438859136286299	3.6627624789079705	-9.9962440453073539e-05	-1
-2.9363392837246374	1.9034665458324207	-8.7942369992616154e-05	-1
-2.734455508579217	1.0061677764925154	-8.1258662340489123e-05	-1
-5.696970363168516	5.3443942603570589	-0.00011113448450986799	-1
-7.2775666777528043	6.1715101828007946	-0.00011355559739292681	-1
2.9944760223617584	-10.320687731303254	-2.792940895679771e-05	-1
3.4662809529658176	-7.71958773758052	-3.1638762651690015e-05	-1
4.793758715916848	-11.640408038653135	-2.3510528896796815e-05	-1
5.5513165594141496	-13.060473379049627	-2.0683629879530622e-05	-1
5.7291903992398971	-14.660919077759852	-1.8381803930806209e-05	-1
-0.3047500049670982	-1.9568264847979067	-5.5873232678077765e-05	-1
1.5439045786001333	-3.1104438234422571	-4.5383792468903591e-05	-1
0.74443274921461966	-1.9479378638767542	-5.146486376631903e-05	-1
-0.67003708638139348	-1.1750288711979151	-6.1112495744541454e-05	-1
3.1373113552617902	-4.4212494489563472	-3.7987693883946036e-05	-1
3.1389557045067651	-6.1782516037689748	-3.489156517227974e-05	-1
-40	18.134374999999999	0	-1
-38.372360409721338	18.992578124999998	-6.2184343861333201e-06	-1
-37.001785958944019	17.99256463543848	-1.1475288771313034e-05	-1
-35.352824709072536	17.593280149325075	-1.7838644217629374e-05	-1
-33.82355838258902	19.00733710797487	-2.3930815719689867e-05	-1
-7.470596024064629	9.0324980736337821	-0.00013421981908153598	-1
-9.4017844074492416	9.2412913740534481	-0.00012712237448590284	-1
-6.0749708868064918	7.1917583637638076	-0.00012460020867151119	-1
-10.0534255587371	11.843541471188571	-0.00014054057138470743	-1
-11.621913629242773	12.838846482331622	-0.00013548329178644455	-1
-13.318984639884865	13.691143636271624	-0.00012703503322334907	-1
-21.222789407550334	16.874586984336798	-8.2211239713895749e-05	-1
-18.647225313802156	16.458440118955966	-9.7364179288376827e-05	-1
-19.127329814970729	17.972208298675092	-9.5779711116096271e-05	-1
-20.495200276965157	18.167755244418174	-8.7403610273477155e-05	-1
-16.606941484421863	15.050755522805122	-0.00010824229787623241	-1
-17.243417273809868	16.469839614131359	-0.00010658350888201696	-1
-23.409787144730231	18.37501826993644	-7.0977680542524645e-05	-1
-22.14484880414081	17.929567078042918	-7.766637481781162e-05	-1
-24.407093798766642	19.494586248087217	-6.5881421889734317e-05	-1
-14.260832089295699	15.078614173803203	-0.00012494747584017632	-1
-28.829281033673897	19.677124594544622	-4.4821252000101589e-05	-1
-31.414257979362699	19.178941661783245	-3.3729865976241502e-05	-1
-30.316710271902629	20.43954386278558	-3.8297296610057597e-05	-1
-25.966208937995194	20.268040324641529	-5.7989045154862539e-05	-1
6.2266710526550391	-20.81875042920489	-1.0454932476771634e-05	-1
5.8684311201521142	-28.385850975775107	-1.8394565930731912e-06	-1
7.0241820991682244	-26.162628554513216	-4.1488715803978921e-06	-1
6.3626466708255673	-22.347197830764447	-8.5975686151931055e-06	-1
7.7517116896898646	-24.071421154265227	-6.2112465435741688e-06	-1
6.8914062500000011	-30	0	-1
6.6515487616670397	-15.980888997369817	-1.593891069785439e-05	-1
6.9749474058938343	-19.523269826107882	-1.1541995288645811e-05	-1
7.7414022826820146	-17.667344363738628	-1.3146950264167866e-05	-1
-1.8456967713754642	0.76950335759971744	-7.8527301263785364e-05	-1
-0.70065258478604431	-0.51960842996894119	-6.5351582750921905e-05	-1
-0.64555787925861419	0.066956429834491418	-6.9897308141479101e-05	-1
-0.91006794595568596	0.72545057122182655	-7.6601455444593993e-05	-1
-2.8625360979782957	3.6579323107734174	-0.00010121344039783985	-1
-3.847761264214681	5.8958481458461618	-0.00011852982192009481	-1
-1.3944844175662219	1.5903257249326097	-8.4628790724043429e-05	-1
-1.2324915942645418	3.004822866278174	-9.6187690135692537e-05	-1
4.5564252181114524	-10.127887251980004	-2.6052446134537445e-05	-1
5.7742635306343626	-6.4240296988726406	-2.9096966682820235e-05	-1
5.2090006674262455	-8.1206038387281421	-2.7911569697472652e-05	-1
6.8036623515628536	-12.141913159394907	-2.0420068076724922e-05	-1
6.0328942136139814	-10.741191970265941	-2.3145787589768982e-05	-1
7.8251470553494427	-13.871292083193776	-1.7282864880875625e-05	-1
-0.16096734275569963	-1.1059629783961933	-5.8959330545594438e-05	-1
2.0908620820407737	-1.8099005517914009	-4.5879806435977586e-05	-1
3.7074255729069816	-2.759314114853523	-3.8768407556694602e-05	-1
1.2746337843607243	-1.0425372224012723	-5.1096974338507303e-05	-1
0.62181995211791363	-0.90590640502230235	-5.5202090537484381e-05	-1
-0.32271798530546891	-0.61835777840508854	-6.2605342349411164e-05	-1
4.5501260337362819	-5.2984290659414199	-3.3167017151069169e-05	-1
4.8218800411629559	-3.7988389719918447	-3.4412116015601736e-05	-1
-40	19.850781249999997	0	-1
-38.19603636192889	20.824143867683656	-6.8573926099258243e-06	-1
-35.894685389480557	19.278188854844075	-1.5762925577456109e-05	-1
-33.400189991423595	20.455387886363091	-2.5565668120989553e-05	-1
-34.628462632767757	21.331423370778062	-2.0604495828718962e-05	-1
-5.3740198686841261	9.3928398873408447	-0.00014543501730474991	-1
-8.4374050163100645	10.927427668771594	-0.00014423795993674459	-1
-6.2298658983557802	10.760521960382542	-0.00015458301511391676	-1
-4.1044566236728635	8.397231607774609	-0.00013977747421192813	-1
-7.9447104470533398	12.978307508769497	-0.00016402431166433735	-1
-9.9277533977995063	13.696914990069843	-0.00015342569099783439	-1
-12.354704879347338	15.063118728573794	-0.00014017435326272071	-1
-17.75965003469657	17.775332125877231	-0.00010472025068892517	-1
-19.63655618019304	19.256730278926412	-9.3154400548528722e-05	-1
-18.289624396065538	18.942659197605046	-0.00010191748988379943	-1
-20.992349712376175	19.548209624325359	-8.4773829595895353e-05	-1
-15.622137338364016	16.254525385627566	-0.0001176804525316992	-1
-16.479227949303507	17.647473529211833	-0.00011377284406361594	-1
-22.438382065054594	19.299608958313115	-7.6405964489146018e-05	-1
-23.527906436787688	21.266836686518431	-7.0168896720048364e-05	-1
-25.137890280086125	21.72155500489329	-6.1685238173480873e-05	-1
-13.47146611150567	17.885005829286573	-0.00013879971671397351	-1
-12.016336319797897	16.939036575185636	-0.00014950025536061631	-1
-28.763992154661068	21.636646198298326	-4.4769038352393328e-05	-1
-26.809433292910168	21.790552693454462	-5.361475390581012e-05	-1
-31.940389450806457	20.836274001944421	-3.1440127137627368e-05	-1
-30.672091621944517	22.506034557860829	-3.6312654814979313e-05	-1
7.7192523126732357	-20.920675284168865	-9.60283220710633e-06	-1
7.8277343750000012	-28.275364952170005	-1.7820867281495854e-06	-1
9.0201114408656728	-26.612680964801253	-3.3064825628619213e-06	-1
9.0965926855919719	-24.987334177601461	-4.8918506837169207e-06	-1
7.9545685547765954	-22.486356629359161	-7.8111392934376549e-06	-1
9.8220744783319098	-23.530873492289832	-6.0655532271636644e-06	-1
8.7640625000000014	-30	0	-1
8.9045691246179359	-16.030592917170239	-1.3989265076264969e-05	-1
8.6054676366295872	-19.110410563708367	-1.1015528159468816e-05	-1
9.5077247396347708	-17.690910259564568	-1.1841101033308119e-05	-1
-0.32194649563660926	-0.068304253858731803	-6.7036689105208876e-05	-1
-0.30241938418382031	0.13959081123002803	-6.9283042503570169e-05	-1
-0.30687717654488661	0.49213237885873179	-7.3240576306483069e-05	-1
-0.32242364830885561	0.85332031250000007	-7.7004714743466151e-05	-1
-0.4992374145341722	1.1646484374999999	-8.0144913572486673e-05	-1
-1.2871166737381186	4.43359375	-0.00010815063503787541	-1
-2.829843273946552	7.6460124594166823	-0.00013536415092892568	-1
-1.3965996375812919	6.3015624999999993	-0.00012426217067968659	-1
-0.46803353039239481	1.9429687499999999	-8.707616142422474e-05	-1
0	2.5656249999999994	-9.2401082268488353e-05	-1
0	3.8109375000000001	-0.00010294136051604359	-1
7.1916745141484881	-7.0062878003370175	-2.5769120133533665e-05	-1
6.0939292729852657	-4.8479293770834326	-3.0150314976080582e-05	-1
6.9521395135173458	-8.5197941189165007	-2.4519443416384638e-05	-1
8.3477482232752713	-12.309010978120313	-1.8425385166787886e-05	-1
7.6293979206285751	-10.826510699983949	-2.0899961910656028e-05	-1
10.589214872178218	-15.063844382238427	-1.3425947395791796e-05	-1
9.8977385502440001	-12.867011173720968	-1.6141712447709918e-05	-1
0.066956429834484771	-0.64555787925861163	-5.9865621116218425e-05	-1
1.8554129006625821	-0.71462031540679716	-4.8490907466099042e-05	-1
2.9169403357596111	-1.0593739030872624	-4.3376808287691145e-05	-1
4.43359375	-1.4049567170427064	-3.7606975162438293e-05	-1
1.0089843749999998	-0.43076580174524987	-5.3611222840134067e-05	-1
0.49213237885873717	-0.30687717654488822	-5.7712939073429355e-05	-1
-0.068304253858735842	-0.3219464956366076	-6.2869342592735021e-05	-1
6.24232078721767	-3.2465991894954347	-3.120539820712174e-05	-1
-40	21.567187499999996	0	-1
-36.310462261387883	21.325151810113308	-1.4059728115097614e-05	-1
-37.481328878191043	22.639520374003414	-9.4712267347414213e-06	-1
-32.514872742254632	22.589193454548145	-2.8742812350024725e-05	-1
-33.983823690248421	23.704962593688407	-2.2662717617690773e-05	-1
-35.741682117563556	22.90807670761874	-1.60573457177764e-05	-1
-4.4906994575620471	10.742940524597003	-0.00016198893213009157	-1
-6.8664024868562983	12.334839161240929	-0.00016587544462835663	-1
-5.8588339303317776	12.417624478672433	-0.00017323914309684939	-1
-2.8625317669409935	9.125167915271776	-0.00014970804536663221	-1
-7.8877119697742497	14.232720018625532	-0.00017505256473061506	-1
-6.86453863021916	13.618642122399432	-0.00017846306412638778	-1
-10.527052161117428	15.604641203523084	-0.00015874500389962353	-1
-8.5283869229353311	15.542066616880199	-0.00017858600220940822	-1
-17.001243575125752	18.823623274737876	-0.00011096765988730258	-1
-20.502579978338009	20.931299449229954	-8.7512991946179288e-05	-1
-18.606240816107643	20.184947150801406	-0.00010002217557272612	-1
-17.091096387444686	20.060652256792178	-0.00011074988594164786	-1
-21.970858025438481	21.499261104358318	-7.8606067236412333e-05	-1
-15.206369381949463	17.836311038772248	-0.00012394832737233391	-1
-15.949120465766509	19.576704713528237	-0.0001195061860236609	-1
-22.493000394545579	23.913181777360119	-7.3809832192986693e-05	-1
-24.180454129827851	24.03240251730228	-6.4918056947664877e-05	-1
-25.906067596897213	23.393595594282729	-5.6949369864878748e-05	-1
-12.071687821214933	18.911105862641282	-0.00015400720381646439	-1
-14.258180794591553	20.426041127494326	-0.00013422961960481185	-1
-10.09955708062374	18.964222764378583	-0.00017618959815552085	-1
-9.2882199493703439	17.515927225163693	-0.00018087757338152268	-1
-28.366061191184979	23.72382116959529	-4.5586854747195359e-05	-1
-30.146873565027018	24.991665556720317	-3.7334598957909195e-05	-1
-31.528602953152419	23.985322092371657	-3.2215294849976556e-05	-1
9.1989737166211611	-21.483841667374499	-8.2875963324230225e-06	-1
9.9658262531933932	-20.031158261900774	-9.2954030944549079e-06	-1
10.63671875	-27.866818882698787	-1.9077095478570669e-06	-1
10.878885852522952	-25.885673406559103	-3.6163169140529262e-06	-1
11.420595255981866	-24.22801617043508	-4.9034040576665558e-06	-1
11.658601234057802	-21.853499401504827	-6.822937708730429e-06	-1
10.63671875	-30	0	-1
10.532404211876093	-16.587646631583514	-1.2103725656132311e-05	-1
10.947636336868124	-18.714191728924092	-9.9085219536954162e-06	-1
-0.095874257348068315	-0.0958742573480664	-6.504966486483366e-05	-1
-0.12026798442981311	0.037499999999999992	-6.7003162255577377e-05	-1
-0.11451693855560098	0.23066406249999999	-6.9758670447241566e-05	-1
0	0.69765624999999998	-7.525406412556641e-05	-1
0	0.38632812500000002	-7.1743663428591964e-05	-1
0	1.008984375	-7.8437994193797513e-05	-1
0	1.3203125	-8.1435796066665829e-05	-1
0	5.0562499999999995	-0.0001135617801278979	-1
-1.2669166805012293	9.065672147373995	-0.00015111013797477547	-1
0	7.5468749999999982	-0.00013635339462055357	-1
0.45317884271519521	1.8953275940994363	-2.7191940385090176e-05	-1
1.3232530397946667	2.4492006619526592	0.00013206851793998026	-1
1.9347516448153892	3.9433045330182113	0.00038973308845452644	-1
8.4614885212867197	-6.1485869316287438	-2.4174858051477102e-05	-1
8.3848751900461451	-7.9708378013426788	-2.2773210519299476e-05	-1
7.9824706006986013	-4.2153954336596744	-2.6609855201694528e-05	-1
8.1220696124335596	-9.4290801533078934	-2.1731479917438207e-05	-1
9.7499669103357149	-10.845734994200532	-1.8160553384621529e-05	-1
11.86858720257475	-15.893547453492751	-1.1612140385182227e-05	-1
11.810150609190199	-14.150325541535004	-1.3055533635551056e-05	-1
11.25210293800874	-11.41291987817571	-1.58419380213195e-05	-1
12.419008778484484	-12.515844217242915	-1.3693900280874966e-05	-1
0.13959081123002304	-0.30241938418381997	-6.0964109620297588e-05	-1
1.3203124999999998	0	-5.1827830150553358e-05	-1
2.5656249999999994	0	-4.5291744231427554e-05	-1
3.8109375000000001	0	-4.0242329198750838e-05	-1
5.0562499999999995	0	-3.5955247984161259e-05	-1
6.2924672427352313	-1.388327811170077	-3.213526990466006e-05	-1
0.69765624999999976	0	-5.6247197046996577e-05	-1
0.23066406249999996	-0.11451693855560434	-6.0751639070688365e-05	-1
0.38632812499999991	0	-5.9062020239295379e-05	-1
0.037499999999997868	-0.12026798442981247	-6.3215914398463032e-05	-1
8.7920158839382143	-2.3855917832774365	-2.5762076143868712e-05	-1
-40	23.283593749999991	0	-1
-36.751249571814164	23.67902882254916	-1.2114814142002832e-05	-1
-37.819045271263505	24.367073844648168	-8.0531819809086416e-06	-1
-33.768367332844946	25.56092893661058	-2.2870969465152114e-05	-1
-35.596344024932883	24.832646842669774	-1.6222993040551378e-05	-1
-3.0890649346622077	10.546769596989717	-0.00016425386158250733	-1
-3.2421337452503907	11.953763665153504	-0.00018020965775149422	-1
-4.2826544722314868	12.469708111664305	-0.00018232735994316043	-1
-6.1352177650783046	13.390074878831717	-0.00018182381520386577	-1
-5.2312682127377235	13.210220892353322	-0.00018616241927896078	-1
-1.1823726272220565	10.660156249999998	-0.00016867937532845029	-1
-7.0300064408548044	14.364813894048156	-0.00018435727195497952	-1
-7.2570796431819895	14.828883112853935	-0.00018654536905474142	-1
-6.5174926988952349	14.299605433241844	-0.00018863385604753663	-1
-7.3892354172491519	16.584621863985557	-0.00019956857178817975	-1
-6.9066423451553494	15.723002200188368	-0.00019863947805257468	-1
-21.172346434968894	22.856021991611133	-8.2248931307060241e-05	-1
-19.272912923036934	22.556434183547491	-9.429516664169017e-05	-1
-17.394177766930806	21.263339210131537	-0.00010824049230658339	-1
-15.784003715671295	21.461747358796519	-0.00012071182397667559	-1
-21.036827894152776	24.774155262811448	-8.0764024805603794e-05	-1
-22.787164825769405	26.072610648903645	-6.928507558114796e-05	-1
-25.56644623850022	25.12628325259465	-5.7102343363230016e-05	-1
-26.82179983657328	24.472714968377698	-5.1927563489513425e-05	-1
-12.658911596194717	20.658203320980512	-0.00014962114652196162	-1
-11.044107329529373	20.595207818088809	-0.00016730137592055189	-1
-13.848146326765811	21.939219495403385	-0.00013742492048019668	-1
-8.4677653251002489	18.65912675315294	-0.00019646540482103276	-1
-9.1761988025109655	20.343801468077956	-0.00019073649769510564	-1
-7.2278523536336845	17.993794674811628	-0.0002108181199821482	-1
-28.328885457209079	26.205601856789613	-4.3945509002671406e-05	-1
-30.215166589001829	27.176627378736839	-3.5565500262991536e-05	-1
-31.959402894306209	26.028561450565391	-2.9564766699249515e-05	-1
11.591376878118563	-20.218563214268428	-8.2411776986698974e-06	-1
11.967120925443121	-27.024068296395285	-2.4428380802869e-06	-1
12.00453372563306	-28.554619970039479	-1.1913743621210799e-06	-1
13.016149597187763	-24.931921657364374	-3.8757219276834696e-06	-1
12.839921321338407	-23.171093637728685	-5.2646903874377286e-06	-1
13.077518202467299	-19.980471443028787	-7.5945635300490658e-06	-1
14.246728788225319	-20.928232137307898	-6.2968744762925228e-06	-1
12.509375	-30	0	-1
11.782959435457514	-17.426258750761324	-1.0427640720603166e-05	-1
13.46612953573991	-18.526413342703655	-8.435294456035199e-06	-1
0	0	-6.5117416807000569e-05	-1
0	0.074999999999999983	-6.7112916289965957e-05	-1
0.26430085881148419	0.40003557366399711	-6.0226517574392215e-05	-1
0.34053359335236566	0.73389975241519878	-5.4497673487546443e-05	-1
0.15776798442981307	0.15776798442981307	-6.3578887734598214e-05	-1
0.40712027089621861	1.1646484375000001	-4.3548743871484731e-05	-1
1.7024592549472461	5.777651090856792	0.00052209716657208632	-1
0	10.037499999999998	-0.0001620270445067026	-1
0.92272866734228909	8.7921874999999972	0.00035021725507519133	-1
2.1762468414878438	7.6566954335442698	0.00089617563853777293	-1
0.92216272697210511	1.4989738234153931	1.6568306286503577e-05	-1
1.4911100261222017	1.8185848671638061	0.00010671541582070186	-1
2.2807951583783526	2.3664307878514155	0.00028115134582697187	-1
3.4938251311004764	6.2356853105376704	0.0012763391761472483	-1
3.5139191130713265	3.4634450618098644	0.00071720646689314347	-1
9.4729794976790451	-4.8720108268662488	-2.3217023601584823e-05	-1
10.837282259200297	-6.9920256035302959	-1.9588523041142291e-05	-1
9.704963741846667	-8.7527909794856207	-2.0042674492642025e-05	-1
9.9485436465949064	-3.4053081636145848	-2.3022805384201192e-05	-1
11.501880072475506	-9.8268168798364464	-1.672407826336741e-05	-1
13.171818992338791	-16.772343491315773	-9.8919139599047206e-06	-1
13.420703475871596	-15.22032799918896	-1.0794229210003999e-05	-1
13.455732828447424	-13.572141635290222	-1.1899747019897904e-05	-1
12.911353106793998	-10.847010436098078	-1.4272199537540658e-05	-1
14.53505072660627	-11.472322491095165	-1.2050062646247314e-05	-1
14.753145368243089	-12.859904531001263	-1.1042731913948562e-05	-1
1.0089843749999998	0.37680416856328958	-3.485615306647078e-05	-1
1.7688814758714451	0.68763949881581699	2.2078169494508423e-05	-1
2.2515172617844699	1.4057640580790627	0.00014767407237832846	-1
3.8066555607280894	1.8391481748093623	0.00038058198748928929	-1
5.478418048106672	1.6309262202025865	0.00052853050880611913	-1
7.546875	0	-2.9057579493971997e-05	-1
8.7921874999999989	-0.86776056831244264	-2.6114613910582778e-05	-1
0.52504055464727672	0.4453968912465216	-4.9855108981105102e-05	-1
0.074999999999999983	0	-6.3181930434894404e-05	-1
10.412316472063393	-1.713607252904999	-2.2598957842072577e-05	-1
-40	25	0	-1
-38.607262189213372	25.810976896591178	-5.026244986076259e-06	-1
-37.020666977726549	26.094027724688349	-1.0717525330425778e-05	-1
-35.151512290586453	26.449046539568684	-1.7415358141843939e-05	-1
-33.831319791751497	27.428298609686344	-2.1829394512349666e-05	-1
-2.1376594614981528	11.594572056548028	-0.00017865209168713513	-1
-3.2668124820837088	13.114915255218694	-0.00019526822732478941	-1
-2.0156079667676008	13.028062844676187	-0.00019771972196018812	-1
-4.2165133741679979	13.671312273686045	-0.00019837138939200538	-1
-5.9328152777985173	14.355690323806209	-0.00019470249399759369	-1
-5.3860240962982493	14.118803781325102	-0.00019642743017028532	-1
-4.7593933900735301	14.001931951619603	-0.00019950849564832077	-1
0	11.282812499999999	-0.00017687823671005246	-1
-1.2225107584145172	12.704660007234185	-0.00019450778753329063	-1
-6.6184468340986342	14.677129710402108	-0.0001916935907106009	-1
-6.6453722850591674	15.066990374422753	-0.00019545480911212999	-1
-6.0683042538587344	14.678053504363389	-0.00019731872336236329	-1
-6.4662717981575417	16.935937499999998	-0.00021522558860841105	-1
-6.4973582272774539	16.160546874999998	-0.00020808196447101454	-1
-6.3212100084783316	15.850390624999999	-0.00020748220514662814	-1
-6.3058462341824724	15.490960503858728	-0.00020393624252549797	-1
-19.667411499299305	24.053006269031574	-8.993368339761467e-05	-1
-17.009814915794863	22.839502738282341	-0.00010974150442973911	-1
-18.210204305614845	24.574450732419066	-9.846925381499865e-05	-1
-14.914787878501491	23.088181130108374	-0.00012606369064290857	-1
-19.531892958483191	25.971139540231878	-8.7311815743185584e-05	-1
-21.233547149402867	27.600988180645849	-7.4345692587686089e-05	-1
-22.847798492074709	27.688071728645397	-6.6279276608430327e-05	-1
-25.442557068516809	26.887589773875575	-5.5593037402961582e-05	-1
-26.861114211562001	25.887465313226045	-5.0504369617799281e-05	-1
-12.308712585284987	22.235835060577244	-0.00015239627978554473	-1
-10.238230384629201	22.298982969865662	-0.00017655792164308006	-1
-14.106768335337483	24.548391349950165	-0.00013015849131314515	-1
-12.456188927330288	24.302023563646813	-0.00014657716874490464	-1
-7.2822718180025969	19.417187500000001	-0.00021655018603701848	-1
-8.2531756396340921	21.293894194820496	-0.00020480465498684295	-1
-7.0912599687996769	20.657812499999999	-0.00022251141217975346	-1
-6.0000000000000009	18.796875	-0.00023539900263945692	-1
-6.0000000000000009	17.556249999999999	-0.00022757040186464046	-1
-28.451477063710104	28.355756858822243	-4.1323447647961258e-05	-1
-27.211454584177261	27.34788474380575	-4.7432624537622047e-05	-1
-31.726234076499431	28.444148557762777	-2.891215364798738e-05	-1
-29.77005563857368	30.040901195341124	-3.461880778703858e-05	-1
13.530350238179988	-27.215151040092671	-2.0410977773482094e-06	-1
13.445703125000001	-28.862104691212533	-8.4038873545146828e-07	-1
14.393855376065812	-22.583147637500176	-5.082639525160486e-06	-1
14.955426466986651	-25.694697382106604	-2.8258341577977367e-06	-1
15.751651950584735	-23.768912720400625	-3.8260288939992295e-06	-1
15.232461997550271	-19.730440464653523	-6.5441138270697278e-06	-1
15.779838655374629	-21.666937020282379	-5.0791931035517171e-06	-1
14.382031250000002	-30	0	-1
15.552625687765788	-18.212589990293871	-7.2592705640794589e-06	-1
14.669809027250663	-16.296190754003732	-9.0663100167737432e-06	-1
0.89542250886636809	0.88551872647364027	-1.3732238614566423e-05	-1
1.3526556348318668	11.70354348145584	0.00072626606501161408	-1
2.2496324712212923	9.5931604779730115	0.0011701069400655158	-1
4.8216077944845619	8.059708274134314	0.0023560753727657198	-1
1.4190160520669755	1.1700058762914036	4.2594405888532676e-05	-1
5.0762866178474351	4.6198158084466643	0.0014243130785077547	-1
5.6379347568656817	6.4486941372319055	0.0022461417319436386	-1
6.2649661731019783	3.1207209186939115	0.0011732696856413954	-1
11.053899541053887	-4.4802808649928014	-2.0586910278029971e-05	-1
12.937273430670336	-5.4234251009544616	-1.7108591596075218e-05	-1
12.5662158215827	-7.1166653625215792	-1.6905809817641315e-05	-1
12.068331446318291	-2.3313916289113412	-1.9439252826481354e-05	-1
13.046267886963705	-9.1768731396244938	-1.5095955263068209e-05	-1
14.763871831275255	-14.264480671041905	-1.0221188769320163e-05	-1
15.259716564616644	-9.8452238205813938	-1.2042541842215594e-05	-1
15.971837820096551	-11.116037016517316	-1.0669630410688004e-05	-1
16.016952530402818	-13.472881404181996	-9.4990168055154211e-06	-1
16.891359105845105	-12.276113348691515	-9.2189588573337855e-06	-1
7.1929406473561341	1.6782606365909083	0.00069267341297690819	-1
8.7921875000000007	1.1390799360974229	0.00056707139620339804	-1
10.037499999999998	0	-2.3408304458463005e-05	-1
12.528125000000001	0	-1.8720541599178574e-05	-1
-40	26.716406250000002	0	-1
-38.39624984724874	27.408749073072549	-5.6086676755485351e-06	-1
-36.83156052633008	27.668879935776122	-1.1046547465730233e-05	-1
-34.529909154335719	28.812974367588737	-1.8703821002772044e-05	-1
-33.252806249409318	29.692952902705898	-2.2657640853158985e-05	-1
-2.5503986983032689	13.642258584653213	-0.00020519388518782847	-1
-3.6421680437751571	13.943627393652637	-0.00020532709237031313	-1
-2.9770735858078594	13.955980691837357	-0.00020848690283403377	-1
-2.1065472807108998	13.837363514836483	-0.00020928654512169042	-1
-1.5688171488221037	13.488027393028272	-0.00020512125422988899	-1
-4.199544596212772	14.306717769162113	-0.00020768226195765814	-1
-5.8610781500727622	14.697931565211224	-0.0001996877807031493	-1
-5.5160707461412661	14.700339419992003	-0.00020309036816391429	-1
-5.015625	14.585601745798549	-0.00020596410964356912	-1
0	12.528124999999998	-0.00019283681523739083	-1
-0.85626133475933264	13.478904113982981	-0.00020575490088509983	-1
-6.3219464956366123	14.931695746141269	-0.00019761135199250702	-1
-6.3023672018315589	15.139491343971097	-0.00020017234875339789	-1
-6.0958742573480684	14.904125742651932	-0.00019975973859026879	-1
-5.9625000000000004	14.879732015570186	-0.00020092102182030219	-1
-6.0000000000000009	16.315624999999997	-0.00021679495738319317	-1
-6.0000000000000009	16.005468749999999	-0.00021363287491394024	-1
-6.0000000000000009	15.695312499999998	-0.00021025613415896925	-1
-6.1143342410874899	15.230078124999999	-0.00020344292251303181	-1
-6.0000000000000009	15.385156249999998	-0.00020670523195099921	-1
-15.637006688735106	24.441494249267492	-0.00011751883135797745	-1
-17.770138609215625	26.314587894217276	-9.7378187947622257e-05	-1
-16.017447452936146	25.927536386381227	-0.00011064505459768328	-1
-19.445426111619916	28.544582370728389	-8.1272612914555362e-05	-1
-20.961700334131635	29.251886869501384	-7.1677903211830738e-05	-1
-23.762581172493409	29.020949663512649	-5.9592964260094611e-05	-1
-25.368876185092049	28.837311099983136	-5.3118365271581864e-05	-1
-11.049053301518736	23.630650561569205	-0.0001639360502499213	-1
-8.8599224006881609	23.064913536150453	-0.00019386951847322849	-1
-13.672493933277797	26.159761950395978	-0.0001285522898089904	-1
-12.032166964536929	25.69851590676981	-0.00014580670963103826	-1
-6.0000000000000009	20.037500000000001	-0.00024055453255684064	-1
-7.0745428126778176	21.898437500000004	-0.00022338782172830532	-1
-6.0000000000000009	21.278125000000003	-0.00024264766236871632	-1
-4.6760453173177101	18.12551591774216	-0.00025058950113110846	-1
-4.1709479334858601	19.196537533987588	-0.00026352961007715576	-1
-5.5536430887049146	16.87206754525079	-0.00022838302553176409	-1
-4.9647816706397316	17.10302440309318	-0.00023837046484386312	-1
-26.983008012110634	28.929426432692136	-4.637813529396409e-05	-1
-27.653702403906202	30.356194517667223	-4.19108332475486e-05	-1
-31.565676722848117	30.409894275611382	-2.7941477743820502e-05	-1
-28.509815766281598	31.770108053202897	-3.6986700586036017e-05	-1
-30.585004855916225	31.958665937602433	-2.9806000041022133e-05	-1
15.088183431240605	-26.99187520149362	-1.9496320317583619e-06	-1
15.318359375	-28.275352408763794	-1.0908603286077716e-06	-1
16.277942762900125	-24.924141830996078	-2.9685734800749372e-06	-1
16.200125938075111	-26.310788886727149	-2.1714342515702276e-06	-1
17.036210604737406	-23.043456255860935	-3.7801064599991493e-06	-1
17.410136366525414	-24.349969416990724	-2.9589786090499108e-06	-1
16.699375856591281	-20.234958632016848	-5.4439317675866256e-06	-1
17.481371084224939	-21.636967661736055	-4.319536019620706e-06	-1
16.254687499999999	-30	0	-1
17.074592253790875	-17.940569055681067	-6.4187120584026036e-06	-1
16.698539801321562	-16.440915038929994	-7.4297613353037812e-06	-1
16.18993395081187	-14.944926942204662	-8.5990250561984103e-06	-1
1.6559086893972546	12.705583461139149	0.00097069735076554375	-1
0.70836161152704336	13.150781249999998	0.00030524716672344801	-1
3.1111265444425928	11.71827502270065	0.0019310434643898531	-1
4.5025721146498601	10.293154671051784	0.0026803285853040219	-1
6.4212280422958257	8.0760256608649517	0.0032707954278645493	-1
6.3961485398202189	9.6755325263935301	0.0038538664256364424	-1
6.9097262104052115	5.166390445623084	0.0022135571942800869	-1
7.7256589253481334	7.1500066191293827	0.0035416703480552207	-1
8.4238825379269571	3.4898854219097797	0.0017784369031525605	-1
13.730515524410444	-3.4721728777307428	-1.6428125024538912e-05	-1
14.255072867770014	-6.7261423667874336	-1.4678412430953514e-05	-1
15.007016522838597	-5.0325519881180041	-1.4134484108785567e-05	-1
14.598938596069768	-8.5469729443043096	-1.3434156197579312e-05	-1
13.7734375	-1.4566343712435796	-1.6625813932126289e-05	-1
16.002974501454446	-8.3487011675778877	-1.1761764077407224e-05	-1
16.716428276966568	-9.8366303012959584	-1.0370741322911105e-05	-1
17.672766739585619	-14.399154812782461	-7.5983814816387874e-06	-1
18.411733340359753	-13.006773057293652	-7.4834353575492556e-06	-1
18.929596135407532	-10.877575239218359	-7.6639122127899254e-06	-1
10.794381616324763	2.0777359205148791	0.0012722972105530647	-1
13.468024274080452	1.2529530729810685	0.00086500387827745742	-1
12.680356426034587	2.6067925795934515	0.0017714311938682489	-1
15.018750000000001	0	-1.4603611794330337e-05	-1
-40	28.432812499999997	0	-1
-38.11733573445553	29.291015624999996	-6.2998969733289244e-06	-1
-36.06171834412595	29.055697786550695	-1.3317006244511964e-05	-1
-34.677874888933275	30.39442714168171	-1.743592998258529e-05	-1
-33.411090126148615	31.169668541301068	-2.1152737989867523e-05	-1
-2.4820170597198499	14.144108457307496	-0.00021312544087092485	-1
-3.1968749999999999	14.437810909322989	-0.00021528704485212591	-1
-1.7083119739876251	14.11391125964666	-0.0002143462951083986	-1
-2.1359374999999998	14.513916896262838	-0.00021993815183373908	-1
-1.0671847222014934	14.355690323806218	-0.00021872896299303773	-1
-4.7125000000000004	15	-0.0002148662115282562	-1
-3.5	15	-0.00022320133163118594	-1
-5.7734375	14.886761943721167	-0.00020304620363758319	-1
-5.3187499999999996	15	-0.00020932121920052337	-1
-5.6218749999999993	15	-0.00020621385566892397	-1
0	13.773437499999996	-0.00021027996933962084	-1
-0.53148349504794234	14.320190086728678	-0.00021834820105351232	-1
-6.1202679844298125	15.037500000000001	-0.00020109451600952208	-1
-6.0000000000000009	15	-0.00020202070087696987	-1
-5.9249999999999998	15	-0.00020287682877275054	-1
-5.6046444046872832	16.160546874999998	-0.00022074952765590382	-1
-5.6513283888496098	15.738438029770098	-0.00021536810152670739	-1
-5.7385737819899205	15.39811473477554	-0.00021017575174785179	-1
-6.0000000000000009	15.074999999999999	-0.00020295875607295456	-1
-5.8422320155701879	15.157767984429814	-0.00020586028419623868	-1
-17.437892192262087	28.304677381311116	-9.3285740507971333e-05	-1
-15.147327352213074	28.117428331719562	-0.00010870186510357222	-1
-20.057420076346439	30.520274852842334	-7.2255970654383427e-05	-1
-18.510478286129644	30.337239450297851	-8.0114029756863178e-05	-1
-21.589309238732042	30.802846003297084	-6.4875160850987997e-05	-1
-23.487335241719464	30.90150152326806	-5.6852259220268105e-05	-1
-26.137164956278582	30.259857814008065	-4.7741327372021055e-05	-1
-9.9375056122153023	24.723918192001463	-0.00017375310359942536	-1
-7.2848400339133335	23.139062499999998	-0.00021813568076435336	-1
-7.9894329091098282	24.379687499999999	-0.00020236777878363774	-1
-11.666232406935274	27.111341936005239	-0.00014249126282578307	-1
-12.696565782429575	28.154292979353993	-0.00012698633633429949	-1
-10.623636063570535	26.080649640369813	-0.00015920289285472686	-1
-4.1818819871149913	20.584897735593611	-0.00026863962896033871	-1
-6.0000000000000009	22.518750000000001	-0.00024196610382496301	-1
-4.571778979699495	21.672509654395576	-0.0002648956931610725	-1
-4.3324790838664065	17.120120561431545	-0.0002455696601469729	-1
-3.7027040677356027	17.859379434926193	-0.00025815360301044117	-1
-3.1516989190410105	19.79931619665901	-0.000274433522941159	-1
-3.1255227625080062	18.640392875193967	-0.00026796693811195028	-1
-5.075029068990041	16.480172614119947	-0.00023078099016844394	-1
-26.861089770938264	31.652702058944342	-4.2843409963146943e-05	-1
-32.091916034019526	31.900392058339129	-2.4928545681129462e-05	-1
-28.94517672833528	33.244328235992718	-3.3629994194962602e-05	-1
-27.424900144530913	33.017120350211243	-3.8811067056244256e-05	-1
-31.384726687495927	33.125933268902223	-2.6067969478904595e-05	-1
-30.188526344602348	33.670890454736352	-2.9209643836181479e-05	-1
16.333370493579437	-27.550759810735403	-1.4182278642291445e-06	-1
16.444918071144283	-28.780227287882774	-7.034887930707044e-07	-1
17.372789084088005	-25.566674203780607	-2.3327280045263959e-06	-1
17.361113885374461	-26.844342423789779	-1.6623764579470038e-06	-1
18.390525830806162	-23.628441970506408	-3.0037473588337072e-06	-1
18.48787389798181	-24.915873270125815	-2.3763694836405705e-06	-1
18.257456560792981	-20.231678656400796	-4.6160658191840056e-06	-1
18.430618565762011	-18.683246817706948	-5.214427597766755e-06	-1
19.084478344650609	-21.552156300312515	-3.6480962777432708e-06	-1
18.127343750000001	-30	0	-1
18.279920818240488	-15.853858395939708	-6.4966765471306215e-06	-1
1.5881057806408772	13.750307971022563	0.00095309157825051549	-1
3.0107393046470823	13.318074810318869	0.0019852285486446448	-1
0.57740297070822	14.084765624999998	0.00021134926613773251	-1
4.171779240914069	12.257248575685377	0.0027554315233811895	-1
5.1011477378089936	11.40386986707831	0.0033182174221087738	-1
8.1480088616836603	9.3473874936733292	0.0050622325629161285	-1
8.0240562821447199	10.401211609941049	0.0054446567919700286	-1
6.9169007761820644	11.61068832151183	0.0048106744143991235	-1
9.0102750284463653	5.6001806969379375	0.0031323584336344938	-1
9.1185061390265485	8.5427825827969546	0.0052372203419564865	-1
9.6632601692074225	7.5043365013250458	0.004718094559866888	-1
10.341944152797003	4.2422581953193603	0.0025891549340115775	-1
14.983734264361498	-2.2629167052293262	-1.4648477723920807e-05	-1
15.274598324521032	-3.5113272391015786	-1.4051872481213917e-05	-1
15.502467475266922	-7.1351294056012824	-1.2832635041295757e-05	-1
16.400678774156919	-5.6978238898744076	-1.2046401550985701e-05	-1
15.641406250000003	-1.1626447743495094	-1.3686592025361347e-05	-1
16.814223309882802	-7.1857291593682344	-1.1120963305682972e-05	-1
17.408660674727734	-8.5349131524873414	-1.0019037776813074e-05	-1
18.875128634823028	-8.6869820514330591	-8.2980138659383649e-06	-1
19.24740446054874	-14.472056375165199	-6.2512432279165004e-06	-1
20.077947347557636	-12.743842828966589	-6.0402356762692273e-06	-1
20.573113302248071	-11.152722106465873	-5.9508093788404216e-06	-1
21.056127740752942	-9.684604508467574	-5.7562525256069905e-06	-1
12.413365441136392	4.2748344885915728	0.0029260664003230592	-1
14.368096724739358	2.5348156366260719	0.0018182880896595002	-1
13.803543211244108	3.8685768090565169	0.0027665949409948929	-1
16.264062500000001	0	-1.2727443241897489e-05	-1
16.327071855372402	1.7486544228767169	0.0012916891363149194	-1
-40	30.149218749999996	0	-1
-36.923865848064196	30.620488924191349	-9.9607759672280299e-06	-1
-38.492228350151095	32.044431864046786	-4.6720284733018654e-06	-1
-35.52829320708841	31.73594695869804	-1.4040866285716143e-05	-1
-33.397700148595668	32.654782534033039	-2.0221925673017803e-05	-1
-2.5906249999999997	14.638814085420393	-0.00022082698194740379	-1
-2.8937499999999998	15	-0.00022598601718601079	-1
-1.8328125	14.686071830504803	-0.0002233386845838792	-1
-1.4839292538587305	14.700339419992003	-0.00022394322950337374	-1
-1.984375	15	-0.00022847670684200883	-1
-2.2875000000000001	15	-0.00022787226161458704	-1
-1.1389218499272382	14.697931565211228	-0.00022408114458908246	-1
-0.93169574614126849	14.678053504363389	-0.00022378466688615861	-1
-5.015625	15.358273143498526	-0.0002174774779764491	-1
-4.2895453154146548	15.665219675486423	-0.00022846334671086397	-1
-3.1968749999999999	15.575247858309002	-0.00023420163716098295	-1
-5.4790610078527218	15.432242580449515	-0.00021362886666946994	-1
0	14.396093749999999	-0.00021949548553638692	-1
-0.38243333635180554	14.679233783759456	-0.00022376077134904335	-1
-5.074187904599599	15.861583647716452	-0.00022367192735792517	-1
-15.686052218605335	29.792227783731153	-9.7324088000609734e-05	-1
-13.996077542482967	30.281271013101296	-0.00010486976532131095	-1
-19.140426209127249	31.641755731778364	-7.2513480732348801e-05	-1
-20.651809739727625	32.059920708042341	-6.4986471374719481e-05	-1
-17.698518567117208	32.014257519848755	-7.7089215435346896e-05	-1
-15.896947283369265	31.538853375489701	-8.7574357423464102e-05	-1
-22.770057077694798	32.66154347022573	-5.541656912028522e-05	-1
-24.40267725433408	32.300713997912936	-5.0450378313648982e-05	-1
-9.1776750968567367	26.550428420231906	-0.00017376930283925351	-1
-6.0000000000000009	23.759374999999999	-0.00023873372250586526	-1
-7.2848400339133335	25.620312500000004	-0.00020677639136668178	-1
-6.0000000000000009	25	-0.00023264361857186215	-1
-10.270312908500365	27.559384899758687	-0.00015373707255985329	-1
-10.36216217925066	29.043775103335594	-0.00014149906843623911	-1
-12.622059951963536	29.660281446249474	-0.00011792820382397277	-1
-3.0006272047204638	21.67775091363913	-0.00027943693197579443	-1
-2.5888375484283777	20.812714210115949	-0.00028063056944783744	-1
-4.9977046595751329	22.746523930822573	-0.0002577105457275148	-1
-3.9734275141193267	22.660889578506033	-0.00027054354889114325	-1
-4.5797234910818023	16.171551081226671	-0.00023246768694335675	-1
-3.6201434109576347	16.891751411905197	-0.00024884172033722343	-1
-3.926776260915211	16.209438525700726	-0.00023863298611813711	-1
-2.8764983593714848	16.859070104163706	-0.00025280446406963924	-1
-2.5324744195131812	17.558015385261974	-0.00026174250822855405	-1
-2.0828922029912214	18.796875000001044	-0.00027304008441086876	-1
-1.9947164545549141	19.727343750000003	-0.00027845705658320407	-1
-2.178724154413108	18.17656366661393	-0.00026802684300706079	-1
-25.951052126007443	32.931730484250409	-4.3848390262014271e-05	-1
-28.613368177028644	34.745250419153777	-3.259248603418349e-05	-1
-26.580728221969611	34.228274005233402	-3.9471334271113023e-05	-1
-32.975890591743983	34.398851435404211	-2.0178486272854613e-05	-1
-31.186110929412301	34.526868603336254	-2.5287088025800991e-05	-1
-29.929144714508446	34.982479909404546	-2.8424439261057515e-05	-1
18.127343750000001	-27.866821854019225	-1.0368500575267403e-06	-1
18.597445669029597	-26.384309726218884	-1.6684861534137562e-06	-1
19.654194880518322	-22.896683404737999	-2.8734028941792419e-06	-1
19.611777366668491	-24.280423043517477	-2.3383633962517476e-06	-1
19.868474218452818	-25.640805842473267	-1.7302305286232968e-06	-1
19.725451547632012	-20.231488790871474	-3.8501225364409054e-06	-1
19.914713350537639	-16.269616497599834	-5.1508270748964959e-06	-1
20.179183855744245	-18.536449880821067	-4.2035678547738929e-06	-1
21.694921311140664	-21.632439613625742	-2.4847034965863934e-06	-1
20	-30	0	-1
2.259544580597447	14.601203071794787	0.0014795747714289563	-1
1.1839549669033596	14.735216196221824	0.0006674323618870825	-1
3.6524612522514586	14.555218448586528	0.0025483403343951748	-1
4.2862284602935166	13.441468998382364	0.0029591859484798628	-1
0.37096027567003464	14.707421875	5.4789621030782708e-05	-1
5.2945788236241631	12.65069200289599	0.0036665725622407048	-1
8.9865027648733999	9.3711619398487205	0.0057912965795559445	-1
8.8243976280711252	9.8435079293360364	0.0059671526241406652	-1
8.5152605156748749	11.244801216814265	0.0062039941053928594	-1
8.9995375480250832	10.397215952784428	0.0064654974392745618	-1
7.7367560489246561	12.274930283101201	0.0056699881482099711	-1
7.0393341681350652	13.087422680712862	0.0051675921177742881	-1
10.975649447435663	6.0354993326731137	0.0039921787136856799	-1
9.8363045260431825	8.6641566891515751	0.0058077958288301349	-1
9.4807061561957084	9.299385779684183	0.0061793661708070702	-1
10.730649595555519	7.9899361615833175	0.0055543263602199069	-1
16.264062499999998	-2.325289548699021	-1.274952822705315e-05	-1
17.5802025493992	-4.7010265997223799	-1.0652956141005367e-05	-1
17.712122474601973	-3.0755097194647432	-1.0662443895634413e-05	-1
18.15902674015776	-6.2398839576172849	-9.668739852654684e-06	-1
17.485058089855322	-1.4830863553046518	-1.1031331264448001e-05	-1
19.490103328030376	-7.1786934975518069	-7.8952466554205855e-06	-1
21.372251748743142	-8.1717469999993497	-5.6379807713088433e-06	-1
21.115968582486691	-14.902162955714369	-4.6325375548581763e-06	-1
22.700470582807093	-14.006452772406886	-3.5439296536001982e-06	-1
22.953328713483916	-12.292185891478079	-3.5802045218502388e-06	-1
22.187070907988609	-10.737998917907566	-4.4876722047021766e-06	-1
23.345371146242854	-9.2212315073983735	-3.4782580983819226e-06	-1
12.647712393518518	5.9335308368463302	0.0042253839350308514	-1
14.479601987549874	5.1494296755727369	0.0038017393454694462	-1
15.770180527471748	3.7847057644080784	0.0028195349474109911	-1
17.509374999999999	0	-1.0936525260971987e-05	-1
18.411722008880751	1.8841139628642347	0.001423275941690639	-1
18.243936721430718	3.9664116473491697	0.0030243961032252933	-1
-40	31.865624999999994	0	-1
-36.77413267704322	33.514285036660233	-9.5323424195504232e-06	-1
-40	33.582031249999993	0	-1
-38.368331908163626	34.440234374999989	-4.6437623389359103e-06	-1
-34.633270170806846	33.876652300384279	-1.5704476991183961e-05	-1
-2.5906250000000002	15.340182332095367	-0.00023277891667646008	-1
-1.6812499999999999	15	-0.00022884789663901164	-1
-1.2265625	14.886761943721169	-0.00022711872198527479	-1
-1.3781249999999996	15	-0.00022899910019183104	-1
-1.7374146763551468	15.341567786066342	-0.00023451833047223074	-1
-2.1359374999999998	15.369645224665351	-0.00023444814124527779	-1
-1.0375000000000001	14.879732015570188	-0.00022698098142233668	-1
-0.90412574265193169	14.904125742651932	-0.00022731883639632159	-1
-0.67805350436338863	14.931695746141269	-0.00022765644625904924	-1
-2.4321133994879998	15.836161220788135	-0.00024101007642357469	-1
-3.2730268361657711	16.229116774372155	-0.00024308851791124411	-1
0	15.018749999999997	-0.00022877156178328906	-1
-0.35462771494083206	15.066990374422753	-0.00022955852801660953	-1
-12.176313966378853	31.984569841153895	-0.00010315502657523492	-1
-13.706969581961641	32.756989688097264	-9.0248904685733127e-05	-1
-19.442703337023733	33.05852164479554	-6.6210153429618882e-05	-1
-20.102675425505449	34.531375246087947	-5.8826188371888538e-05	-1
-21.715395696566901	34.594575054018293	-5.3672833037776927e-05	-1
-16.784751898709004	33.638048967850978	-7.3234836694762367e-05	-1
-15.108501977953944	33.677351252593184	-7.891033404684478e-05	-1
-24.058849128863546	34.618935218393574	-4.6445160635948736e-05	-1
-7.0916443415804959	26.860937499999999	-0.00020059587533858208	-1
-8.8881340793040344	28.108413359070148	-0.00016488833327748978	-1
-4.9275473190340602	24.649253335246101	-0.00025140140658750276	-1
-4.4860793195471009	23.637992620368635	-0.00026229038213039285	-1
-6.0000000000000009	26.240625000000001	-0.00022387603382474389	-1
-4.289540066528553	25.579911554732391	-0.00025385518661071943	-1
-8.7388403091962026	29.686026252241113	-0.00015065664469694052	-1
-11.355917901940828	30.479083431078486	-0.00012077178532490226	-1
-2.1262513809472599	21.286182096861879	-0.00028249128698828335	-1
-2.0683552751298717	21.898495718263923	-0.00028291167148967192	-1
-2.5909155274612163	22.700420364856058	-0.0002804574238462089	-1
-1.6424200169566656	20.347656249999996	-0.00028101744689374878	-1
-1.5458221707902502	20.967968750000001	-0.00028268298799390064	-1
-2.9749513957589304	23.617941049110811	-0.00027585520176114488	-1
-2.2340729095974807	16.483083971298505	-0.00025047061988392021	-1
-1.5372075113388999	17.866406249999997	-0.00026595952192542201	-1
-1.5383084185776457	17.24609375	-0.00025986577849224329	-1
-1.5372063832850336	19.107031249999999	-0.00027523149866551483	-1
-1.5372063832862217	18.486718750000001	-0.00027109081536407035	-1
-1	20.037500000000001	-0.00027931990354600688	-1
-1	19.417187500000001	-0.00027640746376594291	-1
-25.449580022734029	35.121594126463876	-4.1185423828687633e-05	-1
-29.053191040627919	36.073349463287521	-2.9488061885538323e-05	-1
-27.447658261431627	36.488812919361656	-3.3202795914895553e-05	-1
-32.37494842244854	36.089581497875429	-2.0468868942110504e-05	-1
-34.098086473037554	36.210580468640792	-1.5744385517247906e-05	-1
-30.976433527521721	35.910099100943235	-2.4436613107093897e-05	-1
20.230553486417683	-27.717955565288772	-8.7602697274751311e-07	-1
21.071913271185672	-23.246547136124171	-2.2310031702194118e-06	-1
21.018670069211893	-24.719360076257448	-1.7825863548706251e-06	-1
21.589864599709827	-27.040503194488767	-9.171500117771627e-07	-1
21.17227957378681	-19.983098009709099	-3.2027028933433749e-06	-1
20.961356612644558	-17.296349588188686	-4.1148439363104224e-06	-1
21.534992936021087	-18.524882628844285	-3.4152378744786451e-06	-1
22.714304340585933	-22.953184885821475	-1.7615724759213942e-06	-1
23.19015847474596	-20.761952430142742	-2.0358360777343072e-06	-1
21.872656249999995	-30	0	-1
21.461858175583473	-28.486115751231015	-4.8067611665683666e-07	-1
1.7174381813914552	15.53980479060059	0.0010839342297748809	-1
3.493607873036213	15.939811184251132	0.0024842623903881442	-1
0.49923741453417114	15.174414062499997	0.00014886059848080062	-1
0.79742035648451415	15.719149740530485	0.00037629200763423425	-1
5.0198728884947057	14.59613546006339	0.003637002042442506	-1
6.4819225354404608	14.001661953396756	0.0047892868630232044	-1
9.3809072794866939	9.6774851156207937	0.0064528013876463588	-1
9.3600105098503867	10.06797487047597	0.0067374409960057431	-1
9.4870897008296033	11.336850435952451	0.0073128331968312062	-1
8.7753481855082995	12.461226889636441	0.0066849730497980297	-1
9.4832542563971955	10.331196315339191	0.0070626775494268493	-1
9.7220959298321059	10.774609375000001	0.0075211178355646348	-1
8.094854030605342	13.267475439401982	0.0061252965008957265	-1
8.2262958212263317	14.314295421316007	0.0063243488154036487	-1
12.07915631882517	8.1996166136584634	0.0060816696486969933	-1
10.620707442320194	9.0976660126408966	0.0066704283926889638	-1
10.066990374422748	9.354627714940829	0.006732623453626874	-1
9.9316957461412674	9.6780535043633886	0.0070808276551105696	-1
11.269770510281246	8.9638464958992454	0.0067029118765368802	-1
19.655180988541041	-5.5582375120171799	-7.9186142711372681e-06	-1
19.278010345356279	-3.5312543528863305	-8.5705051842321502e-06	-1
18.938045219576249	-1.7813561162177485	-9.064515976439902e-06	-1
21.858271326568339	-5.9903706321914445	-5.2920030618737343e-06	-1
23.4363474820628	-7.3149350651199496	-3.468339548516562e-06	-1
22.666543097351177	-15.855400594161798	-3.2769565433231559e-06	-1
24.497250314195895	-15.59411491136558	-2.0122557921650947e-06	-1
24.90337900205871	-13.231034726626323	-1.8642784478269061e-06	-1
24.135682755101744	-11.025423445883501	-2.6271562291200957e-06	-1
25.160461141560177	-8.6315781105442859	-1.6631718608288891e-06	-1
13.686013250810653	7.2481119106302456	0.0054461613378371737	-1
16.352098743871995	5.5706048407371389	0.0042388196610380667	-1
15.35963004285326	7.2133581696597471	0.0055334360135439022	-1
20	0	-7.5869538465802261e-06	-1
20.019569494474791	1.6280002478064266	0.0012327126138244804	-1
20.682587678313055	3.1150021509227575	0.0023738817989841015	-1
19.901186934370624	5.2922531299808355	0.0040757152569971776	-1
18.063059636098448	6.4402285797529144	0.0049780017405962997	-1
-35.584630186730138	35.330788857180991	-1.2199739728620704e-05	-1
-37.181002416387692	35.5248060087212	-7.7001755999042844e-06	-1
-40	35.298437499999991	0	-1
-38.174185342883625	36.789572637483431	-4.7451826617153206e-06	-1
-1.4001652394437185	15.263555987912056	-0.00023337102425670286	-1
-1.075	15	-0.00022894108714187499	-1
-1.1577679844298121	15.157767984429812	-0.00023153816439421259	-1
-1.4435177039898035	15.524454617147274	-0.00023747034050766914	-1
-1.8837385975439338	15.904296488225533	-0.00024304326082372999	-1
-1	15	-0.00022889258119081817	-1
-0.87973201557018799	15.037500000000001	-0.0002293957711345348	-1
-0.69763279816844026	15.139491343971097	-0.00023083237623450223	-1
0	15.330078124999996	-0.00023332366639223104	-1
-0.32964265527774445	15.485742187499998	-0.00023567295141594039	-1
-10.477906151586259	32.218983851227087	-0.00010992011306695438	-1
-11.563124882999677	33.811783092798436	-8.9679285917927714e-05	-1
-13.751644596406178	34.662387552714478	-7.6620105611192096e-05	-1
-17.585153375141267	35.045998916544221	-6.4348156796734452e-05	-1
-19.043922743507245	35.749531084548913	-5.7540790256867365e-05	-1
-20.433362346609727	37.019648481093917	-4.9752760995644925e-05	-1
-22.875281054978949	35.745896481995977	-4.7163054140986855e-05	-1
-15.985044961212575	35.296236094387275	-6.7334327346348042e-05	-1
-24.340477242759832	36.099699141521931	-4.2318664288002471e-05	-1
-6.0000000000000009	27.481249999999999	-0.00021236838187731622	-1
-7.4270331636928226	28.721874999999997	-0.00017714493141488869	-1
-3.8080101569862834	24.508489282515924	-0.00026533369397502217	-1
-4.8570391616837876	26.655148120490786	-0.00023710918011582609	-1
-3.6463886232851532	26.543281372880013	-0.00025090460804885035	-1
-3.1167848437701706	25.513113899996455	-0.00026398417617576212	-1
-7.4018712901563255	30.614971603873478	-0.00015363778844017248	-1
-8.7518880893697908	31.313986749189482	-0.00013185920294333901	-1
-1.5372743832658937	21.588281250000001	-0.00028334274399530521	-1
-1.5372063875882325	22.208593749999999	-0.00028309631584707255	-1
-1.6424200169566638	22.828906250000003	-0.00028221863307959156	-1
-1.9947164545549083	23.44921875	-0.00028018999757716825	-1
-1	20.657812499999999	-0.00028129835087411105	-1
-1	21.278125000000003	-0.00028245166250688878	-1
-2.5888375484283763	24.534589210115943	-0.00027325125641448705	-1
-1.5727359550764353	16.625781249999996	-0.00025267668828713932	-1
-1	18.176562499999999	-0.0002678441954586054	-1
-1	17.556249999999999	-0.00026221238485179936	-1
-1	16.935937499999998	-0.00025559265776661447	-1
-1	18.796875	-0.00027257101781578502	-1
-0.49196486973412351	20.233020140423339	-0.00027912438619464897	-1
-0.48838928222656075	19.688671874999997	-0.000276857614392888	-1
-0.49111610151227592	18.986362547486774	-0.00027290870828336337	-1
-25.038882497465281	37.435440991871424	-3.7677272387008218e-05	-1
-30.100479853641193	37.00096865482621	-2.5531294503970645e-05	-1
-28.545737033583876	37.927585974105291	-2.8224598816932299e-05	-1
-26.781495926980348	38.331687707185068	-3.1778731015549674e-05	-1
-31.616395409164422	37.900659492232734	-2.0715998333080844e-05	-1
-33.375009950880134	37.779339798626978	-1.6490809197835451e-05	-1
-34.952746988986654	37.428950298978769	-1.2770585687326913e-05	-1
-36.232027936746	36.668483404432983	-9.8256700589339853e-06	-1
23.213660819743946	-24.42849670343789	-1.2570352031076815e-06	-1
22.363536626575129	-25.73356019180342	-1.1535368005195293e-06	-1
22.808984375000001	-27.946271040527968	-5.1046667924880573e-07	-1
22.50263551876964	-19.539789928628139	-2.6335847792833863e-06	-1
22.414300386242846	-17.492811666427485	-3.1215987948986092e-06	-1
24.755061677382137	-21.615463872687847	-1.2198547362443361e-06	-1
24.335332833852721	-23.347870151274332	-1.1251072695978005e-06	-1
23.609554496867602	-18.640029612556372	-2.2031118367261837e-06	-1
25.165529404814489	-19.880839976590224	-1.2281375410198674e-06	-1
23.745312499999997	-30	0	-1
1.0623913856957223	16.210260683751368	0.00058210499488301241	-1
1.8167861836334287	16.751227874729029	0.0011772939490011785	-1
5.421202137960333	17.510991439104696	0.0040924019275505397	-1
5.7145435117243135	15.774660601917997	0.004270099036354497	-1
2.7691099022714614	18.003103408048098	0.0019509783428283422	-1
0.32242364830885512	15.485742187499998	1.1696142092776103e-05	-1
0.56525336940488602	15.956778144646668	0.00019597723076960168	-1
0.27394223559183073	15.797070312499999	-2.8194356117645922e-05	-1
7.6414532926872418	15.635328374034062	0.0058838003529741367	-1
9.6780535043633886	9.9316957461412674	0.0070891503198693426	-1
9.6991462447144361	10.136606491660757	0.0072955341289394323	-1
10	11.940624999999999	0.0079255542538155272	-1
10	11.0078125	0.0079235231590562092	-1
10	12.873437500000001	0.0079286809498590773	-1
9.146386451640744	13.353432326081036	0.0071118116612601855	-1
9.7618523142826366	10.414007378858729	0.0075168653829494683	-1
10	10.54140625	0.007922946731590455	-1
9.4442577551442639	14.272656249999999	0.0074246428727794758	-1
9.252083471827099	14.972265624999999	0.0072681303317774157	-1
8.8053702564083949	15.788343918059478	0.0068972278283247384	-1
12.904702936220129	8.9442559469871448	0.0068909125236705157	-1
11.847556142424992	9.2884297556959154	0.0071447575546322566	-1
11.005468749999997	9.5715759659467459	0.0073709985756358421	-1
10.49096050385873	9.694153765817525	0.0074339909120166104	-1
10.139491343971093	9.6976327981684385	0.0072902169746517659	-1
9.9041257426519316	9.9041257426519316	0.0074302783846088545	-1
10.037499999999998	9.8797320155701875	0.0075781246586477035	-1
21.28294534804084	-4.0120391867681189	-6.0478106159205656e-06	-1
20.709059161612011	-1.9844071998331625	-6.778217251350347e-06	-1
23.875020605340008	-5.5690422138603921	-2.999094548330591e-06	-1
25.225030807294406	-6.7598605928687361	-1.5392336298731132e-06	-1
24.025973494647197	-17.109078430270099	-2.1609738303624694e-06	-1
25.501109174005808	-14.550202660861743	-1.3479068141841934e-06	-1
25.579414200658981	-16.786528779578756	-1.2259731099718235e-06	-1
26.095464355791997	-11.222798894173771	-8.4671584334434786e-07	-1
27.072875240435916	-13.042858530652346	-1.1415459308040722e-07	-1
27.138297668869509	-9.5228017026751743	2.2984872606646246e-07	-1
27.03013054427328	-7.5313721550577073	3.1908983190426612e-07	-1
14.417187500000001	8.596833157702072	0.0066678736081294161	-1
16.278124999999999	8.6128466486457071	0.0067265530498532549	-1
22.041634768502387	1.5791715141876668	0.0011896741770661438	-1
22.490625000000001	0	-4.4589844292194698e-06	-1
22.099654183965153	3.8003808730266089	0.0028880800422156497	-1
20.431134972976011	7.3473660178131803	0.0057152327573106072	-1
22.022008094964232	5.3725744231395094	0.0041174288924587773	-1
18.066014638784303	8.262180172410293	0.0064584647492116924	-1
19.542340833131401	8.5642628789713076	0.0067038349558370298	-1
-40	37.014843749999997	0	-1
-36.252168514264213	38.154466212412444	-9.1891589531328077e-06	-1
-38.086279021467369	38.701504966142103	-4.5736928559462069e-06	-1
-1	15.385156249999998	-0.00023492594102502104	-1
-1	15.074999999999999	-0.00023009076094395204	-1
-1.3741515246818787	16.005468749999999	-0.00024440511539085524	-1
-1	15.695312499999998	-0.00023951755467914088	-1
-0.88566575891250965	15.230078124999999	-0.00023238501134474171	-1
-0.69415376581752763	15.490960503858728	-0.00023606686959660794	-1
0	15.641406249999998	-0.00023776375464833256	-1
-0.28679071848786936	15.821863211188909	-0.00024036242140323304	-1
-9.0598737898485897	33.555899079227224	-0.00010048358427909042	-1
-11.901543550050411	35.120277274893034	-7.7361203179179976e-05	-1
-10.219768452884145	35.193847715248502	-7.8654994831679637e-05	-1
-12.670329585633157	36.231876235974219	-6.7653216194296377e-05	-1
-14.436122921180621	36.2912015442366	-6.4913618729033605e-05	-1
-17.012567354702384	36.625632627070786	-5.8809505665330137e-05	-1
-18.753671547767791	37.869577555759314	-5.0359916732480363e-05	-1
-22.298446692171023	37.274993337353145	-4.4627234503178111e-05	-1
-20.734038246573888	39.698593014598231	-4.1157584928047939e-05	-1
-4.7528464404115649	28.084792860973717	-0.00022276215229954238	-1
-6.0000000000000009	29.962499999999999	-0.00018098260356110953	-1
-2.5888375484283634	27.015839210115953	-0.00025151467838478264	-1
-3.1167848437701289	27.994363899996451	-0.00023712987534937899	-1
-2.1262513809472603	25.008057096861876	-0.00027128691073391811	-1
-1.9947164545549141	25.930468750000006	-0.00026415373377872104	-1
-7.0557440530128579	32.095297063779896	-0.00013404573372283844	-1
-6.0000000000000009	31.203124999999996	-0.00016015145332013336	-1
-7.8003833863414833	32.920843681174894	-0.0001154930326391211	-1
-1	21.8984375	-0.00028269999926537148	-1
-1	22.518750000000001	-0.00028215669783115705	-1
-1	23.139062499999998	-0.00028077874460121145	-1
-1.6424200169566638	24.069531249999997	-0.00027756883533177408	-1
-1	23.759374999999999	-0.00027848320743970956	-1
-0.48967285156249901	20.933984374999998	-0.00028102366596677688	-1
-0.4928464615931713	21.479731349065219	-0.00028174374763744885	-1
-1.5458221707902497	24.689843750000001	-0.00027405816602237319	-1
-1	16.315624999999997	-0.00024802783803290327	-1
-0.49174435363450786	17.708932955797167	-0.00026272907788957821	-1
-0.48712768554687441	18.443359374999996	-0.00026905010153873148	-1
-0.34810835709786064	17.198046874999999	-0.0002573482032659476	-1
-0.5919191123178863	16.428341200097663	-0.00024870712561647352	-1
-0.35289652076998024	16.731054687499999	-0.00025208706472558802	-1
0	19.999999999999996	-0.00027793061202671096	-1
0	20.622656249999995	-0.0002799847860803834	-1
0	19.377343749999994	-0.00027490799957927457	-1
0	18.754687499999996	-0.00027103563665114709	-1
-25.078986482968162	39.301956398056866	-3.3796091349275637e-05	-1
-23.227169475395133	39.064760568320956	-3.8145349002848039e-05	-1
-30.2383842808213	38.999990609118392	-2.281441565931682e-05	-1
-28.819967134156432	39.772359938525319	-2.5033000010906019e-05	-1
-27.217961205977236	39.977393079846756	-2.8126145835587768e-05	-1
-32.485669549089685	40.403628054960485	-1.6441101109252536e-05	-1
-34.603054439632281	39.581670614882789	-1.2329369846854016e-05	-1
24.725582228656332	-24.875393926816475	-7.9587666200515305e-07	-1
23.999073830464688	-26.555497741587963	-6.6068266566096246e-07	-1
25.320457285853177	-27.864423299159178	-2.7832820157234351e-07	-1
26.721148423978534	-21.82922643297481	-4.4061074894502946e-07	-1
27.139457094588018	-23.715677034806603	-2.4313549123427094e-07	-1
26.2837671212326	-18.234567616610214	-7.4965944859445245e-07	-1
27.154598709585802	-19.946197259816415	-2.9312826083549601e-07	-1
25.617968750000006	-30	0	-1
0.55261620099818731	16.296104902024258	0.00018463125917589482	-1
0.88862129877665919	16.734888982828043	0.00044658808748847457	-1
1.26318690625838	17.548891182230186	0.0007434822155395728	-1
7.1307563457779297	17.088713866576445	0.0055028359463780534	-1
5.2893967781375277	19.266987249136481	0.0040165237585818598	-1
3.488827558012038	19.734510117147209	0.0025531761112586814	-1
1.2621934853551693	18.671864365163916	0.00074526132001306606	-1
2.1257248993424129	19.438432134859301	0.0014445549329010813	-1
0.26965219361644921	16.1083984375	-3.4417646670541123e-05	-1
0	15.952734374999999	-0.00024205082491539449	-1
8.5121412275984607	16.422741210576177	0.0066577948060513158	-1
9.8797320155701875	10.037499999999998	0.0075771287771691075	-1
9.8976628926517218	10.191601562499999	0.0077014620701880681	-1
10.504323844296676	11.309312419390848	0.0079239900716062839	-1
10.890817094064202	11.995962373117331	0.0079252874447923415	-1
10.26073116042045	10.774609374999999	0.0079232021122593865	-1
10.568860330333042	10.95707394146047	0.0079233612110048337	-1
10	13.806250000000002	0.0079326098222140436	-1
10.85916822878081	13.448600135803245	0.0079305855882561178	-1
10	10.308203124999999	0.0079227574268246892	-1
10.261787629533124	10.424804687499996	0.0079228516870132847	-1
10	14.739062499999999	0.0079373503061352969	-1
9.5169713474519764	15.438671875000001	0.007513114442166605	-1
10	15.20546875	0.0079397694617434466	-1
9.1531837853583049	16.144339293862135	0.0072065259004662104	-1
9.5896022217106083	15.905078124999999	0.007583672798146957	-1
12.556249999999999	10	0.0079189018721198944	-1
13.796875000000002	10	0.0079137480412770512	-1
11.315624999999999	10	0.0079218480528741829	-1
10.6953125	10	0.0079225050991592882	-1
10.230078124999999	9.8856657589125092	0.0076860009352320612	-1
10.38515625	10	0.0079226221525430362	-1
10	10	0.0079225464835325134	-1
10.074999999999999	10	0.0079226043787017728	-1
22.702584301629599	-2.5152046431009798	-4.331283171784258e-06	-1
24.300593256658107	-3.8199098930752848	-2.470350522260668e-06	-1
26.447043158642867	-5.3406419624744066	-1.0482826994305807e-07	-1
26.842641806087293	-15.095890844929684	-3.8159593137253339e-07	-1
27.189642239596647	-16.776773120146057	-2.1318968186841751e-07	-1
28.429151796535976	-11.484505868020333	1.1708896930555368e-06	-1
28.461977619865792	-12.882453525014071	1.0128151968200667e-06	-1
27.907522561306415	-14.175884183418141	4.4096210258137059e-07	-1
29.450053913458234	-10.24597952763926	2.2890951394600139e-06	-1
28.962521996424766	-8.7167636311655983	2.1148085789796589e-06	-1
27.678400988368228	-6.1089256247752388	1.1718602263045974e-06	-1
29.066063461786555	-6.534242859849078	2.6147239584150936e-06	-1
15.037500000000001	10	0.0079074159523053085	-1
17.518750000000001	10	0.007890649881740236	-1
23.624933205899715	1.1449584819820122	0.00084817459671028377	-1
23.233386020590707	2.7083764789075229	0.0020304614868156007	-1
23.735937499999999	-1.1615893805361872	-3.0174105042201177e-06	-1
24.981249999999999	0	-1.4403163967276036e-06	-1
23.508033183603185	4.1280474783759953	0.0031047573940158483	-1
22.469360024101526	7.3601911084637273	0.0056963217047653111	-1
21.44187264688826	8.684750241907885	0.0067895166566786461	-1
23.750881820468194	5.5889294226761672	0.0042360951241195337	-1
20	10	0.0078722426552930297	-1
-40	38.731249999999996	0	-1
-36.625227239122196	40.251896130254693	-7.4940457124487161e-06	-1
-40	40.447656249999987	0	-1
-38.257154193988264	41.305859374999997	-3.6818974666145137e-06	-1
-0.5715759659467452	16.005468749999999	-0.00024313748684129657	-1
-0.28613805390230679	16.1355393951679	-0.00024459118002823646	-1
-8.5757918066483292	34.880767400481382	-8.3430796980399515e-05	-1
-7.8210493267158743	34.230380646555673	-9.4196105009374884e-05	-1
-11.205355270910237	36.278727143800467	-6.8082388987900718e-05	-1
-10.291101956166454	37.424364794561839	-5.7053855535241071e-05	-1
-8.6891879364683486	35.87060600269816	-6.992019256209456e-05	-1
-11.757557262984092	37.657020599670446	-5.7649945970012727e-05	-1
-13.705979285069871	37.900063212221525	-5.6500937116151013e-05	-1
-16.650978436924369	38.26647109101966	-5.2185528309597495e-05	-1
-18.044405768674046	39.880326182287128	-4.4413842067601238e-05	-1
-22.227640609811623	40.81597009204765	-3.5812294137533193e-05	-1
-20.653933418023314	41.817381709312244	-3.5609005735985875e-05	-1
-18.862699316720356	41.199201567545195	-3.9296889861123872e-05	-1
-4.1061569029446172	29.310128989698089	-0.00021120488421899101	-1
-4.9532040269075512	30.582812500000003	-0.00018213322047936863	-1
-1.642420016956665	26.55078125	-0.00025792386993256605	-1
-2.126251380947247	27.489307096861868	-0.00024646418718735134	-1
-1.5458221707902464	27.171093749999997	-0.00025076456733416028	-1
-2.5888375484283763	29.497089210115941	-0.00021484382848145988	-1
-1.9947164545549083	28.411718749999999	-0.00023359578838467857	-1
-1.5372743832658946	25.310156250000002	-0.00026946868602408701	-1
-1	26.240625000000001	-0.00026044673145614349	-1
-1	25.620312500000004	-0.00026628146031702657	-1
-6.7115702443040748	33.152443857575022	-0.0001175004189166027	-1
-6.0000000000000009	32.443749999999994	-0.00013699979854189172	-1
-5.1697331808014857	31.764372800099078	-0.00015708273338837586	-1
-7.0361535041007102	33.730229489718752	-0.00010502371288230107	-1
-0.49097839355468631	22.179296874999991	-0.00028168706273648937	-1
-0.49376159039739326	22.726497619203741	-0.00028090408297643758	-1
-0.49230590820312253	23.424609374999996	-0.00027891549864289224	-1
-1	24.379687499999999	-0.00027525727835395604	-1
-0.49471099511061656	23.97332045861366	-0.00027656228920999032	-1
0	21.245312499999997	-0.00028121705910659847	-1
0	21.867968749999996	-0.00028152001740204899	-1
-1	25	-0.00027120269544745663	-1
0	17.509374999999999	-0.00026044665037784387	-1
0	18.132031249999997	-0.00026616869134618159	-1
0	16.88671875	-0.00025373930101472173	-1
-0.24185184341208232	16.419726562499999	-0.00024822119841881325	-1
0	16.575390624999997	-0.00025005408434872114	-1
0.64484729661771023	20.311328124999996	0.00024527799234960789	-1
0.99847482906834795	19.688671874999997	0.0005328472065740964	-1
0.99847482906834228	20.933984374999998	0.00053286057583140406	-1
0.75296537970495492	19.082393954159699	0.00033486683859273379	-1
0.61338524622123081	18.443359374999996	0.00022430660017975818	-1
-25.732209119521965	40.808891035930337	-2.9702040965877447e-05	-1
-24.091618442244322	40.88644131226021	-3.25390759607834e-05	-1
-29.898321508475291	40.974696591193286	-2.1311338029759467e-05	-1
-27.126139889148675	41.677515710468803	-2.5730673393965419e-05	-1
-31.146317372341294	42.510385165810845	-1.7250026544112935e-05	-1
-34.226209051325981	41.749106038984266	-1.1838713592782104e-05	-1
-32.951836715246394	43.320282058528129	-1.3191425381392543e-05	-1
26.506724247621776	-25.490704773935324	-3.2473258809756098e-07	-1
27.664525082502234	-26.6205924801619	-7.5070171585930404e-08	-1
27.750140172159867	-28.319176225796159	-3.0602746183443823e-08	-1
28.564573529714703	-21.250035707392811	2.6367000493097094e-07	-1
28.202946518037106	-25.09505934066987	2.9756157110417586e-08	-1
29.713373495651009	-22.49694885778846	5.8581050169291048e-07	-1
28.562722323226016	-18.640359758637658	4.5536549172333806e-07	-1
27.490625000000001	-30	0	-1
0.35947938099835763	16.575390624999997	3.1820622979428024e-05	-1
0.49236032388748185	17.092026481415953	0.00013309626660541786	-1
0.62476751555780063	17.747333192351832	0.00023518339844232465	-1
8.6458468912290947	17.325872904664529	0.0067884108862788714	-1
8.109867602487526	18.569046995712505	0.0063493821486070665	-1
4.2568590136331785	20.814402162289593	0.0031871259048478111	-1
6.3447273672477715	20.798948246115359	0.0049006440024355396	-1
3.0028495703431481	20.386033790295635	0.0021618305640970711	-1
2.1990095120622573	20.265622570409384	0.0015076238693341798	-1
1.3698378450314801	20.311328124999999	0.00083440158918006706	-1
0	16.264062499999998	-0.00024616004991541716	-1
9.1721157540880398	16.652690797386402	0.0072300864666148372	-1
10	10.074999999999999	0.0079226093825815469	-1
10.963074316368454	11.211332469982537	0.007923424995376507	-1
11.872322142627773	11.690707926287676	0.0079227717256899546	-1
11.764746457864494	13.188852785245428	0.007928093561446841	-1
10.535439398877973	10.600535101072348	0.0079229348792443643	-1
10.909368201668753	10.74531989573588	0.0079228072618678109	-1
10.482507301104787	14.299605433241839	0.0079350438231092241	-1
11.067184722201494	14.35569032380622	0.0079350798062131234	-1
11.613975903701746	14.118803781325116	0.0079330433628967134	-1
10.157767984429812	10.157767984429812	0.0079226861223998073	-1
10.540234374999999	10.275352879350642	0.0079226862683719479	-1
10.383001425298884	14.68059181710124	0.007937082688945666	-1
10.354627714940829	15.066990374422748	0.0079391424783209607	-1
10	15.671875000000002	0.007942033852512442	-1
10.365957624462943	15.653861575563198	0.0079420860605635968	-1
9.5960292105670781	16.371484374999998	0.0075939392837590068	-1
10	16.138281249999999	0.0079439475791320113	-1
12.512783154344941	10.966102477570896	0.007919834474341244	-1
11.58168039228253	10.704776990257514	0.0079217324098711066	-1
13.047023388766247	12.083650964670269	0.0079200084002441738	-1
14.999835800001158	11.866177551785402	0.007909414951450441	-1
11.00546875	10.356025571435175	0.0079223657320073391	-1
24.020242366524631	-2.4498682195666155	-2.7443175421626333e-06	-1
26.698733536956702	-3.7368857361979835	3.1450061590467277e-07	-1
26.226562500000004	-2.388612478728124	-1.3196829710741513e-07	-1
27.787577751944337	-4.6616584328305812	1.4759360352578367e-06	-1
28.850380141590115	-16.343501675351259	8.4118392783237888e-07	-1
29.71643707387048	-12.264661760234207	2.1122910469066183e-06	-1
29.913359781950486	-13.756964694775526	1.9626462565397444e-06	-1
30.146141032328231	-15.364322870933133	1.8212836802576976e-06	-1
30.871669519718203	-9.6336302924900252	3.7509417552018686e-06	-1
30.757285107670995	-11.177287872405458	3.239773397600863e-06	-1
30.391260533762576	-8.1878663658652684	3.6583082429928249e-06	-1
29.280320975636212	-4.8341962474901621	3.1637701629954976e-06	-1
30.910319465692119	-5.3625613569074311	4.9305965408797848e-06	-1
31.228394547727397	-6.8479975841979144	4.8990702499177172e-06	-1
16.310112468542897	11.876398921656088	0.0079004004497835491	-1
17.797927377090758	11.507282391320539	0.0078889333814226702	-1
19.183037550851239	11.168660490432082	0.0078782236760441826	-1
25.023710949257545	1.9455868952429762	0.0014125422786802142	-1
24.934227220574634	3.8895786548587568	0.0028597000122736376	-1
25.053155074227224	-1.6291472179529916	-1.4688406505260158e-06	-1
26.632226945441481	1.4565330480109719	0.0010086538561084851	-1
26.226562500000004	-0.86968195717785912	-1.3781512284689829e-08	-1
27.471874999999997	0	1.5410423896795083e-06	-1
24.497168249141652	7.1633723117452774	0.0054686437595943601	-1
24.003434257125917	8.7008476953094132	0.0067599264532192619	-1
22.481249999999999	10	0.0078553031393889805	-1
25.4669150412237	5.8906641237397936	0.0043770650628087524	-1
21.982524940726755	11.685430000261398	0.007857914446510619	-1
20.372714295831447	12.391057847012069	0.0078686933854616326	-1
-36.234364962462863	42.647492704570787	-7.3581172241036579e-06	-1
-40	42.1640625	0	-1
-38.336812099407453	43.342883660213026	-3.137922435772554e-06	-1
-7.6131428690765546	35.13756725189986	-7.9078790953654126e-05	-1
-6.9023339873591132	34.379292557679783	-9.2947853658008719e-05	-1
-9.660476487287033	38.888585772130611	-4.3790934686377707e-05	-1
-8.209330089324764	38.228429968677389	-4.1516638402149524e-05	-1
-7.3872095946729477	35.87904369941247	-6.6348415359967025e-05	-1
-7.4324916802441692	37.003994341401672	-4.9981157018991404e-05	-1
-12.144490919169861	39.090513618926231	-4.8980325562611885e-05	-1
-13.843137078463981	39.699280828046959	-4.7470032662437836e-05	-1
-15.982993127103407	40.425070072248012	-4.3965544233810494e-05	-1
-17.312977762622641	41.285223177497592	-4.0336213484107299e-05	-1
-22.312769501730056	42.686986658540413	-3.1527124022494401e-05	-1
-19.415365732028626	43.538321104995546	-3.2584141552836813e-05	-1
-20.905327475420563	43.92272808088876	-3.0425347517100011e-05	-1
-18.19539875483278	42.600538990408928	-3.5895697491147807e-05	-1
-3.1167848437701706	30.475613899996453	-0.00019500115316129759	-1
-4.1943989336008336	31.534013970410236	-0.00016769754141614788	-1
-1	26.860937499999999	-0.0002535974795783924	-1
-1.5372743832658986	27.791406250000001	-0.0002424372936514262	-1
-1	27.481249999999999	-0.00024581727818902136	-1
-1.6424200169566638	29.032031249999996	-0.00022307054460163583	-1
-2.1262513809472603	29.970557096861874	-0.00020581440690541216	-1
-1.5458221707902497	29.65234375	-0.00021158840715320749	-1
-1	28.101562500000004	-0.000237027729162237	-1
-1	28.721874999999997	-0.00022719252690940671	-1
-0.49671572483659276	26.467142206064434	-0.00025707022042502538	-1
-0.49502685546874803	25.915234374999997	-0.00026265921294457391	-1
-0.49569544174401753	25.220201440319009	-0.0002686403943162846	-1
-6.0000000000000009	33.684374999999996	-0.00011040871308018208	-1
-6.4284240340532417	33.994531249999994	-0.00010189275294732766	-1
-5.3155660103816098	33.239473795068932	-0.00012363836618170057	-1
-4.5229415433529665	32.529880907113458	-0.00014363887236079072	-1
0	22.490624999999994	-0.00028102377912463849	-1
0	23.113281249999993	-0.00027960348079127226	-1
0	23.735937499999995	-0.00027735549045537083	-1
-0.4936553955078119	24.669921874999996	-0.00027256880421201393	-1
0	24.358593749999997	-0.00027415283850708099	-1
0.64484729661770968	21.556640624999996	0.00024486870268855765	-1
0.99847482906834228	22.179296874999991	0.00053432432210662498	-1
1.369837845031479	21.556640624999996	0.00083609534028888347	-1
1.7061533978753558	20.933984374999998	0.001108833747114566	-1
-25.002125786735604	42.756118120165745	-2.7526913291622152e-05	-1
-23.6393743110707	43.424642284862614	-2.8277575070771622e-05	-1
-28.943162372670521	43.025861938191724	-2.0633949739048264e-05	-1
-27.132843616427195	43.566958683015407	-2.2918179130299938e-05	-1
-31.242773167483449	44.486879373751023	-1.5202698655148465e-05	-1
-34.974409270880017	43.362934052060943	-9.4505810117943937e-06	-1
-34.427139190037025	44.704515255367191	-9.694936545080026e-06	-1
-32.976889482568083	45.615900238011115	-1.1522719731891489e-05	-1
29.850522563235632	-27.361859418095825	2.0610345774718261e-07	-1
29.36328125	-30	0	-1
30.046263273451999	-19.101778858740797	1.1287061874492612e-06	-1
30.472943569788313	-20.981169497578041	1.0510178364629379e-06	-1
29.944250814024869	-25.055503705277289	4.0660066881543405e-07	-1
31.595841965277334	-23.087826416478983	1.0838774885881195e-06	-1
31.315604731008197	-24.529585337849788	7.7859134633079739e-07	-1
29.623484925759705	-17.606767218097161	1.1299684612070068e-06	-1
9.4614574894453618	17.071093750000003	0.0074831537471500547	-1
9.2574235253344153	17.850805377208047	0.0073137715710120885	-1
9.0710894473612065	18.828956763036867	0.0071605424783467361	-1
9.0921647302396682	19.833357389506752	0.0071804368982182273	-1
8.1736942069280616	20.240391397679542	0.0064137841230297813	-1
3.2651829630381317	21.693388940723452	0.0023815086702851898	-1
5.3323115569120159	22.39915911532086	0.0040739141371507834	-1
7.0747950978926317	21.657935998875558	0.0055049479906808755	-1
2.3960477915296661	20.926819609636635	0.0016702098369418624	-1
12.240606609926472	14.001931951619587	0.0079308310335576542	-1
12.78348662583201	13.671312273686045	0.0079271142090942583	-1
10.931695746141269	14.678053504363389	0.0079370470157289017	-1
11.138921849927238	14.697931565211229	0.0079371253778072488	-1
11.483929253858728	14.700339419992003	0.0079369077883319553	-1
11.984375	14.585601745798542	0.0079353525291349872	-1
10.678053504363389	14.931695746141269	0.0079385088939783587	-1
10.697632798168438	15.139491343971097	0.0079396863579196657	-1
10.694153765817527	15.49096050385873	0.0079415450875299446	-1
10.365979478932129	16.060904092908061	0.007943829930600374	-1
10.67519183843347	15.850390624999999	0.0079432502050055618	-1
10	16.604687500000001	0.0079454462695675004	-1
13.733187517916294	13.114915255218712	0.0079202383877500036	-1
15.647487979052288	12.830937935890319	0.0079069505997190689	-1
14.984392033232394	13.028062844676201	0.0079123403851929473	-1
28.012542797015929	-3.175912035270938	1.9144313810328747e-06	-1
28.713892053418846	-1.3544633169138456	2.942621930895912e-06	-1
31.048943296058738	-12.847969979191696	3.0209739035041636e-06	-1
31.659304886685575	-14.77430374679007	2.9514608308515913e-06	-1
31.406376985630473	-16.360985114480805	2.3922119237261612e-06	-1
32.066469464231076	-10.498231202307823	4.572796857219282e-06	-1
31.888965838899015	-8.4669809378290246	5.0866920103671544e-06	-1
32.500794312967876	-12.937132388163619	4.1050610199363026e-06	-1
30.736310753730063	-3.9307813192759564	5.0488595835968199e-06	-1
29.916059990006094	-2.7444163701102617	4.255906609907661e-06	-1
32.341376464195939	-5.872236165184213	6.4455308670229874e-06	-1
32.09576508527725	-4.4126080811274271	6.6099883053501029e-06	-1
33.562352728038412	-7.9597947300994196	7.0099141154684711e-06	-1
16.307427899066877	13.038383748086568	0.0079021194722218701	-1
17.432491680244134	12.996005658598397	0.007892658996286531	-1
18.875327333230473	12.560964123691679	0.0078804900290433428	-1
27.059162831694444	3.4616794514781506	0.0024016643259152999	-1
26.875337911969556	5.0775459510598697	0.0036063249778650552	-1
28.264336329758759	1.8599141743611314	0.0012009723384364564	-1
29.962499999999999	0	4.5871135875338077e-06	-1
25.614971603873546	8.5981287098437758	0.0066163200802244618	-1
26.313986749189269	7.2481119106302989	0.0054132036323089753	-1
24.962499999999999	10	0.007842288458059123	-1
23.721874999999997	11.432324603569818	0.0078478006282388674	-1
21.486502884319538	13.673983298353525	0.0078584483327032145	-1
23.179918588462989	13.810972299759921	0.0078465734526357751	-1
18.689187936468258	14.129393997301893	0.0078812899251861756	-1
20.219768452883955	14.806152284751555	0.0078664372482378248	-1
-37.058237339688418	44.930668250216591	-5.0790120084103116e-06	-1
-35.763258159450295	44.578278487787685	-7.4723384134468699e-06	-1
-40	43.880468749999991	0	-1
-38.530902962511078	45.255892741347083	-2.4806277207371294e-06	-1
-6.6453722850591976	34.933009625577249	-8.2030340052777561e-05	-1
-6.7006142203158445	35.519293843804313	-7.0498789853910265e-05	-1
-6.3058462341824795	34.509039496141263	-9.106961953220839e-05	-1
-8.2748379254961559	39.677025579110158	-3.159580644497258e-05	-1
-10.351092104151629	40.821069380352277	-3.6478514592950864e-05	-1
-7.0121474614480892	39.046644044989478	-2.3600396797703647e-05	-1
-6.3076440644761815	38.115748433043635	-2.3851464524750485e-05	-1
-6.6707711970686789	36.174930821702191	-5.7819244315185375e-05	-1
-6.3074278990668837	36.961616251913519	-4.0703546650987395e-05	-1
-11.703438390694087	42.022433178547715	-3.5260180423263628e-05	-1
-13.994056194169195	41.497396427751283	-3.9988980417186906e-05	-1
-16.025497797261124	42.884597493831706	-3.5807038470234842e-05	-1
-22.855452163146765	44.724443119300275	-2.6793419859996219e-05	-1
-19.999792080072776	45.205635307919181	-2.8430793689024355e-05	-1
-18.491465162409963	44.768834192022751	-3.0201514434030247e-05	-1
-21.482585377124067	45.291221513572779	-2.7106804801106371e-05	-1
-16.903143162719022	44.366674569487699	-3.1698877543180707e-05	-1
-3.3107429823497272	32.098676136541371	-0.00015659084399279735	-1
-2.3239546826818303	31.874484082257897	-0.00016211763692241187	-1
-1.9894717259246479	30.892968749999994	-0.00018576312586204068	-1
-3.8429418323515194	32.522026676817816	-0.00014507203543086343	-1
-0.49642028808593752	27.160546874999998	-0.00024895130503954296	-1
-0.49777266903118178	27.714144470007231	-0.00024158534384950415	-1
-1	29.342187499999998	-0.00021613911141651445	-1
-1.5372743832658937	30.272656250000001	-0.00019875433149236729	-1
-1	29.962499999999999	-0.00020392063559436835	-1
-0.49783569335937367	28.405859375000002	-0.00023120843664084186	-1
-0.49886713075321804	28.96121002264686	-0.00022187553566054022	-1
0	26.226562499999996	-0.00025926480235286702	-1
0	26.849218749999999	-0.00025237394725980393	-1
0	25.603906249999994	-0.00026512842719322968	-1
0	24.981249999999999	-0.00027011945494483585	-1
-5.6258484753181301	33.994531249999994	-0.00010447020162181529	-1
-6.0000000000000009	34.3046875	-9.6290111641977335e-05	-1
-4.7718037337375083	33.564213166383389	-0.00011681883926387502	-1
-5.1162614024560575	34.09570351177441	-0.00010255844460076791	-1
-4.1161911055569167	33.144759469103811	-0.00012822366942435697	-1
0.64484729661770968	22.801953124999994	0.00024678848868677975	-1
0.99847482906834795	23.424609374999996	0.00053769725325833505	-1
0.64484729661771023	24.047265624999994	0.00025128918004975356	-1
0.99847482906834228	24.669921874999996	0.00054331152677270596	-1
1.7061533978753562	22.179296874999991	0.0011116783381681394	-1
1.369837845031479	22.801953124999994	0.00083891634297280097	-1
2.1143900260321997	21.556640624999996	0.0014428118838733192	-1
-24.251089991053735	44.679869622889491	-2.5278156273122173e-05	-1
-25.646413319632124	44.733391132510398	-2.3395020522833055e-05	-1
-29.882525610545784	45.393663660143964	-1.6490676890222824e-05	-1
-28.294157058029292	45.780466580997349	-1.8382945472426592e-05	-1
-31.041763421959331	46.546355663583384	-1.3728492975265418e-05	-1
-34.63898694842959	46.029758685525948	-8.6485046035486014e-06	-1
-33.598545112588184	47.211955086149779	-9.5679188904022399e-06	-1
31.07207543869157	-26.256419870722372	4.8196838755327598e-07	-1
31.635898413382684	-28.107116809382589	2.7814025565207646e-07	-1
31.235937500000002	-30	0	-1
31.068445403009335	-17.931759614902891	1.8526536913434724e-06	-1
31.915904402999111	-19.703660482952195	1.8650065908089339e-06	-1
32.745192788912874	-21.484138007619695	1.7765510700264723e-06	-1
33.206466070181037	-23.0284384629425	1.5430045087996518e-06	-1
32.488030049599331	-25.414243784454808	8.5812394170180122e-07	-1
10	17.537500000000001	0.0079469010232584014	-1
10	18.470312500000002	0.0079463723042480471	-1
10	19.403125000000003	0.0079438572988586205	-1
9.1487637100661825	20.802343749999999	0.0072260345988848619	-1
10	20.3359375	0.0079394540494124206	-1
8.1670321395453609	21.378871318984586	0.0064084355426032571	-1
3.8235366690807338	23.424609374999992	0.0028421448363994588	-1
2.1143900260321926	22.80195312499999	0.0014464060223992178	-1
7.2732217629332752	23.217653342632023	0.0056652190051897601	-1
6.3905332231188439	24.503727371936751	0.0049368551454414527	-1
4.8320941055140088	24.570006960732222	0.0036651739694675343	-1
7.9252229925964279	22.397957111162647	0.0062054317041322186	-1
12.800455403787236	14.306717769162109	0.0079308238727713483	-1
13.35783195622485	13.943627393652633	0.0079260364376299505	-1
10.90412574265193	14.904125742651932	0.0079384102695014697	-1
11.0375	14.879732015570188	0.0079382910723668331	-1
11.226562499999998	14.886761943721169	0.0079383390611555693	-1
11.681249999999999	15	0.0079388978360459446	-1
11.378124999999999	15	0.0079391189866892305	-1
12.2875	15	0.0079377679403439625	-1
10.879732015570186	15.037500000000001	0.0079392077760135522	-1
10.885665758912509	15.230078124999999	0.0079403433340675903	-1
11	15.695312499999998	0.0079430246379369584	-1
11	15.385156249999998	0.0079413748854577533	-1
10.726533940027876	16.160546874999998	0.0079445918029877015	-1
10.643411306243753	16.625781249999996	0.007945954720088062	-1
11	16.005468749999999	0.0079444627029837366	-1
10.469420020669086	17.185884498644718	0.0079469103006396726	-1
14.449601301696733	13.642258584653224	0.0079181899313476786	-1
14.022926414192147	13.955980691837368	0.0079224742008218458	-1
15.43118285117788	13.488027393028279	0.0079104206267041344	-1
14.893452719289098	13.837363514836492	0.0079158622224040215	-1
30.541335350040434	-1.5484433042354695	5.1955465084734603e-06	-1
33.974960701671534	-14.31674575033453	4.6345462301555521e-06	-1
33.128559855403935	-15.822012979442558	3.5589039004167738e-06	-1
33.384587705046862	-17.608309298505013	3.1189234990556324e-06	-1
33.750452238920268	-11.45646722431673	5.6346115460503269e-06	-1
33.228822765470042	-9.5904776874346513	5.9702187242639445e-06	-1
35.206195583256104	-13.10584340499098	5.9983813677291258e-06	-1
31.286724224686829	-2.6734838704895973	5.9870616978105369e-06	-1
33.726158807961951	-4.1704595503623567	8.7703042468111375e-06	-1
33.756327257050728	-6.3066936970802976	7.9152153322110122e-06	-1
32.655355711557547	-2.570528944034312	7.8054509538632565e-06	-1
35.179969864424393	-7.567769292984865	8.8795403247734584e-06	-1
35.983808270137573	-9.0351587522204788	8.8321564039428835e-06	-1
16.159267921919643	13.892164129379827	0.0079052789730955485	-1
16.67077119706866	13.825069178297857	0.0079003568944210935	-1
17.3872095946729	14.12095630058757	0.0078937942688237211	-1
29.463480713332704	4.7893563791858211	0.0030119854512648207	-1
29.789195728676034	3.1610286877487779	0.0018913482765712348	-1
28.258859104870922	5.9323472463180842	0.0040617106758441129	-1
30.252081748866257	1.6011414705620586	0.00091414677433711105	-1
31.874506683274266	-1.3387410238292781	6.958304327052777e-06	-1
32.453125	0	7.8589129799835501e-06	-1
26.203125	10	0.0078374542691322293	-1
27.095297063779864	8.9442559469871519	0.00682917035007281	-1
27.920843681174787	8.1996166136584367	0.0060337446404300967	-1
25.582812500000003	11.075091092109618	0.0078393361304585334	-1
24.536684108986123	12.86903666209189	0.0078413640837032422	-1
22.184698425814776	15.578341090320276	0.0078477990179789195	-1
23.546866361348584	16.026194972081075	0.0078362064604724467	-1
24.950320583943192	15.489471149624372	0.0078305450274862333	-1
18.575791806648219	15.119232599518615	0.0078815973759436952	-1
17.613142869076491	14.862432748100158	0.0078918153690437677	-1
20.784261910683028	16.255826965552661	0.0078569570403241723	-1
19.059873789848343	16.444100920772634	0.0078738143076690047	-1
-37.390822074037018	46.243177185674526	-4.1744570833236969e-06	-1
-35.97510591784286	45.903521917946449	-6.5635732212563531e-06	-1
-40	45.596874999999997	0	-1
-40	47.313281249999996	0	-1
-37.89065585922333	47.501532659443754	-3.1484290647304818e-06	-1
-6.3023672018315722	34.860508656028898	-8.335649459544444e-05	-1
-6.3219464956366238	35.068304253858734	-7.8770061163688175e-05	-1
-6.3226934453724422	35.618520602890847	-6.6944890302181981e-05	-1
-6.1143342410874935	34.769921875000001	-8.5326284012906932e-05	-1
-6.0000000000000009	34.614843749999999	-8.9004335328991859e-05	-1
-6.9606229099570527	40.191425209251761	-1.8291453919044409e-05	-1
-7.9925604735187301	41.059808109612831	-2.4836898592522332e-05	-1
-9.6533898008845025	42.366870863066573	-2.9197377252709376e-05	-1
-6.1744931305335298	39.82863759698089	-8.6649651916802357e-06	-1
-5.8746614134490036	39.185583542841918	-5.9001626711397084e-06	-1
-5.6474879790522712	37.169062064109646	-2.8946576633835374e-05	-1
-5.413193321767924	38.662734074716973	-1.2693431218979425e-06	-1
-5.1180962919518374	37.736013499329545	-9.5361285820289031e-06	-1
-6.1592679219196338	36.107835870620221	-5.5709250399806628e-05	-1
-5.4311828511778621	36.511972606971703	-4.0214970835245445e-05	-1
-10.817956238573784	43.599784379966145	-2.9241272680790362e-05	-1
-12.419638585166028	43.683508955199137	-3.1389190650482096e-05	-1
-14.555861584947229	42.855718659949332	-3.5703209273490606e-05	-1
-15.37404040367718	44.955184458096532	-3.0162201730168767e-05	-1
-21.846438706412304	46.737913082939841	-2.4204421086114867e-05	-1
-24.107804429694664	46.420717596195672	-2.2661343806997532e-05	-1
-20.079646335024776	46.77390460984428	-2.5294936538619685e-05	-1
-18.400640804746036	47.325077090013096	-2.4996367346154928e-05	-1
-16.631804645818331	45.982494654133852	-2.8018557518741604e-05	-1
-3.3798565890424892	33.108248588094611	-0.0001287208533933427	-1
-2.6675209161334625	32.879879438568302	-0.0001341041450817785	-1
-2.0352183293601982	32.896975596906891	-0.00013126471986895275	-1
-1.5471523194341674	31.513281249999999	-0.00016942089108318249	-1
-1.6510029930959365	32.133593749999996	-0.00015292744251242459	-1
-1	31.203124999999996	-0.00017556081335519562	-1
-1	30.582812499999996	-0.00019039557593330297	-1
0	27.471874999999997	-0.0002445524009277021	-1
0	28.094531249999996	-0.00023563576219014757	-1
-0.49927307128906312	29.651171874999999	-0.00020894855256107649	-1
-0.5	30.208340735010104	-0.00019738609987870852	-1
0	28.717187499999998	-0.00022569067694377113	-1
0	29.33984375	-0.00021451062718846165	-1
0.64484729661771023	26.537890624999996	0.00026887725499905079	-1
0.99847482906834795	25.915234374999997	0.00055139510406908526	-1
0.99847482906834228	27.160546874999998	0.00056232889115471053	-1
0.64484729661770968	25.292578124999995	0.00025858431257417375	-1
-5.5564822960101967	34.475545382852715	-9.2570412647106565e-05	-1
-4.5678866005120469	34.163838779211922	-9.9823088621134827e-05	-1
-3.7269731638343462	33.770883225627912	-0.00010960230509107604	-1
-5.2625853236448235	34.658432213933644	-8.7323027206114413e-05	-1
-4.8640625000000002	34.630354775334688	-8.7005576321673393e-05	-1
1.7061533978753722	23.424609374999996	0.0011153389971957342	-1
1.3698378450314801	24.047265624999998	0.00084327722778696618	-1
1.7061533978753558	24.669921874999996	0.0011203688183038388	-1
1.369837845031479	25.292578124999995	0.00084959903314937954	-1
-26.072840837665574	46.713722539601704	-2.0083995144728904e-05	-1
-29.522233307131465	47.853397154246878	-1.4603373310610676e-05	-1
-27.529126456551584	48.065185516429921	-1.6763844356464194e-05	-1
-31.153617649347048	48.213196767436038	-1.2247082320618275e-05	-1
-35.303972339251722	47.19549624257214	-7.0871313814062604e-06	-1
-32.243025535410439	49.479712101516185	-9.9811935001573253e-06	-1
-34.046378860998317	49.041317951937401	-7.958035258485917e-06	-1
32.65543587222264	-26.948478219651573	5.8369353916769514e-07	-1
33.071996422278133	-28.509140730908467	3.0414431044620964e-07	-1
33.108593750000004	-30	0	-1
34.183649575173654	-19.730785221828889	2.8025319366152069e-06	-1
35.084529595046632	-21.79134976548934	2.4551005226009919e-06	-1
34.516482796365807	-23.967317109753818	1.6256604249560649e-06	-1
33.929964058515438	-26.078146148579318	9.5192034147719712e-07	-1
11	17.556249999999999	0.0079481755837379677	-1
11	18.796875	0.0079471228345917855	-1
11	20.037500000000001	0.0079424021797557844	-1
10	21.268750000000001	0.0079331813046638507	-1
8.9540265074007017	22.201562499999998	0.0070568360508958972	-1
11	21.278125000000003	0.0079341457704918735	-1
3.3092215757555459	24.669921875	0.0024253513213910527	-1
2.1143900260321953	24.047265625000005	0.0014503839022358825	-1
9.0339426949039545	23.600781250000001	0.0071114593363518844	-1
8.504166943654198	24.533593750000001	0.0066663556132778943	-1
7.4323472366209806	25.580407076080256	0.0057800565432666613	-1
5.7303669478953863	25.916988125028485	0.0043928292791271736	-1
4.1113396841689012	25.915234374999994	0.003079006749956975	-1
13.5	15	0.0079326360378900382	-1
13.803125	14.437810909322991	0.0079267668949466619	-1
11	15	0.0079390511276409056	-1
11.074999999999999	15	0.0079390909377763889	-1
11.984375	15.358273143498527	0.0079410293639149664	-1
11.520938992147274	15.432242580449511	0.0079419883488996614	-1
11.15776798442981	15.157767984429812	0.0079401629458075353	-1
11.261426218010078	15.398114734775536	0.0079417445105473428	-1
12.710454684585347	15.665219675486425	0.0079410750608647253	-1
11	15.074999999999999	0.0079395283753130215	-1
11.348671611150387	15.738438029770091	0.0079436743222098642	-1
11	16.315624999999997	0.007945663095402216	-1
11	16.935937499999998	0.0079473929765170523	-1
11.395355595312726	16.160546874999998	0.0079456353735779441	-1
14.517982940280154	14.144108457307501	0.0079201681406438421	-1
15.291688026012373	14.113911259646658	0.0079138205181455649	-1
14.864062499999999	14.513916896262842	0.0079194141653461895	-1
35.610296188957918	-14.871634628949781	5.4138839729580475e-06	-1
35.531658656537118	-16.681367229262122	4.5552167731379789e-06	-1
36.027578368175838	-18.4221505071955	4.0584405519778354e-06	-1
35.811202415273364	-10.699368843056934	7.719259584124429e-06	-1
37.347745964724908	-14.359204904181865	6.7008807623443519e-06	-1
36.335207893921009	-12.110397029400579	7.3217974171780253e-06	-1
35.362740339004141	-4.3664710147539738	1.0866466217188923e-05	-1
34.571645065982985	-2.7555487441915441	1.0441631341174136e-05	-1
36.256511558733443	-5.99992749212295	1.106320780321484e-05	-1
33.960018521279366	-1.2700570629225756	9.9257951756050939e-06	-1
37.07168202147902	-7.7639708397867633	1.0758816526341523e-05	-1
37.3383943058111	-10.016707592391958	9.4007426010592359e-06	-1
15.932815277798507	14.355690323806218	0.0079088058679644361	-1
16.322693445372433	14.381479397109178	0.007904952861473219	-1
16.700614220315821	14.480706156195712	0.0079012626577364253	-1
30.135738524674171	6.3077801596276251	0.0038926433241183761	-1
31.051221770485789	4.2602125387293981	0.0023225001282163394	-1
31.786847669105132	2.1415164959873501	0.0010735408220439067	-1
29.269350404444573	7.9899361615833158	0.0055156145461059116	-1
34.222348909147001	1.702459254946767	0.00063063289563734608	-1
34.943749999999994	0	1.1583951030741015e-05	-1
26.823437500000001	11.03690649620107	0.0078351605416084463	-1
27.443750000000001	10	0.0078338911961589684	-1
28.152443857574998	9.2884297556959154	0.0070735873837993188	-1
28.730229489718752	8.9638464958992206	0.0066394519337968161	-1
26.185653164576731	12.963675326992208	0.0078341096391781519	-1
23.099644046536316	17.388570392124542	0.0078318633963176294	-1
24.599975324463234	16.999352768027983	0.0078246650763406419	-1
26.429306372823032	16.517854583436804	0.0078189931566789977	-1
27.402274384925747	14.113384785965454	0.0078269211369421075	-1
17.82104932671578	15.76961935344427	0.0078892356236982958	-1
16.645372285059171	15.066990374422749	0.0079028467482381692	-1
16.902333987359096	15.620707442320196	0.0079003421471809873	-1
20.477116050821813	17.780907607625025	0.0078527964336036708	-1
17.800383386341526	17.079156318825156	0.0078872189031317479	-1
18.75188808936975	18.686013250810621	0.007868130467324019	-1
-36.60497378500628	47.283773191948896	-5.116976732447386e-06	-1
-40	49.029687499999994	0	-1
-37.041753624807555	48.609266791524639	-4.1176125143563769e-06	-1
-38.635154953171906	49.88789062499999	-1.7592220996215943e-06	-1
-6.1202679844298178	34.962499999999999	-8.0847723494843076e-05	-1
-6.0958742573480729	35.095874257348072	-7.7707884383015598e-05	-1
-6.0683042538587335	35.321946495636624	-7.2458281574667652e-05	-1
-5.9328152777985004	35.644309676193799	-6.44057361360453e-05	-1
-6.0000000000000009	34.924999999999997	-8.1596818332293458e-05	-1
-5.8422320155701817	34.842232015570183	-8.3451828944792458e-05	-1
-5.5998347605562708	34.736444012087944	-8.5899514148348014e-05	-1
-6.6499501340119798	40.931817981170475	-1.5598931541107593e-05	-1
-6.107615535071087	40.339726591928482	-8.0293396339243497e-06	-1
-8.0703510928398039	42.975376554722899	-2.3423126789081606e-05	-1
-6.3787374166150084	42.073214142091459	-1.6418700806488966e-05	-1
-9.9459358258822448	44.985355804730908	-2.5223328145781586e-05	-1
-5.6184479700613137	40.177246848964053	4.6210001118732179e-07	-1
-5.5188544385950342	39.799439366109638	3.7184732378841108e-06	-1
-5.1778345663021357	39.319187136393062	1.0748861066922689e-05	-1
-4.984392033232389	36.971937155323772	-2.3441718673024101e-05	-1
-4.7582575152611115	38.423185634284586	1.1427465678390591e-05	-1
-4.320378466017325	37.481868118342405	1.68857721450283e-06	-1
-5.2916880260123662	35.886088740353337	-5.3891922171921259e-05	-1
-4.8934527192890958	36.162636485163496	-4.2639638679560373e-05	-1
-11.483630103406474	44.985923737807717	-2.7298974197946944e-05	-1
-13.941127542407825	44.190921506161807	-3.1520727558329491e-05	-1
-14.058309386126787	45.907124066027073	-2.7594132330596195e-05	-1
-19.622695765540175	48.480962561599213	-2.2564654196631751e-05	-1
-23.132701080792287	48.485556904763435	-2.0477522966148973e-05	-1
-21.007438803536285	49.435937047827359	-2.043532872931095e-05	-1
-25.301853352994058	48.544787333646831	-1.8525461092024882e-05	-1
-18.060023082056865	49.103492588923579	-2.1980268557172024e-05	-1
-16.342801627922825	48.1842635361714	-2.3665560101019792e-05	-1
-14.155607472885556	47.624568648334908	-2.4230418915764867e-05	-1
-3.0732237390848804	33.790561474299317	-0.00010647129635042378	-1
-2.4202765089182567	33.828448918773262	-0.00010209904960522287	-1
-1.9249709310099343	33.519827385880077	-0.00011031258457128897	-1
-1.4463569112950632	33.127932454749256	-0.00012115629258936127	-1
-1	31.823437499999997	-0.00015910598447713066	-1
-1	32.443749999999994	-0.00014103251869958155	-1
-0.49855163574218664	30.896484375	-0.0001816105974755612	-1
-0.50117215162583539	31.455527763511384	-0.00016748904408595266	-1
0.64484729661770968	27.783203125	0.0002825342480209049	-1
0.99847482906834795	28.405859375000002	0.0005764597069432396	-1
0	29.962499999999999	-0.00020216996777361456	-1
0	30.585156250000001	-0.00018844235421220453	-1
0.64484729661771023	29.028515624999997	0.00029986328149272733	-1
0.99847482906834228	29.651171874999999	0.00059417079482686262	-1
1.3698378450314801	26.537890624999999	0.00085806139929738923	-1
1.7061533978753722	25.915234374999997	0.0011269908185678912	-1
1.7061533978753558	27.160546874999998	0.0011358193693521835	-1
1.369837845031479	27.783203125	0.0008693650583231023	-1
-4.4093750000000007	34.65981766790464	-8.4129989100827698e-05	-1
-3.8031250000000005	34.424752141690995	-8.8945287524624413e-05	-1
-5.3187499999999996	35	-7.7934941434108543e-05	-1
-5.015625	35	-7.6666004646244978e-05	-1
-4.7125000000000004	35	-7.5055538634498825e-05	-1
2.1143900260321931	25.292578124999991	0.0014557504171523108	-1
-29.014844089966598	49.792439549474338	-1.3431240699911692e-05	-1
-30.640579815654551	49.75628331848165	-1.1663262937743549e-05	-1
-26.222425271762948	49.931544376504931	-1.6048652902362281e-05	-1
-35.669124300027725	48.861454514714232	-5.8981609512095983e-06	-1
-31.732104688745579	51.299999270442967	-9.4071010300547224e-06	-1
-33.482496468375281	50.809455190554225	-7.7537061549818315e-06	-1
-35.262967579611299	50.442811632635753	-5.8359562499155085e-06	-1
34.274898612743847	-27.627649355564785	5.9761951500389727e-07	-1
34.981250000000003	-30	0	-1
35.861278485453809	-20.22453979093277	3.2745870210776719e-06	-1
36.375548917790397	-23.290505957477514	2.2751337513567539e-06	-1
37.821531227194342	-21.667806439300303	3.3015799545340553e-06	-1
35.368589402410805	-25.407104305576258	1.3685013337841257e-06	-1
35.47984029670414	-26.841510695873421	9.3611386467837008e-07	-1
11.666880458184041	18.10794300754354	0.0079487034817361316	-1
11.587441315742524	17.24609375	0.0079487512864975449	-1
12.546033533793276	19.412065559070385	0.0079445513422891165	-1
12.08746332502491	20.657812499999999	0.0079384987552320596	-1
10	23.134374999999999	0.007914745702733374	-1
11	22.518750000000001	0.0079226450915177177	-1
12.140629198263248	21.937086182420746	0.0079280419111570355	-1
10	24.067187499999999	0.0079025349898555284	-1
10	25	0.0078886434485101256	-1
8.8885155102885278	25.932812500000004	0.0069631076872117897	-1
6.8477416215864437	27.363621727715646	0.0052870919540292357	-1
4.8328209055292763	27.26445369347978	0.0036617740541705704	-1
3.3063441467123855	27.160546875000001	0.0024294893336002598	-1
2.1143900260321953	26.537890625000003	0.0014618501063629172	-1
14.106249999999999	15	0.0079286571599513963	-1
13.803125	15.575247858309007	0.0079347344948450631	-1
14.409374999999999	14.638814085420393	0.0079238588291069816	-1
11.925812095400392	15.861583647716445	0.0079441326113726361	-1
12.420177905870426	16.171157077429445	0.0079444645965545974	-1
13.073157705657232	16.209557561956647	0.0079421349733717218	-1
11.349751178801334	16.625781249999999	0.007947161325706836	-1
11.905369353006563	16.445393137866759	0.0079465906311016934	-1
15.167187500000001	14.686071830504803	0.0079176538030643149	-1
15.516070746141271	14.700339419992005	0.0079143238743259372	-1
15.015625	15	0.007920983031251945	-1
14.7125	15	0.0079237629908359402	-1
38.345713913070213	-15.80290038972783	6.4320520243862447e-06	-1
37.774184139628026	-17.632518827630207	5.1785993085704609e-06	-1
37.463612457125869	-19.523998444298329	4.1367994047408742e-06	-1
37.669495596086399	-12.807002091224838	7.8225908882634326e-06	-1
38.91825070501779	-14.14386503664559	7.7254067141085331e-06	-1
38.745665257743362	-11.264510109590095	9.6143349638996857e-06	-1
36.342067689226582	-2.8625360979784089	1.3121972545494e-05	-1
37.157423282752276	-4.3703983815512819	1.3411274431875085e-05	-1
35.566406249999993	-1.2871166737381186	1.2462975175150422e-05	-1
38.114356713310507	-6.1240984963453879	1.320083401244602e-05	-1
39.010738504314688	-7.6358624007877456	1.2811829462085318e-05	-1
38.889055770373943	-9.3891803212686185	1.118524427717772e-05	-1
15.861078150072762	14.697931565211229	0.0079107703303975003	-1
16.068304253858731	14.678053504363389	0.0079084730760028161	-1
16.321946495636613	14.931695746141269	0.0079063488756881371	-1
31.923660595396008	5.6884160834847872	0.0028852962734828478	-1
30.76888913607732	8.0908666670832652	0.0049317812801219938	-1
33.482518101509228	5.1266708438461288	0.0021223519782371946	-1
33.764314689472826	3.4938251310997281	0.0013672342582481619	-1
29.379292557679808	9.0976660126409303	0.0066050611277812801	-1
30.171013593360705	8.741824096958231	0.0058316555150508716	-1
36.05669546698357	1.9347516448154793	0.00049038623470368475	-1
36.189062499999991	0	1.3763843582368404e-05	-1
27.805494853953519	11.740842596330936	0.0078318957863632039	-1
28.418319607717432	10.704776990257493	0.0078316641621147282	-1
28.684375000000006	10	0.0078313555373167101	-1
28.994531250000001	9.5715759659467388	0.0072921129882952589	-1
23.126881899031773	19.101635025799641	0.0078198477123138776	-1
21.453031870346475	19.467091481792952	0.0078317512916958442	-1
25.572857057013827	18.205994983808012	0.0078113029111661304	-1
27.534968994830376	17.939994385616679	0.0078059479929378653	-1
28.2285927578239	16.604687500000001	0.0078132832512440523	-1
28.954861397629571	14.739062499999999	0.0078214215840514672	-1
28.88673836210188	13.339843750000002	0.0078264539956897378	-1
17.036153504100746	16.269770510281241	0.0078986114129524689	-1
16.302367201831562	15.139491343971097	0.0079071201311126174	-1
16.305846234182471	15.49096050385873	0.0079078420385985549	-1
16.428424034053251	16.005468749999999	0.0079069338923967586	-1
17.055744053012855	17.904702936220115	0.0078953346397565623	-1
16.711570244304081	16.847556142424985	0.0079026887068573363	-1
17.403166842297935	19.417187500000001	0.0078833171519211605	-1
18.786641830340304	20.359630042853265	0.007856275591319524	-1
-40	50.746093749999993	0	-1
-37.031517667494931	50.054209780834604	-3.7794305294823894e-06	-1
-37.574607010233493	51.781587787635743	-2.757418588078161e-06	-1
-6.0000000000000009	35	-7.9796951164079851e-05	-1
-5.9625000000000004	35.120267984429816	-7.6831576650926171e-05	-1
-5.8610781500727578	35.302068434788779	-7.2152847132206922e-05	-1
-5.5160707461412688	35.299660580007995	-7.0595680041584023e-05	-1
-5.9249999999999998	35	-7.9672008238807401e-05	-1
-5.6218749999999993	35	-7.8957810159164781e-05	-1
-5.8997911435546735	41.218105458121471	-1.0449066085393225e-05	-1
-5.6450082705968612	40.567056951509088	-2.8354892595312742e-06	-1
-8.3117269873195347	44.887431113059662	-2.2559553131358498e-05	-1
-6.2185738723719695	43.471738291878538	-1.866730656650934e-05	-1
-5.4627483336878351	42.421875	-1.4827664131823931e-05	-1
-5.49359985276402	41.652343750000007	-1.1099414121855379e-05	-1
-9.6407676509256106	46.593802309364818	-2.2444980298662921e-05	-1
-5.3219464956366247	40.431695746141266	4.4794474781131775e-06	-1
-5.0683042538587335	40.178053504363376	1.4300556375140121e-05	-1
-4.9329622127200317	39.854886947759063	1.9755119406694869e-05	-1
-4.594235941413209	39.398870274346827	2.864529758195975e-05	-1
-4.4496013016967382	36.357741415346759	-3.1591071013852184e-05	-1
-3.8290072421224211	38.768599193782833	4.7618059326946463e-05	-1
-3.7331875179163085	36.885084744781267	-3.6362285118544121e-06	-1
-3.1201079178730851	38.075578021456607	5.3458817846694666e-05	-1
-5.1671874999999998	35.313928169495199	-6.8303653649790679e-05	-1
-4.8640625000000002	35.486083103737158	-6.1312271852141735e-05	-1
-4.5179829402801577	35.85589154269249	-4.7214828190795822e-05	-1
-12.370973774061317	46.241760201614824	-2.5714809297921184e-05	-1
-18.790532482650374	50.760338428288087	-1.9312037375054326e-05	-1
-24.567864933781351	50.113142398302067	-1.7213620420478568e-05	-1
-23.072572829222519	50.98639959432861	-1.7171046807161827e-05	-1
-21.481660638997493	50.954854536840614	-1.8103833147208991e-05	-1
-20.191298968672051	51.8859632562786	-1.7398513050406607e-05	-1
-16.769002726216559	50.37315733230308	-2.0092671235369323e-05	-1
-14.795136958381129	49.789765793280665	-2.0760959298187037e-05	-1
-13.243524700953801	49.127035338003587	-2.1283039821100054e-05	-1
-12.654243055903404	47.719192899020214	-2.3288463063631871e-05	-1
-2.7104546845853275	34.334780324513581	-8.5467475861495391e-05	-1
-1.9258120954004856	34.138416352283564	-8.7780746200015843e-05	-1
-1.3953555953126835	33.839453124999991	-9.5940025773651787e-05	-1
-1	33.684374999999996	-9.9504118169525897e-05	-1
-0.49712524414062326	32.141796874999997	-0.00014840604981076639	-1
-0.53372820184246406	33.064062499999991	-0.00011879876653214875	-1
0	31.207812500000003	-0.00017337885535407697	-1
0	31.830468750000005	-0.00015668211318361268	-1
1.7061533978753722	28.405859375000002	0.0011472216394317692	-1
1.3698378450314801	29.028515625000004	0.0008835430040992989	-1
0.64484729661770968	30.273828124999998	0.00032145563377917926	-1
0.99847482906834795	30.896484375	0.00061627505797267061	-1
1.7061533978753558	29.651171874999999	0.0011613679070039912	-1
1.369837845031479	30.273828124999998	0.00090132603627711915	-1
2.1143900260321931	27.783203124999993	0.0014709131941947836	-1
-4.1062500000000002	35	-7.1161037906509141e-05	-1
-3.5	35	-6.6438657377715688e-05	-1
-4.4093750000000007	35.361185914579607	-6.1551809383827817e-05	-1
-28.346461479786829	51.218021257122757	-1.2822019129329243e-05	-1
-29.868759888505174	51.620048710894402	-1.1066863163410305e-05	-1
-26.796341529497802	51.493968097091006	-1.3937241431682672e-05	-1
-24.855326316130732	51.820726235782935	-1.5082926364439543e-05	-1
-32.860745900942192	52.726431258465553	-7.4739756494711138e-06	-1
-31.053863816024371	52.935515771344264	-9.0598815712304383e-06	-1
-34.563346605722003	53.033658719793792	-5.6322415296846028e-06	-1
-36.117123691731663	52.272728604801472	-4.2568086777948054e-06	-1
35.641174260097053	-28.405289845236823	4.7793047793411357e-07	-1
36.853906250000001	-30	0	-1
38.32718046314303	-23.573993689618135	2.5875464724377007e-06	-1
37.131215402665262	-24.947836729252479	1.8178263658719419e-06	-1
39.121936104316291	-20.551081888566245	4.1833619033966833e-06	-1
40.262483144156292	-23.194738477455349	3.1553069909738438e-06	-1
40.422894218650192	-21.557672510039943	4.012614024512003e-06	-1
36.819903913193329	-27.36508300011451	9.0474298877060419e-07	-1
12.532371736633277	18.103519546398044	0.0079472207733287479	-1
12.602531206062073	17.133808267916979	0.0079467431775712121	-1
13.692464242706697	19.359176670233964	0.0079374124683857673	-1
13.290165791809221	18.28434805072871	0.0079433561114494854	-1
13.204060089037837	21.224006589978295	0.007929917526587971	-1
11	23.759374999999999	0.0079079396136896227	-1
12.846712904387276	23.139062499999998	0.007913520627990776	-1
11	25	0.0078897184948706831	-1
11	26.240625000000001	0.0078679512087332457	-1
10	26.865625000000001	0.007854869355280826	-1
8.5174102728659307	28.107585125178435	0.006626645062522479	-1
5.5207414541669513	28.903988183191682	0.0042082697862928248	-1
7.2831587370452588	29.138920822909288	0.0056165677010093845	-1
3.813938678611918	28.405859374999995	0.0028419944678703454	-1
14.409375000000001	15.340182332095367	0.0079285341098368281	-1
14.567886600512008	15.83616122078813	0.0079297092875623715	-1
13.726973163834248	16.229116774372152	0.0079382695053809762	-1
13.378300571014936	16.946882022733053	0.0079425201852139707	-1
15.318750000000003	15	0.007917952467673902	-1
15.7734375	14.886761943721169	0.0079124857220019447	-1
15.621875000000003	15	0.0079147076843284567	-1
15.262585323644853	15.341567786066342	0.0079203860808283559	-1
14.864062500000001	15.369645224665348	0.0079246345001160075	-1
39.945099878678533	-15.080293156214719	7.6357044376161922e-06	-1
40.605178511171708	-17.292051090086606	6.5031168840141322e-06	-1
39.207702554048311	-18.839132507668815	5.097062811336952e-06	-1
39.324091102477531	-12.81472605957914	8.8588488931528767e-06	-1
40.681079115319662	-13.761472848567424	8.9236753006763799e-06	-1
40.502825804105086	-10.455718405342864	1.1498207244377799e-05	-1
40.834634098017958	-12.095509716812117	1.0308047283078825e-05	-1
38.096533454167684	-2.9363392837246414	1.6071638807328753e-05	-1
36.995177133721818	-1.2324915942645411	1.5093994718473551e-05	-1
38.868918235182086	-4.2742815884164838	1.5994636029296762e-05	-1
40.107357983774108	-6.2624155924661373	1.5298157373805832e-05	-1
41.223502842508992	-7.2090425395291202	1.5284329072920878e-05	-1
41.251904287030555	-8.672283900527086	1.3734287133351962e-05	-1
15.9625	14.879732015570188	0.0079103335480781994	-1
16.095874257348068	14.904125742651932	0.0079088842936465391	-1
16.120267984429812	15.037500000000001	0.0079090305636712408	-1
32.875926115807054	6.8874775507193284	0.0031608819295838829	-1
30.64693808230901	8.966268677917661	0.0057223653006824356	-1
31.290867047206863	9.166040106885653	0.0053820066778283325	-1
32.338966930632118	8.3214346131959704	0.0041759077358291957	-1
34.344768453624305	6.4549729724708031	0.0023198991168664582	-1
35.13897507129488	5.0849006885822217	0.0015780426927028907	-1
36.536554938192985	3.5139191130663132	0.00080376631142969651	-1
29.933009625577242	9.3546277149408237	0.0066668834469861878	-1
29.509039496141273	9.6941537658175285	0.0073536213303316096	-1
30.323475045277021	9.3813001860911989	0.0063994966130830324	-1
37.633569212149105	2.280795158377384	0.00037364219367790578	-1
37.550799338047483	1.3232530397946018	0.00023095239357116197	-1
37.434374999999996	0	1.6264816998166933e-05	-1
28.89856775562766	11.236682155062677	0.0078305669535374406	-1
29.090429319858696	12.150139476584636	0.0078290309021429479	-1
29.090631798331231	10.745319895735896	0.0078307202701865669	-1
28.994531250000001	10.356025571435175	0.0078309570707018952	-1
29.3046875	10	0.0078306462107946475	-1
22.750821919180702	20.773134721076723	0.0078081641133321954	-1
24.988747311333011	20.39857767283646	0.007796016205659579	-1
21.092845341652655	21.573835428020562	0.0078163973562691193	-1
26.241362270932125	19.55818204016715	0.0077972289945916979	-1
28.943131308245107	18.470312500000002	0.0077992974482393763	-1
27.886262616490214	19.403125000000003	0.0077931002011206556	-1
30	15.671875000000002	0.0078165475374104235	-1
30	17.537500000000001	0.0078054649015557968	-1
30	13.806250000000002	0.0078243596615451393	-1
30	12.873437500000001	0.0078269951020493635	-1
16.114334241087491	15.230078124999999	0.0079096989002212723	-1
16	15.695312499999998	0.0079124803244421185	-1
16	15.385156249999998	0.007911660708272681	-1
16	16.315624999999997	0.0079135035090925725	-1
16	18.796875	0.0079096056397852284	-1
16	17.556249999999999	0.0079130702095250461	-1
17.387153351354296	21.278125000000003	0.0078691731896814946	-1
16	20.037500000000001	0.0079036027744045292	-1
19.55977142024711	23.063059636098526	0.0078183958814112275	-1
-40	52.462499999999999	0	-1
-37.859947153478842	53.29289779178778	-2.2072891577588682e-06	-1
-5.7734374999999991	35.113238056278831	-7.6476555805130223e-05	-1
-5.3187827288172862	41.34453125000001	-8.0037647665038489e-06	-1
-5.3037843494576471	40.988616753858736	-3.8955917114869445e-06	-1
-5.3022648541776203	40.639296254249068	1.3132370994136163e-06	-1
-6.385151726971916	44.937657826159324	-1.9674087596204011e-05	-1
-6.9851960927671586	46.285476442185427	-1.9890941090978581e-05	-1
-5	43.037499999999994	-1.6608028629684629e-05	-1
-5	44.268749999999997	-1.8585824364484508e-05	-1
-5	41.806250000000006	-1.1469008863359624e-05	-1
-5	41.498437500000009	-8.9869212354988248e-06	-1
-7.8050764246233202	47.729718894169515	-1.9296628436969143e-05	-1
-8.7759864382958845	48.5717361354167	-1.9078697741573462e-05	-1
-10.330455716237701	48.073358210523097	-2.0960354820052594e-05	-1
-5.095874257348072	40.404125742651921	1.0602728846767891e-05	-1
-5.1202679844298178	40.537499999999994	6.6417304343864143e-06	-1
-4.9625000000000004	40.379732015570177	1.60811254634846e-05	-1
-4.8606475891309815	40.197705685027394	2.170122138083559e-05	-1
-4.6137574601310138	39.966589926649206	3.1445450361888795e-05	-1
-3.8923695977296635	40.078271364119239	6.3015906409386274e-05	-1
-4.022926414192157	36.044019308162618	-3.5465716648597704e-05	-1
-2.9535058420153151	39.446967784025382	0.00010350714514519546	-1
-3.3578319562248509	36.056372606347381	-2.5660130634461576e-05	-1
-2.7834866258320101	36.328687726313944	-6.0363521606066243e-06	-1
-1.7900541270073278	37.920343517553704	9.5671588477488228e-05	-1
-1.7626999355832933	36.822120036054436	3.6639713506389869e-05	-1
-1.6860454143551133	39.200754411846937	0.00017082175182329493	-1
-3.8031250000000005	35.562189090677009	-4.8976541538663711e-05	-1
-17.629399453175623	52.242972625179263	-1.7473259968712041e-05	-1
-19.046660201067048	53.271235826369377	-1.5982684658485393e-05	-1
-22.251569461553949	52.259052910168968	-1.6127698117747676e-05	-1
-23.443999698211993	53.19275689042513	-1.45020597892464e-05	-1
-21.213169405698078	53.36412387396615	-1.5296122077912524e-05	-1
-14.775970367511583	51.481124258993241	-1.8316442807734265e-05	-1
-15.831378335621462	52.802931672572576	-1.6726322225615712e-05	-1
-12.900047940333952	50.614078345152343	-1.8935575233264593e-05	-1
-11.733055409354614	48.908504540787767	-2.0776411168020864e-05	-1
-1.9843749999999998	34.641726856501485	-6.8147145974895159e-05	-1
-2.2874999999999996	35	-5.558801606172399e-05	-1
-1.3486716111504145	34.26156197022987	-7.9270524476178787e-05	-1
-1.520938992147286	34.567757419550496	-6.7910103826434435e-05	-1
-1	33.994531249999994	-8.767626076803529e-05	-1
-0.50264177272254584	33.839453124999991	-9.1406620759857022e-05	-1
0	32.453125	-0.00013825829795585109	-1
0	33.698437499999997	-9.6005175910567918e-05	-1
0.64484729661770823	31.519140624999999	0.00034813104954360257	-1
0.99847482906834228	32.141796874999997	0.00064368309059979767	-1
2.1143900260321953	29.028515625000004	0.0014814559197497972	-1
1.7061533978753729	30.896484375	0.0011792950080636991	-1
1.3698378450314725	31.519140624999999	0.00092379222546362639	-1
2.1143900260321926	30.273828124999994	0.0014949230309128821	-1
-2.8004554037872365	35.693282230837887	-3.2118919363244882e-05	-1
-28.619197940758301	53.203690834811077	-1.0985769201268133e-05	-1
-26.142617733156641	53.539112675582125	-1.25517491362718e-05	-1
-33.166091217717707	54.519557980101794	-6.3399037574335251e-06	-1
-30.65056402712861	54.659544247450931	-8.3676675639645407e-06	-1
-35.779875531688234	54.263819378081294	-4.0619412121353457e-06	-1
37.736616860000062	-28.634041490293374	5.0892777988649577e-07	-1
38.7265625	-30	0	-1
39.525417090991503	-24.561020511698793	2.3755685729266004e-06	-1
38.458636339403995	-25.561045746408446	1.7775530287455419e-06	-1
40.723590523881214	-19.940484077447614	4.9625859389077493e-06	-1
41.745111338756494	-23.441585482424685	3.2818110355321704e-06	-1
41.800157579826781	-24.906218282252048	2.5331408450460394e-06	-1
42.141288187696304	-21.040637133722512	4.6845058974143773e-06	-1
38.571272223017708	-27.30966665603156	1.0839879418409969e-06	-1
13.124638180719034	17.597385930394836	0.0079446388578898637	-1
14.262664816607975	20.504885954251669	0.0079253119669822833	-1
14.208198218945958	18.333935688486491	0.0079356820822271464	-1
14.927455538674121	19.411345029632713	0.0079234970629327214	-1
13.816339323103106	17.502257218859086	0.0079399388604423655	-1
14.527180712534886	22.033012046497877	0.0079101702985710613	-1
12.23590172932532	24.379687499999999	0.0078982619084640802	-1
13.708845927480882	24.334202712391583	0.0078903185812036879	-1
14.875393851422224	23.452942225776699	0.0078894172356701701	-1
12.989432909109828	25.620312500000004	0.0078760946014334882	-1
12.284840033913333	26.860937499999999	0.0078550637860285173	-1
11	27.481249999999999	0.0078427881386190779	-1
10	28.731249999999999	0.0078112200627721024	-1
8.9228832766013841	29.664062499999996	0.0069212939417614486	-1
4.8028683114468897	30.712826198597128	0.0036307861405410996	-1
6.6557257628082365	30.939763255523875	0.0050927053535868745	-1
8.3338360656850199	30.502939700242958	0.0064316952049992653	-1
3.270796236350316	30.132463763840626	0.0024141216019633658	-1
14.771803733737611	16.435786833616554	0.0079296625611881364	-1
15.116261402456065	15.904296488225537	0.0079243781732794855	-1
14.1104070738059	16.858950359887732	0.0079367605671197272	-1
15.599834760556281	15.263555987912056	0.0079162414183850793	-1
15.925000000000002	15	0.0079112422906749275	-1
15.842232015570188	15.157767984429812	0.0079128679210015446	-1
15.556482296010197	15.524454617147274	0.0079177908128882351	-1
41.453968270499288	-15.145627808536592	8.2653496024226589e-06	-1
42.131403289407743	-17.694090988400987	6.7651533939661036e-06	-1
42.638342741852554	-16.199430309486463	7.9635763791049714e-06	-1
42.088978114065959	-13.578361567764698	9.7497167437056185e-06	-1
42.471702288819465	-9.2773344031007543	1.3923392811581872e-05	-1
42.883882443164772	-10.82738265259232	1.259565789133177e-05	-1
42.3143066776788	-12.196788266340818	1.1030854532902385e-05	-1
38.993832223507461	-2.7344555085790789	1.7879150817985223e-05	-1
38.409674275067388	-1.394484417566253	1.7971222008033059e-05	-1
38.057031249999994	-0.46803353039239798	1.766514603540403e-05	-1
39.578028736919151	-3.3575125829451773	1.8116722793168085e-05	-1
40.218345831906547	-3.9227379380619873	1.8298825247177763e-05	-1
41.43471718677754	-5.507043161166095	1.7614879958849603e-05	-1
42.387043285413931	-7.918354591265695	1.5389602268757863e-05	-1
42.537176472320454	-6.5639506724868601	1.7173607075238796e-05	-1
16	15	0.0079103492521659397	-1
16	15.074999999999999	0.0079106259487245877	-1
34.901032565035564	7.9376841557385536	0.0025363338807909159	-1
30.699501534274383	9.4898301094806055	0.0061467349842866678	-1
31.956637755164206	9.6120531498646695	0.0051025905208488612	-1
31.186066954242285	9.8320506745052327	0.0059216025644011558	-1
33.261289296994384	9.9433478223346103	0.0042339020535801242	-1
36.879279081300652	6.2649661730902633	0.0012390516764183169	-1
38.16085182518821	3.8066555607265959	0.0004647405827621706	-1
38.369073779797048	5.4784180481048068	0.00060605725845604564	-1
29.860508656028898	9.6976327981684385	0.0072159129948550609	-1
30.068304253858731	9.6780535043633851	0.0070188890541786706	-1
29.769921874999998	9.8856657589125128	0.0076003397156065499	-1
29.614843749999999	10	0.0078304117371472345	-1
30.321946495636613	9.9316957461412674	0.0070145717599204658	-1
38.181415132836229	1.491110026121953	0.00020146966403585917	-1
38.594235941920637	2.2515172617850849	0.00023672583707442184	-1
38.104672405900629	0.45317884271517728	7.4332398485562872e-05	-1
38.501026176584659	0.92216272697203638	0.00011286497574532659	-1
38.6796875	0	1.9365054292144211e-05	-1
29.495676155703325	11.309312419390848	0.0078299374625613854	-1
29.431139669666962	10.957073941460473	0.0078302878452098622	-1
30	11.940624999999999	0.0078289156223209644	-1
29.46456060112202	10.600535101072351	0.0078304612077208721	-1
29.459765625000003	10.275352879350642	0.0078305311990361399	-1
22.343384191958783	22.568685458919628	0.0077924066679238959	-1
24.176361416662257	22.714061569183485	0.0077757204589702193	-1
26.334781481956593	21.063699196307425	0.0077820651905892088	-1
25.652226069226042	22.407643597837257	0.0077701510140884026	-1
21.222100576565992	23.707235876756506	0.0077897497132208907	-1
27.830980972420019	20.938872459557462	0.0077781552945493894	-1
30	19.403125000000003	0.0077905361199460624	-1
31.756246455719214	16.604687500000001	0.0063828946359488128	-1
31.067781400137193	14.739062500000001	0.0069082749380099022	-1
32.116757983993409	19.403125000000003	0.00612652185931671	-1
32.862432542950849	17.884622343943771	0.0055267216956647151	-1
30.83868934815014	13.339843750000002	0.0070525430236710544	-1
31.224651814491704	12.46122688963645	0.0066270517230521452	-1
15.62584847531812	16.005468749999999	0.0079182952618796227	-1
15.315566010381607	16.760526204931079	0.0079237410980471518	-1
15.197203821402569	18.20504452693751	0.0079241048119236927	-1
17.737819827589718	23.066014638784321	0.0078450017464086717	-1
16	22.518750000000001	0.0078819059007269564	-1
18.651761552478291	24.893225242992408	0.0078060169713621451	-1
20.223876069902602	25.18434423001727	0.0077804872234640702	-1
-40	54.17890624999999	0	-1
-37.236568573647226	55.502147851132911	-2.4598389450487013e-06	-1
-5	41.190625000000004	-5.7395825973822248e-06	-1
-5.1139688461512733	40.728906250000001	1.7827699272648788e-06	-1
-5	40.8828125	-1.2450277620657029e-06	-1
-5	45.499999999999993	-1.9099141602494624e-05	-1
-5.9569248248265056	46.349497046080657	-1.9193314443457472e-05	-1
-6.529936330575679	47.889959431360779	-1.8275452667264834e-05	-1
-4.5382739879584548	42.421875	4.0511876728396972e-05	-1
-3.8422634081550315	43.424853622963248	0.00013647686965419768	-1
-3.3334742323357891	44.769344866189059	0.00020041186808039568	-1
-4.5356843752018143	41.652343750000007	3.5415297602208223e-05	-1
-4.6813023518995029	41.185362446216587	2.1516048910270892e-05	-1
-7.057378311273947	48.774997240114253	-1.7573957383977965e-05	-1
-7.4774635389291806	49.715749793888051	-1.6677669875742123e-05	-1
-9.1086178142283796	50.312070416599276	-1.7109213523711267e-05	-1
-10.987814801191794	50.670443543700742	-1.7880127557465734e-05	-1
-5	40.499999999999993	1.1424958804112983e-05	-1
-5	40.574999999999996	6.88615340078339e-06	-1
-4.8276367187499991	40.403661459521324	2.2040070957588217e-05	-1
-4.9249999999999998	40.499999999999993	1.6647644298701744e-05	-1
-4.6329101562499995	40.304232346673288	3.0876810851778815e-05	-1
-4.3408203125	40.281059293220366	4.3542090181175594e-05	-1
-3.3671875	40.499999999999993	9.1325432970994815e-05	-1
-4.1460937500000004	40.499999999999993	5.2178073089375244e-05	-1
-2.1988281249999999	39.80755528958268	0.0001587984304181278	-1
-2.5882812500000001	40.499999999999993	0.00013867990793356601	-1
-2.2406066099264725	35.998068048380418	-1.1480436938950135e-05	-1
-1.0425372224012515	38.725366215639283	0.00017858216527644977	-1
-0.71462031540679871	38.144587099337429	0.00014167149220914072	-1
-1.6139759037017498	35.881196218674859	-8.7889652476683571e-06	-1
-0.85685831918801836	36.527319368182653	3.287819465614486e-05	-1
-1.3011071630171249	39.902123981233963	0.00024749848979110266	-1
-0.90590640502227715	39.378180047882076	0.0002490886741704532	-1
-17.516692677943631	54.122794759516751	-1.5190084175824741e-05	-1
-19.684321726854186	54.901984432674567	-1.4055499099251611e-05	-1
-22.406226068496878	55.174926492279013	-1.2990051553185097e-05	-1
-24.660080309483508	55.092191532640875	-1.2050512326529741e-05	-1
-20.975351168168743	55.735757231576969	-1.2907554987147078e-05	-1
-13.690879647546636	52.778675393703956	-1.6360183391134587e-05	-1
-15.343844698401758	54.88731022583346	-1.4282061204615427e-05	-1
-12.355211932846874	52.039896225613163	-1.6832035619500294e-05	-1
-1.6812499999999999	35	-5.0325298135586155e-05	-1
-1.9843749999999998	35.414398254201458	-3.4502125587576399e-05	-1
-1	34.3046875	-7.5313783221139219e-05	-1
-1.2614262180100817	34.601885265224453	-6.4643361852262724e-05	-1
-1.3781249999999996	35	-4.797026103511513e-05	-1
-0.67878999152166508	34.149609374999997	-7.9951923191529117e-05	-1
-0.31772438363032079	34.149572350112052	-7.8802969453144696e-05	-1
0.68471755236919418	33.259239633721826	0.00042752811116999621	-1
0.37096027567003464	34.009765625	0.00020703144177760196	-1
0	34.321093749999996	-7.1563255487060794e-05	-1
2.1826311661182496	32.425976502288826	0.0015820115731311356	-1
1.6327257439144667	33.200432346659234	0.0011683811744190873	-1
2.3996660781386416	30.906021423826243	0.0017297783017524693	-1
2.2190459448353139	31.575668465506972	0.0015963462787327775	-1
-29.058048579571082	54.736477270543439	-9.5543808038485986e-06	-1
-27.340412199385383	55.012004790261088	-1.0546154159843496e-05	-1
-34.228542991260504	56.382931933263727	-4.7476201961108936e-06	-1
-32.465974212950698	56.406472711599605	-6.0782482296244132e-06	-1
-30.257829256248332	56.137712801249826	-7.8313678672943962e-06	-1
-35.917821771922846	56.886459556856664	-3.2630340775503514e-06	-1
39.301970670094093	-28.617138062705347	5.808375832928326e-07	-1
40.599218749999991	-30	0	-1
39.823960561405244	-26.084458977833094	1.7211788645317052e-06	-1
42.304440758211349	-19.366867548508214	5.7419235657606634e-06	-1
43.048784577258047	-24.11137307129221	3.1103653326955063e-06	-1
42.967843671799152	-22.633436381875669	3.9323281738181492e-06	-1
41.514794975052787	-26.673998138489491	1.6099626335686754e-06	-1
43.699063497953468	-26.511060373914912	1.8638035977273295e-06	-1
43.913281374335135	-21.131954994757624	4.9898453081488615e-06	-1
40.932878302197167	-28.242857225630818	8.2595117616064333e-07	-1
14.522941543352907	17.470119092886346	0.0079332776996045486	-1
14.566423250242533	25.658171354145615	0.007860790580651528	-1
16	25	0.0078490171300329998	-1
13.748340059926081	26.871715080636481	0.007847456026888338	-1
12.451359097069719	28.721874999999997	0.0078142913085437055	-1
11	29.962499999999999	0.007780739450950612	-1
10	30.596874999999997	0.0077604631256486464	-1
9.1921535602007154	31.063281249999996	0.0071013007888398863	-1
3.3831840112513509	31.530482536397745	0.0025132908218020713	-1
4.8409642003028068	32.350694966911455	0.0036565501939354096	-1
8.2764524089807185	31.526364680258133	0.006363040016213053	-1
6.2497294258433786	32.870027267263175	0.0047484597089954162	-1
7.6558411601019198	32.34355287124621	0.0058550589717854097	-1
42.966053668248442	-14.669350211629794	9.2404112964592079e-06	-1
43.634241262314681	-17.211933150419238	7.5362827215759295e-06	-1
44.196158409305824	-15.636501638845033	8.8891551115595227e-06	-1
43.429350313210016	-13.174727926266812	1.0665603612827937e-05	-1
43.83220615150087	-9.3323118117506567	1.4651105620983809e-05	-1
44.420787642188714	-11.152874882199564	1.2986999119558646e-05	-1
39.230496642400283	-1.8456967713754315	1.9375675772819796e-05	-1
39.897925330555744	-2.5655833856177113	1.9762266039083824e-05	-1
38.835351562500001	-0.49923741453417686	1.97126975941287e-05	-1
39.27454942877818	-0.91006794595568263	2.0666214320329199e-05	-1
42.133441347717849	-4.1490098365807579	2.0271138251453762e-05	-1
40.8715947121051	-2.6907461858877024	2.1213303099327211e-05	-1
44.310848572987268	-7.6277719596847238	1.6955009497193237e-05	-1
43.800009192495757	-4.4662865400244254	2.1243523901681084e-05	-1
44.9909131573352	-5.6745334660811224	2.0079684943433984e-05	-1
35.696536028586493	9.4188337323495332	0.0024842723212666305	-1
34.656464540637437	10.398499498702694	0.0033807182598331337	-1
36.72543982620784	8.0891770834146364	0.001661423549573462	-1
30.639989490149617	10.067974870475972	0.0066869694114094934	-1
31.999548554953318	10.412263705495425	0.0054228718785144601	-1
31.000462451974922	10.39721595278443	0.0064230807481213898	-1
33.080633017544862	11.650580899595329	0.0048481040660254332	-1
38.321739363401157	7.1929406473608521	0.00076962629359222001	-1
40	3.8109375000000001	4.142054159858167e-05	-1
40	5.0562499999999995	4.5584017834842777e-05	-1
40	7.546875	5.3985716545231989e-05	-1
29.962499999999999	9.8797320155701875	0.0074962444792390339	-1
30.095874257348072	9.9041257426519298	0.0073520492203279801	-1
29.925000000000001	10	0.0078302260734347557	-1
29.84223201557019	10.157767984429812	0.0078303045902938968	-1
30.120267984429816	10.037499999999998	0.0074940078300667727	-1
30.300853755285566	10.136606491660759	0.00722084677186714	-1
38.829994123708516	1.4190160520670283	0.00013436775462916101	-1
39.312360501184187	1.7688814758714335	0.00010967497180860132	-1
40	2.5656249999999994	3.7163348544462385e-05	-1
38.835351562500001	0.40712027089617775	5.3655571541902395e-05	-1
39.114481273526366	0.89542250886643315	7.875477493929249e-05	-1
38.991015625000003	0	2.0345698965137419e-05	-1
30	11.0078125	0.0078300484017596317	-1
29.739268839579552	10.774609375000001	0.0078302510773093099	-1
30.512910299170404	11.336850435952455	0.0072401541805479598	-1
29.738212370466872	10.4248046875	0.0078303568782303948	-1
22.921803836441768	24.058317868268002	0.0077679319706234189	-1
24.963252107042443	24.375910768452204	0.0077478083395424221	-1
27.157010455499329	22.319937288604226	0.0077644853073586852	-1
26.544252788584714	23.864489834822454	0.007746470957733999	-1
21.809369501457063	25.390511392776798	0.0077591620696368397	-1
30	21.268750000000001	0.0077718026590741672	-1
28.652184258547798	22.19461000831517	0.0077622643459418017	-1
31.615927509062409	20.968537982391972	0.0065181827353669201	-1
32.70180097350628	15.195909406687905	0.0055694033394924954	-1
32.440596966413921	13.519454358384346	0.0056610459730145309	-1
34.203580405403152	19.485541685966915	0.0045061484835703857	-1
34.243624030225973	21.280395142847947	0.0044892232491352659	-1
34.314194239222445	15.727675971953632	0.0043165016587714718	-1
34.488102405166359	17.416564266980679	0.004243624245043859	-1
31.487332638678751	11.246146737876245	0.0061725565327376882	-1
17.374238954658196	26.147592720850614	0.0078064714394344746	-1
18.995536911935385	26.907128560148657	0.0077683739245236576	-1
20.70450834653214	26.709233385059225	0.0077498617572331237	-1
-40	55.895312499999989	0	-1
-37.901777277148121	57.294606890120619	-1.6495289831986371e-06	-1
-4.7669752505041885	40.878350980922889	1.7155477825211704e-05	-1
-4.8422320155701826	40.65776798442981	1.6017820239504684e-05	-1
-5	46.731250000000003	-1.8774713123256312e-05	-1
-3.8375108677579273	46.115625000000001	0.00011069288845686081	-1
-5.6987046566927262	47.346875000000004	-1.8406927642531041e-05	-1
-6.0271224758685324	48.782735427186026	-1.7016867529166195e-05	-1
-5.5785151334269401	48.270312499999996	-1.7493105961922847e-05	-1
-3.9019719840085374	41.46569977644679	9.5035436249164208e-05	-1
-3.1518379079223839	42.418022220022294	0.00021395683335531941	-1
-2.6325307596606189	43.514274598572236	0.00031585613251354863	-1
-1.9794094221419545	45.314197870017118	0.00038206138592158538	-1
-4.2013633898789688	41.012085918296393	5.9456952008575476e-05	-1
-4.5104297492213128	40.916292865938374	3.5350283754033005e-05	-1
-6.4444743515366198	49.76026413030678	-1.5898729307449023e-05	-1
-7.4276073485638268	50.748494945268099	-1.5323734866298244e-05	-1
-6.665676794562879	50.356101626155208	-1.522522037260355e-05	-1
-8.6167315884383271	52.087182092037111	-1.4660268994824943e-05	-1
-11.011621575777136	52.764166793623097	-1.5339582678205802e-05	-1
-4.7302734374999993	40.499999999999993	2.6414738315864756e-05	-1
-4.5355468749999996	40.499999999999993	3.5055562911031145e-05	-1
-3.8904949713125849	40.922313151294183	7.9562492684977825e-05	-1
-3.2277839269772306	41.208124963709608	0.00014853436275712756	-1
-4.3408203125	40.720109737606478	4.5553897002684792e-05	-1
-1.8093750000000002	40.499999999999993	0.00020489073838936948	-1
-2.3261093457980389	41.379593271711975	0.00026368868228777482	-1
-0.43076580174524398	38.991015625000003	0.0002345437717055068	-1
0	38.6796875	0.00020369217282576385	-1
0	37.434374999999996	9.5753451713222169e-05	-1
-1.0671847222015001	35.644309676193799	-1.5250308082825171e-05	-1
-1.4839292538587305	35.299660580007995	-3.5037803130479998e-05	-1
0	36.189062499999991	1.7665920382790897e-05	-1
-0.52805216448402104	35.681252098646944	-1.0304578342856322e-05	-1
-1.0304687500000003	40.499999999999993	0.00030678239887995214	-1
-0.64555787925864472	39.933043570165502	0.00034752274386430908	-1
-0.30687717654489038	39.507867621141258	0.00032277019647790946	-1
-16.955684528090195	56.578070426141366	-1.2629751419557408e-05	-1
-18.581308016936291	56.165426987897135	-1.2952392835171667e-05	-1
-23.567032526301855	56.05649519827157	-1.1709015614947472e-05	-1
-22.286225687226068	56.537967985566695	-1.1775420384407508e-05	-1
-24.910290541803022	56.508592535751383	-1.0748277881613124e-05	-1
-26.323575216852827	56.615178304190806	-9.9485745067352623e-06	-1
-20.384559955871541	57.214437961611182	-1.1677619636309497e-05	-1
-13.788245790322371	55.456203012396109	-1.3405910607066674e-05	-1
-12.346588934178383	53.632278582053559	-1.495228526036581e-05	-1
-15.049851475517217	56.529458834884316	-1.2581509303662803e-05	-1
-1	34.614843749999999	-6.233123218599753e-05	-1
-0.69415376581753185	34.509039496141263	-6.5186182540370849e-05	-1
-1.1577679844298177	34.842232015570183	-5.3432277815226288e-05	-1
-1.2265625	35.113238056278831	-4.1635236571404715e-05	-1
-1.075	35	-4.5766344345385819e-05	-1
-0.28919374757697669	34.476757812499997	-6.5295365962441535e-05	-1
1.1839549669033538	34.037559946221833	0.00084276525651434675	-1
0.49923741453416548	34.476757812499997	0.00032531217889288148	-1
0	34.632421874999991	-5.8317295271358915e-05	-1
2.4894452288599505	33.226290213315444	0.0018364238153559692	-1
3.1753542826307424	32.50436706233728	0.0023605178883870292	-1
2.0680240689978997	33.97264208152091	0.0015261452873912426	-1
-28.736815927880528	56.298153845330731	-8.7492404049345599e-06	-1
-27.880154239300932	57.359585125809794	-8.5873703434544601e-06	-1
-34.672512431275884	58.088831696687606	-3.877713101428969e-06	-1
-32.962358341138994	58.356912103529055	-4.9634504067042959e-06	-1
-30.817497210591593	57.561087191415496	-6.6987983056300852e-06	-1
-36.278589331779145	58.506186266956078	-2.6633962611085075e-06	-1
42.471874999999997	-30	0	-1
44.397878130042834	-19.425067538129031	6.1908965199940906e-06	-1
44.318968932606829	-23.351452028336269	3.7057438447758171e-06	-1
45.029287455618473	-25.131430278900542	2.7406882839102837e-06	-1
45.129057048253557	-22.053436934493835	4.6047990249330824e-06	-1
42.604189597797507	-28.161221432917181	9.3360122175619875e-07	-1
44.411270642278801	-28.193856918796179	9.8109076890866093e-07	-1
46.062323684815873	-27.458580897841276	1.4547535568659069e-06	-1
46.002890341956665	-20.802975088067559	5.5422900893498553e-06	-1
16	27.481249999999999	0.0078058069131637176	-1
14.184166520306714	29.04100957682963	0.0077961165417900291	-1
12.02415277646363	30.582812499999996	0.007764127865732229	-1
13.908821968343727	30.78131237285616	0.0077529825411822243	-1
11	31.203124999999996	0.0077429366622110618	-1
10	31.529687499999998	0.0077300515242222159	-1
9.1887623687886304	31.996093749999996	0.0070701181198473372	-1
4.8013431841859511	34.691871071079085	0.0036245980985231663	-1
3.3299457129617975	34.193023428824482	0.0024989665570528583	-1
6.3212466790279169	34.369764171315992	0.0047789318405966758	-1
9.1145860641068133	32.928906249999997	0.0069805191804717783	-1
8.6366108814666447	34.369764171316007	0.0065570097845251054	-1
45.061878908626468	-14.224337923460375	1.0328624616092101e-05	-1
45.027406394482199	-17.170117594540653	7.9268491470747699e-06	-1
45.808553229326087	-16.015792142766266	9.0121871469611779e-06	-1
45.465701218740485	-12.325981185933074	1.2209448343849977e-05	-1
45.452940087338476	-8.6197276524040873	1.6257671129874592e-05	-1
45.608375445589274	-10.124449876894976	1.4551718843250399e-05	-1
40.137977610913381	-1.6137048777012701	2.1804981785772709e-05	-1
39.146679687499997	-0.32242364830885745	2.0794592355920629e-05	-1
39.933043570165502	-0.64555787925864483	2.3146001805988215e-05	-1
39.507867621141258	-0.30687717654489038	2.2128682066270009e-05	-1
43.506858929626951	-2.7953060460701376	2.4079562761685398e-05	-1
40.88012276505625	-1.3876194449243591	2.3779764435483345e-05	-1
42.006974050569944	-1.4313333100610288	2.5371432178614986e-05	-1
46.368144297523003	-7.4152566576798993	1.8185942436294626e-05	-1
46.025330914332564	-3.463935123635157	2.4272766226826593e-05	-1
47.153650783512553	-5.339235847634594	2.1480482548361899e-05	-1
35.908634239323675	11.086659915684743	0.0026556421603392152	-1
37.389751294097245	9.6661462266913283	0.0015371955819725614	-1
34.585749619154441	11.825557000588498	0.0037098989613103604	-1
38.860920063904523	8.7921875000000007	0.00064827114741964091	-1
30.516745743602808	10.331196315339197	0.0069991713125215028	-1
30.277904070167896	10.774609374999999	0.007441661497866685	-1
34.882066751275744	13.311554570428692	0.0036849609445832546	-1
41.404956717042701	4.4335937499999991	4.3496641323299681e-05	-1
41.059373903087263	2.916940335759616	3.8437336394944538e-05	-1
41.388327811170065	6.2924672427352046	4.9624166947719929e-05	-1
40.867760568312391	8.7921875000000007	5.8239828477138668e-05	-1
40	10.037499999999998	6.2766496113310306e-05	-1
30	10	0.0078301648527391628	-1
30	10.074999999999999	0.007830220960531542	-1
30	10.308203124999999	0.0078302735369739276	-1
30.102337107348276	10.191601562499999	0.0076153539651880233	-1
30.238147685717362	10.414007378858727	0.0074374019806321958	-1
39.623195831436718	1.0089843749999998	5.3451801670697376e-05	-1
40	1.3203124999999998	3.2575160685708418e-05	-1
40.714620315406798	1.8554129006625866	3.4680332091192287e-05	-1
39.266100247584774	0.34053359335238464	4.00834469890106e-05	-1
39.554603108753483	0.52504055464728594	4.1329662753023777e-05	-1
39.302343749999999	0	2.1445577390407705e-05	-1
30	10.54140625	0.007830259744920855	-1
23.400019624711803	25.726718118880935	0.0077389163095801005	-1
24.861282948061049	26.439397764389554	0.0077158175337242946	-1
26.103015803233028	25.466496217191015	0.0077243128148691406	-1
28.032596675682683	23.56112486577792	0.0077456206815502554	-1
27.594629540525663	25.015560364254092	0.0077252810068689452	-1
22.29893442639802	26.922884563545839	0.0077288496589427375	-1
30	23.134374999999999	0.0077489600520396938	-1
32.702665522126466	22.201562499999998	0.0056754590595328759	-1
35.394776496238535	18.595300616376122	0.0035745151894263356	-1
35.783751754164022	20.357839443974353	0.0033029720726404405	-1
35.834680569444004	22.189694251447552	0.003278940561778142	-1
34.477496258411421	23.421090420751113	0.004316411217438928	-1
35.440190063936903	14.717528539236159	0.0033821202944171432	-1
35.923041338171792	16.270076871163447	0.0031026020888294823	-1
36.365460861240912	17.593209447122373	0.0028111068185717202	-1
17.267693588403795	28.977474781545105	0.007753375211596975	-1
18.75057579922035	29.592602462531747	0.0077196096759901724	-1
20.808945611922127	28.426451694473968	0.0077173650940866737	-1
-40	57.611718749999994	0	-1
-38.05151928517521	59.314567539092813	-1.3241697081148555e-06	-1
-4.6329101562499995	40.68770211642935	2.8506762258025259e-05	-1
-5	47.962499999999991	-1.7761709237709501e-05	-1
-4.3005427896660615	47.346874999999997	4.2571605798795144e-05	-1
-3.1084096322024837	47.092505981090603	0.00015791015645031067	-1
-5.3539396357980955	48.885937499999997	-1.6676451147099256e-05	-1
-5.7899250740231274	49.421142191370258	-1.6025101530433932e-05	-1
-5	48.578125	-1.7055009070313746e-05	-1
-2.0348556248395631	42.458701945966645	0.0003882915190339183	-1
-1.4937996342387909	43.462043881142634	0.00051974687042127506	-1
-1.6109227819031935	46.959154078389041	0.00032510793169854757	-1
-1.0116688883213512	44.578189220023617	0.00058314435419388067	-1
-0.76554199313512172	45.906029877570347	0.00053247033206078995	-1
-6.0529935339098451	50.187068894486821	-1.4974147189703962e-05	-1
-5.7131799830991215	49.853253338568294	-1.5293235139593009e-05	-1
-6.5776843125060758	50.858683505395703	-1.4464559034214988e-05	-1
-6.8774921987318542	51.661569498150229	-1.3757772704808589e-05	-1
-6.107615535071087	50.660273408071518	-1.4296716361783762e-05	-1
-7.5823581084138691	52.547631889694067	-1.3366109886942209e-05	-1
-8.6563745549056321	53.568292286511529	-1.3117956249292865e-05	-1
-10.978712864513565	54.27527404436097	-1.3686476521454075e-05	-1
-1.419921875	41.525342023893671	0.0004286956604556788	-1
0	39.302343749999999	0.00029359621723549671	-1
0.3768041685632767	38.991015625000003	0.00055445284337024428	-1
0.68763949881581521	38.231118524128576	0.00070004233465542935	-1
0.70550168996942342	36.811718749999997	0.00060073716191367361	-1
-1.138921849927242	35.302068434788779	-3.2180903037782403e-05	-1
-0.93169574614126671	35.321946495636624	-2.9867108931043636e-05	-1
0	35.566406249999993	-1.4994364955782099e-05	-1
0.59101750997223945	35.877734374999989	0.00045944097869014469	-1
-0.38242510605086061	35.320785891017053	-2.7429266238127696e-05	-1
-0.6410156250000002	40.499999999999993	0.00038526651434056406	-1
-0.50433805836687573	40.921432860811876	0.00054325437082233796	-1
-0.30241938418383169	39.860409188769964	0.00039841703279288785	-1
-0.3219464956366247	40.068304253858734	0.00044010933417857126	-1
-0.11451693855560395	39.769335937499996	0.00040348835112167196	-1
0	39.613671874999994	0.00035977362426303528	-1
-15.741275386623121	58.047687093237037	-1.1271109991451163e-05	-1
-18.391843132472538	57.831869123757045	-1.1436617063927091e-05	-1
-23.878639834351862	57.480410891505173	-1.042063856363444e-05	-1
-22.090134226096332	57.892157906811512	-1.0690143712022135e-05	-1
-25.266880677491958	57.920629576430095	-9.5227254868495772e-06	-1
-26.658838817144414	57.966951779044983	-8.8382687775094051e-06	-1
-20.852593913107349	59.247437172904775	-9.9150946899250742e-06	-1
-12.794749761127134	56.624531474484243	-1.2065868761950361e-05	-1
-12.146790066079546	55.234504860010354	-1.3183774957235199e-05	-1
-13.874640576188524	57.713504193563097	-1.1311675395317936e-05	-1
-0.88566575891250665	34.769921874999994	-5.4868732974758678e-05	-1
-1	34.924999999999997	-4.8694014263584574e-05	-1
-0.69763279816842561	34.860508656028898	-4.9914402780154e-05	-1
-0.35462771494080098	34.933009625577249	-4.5505738679668986e-05	-1
-1.0375000000000001	35.120267984429816	-3.9986571013577188e-05	-1
-1	35	-4.5281818117566601e-05	-1
2.2270748699393934	34.844705926176481	0.0016731621079478696	-1
0.91006794595567331	34.915955678778168	0.00066211536243770323	-1
0.32242364830885012	34.788085937499993	0.00020029273813335828	-1
0	34.943749999999994	-4.4590110983121915e-05	-1
-29.507318545126903	58.606954606265624	-6.9598379527512482e-06	-1
-27.834901769121483	58.722837789772768	-7.7914802137884191e-06	-1
-34.344616411743871	59.788531175101141	-3.623273191448088e-06	-1
-32.52901053327497	60.603237155139595	-4.4254292938509186e-06	-1
-30.953914537587941	59.918184720862982	-5.5584018972830627e-06	-1
-36.298606564884281	60.16548345493446	-2.33978592282238e-06	-1
44.344531249999996	-30	0	-1
46.701803226359907	-18.806424513555289	7.0424984885932817e-06	-1
45.848297724234705	-23.39877418015606	3.852789089554092e-06	-1
46.85852888635786	-25.155572768453489	2.8575665390784012e-06	-1
46.584742373589009	-22.140130163453239	4.7248219199321729e-06	-1
46.217187499999994	-30	0	-1
48.08984375	-28.610459953087204	8.270305157578492e-07	-1
47.831562675333807	-26.704737807190945	1.9635588722776968e-06	-1
48.438042301595921	-20.538510344682869	6.0017306981585314e-06	-1
16	29.962499999999999	0.0077509720154321842	-1
15.036992522640587	30.582812499999996	0.0077480480320267012	-1
11.830266819198709	31.764372800098929	0.0077261556662316282	-1
12.805601066399261	31.534013970409326	0.0077339107041237264	-1
13.689257017650347	32.098676136542281	0.007713875333654305	-1
14.676045317317296	31.874484082257766	0.0077158106349906009	-1
11	32.443749999999994	0.0076996873035775652	-1
10	32.462499999999999	0.0076967358567634333	-1
3.9849592476769811	36.013754862006991	0.0030227847683431922	-1
5.6242973579735809	36.562269597815316	0.0042246181834177847	-1
6.9663848425726176	35.472728851008512	0.0052415198966778787	-1
9.4770132537003597	33.861718750000001	0.0072300466714722766	-1
10	33.395312500000003	0.0076598669023730109	-1
9.5169713474519817	34.561328124999996	0.007231116180772411	-1
9.2520834718271026	35.027734374999994	0.0070039181222413234	-1
8.22629582122633	35.685704578683975	0.0061871014271024354	-1
47.261158990736639	-14.3590158943472	1.0755853935624292e-05	-1
46.507596127119953	-17.330312201038996	8.1194124938221361e-06	-1
47.447340098443576	-15.987439328108799	9.3648408425157781e-06	-1
47.087230877191516	-10.830074234800891	1.4230355402071385e-05	-1
47.902969785320309	-12.25116154943516	1.2908790770871992e-05	-1
47.22372927869732	-9.1971972313386132	1.6150396072164228e-05	-1
40.519608429968962	-0.70065258478608206	2.4688338653967155e-05	-1
39.860409188769964	-0.30241938418383174	2.3610515952853391e-05	-1
40.068304253858734	-0.3219464956366247	2.447242004140286e-05	-1
39.769335937499996	-0.11451693855560392	2.3504135940338952e-05	-1
39.613671874999994	0	2.2736696219110321e-05	-1
43.047990487564043	-0.82058681846364867	2.7975215415152234e-05	-1
45.032666266476568	-1.2342755028604426	2.8293675469402354e-05	-1
41.175028871197981	-0.67003708638144732	2.6136843324231355e-05	-1
41.956826484798107	-0.30475000496716792	2.828583388868257e-05	-1
48.381998808357999	-6.4818366812157411	2.0041196980885538e-05	-1
48.743267564163304	-8.1200858750568141	1.7835988751624319e-05	-1
46.69974424041483	-1.8278787513241579	2.7668226002425965e-05	-1
47.994102299115461	-3.3184687203930796	2.505255193322119e-05	-1
49.015853118024566	-4.9285806658856366	2.2468401019894299e-05	-1
37.972401246545132	11.75606358533126	0.0013680536149218228	-1
36.688480492150632	13.052834297288602	0.0023428590690551198	-1
43.246599189495399	6.2423207872176789	4.9177690372062754e-05	-1
42.75931411485351	3.7074255729070016	4.1169725448632825e-05	-1
41.809900551791408	2.0908620820407866	3.583710840270269e-05	-1
42.385591783277356	8.7920158839381664	5.7926481089980361e-05	-1
41.626829662502388	10.149590689491029	6.2977128213538924e-05	-1
41.23643161290147	11.628185707322238	6.8604079524538182e-05	-1
40	12.528125000000001	7.22595183300201e-05	-1
40	0.69765624999999976	2.9935756403739805e-05	-1
40.430765801745252	1.0089843749999998	3.139286469886328e-05	-1
41.042537222401279	1.2746337843607263	3.269171078368987e-05	-1
39.599964426335994	0.26430085881148763	3.2220674750180995e-05	-1
40	0.38632812499999991	2.8404071788367031e-05	-1
24.295239086820519	27.824269157150891	0.0076950666450891162	-1
26.299369458048478	27.031706473481041	0.0076966628636596663	-1
27.845765061133218	26.865625000000001	0.0076934745800995774	-1
30	25	0.0077215946113530819	-1
22.917652626139667	28.407818615796536	0.007695951804387975	-1
31.834266638581095	24.067187499999999	0.0063308372187774915	-1
36.850015223576726	18.90149913900936	0.0024721250902431362	-1
36.929606559025892	21.242618005920217	0.0024396446300125052	-1
36.980880332176078	22.689403179223763	0.0024109840954331272	-1
36.226240539400834	23.929813261996642	0.0029888330615169345	-1
33.464254898005912	25.321252107954848	0.0050817367349410038	-1
35.597408275880518	25.238502825888862	0.0034673499430601571	-1
36.95256295940581	14.749035017158688	0.002265135544710421	-1
37.759735901119605	16.264062500000001	0.0017310290235092857	-1
37.872992256345306	17.778739082972432	0.0016819858899241803	-1
17.282271818002606	30.582812499999996	0.0077172434483131248	-1
18.467765325099847	31.34087324684706	0.0076849124309664408	-1
20.472456375141547	30.76815383036028	0.007674448749208182	-1
21.86336822423198	29.772993067768109	0.0076796363077877737	-1
-40	59.328124999999993	0	-1
-40	61.044531249999991	0	-1
-38.029274926887993	61.499728254954718	-1.1360990187338302e-06	-1
-4.4250326017266435	48.27031250000001	1.8938394699445583e-05	-1
-3.6845364596673091	48.375564786736653	6.389653728993528e-05	-1
-2.517348256863182	48.158588301311241	0.0001537226787775613	-1
-5.271249873169471	49.347656249999993	-1.5978483682524607e-05	-1
-5	49.193749999999994	-1.6198949380530984e-05	-1
-5.3214005693487207	49.655468749999997	-1.5466772115852338e-05	-1
-4.6403042989106567	48.885937499999997	3.2094373251150101e-07	-1
-0.84711899902829568	42.523299624227349	0.0006483786784974838	-1
-0.34086681730132773	43.564160100530543	0.00078547364932032328	-1
-0.52926933405681131	48.003316621068798	0.00032295150184465945	-1
1.0131350918641489	44.959337409786585	0.00098196639838617119	-1
1.5518528510108811	47.145072140588823	0.00071507515152659804	-1
-5.6450082705968612	50.432943048490912	-1.4189164329053766e-05	-1
-5.3037843494576471	50.011383246141264	-1.4761757371127749e-05	-1
-6.1744931305335298	51.17136240301911	-1.3656153647551736e-05	-1
-5.8746614134490036	51.814416457158082	-1.2561103490565224e-05	-1
-6.4823547234962664	52.815839021422626	-1.2166174123415215e-05	-1
-5.6184479700613137	50.822753151035947	-1.3506490832825129e-05	-1
-7.4624461645243363	54.445671321825174	-1.1510533795227119e-05	-1
-9.4663518018235955	55.921533285030876	-1.1424560689571292e-05	-1
-0.29938030225508538	41.552557791496419	0.00072578771236174542	-1
0.44539689124652626	39.47495944535271	0.0007068792919636065	-1
0.88610182422786898	39.102846142031041	0.00096541001058015946	-1
1.3359357924848536	38.771048838844344	0.0012497230403677837	-1
1.7528455552472622	37.929788345432506	0.0014707391580423843	-1
2.5556343840781945	37.180214597023145	0.0020104924999128446	-1
2.1459718435733617	36.161142808135175	0.0016574071993857096	-1
-0.9041257426519278	35.095874257348072	-4.0301771499181678e-05	-1
-0.6780535043633753	35.068304253858734	-4.044301138707182e-05	-1
0.34909584321676862	35.255078124999997	0.00024203786431784441	-1
-0.25156250000000036	40.499999999999993	0.00050436545233563976	-1
-0.056835937500000384	40.718349156641857	0.00066092789750018676	-1
0.15527515339282583	41.069220666322344	0.00083392996068646199	-1
-0.1202679844298177	39.962499999999999	0.00047231887662115837	-1
-0.095874257348072159	40.095874257348072	0.00052711279964944425	-1
-0.068304253858733427	40.321946495636624	0.00057529607641197016	-1
0	39.924999999999997	0.00047612141189176422	-1
0.15776798442981771	39.842232015570183	0.0005907626428505189	-1
0.40019154044390631	39.735821286314611	0.0007472380138595795	-1
-16.333653661081801	59.515894916654538	-1.0074095178119543e-05	-1
-14.755226182321083	59.39296027105749	-1.0067103059801609e-05	-1
-18.023382702117161	59.481298734026318	-1.0081328694944723e-05	-1
-19.496090816044404	60.067280682921989	-9.4972985840599755e-06	-1
-23.282424195858741	58.98086850636691	-9.4984795094687962e-06	-1
-24.631824226805676	59.119269932272516	-8.9376335021234343e-06	-1
-22.171818328175615	60.064954129531628	-9.0199653580951582e-06	-1
-25.986625522595766	59.186715073964073	-8.3560618064926183e-06	-1
-20.494697800122061	61.29814547021995	-8.4879857063217433e-06	-1
-11.992984681376043	57.948822742509293	-1.0678852163112441e-05	-1
-10.413610086073785	57.329084727316584	-1.0645066792637467e-05	-1
-12.601044757224111	60.096689036884428	-9.1751315213626461e-06	-1
-0.87973201557018232	34.962499999999999	-4.6263714375040955e-05	-1
-29.023742117003799	60.212121458355398	-6.3960791342876121e-06	-1
-27.45315293573433	60.589807271705297	-6.9176925363200199e-06	-1
-33.99855371744502	61.44774546952555	-3.3843836366679529e-06	-1
-31.330795649600908	61.833889553617553	-4.6073896168864816e-06	-1
-32.358523263766571	62.996183638857424	-3.7458830473843073e-06	-1
-36.043341754505661	62.411589867510671	-2.0931133447562781e-06	-1
48.191651521319173	-19.049247873081786	7.0554408305504193e-06	-1
48.234847768958424	-23.950395020097488	3.6951725268203691e-06	-1
48.687744944708989	-22.265374321807524	4.8278318949281792e-06	-1
49.962499999999999	-30	0	-1
49.859602615844743	-28.182031484170114	1.1098813459985042e-06	-1
49.724668823707503	-26.366159718886514	2.2283571851706459e-06	-1
50.310932826682233	-21.625318304506191	5.34991904426971e-06	-1
50.332631674654351	-19.460047046559492	6.9065402651244763e-06	-1
16	31.203124999999996	0.0077198949507315904	-1
12.47705845664707	32.529880907113544	0.0077005107833670742	-1
13.157058167648291	32.52202667681803	0.0077006381155671601	-1
13.620143410957485	33.108248588094817	0.0076798529010120463	-1
14.332479083866287	32.87987943856858	0.0076862175744434897	-1
14.964781670639672	32.896975596906742	0.00768245972431703	-1
16	32.443749999999994	0.0076864904966102215	-1
10.334150662573371	32.928906249999997	0.0076789578669095035	-1
11	33.064062499999991	0.0076755665281961361	-1
11.684433989618391	33.239473795068925	0.0076715643331039477	-1
3.9568533313364695	37.438258772975757	0.0030266069818095172	-1
5.1562319313708143	38.264318645564671	0.0038715018556536055	-1
6.7821387240977753	38.227973635088581	0.0050006238071407406	-1
7.3480789481847761	36.692172963894372	0.0054795843568638102	-1
10	34.328125	0.0076183586167749154	-1
10.51965683972756	33.471841709861415	0.0076571410703786804	-1
10.571575965946757	33.994531249999994	0.0076343821797361369	-1
10	34.794531249999999	0.0075959138791047163	-1
9.4442577551442621	35.727343749999996	0.0071167481440464267	-1
10	35.260937499999997	0.0075721837078424163	-1
8.1931972441911878	36.59527667120183	0.0061142611893178879	-1
9.0193622354118546	36.797922256062925	0.0067276226325509074	-1
48.916176071148669	-13.490815512495615	1.1842475678492897e-05	-1
49.657490850478162	-14.909893143818593	1.0590108008924613e-05	-1
48.971753711651459	-17.756943072129811	8.1308708498105919e-06	-1
48.939750134657025	-16.243126838212039	9.3589885069349076e-06	-1
49.191025082365684	-10.362163646165182	1.5146010868934633e-05	-1
49.914321446043814	-12.239002932135037	1.3188927221599051e-05	-1
40.618357778405127	-0.32271798530548218	2.6123963869849001e-05	-1
39.962499999999999	-0.1202679844298177	2.4616697777514798e-05	-1
40.095874257348072	-0.095874257348072145	2.5440351618944698e-05	-1
40.321946495636624	-0.068304253858733441	2.6334438877408918e-05	-1
39.924999999999997	0	2.459882180844957e-05	-1
39.842232015570183	0.15776798442981771	2.7299096103997801e-05	-1
43.634823442923491	0.23409492575802099	3.1174531883683903e-05	-1
46.953267935214249	-0.076525125138967365	3.1472097078582579e-05	-1
45.47300919230306	1.7298808176605447	3.5717153528910888e-05	-1
41.105962978396292	-0.16096734275567903	2.7601162351663335e-05	-1
41.947937863876724	0.74443274921455671	3.1486638538511742e-05	-1
50.537033564690148	-5.2719262130451536	2.1959249425820795e-05	-1
50.969678768422867	-6.7701565837689088	1.9771241093799277e-05	-1
50.73176310707931	-8.8887193080077225	1.7006047324918655e-05	-1
48.999405580221719	-1.6194729720143064	2.8287854057352074e-05	-1
49.569697919632375	-3.1038365334957683	2.5519631199998567e-05	-1
51.006629063813733	-3.784863274473004	2.4257645908995524e-05	-1
38.365023902622717	13.7734375	0.0012109191126224808	-1
44.961732653741443	4.5983359943270905	4.3778071106555512e-05	-1
45.003491123865693	6.973757015873594	5.1002946462445456e-05	-1
44.324848121601065	3.0050241810737535	3.9121234349468678e-05	-1
43.110443823441983	1.5439045786000474	3.4593053734615152e-05	-1
44.981874241120231	8.8767023477279121	5.7197724799210973e-05	-1
44.330575921198005	10.542210379893348	6.3251269734029676e-05	-1
42.719732763476273	11.256068036966566	6.66647628841656e-05	-1
41.4144537541411	13.172111110373105	7.4645419008051753e-05	-1
40	15.018750000000001	8.2720293193060753e-05	-1
40.306877176544887	0.49213237885873512	2.9068734188519571e-05	-1
40.905906405022264	0.62181995211791907	3.0159055926435162e-05	-1
40.114516938555603	0.23066406249999996	2.7530208991510711e-05	-1
40	0.074999999999999983	2.6356113268293944e-05	-1
26.654257108790738	28.545964434471863	0.0076656699132548693	-1
24.869680318348458	29.205678473341241	0.0076637832215345038	-1
30	28.731249999999999	0.0076528140538381188	-1
28.384311596776257	29.664062500000004	0.0076353391350732673	-1
30	26.865625000000001	0.0076898215993887542	-1
31.416952989892621	25.516430651405138	0.006634520987574135	-1
23.432742037588991	30.452733127859091	0.0076504437523261977	-1
38.462492706397505	19.343259915600267	0.0012598983951908832	-1
38.559054156203601	21.245312499999997	0.0012048942471539555	-1
38.221034974446823	22.529717951852419	0.001470117920500809	-1
37.665167423990425	23.735937499999999	0.0018983717071523719	-1
37.150906935919366	25.202295308139934	0.0022938198594836573	-1
32.100586293030958	26.860715554287165	0.0061008823707138149	-1
34.582492394804333	27.685501326963564	0.0042272316168841034	-1
37.099512712018516	26.755365720205553	0.0023382591285798443	-1
38.859425407371106	15.604630986284704	0.00091035881763993796	-1
38.879867950559806	16.88671875	0.00091800839351024695	-1
40	17.509374999999999	9.4413123714908034e-05	-1
17.227852353633676	32.006205325188375	0.0076832555932967155	-1
19.288219949369179	32.484072774836427	0.007650233566249969	-1
22.055744933632145	31.48038013494179	0.0076425785676050434	-1
21.097009689632326	32.686000374278123	0.007627433325233357	-1
-40	62.760937499999997	0	-1
-38.232043740650198	63.418203126962297	-8.6738574915755938e-07	-1
-4.0901229189279329	49.003985190871084	2.4424591475356749e-05	-1
-3.323161920330632	49.030409060275986	5.8146596959975032e-05	-1
-2.0767838739249331	49.260999350094288	9.6610107169913038e-05	-1
-5	49.501562499999991	-1.5695813617687747e-05	-1
-4.5356843752018143	49.347656249999993	6.5882462253707278e-07	-1
-5	49.809374999999996	-1.5122445138897502e-05	-1
0.15527515339281628	42.0358949166705	0.00093337890478391544	-1
0.69203227006415524	43.04185628286023	0.0011100682465636496	-1
0.52734374999999933	49.149575630084712	0.00022873158007045893	-1
2.7828152573267064	45.682420780019314	0.0012754543636432295	-1
2.743728010561338	42.953187978602408	0.0018857507481121888	-1
3.8995700966822224	47.269569295800643	0.0010325032702910594	-1
2.5164331060086345	48.902139582518807	0.00041415623370211663	-1
-5.3022648541776203	50.360703745750932	-1.3990552592371187e-05	-1
-5.3219464956366247	50.568304253858734	-1.3537335952845154e-05	-1
-5.1139688461512733	50.271093749999999	-1.4058379733266312e-05	-1
-5	50.1171875	-1.4450837806419703e-05	-1
-5.5188544385950342	51.200560633890362	-1.2831118281017081e-05	-1
-5.4131933217679205	52.337265925283013	-1.1523450818664241e-05	-1
-5.1778345663021357	51.680812863606931	-1.1816396356699415e-05	-1
-5.4698588599026436	53.507277603892369	-1.0645348334087344e-05	-1
-5.0683042538587335	50.821946495636624	-1.2622500974012171e-05	-1
-6.008307670361031	54.948663216819561	-1.0026015076805781e-05	-1
-7.3321807214279771	56.422513926941562	-9.8443537286112664e-06	-1
-8.76189390676317	57.716812702532089	-9.6544654187762415e-06	-1
0.73498710015550484	39.659490991671802	0.00096736046839950083	-1
1.15234375	39.608753634094462	0.0012471722056242509	-1
1.4212330530322286	39.323465734624065	0.0013853300882747839	-1
1.8879496093519255	38.858916895540951	0.0016542795611643268	-1
2.7884219687552316	38.253592744937677	0.0022373766958773095	-1
0.1378906249999996	40.499999999999993	0.00068913953590747981	-1
0.23525390624999962	40.701666485171849	0.00079795106980820607	-1
0.42998046874999957	40.812258282490944	0.00092456207447204493	-1
0.70468578410716931	41.240528922209947	0.0011101350776966553	-1
0	40	0.00054070257234225898	-1
0.037499999999999992	40.120267984429816	0.00060596457840447749	-1
0.13910791387874794	40.296541924720842	0.00068548103365079823	-1
0.074999999999999983	40	0.00061729432873341495	-1
0.3828125	40	0.00083333236681016189	-1
0.69062500000000004	40	0.0010299647747028357	-1
-17.094461768301819	60.893207734879539	-9.0433863337765234e-06	-1
-15.521097120598672	60.874680441052362	-9.0119941125774513e-06	-1
-13.961374020578162	60.859879390015287	-8.8614900888064823e-06	-1
-18.493102344979221	61.870080590945044	-8.3074624140586823e-06	-1
-23.644653478569218	60.554283927775806	-8.3026849912331276e-06	-1
-25.253184439522784	60.278702262064741	-7.9624364181746065e-06	-1
-22.332963464328053	62.041133177837828	-7.6701445562133768e-06	-1
-20.729435251676673	63.362938575017758	-7.1364388098769311e-06	-1
-10.694513566328276	58.93556652289444	-9.5178694495309842e-06	-1
-12.932612577462809	62.032314937501205	-7.9152279303422821e-06	-1
-11.004933637943736	61.657296601028165	-7.7575577416502316e-06	-1
-28.510850297444843	61.810738572375854	-5.8727203697337154e-06	-1
-26.024721050027065	61.344114435811044	-7.0588833923184304e-06	-1
-27.187819551390511	62.844287962005815	-5.8735995182294927e-06	-1
-33.903344204753409	63.139988540689004	-2.9938725851422039e-06	-1
-28.99742633337538	63.417561044544968	-4.9767842430828611e-06	-1
-30.455794099341375	64.370242609467184	-4.0634108725649519e-06	-1
-32.99313747334174	64.411957771446211	-3.0645969000009788e-06	-1
-31.651147041642375	65.215352879178113	-3.3543033973800312e-06	-1
-36.605216509388967	64.37271902467549	-1.5293315022613616e-06	-1
-34.879116520766615	64.72166341928579	-2.2242324802011982e-06	-1
50.135154984459987	-23.557781723153106	4.0334387314459986e-06	-1
51.835156249999997	-30	0	-1
51.347699599275174	-27.444232763777059	1.5758161380576691e-06	-1
51.702231349630537	-24.622997587408086	3.3688105070086625e-06	-1
52.562358677523562	-26.311367852352419	2.2928303641682664e-06	-1
52.02009769284431	-22.755010928036956	4.6088662978140546e-06	-1
52.279216847839443	-20.722695197915957	6.0288140672008087e-06	-1
52.046403292948561	-18.949797753111557	7.3378243117564716e-06	-1
51.383266953159854	-16.948714879175391	8.9171712216041586e-06	-1
12.883808894443094	33.14475946910386	0.007678144739419265	-1
12.228196266262449	33.564213166383418	0.0076603322059433819	-1
13.926776260915187	33.790561474299224	0.0076552534566152915	-1
13.2730268361657	33.770883225627891	0.0076549634416211102	-1
14.579723491081822	33.828448918773368	0.0076532494133280159	-1
15.075029068989986	33.519827385880028	0.007662010061594224	-1
15.5536430887049	33.127932454749171	0.0076709697861573594	-1
16.466271798157535	33.064062499999991	0.0076642487078246056	-1
16	33.684374999999996	0.0076510346449505072	-1
11	33.684374999999996	0.0076499090531707472	-1
11.374151524681873	33.994531249999994	0.0076382940272394732	-1
11.883738597543953	34.095703511774452	0.0076364904373707656	-1
4.3843749999999995	39.306012556687435	0.0033612425112552573	-1
5.3078124999999998	39.394758799955888	0.0039657645292771864	-1
5.9234375000000004	39.10827790222956	0.0043773383968957573	-1
7.8028382804784364	37.890391812059477	0.0057434756677965278	-1
7.7697735759241322	38.652669374522425	0.0056571926129885429	-1
6.8468750000000007	39.301099110612128	0.0049800732507857695	-1
8.4032578580469206	37.419587513232244	0.0062176333191653133	-1
10.295414384914473	34.561328125000003	0.0076075524768824052	-1
11	34.3046875	0.0076221915660704426	-1
10.694153765817521	34.509039496141263	0.0076111255217397459	-1
10.354627714940802	34.933009625577249	0.0075893338733396916	-1
10	36.193749999999994	0.007519906639090807	-1
10.383001425298874	35.319408182898741	0.0075694075630846156	-1
10.482507301104853	35.700394566758185	0.0075490259684850456	-1
10	37.126562499999991	0.0074595478393428604	-1
9.101918969014525	37.946773389182212	0.0066985464096228579	-1
51.576143706088651	-13.372153456597392	1.2115236332953129e-05	-1
51.431771110873662	-15.157849172027401	1.0456142740219749e-05	-1
51.01878458210777	-10.731124052732456	1.484439128386555e-05	-1
40.645557879258632	0.066956429834501577	2.7640982444018685e-05	-1
40	0	2.5466131673758637e-05	-1
40.120267984429816	0.037499999999999992	2.6309806225537176e-05	-1
40.302419384183828	0.13959081123002895	2.7330796270565683e-05	-1
49.176229735879645	0.2193423111473547	3.2033531260509187e-05	-1
48.199944304992712	1.7875818289031526	3.5725512615582165e-05	-1
45.923465950551275	3.2899635438071062	3.9875668425162592e-05	-1
52.424056662242378	-6.358009323735617	2.0180679251257186e-05	-1
52.76625026865743	-4.8856017858194036	2.2203330170951899e-05	-1
52.050501596068024	-7.9641739183119036	1.8099649158618496e-05	-1
53.319913511777429	-8.9786318112393904	1.6717039772662753e-05	-1
52.873708492008234	-10.54114021396901	1.4975760916013176e-05	-1
50.261689873087718	-0.91731363286284429	2.9478680443456197e-05	-1
50.863507731412568	-2.2304033628413862	2.6929397178844802e-05	-1
52.187792918359513	-2.8922931923540087	2.5458075179924314e-05	-1
47.003389408161368	5.7505224540355231	4.6485552059200322e-05	-1
46.569951050320263	8.0544380624630545	5.3610808263972926e-05	-1
46.074692411483177	10.292278185776045	6.121512084437028e-05	-1
45.452885435523676	11.900455493043053	6.7391932023056991e-05	-1
44.368576067689233	13.11738986987034	7.2842016024942229e-05	-1
42.861681307499872	13.738617899173118	7.6298311113477991e-05	-1
41.615262099022509	14.790950310454893	8.1388241498831472e-05	-1
41.012593831987196	15.752247342539098	8.5844743040094134e-05	-1
40	16.264062500000001	8.8381767868713621e-05	-1
26.406575079638234	30.590930308996786	0.0076234371644179465	-1
24.892411452510903	31.108155866007525	0.0076230857325824044	-1
31.492564274676855	28.292647605609265	0.0065401377173246065	-1
30	30.596874999999997	0.0076108085410499125	-1
32.226962914279476	29.664062500000004	0.0059699196510984015	-1
28.378695918460107	31.529687499999998	0.0075902880770259279	-1
23.331501561099916	32.631303426453272	0.0076046200467526194	-1
40	20	0.00010770762528966636	-1
40	21.245312499999997	0.00011524655783394782	-1
40	22.490625000000001	0.0001233083870482759	-1
39.067294046378848	23.553338934031125	0.00083653828240604002	-1
38.558446906787594	24.872572002913973	0.0012297220925368269	-1
33.528699164023543	28.822373279019907	0.0050082708253661916	-1
36.180008105065191	28.137809285743636	0.0030306588566774532	-1
35.437635339588944	30.157112140343056	0.0035815217973544458	-1
38.62086301036009	27.486806789806941	0.0012000715957383111	-1
41.029196531735373	16.88671875	9.1128067195928237e-05	-1
41.618872589468836	18.754687499999999	0.00010038968397787831	-1
17.389235417249143	33.415378136014425	0.0076466043963145944	-1
18.528386922935656	34.457933383119318	0.0076131509499297598	-1
20.790508057585459	34.195553347557762	0.0075995036951091426	-1
22.245265235163149	33.712744077323094	0.007593693033512902	-1
-40	64.477343749999989	0	-1
-38.102375191346226	65.299918702356649	-7.912321788250934e-07	-1
-3.9019719840085374	49.53430022355321	1.746370320775967e-05	-1
-3.2277839269772306	49.791875036290392	2.4980478719597314e-05	-1
-1.8093750000000002	50.500000000000007	-7.4891049910818903e-06	-1
-2.5882812500000001	50.500000000000007	-8.4325768070490083e-06	-1
-0.25156250000000036	50.500000000000007	-5.8435776338895607e-06	-1
-4.6813023518995029	49.814637553783413	-8.0911419650770749e-06	-1
-4.2013633898789688	49.987914081703607	-3.8050194471170203e-07	-1
-4.7669752505041885	50.121649019077111	-1.1037602030911486e-05	-1
0.82213557088362876	41.909098760846128	0.001197795378709617	-1
1.9546095223373601	41.896196356704763	0.0017025886559219484	-1
1.3062499999999995	50.500000000000007	-4.3901002721404133e-06	-1
4.5547173827504785	44.964799496710754	0.0019611380903353051	-1
4.4273471755139315	43.007221492561406	0.0025547350503292202	-1
3.7375274074462217	42.064827382377857	0.002536386495132124	-1
2.6951950352906975	41.635013548744929	0.0021085285943318981	-1
5.2007812499999977	48.709371822834221	0.00067735365464078354	-1
5.794114787472278	46.848995643546893	0.0015061962317078595	-1
2.8640624999999988	50.500000000000007	-3.0571025648199896e-06	-1
4.4218749999999991	50.500000000000007	-1.8156985188403339e-06	-1
-5.1202679844298178	50.462500000000006	-1.3497015815672959e-05	-1
-5.095874257348072	50.595874257348079	-1.3083116787128645e-05	-1
-5	50.425000000000004	-1.351308826191917e-05	-1
-4.8422320155701826	50.34223201557019	-1.2322334943627651e-05	-1
-4.9329622127200317	51.145113052240937	-1.1969557717071549e-05	-1
-4.7582575152611231	52.576814365715414	-1.055963802654653e-05	-1
-4.594235941413209	51.601129725653173	-1.1047390363201647e-05	-1
-4.6007267224595267	55.136156602718266	-8.7841601711038845e-06	-1
-3.7225270797441947	54.020269833289703	-8.6280638681290584e-06	-1
-4.8606475891309815	50.802294314972606	-1.2178264205427638e-05	-1
-4.9625000000000004	50.620267984429823	-1.2671512893335521e-05	-1
-5.3527410515686755	56.340694831030511	-8.6270055221987403e-06	-1
-6.8031119615641478	58.443732819882939	-8.2280538429947802e-06	-1
-9.2026253555051376	59.594322996220583	-8.5477232705846351e-06	-1
0.99843750000000009	40	0.0012253260311700658	-1
1.4601562500000003	39.713562681045332	0.0014718020233218053	-1
1.3062500000000001	40	0.0014204844973164414	-1
1.7679687500000001	39.506400147235972	0.0016459242740164545	-1
2.2296875000000003	39.63322873622586	0.0019655139937023282	-1
2.9717382918785495	39.323014515348902	0.0024275909829187129	-1
0.33261718749999958	40.499999999999993	0.00080693187610724685	-1
0.72207031249999942	40.732024714456102	0.001076764127548176	-1
0.52734374999999956	40.499999999999993	0.00092779653389130122	-1
1.1115234374999994	40.861148533121764	0.0013101526705989676	-1
1.3432656722334118	41.474123475324042	0.0014392261780693557	-1
0.22890624999999998	40.113968846151273	0.00073186158990528802	-1
0.44989785346499434	40.25149742224059	0.00087746729673495588	-1
0.72207031249999953	40.302994107043105	0.0010503251030631571	-1
-16.138841690654644	62.143251671089871	-8.16185538076137e-06	-1
-14.729836393825606	62.068516184069047	-8.1201676803769689e-06	-1
-18.733421183342848	63.941211932346611	-6.9740386289002448e-06	-1
-16.711306905108344	63.432889177427612	-7.342409261959977e-06	-1
-24.065042954617354	62.247156537863489	-7.1426272688467105e-06	-1
-22.930700474837383	64.399819475488528	-6.1845046019358671e-06	-1
-21.430902917981395	64.728793527672039	-6.2526125276587759e-06	-1
-20.108282474988616	65.50872416711303	-5.9725631797029693e-06	-1
-12.69125356548493	63.641577559997984	-6.8926533230634719e-06	-1
-14.305537547257103	63.436473715514481	-7.2075967603628379e-06	-1
-11.165763982766782	64.20802428639557	-6.300545692479055e-06	-1
-9.4096853910957563	62.351073531908426	-6.9199009294611949e-06	-1
-25.373079970861138	63.401099408933455	-6.1581027941972385e-06	-1
-27.677667451989194	64.440782392141301	-4.9835449773065258e-06	-1
-26.118542037404964	64.822734233713334	-5.2583880357051755e-06	-1
-28.89596317847629	65.145720657682901	-4.3194490220825576e-06	-1
-29.978357147361862	66.045501592978624	-3.6552569065086396e-06	-1
-32.903475907949733	65.973477166648095	-2.7070414462435697e-06	-1
-31.541003679075871	66.675129733468211	-2.969634602533335e-06	-1
-36.153117597738394	66.074714892865657	-1.4923859128331711e-06	-1
-34.512115084769206	66.543513297914032	-2.0131665745418704e-06	-1
53.707812500000003	-30	0	-1
52.771484375	-28.299578598116945	1.0490629548699116e-06	-1
52.86900158275612	-23.964428350127118	3.800076032796411e-06	-1
53.385813919971547	-25.200539682209584	2.9940695442737389e-06	-1
54.058027889032672	-26.408904751092756	2.2187248153656776e-06	-1
53.46783915502197	-21.9069205394152	5.1724756190089055e-06	-1
54.821078183679347	-19.599658034248996	6.7551194664100089e-06	-1
53.732344943730403	-18.354005632238916	7.7457714042737607e-06	-1
52.97128645645121	-16.960188013400998	8.891540736156479e-06	-1
12.432113399487985	34.163838779211908	0.0076361364187876833	-1
13.196875	34.424752141690995	0.0076284254153792998	-1
14.289545315414651	34.334780324513574	0.0076352970501554823	-1
15.074187904599601	34.138416352283564	0.0076418386520644777	-1
15.604644404687262	33.839453124999999	0.0076491981725680044	-1
16.497358227277456	33.839453124999991	0.0076426744202489766	-1
16	33.994531249999994	0.0076419386841139287	-1
11.443517703989816	34.475545382852715	0.007616769541119681	-1
11.737414676355163	34.658432213933651	0.0076099036016218915	-1
12.135937500000002	34.630354775334666	0.0076136635671369248	-1
3.7687499999999998	40	0.0029814907732322355	-1
5	40	0.0037621194425521251	-1
5.6156249999999996	40	0.0041524767825140089	-1
6.2312500000000002	40	0.0045428627910297772	-1
8.4506226186944726	38.293549111489526	0.0061778012368595	-1
8.4399496302260761	39.031333920793116	0.0060860004794107796	-1
7.7703125000000002	39.422424200374756	0.0055820249545979568	-1
7.4625000000000004	40	0.0053237397412351679	-1
10.697632798168428	34.860508656028898	0.0075939923430301259	-1
11	34.614843749999999	0.0076075306553523899	-1
10.885665758912507	34.769921875000001	0.0075993159131569439	-1
10.678053504363376	35.068304253858734	0.0075834544038965003	-1
10.859168228780955	36.551399864196988	0.0075023209947609705	-1
10.931695746141278	35.321946495636617	0.00757145000031419	-1
11.067184722201523	35.644309676193757	0.0075551588060204043	-1
10.785741398098171	37.911630276575195	0.0074080516768058316	-1
10	38.059374999999996	0.0073870295812030733	-1
11.254684075228131	37.264088143929506	0.0074619525129966911	-1
9.4956761557033218	38.690687580609151	0.0069160044252522266	-1
9.003092204250601	38.782647971187053	0.0065272393361397521	-1
52.715696174979726	-12.18158607573702	1.3269421881076063e-05	-1
53.086061525003174	-14.120317958605284	1.1358253672452932e-05	-1
53.837012525562855	-15.628851861671023	9.9588636595080208e-06	-1
51.615095923100398	0.60704694380069735	3.2045310226582083e-05	-1
50.433471547055262	1.572801381767851	3.455480134796688e-05	-1
49.632429090315853	3.2844570473863142	3.8805969876365769e-05	-1
48.007723824707973	4.1868051761176472	4.1755915994308232e-05	-1
53.547296327531065	-7.3696481309716706	1.8623604072213113e-05	-1
54.581846412936507	-6.3267337964380239	1.968812372757202e-05	-1
54.152003900851149	-3.3404225322185077	2.4067192010953478e-05	-1
54.316473735132902	-4.8819010966891891	2.1755636682002703e-05	-1
55.736960769531407	-8.5071676778835617	1.6685328123514257e-05	-1
54.822959314428992	-10.252821628549839	1.4990563093440886e-05	-1
54.213866479856286	-12.868256488169779	1.24174549668292e-05	-1
51.706123456338325	-0.91631505805897828	2.9067621763071667e-05	-1
53.221933951352909	-1.8328680054442916	2.6876214148819217e-05	-1
47.874437179507495	7.1071231361883864	4.988854633610199e-05	-1
49.582554178328351	5.1736226378778243	4.3489843969495001e-05	-1
48.981511466805479	9.4161734918422795	5.5871935680832444e-05	-1
47.780204894691117	10.545468502696679	6.0579753524399355e-05	-1
46.942218689247795	11.782337353845671	6.5592586504478113e-05	-1
46.292270034406044	13.127563052947989	7.1127995574529147e-05	-1
44.214416673237743	14.740008421403603	7.9541205192522807e-05	-1
45.887619698585404	14.558163477293308	7.7091196483689017e-05	-1
43.32751795063357	15.766113092467418	8.4686183499103399e-05	-1
42.127967815000069	16.397180218653364	8.8342960554124158e-05	-1
26.927505655346266	32.8222073204495	0.0075648230168246372	-1
25.511897594833659	32.583435733019385	0.0075831368444514088	-1
30	32.462499999999999	0.0075613099161577543	-1
31.427275487110187	32.302021918085657	0.0065127831317165086	-1
33.764123223410998	30.354539562708904	0.0048195556721279077	-1
33.114558298856025	31.909430491000762	0.0052796368115700099	-1
28.243753544280782	33.395312500000003	0.007538630407162984	-1
24.639584206059649	33.733093055554434	0.0075651485921779775	-1
41.240055937567455	20.003393942988303	0.00010737070627376621	-1
41.52559143517577	22.081135979820026	0.00011985036478369031	-1
40	24.981249999999999	0.00014172504233867468	-1
41.712103366532411	24.430276543718321	0.00013632482452553829	-1
40	26.226562500000004	0.00015245628035270891	-1
37.214719407151357	29.436274323948819	0.0022625801032164381	-1
35.591112745687639	31.740742392146075	0.0034664985612299832	-1
37.729667110719383	31.283559846903561	0.0018922343223786572	-1
40	27.471874999999997	0.00016437171866509964	-1
38.987631620414099	29.33984375	0.00094101070632096769	-1
40	28.717187499999998	0.0001780599584573568	-1
42.007613660939128	17.604912454499907	9.4270173056350205e-05	-1
42.401240659445882	19.568192508223412	0.00010422103331052646	-1
42.702728755828311	18.480536715675107	9.8168460360055848e-05	-1
16.906642345155362	34.276997799811618	0.0076281218637961881	-1
17.257079643182063	35.171116887146077	0.0076039959149204767	-1
17.887711969774649	35.767279981374536	0.0075885890658455397	-1
19.92775339779929	36.303085009931507	0.0075677951080111577	-1
21.614321370233512	36.11067444522061	0.007554877751391428	-1
22.956017219828137	35.070777528101509	0.0075576203518179057	-1
-40	66.193749999999994	0	-1
-37.331601862071722	67.250770510655826	-9.3591849534624184e-07	-1
-3.8904949713125849	50.077686848705817	1.9828456906448693e-06	-1
-3.3671875	50.500000000000007	-9.4977455982006919e-06	-1
-2.1988281250000004	51.224926334022243	-7.9038863971310016e-06	-1
-1.03046875	51.385529199564758	-6.6136127027047265e-06	-1
-2.9535058420153151	51.553032215974618	-8.7715302559368167e-06	-1
0.52734374999999956	51.970446600422093	-5.04815714404654e-06	-1
-4.5104297492213128	50.083707134061626	-7.1894974503306717e-06	-1
-4.3408203125	50.279890262393522	-7.7045129404065136e-06	-1
-4.6329101562499995	50.31229788357065	-1.0510263768759395e-05	-1
1.6964851187884948	41.224123048873253	0.0016319418085593534	-1
2.1242021715258081	41.196518522163551	0.0018662856726577724	-1
2.8640624999999988	52.266704052580621	-3.0443563493161537e-06	-1
5.8452414664611867	44.594292312889209	0.0024883453879971443	-1
5.5625110982011643	43.281740781419188	0.0029253408778711705	-1
4.7985221564580769	41.899888162056648	0.0031266078121579242	-1
3.1241962526147384	41.118771569997485	0.0024436836039299376	-1
3.9304770617128328	41.267897246520974	0.0028636438363520973	-1
2.4746093749999996	40.94970142621888	0.0020973327549551209	-1
5.9796874999999989	50.500000000000007	-6.2606831422684397e-07	-1
6.7585937499999993	49.096460680161108	0.00064271864613464299	-1
7.7544257515919464	47.842973934791701	0.0013360481458873118	-1
8.0679240668110168	45.977297999952441	0.0023599518807923075	-1
5.2007812499999995	51.785692019566163	-1.2414140358101202e-06	-1
-5	50.500000000000007	-1.3088493506462274e-05	-1
-4.9249999999999998	50.500000000000007	-1.2673652731377433e-05	-1
-4.7302734374999993	50.500000000000007	-1.2012893766774003e-05	-1
-4.6137574601310138	51.033410073350794	-1.1460034804717116e-05	-1
-3.7543216465063232	52.24395614267911	-9.5357759302745572e-06	-1
-3.8923695977296635	50.921728635880761	-1.0259083427308435e-05	-1
-3.9291359429951633	56.392459475646305	-7.5951020450768022e-06	-1
-2.6480885091425574	55.769363531342016	-6.9050199008480991e-06	-1
-1.4611961200807579	54.351758027343955	-6.4118217231418605e-06	-1
-2.0500252088146134	52.599160180592094	-7.4733478432687349e-06	-1
-4.82763671875	50.596338540478676	-1.2277546706127409e-05	-1
-4.6329101562499995	50.695767653326712	-1.171157648648509e-05	-1
-4.7239468902508257	58.649432047100028	-6.9763337359250105e-06	-1
-7.6931500638681038	60.798893715767584	-7.2342728396017531e-06	-1
-5.9124218583332731	60.05155622007679	-6.8790064374508063e-06	-1
1.15234375	40.25	0.001322944786022581	-1
1.6140625000000002	40	0.0016156019116674919	-1
1.4323425602791879	40.25	0.001500420058635631	-1
1.921875	40	0.0018107161962442255	-1
2.5375000000000001	40	0.0022009565395455536	-1
3.1531250000000002	40	0.0025912139274076001	-1
0.91679687499999951	40.499999999999993	0.0011737103449269018	-1
1.3062499999999995	40.499999999999993	0.0014205024853020055	-1
1.5009765624999996	40.838065287562543	0.0015350402809853579	-1
-17.407727783999889	64.938677534194923	-6.4404065634906561e-06	-1
-18.55438360819182	66.18834307952676	-5.7143181491229394e-06	-1
-15.510608714594305	64.902147182474849	-6.428765787099356e-06	-1
-24.504517686997541	64.762813285907498	-5.6739247794024764e-06	-1
-21.41899033275385	66.220019069680987	-5.4739905932120484e-06	-1
-22.708335645553642	66.969341557791324	-4.9266669700801056e-06	-1
-19.623023013643923	67.966187514793575	-4.7594445335227534e-06	-1
-12.426254084457264	65.265271704246729	-5.9462460001588991e-06	-1
-13.827294569368838	66.127648048223861	-5.6371222440982402e-06	-1
-8.6279830842474201	63.905127875347283	-5.887868694952559e-06	-1
-9.7696770444988612	65.122276460240982	-5.5514087356035558e-06	-1
-7.6762989548052856	62.497752983016653	-6.306751990052356e-06	-1
-27.17333763351828	66.032761307006595	-4.4567983116059756e-06	-1
-25.242538796629436	66.651109848790313	-4.6394690953044376e-06	-1
-28.57368204968596	66.515872951928742	-3.8990303256674468e-06	-1
-30.235541217943116	67.477884155163267	-3.1203843548542675e-06	-1
-33.447351174691555	67.877282021472666	-2.0908085975555758e-06	-1
-31.495024497948435	68.206969416294257	-2.5757641875672404e-06	-1
-35.712857028412792	67.640125285789793	-1.4348829549726312e-06	-1
55.580468750000001	-30	0	-1
54.644140624999999	-27.788401651273777	1.3545299600024693e-06	-1
54.203335579602268	-24.085337415384149	3.696498527518559e-06	-1
55.177698861729532	-25.412472741484358	2.8174487560452732e-06	-1
55.008904355928863	-21.243346357326491	5.569382670556535e-06	-1
55.600729951305738	-18.140503109081603	7.7680583970295834e-06	-1
56.795626704366512	-20.206599802121467	6.1455378215591685e-06	-1
55.367308828021322	-16.171275352751461	9.3450094080134421e-06	-1
12.590624999999999	34.65981766790464	0.0076150652384406993	-1
13.5	35	0.007605622324977265	-1
12.893750000000001	35	0.0076015732392551551	-1
15.015625	34.641726856501471	0.0076245332749148636	-1
14.7125	35	0.0076111923080121879	-1
15.65132838884961	34.261561970229913	0.0076358197138403873	-1
15.479061007852728	34.567757419550496	0.0076265684083968426	-1
16.321210008478335	34.149609374999997	0.0076351860721498585	-1
16	34.3046875	0.0076326904626276993	-1
11.400165239443727	34.736444012087937	0.007604012028097489	-1
11.681249999999999	35	0.0075928248689293874	-1
11.984375	35	0.0075949569908776464	-1
12.2875	35	0.0075971755661850731	-1
4.4218749999999991	40.499999999999993	0.003395567280177582	-1
3.6429687499999996	40.499999999999993	0.0029017442758856918	-1
5.2007812499999977	40.499999999999993	0.0038894171211016327	-1
5.9796874999999989	40.499999999999993	0.0043833218824940942	-1
6.7585937499999993	40.499999999999993	0.004877289326790179	-1
8.3859375000000007	39.644568745308881	0.0059625282585517607	-1
9.0014347906465524	39.283739694970393	0.0064460941607362007	-1
8.078125	40	0.0057142393967632623	-1
7.5374999999999988	40.499999999999993	0.0053712934816970001	-1
10.879732015570182	34.962499999999999	0.0075897038759556064	-1
11.157767984429817	34.84223201557019	0.0075973202226091085	-1
11	34.924999999999997	0.0075922509207795976	-1
10.904125742651928	35.095874257348072	0.0075830387806845347	-1
11.568817148822138	36.511972606971717	0.0075121648778877087	-1
11.138921849927232	35.302068434788758	0.0075736951047149998	-1
11.0375	35.120267984429809	0.0075825017721333401	-1
11.708311973987634	35.886088740353344	0.0075477245487005689	-1
11.483929253858728	35.299660580007995	0.0075762375950224363	-1
11.282950128862792	38.517420488473512	0.0073784981031420104	-1
10.512910299170391	38.663149564047579	0.0073314511455717414	-1
10	38.9921875	0.0072835733999804687	-1
12.015607966767629	36.971937155323779	0.0074941750323216216	-1
12.054044405410846	38.377377925460671	0.0074219449130753842	-1
9.4313437210047102	39.042833099627977	0.0068113175274816008	-1
55.787937667417644	-13.639681982062456	1.1473581907355355e-05	-1
52.673306686959641	1.7066413143618286	3.3671476691339522e-05	-1
53.013688872733979	-0.073781666065788287	3.0058431606736027e-05	-1
51.504255044315457	3.5446526143669166	3.8325795065537498e-05	-1
55.759436302834736	-5.4485275338791466	2.0401157307531845e-05	-1
55.984985466289338	-6.9795875662175932	1.8405479405950543e-05	-1
55.635007859319202	-2.8004219492361093	2.4159611807255519e-05	-1
57.119695996266643	-8.9986081757739544	1.5684169112955486e-05	-1
55.952275494200421	-11.894462662083823	1.3074918101428729e-05	-1
57.326346565028508	-10.451455728909416	1.4109451305467847e-05	-1
54.482211211933262	-0.5866480951193096	2.832021560525089e-05	-1
49.328093277674029	7.804241188635701	5.0790901886361505e-05	-1
50.848933903743543	5.9771475801483938	4.4594954085924686e-05	-1
49.612492747718328	10.939428994009717	5.9819922050459657e-05	-1
51.148334041283164	9.0388368890770092	5.2388151183620717e-05	-1
48.329668169345119	11.820038042402734	6.4195709550127358e-05	-1
47.772254140802247	13.269007435061248	6.991042339729563e-05	-1
47.392121304149576	14.735450319012148	7.586687756237316e-05	-1
44.529052967363043	16.393392814141762	8.6363024507852155e-05	-1
46.393049182492703	16.784890070032215	8.5720289245207117e-05	-1
43.126595061576225	17.106559375726761	9.1027385006996886e-05	-1
26.063373356091237	33.968607521660402	0.0075421795683390074	-1
27.298199026493752	34.804090593312097	0.0075022174858397602	-1
30	34.328125	0.0075015858909245024	-1
30.964768167915892	33.661784952798776	0.006815602328916771	-1
32.303386535761149	33.440133494914669	0.0058444993085435982	-1
34.522172710740463	32.919219074263971	0.0042419534455692921	-1
28.932218599862818	35.260937499999997	0.0074710152564613566	-1
25.095223955382462	35.102412239064947	0.007526672573419455	-1
42.272984484260057	20.689549074553181	0.00011070181002207103	-1
43.210407446339026	21.981171180131824	0.00011748073591397592	-1
42.807651450323107	23.003867036136036	0.00012472660371428283	-1
41.62140358437285	26.226562500000004	0.00015133777123235985	-1
42.785503956926355	24.118104314233477	0.00013256246732721295	-1
42.555538640531552	25.328895095960721	0.00014224157096438453	-1
41.062386434521322	27.430140370148788	0.00016321671860430639	-1
38.801189839407172	30.513653787418495	0.001091626285606136	-1
36.578301218901387	32.988499983572538	0.0027482746939945183	-1
37.819792165371815	32.585657797096523	0.0018390615234559224	-1
38.88434423103994	31.830468750000005	0.0010460361188717789	-1
40	29.962499999999999	0.00019333217667828054	-1
41.715851291567553	28.26882409849296	0.00017104487062001087	-1
41.503809461176374	30.148800636252719	0.00019376934462032947	-1
43.496021336011651	19.149478865025131	0.00010085292518119849	-1
44.021216875051159	20.044446106170845	0.00010502192605023059	-1
43.770338751877901	18.148705827666795	9.5444086209809327e-05	-1
16.645372285059196	34.933009625577249	0.0076120381911351249	-1
16.305846234182468	34.509039496141263	0.0076250607908705552	-1
17.030006440854905	35.635186105952052	0.0075932635319200907	-1
16.618446834098663	35.322870289597923	0.0076018051935107488	-1
16.864538630218878	36.381357877600564	0.0075760311946456741	-1
17.944710447052902	37.021692491230446	0.0075646446981909822	-1
20.491967629393752	38.392451833491229	0.0075365259532543978	-1
22.724352478432412	37.39495022942117	0.0075200411975541214	-1
24.201911066725334	37.046428261462339	0.0074991184353634093	-1
-40	67.91015625	0	-1
-38.450043044438203	68.453591063394214	-4.8598356458853773e-07	-1
-36.830531546967713	68.727215751724941	-9.5738339251943452e-07	-1
-4.1460937500000004	50.500000000000007	-1.0738001926900272e-05	-1
0.10309567284497123	53.494647216086562	-5.2414484938146635e-06	-1
1.5898397289951827	52.953568608799507	-4.0538375777698982e-06	-1
-4.5355468749999996	50.500000000000007	-1.1525661279003304e-05	-1
1.8904296874999995	40.837277220515809	0.0017652428566412776	-1
4.3561552679250362	53.029197494370784	-1.8716517604106769e-06	-1
2.8945146276707203	53.848553165385624	-2.9391394627685623e-06	-1
6.6630478543205758	43.52943518825834	0.0032474769036948759	-1
7.6700668553243512	44.086017549722541	0.0032867315624505854	-1
5.9775896887607303	41.925108127214102	0.0037129090447528225	-1
6.6750759542184266	42.401432973915618	0.0038201267102409833	-1
4.8113281249999993	41.145829135331745	0.0034075625012944767	-1
5.5902343749999988	41.174556123027401	0.0038419255832641149	-1
2.8640624999999988	40.499999999999993	0.0024079651554881716	-1
2.0851562499999994	40.499999999999993	0.001914218054665733	-1
7.5374999999999988	50.500000000000007	5.124180030895166e-07	-1
6.7585937499999993	51.971890913149828	-1.0377945728992377e-07	-1
9.0953124999999986	48.717578487807003	0.00098395319406474873	-1
9.183657922696991	47.121720999068181	0.0019014026002543486	-1
9.9476943118053072	45.717864014117943	0.0028627283515207766	-1
8.8154845693183059	44.195056322388815	0.0035709786971742734	-1
5.9796874999999989	53.443781826299656	-6.7774692262461792e-07	-1
-4.3408203125	50.718940706779634	-1.1090706470281271e-05	-1
-2.2894323150306208	58.135164741206658	-5.7259249289856231e-06	-1
-0.80810895960254725	57.56589579913566	-4.9487788658883798e-06	-1
-0.60742289649682757	55.99169405989813	-5.2684097842620493e-06	-1
-3.7436516855434476	59.855648199918825	-5.8849973894710479e-06	-1
-6.0933831786564125	61.880675665807779	-6.0387500211439477e-06	-1
-4.6789206681169109	61.097102196621584	-5.7973029975678697e-06	-1
1.6957031249999994	40.499999999999993	0.001667354821458845	-1
-16.89009764101543	66.51489441362682	-5.5729224584840679e-06	-1
-18.124093345871472	67.657079930596112	-4.9765530897625587e-06	-1
-15.284230204319314	66.910235803101187	-5.3290513408963993e-06	-1
-21.305233659003608	67.899695600792342	-4.6603440307047644e-06	-1
-21.978495087719285	69.312508791127925	-3.9570907192131572e-06	-1
-24.945395575366192	68.498242775399589	-3.909696321850292e-06	-1
-23.498675393050092	69.68449521758302	-3.626965796283395e-06	-1
-20.51201775681908	69.144518847564441	-4.1539590914366619e-06	-1
-18.662542960883258	69.966592252853715	-3.8742289920535293e-06	-1
-12.1155851815733	67.339265758398611	-4.864327456414442e-06	-1
-10.100635487097579	66.757936047641735	-4.8411088798086325e-06	-1
-14.357109494330702	68.279743827021704	-4.6112203641730045e-06	-1
-7.4325925252206044	64.927459735482273	-5.0843712271596105e-06	-1
-7.4371630989491884	66.50038698450345	-4.4144207313998736e-06	-1
-6.1966553212733233	63.954536177973011	-5.1472007471641413e-06	-1
-26.655520929499662	67.739516595769061	-3.8964189765936217e-06	-1
-28.865344124878693	67.968214020426657	-3.313882781839221e-06	-1
-30.773958982520146	69.73197015249491	-2.3406428219082293e-06	-1
-32.489731949370736	69.610267494672897	-1.9840717668583091e-06	-1
-35.353320298282981	69.226023267018533	-1.3124313542842902e-06	-1
57.453125000000007	-30	0	-1
57.036349038542085	-28.001043415593585	1.183206537678487e-06	-1
57.135171601514948	-25.961493531565644	2.4105843457469642e-06	-1
56.074040237800723	-24.031442648805811	3.6569881343918284e-06	-1
56.481395753221513	-22.204833208305129	4.8241663245966345e-06	-1
57.477679361115264	-18.25672176912607	7.4530727876550516e-06	-1
56.879681384826775	-16.761833788823353	8.6667701308929714e-06	-1
58.460146794925066	-19.69460894002777	6.2881569331205376e-06	-1
58.15858674903815	-21.675949248199277	5.0136696929361202e-06	-1
56.64462059654241	-15.169025552057299	9.9905690537713175e-06	-1
13.196875	35.562189090677009	0.0075790060164606923	-1
14.199544596212764	35.693282230837887	0.0075822421802989592	-1
12.590624999999999	35.361185914579607	0.0075823609039784075	-1
15.318750000000003	35	0.0076122446665764258	-1
15.015625	35.414398254201458	0.0075972757726375977	-1
15.738573781989924	34.601885265224468	0.0076248306066317925	-1
15.621875000000003	35	0.0076122442317004217	-1
16	34.614843749999999	0.0076233967790460553	-1
11.378124999999999	35	0.0075907636150228794	-1
11.832812499999999	35.313928169495199	0.0075782151044856503	-1
12.135937500000002	35.486083103737158	0.0075722579355930646	-1
6.3691406249999991	41.176736351679047	0.0042918802620527238	-1
7.1480468749999986	41.231058354284492	0.0047008897084969857	-1
8.8476562500000018	39.73342654106137	0.006255852486341822	-1
8.6937500000000014	40	0.006104783763182413	-1
9.1554687500000025	39.733339114983956	0.0064638016283929027	-1
9.4623852184268937	39.399458328905261	0.0067656216800196598	-1
8.3164062499999982	40.499999999999993	0.0058653698167203377	-1
7.926953124999998	40.949233749871809	0.0053221926984321211	-1
11	35	0.0075884468158528163	-1
11.074999999999999	35	0.0075888763479371891	-1
12.106547280710908	36.162636485163503	0.0075380698014835103	-1
11.226562499999998	35.113238056278831	0.0075840136409983851	-1
11.853488458451233	39.656123554985015	0.0073437944534743759	-1
11.000462451974942	39.60278404721555	0.0072656682231758323	-1
10.277904070167875	39.225390625000003	0.0072524546250290513	-1
9.7392688395795517	39.225390625000003	0.0070263270841969989	-1
10	39.458593749999999	0.0072045126532821017	-1
12.550398698303271	36.357741415346759	0.0075348217170497752	-1
13.266812482083706	36.885084744781246	0.0075246131169386067	-1
13.402972638456525	38.445597376625607	0.007469421877571567	-1
12.61580661480671	39.543498113512982	0.0074008366195096988	-1
57.942682102726522	-13.437285292162642	1.1164598752400239e-05	-1
54.748042305608244	1.0429852326250191	3.1019804102923971e-05	-1
54.175075510799928	3.2845062267852088	3.5729699008601147e-05	-1
52.125416502340656	5.0165154808614902	4.1218902173708553e-05	-1
57.014249125869249	-4.3456956682735077	2.1266379967400194e-05	-1
57.246819593994331	-6.0115561210114405	1.9027161639909288e-05	-1
58.310559532378839	-8.1411033602891365	1.6132900832362122e-05	-1
55.988805301166913	-1.2623293835576725	2.6319202333051751e-05	-1
57.159897282919033	-2.3934654205421562	2.3842445500294346e-05	-1
58.423935737941441	-9.5542159193046778	1.4614444012409945e-05	-1
59.313930797502984	-11.762900324883358	1.2208369751505676e-05	-1
55.936168442098086	0.19589859748818639	2.8667801091612098e-05	-1
50.879104501183825	7.4766340511922857	4.8474508918167743e-05	-1
52.207750759816101	6.6119599094604871	4.4933777682908317e-05	-1
52.501462830787155	10.772776178691263	5.540977687058541e-05	-1
49.321590198784321	12.790876900943742	6.616388119845799e-05	-1
51.100249799594174	12.079193267734933	6.1284630079066211e-05	-1
52.715396411881841	9.2108811375161714	5.0940863969523416e-05	-1
52.984147286799335	7.8124223190184159	4.7032659232158872e-05	-1
48.724285424731214	14.298284621208001	7.2280775847165666e-05	-1
48.149227085222194	16.047603717688638	7.9828669092928776e-05	-1
45.018908682305799	17.646756741616059	9.1526505344147717e-05	-1
46.092804556333078	17.969600958737505	9.1464003789921614e-05	-1
47.704211084838931	18.166413308064513	8.9446877240884044e-05	-1
27.559403033585987	36.480545641615656	0.0074411300072932101	-1
30	35.260937499999997	0.0074668697060165778	-1
30.770480128234951	34.818088906767997	0.0069199548312934922	-1
31.637311861228767	34.622238833478633	0.0062965055333602379	-1
32.992649035492725	34.608870295900509	0.0053209676802015377	-1
35.490569676710237	34.734725736042463	0.0035401071659800702	-1
29.161310651849828	36.660156249999993	0.0074078879153782378	-1
30	36.193749999999994	0.0074259455905727641	-1
25.716503563464759	37.149658648503689	0.0074627572091827818	-1
43.776783899910448	21.039185554416211	0.00011097937505972195	-1
43.990851270607223	23.056500605977721	0.00012302600658908549	-1
44.307574523095624	21.915265096221823	0.00011525978164946014	-1
43.885296895081879	23.937907986443541	0.00012920110951180223	-1
42.106095277270832	27.227461887940574	0.0001596477758943905	-1
43.530378555713618	26.647196365741763	0.00015093087296073085	-1
43.668062638550325	24.798622790732015	0.00013580817405673049	-1
44.24741009730888	25.924753468495897	0.00014297847323004208	-1
40	31.207812500000003	0.00021121208694841988	-1
37.68938768507978	35.44544542713372	0.0019826027982194098	-1
38.560726673002506	33.698437499999997	0.0013161067695397475	-1
40	32.453125	0.00023233302520850484	-1
42.951562536377459	29.701406117022159	0.00018354406964491484	-1
42.828418041272904	28.0730240953201	0.00016610552688452909	-1
41.147852580365416	31.830468750000005	0.00021931684540545687	-1
42.587619728259249	31.207812500000003	0.00020444137971816596	-1
44.48872770311111	18.883602684106894	9.8246116075115104e-05	-1
44.750971469425046	20.72262177153058	0.00010759007522009009	-1
44.963273553124615	19.749281221490289	0.00010201416017215175	-1
16.302367201831572	34.860508656028898	0.0076151109378705959	-1
16.321946495636624	35.068304253858734	0.0076091563864132622	-1
16.114334241087494	34.769921874999994	0.007618332533701604	-1
16.517492698895147	35.700394566758192	0.007591989344721611	-1
16.068304253858724	35.321946495636617	0.0076021482075154792	-1
16.866402486855954	37.665160838758858	0.0075504705972826679	-1
16.135217765078128	36.60992512116821	0.0075678407323683293	-1
18.24682999987963	38.753211545231053	0.007542014975313714	-1
22.336718749999996	39.020973942844599	0.0075092894026665058	-1
19.999999999999996	40.499999999999993	0.0075294219787908224	-1
21.557812499999997	40.499999999999993	0.0075148130759844821	-1
23.806775716362242	38.512209622676046	0.0074839371241005887	-1
25.305936363073663	38.927451688438367	0.0074370293548178309	-1
-40	69.626562499999991	0	-1
-37.891657951442362	70.012211319827955	-5.5411378535798974e-07	-1
-35.39496335988737	70.81389157374403	-1.0841582643081389e-06	-1
-36.891800249062726	71.345435768789869	-6.900611215365712e-07	-1
1.4077705715205093	54.389631772672686	-4.023774500017945e-06	-1
4.5570462099660141	55.10094602023036	-1.6292602991964338e-06	-1
3.0188017131490086	56.503195282311694	-2.5669160111764349e-06	-1
7.6226527737293432	42.936398874534021	0.0039426096023384306	-1
7.8182039359274267	41.865955000871388	0.0046719139478607575	-1
8.443185524280608	51.921316620652846	1.0966720615604963e-06	-1
9.0953124999999986	50.500000000000007	1.6259680809244226e-06	-1
7.8934887324201704	53.514502310412141	6.6205584433022384e-07	-1
10.787117493810255	47.08455086079735	0.0020964131305331768	-1
10.653124999999998	50.500000000000007	2.7186094763938853e-06	-1
11.432031249999996	48.573305609047281	0.0012102905763446583	-1
11.262626151965931	44.349727901480144	0.0040186170239591597	-1
12.345898753924564	46.706840391667534	0.0025085472351569771	-1
10.050515687255505	42.977778867847277	0.0047511218653140406	-1
8.6074408104558078	42.473491900705241	0.0046233137344638903	-1
6.8568833043546551	55.636072540100344	-4.817786216362402e-08	-1
-1.981486776558895	59.870275303665409	-4.9199558891926863e-06	-1
0.44033992162126667	58.54556993001507	-3.887953006570762e-06	-1
1.2109059969431251	56.210462311742745	-3.8789209817194588e-06	-1
-3.0697757315689365	61.256300653009248	-4.9955169590976545e-06	-1
-4.1296345661640022	63.757083000469592	-4.5020377092047505e-06	-1
-17.050862863594148	68.748186698720843	-4.4638861591741619e-06	-1
-22.259159630468989	70.852167674330829	-3.2823672922058236e-06	-1
-20.57075298269455	70.630489340510081	-3.5003796790202285e-06	-1
-27.199505319013081	69.438112703925768	-3.1648340746427992e-06	-1
-25.414635115789466	70.54583003284182	-3.0516511838947848e-06	-1
-23.833190414459288	71.502002563349052	-2.8822048995869885e-06	-1
-16.916553095174852	70.983226021318643	-3.4547279405444921e-06	-1
-18.894848471886284	72.373177159848893	-2.8468652147747197e-06	-1
-12.2467693830452	68.957006486948629	-4.1324404505518102e-06	-1
-10.687323169274185	68.507093311012852	-4.1501848275079993e-06	-1
-8.6141528459153065	68.229489174089068	-3.9460058396287997e-06	-1
-15.215353447731484	70.030506889519842	-3.840568982530327e-06	-1
-13.274151054283946	70.213502114130847	-3.6645071461653117e-06	-1
-5.0202212959907282	65.351992886876602	-4.2161062344001974e-06	-1
-6.5402986822800191	68.376013460265511	-3.4913107580606982e-06	-1
-4.8465143346840289	67.170428522442478	-3.5141495545111144e-06	-1
-29.096389780864985	69.908956865585111	-2.6512694221483012e-06	-1
-30.389514748352209	71.374457703061864	-1.9985269046668883e-06	-1
-31.866918771192321	72.160486863307867	-1.5519998927461341e-06	-1
-33.21558576087282	71.169698370032265	-1.5026033971307918e-06	-1
59.325781249999999	-30	0	-1
58.597347996321041	-27.224280614590164	1.6006361605314855e-06	-1
59.14502940800908	-25.568948845275905	2.5352309653258204e-06	-1
57.941702823875865	-23.91195612803844	3.6166235166530916e-06	-1
58.482298536775339	-16.9164621095765	8.2507745827269001e-06	-1
58.547146674404246	-15.242738607272157	9.5280155090039805e-06	-1
60.129193320500157	-19.197572251033652	6.3350426185397799e-06	-1
59.727995289547628	-20.90119439099076	5.3086331737710171e-06	-1
59.022854777389959	-23.000096446941686	4.0844753574254434e-06	-1
60.255274002952625	-22.306179681716404	4.365296985607525e-06	-1
12.977073585807842	36.044019308162611	0.0075551992411672731	-1
13.642168043775149	36.056372606347381	0.0075627745156040069	-1
12.482017059719844	35.85589154269249	0.0075578881909897245	-1
14.759393390073527	35.998068048380418	0.0075757178381766635	-1
14.216513374167992	36.328687726313944	0.0075591146333548812	-1
15.516070746141271	35.299660580007995	0.0076024251844309335	-1
15.386024096298248	35.881196218674852	0.0075836602429211232	-1
15.842232015570183	34.84223201557019	0.0076169697375575674	-1
15.7734375	35.113238056278831	0.0076085362962172	-1
15.925000000000002	35	0.0076119047378688624	-1
16	34.924999999999997	0.0076140330897044878	-1
9.0015625000000021	40	0.006300106691947284	-1
8.7058593749999993	40.499999999999993	0.0061124266307259799	-1
9.0437107241941455	40.250886270463596	0.0063267772219652643	-1
9.4632812500000014	39.726510774749777	0.0066820672669229671	-1
9.3093750000000011	40	0.0064956825547788869	-1
9.7382123704668651	39.5751953125	0.0069436973044692185	-1
8.5111328124999979	40.838695108173248	0.0057386305288983407	-1
8.656198450641746	41.478696132067995	0.0053486275391686306	-1
11.594096767064158	40.053757972129958	0.007303994044161868	-1
12.052592767437451	40.069429310255956	0.0073482135410469747	-1
11.121315060543468	40.097055053304395	0.0072452222955256334	-1
10.516745743602819	39.668803684660794	0.0072016323594713176	-1
10.639989490149638	39.932025129524021	0.0071799425786561776	-1
10.238147685717369	39.585992621141258	0.0071859825229651821	-1
10	39.691796874999994	0.0071457942931233758	-1
14.282654472231609	37.530291888335952	0.0075196235843494365	-1
13.379296874999996	39.796321565744634	0.0074358965204575408	-1
14.547656249999998	39.609300526579368	0.0074817206829140082	-1
12.600390624999998	40.112375060593486	0.0073885917848606651	-1
60.305251668781125	-13.973438238185079	1.0031433107984406e-05	-1
56.127738915374124	2.9001725091844803	3.3225941062305103e-05	-1
57.060128389495674	1.1264433413257522	2.929307107414966e-05	-1
55.075804640971477	5.8460931899165196	4.0117738952068402e-05	-1
53.512468190190184	5.7447821855639267	4.1566823130527295e-05	-1
55.942169306965503	4.4946825673691135	3.6430878207071777e-05	-1
58.413259911299349	-3.43269941039655	2.1616909117956623e-05	-1
58.523127424568727	-5.0626891301410621	1.9507297856257018e-05	-1
58.690631181437588	-6.6208015875684989	1.7606051957830291e-05	-1
60.214693397907801	-8.6994362097334559	1.4657141541151513e-05	-1
58.331855388189318	-0.09438906811447878	2.6300746953513432e-05	-1
58.684352731331032	-1.8216606027100126	2.3545722182448048e-05	-1
59.707419180324202	-9.9399025797202185	1.3712449235762444e-05	-1
60.53075632463559	-10.87612395765302	1.2507993662200677e-05	-1
61.223536605971759	-12.483429119197757	1.0878986249548324e-05	-1
54.210352495755387	7.0883125998928618	4.3865366578880553e-05	-1
52.829306039063731	12.240817540338522	5.8963657954855954e-05	-1
54.030965795660677	11.336030030424947	5.4470230153348818e-05	-1
50.504403423503867	13.899932311483489	6.8045462953138285e-05	-1
53.152452584003811	13.709899879492289	6.265091139300015e-05	-1
54.169433052828438	8.6017332543612923	4.7422880244836406e-05	-1
49.661641177132587	15.340944337962069	7.4504721141160977e-05	-1
49.485577430446547	16.935914521554551	8.0784868438187998e-05	-1
45.515335348779701	18.930855374128789	9.6972320227902523e-05	-1
46.72984832122053	18.89245304786099	9.4643322072413628e-05	-1
49.385752467173752	19.530162515346198	9.1499405776538441e-05	-1
47.481448853964331	20.159654114772717	9.9060898615805929e-05	-1
27.613106652061585	37.646536296707779	0.0073925124970208493	-1
28.77534818550826	37.538773110363579	0.0073671597156005665	-1
30.822332749448524	35.705256202268565	0.0068476815474730083	-1
31.740366145478234	35.9737185367064	0.0061744268205147917	-1
33.033799996899376	36.479151651889573	0.005243921771673511	-1
34.645806200834812	36.610953811860654	0.0041228866810968925	-1
36.187300014823343	36.670810434245091	0.0030659358831576925	-1
30	37.126562499999991	0.0073760022589203864	-1
30.877316747849559	36.660156249999993	0.0067612613787426884	-1
45.061531767446695	22.550165360234129	0.00011756418879834065	-1
44.703312943290108	23.593132057170696	0.00012494863214259567	-1
45.227691823868014	21.578599249667061	0.0001115041684491125	-1
44.800164827346563	25.070048735945271	0.0001348675751197842	-1
43.821505660098786	27.534582459553384	0.00015789334102303857	-1
44.494202346370031	26.886748963446827	0.00014984520736034153	-1
45.263254595837026	25.988924538563111	0.00014006472388773452	-1
38.925423370939477	35.566406249999993	0.0010944328779167449	-1
38.212144736864033	36.47934627775615	0.0016452513335201498	-1
40	34.943749999999994	0.00029013785098363202	-1
41.34828891315545	33.798302455870683	0.00025733979940569809	-1
43.887463519433823	28.466171763479686	0.00016635496811978498	-1
44.493454540638687	29.857238095295724	0.00017713806629720833	-1
42.194457299797058	32.611420037327832	0.00022851426019070931	-1
43.860652742453397	32.321267733609915	0.00021099066886330652	-1
45.149049212833766	31.225626301574358	0.000187260931415649	-1
45.746880780195838	20.747694581823428	0.00010585130210169746	-1
45.92403005861398	19.801943799072674	0.00010058949824629293	-1
16.120267984429816	34.962499999999999	0.007612617920618364	-1
16.095874257348072	35.095874257348072	0.0076087267087443216	-1
15.932815277798476	35.644309676193757	0.0075926720716086608	-1
15.861078150072766	35.302068434788758	0.0076027376426773419	-1
15.9625	35.120267984429809	0.00760817653646036	-1
15.85883393033153	37.582375521327371	0.0075439878451447071	-1
16.242427436343814	39.086593312091921	0.0075245083953044724	-1
15.231268212737762	36.789779107646382	0.0075557855325586124	-1
18.442187499999996	40.499999999999993	0.0075335745448695274	-1
16.884374999999999	40.499999999999993	0.0075241665582787267	-1
23.115624999999994	40.499999999999993	0.0074898620051341925	-1
20.778906249999995	42.068399080970117	0.0062957069388652007	-1
18.442187499999996	42.272237206254616	0.006139556987154229	-1
22.760796183007919	42.550895531019059	0.0058837487382781672	-1
26.231249999999999	40.499999999999993	0.0073916532729709382	-1
27.010156249999994	39.579178698682668	0.0073575555410682952	-1
-40	71.342968749999983	0	-1
-38.479111558376999	72.142177011925511	-3.0789501411795396e-07	-1
-35.001338457590684	72.352761074505878	-9.5940773946119323e-07	-1
-37.019787614660352	73.069987019990478	-5.1845340181240671e-07	-1
5.2363724256962749	57.390994916830927	-1.0262192828834207e-06	-1
3.8208032296154535	57.713388339382817	-1.906115173367904e-06	-1
2.2660708886205221	57.872876001413921	-2.8697329012432162e-06	-1
9.8005631231497397	52.66299107499929	2.0093548966551e-06	-1
9.4461161266736653	54.168621264930032	1.700540884363289e-06	-1
8.6055721314615603	55.703531393594282	1.1033951002474159e-06	-1
11.225768529342949	52.061871708900121	3.0236426193062976e-06	-1
12.210937499999996	50.500000000000007	3.8082586808710422e-06	-1
12.989843749999999	49.113159636207058	0.00092498337373034733	-1
13.507386986789868	47.68534073076215	0.0019122872791354282	-1
12.782135417501657	45.078877088102992	0.003696342090610023	-1
11.045067795354546	42.532002869739856	0.0053521375086114402	-1
12.300002835433252	42.4023705404921	0.0056863309159451087	-1
14.93976744398342	46.670728893720231	0.0027022008396968911	-1
10.144145266940678	41.891922690436608	0.0056435075264542117	-1
9.5021501533928028	42.035894916670493	0.005290882189772533	-1
7.6550487078099927	57.644537333949373	4.8134702913427344e-07	-1
-0.20799139504594555	60.236435230391237	-3.8306454619852813e-06	-1
-0.30303825227444436	62.30843889962113	-3.3377374009914444e-06	-1
1.6028680322131397	60.224306961985661	-2.8452395815106857e-06	-1
-2.4786602404902123	62.981802886015331	-4.122943373292193e-06	-1
-2.9427034591351235	64.745730143906627	-3.7334604020238542e-06	-1
-23.075441892414425	73.187544146579995	-2.3238294290515784e-06	-1
-21.178782913348101	72.540136357923402	-2.6883807668732879e-06	-1
-26.925829721950461	70.793705150118925	-2.746560183887191e-06	-1
-26.077061338256797	71.885548290613727	-2.4955088292494654e-06	-1
-25.491335235491441	73.260531360676424	-2.0936667883928435e-06	-1
-24.260351922668807	73.986555805785216	-1.9506840533917158e-06	-1
-16.894291348533571	72.918825413879105	-2.6487235740819359e-06	-1
-15.057751729543327	72.30713691331438	-2.8710107404057289e-06	-1
-19.945085092624694	73.711494342409566	-2.2844913028880525e-06	-1
-18.252542091536441	73.958465483396026	-2.2268229966356474e-06	-1
-11.728920074171167	70.428699685205459	-3.4537703688961489e-06	-1
-10.17590563297683	70.279720082781012	-3.3539157026269033e-06	-1
-8.8807600207509196	69.646346545012392	-3.4261840450421394e-06	-1
-7.6368671699582302	69.146895186406283	-3.4171319213354864e-06	-1
-12.775737410545505	72.290013400022133	-2.7847124461797229e-06	-1
-3.617119287561481	66.135475414604457	-3.5041242848677137e-06	-1
-6.4199298528080195	69.712603980304479	-3.0054780559610207e-06	-1
-4.6063370919241855	69.300497174681894	-2.7812543447118206e-06	-1
-2.5721938210021125	68.624376826995757	-2.4955006204789884e-06	-1
-29.009438781080981	71.836717733581878	-2.0992764532847441e-06	-1
-30.08168114143994	72.746657765646532	-1.6974745866173669e-06	-1
-33.080688964234916	73.312583389620883	-1.1299521044594992e-06	-1
-31.487356067261008	73.775789138464148	-1.2643658128965619e-06	-1
61.198437499999997	-30	0	-1
60.262109375000001	-27.742593017749329	1.2472674239674829e-06	-1
60.941988511687072	-25.440341655756271	2.4816113645040471e-06	-1
60.185667087341898	-23.805233178448468	3.485177177879918e-06	-1
60.744827249683951	-17.777703601555011	7.1561973783475679e-06	-1
60.070623491147686	-16.384691968972522	8.2847990341698678e-06	-1
61.551548954940714	-19.679839095111682	5.7485706254526823e-06	-1
61.219796247205132	-21.156526103847153	4.9083266971868163e-06	-1
61.631050486255823	-23.492344366503868	3.498681920070738e-06	-1
62.350868049327275	-22.200487077795099	4.122783778483909e-06	-1
16	35	0.0076117618421618627	-1
8.9005859374999989	40.869664025998951	0.0059426742602769382	-1
9.0953124999999986	40.499999999999993	0.0063594624311661997	-1
9.2900390624999982	40.31446884085306	0.0064829329958838019	-1
9.6171875	40	0.0066925042282173046	-1
9.8422320155701826	39.84223201557019	0.0069341108149575626	-1
9.5511725610130949	40.250051908981206	0.0066490194642579671	-1
9.5021501533928241	41.069220666322337	0.0060945942991626001	-1
11.432031249999998	40.499999999999993	0.0072816559667100243	-1
12.210937499999996	40.499999999999993	0.0073585113753715193	-1
10.653124999999998	40.499999999999993	0.0071456772260371929	-1
10.300853755285575	39.863393508339236	0.0071263393775875816	-1
10.321946495636624	40.068304253858734	0.0070867040009957938	-1
10.102337107348282	39.808398437499996	0.0071100610364802953	-1
10	39.924999999999997	0.0070483612194113011	-1
13.768749999999997	40.499999999999993	0.0074489141996739242	-1
12.989843749999999	40.499999999999993	0.0074104810503977537	-1
15.326562499999998	40.499999999999993	0.0074980152415635524	-1
61.268814024941207	-15.284240294100542	8.7391967866731948e-06	-1
62.612877414222545	-14.367644390992433	8.9288890950800092e-06	-1
57.536320472424386	4.3060547144868977	3.4247906205243128e-05	-1
58.116599827608084	2.8291862440618631	3.1069938794610908e-05	-1
59.023522661961891	1.5271280343355698	2.8055159304766683e-05	-1
56.387125580081658	6.9716142733876856	4.0789123317471088e-05	-1
59.911929370720344	-4.0830279491702681	1.9771469091655972e-05	-1
60.497824333250001	-2.4876490073454773	2.1237320802531136e-05	-1
59.824894534125782	-5.7108035092058858	1.7970986397683181e-05	-1
60.788486739771038	-6.7999040174670888	1.6242074654589169e-05	-1
61.973833642179237	-8.1943920106139956	1.4173785286627371e-05	-1
61.031759960260942	-9.73446294019144	1.3286970422889184e-05	-1
60.478814144859719	-0.55584714928321621	2.3683505073672982e-05	-1
61.776368250526943	-10.822781181399078	1.1991996328678225e-05	-1
62.621914287230126	-12.026607567945549	1.0637643264998176e-05	-1
55.896226624890573	8.6285326571589565	4.5008593720939159e-05	-1
54.706406322999008	12.819409386853579	5.7152797154714943e-05	-1
55.629242185818057	11.016425897605609	5.0976408474316167e-05	-1
51.307665071108431	15.619097541835876	7.227501042448538e-05	-1
54.627970461574108	15.771238299306198	6.5470909160215924e-05	-1
52.945667378606359	16.577067689803144	7.1812280845758768e-05	-1
55.745827271853742	14.277953054865975	5.8875428060345763e-05	-1
50.991487564320629	17.490137399232403	7.9582740655425877e-05	-1
50.917787271731889	19.084088702149145	8.5760287124296282e-05	-1
46.602220803515735	20.418442581502692	0.00010229755940225283	-1
50.918966047557298	20.739853477130715	9.2385248433192994e-05	-1
49.673318305894028	21.355134967481661	9.876494659366194e-05	-1
47.356200759057131	21.357099592973764	0.0001052646173273517	-1
48.411535172938081	21.936609759770331	0.0001051997087087921	-1
28.220611828286721	38.643208633666717	0.0073240508868628882	-1
29.487089700829607	38.663149564047572	0.0072646428783262043	-1
30	38.059374999999996	0.0073110665235108976	-1
31.779809435093423	37.075759926075818	0.0060905439400866651	-1
33.525768722904253	37.777766504168348	0.004857293218938412	-1
34.945039083757081	38.200417712890619	0.0039113671489016209	-1
36.176287122249548	38.213426624360231	0.0031027936458909193	-1
37.308775277959661	37.730092846060522	0.0023295672983154317	-1
30.898081030985452	37.946773389182169	0.0066568870600294504	-1
46.047194791947263	22.554440133297664	0.00011520661710709492	-1
45.551052031369892	23.315799426574817	0.00012107357206298259	-1
45.354210448219071	24.202974157659689	0.00012731126740471533	-1
46.190171511045136	21.602343194462634	0.0001094734569175939	-1
45.817306866739372	25.225634551548648	0.00013269159410120039	-1
44.876803356354337	27.870796765419293	0.00015659469840427782	-1
45.480344645938622	27.004499171532064	0.00014693093966341276	-1
46.18503793163336	26.241657577175879	0.00013834879807561246	-1
40	36.189062499999991	0.00033309920959381079	-1
38.674707624404029	37.541542812856228	0.0013695682997480233	-1
41.287116673738126	35.566406249999993	0.00030282421817741655	-1
43.100238472851053	34.044484928789018	0.00024575237360953189	-1
45.500763689075967	28.722505114913286	0.00016083791084900559	-1
46.493876496899645	30.019490533243463	0.00016562962980018153	-1
45.660150743384399	33.735609082679247	0.0002083758570485779	-1
47.165900707146044	32.80472363418707	0.00018242349841472437	-1
47.875740609998729	31.183009114334467	0.00016356181509602738	-1
16.105468749999996	41.944594132487062	0.006353576423749569	-1
25.204502790256303	42.190609604406845	0.0060693127816141964	-1
20.511961473417543	43.799095793202611	0.004963123916667935	-1
17.156393473903581	42.94594825616187	0.0055930147783052036	-1
18.484065059969769	43.913367515534553	0.0048719430154416663	-1
24.455676419167862	43.758975393278327	0.004884292753383172	-1
22.948169761109167	44.62380824282134	0.0042914542045525547	-1
27.010156250000001	41.383152948886099	0.0065876425265118154	-1
27.789062499999996	40.499999999999993	0.0072959948562272489	-1
28.178515624999996	39.878416373614186	0.0072707559587764283	-1
-40	73.059374999999989	0	-1
-38.527118733717806	73.917578124999991	-2.2935807561984764e-07	-1
-35.620958957037502	73.807815175705656	-6.7068026998781331e-07	-1
-36.949248285239982	75.725900171292835	-3.2478585855095803e-07	-1
4.7861562464130438	58.683126361793086	-1.2151577507222255e-06	-1
5.793602655708062	59.609058330971692	-5.6136877448428956e-07	-1
3.2812076661329841	59.061205202190095	-2.0694864892776556e-06	-1
12.177068009405909	53.426566966455034	3.5851025603580164e-06	-1
10.351826735783117	55.589259052894498	2.2339518566988797e-06	-1
9.661943488182871	58.446642177418191	1.6872037652064369e-06	-1
12.882744802525474	51.914245570052401	4.1822248517490236e-06	-1
13.768749999999997	50.500000000000007	4.8995611399787646e-06	-1
14.547656249999998	48.791847707112993	0.001186148367761546	-1
13.887324168774398	43.806428751838652	0.0047605907912892887	-1
10.667591838388017	41.493313339585292	0.0061556096273060155	-1
11.821484374999997	41.235028868731803	0.0066299529770201511	-1
12.600390624999998	41.177040514954996	0.0067787686426545668	-1
14.248405242668003	42.625847218057281	0.0057181421894035005	-1
13.379296875	41.749033129963792	0.0063566087484935854	-1
16.462965429238562	45.965597714909649	0.0032814990031042423	-1
15.701760799078066	43.715865398208621	0.0049427439268746824	-1
16.372636467206579	48.351476944245142	0.0015390113837542127	-1
10.051560784107167	41.240528922209947	0.0061834121941343476	-1
8.0779040227596326	59.4982517297464	7.4059989702394445e-07	-1
-1.0561780352051096	64.299023281903061	-3.1514397970463038e-06	-1
1.3712980959076266	64.079693714546224	-2.2031917990630268e-06	-1
2.1474204343211931	62.366534673946369	-2.1624479173783318e-06	-1
3.4766108609019053	61.035921058932701	-1.6937745793855173e-06	-1
-2.0173732992726561	65.982658889755754	-3.0488124750089849e-06	-1
-23.039276196021156	74.51927540459144	-1.8445108772100767e-06	-1
-21.718562687567868	74.694009287251262	-1.8476688210573708e-06	-1
-27.565561927151702	72.019785048915026	-2.2593730374654046e-06	-1
-26.975466532592932	73.387463723570178	-1.9062726144209845e-06	-1
-25.464328335573637	74.756537759153048	-1.6107078954650952e-06	-1
-24.212337136879682	75.575856107122277	-1.4201442061938338e-06	-1
-16.698326514011981	74.844607950271751	-1.892276575441353e-06	-1
-15.001623631940856	74.99356498528212	-1.8166772368434211e-06	-1
-13.906309496078686	73.689235344398327	-2.2898752085427674e-06	-1
-19.82105547345893	75.408169471668771	-1.6464590425610605e-06	-1
-18.170497388922733	75.620615946455956	-1.5924143737996297e-06	-1
-10.713513166844089	72.844582105764374	-2.4320238989528967e-06	-1
-9.7809249774746618	71.701283532262522	-2.7728239602684561e-06	-1
-7.7338796764968798	70.519976713434531	-2.9398585527859462e-06	-1
-12.146041884480251	74.060009164628795	-2.0752886508089321e-06	-1
-6.1502112123942947	71.027219790486257	-2.5357622802731053e-06	-1
-3.2558558702009055	69.965517101411521	-2.3018931052602303e-06	-1
-4.4964973479780852	71.20195329628163	-2.2025413096870059e-06	-1
-1.0355443568143055	69.217209225774937	-1.969227314526796e-06	-1
-1.9106967765436367	70.288643830727054	-1.9337369716748241e-06	-1
-1.0249925031780407	67.570202702650093	-2.3315840587783748e-06	-1
-28.579617005292121	73.22723823048716	-1.7681326225469008e-06	-1
-29.867761522360993	74.13659767005791	-1.3757821118526278e-06	-1
-32.724022584861927	75.057696375997722	-8.6452643266140091e-07	-1
-34.500153233344037	74.923568970451143	-6.7892577954974036e-07	-1
-31.256141659609167	76.55333169104297	-7.0303915597383741e-07	-1
-29.735115544555185	75.819970508107815	-9.819403262009226e-07	-1
63.071093749999996	-30	0	-1
62.134765625	-28.28874070620417	8.854201637154377e-07	-1
62.493595292430406	-26.355829628063201	1.8735310544262534e-06	-1
62.327623194938958	-24.834610961209975	2.6858086966094376e-06	-1
62.280827945103354	-17.588669265505441	6.8869852888093276e-06	-1
62.660476985059184	-20.692733701543819	4.9167389212488607e-06	-1
62.930394356366861	-19.084471797817201	5.7981892157874681e-06	-1
63.109145590797375	-23.539962014770122	3.277117143589847e-06	-1
64.51567928938924	-21.859354322036445	3.9189356340019263e-06	-1
9.2900390624999982	40.718349156641857	0.0062892950826961697	-1
9.4847656249999979	40.499999999999993	0.0066055308705550361	-1
9.7710937500000004	40.113968846151273	0.0067940712916858452	-1
9.9250000000000007	40	0.006908610588922311	-1
9.6794921874999975	40.499999999999993	0.0067263955899131639	-1
9.8608845123553941	40.296772061933034	0.0068405773307183889	-1
9.5821289062499986	40.701666485171849	0.0064720578919826915	-1
9.7768554687499964	40.812258282490944	0.0064695204858877748	-1
11.042578124999999	40.94305930156365	0.0067665154738829865	-1
10.263671874999996	40.499999999999993	0.0070270825718568436	-1
10.458398437499998	40.861148533121764	0.0067013749992619687	-1
10.120267984429818	39.962499999999999	0.0070539539372052483	-1
10.095874257348072	40.095874257348072	0.0069991487548107887	-1
10.068304253858722	40.321946495636617	0.0069510359364220817	-1
10	40	0.0069850045414142732	-1
14.547656249999998	41.428098857824395	0.0067047433987129628	-1
62.747763135382087	-16.009177127987872	7.7818557314188023e-06	-1
64.056646009466235	-13.665148826457362	8.8278690479248014e-06	-1
64.461264720077949	-16.331585127831858	6.9834213537053698e-06	-1
58.397008259377813	6.2576248163873158	3.6704077622424567e-05	-1
59.379280365740179	4.6588432676261711	3.2612766147646599e-05	-1
59.689641679366297	3.0375223705620016	2.9620146373330785e-05	-1
60.951618146216511	2.5601963485771608	2.7432562502027366e-05	-1
61.778609937492867	1.2141546476008482	2.4655985854334146e-05	-1
57.575681723313515	8.2260841251867181	4.1633240233214885e-05	-1
61.611407874199138	-4.0663039738921958	1.854014697965387e-05	-1
61.226876231283697	-5.4412106610950257	1.733753416266394e-05	-1
62.097441915059761	-0.82824784279709851	2.1775919886396623e-05	-1
62.20404132658296	-2.4661716999261429	1.9777733668062701e-05	-1
63.186445637914645	-6.8235469464735665	1.4640254359069864e-05	-1
63.371203006707802	-8.6050064437835978	1.2963960884486939e-05	-1
62.336488122860636	-9.5432496514342073	1.277900769504616e-05	-1
63.357146295188706	-10.752409795383066	1.1255393115832508e-05	-1
64.156079096510027	-12.062625554862105	9.8851600291630737e-06	-1
57.037481369590459	9.9247085156771675	4.6055456457437439e-05	-1
56.497220195012687	12.84645039682967	5.3722517297588701e-05	-1
57.560073171312936	11.628199710103816	4.8815256477273338e-05	-1
54.748599988589838	17.761106981675347	7.0952754837294579e-05	-1
56.40127563548895	16.349938074421331	6.268518817768463e-05	-1
53.424059942058356	18.680316509147371	7.7462715074000228e-05	-1
57.573328062874658	14.839508676807647	5.6090238107643445e-05	-1
52.316534023780896	19.851955886517651	8.4678980954630044e-05	-1
50.812424354359948	22.392187355979917	9.9504518192080013e-05	-1
52.522717741542259	22.796885442656837	9.4903178677977493e-05	-1
49.267142324836861	22.683754808177838	0.00010616601997829467	-1
46.924553610781082	22.199409503121849	0.00011087269690882132	-1
47.723117952666904	22.795107240583569	0.00011173382619227625	-1
48.451734453145562	23.47457673789658	0.00011293348521905567	-1
28.99953754802506	39.602784047215543	0.0072051616102489198	-1
29.722095929832122	39.225390625000003	0.0071908794848399207	-1
30	38.9921875	0.007219741307917609	-1
30.504323844296664	38.690687580609165	0.0068675351491163123	-1
31.549377381305622	38.293549111489469	0.006165062489890653	-1
32.606004814018171	38.456584547880418	0.0054380909395960542	-1
33.154807060901952	38.85903752934334	0.00505382135099242	-1
34.076562499999994	39.012800294471951	0.004457608899181024	-1
34.692187500000003	39.36243454236542	0.0040640481354231577	-1
35.615625000000001	39.309692535872493	0.0034872492941271944	-1
37.028261708121462	39.323014515348902	0.0026024796377828122	-1
38.353432039151592	38.371351405162386	0.0016574553818113611	-1
37.803844008874833	38.851443478108969	0.0020688349356724461	-1
30.996907795749415	38.782647971187053	0.0064984905222069157	-1
46.763621057328919	23.063298423110723	0.00011616932939732172	-1
46.139910432332933	23.911876622570897	0.00012306903821359243	-1
46.555673114644719	24.638777833837459	0.00012630816307492387	-1
46.731539545184766	25.45750549158025	0.00013088242646829072	-1
46.496749082076789	27.217670340271614	0.00014391624454868074	-1
47.126054369066331	26.409128683457599	0.00013543759868801379	-1
40	37.434374999999996	0.00039236055391918989	-1
41.232491594264552	36.995177133721825	0.00035751093541897065	-1
39.548176251702465	38.109018391882536	0.00077899957165256432	-1
39.070859820922728	38.504890835566229	0.0011656236883876398	-1
42.473413387123152	36.327190665032141	0.00030601321177394051	-1
43.729440894964661	35.444677426061773	0.00026251401747210882	-1
47.012307996286559	28.103087621001656	0.00014765489697371865	-1
48.261357814379906	29.646216226635826	0.00015045633349133682	-1
45.808226767467275	35.626484549639414	0.00022505214440030682	-1
47.503558068799215	34.5424860396108	0.00019012922066968899	-1
48.977850733596874	33.005462076620489	0.00016412492309824731	-1
49.745952083843875	31.296489005353301	0.00014831960951225802	-1
26.187560653148143	43.904196541292364	0.0046533243541593359	-1
19.61238582903756	45.1058249211288	0.0039738194867484115	-1
21.033272877436495	45.811414992930118	0.0034376181454888388	-1
17.051801038807586	44.393778798329379	0.0044781016216960306	-1
18.076646945782112	45.50367343022458	0.0036629914709807531	-1
24.645758801703675	45.836609873827769	0.0033213664738170902	-1
23.063838583244738	46.25638359401075	0.0030717297891800096	-1
28.178515624999996	41.236216063575149	0.0065844036843351033	-1
28.286217340360238	42.820313466455829	0.0052400037364071957	-1
28.567968749999999	40.499999999999993	0.007221153039788931	-1
28.878684939456527	40.097055053304395	0.0071874171972145275	-1
-40	74.775781249999994	0	-1
-38.863460550165982	75.588735212419706	-1.2428913474450331e-07	-1
-37.472616655144051	77.57263325798057	-1.5340172639902248e-07	-1
-36.059228205953083	76.975662330620068	-2.9255442502559995e-07	-1
-38.449405408135497	76.923341673291617	-1.1732226185094099e-07	-1
4.4640139455825318	60.044662938768923	-1.2730028696789338e-06	-1
7.3722623269913035	61.263792291659236	3.6647307465626753e-07	-1
5.3851770706922046	61.579115449775671	-6.5317956509886837e-07	-1
12.519784584691884	55.56737649326616	3.6569797919038582e-06	-1
14.375909746016227	54.446966092314923	4.9975067589990137e-06	-1
11.448236390669434	56.809860155018157	2.8687555940817158e-06	-1
10.289289266816356	59.927045986343025	1.9806676155374787e-06	-1
12.349552140721066	58.180849250723256	3.3185712264584061e-06	-1
14.547656249999998	52.028987081429086	5.3329804151035847e-06	-1
15.326562499999998	50.500000000000007	6.0053976311760038e-06	-1
17.691205681795591	47.206748205641858	0.0023960872373182843	-1
17.663281249999997	49.179274044797467	0.00095903360384086065	-1
16.884374999999999	50.500000000000007	7.1345691032700211e-06	-1
10.068945312499997	40.732024714456102	0.0066885287743817124	-1
9.0030443629948511	60.891790621384665	1.2315831628688183e-06	-1
-0.31810020421785046	65.836588477977472	-2.5032978092029603e-06	-1
2.9072191406077121	64.114803955866734	-1.5523033676734837e-06	-1
2.0853166608987794	66.456975922910559	-1.530085029096452e-06	-1
3.9294455817569927	62.967921534860352	-1.2354198508431043e-06	-1
-22.558844677598987	75.966594324446532	-1.3621958252153508e-06	-1
-21.542162003227315	77.103213363217407	-9.9656283289128828e-07	-1
-27.824417959652695	74.611407760803559	-1.4614224528043101e-06	-1
-26.268410443022223	76.018368366408708	-1.1677295596623353e-06	-1
-24.867485030989503	77.529689374170829	-7.6568377081549942e-07	-1
-23.175948986857595	77.541592145414924	-8.0671191567597587e-07	-1
-16.517660027659737	76.207617734687219	-1.3783880597073833e-06	-1
-15.169732750603977	76.478778401953321	-1.2681446923566052e-06	-1
-13.346697653980524	75.396316615669363	-1.6305029173831547e-06	-1
-20.111654813148576	76.834408834266569	-1.1207645627993009e-06	-1
-17.802082206330677	77.203730106367118	-1.0097679221605004e-06	-1
-9.926408167587228	74.224569864268247	-1.8870354030160503e-06	-1
-8.5612131715089692	72.531437415293027	-2.3514670544033503e-06	-1
-7.0756038090509259	73.100597395204431	-2.0015707409523092e-06	-1
-11.076785143440327	75.320258372423183	-1.5728331962042924e-06	-1
-5.5703097619529611	72.585749755288333	-1.9745475814055958e-06	-1
-2.7545191916530478	71.3849228108256	-1.842578368137022e-06	-1
-3.8151528964056136	72.839202030174704	-1.6647720740303338e-06	-1
-0.10814786644852692	70.578340218180955	-1.4794173981509734e-06	-1
1.0288483988930337	68.406898079175846	-1.5710290048482644e-06	-1
-1.2127667780098574	71.698741935522079	-1.4958804549913625e-06	-1
0.67520790102257033	66.954137129146147	-1.9332330793655242e-06	-1
-33.720352219786172	76.424281222211093	-5.4117988173279941e-07	-1
-32.556380544622805	77.789813343926127	-3.8565478095610807e-07	-1
-30.489352575014095	78.661541704774521	-2.8837499563144029e-07	-1
-28.270940459491083	76.661118763524044	-8.6851012755238504e-07	-1
-28.814444483738626	78.288677691052015	-4.3146796205830112e-07	-1
64.943749999999994	-30	0	-1
64.431118334116618	-27.698902589591732	1.0805766461536923e-06	-1
64.646597346895192	-25.35126349635232	2.1786492005790173e-06	-1
63.800697533148671	-17.705365522436107	6.3762992826395548e-06	-1
64.157149396012585	-20.371086314242834	4.7771024216693769e-06	-1
65.048232463130915	-19.126314722760434	5.2204700979831245e-06	-1
65.239542538962198	-23.580624131515318	2.9429177028614989e-06	-1
66.708797516541892	-22.992799954946705	2.9569015618042028e-06	-1
65.566134487369553	-20.818975669969848	4.2139814235665251e-06	-1
9.9625000000000004	40.120267984429802	0.0069200791741067663	-1
9.8742187499999972	40.499999999999993	0.0068439007298854177	-1
65.456092418753428	-12.878054472306207	8.7007659546143214e-06	-1
65.612074546665866	-14.793037737365053	7.4544475344710562e-06	-1
65.322042140515293	-17.609803151791848	5.9587013073161068e-06	-1
66.575468779681003	-16.713309568691169	5.9992419480251766e-06	-1
59.30768167082492	7.9380008960052733	3.8346536513329438e-05	-1
61.306328530291424	6.7032856940652215	3.3132352527398319e-05	-1
61.09614973428841	3.9016639606338388	2.9174588139944819e-05	-1
62.224743561373138	3.0069361066353437	2.647121569349435e-05	-1
63.059315587560263	1.8331595127468776	2.3925950612003755e-05	-1
63.550502681834196	0.44467124703444205	2.170608856574704e-05	-1
59.255914891508901	9.6930325098727756	4.1717163027004183e-05	-1
62.889156271487444	-5.1648884785424158	1.6406053939538513e-05	-1
63.601089170347834	-1.4864293739526016	1.9512649353955483e-05	-1
64.473653712537597	-4.2165689145609431	1.5988432656821154e-05	-1
64.323610310015312	-5.7637558929241592	1.4743836678208692e-05	-1
64.714386312290856	-8.0418865975224758	1.2544965485496101e-05	-1
64.437911966647235	-9.5966602888500621	1.1528076436679657e-05	-1
65.49074122012675	-11.190151879722533	9.7687990411482178e-06	-1
58.970693245262318	11.153725337271979	4.5095100587182512e-05	-1
58.06734959205717	13.231787731479498	5.129583275076778e-05	-1
59.302281454647563	12.533243414986778	4.719214046088477e-05	-1
54.844047327133225	19.443853225022394	7.5684424361299412e-05	-1
56.779207682106616	18.490008598210977	6.7216967039239242e-05	-1
57.98793020360737	16.371183959318909	5.8592756918216626e-05	-1
53.93586710688416	20.86369610417557	8.3057101270744084e-05	-1
59.396130947947213	14.262886183413976	5.0484722635033904e-05	-1
51.123086688772084	23.859860949298891	0.00010464445631594451	-1
50.170310159582506	23.535222287316071	0.00010693892401639531	-1
53.953845664379969	22.825485986578155	8.9575934948530619e-05	-1
52.453527445306776	24.553045092149546	0.00010189717500925652	-1
53.735376860619141	24.151017991182943	9.4965731159233306e-05	-1
49.204259285548559	23.817921923337703	0.00011195663534587526	-1
46.977793922886882	23.915550343905778	0.00012043279546484112	-1
47.787168531475949	23.937072801631949	0.00011780062277279522	-1
48.505482579837853	24.260517286287719	0.00011692938439278802	-1
29.483254256397181	39.668803684660794	0.0071437781517962396	-1
29.360010509850362	39.932025129524021	0.0071237872667238872	-1
29.761852314282631	39.585992621141258	0.0071284774222965166	-1
30	39.458593749999999	0.0071457753358071616	-1
30.260731160420441	39.225390624999996	0.0069752218827157375	-1
30.568656278995274	39.042833099627977	0.0067695862929038749	-1
31.560050369773887	39.031333920793159	0.0060805950126278877	-1
32.229687499999997	39.422424200374749	0.0056014643153191714	-1
32.845312500000006	39.46514430644222	0.0052094311094521735	-1
33.4609375	39.466850381075446	0.0048259365622995033	-1
33.768749999999997	40	0.0046127538032319556	-1
34.384374999999999	40	0.0042410749847971657	-1
35	40	0.0038694266948696649	-1
36.231250000000003	40	0.0031262180210899853	-1
37.770312500000003	39.633228736225867	0.0021615122021355843	-1
36.846874999999997	40	0.0027546516223696769	-1
37.462499999999999	40	0.0023831051693050985	-1
38.554358210683269	39.072895470152787	0.0015932381982024485	-1
38.232031249999999	39.506400147235979	0.0018571710576149576	-1
30.998565209353437	39.283739694970421	0.0064230062535550574	-1
47.423133961552288	24.66028045169919	0.00012329135506337698	-1
47.553183490287807	25.471691027191483	0.00012768529371613789	-1
48.102192981088848	26.738342984027756	0.00013289394813106769	-1
40.468033530392397	38.057031250000001	0.00043040156261409498	-1
40	38.6796875	0.00048645452396120313	-1
41.394484417566261	38.409674275067388	0.0004217623690277347	-1
42.531025321621961	38.391715224696497	0.00036907204230654685	-1
39.595589917939101	38.835351562500001	0.00081822320028928817	-1
39.092078321495599	39.124645417633879	0.0012301559322890226	-1
43.72252707974441	36.979730166709999	0.00028929500432575933	-1
48.992819650469968	28.240728200952354	0.00013701774542608541	-1
49.845784597493626	29.651193871437574	0.00013913179397952909	-1
45.469858859902864	37.492722396107673	0.00024690908120018022	-1
47.462446164524707	36.554328678175516	0.00019967508280414252	-1
49.466351801823919	35.078466714971221	0.00016672124869266164	-1
50.511822840504038	33.354776876668623	0.00015000984110666687	-1
51.243119610382671	31.961831691578077	0.00013837660565269318	-1
51.349232265028228	30.3269214196796	0.00013156286551471938	-1
26.723010317153193	45.547504418698075	0.0033965853655000327	-1
28.07870563426361	44.475470216915468	0.0040133843778247498	-1
19.572804964556543	46.968986928518717	0.0025862636381208891	-1
22.112421094258952	47.58810665657947	0.0021161828582030029	-1
26.223221225661042	47.202006756759957	0.002262862050711733	-1
24.321479203240877	47.805185522776092	0.0019157595141550427	-1
28.957421874999998	40.941270504955781	0.0067228619646197418	-1
29.364337944033387	41.84224211295021	0.0058137158437126159	-1
29.729168018729599	42.628321413478986	0.005074639378000673	-1
29.700162054010502	44.083699805040304	0.0040222335093885887	-1
29.346874999999997	40.499999999999993	0.0070915895541083917	-1
-40	76.4921875	0	-1
-39.284074747119789	76.921289062500009	-5.4696076518539958e-08	-1
-38.425526545712451	78.256488922851005	-6.9965807657751028e-08	-1
-36.277894185002374	78.494288810708738	-1.3869156366354707e-07	-1
-37.771773248871398	78.706741349102359	-7.4514469791373892e-08	-1
-34.33850413739863	77.998484223758325	-2.7591001049803385e-07	-1
-39.187454275994419	78.033808087790746	-3.948792288331394e-08	-1
8.9076214841800923	62.293424559187166	1.1401997299042107e-06	-1
6.6757890998281022	63.293508655160487	6.5349387911464506e-08	-1
14.336498749032067	56.842366039144814	4.7130663530901032e-06	-1
15.872009349863596	55.30436599088393	5.9237503215332052e-06	-1
16.105468749999996	52.748512380713173	6.37340902541509e-06	-1
10.556256572346609	61.512570070432048	2.0278760901639301e-06	-1
12.443026350267527	60.37964188377272	3.1628040087044809e-06	-1
13.987853725165978	59.212585602664056	4.1976991819660334e-06	-1
19.124112700305961	49.207785069760028	0.00094604209307266158	-1
18.442187499999996	50.500000000000007	8.2935045895064646e-06	-1
18.442187499999999	52.298792072179161	8.1312145467250553e-06	-1
3.5402800750291017	65.652249116664024	-1.0990975307167501e-06	-1
5.0785076287207414	65.021091638523004	-5.4973944085304818e-07	-1
3.5764520354484146	67.435314813574138	-9.1101819129706003e-07	-1
-22.008902750726431	78.627381505975237	-4.6459499414122725e-07	-1
-19.323152992587882	78.057875864727109	-6.9146256154197032e-07	-1
-26.865309754072594	78.035040316012385	-5.5405437665913172e-07	-1
-24.943749999999998	80	0	-1
-23.071093749999996	80	0	-1
-16.213655127276247	77.548519324009106	-8.846803800019008e-07	-1
-14.040380857377755	77.457902433986135	-8.9979540900438754e-07	-1
-15.082789664256017	78.563943457360566	-5.1325994104935902e-07	-1
-12.032574909175912	76.621213873453868	-1.1550903885827346e-06	-1
-17.453125	80	0	-1
-9.48075135778112	75.749460188635595	-1.3501775767583655e-06	-1
-7.9014801509371457	74.460342418533571	-1.656677488689491e-06	-1
-5.8681036588205675	74.173057701759916	-1.5591792006368237e-06	-1
-10.325490095008414	77.03555203806232	-9.6275311102614788e-07	-1
-4.3785596191476959	74.218843524347747	-1.3878994005048984e-06	-1
-2.4868748995351031	74.014145110222728	-1.210712571543452e-06	-1
1.9101592492807296	70.163392469354974	-1.0731620956932236e-06	-1
1.1361887617217179	72.909878277605316	-8.6901949436199494e-07	-1
3.4569233489128584	68.95116221984334	-7.9428945331718157e-07	-1
-0.6236892429659836	74.210087356258057	-9.389783726929417e-07	-1
-32.434374999999996	80	0	-1
-28.689062500000002	80	0	-1
-26.81640625	80	0	-1
66.81640625	-30	0	-1
66.035442153815055	-28.336710390798004	7.1908749438684945e-07	-1
65.741470896164316	-26.63546537334561	1.480539814377057e-06	-1
66.771158307386273	-24.648753758021609	2.2323991647104535e-06	-1
66.765516242949246	-19.950799315661939	4.329526259951912e-06	-1
66.684885938486204	-18.47237260736728	5.0697996585111661e-06	-1
66.915203202836594	-21.423837194277581	3.620765352363219e-06	-1
68.287588480076835	-23.10081173745985	2.6091644442850979e-06	-1
67.203698675139506	-13.699550070164204	7.3333136547510035e-06	-1
68.067333388680566	-11.972379630911997	7.8166554159358941e-06	-1
68.498557019928654	-15.755549695543131	5.6787405212375363e-06	-1
68.223165496403055	-17.612157000456669	4.9495406449859534e-06	-1
60.524108294119578	9.2041454514392491	3.855632470089779e-05	-1
61.352698766805183	8.1267583850124883	3.5313748111745965e-05	-1
62.773383972628771	8.2271488559795749	3.3001042384846905e-05	-1
62.795995908455396	4.8866617067000737	2.8216569921550232e-05	-1
63.234250893917633	6.7651296689273517	3.0132557847190901e-05	-1
63.660337351403861	3.1224022457399068	2.473502429550609e-05	-1
64.461502224635566	2.0724221717567084	2.2447911489107197e-05	-1
64.917894449667941	0.83305562113814768	2.0515079533702763e-05	-1
64.973595386048444	-0.48426276001168972	1.9091923373189044e-05	-1
60.980947770790699	10.440651175837045	3.9874057295189587e-05	-1
65.344837680608876	-2.4336272137427777	1.6840536257600078e-05	-1
66.199802449263501	-3.955692071972734	1.4665629908006646e-05	-1
65.755063174800512	-6.8541362184947374	1.2722362353433172e-05	-1
65.981283414906898	-9.5747311739534258	1.0578109582599977e-05	-1
66.287537438048673	-8.1795631408055964	1.1352947058960471e-05	-1
67.089843275798543	-10.64877556232998	9.1789502872034e-06	-1
60.385182037506993	11.616538885169273	4.3171469146116368e-05	-1
60.591201235073363	12.957874836724205	4.5200630094879898e-05	-1
55.844232573542214	20.800457289146998	7.6444403453968749e-05	-1
58.335663940213713	18.344547404770111	6.2282698642557351e-05	-1
58.406833509999373	19.90616513473303	6.5688305190585747e-05	-1
59.361770158209566	17.165216632006061	5.6700083620355671e-05	-1
60.483573339152933	15.727129074765518	5.077161068865899e-05	-1
55.259838478054562	22.239544101005311	8.2789449544900596e-05	-1
60.648196382293072	14.209769706586549	4.7424523627351492e-05	-1
50.715906346283361	24.820072120522568	0.00011062697547014751	-1
49.742233524637847	24.446223807645751	0.00011297456069036433	-1
55.025071477784046	23.774917595139346	8.835312537435059e-05	-1
53.426243450672821	25.472686406505435	0.00010092622600737266	-1
51.755741654248993	25.986051542788875	0.00011087644432310438	-1
54.705922522544327	25.079827593215473	9.3739405482559359e-05	-1
49.043456818927147	24.888819170595763	0.00011812538267928207	-1
48.223280558397214	24.996012647131767	0.00012211528594145238	-1
29.699146244714427	39.863393508339236	0.0070722452219005123	-1
29.67805350436338	40.068304253858734	0.0070347832238352335	-1
29.89766289265172	39.808398437499996	0.0070565678205288399	-1
30	39.691796874999994	0.0070903684888768623	-1
30.261787629533135	39.575195312499993	0.0068975366642493883	-1
30.537614781573119	39.399458328905254	0.0067273865602219592	-1
31.614062499999999	39.644568745308888	0.0059638550972463756	-1
32.537500000000001	40	0.0053562135977005673	-1
31.921875	40	0.0057280045050660715	-1
33.153125000000003	40	0.0049844648723416114	-1
33.241406249999997	40.499999999999993	0.0049311425417707892	-1
34.020312500000003	40.499999999999993	0.0044608561725383352	-1
34.799218750000001	40.499999999999993	0.0039906218636090954	-1
35.578125	40.499999999999993	0.0035204450272473243	-1
36.357031249999999	40.499999999999993	0.0030502938524488914	-1
38.078125	40	0.0020115763648347676	-1
37.135937499999997	40.499999999999993	0.002580187649734879	-1
37.914843749999996	40.499999999999993	0.0021101143926839389	-1
38.963951277122938	39.425109175963435	0.0013692693052092795	-1
38.539843749999996	39.733408976915761	0.0016931472882992665	-1
38.385937499999997	40	0.0018258182697995378	-1
31.15234375	39.733426541061363	0.0062430716707884424	-1
30.844531249999996	39.733339114983956	0.0064409940525477051	-1
48.759652855636169	25.908661982598264	0.00012494074871303618	-1
49.32257394162955	27.030068945467871	0.00012832988975639478	-1
40.499237414534178	38.835351562500001	0.00049497876750457647	-1
40	38.991015625000003	0.00052382437991121673	-1
41.667177609511462	39.130508080890593	0.00044714096581396787	-1
40.910067945955682	39.27454942877818	0.00051441393339674891	-1
43.754321646506313	38.756043857320726	0.00031959786376165624	-1
42.953505842015325	39.446967784025361	0.00037203072775375025	-1
39.656124992392115	39.264437008055403	0.0008415527442653378	-1
39.476717257852712	39.560240670523633	0.0010379066455142596	-1
44.758257515261235	38.423185634284529	0.00027489825231707255	-1
50.437684815969568	28.318156970765482	0.00012863180924942356	-1
51.725444955730993	28.97793298071932	0.00012352025965376486	-1
45.413193321767992	38.662734074717001	0.00025187625447060669	-1
46.482354723496314	38.184160978577388	0.00022264891868686051	-1
47.582358108413594	38.452368110306253	0.00019815457729310872	-1
48.656374554905199	37.431707713489381	0.00018094740090399488	-1
50.43898572070875	36.559266975069363	0.00015677184777281407	-1
51.285326715444754	35.00283095932658	0.00014627565188247204	-1
52.085015095097376	33.36732217018406	0.00013539162756299591	-1
53.91787411270316	31.31453595691843	0.00011616291081333655	-1
53.348647646561545	29.792673551344343	0.00011583995003888911	-1
27.845846186706105	46.789427523417906	0.0024335648730681335	-1
29.517666348076567	46.879708950227744	0.0022090681454408623	-1
30.529159378068503	45.54176884255272	0.0029078503103358742	-1
20.457077035625844	48.609414377368878	0.0013825253724342984	-1
22.327585163985049	49.142736751489956	0.00098856408389819584	-1
25.700116677738762	48.852286619025882	0.0011439509259747282	-1
27.505479687772699	48.847891566902248	0.0010952688943260348	-1
23.894531249999993	49.231338514592871	0.00090896738723867732	-1
29.541601562499999	40.869664025998951	0.006647545745816697	-1
30.187730397805552	41.892969664573151	0.0055107347029336208	-1
30.143165778392813	41.069220666322352	0.0062404989365567893	-1
30.551194051307967	42.902720487613969	0.0046221404777469846	-1
32.028218616285621	43.54703447741224	0.0037448712108996123	-1
29.736328125	40.499999999999993	0.0069781838097614885	-1
-40	77.350390625000003	0	-1
-38.968466450735924	78.835571714866859	-3.154557269520726e-08	-1
-36.1796875	80	0	-1
-34.307031249999994	80	0	-1
-38.052343749999999	80	0	-1
-38.683174691227009	79.492883380419798	-1.6860598934855066e-08	-1
-40	78.208593750000006	0	-1
-39.535715777010296	78.788456686957176	-1.4287493292402061e-08	-1
10.133651118819312	62.979379773751106	1.7154560993697532e-06	-1
8.784185226172351	63.692869703381852	1.0464215736211238e-06	-1
7.3468148270286227	65.516118236781551	3.9479375202517896e-07	-1
15.922214020907374	59.130352836870351	5.3872286179269613e-06	-1
16.499720197713152	56.910425672897759	6.1192603755757155e-06	-1
17.574731100870437	55.031992627012592	7.1518243112357848e-06	-1
17.460068460997938	53.491345427919143	7.2682754950116121e-06	-1
12.319695263927422	62.31181719275817	2.8723459090546396e-06	-1
15.066423366090238	61.791682837123929	4.4197064447043074e-06	-1
19.999999999999996	50.500000000000007	9.5007992620768045e-06	-1
20.778906249999995	51.849149783810631	9.9964267873303848e-06	-1
19.841880310084786	53.276173632784726	9.0852837456279749e-06	-1
5.9779120686911718	66.344270789640632	-1.2364696166766225e-07	-1
5.3215010219259122	67.803330743952117	-2.9526972815427921e-07	-1
-21.198437499999997	80	0	-1
-19.325781249999999	80	0	-1
-15.58046875	80	0	-1
-12.771484375000002	78.727271022201563	-4.3908838796347146e-07	-1
-13.707812499999999	80	0	-1
-11.216210219184669	78.448574576499794	-5.1394975501612203e-07	-1
-8.0807393708502762	75.896826428192199	-1.2230219048043383e-06	-1
-8.7887631320134716	77.113564989157297	-8.8321970653322565e-07	-1
-6.7010682987464936	75.617079927032478	-1.2156427809018491e-06	-1
-5.0351210453987898	75.556664469479855	-1.1121534952285705e-06	-1
-9.5480490542853858	78.363407906571283	-5.1325164541993813e-07	-1
-3.2731205346489909	75.591379634259212	-9.5484551412236776e-07	-1
-0.35078682137226513	76.063564742932783	-5.99150380721503e-07	-1
2.7520792226391224	71.94185862985627	-6.7034805909082863e-07	-1
3.8588360728922044	70.41763643656229	-5.5809962124396826e-07	-1
2.7825793261699721	73.825463823871104	-5.0011236296202978e-07	-1
1.1408801845167684	74.839490955087513	-6.1413647100808697e-07	-1
4.9359816899229552	69.303960873307929	-3.3860146994763712e-07	-1
68.689062499999991	-30	0	-1
67.752734374999989	-28.514364934193441	5.721180440181459e-07	-1
67.421985843930784	-26.789712124026817	1.2706728789698348e-06	-1
68.736035979126811	-25.2208541446449	1.7332660481708576e-06	-1
68.322989353336808	-19.596188014473938	4.0392669685514566e-06	-1
68.696413781129593	-21.366194882488596	3.2090097701332795e-06	-1
70.085729993286847	-22.241531795324033	2.5489148100464229e-06	-1
70.801085865803302	-23.719598175427265	1.9087344669676461e-06	-1
69.661375580065226	-13.925721425013311	5.9556046611872604e-06	-1
69.5335466724746	-12.402950206349509	6.7393741391744741e-06	-1
68.732949099291261	-10.561494957649993	8.1714212469637113e-06	-1
71.179292103594832	-17.135537803927129	3.9546781584388717e-06	-1
69.919910064353957	-18.414583973468652	3.9770403162010631e-06	-1
71.488546317429879	-15.367385079808926	4.4584626388702509e-06	-1
61.859391604453684	9.4578057429162996	3.6553246863882235e-05	-1
63.15125137131254	9.7287090881960445	3.4522681599912036e-05	-1
64.161009528006488	8.8786039507557231	3.1393332526060143e-05	-1
64.723554319871553	5.5392892948008052	2.6132795436504048e-05	-1
65.219271441575302	7.9120385701746887	2.8198503200777379e-05	-1
65.401929399358238	3.6206409555518548	2.2874439847115366e-05	-1
65.762580763999679	1.8454465248949647	2.0502123496816558e-05	-1
66.230444977636196	0.70798994575465812	1.8777180269721375e-05	-1
66.672456984987974	-0.43975992995351865	1.7182664500233612e-05	-1
62.326442622989617	10.75923361890958	3.7746369666487804e-05	-1
61.89135153339079	12.071691966469432	4.0821140719651902e-05	-1
67.932025975598606	-2.3988226441805964	1.4151752321768687e-05	-1
67.76832309275008	-4.7221052629185181	1.259951260819496e-05	-1
67.293216795438752	-6.2900343178383471	1.1889334261427474e-05	-1
67.428718633185909	-9.0386270774676181	9.9608041342746754e-06	-1
68.340297909104152	-7.6160510677621325	1.0161777525843763e-05	-1
61.764373210020409	13.639999137639013	4.3746995894747817e-05	-1
56.806633623559648	22.098433900285226	7.6595063191483765e-05	-1
60.321676241340967	19.036466982338183	5.7761813980277432e-05	-1
58.336190468859286	22.619408871981115	7.2244919673502983e-05	-1
60.19953619748641	21.310382133703094	6.2711155793004111e-05	-1
61.196200900581168	17.406027570136089	5.2014285917006082e-05	-1
61.807767494807621	15.103185105058092	4.6210467852855883e-05	-1
56.860776908766866	23.71337277491903	8.068564563221756e-05	-1
49.776602415654715	25.273403622359311	0.00011693517887415955	-1
50.162000869541629	26.006121643347512	0.00011880596962461522	-1
56.268583235080527	25.452024219884823	8.7685574959412666e-05	-1
54.402565183022062	26.388498859526308	9.9264135242605841e-05	-1
52.979716616145502	26.841253144383039	0.00010810524579149173	-1
51.681086967937816	27.578169369957404	0.00011804602243704109	-1
29.879732015570184	39.962499999999999	0.0070033839140469191	-1
29.904125742651928	40.095874257348072	0.0069513322225299191	-1
29.93169574614128	40.321946495636617	0.0069056263027358882	-1
30	39.924999999999997	0.0069980043299405275	-1
30.157767984429817	39.84223201557019	0.0068890678613415836	-1
30.536718749999999	39.726510774749777	0.0066487660511219343	-1
31.306250000000002	40	0.0060998407227129707	-1
32.462499999999999	40.499999999999993	0.0054014867603197044	-1
31.68359375	40.499999999999993	0.0058718943975519817	-1
32.851953124999994	41.230928900822654	0.004744613536262092	-1
33.630859375	41.176726742273559	0.0043578952851285966	-1
34.409765625000006	41.174556092136761	0.0039315415692508671	-1
35.188671875000004	41.604457770643549	0.0033472808328007166	-1
36.067520295758527	41.269198668588345	0.0029954598732752687	-1
36.875554803100066	41.118987419578147	0.002598640242075582	-1
38.304296874999991	40.499999999999993	0.0018750885630349041	-1
37.525390625	40.949700742557958	0.0022724244490835797	-1
38.10957031249999	40.83727927155774	0.0019582724574533027	-1
38.847656249999993	39.730347568430162	0.0014971624651183536	-1
39.155468749999997	39.689714669390881	0.0012901119323148666	-1
38.693749999999994	40	0.0016400576353998728	-1
38.567657439720804	40.25	0.0017161595545430106	-1
30.998437499999998	40	0.0062858079167248219	-1
30.690624999999997	40	0.0064720158664330488	-1
40.322423648308856	39.146679687499997	0.00053944907621626041	-1
40	39.302343749999999	0.00057024417735128949	-1
42.20143403005229	39.777905009878204	0.00043029064834609854	-1
41.382660042458944	39.846757134355471	0.00050922078517229102	-1
40.306877176544887	39.507867621141258	0.0005971409835789311	-1
40.645557879258632	39.933043570165502	0.00061739156227724008	-1
44.594235941413224	39.398870274346763	0.00028274867096244932	-1
43.892369597729676	40.078271364119239	0.00032082037980776432	-1
42.588281249999994	40.499999999999993	0.0004073799368955043	-1
43.3671875	40.499999999999993	0.00035392214213161616	-1
39.736942744700421	39.600822847314447	0.00085422927528811443	-1
39.309374999999996	40	0.0012682687195559883	-1
39.6171875	40	0.0010810730152621196	-1
45.177834566302174	39.319187136393055	0.00025819110026117518	-1
52.908562148811583	28.228573584613965	0.00011343553799954005	-1
45.874661413449068	39.185583542841918	0.00023474565823967776	-1
46.877492198731851	39.338430501849999	0.00020676422877022004	-1
48.616731588437759	38.912817907963273	0.00017767611926475482	-1
50.043085194998596	39.384108915267305	0.00015573049664619078	-1
51.011621575775798	38.235833206377762	0.00014809300663317187	-1
52.710219986748115	36.911756149648525	0.00013263548110039699	-1
52.869010461518805	34.76391951735161	0.00013081777235297737	-1
53.984989835721507	33.219101245202317	0.0001196966065333564	-1
55.330024214556673	32.21823784852468	0.00010848607274588317	-1
56.073101230681814	29.501900949891208	9.8550733887183415e-05	-1
54.278283112474789	28.460058883943422	0.00010633228479460489	-1
30.125781249999996	48.792137958653541	0.001006952754069462	-1
31.46816196219601	46.799947631444518	0.0020141109312251933	-1
32.201371138445914	45.411731502133854	0.0026324580482967935	-1
21.557812499999997	50.500000000000007	1.0759523688267645e-05	-1
23.115624999999994	50.500000000000007	1.2090121798640761e-05	-1
26.231249999999999	50.500000000000007	1.5010822782239886e-05	-1
24.673437499999995	50.500000000000007	1.350338657403432e-05	-1
27.789062499999996	50.500000000000007	1.662422570871777e-05	-1
29.346874999999997	50.500000000000007	1.8391089601444839e-05	-1
29.931054687499994	40.718349156641857	0.0066638465119338757	-1
30.826034522373877	41.865336630252962	0.005292232586046451	-1
30.692576409107179	41.240528922209954	0.0058468178011473514	-1
30.223144531249996	40.701666485171849	0.0065485041698374385	-1
30.417871093749998	40.812258282490944	0.0063454634155303375	-1
31.705934311480018	42.479729756174706	0.0045138348962315694	-1
32.519367166610749	42.546145051644601	0.0041447148686267338	-1
33.118706776736389	43.779073510802441	0.0032514630493998609	-1
30.125781249999996	40.499999999999993	0.0068035806432275364	-1
-39.079957481782927	79.321435645124126	-1.5974704904470176e-08	-1
-39.461969118803751	79.119203061201489	-1.2181690808648642e-08	-1
-38.988671874999994	80	0	-1
-39.222753906249991	79.736502069897554	-5.2084723836668302e-09	-1
-40	79.066796874999994	0	-1
-39.759527287854695	79.281347656249991	-4.390029745555721e-09	-1
11.026585437659136	64.217440506243662	2.0421600258222761e-06	-1
9.4906534222651064	65.728023356033177	1.263282086415406e-06	-1
8.3160391063739727	66.661033632649705	7.5718654904335543e-07	-1
16.822337776673727	61.258471712735179	5.5164360968235141e-06	-1
17.626214257174247	58.517428313009248	6.5825178970125421e-06	-1
18.660646536873156	57.031076021032391	7.5867533133508049e-06	-1
19.230760249457347	54.828687066937732	8.3875830701093009e-06	-1
13.31637465481694	63.971679287417516	3.1484072642206541e-06	-1
14.866389107524647	63.423546875557875	4.0118364472273378e-06	-1
17.583219553686732	62.928384417602174	5.5533975557156291e-06	-1
22.336718749999996	51.860117932655641	1.1290699737987566e-05	-1
21.547253084768172	53.354393687652419	1.0420395808169885e-05	-1
20.580142956611986	55.80997805403527	9.2279432990312697e-06	-1
7.9903666256301085	68.125330188219849	6.0169392307197321e-07	-1
6.481955779650141	69.40633300999886	1.1276691289234404e-07	-1
-11.835156249999997	80	0	-1
-9.9624999999999986	80	0	-1
-7.2591793116386647	77.111848057293585	-8.2116134696239453e-07	-1
-8.0224873763149454	78.434637890287618	-4.6086961868199918e-07	-1
-5.7902042205948749	77.734689809144484	-5.8904230250080773e-07	-1
-4.18362944645206	77.071761383612326	-6.8144530429121783e-07	-1
-8.0898437499999982	80	0	-1
-2.0592775243147425	77.358149037305012	-4.9763365451382438e-07	-1
1.4327984558026421	76.716141222234299	-3.6736375684777018e-07	-1
-0.10675512445947111	78.160276703549528	-2.7146552803934776e-07	-1
4.6128101647411333	71.648866511845895	-3.0261507482782416e-07	-1
5.6252386204375187	70.619598300173877	-1.019347547071115e-07	-1
3.5366367287520104	75.301277225339831	-2.7716223632006637e-07	-1
4.6500092396960051	74.073665961861963	-1.8100671259066904e-07	-1
70.561718749999983	-30	0	-1
69.831772788936874	-28.241921723858521	5.7384730929067841e-07	-1
69.020904776825432	-26.861973697343878	1.1034001207509336e-06	-1
70.501936017362908	-26.255088243984474	1.155049232944121e-06	-1
70.312595887195201	-20.615202765110155	3.0482327442897069e-06	-1
72.415824215794345	-21.742018700250014	2.1177200937474426e-06	-1
72.573304146939918	-24.559126613081048	1.347677632800412e-06	-1
73.279221264309243	-23.10670932333996	1.5604871950408699e-06	-1
71.821420687128466	-13.739647141780964	4.8605626521149967e-06	-1
71.055463193829326	-12.265318393042524	5.8793077488377693e-06	-1
70.18562505951671	-11.130153370091517	6.9371225687403557e-06	-1
70.038532866346785	-9.7076267812559127	7.7173103539603172e-06	-1
72.94244159283933	-16.798928084581103	3.3035836023091696e-06	-1
72.168261544122856	-19.368835968663184	2.8638047470925243e-06	-1
74.088323831240075	-15.110709869394512	3.1998980030263602e-06	-1
73.481725030643133	-13.678609220747706	3.9222044112617081e-06	-1
64.317785614910505	10.089573073330117	3.2742605473719121e-05	-1
63.6921957274349	11.138220893116047	3.5506711972384066e-05	-1
65.407190868708895	9.3329021109673551	2.9597464229332589e-05	-1
66.227437012755672	6.8933290464464321	2.5220090420210147e-05	-1
66.661021108168683	4.9166926015740327	2.2374430904095503e-05	-1
66.421630597563066	8.4758765387913364	2.6626806049900046e-05	-1
67.242565066678338	3.2058833121811703	1.9790210771655912e-05	-1
67.059872140428212	1.6161501592930352	1.8552129417596351e-05	-1
67.974381400491637	0.66788091910209069	1.653166165061879e-05	-1
68.72028089999462	-0.50757035667102846	1.4668590672589588e-05	-1
64.342757604284103	13.059464578961325	3.6838161052500602e-05	-1
69.531849302701147	-3.6789579350398558	1.1553903473638794e-05	-1
70.698954936465086	-1.6907565180189372	1.148877650219657e-05	-1
68.910037314802992	-6.0254234277196481	1.0673990977557864e-05	-1
70.322849218889772	-7.0284748357786642	8.8773918630212526e-06	-1
63.273708038868342	14.327472662261576	4.1302313061588052e-05	-1
61.939108731490826	18.854259395398792	5.2449907420563371e-05	-1
61.891557960491788	20.664676956700411	5.5778275201734672e-05	-1
60.074138549157787	23.112595114982764	6.6666423101641276e-05	-1
59.267369632995759	25.417193565370638	7.4466080552248142e-05	-1
61.879687565530901	23.17333183841578	6.0094037542432458e-05	-1
63.287899970546029	18.061375812414894	4.7125835373851345e-05	-1
62.842409973082283	16.561562209037053	4.5972940017819294e-05	-1
57.556735285210209	26.711054282769684	8.4810848737828482e-05	-1
56.020794810033415	27.525091758030264	9.4321975374112282e-05	-1
30	40	0.0069377980480980145	-1
30.037500000000001	40.120267984429802	0.0068760595895246109	-1
30.139115487644617	40.296772061933027	0.0068004044810227315	-1
30.075000000000003	40	0.0068651189109956165	-1
30.3828125	40	0.0066594073700592324	-1
30.956289275805851	40.250886270463596	0.006311201037248108	-1
31.294140624999997	40.499999999999993	0.0061071168991756238	-1
32.073046875000003	40.949440271672167	0.0053434149218305757	-1
31.488867187499999	40.838065287562543	0.0057423287575362244	-1
32.209136044116676	41.79126714634166	0.004734011844159336	-1
33.326315138366084	42.424001807220556	0.0038646158489436043	-1
34.02242352347016	41.933151504586817	0.0037851942474833797	-1
35.363057863353511	42.68113999545298	0.002864265358492827	-1
36.264518743579323	42.06711770955684	0.0026645951408327084	-1
37.306141775728875	41.6342926043408	0.0022655957716487098	-1
38.499023437499993	40.838695108173262	0.0017379331298470659	-1
38.693749999999994	40.499999999999993	0.0016400738034093331	-1
37.875625368987528	41.195630419812396	0.0020453548475754162	-1
38.302909583843103	41.219588336786543	0.0018193764855577515	-1
39.001562499999991	40	0.0014542590515335939	-1
38.847656249999993	40.25	0.0015471954730195074	-1
30.7099609375	40.31446884085306	0.006459877946391788	-1
30.4488274389869	40.250051908981206	0.0066180090139080277	-1
40	39.613671874999994	0.00063187864293990986	-1
41.809374999999996	40.499999999999993	0.00047632201212152844	-1
41.03046874999999	40.499999999999993	0.00057836334175898475	-1
40.114516938555603	39.769335937499996	0.00067281955705829582	-1
40.302419384183828	39.860409188769971	0.00066738116583309952	-1
40.641015624999994	40.499999999999993	0.00065358995877109896	-1
40.321946495636624	40.068304253858734	0.00070649380785876533	-1
44.613757460130991	39.966589926649178	0.0002798218389282309	-1
44.932962212720042	39.854886947759049	0.00026378478775286558	-1
44.3408203125	40.281059293220366	0.00029439188625322258	-1
44.146093749999999	40.499999999999993	0.00030591067395883308	-1
43.227783926977196	41.208124963709615	0.0003843183282814691	-1
42.290692202789089	41.31053180787211	0.00049827067650487413	-1
43.89049497131257	40.92231315129419	0.00032007294349085789	-1
39.842232015570183	39.842232015570183	0.00085402401898132887	-1
39.277929687499991	40.302994107043098	0.0012876502055847018	-1
39.550102146535004	40.25149742224059	0.0011230844427757973	-1
39.771093749999999	40.113968846151273	0.00098448491404885363	-1
39.924999999999997	40	0.00087547821045391629	-1
45.518854438595064	39.799439366109645	0.00023965177699944589	-1
46.174493130533548	39.82863759698094	0.00021885177177521627	-1
46.577684312505987	40.141316494604368	0.00020450337831664505	-1
47.427607348563633	40.251505054731837	0.00018692705062516539	-1
49.108617814228332	40.687929583400305	0.00015865806050061111	-1
50.799272258009026	40.682100036288723	0.00014107847447351876	-1
52.48850892853639	40.612631317856625	0.00012533588205609087	-1
52.997552262406117	39.031927660470977	0.00012623623639684321	-1
54.270250052523231	37.031611481417855	0.00011888317458129024	-1
54.3078288464366	35.467435359325506	0.00011905343367193671	-1
56.241848084288243	34.290486774974717	0.00010431946452769269	-1
57.205261592704602	30.596869786207918	9.408766184451544e-05	-1
57.005541686704191	32.159193631314153	9.7556812329116407e-05	-1
58.629719544171692	29.833070063773505	8.5128623603179852e-05	-1
58.395044011123467	28.233883437492121	8.3730740573032612e-05	-1
30.904687499999998	50.500000000000007	2.0306202268591939e-05	-1
31.936759822312077	48.298332015809898	0.0011551667985225998	-1
33.600642921174668	46.763653651994709	0.0016895556435582734	-1
34.304004677426718	44.949559591294616	0.0023429157601134419	-1
23.894531249999996	52.032848798062631	1.2630548815359822e-05	-1
25.452343749999997	52.760544200586821	1.3963968327148168e-05	-1
27.789062499999996	52.254085404144114	1.6412377694968286e-05	-1
30.125781249999999	52.045900693883958	1.9140526751765643e-05	-1
31.331156297233402	41.474123475324056	0.0053624700918253141	-1
30.7099609375	40.732024714456102	0.0062605178985260142	-1
31.099414062499999	40.861148533121764	0.0059411208230618897	-1
30.320507812499997	40.499999999999993	0.0066916883265323111	-1
30.515234375000002	40.499999999999993	0.006576606150754517	-1
34.458733659614175	43.290937355799727	0.0029955978113125775	-1
-39.490429565200749	79.456874109210162	-7.0763074380365691e-09	-1
-39.456835937499996	80	0	-1
-39.573876953124994	79.767131507953437	-2.5166693716766484e-09	-1
-40	79.495898437499989	0	-1
-39.776470667617453	79.603173828124994	-2.2741749767826943e-09	-1
12.349370776125578	65.751990947483748	2.4522574867881336e-06	-1
10.910074738961853	66.925278696862435	1.7273191567187811e-06	-1
9.5411786258851148	68.570232385438956	1.0917752662662997e-06	-1
18.672541559298075	59.995431172944976	6.9341515300054707e-06	-1
18.616596341811434	61.643420698831598	6.4834374553361989e-06	-1
20.450916857650302	57.726060468501444	8.7022494109997138e-06	-1
14.645504187728253	65.052719609414041	3.5860658645125639e-06	-1
16.460513177803293	64.469240130958454	4.5895948835199167e-06	-1
19.003600617175355	63.246301553930216	6.2504900477659115e-06	-1
18.137192652005975	64.511467165923662	5.4132812584901609e-06	-1
22.838638426249105	54.444549625286712	1.1304720916260953e-05	-1
22.03700947872057	55.669163752745924	1.0389621727773067e-05	-1
8.1621217087258913	70.451949555606674	5.6619921301380767e-07	-1
6.927628539985907	71.049485257254048	2.2765575808900909e-07	-1
-6.2171874999999988	80	0	-1
-4.3445312499999993	80	0	-1
-3.4082031249999991	78.582909710569169	-3.0617656743482907e-07	-1
-0.59921874999999902	80	0	-1
-2.4718749999999989	80	0	-1
3.3182840047019093	76.944125316382753	-1.9401933703609738e-07	-1
2.1859035346760858	78.398484499559871	-1.4815212898531227e-07	-1
1.2734375000000009	80	0	-1
5.9975404431758594	72.057432890110618	9.6155912503502575e-09	-1
6.0618874151816016	76.47284583107816	2.8268475187732082e-08	-1
6.4401793275570549	73.81168830339611	9.889810965961787e-08	-1
72.434374999999989	-30	0	-1
71.983914867851368	-27.861403407269414	5.5803658329888895e-07	-1
73.250305631610459	-26.399570750613648	8.0494156272085289e-07	-1
73.81714131023358	-21.141320203012359	1.872901786240323e-06	-1
74.500153233344435	-24.923568970452308	9.394871358958574e-07	-1
74.717241686304718	-22.371908516278733	1.3778208512755975e-06	-1
72.288676645200525	-11.136804150635623	5.5062544324460763e-06	-1
71.672414726545156	-9.5829119215626797	6.5591359828865554e-06	-1
72.108594250314226	-8.0033958082044752	6.8832731344982222e-06	-1
74.226270285260597	-18.053434407043159	2.433679108934521e-06	-1
74.945148089085961	-16.408680040048321	2.4688419725414791e-06	-1
74.569586117544432	-19.815290378422386	1.9161698726365401e-06	-1
75.338873976141983	-13.336242302316139	2.8955576977988847e-06	-1
75.63369272930224	-14.935469058958237	2.4064696396480618e-06	-1
74.41027542636705	-11.691881622307125	3.8916780435123749e-06	-1
65.65731454565217	10.635512144138795	3.07036285480372e-05	-1
66.861138061727601	9.7290381340315637	2.7173298508356802e-05	-1
68.248622263645487	6.7938454569536262	2.1554958148198997e-05	-1
68.372966109897618	4.3385004956029274	1.9100144341429525e-05	-1
68.290578741490208	9.2519788799593634	2.3838505323051833e-05	-1
68.314543966060299	2.0178221008063888	1.7201952966653272e-05	-1
69.27779705594871	1.1569201753841076	1.5198721133206132e-05	-1
70.443741800449146	0.60051969628007429	1.325350989824696e-05	-1
65.086276452681091	14.770979092673254	3.742149421862492e-05	-1
65.953372237256247	13.377036392002216	3.3517370584797195e-05	-1
70.449545106901994	-5.2303980434677086	9.7090706162711429e-06	-1
71.575728105060051	-3.8229734970901172	9.3087232603528041e-06	-1
71.494144056271637	-0.44233308105218794	1.1241449117264266e-05	-1
72.680716169119506	-2.12222533717796	8.9143263544066182e-06	-1
73.269544785046051	-6.3326025607801606	6.5139450747157211e-06	-1
63.373467395500725	19.623611517583637	4.9313990175763614e-05	-1
62.84194482473103	21.92352950010017	5.4615262639082057e-05	-1
60.924409527734227	24.703760485253962	6.6288226555385061e-05	-1
59.276632997784375	26.963486477026102	7.7332488064730487e-05	-1
60.799354619243857	26.694364864919322	7.0057008138522229e-05	-1
63.361829785223428	23.852480057143854	5.559313230931904e-05	-1
65.321263374987311	18.733464804728733	4.2115486220882789e-05	-1
65.470215759796389	16.597093223011221	3.8879508076248091e-05	-1
30.228906250000005	40.113968846151259	0.0067561013564312556	-1
30.904687499999998	40.499999999999993	0.0063423204459555193	-1
35.888750420677482	44.4361886656907	0.0020859494843146467	-1
37.262005972102969	42.970931850022545	0.0020122436596110354	-1
38.058001032561712	41.896248498526084	0.0018669032913946402	-1
38.888476562499996	40.869664025998951	0.0015214442072314413	-1
38.644089075641752	41.478696132067995	0.0016291586487064741	-1
39.083203124999997	40.499999999999993	0.0014051174144156986	-1
40	39.924999999999997	0.00074142031193392586	-1
41.419921875	40.949440271672167	0.00060094698060870891	-1
40.835742187499996	40.838065287562543	0.00069230650276410407	-1
40.120267984429816	39.962499999999999	0.00073766951945727639	-1
40.446289062499993	40.861148533121771	0.00080145792655702793	-1
40.251562499999991	40.499999999999993	0.0007675649458412754	-1
40.095874257348072	40.095874257348072	0.00078958090198996233	-1
40.068304253858734	40.321946495636624	0.00083529878368176081	-1
44.86064758913097	40.19770568502738	0.00026280516762494378	-1
44.632910156249984	40.304232346673281	0.00027620090071986734	-1
45.068304253858734	40.178053504363376	0.0002511467853290326	-1
44.535546874999994	40.499999999999993	0.00028196325414292219	-1
44.3408203125	40.720109737606485	0.00028690657595430337	-1
43.901971984008526	41.465699776446812	0.00031740017610923827	-1
43.323161920330605	41.969590939724014	0.00038715287906238477	-1
42.453758511412424	42.876503576097335	0.00052930071846933211	-1
41.114980924778777	42.527281343619009	0.00078524457698789512	-1
44.201363389878964	41.0120859182964	0.00029218161044852438	-1
39.472656249999993	40.499999999999993	0.0011709943037708425	-1
39.860892086121254	40.296541924720842	0.00094028672251923382	-1
39.667382812499994	40.499999999999993	0.00105591608770362	-1
39.962499999999999	40.120267984429816	0.00086464958143218776	-1
40	40	0.0008026652733073617	-1
45.618447970061318	40.17724684896406	0.00022864540091216973	-1
46.107615535071055	40.339726591928496	0.00021167182229267915	-1
46.665676794562842	40.64389837384477	0.00019463909497126087	-1
47.477463538929214	41.284250206111906	0.00017297627596503593	-1
48.775986438295917	42.4282638645833	0.00014582535781051245	-1
51.733055409355281	42.091495459211899	0.00012408656483691276	-1
52.86648256050438	43.234555216911644	0.00010978938332794384	-1
54.132748893481569	40.845492018505411	0.0001116516056122711	-1
55.197805861653769	39.729844389421125	0.0001071346298100714	-1
55.319526043451347	38.19224880700137	0.00010920637371374099	-1
56.135896474314038	36.293893525849867	0.00010518902399745298	-1
58.166400828854563	33.777628853009986	9.17700782702459e-05	-1
58.409568544112823	36.051245410625036	9.0401684505084779e-05	-1
58.53155052870418	31.446399948171248	8.7766205831122775e-05	-1
60.18125048502705	31.106888719050779	7.8629977778311234e-05	-1
60.868761797034203	28.68768550399162	7.2535982572179079e-05	-1
32.462499999999999	50.500000000000007	2.2401281316586855e-05	-1
31.68359375	52.800701406975627	2.0980967388536213e-05	-1
34.020312499999996	48.964402004137938	0.00068135208625814167	-1
35.7125289486913	46.594897127998429	0.0013999017012971998	-1
24.884134345464364	54.748977788838381	1.3036928413399313e-05	-1
26.844003020465628	53.537584305575891	1.5185707754465919e-05	-1
29.064941753374736	53.35682382674986	1.7600541867863057e-05	-1
-39.69091796875	80	0	-1
-39.842232015570183	79.842232015570175	-6.4437834884596506e-10	-1
-40	79.71044921875	0	-1
12.565576132094503	67.766404349053104	2.2442938780239857e-06	-1
13.915577674181927	66.602700505380653	2.9753619149750078e-06	-1
11.152888685658414	68.49711256288127	1.6461737702426101e-06	-1
10.432455418768619	69.915067506817266	1.2498948270599641e-06	-1
20.355895123467786	60.877521277776275	7.7855881357811697e-06	-1
21.481711229946622	59.346410481838568	9.0075585031429426e-06	-1
20.398795053862813	62.831589418920331	7.1844365608014658e-06	-1
22.794262916014905	56.921703557460447	1.0684244710506006e-05	-1
22.881114825155183	58.763949775885429	1.0211472045573102e-05	-1
15.687732648978711	66.412496549797595	3.7519487877388339e-06	-1
17.722107744040933	66.505202594014207	4.6305157199314211e-06	-1
20.090406621382048	64.214499044274191	6.5355326386275332e-06	-1
19.492741178311967	65.499154046733665	5.7820546692459316e-06	-1
24.197938591978705	56.180400508321711	1.2044315147382178e-05	-1
8.0263413764701514	71.745414120911605	4.6831179528999231e-07	-1
9.5498401481452699	71.251483101932664	8.813298140039354e-07	-1
4.0824218750000005	78.519970982837677	-6.7998697600218715e-08	-1
3.1460937500000008	80	0	-1
8.0789022277736962	73.044923350289068	4.2412946618684784e-07	-1
5.968390760672027	78.36302298845257	1.7552852462298004e-08	-1
7.9059584660041846	75.435215419484493	2.6685143967278045e-07	-1
7.8589579219725492	77.509137973321543	1.4477060647905353e-07	-1
74.307031249999994	-30	0	-1
74.338504137397976	-27.998484223757654	3.8135784173402215e-07	-1
76.059228205953687	-26.975662330620217	4.0285220761719315e-07	-1
76.279225335156411	-20.34254764385561	1.2477329491211949e-06	-1
75.839238888025861	-23.752429919856034	8.8805088796627777e-07	-1
76.949248285239975	-25.725900171293045	4.4666204978770324e-07	-1
76.430043120113154	-22.074434858554341	9.6884848912740685e-07	-1
73.296212050349922	-9.802925513229459	5.2521494618822202e-06	-1
74.134530769739541	-7.8164802149768571	5.2262485090728335e-06	-1
76.346270527046343	-18.554707768309299	1.475122795296858e-06	-1
77.489545596629	-16.700362028389851	1.2032783341416143e-06	-1
77.177553595856295	-15.170236787418609	1.540314656526036e-06	-1
76.661893001936306	-12.791591569118085	2.1613724020328422e-06	-1
77.7520787577524	-13.718154455058729	1.3731714418549871e-06	-1
75.306760549752596	-10.528220770960029	3.5368230547075535e-06	-1
76.885537934821699	-11.378436691625302	2.2386816478616174e-06	-1
66.910298970892768	11.886949918330187	2.9516676588366184e-05	-1
68.007028453796693	10.782448674242083	2.5940509022197679e-05	-1
69.272584737108431	8.0057928024280827	2.0780348914628483e-05	-1
69.514271354547333	5.627119597740192	1.8333734045433777e-05	-1
70.580047392813029	7.1069841914319403	1.7627461135341659e-05	-1
69.643857926449229	2.3958746053224242	1.5597552312438585e-05	-1
70.567991521008963	3.4234817291114048	1.4973839182971062e-05	-1
69.641162405498022	10.293703238630695	2.2022884533800057e-05	-1
70.965485571408337	1.9917710671844857	1.3414661912634845e-05	-1
72.641233616184181	1.7634901362579414	1.0886582010426497e-05	-1
67.39324306124216	15.239359424901844	3.2151478851254795e-05	-1
68.021323439499852	13.265968084535743	2.845814423835136e-05	-1
73.867492413851821	-4.1026155719624526	6.7506515775640558e-06	-1
73.564869409259742	0.18538764303316735	8.8327591718482965e-06	-1
74.113711617499177	-2.7021445271166931	6.9915417327926383e-06	-1
74.556507366628111	-1.350895117033764	6.9429456472721671e-06	-1
75.182662665690415	-5.6504248728311062	4.8796946368549142e-06	-1
65.037036458449975	20.687658538908721	4.5564274000091895e-05	-1
64.301937238291103	22.520494381889328	5.0412572335567717e-05	-1
62.17430608129893	25.781512541003657	6.2931842668582547e-05	-1
62.213762907629103	27.33285510550412	6.4768746331400544e-05	-1
65.635893794419658	23.703912861604366	4.7159516386638623e-05	-1
63.786093392216188	25.426642772424	5.6037361791246422e-05	-1
66.593664995116157	19.916295244747818	3.9704185569318739e-05	-1
67.372138608556071	17.803077771836563	3.503142701970809e-05	-1
36.952720692501146	45.60959052513234	0.0014497965622954424	-1
37.997106879842008	43.989203502109618	0.0015440729673742194	-1
38.067320849771789	42.735281454919445	0.0017333540461992615	-1
38.746993038472176	42.243235850514495	0.0015355785403204903	-1
39.277929687499999	40.718349156641857	0.0013057041735802467	-1
39.490040778392817	41.06922066632233	0.0012232615526056579	-1
39.490040778392803	42.035894916670479	0.0012505400447185698	-1
40.678031297233396	41.474123475324056	0.00082419966590438476	-1
40.056835937499983	40.732024714456095	0.00091340049772968947	-1
40.039451409107158	41.240528922209933	0.001005361054655617	-1
39.862109374999989	40.499999999999993	0.00094375131543453737	-1
44.82763671875	40.403661459521324	0.00026185181719258992	-1
44.962499999999999	40.379732015570177	0.00025202413073353099	-1
44.730273437499996	40.499999999999993	0.00026875997278135691	-1
45.095874257348072	40.404125742651921	0.00024237823862522298	-1
45.321946495636624	40.431695746141266	0.00023168150683840186	-1
44.632910156249999	40.687702116429357	0.00026468510759609064	-1
44.510429749221316	40.916292865938395	0.00026561313639900775	-1
44.090122918927911	41.996014809128951	0.00029288340301332011	-1
44.535684375201775	41.652343750000007	0.00024462613976925982	-1
43.684536459667264	42.624435213263418	0.00034206858793504283	-1
43.107094829441785	43.90699956559024	0.00040904661688262862	-1
41.339059097963407	44.409034279243656	0.00069133399670414709	-1
40.156901195883606	41.909098760846113	0.0010150305798559489	-1
40.026797895064135	43.041856282860195	0.0010544347121361414	-1
44.681302351899518	41.185362446216566	0.00023953795786211935	-1
39.570019531249997	40.701666485171842	0.0011440193674148267	-1
39.764746093749991	40.812258282490937	0.0010614967958598378	-1
45.645008270596861	40.567056951509102	0.00021769345944755322	-1
46.052993533909834	40.812931105513179	0.00020247864902793572	-1
46.44447435153662	41.239735869693192	0.00018719142191501919	-1
47.057378311273958	42.225002759885712	0.00016360353993514974	-1
47.805076424623323	43.270281105830449	0.0001435960262242034	-1
49.640767650925568	44.40619769063521	0.00012154194314815791	-1
51.396240565797626	43.890017796801075	0.00011455075507690361	-1
54.448710074161077	43.530863859482778	9.8711533277336499e-05	-1
53.404611466697368	44.733596868854484	9.8547314708952654e-05	-1
55.759303797534699	42.103088281147386	9.6582418074942563e-05	-1
56.605781698797287	40.359622143675423	9.6299491306330791e-05	-1
57.46679119047473	37.990946681169767	9.4872976402803549e-05	-1
60.041379293724702	34.449478740271225	8.110920397044367e-05	-1
59.590198956527942	32.756377553650381	8.2946197017562463e-05	-1
60.729221663028063	36.254942012799646	7.70655249144882e-05	-1
59.627927889314236	37.842385485001742	8.2133454028106867e-05	-1
61.965883800035193	31.184773811574143	6.9791709839914722e-05	-1
62.400672869618354	29.375659496764399	6.6189723358411838e-05	-1
33.040116004096724	51.977753549659703	2.308447815173595e-05	-1
35.578125	50.500000000000007	2.74193761512146e-05	-1
34.626460289601276	51.947626990486881	2.5593674618658629e-05	-1
31.687809191833225	54.830175711587259	2.0292217100602434e-05	-1
29.694309361203725	54.921367310357368	1.7849163283447494e-05	-1
33.991063534736455	53.559321933244853	2.4035352666868906e-05	-1
36.107157507697664	48.21680014846384	0.00078010269736809835	-1
37.350624184082278	47.103206087731081	0.00096555487301824426	-1
26.916790397542698	55.129818222929934	1.4844847183809022e-05	-1
25.443480165139274	57.37844482000245	1.2756459004828151e-05	-1
-39.924999999999997	80	0	-1
-40	79.924999999999997	0	-1
13.544347721513889	68.917378199888006	2.3889473044970997e-06	-1
15.054126350106042	68.859905404526501	2.9235151107331794e-06	-1
12.993242043283626	70.324153647847851	1.9492219715117588e-06	-1
11.563948048563512	71.05169513798478	1.4279771818370236e-06	-1
22.443886583369668	61.887987284027091	8.8039556237731001e-06	-1
23.18038294332132	60.39844933092153	9.8580210818872831e-06	-1
21.47677843422332	63.922068447818368	7.4172116858834018e-06	-1
24.014211187771846	57.757131257339509	1.1422005944475879e-05	-1
24.332505208774052	59.201050279889671	1.1170504162820236e-05	-1
16.641047300618748	67.860499591042583	3.7756889513175488e-06	-1
19.335638258425874	67.283825911032139	5.0790946905119478e-06	-1
21.151892807925254	65.420615080601209	6.6546317091773292e-06	-1
20.737670341026234	66.833678009709999	5.8852555851597457e-06	-1
9.0655324567869826	72.354199848962168	6.7262429225919923e-07	-1
11.075973243295975	72.579464273894317	1.0875966471910946e-06	-1
5.0187500000000007	80	0	-1
9.6798429863188673	74.281695319904983	6.1602190855199789e-07	-1
6.8914062500000011	80	0	-1
9.8715838604802002	76.517255519765754	4.0123636569857227e-07	-1
8.7640625000000014	80	0	-1
9.5090214855420001	78.319429293963623	1.7538410672530541e-07	-1
76.1796875	-30	0	-1
76.277894185002268	-28.494288810708593	1.9117260543045871e-07	-1
77.472616655144265	-27.57263325798063	2.1103787355587866e-07	-1
78.049013946813375	-19.513738843711494	7.1993063182224074e-07	-1
78.379411268186502	-21.971067532844483	4.5545757111973489e-07	-1
78.527118733717899	-23.917578125000002	3.0801225382655189e-07	-1
78.449405408135505	-26.923341673291681	1.6100275269590729e-07	-1
78.863460550165883	-25.588735212419671	1.6936765271895245e-07	-1
75.320025532736537	-9.0593381365620793	3.8873732944714553e-06	-1
75.782799947567341	-7.3334663810514655	3.8825277162962276e-06	-1
78.420826016353999	-17.977483895028378	6.7763220836533444e-07	-1
78.58980838576467	-15.679148680671936	7.3641194673545137e-07	-1
78.032014424928832	-12.284151670190845	1.3265833679091868e-06	-1
80	-14.477343750000001	0	-1
80	-12.760937500000002	0	-1
76.619884763505382	-9.8698159162805208	2.669320243709265e-06	-1
78.383697851698486	-10.660505381968978	1.2146573901652225e-06	-1
69.659678816236593	11.999259750584296	2.3461440814487263e-05	-1
70.765842301934356	8.9860564654087796	1.8662560962703208e-05	-1
71.220519697326509	5.3994500024462733	1.5275238278407098e-05	-1
72.403741351422056	7.1112415070967883	1.4257078654636133e-05	-1
71.986878445042393	3.0709158847449771	1.2559862251455951e-05	-1
71.248028213003536	10.538254901998934	1.8799396859366178e-05	-1
74.144571946319871	1.9195893400392068	8.7484975570585153e-06	-1
73.177085373620372	3.9200037747610019	1.1150813456886491e-05	-1
69.135694240388958	14.707290719257657	2.716276159768269e-05	-1
69.392556755578099	16.903825619920884	2.8512586009030124e-05	-1
70.457348742735761	13.558312275630376	2.2926767689964177e-05	-1
75.496129705855736	-4.0514192741719643	4.9917628092772765e-06	-1
74.7771802674512	0.66844168988981911	7.3563199416577266e-06	-1
75.524917888634107	-2.5276741743183586	5.386345085840047e-06	-1
76.02782834273971	0.29572434276109627	5.5115997212205657e-06	-1
76.740946111092427	-1.7941570195608791	4.0769346438218747e-06	-1
77.148908776840742	-5.2056566388711056	2.9768956287350946e-06	-1
67.073922047282281	22.649401536042479	4.1081035930796345e-05	-1
63.538708958953876	28.140777474704173	6.0031154650699759e-05	-1
66.973601858083356	24.883089069038412	4.3533088255867971e-05	-1
65.576307918103225	26.306948673724033	5.0034264146401803e-05	-1
68.312842471321275	20.166340316787341	3.4665145648138374e-05	-1
68.917870221974269	18.556650882517161	3.134139214508789e-05	-1
38.476038282200392	46.043650640759751	0.0010273013493266889	-1
39.298428794167407	42.784315639134199	0.001293580477638703	-1
39.24962808955334	44.081079076807924	0.0011704943140644474	-1
44.924999999999997	40.499999999999993	0.00025246707756562372	-1
45	40.499999999999993	0.00024299116072144637	-1
44.842232015570183	40.65776798442981	0.00024688277047578991	-1
45.120267984429816	40.537499999999994	0.00023396031608583786	-1
45.302264854177615	40.639296254249068	0.00022344257038166342	-1
44.766975250504196	40.878350980922889	0.0002420544933370202	-1
44.64030429891065	42.114062500000003	0.00022305683832072373	-1
44.425032601726649	42.72968749999999	0.00024133217951954273	-1
45	41.806250000000006	0.00018493349075123598	-1
45	41.498437500000009	0.00019337595040158352	-1
44.300542789666061	43.653125000000003	0.00024458193055155401	-1
42.550120065182831	45.08485653296519	0.00045089598464307973	-1
43.837510867757928	44.884374999999999	0.00028265251293776891	-1
41.706435185124292	46.077712890539452	0.00049617150859207633	-1
40.084674429968928	46.683037765748253	0.00065853203976180179	-1
45	41.190625000000004	0.00020333282245916273	-1
45.713179983099117	41.146746661431699	0.00019902980420082806	-1
45.303784349457644	40.988616753858736	0.0002094814702039324	-1
45.789925074023131	41.578857808629735	0.00018715899933866923	-1
46.027122475868524	42.217264572813974	0.00017174377614076822	-1
46.52993633057568	43.110040568639207	0.00015334776413922064	-1
46.98519609276719	44.714523557814537	0.00012991650479802415	-1
49.31456466426642	46.348329347216456	0.00010535871712517934	-1
50.701643534618427	45.582844368522188	0.00010635531124371664	-1
52.264042159277473	45.845266895846152	9.7665429779892103e-05	-1
55.855331101687064	45.80651883171042	8.2183864098288523e-05	-1
56.69040494969466	43.802867576904255	8.5807214707598597e-05	-1
54.067550221580554	46.554714506583224	8.6439448952999916e-05	-1
57.037810979253123	42.039619012145963	8.9370393411243612e-05	-1
57.819321225784392	41.025789294501131	8.7535806531525208e-05	-1
58.674822862662751	39.770889606427431	8.5023705299404088e-05	-1
61.969814896889211	34.748544731042195	7.1058858857926709e-05	-1
62.530800687134501	32.879427483373888	6.7906456967927403e-05	-1
61.794023905189505	37.867089939804444	7.0698337979830896e-05	-1
63.789716597325871	36.584831533781831	6.1757695236839926e-05	-1
60.693093932321368	39.422635215154038	7.4731830739220253e-05	-1
63.649717035679998	31.781169478235366	6.2212485292090238e-05	-1
63.848763324330925	30.226008709739862	6.0405108576679448e-05	-1
37.135937499999997	50.500000000000007	3.0482086623458898e-05	-1
36.539654818994833	52.253455066683557	2.8941874170521499e-05	-1
35.531129583707056	53.425078543975708	2.65994935971133e-05	-1
33.490181751062096	55.686803191968806	2.226185224788181e-05	-1
31.31398260099532	56.790433644204441	1.8899125084887109e-05	-1
28.414346937865229	56.47526688618926	1.5879880018216164e-05	-1
29.826944686459562	56.975287014066609	1.7148915319777345e-05	-1
35.417770092108206	55.098181628128934	2.546631688803946e-05	-1
37.603640489746589	48.956286315891063	0.00044833762149072682	-1
38.815836691680161	47.532030738072514	0.00067051096041919808	-1
27.179916756181264	58.065578120972184	1.4044090805770775e-05	-1
26.392797720956924	59.759038434176666	1.260486640399426e-05	-1
-40	80	0	-1
15.100546937917532	71.107680669434316	2.3913792757344682e-06	-1
16.202270310086028	69.960561140605648	3.0317138425932099e-06	-1
13.670592754902442	72.842581112394043	1.6185459618031541e-06	-1
24.622278594243845	61.315804970428225	1.052540566445038e-05	-1
24.10605508356393	63.616190441055004	9.1370310118109314e-06	-1
22.70708562393062	64.837238868971937	7.7466919911740298e-06	-1
17.638932804314823	69.278154751509859	3.7262285210831075e-06	-1
20.220696874776081	68.841518511091479	4.8543418159440521e-06	-1
22.276041558205915	66.643415999186089	6.7129537351494331e-06	-1
21.573200972022772	68.046202507760228	5.7473933195970882e-06	-1
11.610043618766973	74.441148639363874	9.1099527259832231e-07	-1
11.511189462407067	76.175820504894148	6.2719059943567891e-07	-1
11.752232191496811	77.8331625945073	3.7218205637943818e-07	-1
10.63671875	80	0	-1
78.052343750000006	-30	0	-1
77.771773248871412	-28.706741349102305	1.0256126138116482e-07	-1
78.425526545712486	-28.256488922851027	9.6207774138240605e-08	-1
80	-19.626562500000002	0	-1
80	-21.342968750000004	0	-1
80	-23.059374999999999	0	-1
80	-24.775781250000001	0	-1
79.284074747119789	-26.921289062500001	7.4965004784539026e-08	-1
79.187454275994426	-28.033808087790764	5.4245294551135607e-08	-1
80	-26.4921875	0	-1
77.68444375373042	-8.7683521594717231	1.9600057058678218e-06	-1
78.283450925658229	-6.7535156249999995	1.6455386164352568e-06	-1
80	-17.91015625	0	-1
80	-16.193750000000001	0	-1
80	-11.04453125	0	-1
80	-9.328125	0	-1
71.158257353808168	12.03455862677195	2.0123142613458078e-05	-1
73.245098857836737	9.2117362257732829	1.3810128581500307e-05	-1
73.287933195126499	5.636188396520156	1.1856358201678855e-05	-1
74.05680567292714	7.0996063616020537	1.1173213054622175e-05	-1
72.558568510252883	11.499663955769574	1.6598351266932973e-05	-1
75.632489440930215	1.6540811000374489	6.4690436787539725e-06	-1
75.200308166460914	3.0011688007163455	7.549141507370677e-06	-1
74.85378227441646	4.9250670592069969	8.8302443416312483e-06	-1
70.871760570332043	15.259836570091689	2.3220423993759384e-05	-1
70.835333572294516	18.212763776773201	2.5570543582471388e-05	-1
71.999277510644475	16.750433783082766	2.1336095017682592e-05	-1
72.832613992735105	13.881036454330721	1.7405064180421469e-05	-1
76.889400756455785	-3.2065072850434477	3.6206440028664464e-06	-1
77.017144755260048	1.3639852747996217	4.3520149108066533e-06	-1
78.18200360403236	-0.18973420722629664	2.4683792678098633e-06	-1
78.326768536749071	-2.3414457057672711	2.0351571591596146e-06	-1
78.347719542036785	-4.0029379859474306	1.845637690387942e-06	-1
68.690952574935238	23.451261338216469	3.6341043277440391e-05	-1
69.450035494901442	21.813714395280261	3.253464368722693e-05	-1
65.687071389235697	28.367463255590994	5.1334202430567921e-05	-1
68.461676047248275	24.922083430285991	3.8270513212744842e-05	-1
67.417692592312164	27.074483044387094	4.3640399142226732e-05	-1
70.155611881005399	19.940425498515463	2.8865505495903046e-05	-1
45	40.574999999999996	0.00023395797235483112	-1
45	40.8828125	0.00021552482406630733	-1
45.113968846151273	40.728906250000001	0.00022294509477244467	-1
45	42.421875	0.00017084834746066834	-1
45	43.037499999999994	0.00015899443489149413	-1
45.271249873169474	41.652343750000007	0.00018852524241902072	-1
45.353939635798092	42.114062500000003	0.00017709267901128403	-1
45.321400569348718	41.344531250000003	0.0001970898151592232	-1
45	44.268749999999997	0.00013947754265306749	-1
43.9297261645549	46.115625000000001	0.00023308343428471285	-1
45	45.499999999999993	0.00012354313726368761	-1
42.597791842951359	47.535429188644493	0.00029266717538740234	-1
41.43606568511855	47.764826944384161	0.00036754383487831005	-1
39.472656249999993	49.024869629122513	0.00032531671188759594	-1
45.57851513342694	42.72968749999999	0.00016387493159427305	-1
45.69870465669274	43.653124999999996	0.00014809120489385599	-1
45.956924824826515	44.650502953919364	0.00013343841589417152	-1
47.431131972197967	46.923624970742473	0.00010506096134726869	-1
46.385151726972005	46.062342173840676	0.00011595145663073489	-1
48.248574903686965	48.004212673523057	9.390549984310258e-05	-1
50.386232909094808	47.915545856351869	9.0428484369088494e-05	-1
51.883069594901272	47.386468604702451	8.9634680705052346e-05	-1
55.503011359148857	47.474676192289536	7.6792282157177647e-05	-1
57.487856147138103	45.821787652144621	7.5372938662868864e-05	-1
58.102110820828806	44.412211561824485	7.7160952944499284e-05	-1
58.284611357069494	42.32961518400019	8.193619010923182e-05	-1
54.364124569873958	48.875428590241455	7.4161699261311381e-05	-1
52.559577310730852	48.822706785719788	7.9444856617019567e-05	-1
59.197193867188517	41.159669242474358	7.9794678644389493e-05	-1
63.603241477079216	34.220047617481832	6.3085729706391594e-05	-1
64.395566325622227	33.015264364637837	5.9244786257001886e-05	-1
62.915474104683469	39.02443730740179	6.4299384866922188e-05	-1
65.247573979212746	34.713567844362267	5.5562241298558297e-05	-1
65.804416057710966	36.650913353609788	5.2720687457971662e-05	-1
65.235205130738507	38.584660918108042	5.4206199601095617e-05	-1
62.061565416915741	40.39116457799544	6.6843920034878696e-05	-1
60.671360497444425	41.328231071213324	7.2039447464156053e-05	-1
65.216803500976027	31.830000320734968	5.5246739962873574e-05	-1
65.956099353759598	30.167205035282922	5.1390577304594958e-05	-1
37.914843749999996	51.742990026768382	3.1975152213502217e-05	-1
38.693749999999994	50.500000000000007	3.4056730454920516e-05	-1
36.851715924133771	54.228742926807726	2.8499394706619405e-05	-1
38.286038704477157	53.227768973092644	3.2045004342206101e-05	-1
35.385778876660922	56.774815418398234	2.415880761066271e-05	-1
33.538196762803501	57.871924155688191	2.0879814421720423e-05	-1
31.852396856535076	59.204322716520942	1.8011436618728911e-05	-1
29.989022572168047	58.881097923484091	1.6304062525040363e-05	-1
28.724673381454881	57.990398090638784	1.5528547878468041e-05	-1
38.038995066194545	55.513110060089886	2.9573467982021109e-05	-1
28.24078963997227	59.602429750911803	1.4258184360297029e-05	-1
26.051445801801705	61.156010851541645	1.166404012529362e-05	-1
28.313754555271	61.455609864542268	1.3295758972885437e-05	-1
15.978218168809798	72.371967200735298	2.2866249855749462e-06	-1
14.997501161242194	73.456037920333344	1.7662238262799361e-06	-1
17.337145010212826	71.649440341387219	2.8639424751267481e-06	-1
13.785872698551087	74.33501162885824	1.3221286256699558e-06	-1
25.755750580612691	63.383049823503583	1.0324119482672174e-05	-1
24.161089878701542	65.99220485955918	7.9957082945490944e-06	-1
25.884052646718594	64.987773468669488	9.5313569264743797e-06	-1
18.663897056770242	70.613446175289894	3.6194262648925716e-06	-1
21.388946928080667	69.598230692415967	4.9768211303043624e-06	-1
20.973741025317729	70.926773341607884	4.2436703524200518e-06	-1
22.719250417994914	69.117820697980434	5.7311493691774677e-06	-1
24.556168288099531	68.06982017646375	7.0889081001585393e-06	-1
13.107560073974826	75.669376757007839	9.2394540002235479e-07	-1
13.05360862980001	77.141943707942744	6.0287644971791272e-07	-1
12.509375	80	0	-1
12.995716093258828	78.614360984915237	2.9014077079561462e-07	-1
78.988671874999994	-30	0	-1
78.683174691226981	-29.492883380419787	2.3194164837125039e-08	-1
78.968466450735932	-28.835571714866866	4.3373763179046376e-08	-1
80	-27.350390625000003	0	-1
80	-28.208593749999999	0	-1
79.535715777010296	-28.788456686957183	1.9638978725843507e-08	-1
80	-7.6117187500000005	0	-1
80	-5.8953124999999993	0	-1
74.080632932478409	10.709418194341081	1.2833438874507939e-05	-1
75.492285836843593	9.4765214182788888	9.3384791159374361e-06	-1
75.662115841400251	6.7049719857038657	8.0225690661515574e-06	-1
74.266428524060899	12.509580141348749	1.3273158158796575e-05	-1
77.625671284333549	2.6867187500000012	3.6946137427671639e-06	-1
76.594699687960428	4.2454784240148378	5.671497693771491e-06	-1
73.062346864580931	15.503464306309509	1.7782026716320403e-05	-1
71.815163443958156	19.817826710737581	2.3821364893363966e-05	-1
72.768415322256942	18.453842579824254	2.0262826146941862e-05	-1
73.611160978586739	17.047970539319	1.7175037682012225e-05	-1
74.738750169710272	14.438609800025244	1.3019881567066656e-05	-1
78.473132176882373	1.3585990813867566	2.2353884748649178e-06	-1
80	0.97031250000000124	0	-1
80	-0.74609374999999867	0	-1
80	-2.4624999999999986	0	-1
80	-4.1789062499999989	0	-1
70.475855394604409	23.719382195370795	3.0532603277446382e-05	-1
71.415286957519697	21.433141122379222	2.6056815870693334e-05	-1
67.596098905817911	29.378631647123612	4.4363694611393694e-05	-1
69.703043157222467	25.743602176841598	3.4444410604587167e-05	-1
68.82949572963966	27.898462841709264	3.8860357445186924e-05	-1
45	46.731250000000003	0.00010937080780377972	-1
43.781937288451175	47.529901075639302	0.00019245100778340394	-1
43.151837907922527	48.581977779977599	0.00017786102889599708	-1
41.03046874999999	49.621463940374277	0.00016022810689420385	-1
42.198828124999984	49.505459952505895	0.00014070235691888763	-1
40.251562499999991	50.500000000000007	3.8329337939501278e-05	-1
46.218573872371969	47.528261708121462	0.00010036252725103493	-1
46.378737416615031	48.926785857908541	8.6672508033480166e-05	-1
49.414282207499703	49.546481859740389	8.0651030764009298e-05	-1
47.525765105554868	49.959968155256618	7.8112410220862244e-05	-1
51.099767624505844	49.674951614948633	7.7654760602842792e-05	-1
56.161227138647888	49.047454043181062	6.8388603306039495e-05	-1
58.354183543332709	47.205567982798662	6.756165941063017e-05	-1
59.1117141837139	45.653097883781193	6.9227695685175299e-05	-1
59.580769275975726	43.99056866602804	7.1612546543279633e-05	-1
60.638385327561991	42.869265130058707	6.9353496641338242e-05	-1
53.865280741602675	50.413844423263789	6.8381879934295033e-05	-1
55.085346032896361	50.813957162760936	6.4075846295022233e-05	-1
52.600574495479755	50.192106671978273	7.2150325013360062e-05	-1
66.007091589800382	33.263515113267658	5.2205790276057023e-05	-1
63.737989518163623	40.410284295282167	5.9232186988758039e-05	-1
66.943370675503445	34.606236751367952	4.828026343525788e-05	-1
67.534056400748923	36.199452610146992	4.5567107404882723e-05	-1
67.519353451778471	37.986980607814168	4.5002344497807106e-05	-1
65.57979054103437	40.577928346852538	5.1214721937994155e-05	-1
67.100895820784956	39.695171115906348	4.5731309290048799e-05	-1
62.875424136958209	42.536033746928197	6.0158008315109278e-05	-1
67.910693342031252	31.279472976177392	4.3843738925003325e-05	-1
39.472656249999993	51.9704466004221	3.5695408113646247e-05	-1
39.808833178691074	54.046315085088814	3.4764622122473845e-05	-1
36.763032295477352	57.719141701213189	2.5328671627621088e-05	-1
35.282624870483183	59.126586590776178	2.2001151262043074e-05	-1
33.579630068504748	59.700233510768768	1.9516723214827293e-05	-1
32.34894500834374	60.702694878368682	1.7420037737956026e-05	-1
29.697921601357148	60.749760069316501	1.4899520083947855e-05	-1
39.187568313176158	56.48034797374433	3.0598656081858723e-05	-1
38.431900852902373	57.777936650781804	2.7771669227281629e-05	-1
26.980591074095159	62.253618308952632	1.1801668547670823e-05	-1
29.609634347556089	62.312836735818635	1.3786872883997689e-05	-1
29.110074075923684	63.796562734631664	1.2414905573433754e-05	-1
16.405085690366729	73.850652881265418	1.939831245703741e-06	-1
15.335782139331569	74.957117642086018	1.4202738330605597e-06	-1
18.949823806157127	72.272301443002249	3.0753247789263295e-06	-1
18.256528004039016	73.855977477284142	2.3148587335041961e-06	-1
27.245602651031096	64.128831687593348	1.0898133155094137e-05	-1
26.06454602623818	66.587467669906474	8.6956712571012313e-06	-1
28.637675673878647	65.412883497452796	1.097563700683137e-05	-1
22.399257334839497	70.555672280402334	4.890394944296194e-06	-1
20.474643080951253	73.086927142332769	3.1352238128588398e-06	-1
22.064987443203361	72.856681229645233	3.6520035654547157e-06	-1
24.517858934295258	70.136531973109314	5.8965545120031041e-06	-1
27.33121436280554	67.541109508107539	8.7703125316272215e-06	-1
27.053178579529334	69.102063554083216	7.6067462213858076e-06	-1
15.441953140246039	76.492175318448389	1.0057141161754755e-06	-1
14.552805973739979	77.938235932307563	5.3979549947613552e-07	-1
14.382031250000002	80	0	-1
79.456835937499989	-30	0	-1
79.222753906249991	-29.736502069897544	7.1627664936058064e-09	-1
79.079957481782913	-29.321435645124119	2.196803770924089e-08	-1
79.461969118803751	-29.1192030612015	1.674793470330764e-08	-1
80	-29.066796875000005	0	-1
79.759527287854695	-29.281347656250002	6.0358309252595822e-09	-1
75.683917465938222	11.318226188399143	9.5797309795337364e-06	-1
77.316887675672191	8.1973480925009419	5.2842332312242148e-06	-1
77.368675674482361	10.212102903081579	5.6129752166507451e-06	-1
77.439599162162565	5.9723990686530186	4.5959441388964312e-06	-1
75.749870867188122	13.168698909196923	1.0077933254419382e-05	-1
80	2.6867187500000012	0	-1
78.300629231423954	4.2534641501024923	2.8370447744866904e-06	-1
74.894972004174861	16.054432562405758	1.3292485184522678e-05	-1
72.922127308842235	20.949011905500349	2.1139896711426885e-05	-1
74.768798801979443	20.825471301928147	1.5556635026284129e-05	-1
75.444206772792455	19.102310845888489	1.2939783550136933e-05	-1
76.115784885902002	17.124434603898919	1.0419419377709143e-05	-1
76.827045243861718	15.06384973606629	8.0044442182269304e-06	-1
72.548194725482006	22.372222367090224	2.3029997726282261e-05	-1
71.746915075634433	25.024371428917178	2.7002115102886298e-05	-1
73.143134538158364	23.854259970601561	2.1838677050004463e-05	-1
69.522797476240441	29.378822086326316	3.6922654011783555e-05	-1
70.459417563057912	27.77402160292824	3.2825882294663915e-05	-1
72.001192487288122	26.736923795795484	2.6900064174674028e-05	-1
45	47.962499999999991	9.6291542497970757e-05	-1
44.538273987958455	48.578125	0.00011134723186585054	-1
43.901971984008597	49.534300223553259	9.9379049300741547e-05	-1
43.227783926977217	49.791875036290364	9.7168493109302769e-05	-1
41.809374999999996	50.500000000000007	4.3557531726215192e-05	-1
42.588281249999994	50.500000000000007	4.6812806907340748e-05	-1
41.03046874999999	51.385529199564758	4.0604383639004251e-05	-1
45.462748333687827	48.578125	8.9973516127248403e-05	-1
45.493599852764021	49.347656249999993	8.2090760658596842e-05	-1
45.899791143554673	49.781894541878536	7.8054306562986038e-05	-1
48.461714698947951	51.228766883917132	6.9729311039104869e-05	-1
50.383031233308593	51.205851518429313	6.9609982095748235e-05	-1
46.256817124908686	50.670439483913547	7.0606880799425334e-05	-1
46.885489881982302	51.265742302844423	6.7508994132416041e-05	-1
51.757350754776084	51.27188004669901	6.7941616320478924e-05	-1
56.901944507439495	50.709466695093276	6.0252899408601529e-05	-1
58.130622731769783	49.165809710148793	6.1954761070619527e-05	-1
59.661295968974763	48.347510130291958	5.9735841975814831e-05	-1
60.838927495013344	45.680488698476871	6.2438091812594597e-05	-1
61.687598633033865	43.998435078282199	6.2609506413968305e-05	-1
53.120378765632381	51.459679288585768	6.5084127669148693e-05	-1
56.743299962175122	52.719008500312903	5.371683050198119e-05	-1
54.807074992089611	53.279775139731548	5.507062515316092e-05	-1
67.759327334656916	33.03947633209313	4.4855546691114324e-05	-1
64.238548394373126	41.851272385160406	5.5374978522612868e-05	-1
68.632670212346511	34.789303606630178	4.1364030640474748e-05	-1
69.690554918069608	36.950268262442172	3.6823577817429256e-05	-1
69.237711360808689	39.313279266842869	3.7668768330300708e-05	-1
66.954736150284788	41.447786005604648	4.4978040725907281e-05	-1
65.654523690075706	42.42583269835697	4.9038321969726671e-05	-1
68.580406872548622	41.382040453200823	3.8874477662517058e-05	-1
64.300445386795843	43.375468772130304	5.3098449899824554e-05	-1
63.407476517743824	44.767569100026549	5.4394546219438279e-05	-1
69.276618369232366	31.858892527241	3.8622884875089398e-05	-1
42.050025208814596	52.599160180592129	4.2807269454363172e-05	-1
41.857626324848525	54.520331474335975	3.9214548279269968e-05	-1
40.607422896496502	55.991694059898634	3.398242835024966e-05	-1
37.318426084318403	59.293980374656741	2.4398043545986396e-05	-1
36.298666888571923	60.597226350955928	2.1705442598792289e-05	-1
34.718921715780091	61.08993730180886	1.9506272604225193e-05	-1
33.407807390144818	61.873374022656918	1.7472640819256178e-05	-1
31.920784240104265	62.222022874229175	1.5842173730364826e-05	-1
39.840147239111872	57.729216379359656	3.0020796368558497e-05	-1
39.179979790597066	59.024105530304979	2.7214020171329997e-05	-1
30.734986165307671	63.401223886987914	1.3923373159796151e-05	-1
30.231997524932186	64.870858688210063	1.2423194294629776e-05	-1
18.53469990918623	75.686411137203493	1.6859723118091499e-06	-1
17.113946642738139	76.57145813806828	1.1757930695285248e-06	-1
19.90993583149961	74.689109848681994	2.3211667899330094e-06	-1
28.849257474915806	67.083478062286318	9.9137275430771021e-06	-1
23.24263986613521	71.763363736133343	4.5516595697121321e-06	-1
21.717420062887118	74.425567868952385	2.7935743399214177e-06	-1
23.677007738745896	73.0516045847546	3.9716018357096173e-06	-1
23.058001147953714	74.262005664301626	3.1534734648977222e-06	-1
26.19081867270544	70.612624210129525	6.258008340608341e-06	-1
25.468538442980204	72.194954572045276	5.0057616407776493e-06	-1
28.759563196899975	68.812012923688513	8.6044069796239035e-06	-1
28.216883915105917	70.783804317137168	6.9062748785808206e-06	-1
16.447988484172576	78.10714943807055	6.0499197678182193e-07	-1
16.254687499999999	80	0	-1
79.69091796875	-30	0	-1
79.573876953124994	-29.767131507953437	3.4605940459492275e-09	-1
79.490429565200742	-29.456874109210169	9.7300235576087516e-09	-1
80	-29.495898437500003	0	-1
79.776470667617446	-29.603173828125001	3.1269804906550346e-09	-1
77.456169510859738	12.181472375488699	5.8234913967198771e-06	-1
78.666255919015541	6.9777343750000016	2.498831339034747e-06	-1
78.506963882747939	9.1748009300626983	3.0548674090629367e-06	-1
78.747828357907068	10.582318648135903	2.6975417993357221e-06	-1
80	6.1195312500000014	0	-1
78.396328473514913	13.633393543725889	3.867939473285402e-06	-1
80	4.4031250000000011	0	-1
74.012783256228147	22.514819809157764	1.8506837909348397e-05	-1
77.110037095236791	20.749194054009113	8.5483766721965111e-06	-1
75.982954759244322	22.802703336252179	1.2451171908606106e-05	-1
77.695137593535392	18.49142275875823	6.419444658737243e-06	-1
78.558825202885004	16.448962645855975	3.7898657319820316e-06	-1
73.420089012401675	25.744842517674336	2.1669768505304037e-05	-1
74.6754070544185	24.304293052544239	1.7034379980533593e-05	-1
70.518134270811103	30.72987560492594	3.3604916696740996e-05	-1
72.186978987376222	28.458253510801537	2.684356735318116e-05	-1
74.6224019342703	27.229918201270049	1.8034935816263538e-05	-1
73.745404598397144	28.519620478007337	2.13731404485665e-05	-1
45	49.193749999999994	8.3582635663634943e-05	-1
44.535684375201789	49.347656249999993	9.1368101302458199e-05	-1
44.201363389878964	49.987914081703643	7.6888026966924163e-05	-1
43.890494971312592	50.077686848705817	7.44056344121677e-05	-1
43.3671875	50.500000000000007	5.0713609250207529e-05	-1
42.198828124999999	51.224926334022257	4.4848354620265581e-05	-1
42.953505842015325	51.553032215974639	4.7759375642834832e-05	-1
45.318782728817283	49.65546874999999	7.8652372093990052e-05	-1
45	49.501562499999991	8.0256750528575295e-05	-1
45.645008270596861	50.432943048490898	7.0849575053779401e-05	-1
45.303784349457644	50.011383246141264	7.4561371965959437e-05	-1
49.125684247420466	52.658800552725111	6.2003571257961327e-05	-1
47.843379759050841	53.451822938859131	5.6872911972543842e-05	-1
50.806054039051567	52.842438599755859	6.1010640480966007e-05	-1
46.029885597977561	51.133242525839648	6.6239522202945166e-05	-1
45.618447970061318	50.82275315103594	6.7093378788098208e-05	-1
45.85811982863293	51.802670527014563	6.1301016799178396e-05	-1
46.490737231894755	52.785829320622923	5.7809133499510432e-05	-1
52.248882098505476	52.556991268252887	6.1308489416765134e-05	-1
58.456003514850117	51.655959630635735	5.3432882193560058e-05	-1
60.294742229245557	50.452052452918238	5.2124385887970901e-05	-1
61.385794091466117	48.544184955862612	5.3696316702150733e-05	-1
61.812969562734402	46.978544867833833	5.5927109948613705e-05	-1
53.386847664109503	53.374691942726002	5.6621992303223096e-05	-1
56.296642533761592	54.799881061803056	4.784692972665353e-05	-1
58.369124400783114	53.42719994303053	4.845117046382032e-05	-1
53.265514602987274	54.79290671874228	5.1422121478080067e-05	-1
54.379539556468458	55.724137330363568	4.7148541684723325e-05	-1
69.344706306506495	33.341067357983604	3.8535969107600452e-05	-1
69.976673739785213	35.470778598393565	3.6012274311359692e-05	-1
70.249541724698915	38.282288179086606	3.425659073604975e-05	-1
71.130264554537746	36.440305224270944	3.1459468983678923e-05	-1
70.737427587558216	39.573969543266031	3.1944111790255219e-05	-1
70.813146611507534	40.952642815349947	3.1011125412648458e-05	-1
67.850500062887932	43.465462859565932	3.9768869774092019e-05	-1
66.37900747352316	45.11110025388394	4.3102051167660002e-05	-1
70.396115301128859	43.187725355096987	3.1091499070754345e-05	-1
63.73882714317363	46.517321324008009	5.0128858164798675e-05	-1
65.466939894839484	46.580273273770686	4.4150621948068624e-05	-1
70.657304421086664	32.402201115709921	3.3405961830496037e-05	-1
43.754321646506313	52.243956142679274	5.0040436086947866e-05	-1
43.722527079744395	54.020269833290001	4.5446725008868362e-05	-1
41.930039428531821	56.309621750967871	3.6088814352150123e-05	-1
43.226406448318805	55.897523391870955	3.9576452422510881e-05	-1
41.237103247776773	57.544702263437379	3.2631723011724838e-05	-1
37.878491968292209	61.089681028602811	2.2857829578575405e-05	-1
36.298892341717071	63.376818730974399	1.8603904658036418e-05	-1
33.980642806688238	63.28923187428353	1.6661508772326557e-05	-1
32.181048003515791	64.241186542562957	1.4353302528918341e-05	-1
40.698190515777469	58.845027684330411	2.9614071027825055e-05	-1
40.123310522828213	60.129856905136918	2.6854390749263872e-05	-1
31.244501808743692	66.048848117947614	1.2154128520915985e-05	-1
20.355905368828743	76.328315410496074	1.663902045031549e-06	-1
18.927292099311909	77.899514682575145	8.464181015438812e-07	-1
30.452640158733139	68.452334967870698	9.7155529723473359e-06	-1
23.672923933766697	75.46441167223594	2.6053323902795046e-06	-1
22.850470242722611	76.674815133764554	1.8159931688214693e-06	-1
24.407028205156358	74.198474259754605	3.4882505842524349e-06	-1
27.095422872051035	71.981558810194585	5.6638465179588023e-06	-1
26.538627465391674	74.044878003010965	4.0846863664160185e-06	-1
30.963536818030775	69.959921381130854	8.6968477787845208e-06	-1
30.182871581683813	71.347146661569283	7.2268796015128092e-06	-1
28.801655066212589	72.455218137779809	5.8583483638718532e-06	-1
18.127343750000001	80	0	-1
79.924999999999997	-30	0	-1
79.84223201557019	-29.842232015570183	8.8603737982879004e-10	-1
80	-29.710449218750004	0	-1
78.81017295185363	11.953897577197644	2.7094581668641423e-06	-1
80	7.8359375000000009	0	-1
80	9.5523437500000004	0	-1
80	11.268750000000001	0	-1
80	14.7015625	0	-1
80	12.985156249999999	0	-1
78.426188397559685	19.885574196382251	4.5479746111688601e-06	-1
78.017808676947752	22.58348856127828	6.1041107134893453e-06	-1
77.132250558044859	24.428609804450403	9.1502900913173198e-06	-1
75.857843926476718	25.275240078125844	1.3440159482195255e-05	-1
80	18.134374999999999	0	-1
72.18357307207296	31.433232156352062	2.7560244440011134e-05	-1
72.775182389082204	29.94641819005367	2.5136193756418365e-05	-1
76.294578235954887	26.741581861549214	1.2282143445665801e-05	-1
76.286064785825133	29.391472845329858	1.2703603732095541e-05	-1
74.375375299723487	29.946362642948277	1.9433929571172531e-05	-1
44.681302351899518	49.814637553783427	7.8223007719874205e-05	-1
44.510429749221302	50.083707134061605	7.2089887849510336e-05	-1
44.3408203125	50.279890262393536	6.5345094163674083e-05	-1
44.146093749999999	50.500000000000007	5.553456068279218e-05	-1
43.892369597729676	50.921728635880761	5.3561785548591695e-05	-1
45	49.809374999999996	7.6762571360327562e-05	-1
45.302264854177615	50.360703745750932	7.0289005832730258e-05	-1
45.321946495636624	50.568304253858734	6.7838590674680984e-05	-1
45.113968846151273	50.271093749999999	7.0827196461857841e-05	-1
45	50.1171875	7.2956079782383361e-05	-1
49.115172424868589	54.075047200108216	5.5261893451038649e-05	-1
50.47477208998086	54.164061489748896	5.5141410508467652e-05	-1
48.413038548363915	55.240468588062676	4.9964980146548808e-05	-1
47.13227126191736	54.781301788298691	5.0343487538847647e-05	-1
52.084267764817845	53.948573871866067	5.547304527472289e-05	-1
45.518854438595064	51.200560633890362	6.3598688566187232e-05	-1
45.068304253858734	50.821946495636624	6.3468109289620224e-05	-1
45.411448875376145	52.336449040856955	5.6819643272613378e-05	-1
45.177834566302174	51.680812863606945	5.8933722558683682e-05	-1
45.470296570619382	53.504071814326082	5.2077816996359572e-05	-1
60.41362048957641	52.639731357492799	4.6235059855561527e-05	-1
62.221250657110247	50.287860930778372	4.7266500434399816e-05	-1
62.251762363819388	52.181912785943545	4.2994833249432982e-05	-1
62.965216316333397	48.121363833075755	4.9655223826933148e-05	-1
56.007100675693366	56.649676662615121	4.2682632773575097e-05	-1
57.751094751457408	55.975099514483659	4.2334506626426363e-05	-1
59.304328337265488	54.933929454887689	4.2645256816626805e-05	-1
60.572958352090346	54.132056383380863	4.2262984436687797e-05	-1
52.900894868773882	56.198358424928401	4.6732857340543013e-05	-1
51.481878250479312	55.567749516030425	4.9467986101884006e-05	-1
54.784081284099685	58.278584219890064	3.9168010614069351e-05	-1
52.817209961036177	57.748930124397532	4.1857617700475773e-05	-1
71.492221289012363	34.956454335532953	3.0287913895953112e-05	-1
71.668281270045227	38.554173101054758	2.8927043827388075e-05	-1
72.634739109707937	36.70371071108832	2.5842598773536925e-05	-1
72.859221814552001	40.330460138487396	2.406301968076132e-05	-1
72.22246336394376	42.372046211980333	2.537203149175945e-05	-1
68.312453733444059	45.359238396437064	3.6277672096919783e-05	-1
69.6189706219714	44.527459748951635	3.2692644305092485e-05	-1
68.278900055920531	47.308253821854848	3.4187441200311816e-05	-1
71.311669067534368	44.40538140950278	2.7201951600638843e-05	-1
64.599634307645616	48.076307246938192	4.4535917679964313e-05	-1
66.546402366023699	48.205498496765316	3.8409383342447491e-05	-1
72.501750104484941	33.212883868128294	2.6548527749396221e-05	-1
44.758257515261235	52.576814365715485	5.3216022042931425e-05	-1
44.594235941413224	51.601129725653237	5.6168131350528322e-05	-1
45.150904279058629	55.639599558911144	4.4128874631907489e-05	-1
42.890691044088143	57.272711041267996	3.5945980728572323e-05	-1
44.262725156224192	56.924331508535438	3.8984514745748479e-05	-1
42.508999703709279	58.635853595945129	3.2571356143163683e-05	-1
39.505455345242034	61.789810577663168	2.3685577593743309e-05	-1
38.074823775736057	62.873880751263748	2.0831338982389062e-05	-1
35.076369085459334	65.011056945772225	1.5819164431417256e-05	-1
37.022399526095114	65.192437261677455	1.7047067533577408e-05	-1
33.278069337913443	65.96429565301996	1.3576698804171423e-05	-1
41.759600056579458	60.090967339091264	2.8863335148437219e-05	-1
41.00381755268598	62.73432204435224	2.3705796536737401e-05	-1
32.322487661158426	67.478540545826064	1.1570198137402853e-05	-1
20.870492895476371	78.231287321978016	8.3159157804717545e-07	-1
20	80	0	-1
32.396871633800849	69.267546124619273	9.9820626742576484e-06	-1
24.406452874620044	76.730682538410733	1.9736015164527671e-06	-1
25.587738631073265	75.716400980228244	2.7840904770498812e-06	-1
22.808984374999998	78.468977587143428	8.3814210117843788e-07	-1
24.291222279962525	78.227960229331558	1.0724303721421012e-06	-1
27.725928063089452	75.145941951748071	3.568640174741462e-06	-1
31.642443534968177	71.145521590075717	7.9423485784849526e-06	-1
30.167883780982056	72.724809601603226	6.0717327688030991e-06	-1
31.528297055496907	72.506966692522781	6.696107792877076e-06	-1
29.489507180311012	74.761890653472818	4.243357273532878e-06	-1
80	-30	0	-1
80	-29.925000000000001	0	-1
80	19.850781249999997	0	-1
80	21.567187499999999	0	-1
80	23.283593750000001	0	-1
78.464434539611361	25.224680410012112	4.9591871121211e-06	-1
78.036419834146471	26.716406250000002	6.5032261967042609e-06	-1
74.55110064141536	31.928219752854954	1.9048294011620407e-05	-1
77.314206962601958	28.154027692157797	9.0454125745383647e-06	-1
77.191631470713787	30.629231670345771	9.6803353419341821e-06	-1
75.905496803425933	31.218119374287937	1.4205683022643051e-05	-1
78.452453545442253	29.291015625000004	5.2655762452468603e-06	-1
44.766975250504188	50.121649019077111	7.1577862767732226e-05	-1
44.632910156249984	50.312297883570643	6.574255560350882e-05	-1
44.535546874999994	50.500000000000007	5.88237242285337e-05	-1
44.3408203125	50.718940706779634	5.6961501325188589e-05	-1
44.613757460130991	51.033410073350822	5.8309229842237338e-05	-1
45.120267984429816	50.462500000000006	6.7892180595931147e-05	-1
45.095874257348072	50.595874257348079	6.5807444977251242e-05	-1
45	50.425000000000004	6.8028403521719761e-05	-1
44.842232015570183	50.34223201557019	6.704609303727528e-05	-1
49.77064264430944	55.330524741151237	5.0380146951832073e-05	-1
47.161052097566767	56.716846657176504	4.3661555660360268e-05	-1
48.947428969437169	57.462514108247312	4.2654349646860112e-05	-1
44.932962212720042	51.145113052240951	6.0303578893498189e-05	-1
44.962499999999999	50.620267984429823	6.3905381945973457e-05	-1
44.86064758913097	50.80229431497262	6.1555176886245983e-05	-1
63.755227769739278	49.552878474903416	4.4402223407992043e-05	-1
63.899673206089602	51.247700149425917	4.0815450100967912e-05	-1
63.751934189536399	52.907623072034404	3.8018231106796556e-05	-1
61.924109451042817	54.785365839245287	3.8094316146477593e-05	-1
56.820203558666925	58.33622400972915	3.7279867244266018e-05	-1
58.502970380831179	58.09077811293669	3.5980414560741019e-05	-1
59.281347544065696	56.578800316213467	3.8587082780603717e-05	-1
60.666158360192135	55.775551797605637	3.8244490121772372e-05	-1
51.308720706680127	58.090632746721077	4.1190261334719141e-05	-1
50.437214627637964	56.812830858006308	4.5254366588574571e-05	-1
55.74735663437491	60.242708902854254	3.3461624185031431e-05	-1
53.778121762958314	59.990216187344927	3.5188484312619383e-05	-1
52.203924610714516	60.101234650071305	3.5394396901567331e-05	-1
73.147224616034379	35.121430189026789	2.4159130073754363e-05	-1
73.549491412437348	38.580271404798232	2.2164810365025842e-05	-1
74.141296664558126	36.317535439056563	2.0458860911192917e-05	-1
74.471205601158417	39.955007509967146	1.8612561301466577e-05	-1
74.471494424793136	42.209877634139517	1.7911739017247952e-05	-1
73.422110912418475	43.33292852663137	2.0914283373633911e-05	-1
69.371334907861197	46.439417412768513	3.1736165322427557e-05	-1
70.580317514491142	45.74181317800862	2.8541939052184841e-05	-1
68.153841561341054	49.188047171738951	3.2331503546781819e-05	-1
69.577032237011721	48.338672292650777	2.9184253698257688e-05	-1
72.798433170458708	44.737732832346055	2.2208042533663753e-05	-1
72.136123972497515	46.177981827269456	2.3382736758543985e-05	-1
66.545220978084856	50.168660492298827	3.5526385251939249e-05	-1
74.431212868020481	33.314682664397729	1.9547433849941681e-05	-1
74.352748278820002	34.618535904351162	1.9818334609277981e-05	-1
45.720035582123053	56.991693926612697	4.1009363884098898e-05	-1
44.924686288134765	58.224369520534474	3.6757668422301498e-05	-1
44.04328771665071	60.346560285043687	3.0955145031369521e-05	-1
38.847771034558903	64.493901542499401	1.9349321630709645e-05	-1
34.999315644645939	67.050507955739221	1.3588703065528369e-05	-1
36.986257872351551	67.641538356364265	1.4124349257662242e-05	-1
38.440710331873511	66.164438361884109	1.6833563574973635e-05	-1
33.828392338017515	68.311976625376943	1.1627882086924772e-05	-1
42.756179263558074	61.516683149723796	2.7397766316458181e-05	-1
42.001285201898462	64.275758812442007	2.205020180637311e-05	-1
21.872656249999995	80	0	-1
33.580685291785848	70.436843900756983	9.4029323495036108e-06	-1
25.672024415051222	77.637617924046907	1.5476124649521717e-06	-1
27.044701410306004	76.614939833312064	2.4061022709255259e-06	-1
23.745312499999997	80	0	-1
25.617968750000006	80	0	-1
28.743592373539705	76.405459271890138	2.8000049689824626e-06	-1
32.783261577298006	71.897250517314461	7.6782747139305757e-06	-1
31.020944486136703	73.806690946221906	5.4054501730173216e-06	-1
32.447543690141686	73.556573947635087	6.0132836111864011e-06	-1
30.718370623656785	75.657904409402377	3.7351006617504875e-06	-1
80	25	0	-1
80	26.716406250000002	0	-1
80	28.432812500000004	0	-1
75.695393923286204	32.732876216512778	1.5029757802151874e-05	-1
77.192713174772877	32.043773978009362	9.7467331531239155e-06	-1
78.53948131664383	31.058454110439797	5.0382287312965128e-06	-1
80	30.149218750000006	0	-1
44.730273437499996	50.500000000000007	6.0954242818045767e-05	-1
44.632910156249984	50.695767653326719	5.958842646694625e-05	-1
45	50.500000000000007	6.5930973410270371e-05	-1
44.924999999999997	50.500000000000007	6.3967652990802197e-05	-1
47.514499854488633	58.382723634650063	3.8992338778901452e-05	-1
49.042190124507826	59.185840897463365	3.7598567505037634e-05	-1
44.82763671875	50.596338540478676	6.2128195755737723e-05	-1
65.854669092775779	52.258237813449014	3.4098033488473399e-05	-1
64.573796062592322	54.357352007949729	3.3549080847123179e-05	-1
63.423548180597962	55.652219220631359	3.3496675055042809e-05	-1
61.407470807569283	57.071245684369231	3.4210869525121474e-05	-1
57.90440762877865	59.878269362986657	3.255350186219364e-05	-1
60.197303871245111	57.945238120870044	3.4146319791405225e-05	-1
60.416810072244871	59.455931209400354	3.0679502616253185e-05	-1
50.734136398861516	59.526652727716836	3.7026389484505135e-05	-1
54.639357026068296	61.779046076340606	3.0485973457161685e-05	-1
56.528362109004853	61.638850358561825	2.9734198470325901e-05	-1
52.968665707279932	61.481666766628486	3.1771680453324144e-05	-1
51.146546164764928	61.309790231022333	3.245376838835e-05	-1
75.112157699109645	37.532556368256763	1.6851522675545228e-05	-1
75.7395954557187	38.994588790034634	1.4451393751593465e-05	-1
75.904618598277168	35.903948280729871	1.423451889329451e-05	-1
76.010912231795487	40.562263548320786	1.3243835325737471e-05	-1
75.908684733239596	42.009719520587979	1.3262813818761049e-05	-1
74.268607245727779	44.549585854892705	1.7673789141975139e-05	-1
75.747696898633791	44.454166279414494	1.3091652644521717e-05	-1
70.531666041287266	47.215253911195113	2.7450518449543482e-05	-1
68.445849485136947	50.640635797730894	2.9772055591906914e-05	-1
70.268580347444029	50.427632046189835	2.519236343819906e-05	-1
71.906846142720724	47.746548790409605	2.298315855711839e-05	-1
73.719135902674964	46.094054060721618	1.8642787989097403e-05	-1
73.686343837046309	47.878106817519743	1.7739239735854755e-05	-1
67.29668735925442	51.575894453054588	3.1524106020375047e-05	-1
75.562302874789566	34.125415591988791	1.5515636990950245e-05	-1
45.382362603126317	59.658582618870476	3.380434806652967e-05	-1
45.83936159606511	61.209633030910609	3.0719359119573917e-05	-1
44.004071642569272	62.728541350535856	2.622125188558149e-05	-1
41.323068632325402	65.981921555559168	1.8960916856033953e-05	-1
35.660230289002634	68.464020625623064	1.2453811137987018e-05	-1
39.055238386964	67.770286097535731	1.5113012972261707e-05	-1
37.92755592562429	69.203514068385644	1.2727825757075389e-05	-1
40.621455013954758	67.424306613830424	1.6457214484175485e-05	-1
35.170434093740823	69.945548864353029	1.0599526737394033e-05	-1
43.369468239278625	65.500113416904981	2.0902342304067938e-05	-1
34.980653075396582	72.149177654161335	8.1971524135417073e-06	-1
27.24099644771881	78.310982804349308	1.204824591908214e-06	-1
27.490625000000001	80	0	-1
28.785104789351344	78.548634776815902	1.1345740291759188e-06	-1
30.299609375000003	78.16519652785577	1.5551495348716461e-06	-1
33.773079714456628	72.972880492049839	6.9613293847580805e-06	-1
32.153981155750792	75.155939855526924	4.4649829442995731e-06	-1
33.606583002954629	74.425119670786046	5.4793320801494476e-06	-1
31.786958413477393	76.740062507211078	2.953492208280206e-06	-1
76.879472572836804	33.477749958243209	1.0876694058977082e-05	-1
78.645165095027693	32.723828124999997	4.704465361648195e-06	-1
80	31.865625000000001	0	-1
46.858508248232603	59.95426632687041	3.4354241022502409e-05	-1
48.353153974434292	60.714728790409168	3.3337668987515452e-05	-1
66.00627205542223	54.287238784032972	3.0566619741684016e-05	-1
67.428446539294967	53.7192489582051	2.8241904739046512e-05	-1
65.410602088025641	55.591876904027856	2.9760253523477378e-05	-1
64.410271407399975	56.583139448242513	3.0013022950300049e-05	-1
62.882969497920165	57.297675381197415	3.1350187957555718e-05	-1
61.868910527914558	58.984995070784414	2.9709692541987746e-05	-1
59.583521146035295	60.734995768156885	2.9024538295896646e-05	-1
58.123835278926798	61.522034778237881	2.8767847786138046e-05	-1
61.808764643939327	61.273735169698824	2.5605361717458662e-05	-1
54.767809149263215	63.668886041705498	2.6328866128270067e-05	-1
57.370140947972004	62.999213876895915	2.6363228520467972e-05	-1
52.0442413890148	62.904721093180953	2.8713068129521574e-05	-1
49.341646569759057	62.06940638832409	3.0429211462144039e-05	-1
77.64750052646157	37.759118405958446	8.0364064375286631e-06	-1
77.427210510011037	39.509829716327225	8.6364964960398836e-06	-1
78.529883810951134	36.156640625000009	5.0731525590403454e-06	-1
77.806596723371086	34.615663661511164	7.6246778776064978e-06	-1
77.900133035988048	41.625457495846092	6.8320570871839417e-06	-1
76.883154237577415	43.084888548335968	9.8683432979357307e-06	-1
75.161164339086284	46.873704485100241	1.3990102521090675e-05	-1
76.673310523322485	45.959410257779226	9.8317897170768728e-06	-1
77.950932461699466	44.738671874999994	6.2372762581511755e-06	-1
68.811423993172468	52.076476186839429	2.7130612246103756e-05	-1
70.294816635072507	51.919116979832943	2.3647095616860708e-05	-1
72.182096736827532	50.134619180407618	2.0368098270142497e-05	-1
73.57614589419056	49.434286527834438	1.7131220848293452e-05	-1
75.90048422936448	49.544271671648268	1.0841451640651651e-05	-1
46.386373941675622	62.731271277665286	2.7793693818411523e-05	-1
45.193246773563004	64.454301630924689	2.3763667057849515e-05	-1
43.044659737195396	67.711182346942891	1.720634971199667e-05	-1
40.070854979295646	68.930817791233594	1.4089941887705417e-05	-1
39.18842029268064	70.195578598088105	1.2051640073312166e-05	-1
36.222597538249694	71.146149891757247	9.7226997013654962e-06	-1
37.81429171191666	71.023673777843285	1.0490532395407319e-05	-1
41.793164166063441	68.894986245373929	1.489859492582578e-05	-1
45.190845154342497	66.550102258314325	2.0010701894844028e-05	-1
37.04278773115665	72.262651724218472	8.7488943162303171e-06	-1
35.277232328105278	73.880992858578878	6.4408337755243723e-06	-1
29.36328125	80	0	-1
31.235937500000002	80	0	-1
33.161589762487679	78.588064887294237	1.3609322827913972e-06	-1
33.659500721134286	76.339329949660524	3.5987909919419377e-06	-1
35.123649219604552	76.176245006714609	4.0002164027346785e-06	-1
80	33.58203125	0	-1
66.813814626070595	55.472472233945972	2.7168291361702639e-05	-1
69.309032751725709	53.898910947295811	2.3855787768144738e-05	-1
68.386762133352519	56.461107850687036	2.2763164896310672e-05	-1
65.711170865566629	56.967711673224883	2.7061086121910917e-05	-1
64.6511612647286	57.918132808945991	2.7377676604176595e-05	-1
63.597282145609917	58.875347252725348	2.7441288334527746e-05	-1
63.520490825879001	60.68414018276664	2.4537423227213809e-05	-1
60.459096298311387	61.983477812379334	2.5769711647016317e-05	-1
58.605025625333667	64.039894749673095	2.3515358404202405e-05	-1
60.115752817948731	63.46922830170169	2.338273900044317e-05	-1
63.390941768639649	63.087589844928488	2.092248489011093e-05	-1
61.793917760181188	62.883658532425898	2.287066166022343e-05	-1
56.335770729406683	64.370812304160864	2.4218668797777515e-05	-1
53.090738077738784	64.410521727213464	2.5266077931536436e-05	-1
55.088910212968116	66.124111923489934	2.1393056988067866e-05	-1
49.475175205589274	63.90891146624972	2.6386558785478674e-05	-1
51.292618898474025	64.770185856816596	2.4732109384442025e-05	-1
47.632672875278246	63.99133713639732	2.5723747756592733e-05	-1
80	37.014843750000004	0	-1
80	38.731250000000003	0	-1
80	40.447656250000001	0	-1
80	35.298437500000006	0	-1
80	42.1640625	0	-1
78.660867162338135	43.022265625000003	4.2380431461815221e-06	-1
76.79019850763423	47.860342885188402	8.9810679441090903e-06	-1
78.415770388057794	46.504117421083983	4.6117437917042151e-06	-1
80	45.596874999999997	0	-1
80	43.880468749999991	0	-1
72.792703859453198	51.610034464996382	1.7699193063516174e-05	-1
71.58959574912393	52.659902168594925	1.9822076763529555e-05	-1
74.20372561135153	50.862566113914468	1.4647832337085198e-05	-1
76.668608954065874	50.961838157725502	8.3586656880681524e-06	-1
77.98563823659677	49.568968360455855	5.2993333326725641e-06	-1
46.709061158969526	65.503940322212557	2.2467810459808901e-05	-1
44.131659662679276	68.789858415723288	1.5945163307487861e-05	-1
40.789683013394807	70.295221372323056	1.2533836757769094e-05	-1
39.182172536895244	71.584337745753345	1.0284733213543864e-05	-1
38.356894013847011	72.701300755020696	8.6456771914983976e-06	-1
42.552635697179873	70.498953851592276	1.2856795659210501e-05	-1
46.707202454501321	67.12596014839589	1.9536010931431644e-05	-1
45.662489011672193	68.830753447492626	1.6369272141459804e-05	-1
37.214844029899552	73.637309836074976	7.2279070724774946e-06	-1
36.086796927624398	75.061492111798202	5.3642484210333625e-06	-1
34.981250000000003	80	0	-1
35.08595983689775	77.834664789157358	2.256936075008863e-06	-1
36.578877370370563	76.405675940562958	3.9719157429863366e-06	-1
67.200137936901712	57.51281072137354	2.361507378383736e-05	-1
70.754241534078091	55.115568051051888	1.9453517425549918e-05	-1
70.199127041130041	56.894404995288959	1.8812464480107356e-05	-1
68.75289002134673	58.069484336045093	2.0201105532989159e-05	-1
65.953693069842842	58.492877609496659	2.4380451594785794e-05	-1
65.081680521655571	59.767452938198218	2.3837308945758891e-05	-1
64.435006540824233	61.938650029408663	2.146970846965301e-05	-1
57.513493227009867	65.621481610320529	2.1301271221171412e-05	-1
59.42568588879849	65.430748292400267	2.0508967370410634e-05	-1
60.872108178360591	64.837459241962677	2.0473725239277767e-05	-1
63.525169196889131	64.636108901338105	1.8494902637970112e-05	-1
64.708217981225445	63.753483837450808	1.8579332278155941e-05	-1
62.265410992186254	65.546568969788126	1.8243781764807096e-05	-1
52.485371299739612	66.058653335793736	2.2095255336214989e-05	-1
53.906460410572343	67.736696485308059	1.8765947127138254e-05	-1
57.14284333515625	67.507079295944919	1.8179987414315266e-05	-1
55.586225614612665	68.489750644934503	1.7051220111628739e-05	-1
48.552815526924611	65.506053116659743	2.3001453103436988e-05	-1
50.865262160218769	66.7354495467373	2.0895295072592824e-05	-1
78.602989248915605	48.093000998749083	3.8658832491415979e-06	-1
80	47.313281249999996	0	-1
73.786344745011377	53.66156332082069	1.3986668907302637e-05	-1
72.197410984946131	54.236581163201592	1.7126874335596279e-05	-1
75.788973282863282	52.313041851139239	1.0030479639465071e-05	-1
77.241662517416771	52.868718806370097	6.4109542436210541e-06	-1
78.147377743209375	51.604296875000003	4.5250256494844885e-06	-1
80	49.029687499999994	0	-1
80	50.74609375	0	-1
48.263884412473679	67.038201636172914	2.0079364754166272e-05	-1
44.317228069288838	70.309948960996792	1.367250464976448e-05	-1
41.485598874409717	72.002793039688569	1.0449581029511369e-05	-1
39.82926717810129	72.813141851377452	8.9149393913116982e-06	-1
38.598791402875271	74.15796709252966	6.9465475404114788e-06	-1
43.605978061612873	72.001377182628588	1.0994548767756604e-05	-1
47.627550322551372	68.461591674337782	1.7454950240040506e-05	-1
45.968663169242902	70.460529429690212	1.383812866799784e-05	-1
47.482130298889246	70.028720991455216	1.4817351469506648e-05	-1
37.514588183714181	75.163401172629406	5.5377783737239488e-06	-1
36.853906250000001	80	0	-1
36.373572350431388	78.587770181119311	1.5462927625385786e-06	-1
38.143578010320098	76.585784075816449	3.9854402317242792e-06	-1
37.790234374999997	78.120670165538343	2.1678380257172933e-06	-1
67.67568499744489	59.318705647703069	2.0506448342416402e-05	-1
73.164783443592711	55.321303965562024	1.4254741192920768e-05	-1
72.733583351095106	56.709287939510808	1.4137226973723396e-05	-1
70.742650778617389	58.382986357656236	1.6418012339655598e-05	-1
69.785690865191398	59.646125403721705	1.6788228386559402e-05	-1
66.405308945436616	59.969695558210177	2.1614896651779104e-05	-1
65.796420687916893	61.162234602202027	2.0833279286386761e-05	-1
65.771060703857458	62.729278400797646	1.8782885696899354e-05	-1
58.404813639748632	66.832513595634865	1.8747022965133476e-05	-1
61.088349537148403	66.679468690677126	1.7410449747392026e-05	-1
59.672981679647194	67.495354267506769	1.6994492273586905e-05	-1
64.938478635880898	65.283012835639767	1.6319596787758487e-05	-1
63.737213821965575	66.786730924015728	1.5364799480860177e-05	-1
66.337240580226066	64.326456004103576	1.6140008151071711e-05	-1
62.169956836544515	67.903830196286989	1.4943319419281893e-05	-1
52.212557662192545	68.799386460433126	1.7115457423838988e-05	-1
54.210661890358729	69.713076500359762	1.5316650977546374e-05	-1
58.411444782463143	68.263444747596438	1.6410708490472186e-05	-1
57.228002495439796	69.366206575742083	1.5111278467487547e-05	-1
55.783830267010153	70.100695247676626	1.4358786691052695e-05	-1
49.759381780853253	68.560704981113517	1.7554817940563829e-05	-1
76.132770258334787	54.230174369988454	8.4717081069694166e-06	-1
74.617785029112824	55.356224220209143	1.1214512826121996e-05	-1
78.079810328555581	54.178906249999997	4.2210770573887121e-06	-1
80	52.462499999999999	0	-1
45.416377571643984	72.300140661706379	1.092234878751231e-05	-1
41.243992379530894	73.606879364181196	8.2361611859415069e-06	-1
43.000328006130125	73.650562141506867	8.5407830720082103e-06	-1
40.003848575542165	74.278212302808583	7.1060883502660885e-06	-1
39.263813634399582	75.478625921085964	5.476814276371537e-06	-1
49.02939329516856	69.928609203121198	1.5163332676327387e-05	-1
47.195473400321617	71.576257453821924	1.2313748673084637e-05	-1
38.7265625	80	0	-1
40.263342651855183	77.610273977953611	2.9638532414995032e-06	-1
68.570205150088682	60.516621934586382	1.7732499367921968e-05	-1
67.226959345161831	61.026949029342717	1.9079703007604416e-05	-1
73.824749831311237	57.863381760534729	1.1332344578331776e-05	-1
75.238197602025721	57.138990819995655	9.0696230425558975e-06	-1
71.912140531696394	59.452372276322954	1.3527083015527855e-05	-1
70.883525839974268	61.477542021179211	1.3452460477264911e-05	-1
68.132691692409892	63.83950162300922	1.4707471054790128e-05	-1
68.29661001815829	61.986423090406511	1.6535532366269696e-05	-1
60.747549581933711	69.78599639187513	1.3076554427306509e-05	-1
58.981845251502463	69.625825617060215	1.4065922257695362e-05	-1
66.267600267859493	66.019585111939222	1.421854415403809e-05	-1
63.877270609325805	68.641183478947625	1.2891992892152831e-05	-1
66.219944918496523	67.538410973742842	1.2499986276571718e-05	-1
65.421153505121381	68.881214615521145	1.1563124181957055e-05	-1
67.781639654524781	66.149152725302415	1.2650114100833434e-05	-1
62.820566032456355	70.171538215406542	1.1541148191021386e-05	-1
50.609172068999406	69.892932538557574	1.5301259131438344e-05	-1
52.621281896835598	71.230021203328576	1.3045411679061139e-05	-1
55.27073492356724	71.637523215636861	1.2068998538805979e-05	-1
57.962292964383735	71.076301260923088	1.2276406784610302e-05	-1
77.037639071911954	55.954936929121736	6.0024737196323166e-06	-1
80	54.178906249999997	0	-1
80	55.895312500000003	0	-1
46.829897953319048	73.225972031120151	9.7430491601454518e-06	-1
45.02597277918985	74.438161681119027	7.7539103354488837e-06	-1
41.956886603147709	75.064016441029381	6.4463844767874135e-06	-1
40.645918575981653	75.5023541295418	5.6606468292573312e-06	-1
43.576384060053186	75.167690956336386	6.5363873778401898e-06	-1
49.820389731745266	71.262164521486966	1.3055221032782183e-05	-1
48.66935294744377	72.768230900821621	1.0606063770824323e-05	-1
40.599218749999991	80	0	-1
41.687930902919277	76.439203290768901	4.5969624823630301e-06	-1
41.495411330186599	78.655573381946311	1.7207378270081341e-06	-1
74.660316049834179	59.214087475979831	9.120674236620715e-06	-1
77.209642082573978	58.006965404966792	5.0953418096126908e-06	-1
74.308730236602244	60.818244199639977	8.8070730826002816e-06	-1
73.107725702890818	61.938297541286978	9.9123758965801938e-06	-1
72.038560077099049	63.433368340303012	1.0356314689337416e-05	-1
70.146194675714412	63.231952954819945	1.2876656115045754e-05	-1
69.553504828752409	65.040359356925151	1.1945307213200041e-05	-1
61.934870939189295	72.085064777435946	9.495400645552602e-06	-1
60.417782258976963	72.35245328019225	9.6863521195935488e-06	-1
64.592727932816558	70.265207020788509	1.0478687434016431e-05	-1
68.025021825582783	68.225132987301365	1.0366996771787057e-05	-1
66.362093321868741	70.128540396427795	9.6068318034757949e-06	-1
69.600580954896742	67.197081928886107	9.9617154373447533e-06	-1
63.472612284588351	72.176750270753814	8.7655250709704082e-06	-1
50.335015865889581	72.848359162195308	1.0550094788148172e-05	-1
52.859197864270357	72.808056531066413	1.0547780068700494e-05	-1
56.066688080926532	73.067817491173273	9.7604149775541385e-06	-1
57.672137415825773	72.69803401956294	9.977286951517626e-06	-1
54.4605621872509	73.383479901046726	9.5090447076555921e-06	-1
78.547300509957509	57.403259273257603	2.7333257684930041e-06	-1
80	57.611718750000001	0	-1
48.223736302061511	74.348712741950735	8.1856173532005111e-06	-1
47.039596717312911	75.486390415376746	6.4348999090650559e-06	-1
45.193125583720509	76.575242510916979	4.7489253085903712e-06	-1
42.614634963175646	77.49024830649671	3.3024856785110989e-06	-1
49.718951827315649	75.027555564568459	7.2284673158332539e-06	-1
42.471874999999997	80	0	-1
43.865390074786568	78.479199024700534	2.0499654716160946e-06	-1
75.825555069861934	60.310082132611356	6.694711870751871e-06	-1
78.508805815381891	58.870334363463613	2.6022004353465837e-06	-1
78.039531803524056	60.357954699750437	3.1170431005387998e-06	-1
74.931175033403875	62.337946095757957	7.161927273114491e-06	-1
76.302586171438122	61.731637571107321	5.4361876065077741e-06	-1
74.865395036038763	64.203518238556484	6.3421832023740056e-06	-1
73.266470062785316	64.801063078355739	7.9628813603804734e-06	-1
71.926348081954515	65.267969195418601	9.167425162133556e-06	-1
71.376484563884446	66.57624223922565	8.7892706614220689e-06	-1
62.559024686117986	73.493427932034052	7.5380441314500055e-06	-1
61.059002095681301	74.057533056964559	7.2827905509265175e-06	-1
59.237342025669264	74.053723402811045	7.7168130452564682e-06	-1
65.62875321946413	72.156242688721463	7.860831387550783e-06	-1
69.760966364655957	69.071529065779984	8.2752639173023015e-06	-1
68.199781511261918	70.148502118971962	8.4191617162945627e-06	-1
66.935591048132494	71.482413219733445	7.9008276627575189e-06	-1
71.645035082960547	69.289368842851871	6.6662999642156312e-06	-1
65.127207398232287	74.300093622301986	5.7978962097923791e-06	-1
51.659958911062319	73.860969365187827	8.980896180811405e-06	-1
53.086808196083162	74.387611227808875	8.1283925018843936e-06	-1
57.177940440985338	74.269649981833354	7.8347049565559106e-06	-1
55.938008381076635	75.11346002314211	6.8052342382699837e-06	-1
54.438463808439899	75.084947329852909	6.998380811046462e-06	-1
80	59.328125000000007	0	-1
48.591728222450861	76.57375548198425	4.9289916545770473e-06	-1
47.186058911036483	77.844805750175084	3.0558070861444137e-06	-1
45.455589401881618	78.362246160848599	2.2719561538411792e-06	-1
51.47713542854018	75.754832207378442	6.1530355925627447e-06	-1
50.137778352621218	77.669750004014531	3.3569414481473257e-06	-1
44.344531249999996	80	0	-1
80	61.044531249999999	0	-1
78.081170468432319	62.498179455074023	2.6889785561287589e-06	-1
76.410038453797853	63.47709025338677	4.6996284954747412e-06	-1
74.260771403948468	65.857011452560158	6.2599035171194019e-06	-1
75.701702213084715	65.691540822822475	4.7685677236456088e-06	-1
72.850602962552912	66.34485412954416	7.4938062073344902e-06	-1
73.139453370139734	68.655933643441955	5.8655385266620598e-06	-1
62.555673190563432	75.096010576165327	5.6499815746058746e-06	-1
60.627726342664694	76.276847267355691	4.5886221419767147e-06	-1
58.341426698939749	75.437666708943894	6.03351734149695e-06	-1
67.054082615091232	73.316385984079119	6.0887358645789939e-06	-1
69.765698992804758	70.968143603844965	6.7451520200934331e-06	-1
68.318273078220656	71.98247488331765	6.7080744413588329e-06	-1
71.001882549907947	72.231377523542363	5.099820814930969e-06	-1
73.202927393337305	70.277814408876381	4.9546472819414668e-06	-1
63.947262099404497	76.308599604387723	3.9635274999273361e-06	-1
66.160720424681173	76.258102443815048	3.5650091008276123e-06	-1
53.068314159314198	75.90843616981681	5.8798754836918611e-06	-1
56.625539650733586	76.446407003425577	4.8620349243462445e-06	-1
55.244817837124437	76.314793345461169	5.1604131276663181e-06	-1
54.016896010005325	76.859705996695908	4.4587984580358224e-06	-1
48.704492818699777	78.47514665805636	2.1840133668556911e-06	-1
46.217187499999994	80	0	-1
48.08984375	80	0	-1
52.100411122773565	77.616626217505981	3.4246510959889526e-06	-1
49.962499999999999	80	0	-1
51.835156249999997	80	0	-1
80	62.760937499999997	0	-1
78.787555750539866	64.477343749999989	1.4732428633383527e-06	-1
77.214729817602986	64.890112198020972	3.3070443141159299e-06	-1
74.009025984073645	67.285397384161229	5.8246139719064625e-06	-1
75.784390227187203	68.015049860185044	3.8627484719581481e-06	-1
78.254587442508168	66.140254320712216	1.8837563747694799e-06	-1
77.690962072935477	67.793025698225364	2.1554618626678866e-06	-1
75.008841186737527	69.770850138505864	3.8522693958473578e-06	-1
62.116454152093645	76.543193088180942	4.0229880122049426e-06	-1
61.500585566034808	77.807149953546059	2.6077844571761842e-06	-1
58.513341278575126	77.077303474989208	3.8260851524581889e-06	-1
60.167058123411579	78.252779432562477	2.1771561216548734e-06	-1
68.00811676378504	75.638704744904672	3.667234668442959e-06	-1
69.325761611011245	74.203316713838475	4.4227142552354317e-06	-1
69.601424104416665	72.739316645804934	5.4435804189491654e-06	-1
72.787952865642893	72.075548880117708	4.2151705416924169e-06	-1
71.01679698465	74.735583068756455	3.4341015969659921e-06	-1
74.510740124185631	71.579228619938931	3.4442243216479557e-06	-1
62.906366164849103	77.8328789409927	2.4256885694223733e-06	-1
64.852630614249946	78.044397147610738	2.0068934493925672e-06	-1
66.328640767825746	78.526011220251675	1.3828962383907109e-06	-1
67.752734374999989	77.907532856499103	1.7859545182240278e-06	-1
55.072209384239507	77.690991442949894	3.2289788801119172e-06	-1
57.084585193615112	78.212664700333264	2.4107312056047134e-06	-1
53.651482232577592	78.409097914656911	2.2571363662588219e-06	-1
53.707812500000003	80	0	-1
80	66.193749999999994	0	-1
76.759980514699365	70.44304687658996	2.3452984457701757e-06	-1
80	67.91015625	0	-1
80	69.626562499999991	0	-1
78.493380339280421	70.48476562499998	1.0915859625089946e-06	-1
76.023687870015166	71.779889769329998	2.4582754522802435e-06	-1
62.182286869397373	78.97773896361889	1.1808371611762616e-06	-1
59.325781249999999	80	0	-1
61.198437499999997	80	0	-1
69.694992562910045	76.613885128975355	2.4779595931498716e-06	-1
73.98191274039084	73.413005255613001	2.929247018952904e-06	-1
72.782229794917924	74.897308452987701	2.6625873830558371e-06	-1
71.601948862373945	76.409054128402062	2.1824422721991261e-06	-1
63.071093749999996	80	0	-1
64.943749999999994	80	0	-1
66.81640625	80	0	-1
68.689062499999991	80	0	-1
69.625390624999994	78.435683903915617	1.1552694210275956e-06	-1
55.580468750000001	80	0	-1
57.453125000000007	80	0	-1
78.528639515774245	72.237994403999807	8.4886042735750874e-07	-1
80	71.342968749999983	0	-1
77.001965292750555	72.951320118369935	1.5806817902203766e-06	-1
75.780655121536512	74.124057458989071	1.82746024966822e-06	-1
71.498046874999986	78.476427775514622	9.2230730481762245e-07	-1
74.473908270374636	75.257005133560739	1.9276910323176457e-06	-1
74.580579348358526	76.983208785352886	1.1835543010315646e-06	-1
73.076362242994989	77.635652371473725	1.195974667446359e-06	-1
70.561718749999983	80	0	-1
80	73.059374999999989	0	-1
78.392381370410988	73.917578124999991	7.3847880703960323e-07	-1
77.572573033647515	75.73848181404307	7.5986550543418648e-07	-1
76.337459721238204	76.470822133959018	9.4406973096226361e-07	-1
72.434374999999989	80	0	-1
73.797030509314482	79.108401156249499	4.0063407319870208e-07	-1
75.93362754592188	78.255783842040103	5.1717683554229467e-07	-1
74.531806144859573	78.39065884936889	6.4166024494522072e-07	-1
80	74.775781249999994	0	-1
79.004672026000591	75.633984374999997	3.1917775134863497e-07	-1
78.422332070539611	76.895951821380407	3.6115698019893796e-07	-1
77.035511281261989	78.162535095629764	3.965892244236571e-07	-1
74.307031249999994	80	0	-1
74.817390223774169	79.226364314840382	2.9541747712495741e-07	-1
76.647851562499994	79.100015533613686	2.1860686646060829e-07	-1
75.699236614366356	79.178313981355856	2.537826882129957e-07	-1
80	76.4921875	0	-1
79.269317111211095	76.921289062499994	1.6632524343762371e-07	-1
78.40634675169656	78.270976905797198	1.9776322625690006e-07	-1
79.190676959825325	78.036388423871941	1.1277315054692217e-07	-1
78.101782399472569	79.03087570602635	1.3242113177808668e-07	-1
75.243359374999997	80	0	-1
76.1796875	80	0	-1
77.116015625000003	80	0	-1
80	77.350390625000003	0	-1
78.99465400921919	78.840274896292087	8.6211260137922845e-08	-1
80	78.208593750000006	0	-1
79.535715777010296	78.788456686957176	4.0778546731921479e-08	-1
78.052343750000006	80	0	-1
78.944752848524047	79.381516836227618	4.9276562505748422e-08	-1
79.460864141777463	79.119704808226913	3.5447679256997493e-08	-1
80	79.066796874999994	0	-1
79.759527287854695	79.281347656249991	1.2796692585260189e-08	-1
78.988671874999994	80	0	-1
79.315164558044813	79.731653527430709	1.3629983772737461e-08	-1
79.448523066751704	79.459080386324345	2.1951121293624836e-08	-1
80	79.495898437499989	0	-1
79.77647066761746	79.603173828124994	6.5198343340357872e-09	-1
79.456835937499989	80	0	-1
79.615343929891651	79.776071472168738	6.3595001333082065e-09	-1
80	79.71044921875	0	-1
79.842232015570175	79.842232015570175	1.8913147444967376e-09	-1
79.69091796875	80	0	-1
80	79.924999999999997	0	-1
79.924999999999997	80	0	-1
80	80	0	-1
12063
1	0	2	4
4	1	2	4
3	1	4	4
2	5	4	4
3	4	7	4
6	3	7	4
8	4	5	4
4	8	7	4
5	9	8	4
6	7	11	4
11	10	6	4
7	8	12	4
13	8	9	4
7	12	11	4
12	8	13	4
9	14	13	4
10	11	16	4
11	12	17	4
16	15	10	4
18	12	13	4
11	17	16	4
18	13	14	4
12	18	17	4
19	18	14	4
21	15	16	4
16	17	22	4
20	15	21	4
22	17	18	4
16	22	21	4
23	18	19	4
23	22	18	4
23	19	24	4
21	26	20	4
22	27	21	4
26	25	20	4
22	23	27	4
26	21	28	4
24	29	23	4
21	27	28	4
27	23	30	4
23	29	30	4
31	29	24	4
33	25	26	4
27	30	28	4
33	26	28	4
25	33	32	4
30	35	28	4
33	28	34	4
31	36	29	4
30	29	37	4
35	34	28	4
29	36	37	4
30	37	35	4
32	33	40	4
36	31	38	4
33	34	40	4
34	35	41	4
32	40	39	4
41	40	34	4
43	35	37	4
35	42	41	4
44	36	38	4
36	45	37	4
43	42	35	4
37	45	43	4
45	36	44	4
39	40	48	4
38	46	44	4
49	40	41	4
50	41	42	4
47	39	48	4
49	48	40	4
43	52	42	4
41	51	49	4
45	53	43	4
41	50	51	4
45	44	54	4
42	52	50	4
54	44	46	4
51	48	49	4
52	43	53	4
45	54	53	4
48	57	47	4
46	55	54	4
48	51	58	4
56	47	57	4
52	59	50	4
51	50	60	4
57	48	58	4
52	53	63	4
59	60	50	4
61	58	51	4
53	54	64	4
61	51	60	4
62	59	52	4
55	64	54	4
63	62	52	4
57	67	56	4
63	53	64	4
58	68	57	4
65	64	55	4
61	68	58	4
60	59	69	4
56	67	66	4
59	62	70	4
60	71	61	4
57	68	67	4
70	69	59	4
62	63	74	4
71	60	69	4
68	61	72	4
64	75	63	4
72	61	71	4
75	64	65	4
62	73	70	4
72	67	68	4
73	62	74	4
67	77	66	4
75	74	63	4
76	75	65	4
67	72	79	4
69	70	81	4
71	69	80	4
67	78	77	4
67	79	78	4
83	70	73	4
71	84	72	4
81	80	69	4
86	73	74	4
82	81	70	4
83	82	70	4
80	84	71	4
72	85	79	4
75	88	74	4
76	88	75	4
72	84	85	4
83	73	87	4
78	91	77	4
86	87	73	4
86	74	88	4
79	92	78	4
90	88	76	4
89	90	76	4
94	80	81	4
93	79	85	4
95	81	82	4
84	80	94	4
92	91	78	4
83	97	82	4
93	92	79	4
87	98	83	4
99	85	84	4
94	81	96	4
95	96	81	4
95	82	97	4
102	87	86	4
88	101	86	4
94	99	84	4
98	97	83	4
85	100	93	4
101	88	90	4
99	100	85	4
89	106	90	4
87	103	98	4
86	101	102	4
99	94	96	4
92	107	91	4
108	92	93	4
102	104	87	4
103	87	104	4
90	106	101	4
105	106	89	4
97	112	95	4
100	111	93	4
113	96	95	4
98	112	97	4
109	92	108	4
110	107	92	4
99	96	114	4
109	110	92	4
111	108	93	4
99	116	100	4
103	115	98	4
95	112	113	4
101	118	102	4
114	96	113	4
119	104	102	4
118	101	106	4
98	115	112	4
111	100	116	4
104	120	103	4
99	114	117	4
116	99	117	4
106	105	124	4
115	103	121	4
118	119	102	4
125	107	110	4
108	126	109	4
103	120	121	4
126	108	111	4
119	122	104	4
122	120	104	4
127	110	109	4
124	118	106	4
124	105	123	4
132	113	112	4
116	131	111	4
112	115	133	4
114	113	134	4
109	126	128	4
110	129	125	4
127	109	128	4
117	114	134	4
130	110	127	4
131	126	111	4
110	130	129	4
116	117	136	4
115	121	133	4
118	139	119	4
112	133	132	4
135	113	132	4
119	139	122	4
139	118	124	4
134	113	135	4
140	120	122	4
121	120	141	4
116	136	131	4
137	117	134	4
117	138	136	4
137	138	117	4
146	124	123	4
133	121	142	4
140	141	120	4
148	128	126	4
126	131	147	4
127	128	149	4
144	122	139	4
121	141	143	4
149	130	127	4
140	122	144	4
142	121	143	4
150	129	130	4
139	124	146	4
146	123	145	4
132	133	154	4
136	153	131	4
132	154	135	4
147	148	126	4
155	134	135	4
128	148	149	4
137	134	155	4
138	153	136	4
149	151	130	4
154	133	142	4
147	131	153	4
130	152	150	4
137	158	138	4
130	151	152	4
162	141	140	4
144	139	161	4
154	156	135	4
155	135	156	4
146	161	139	4
144	162	140	4
163	143	141	4
137	155	157	4
159	153	138	4
142	143	165	4
137	157	158	4
138	158	160	4
160	159	138	4
146	145	169	4
164	154	142	4
147	170	148	4
163	141	162	4
148	171	149	4
170	147	153	4
164	142	165	4
167	144	161	4
163	166	143	4
173	151	149	4
144	167	162	4
166	165	143	4
161	146	169	4
152	174	150	4
175	152	151	4
169	145	168	4
153	159	170	4
156	154	178	4
148	170	172	4
155	156	179	4
155	179	157	4
148	172	171	4
149	171	173	4
158	157	180	4
154	164	178	4
167	161	169	4
173	175	151	4
158	181	160	4
152	176	174	4
159	160	184	4
152	175	177	4
177	176	152	4
163	162	186	4
170	159	183	4
156	178	179	4
162	167	187	4
157	179	180	4
163	188	166	4
190	164	165	4
182	158	180	4
158	182	181	4
192	165	166	4
177	175	173	4
183	172	170	4
160	181	185	4
183	159	184	4
185	184	160	4
169	193	167	4
168	194	169	4
191	178	164	4
187	186	162	4
195	171	172	4
163	186	189	4
173	171	195	4
188	163	189	4
164	190	191	4
166	188	192	4
190	165	192	4
173	197	177	4
167	193	187	4
174	176	198	4
183	196	172	4
177	200	176	4
194	193	169	4
202	179	178	4
179	203	180	4
172	196	195	4
195	197	173	4
182	180	204	4
181	182	206	4
181	205	185	4
202	178	191	4
198	176	199	4
184	208	183	4
199	176	200	4
177	197	201	4
184	185	209	4
177	201	200	4
203	179	202	4
186	187	212	4
189	186	212	4
183	208	196	4
203	204	180	4
181	206	205	4
189	216	188	4
207	182	204	4
214	187	193	4
188	215	192	4
206	182	207	4
218	191	190	4
192	219	190	4
185	205	211	4
208	184	210	4
184	209	210	4
185	211	209	4
193	194	222	4
187	213	212	4
191	220	202	4
213	187	214	4
196	224	195	4
195	224	197	4
217	189	212	4
216	215	188	4
189	217	216	4
201	197	225	4
198	199	226	4
218	190	219	4
200	228	199	4
221	192	215	4
208	224	196	4
220	191	218	4
222	214	193	4
200	201	229	4
221	219	192	4
230	203	202	4
230	204	203	4
222	194	223	4
204	231	207	4
210	224	208	4
232	205	206	4
206	207	233	4
224	225	197	4
205	232	211	4
226	199	227	4
220	230	202	4
210	209	234	4
211	234	209	4
199	228	227	4
229	201	225	4
228	200	229	4
238	212	213	4
230	231	204	4
213	214	239	4
217	212	238	4
210	235	224	4
232	206	233	4
233	207	231	4
216	241	215	4
217	243	216	4
222	240	214	4
221	215	241	4
211	232	236	4
210	234	235	4
219	245	218	4
237	234	211	4
211	236	237	4
246	220	218	4
240	222	223	4
221	247	219	4
213	239	238	4
214	240	239	4
220	248	230	4
242	241	216	4
238	244	217	4
251	225	224	4
243	242	216	4
217	244	243	4
229	225	252	4
248	231	230	4
218	245	246	4
254	227	228	4
251	224	235	4
219	247	245	4
249	221	241	4
255	228	229	4
240	223	250	4
220	246	248	4
221	249	247	4
233	231	256	4
232	233	257	4
257	236	232	4
259	235	234	4
225	251	252	4
237	259	234	4
227	254	253	4
248	256	231	4
263	237	236	4
255	229	252	4
228	255	254	4
238	239	266	4
235	260	251	4
240	267	239	4
233	256	258	4
266	244	238	4
257	233	258	4
246	256	248	4
242	269	241	4
262	236	257	4
243	270	242	4
261	235	259	4
235	261	260	4
250	268	240	4
271	243	244	4
269	249	241	4
237	265	259	4
262	263	236	4
237	263	264	4
245	274	246	4
264	265	237	4
247	274	245	4
239	267	266	4
278	247	249	4
267	240	268	4
246	276	256	4
269	242	270	4
244	266	273	4
272	270	243	4
251	282	252	4
261	259	265	4
272	243	271	4
244	273	271	4
255	252	283	4
276	258	256	4
253	254	285	4
251	260	282	4
274	275	246	4
254	255	286	4
276	246	275	4
280	249	269	4
247	277	274	4
250	281	268	4
278	277	247	4
258	288	257	4
249	279	278	4
288	262	257	4
279	249	280	4
261	290	260	4
291	261	265	4
263	262	292	4
282	283	252	4
263	294	264	4
253	285	284	4
289	258	276	4
295	265	264	4
286	255	283	4
254	287	285	4
275	274	277	4
287	254	286	4
282	260	290	4
266	267	299	4
267	268	299	4
258	289	288	4
266	297	273	4
269	270	301	4
290	261	291	4
262	288	292	4
270	272	301	4
271	302	272	4
271	273	303	4
293	263	292	4
300	268	281	4
269	301	280	4
293	294	263	4
296	291	265	4
294	295	264	4
296	265	295	4
275	305	276	4
277	306	275	4
266	298	297	4
299	298	266	4
278	308	277	4
278	279	309	4
299	268	300	4
279	280	310	4
289	276	307	4
303	273	297	4
302	271	303	4
304	301	272	4
272	302	304	4
283	282	315	4
286	283	317	4
305	275	306	4
316	282	290	4
276	305	307	4
285	319	284	4
286	317	287	4
277	308	306	4
319	285	287	4
313	280	301	4
314	300	281	4
278	309	308	4
321	288	289	4
311	309	279	4
311	279	310	4
280	312	310	4
292	288	322	4
290	291	324	4
313	312	280	4
293	292	322	4
325	291	296	4
294	293	326	4
315	282	316	4
317	283	315	4
294	328	295	4
321	289	307	4
304	313	301	4
295	329	296	4
319	318	284	4
317	320	287	4
287	320	319	4
297	298	332	4
316	290	323	4
321	322	288	4
298	299	334	4
297	332	303	4
299	300	334	4
324	323	290	4
303	335	302	4
304	302	335	4
291	325	324	4
327	293	322	4
327	326	293	4
326	328	294	4
305	306	340	4
334	300	314	4
329	295	328	4
296	331	325	4
341	307	305	4
313	304	338	4
330	296	329	4
308	342	306	4
296	330	331	4
309	345	308	4
332	298	333	4
334	333	298	4
345	309	311	4
311	310	347	4
346	310	312	4
303	332	336	4
307	344	321	4
349	312	313	4
303	337	335	4
337	303	336	4
335	339	304	4
338	304	339	4
316	352	315	4
315	352	317	4
305	340	341	4
340	306	342	4
307	341	343	4
320	317	355	4
316	323	354	4
307	343	344	4
357	318	319	4
308	345	342	4
319	320	357	4
351	334	314	4
338	349	313	4
322	321	359	4
310	346	347	4
311	348	345	4
311	347	348	4
346	312	349	4
360	323	324	4
327	322	359	4
324	325	361	4
337	339	335	4
362	326	327	4
314	350	351	4
326	363	328	4
361	325	331	4
351	333	334	4
328	363	329	4
316	353	352	4
316	354	353	4
352	355	317	4
359	321	344	4
329	366	330	4
367	331	330	4
356	318	357	4
358	320	355	4
333	370	332	4
320	358	357	4
323	360	354	4
332	370	336	4
360	324	361	4
372	337	336	4
337	373	339	4
327	359	364	4
362	363	326	4
338	339	375	4
327	365	362	4
371	333	351	4
365	327	364	4
340	377	341	4
363	366	329	4
377	340	342	4
355	352	353	4
349	338	374	4
369	361	331	4
343	341	378	4
366	368	330	4
368	367	330	4
379	342	345	4
353	358	355	4
367	369	331	4
344	343	382	4
345	348	379	4
371	370	333	4
346	384	347	4
336	370	372	4
346	349	385	4
386	348	347	4
373	337	372	4
359	344	383	4
338	375	374	4
373	376	339	4
339	376	375	4
389	351	350	4
341	377	378	4
390	353	354	4
342	381	377	4
379	380	342	4
358	353	390	4
342	380	381	4
343	378	382	4
360	392	354	4
364	359	383	4
357	394	356	4
348	380	379	4
385	349	374	4
382	383	344	4
395	357	358	4
351	389	371	4
392	360	361	4
346	385	384	4
388	380	348	4
387	347	384	4
386	347	387	4
369	392	361	4
388	348	386	4
362	398	363	4
365	399	362	4
363	400	366	4
365	364	401	4
390	354	391	4
392	391	354	4
366	404	368	4
405	367	368	4
369	367	405	4
393	356	394	4
390	397	358	4
357	395	394	4
383	401	364	4
396	395	358	4
397	396	358	4
371	410	370	4
372	370	411	4
373	372	414	4
362	399	398	4
400	363	398	4
373	415	376	4
375	416	374	4
403	399	365	4
417	375	376	4
401	402	365	4
392	369	408	4
402	403	365	4
400	404	366	4
389	413	371	4
419	378	377	4
416	385	374	4
377	381	419	4
407	368	404	4
368	406	405	4
382	378	420	4
368	407	406	4
409	369	405	4
422	381	380	4
409	408	369	4
424	383	382	4
422	380	388	4
370	410	411	4
391	392	408	4
371	412	410	4
385	425	384	4
412	371	413	4
384	425	387	4
414	372	411	4
386	387	427	4
388	386	427	4
373	414	415	4
416	375	417	4
383	424	401	4
376	415	418	4
376	418	417	4
391	432	390	4
419	421	378	4
378	421	420	4
390	432	397	4
393	394	435	4
381	423	419	4
394	395	435	4
396	435	395	4
382	420	424	4
423	381	422	4
416	426	385	4
436	396	397	4
391	408	433	4
413	389	431	4
399	438	398	4
426	425	385	4
398	438	400	4
425	428	387	4
388	430	422	4
399	403	439	4
429	427	387	4
387	428	429	4
404	400	440	4
441	402	401	4
427	430	388	4
402	443	403	4
407	404	440	4
445	405	406	4
432	391	433	4
407	446	406	4
445	409	405	4
435	434	393	4
423	421	419	4
432	437	397	4
408	409	450	4
436	435	396	4
442	401	424	4
436	397	437	4
410	453	411	4
410	412	453	4
399	439	438	4
438	440	400	4
411	454	414	4
413	455	412	4
401	442	441	4
443	402	441	4
420	442	424	4
444	439	403	4
457	415	414	4
415	457	418	4
443	444	403	4
433	408	450	4
417	458	416	4
417	418	460	4
407	440	448	4
447	445	406	4
446	447	406	4
413	431	456	4
426	416	459	4
433	437	432	4
449	446	407	4
448	449	407	4
420	421	463	4
452	409	445	4
409	451	450	4
423	464	421	4
422	465	423	4
451	409	452	4
430	466	422	4
454	411	453	4
426	469	425	4
412	455	453	4
469	428	425	4
413	456	455	4
454	457	414	4
463	442	420	4
429	471	427	4
430	427	471	4
428	472	429	4
458	459	416	4
458	417	461	4
457	462	418	4
460	461	417	4
460	418	462	4
452	445	447	4
433	475	437	4
434	435	477	4
421	464	463	4
435	436	477	4
437	478	436	4
422	466	465	4
423	467	464	4
426	459	470	4
468	423	465	4
438	480	440	4
433	450	475	4
467	423	468	4
481	438	439	4
444	481	439	4
469	426	470	4
443	441	482	4
483	441	442	4
480	448	440	4
469	472	428	4
463	464	442	4
466	430	474	4
444	443	484	4
473	471	429	4
473	429	472	4
471	474	430	4
450	451	475	4
447	446	486	4
449	486	446	4
448	488	449	4
487	452	447	4
477	476	434	4
442	464	483	4
478	477	436	4
475	479	437	4
451	452	490	4
478	437	479	4
481	480	438	4
465	466	468	4
453	494	454	4
455	494	453	4
495	457	454	4
483	482	441	4
498	455	456	4
482	484	443	4
481	444	485	4
484	485	444	4
448	480	488	4
475	451	492	4
501	459	458	4
500	462	457	4
501	458	461	4
487	447	486	4
449	489	486	4
503	461	460	4
503	460	462	4
489	449	488	4
502	470	459	4
491	451	490	4
452	487	493	4
492	451	491	4
452	493	490	4
467	505	464	4
468	466	506	4
468	508	467	4
454	494	496	4
496	495	454	4
492	479	475	4
497	494	455	4
466	474	506	4
497	455	498	4
470	511	469	4
469	510	472	4
483	464	505	4
457	495	500	4
498	456	499	4
473	472	510	4
513	471	473	4
513	474	471	4
501	502	459	4
500	503	462	4
461	504	501	4
504	461	503	4
477	518	476	4
479	520	478	4
477	478	519	4
467	507	505	4
507	467	508	4
468	506	508	4
522	480	481	4
512	470	502	4
469	509	510	4
469	511	509	4
524	481	485	4
523	488	480	4
484	482	525	4
483	526	482	4
479	492	521	4
512	511	470	4
527	485	484	4
516	506	474	4
515	473	510	4
473	514	513	4
514	473	515	4
516	474	513	4
531	487	486	4
486	489	532	4
489	488	534	4
517	476	518	4
487	533	493	4
483	505	526	4
518	477	519	4
519	478	520	4
491	490	537	4
537	490	493	4
521	520	479	4
491	538	492	4
523	480	522	4
481	524	522	4
494	541	496	4
541	494	497	4
525	482	526	4
495	496	542	4
510	509	515	4
528	484	525	4
500	495	542	4
526	505	507	4
530	524	485	4
484	528	527	4
545	497	498	4
485	527	529	4
499	545	498	4
529	530	485	4
535	488	523	4
531	486	532	4
500	547	503	4
502	501	548	4
492	538	521	4
531	533	487	4
504	548	501	4
503	549	504	4
532	489	536	4
535	534	488	4
536	489	534	4
548	512	502	4
540	493	533	4
537	539	491	4
539	538	491	4
554	508	506	4
537	493	540	4
555	507	508	4
553	506	516	4
509	511	557	4
543	496	541	4
557	515	509	4
558	511	512	4
544	542	496	4
545	541	497	4
496	543	544	4
514	561	513	4
547	500	542	4
556	526	507	4
545	499	546	4
562	516	513	4
515	563	514	4
503	547	549	4
566	517	518	4
504	550	548	4
519	567	518	4
549	551	504	4
504	551	550	4
526	556	525	4
568	519	520	4
569	520	521	4
506	553	552	4
554	506	552	4
523	522	571	4
522	524	571	4
554	555	508	4
507	555	556	4
548	560	512	4
524	530	571	4
528	525	573	4
558	557	511	4
543	541	545	4
528	574	527	4
570	521	538	4
558	512	559	4
527	574	529	4
523	572	535	4
560	559	512	4
562	553	516	4
530	529	576	4
562	513	561	4
564	515	557	4
561	514	563	4
563	515	564	4
531	532	579	4
533	531	579	4
539	570	538	4
532	536	580	4
566	565	517	4
567	566	518	4
535	583	534	4
534	583	536	4
567	519	568	4
556	573	525	4
540	533	582	4
520	569	568	4
548	550	560	4
569	521	570	4
539	537	585	4
540	585	537	4
571	572	523	4
589	542	544	4
528	573	575	4
574	528	575	4
544	543	590	4
571	530	577	4
589	547	542	4
574	576	529	4
543	545	591	4
546	591	545	4
530	576	578	4
578	577	530	4
595	549	547	4
532	580	579	4
572	584	535	4
533	579	581	4
549	595	551	4
570	539	587	4
581	582	533	4
596	550	551	4
583	580	536	4
583	535	584	4
599	552	553	4
554	552	599	4
560	550	596	4
601	555	554	4
539	585	586	4
582	588	540	4
601	556	555	4
539	586	587	4
588	585	540	4
562	600	553	4
557	558	605	4
572	571	577	4
590	543	591	4
607	558	559	4
589	544	592	4
590	593	544	4
606	564	557	4
559	560	609	4
593	592	544	4
589	595	547	4
591	546	594	4
610	562	561	4
556	604	573	4
563	611	561	4
614	563	564	4
595	598	551	4
596	551	597	4
598	597	551	4
616	565	566	4
567	617	566	4
617	567	568	4
599	553	600	4
569	618	568	4
599	602	554	4
601	554	602	4
570	619	569	4
556	601	603	4
556	603	604	4
596	609	560	4
557	605	606	4
572	577	621	4
573	622	575	4
607	605	558	4
623	574	575	4
574	623	576	4
612	600	562	4
608	607	559	4
619	570	587	4
609	608	559	4
578	621	577	4
621	584	572	4
576	624	578	4
610	561	611	4
614	564	606	4
610	612	562	4
579	580	627	4
581	579	627	4
613	611	563	4
614	613	563	4
580	583	629	4
582	581	630	4
615	565	616	4
622	573	604	4
632	583	584	4
566	617	616	4
588	582	631	4
618	617	568	4
585	633	586	4
588	633	585	4
569	620	618	4
634	587	586	4
620	569	619	4
637	589	592	4
590	591	638	4
623	575	622	4
595	589	637	4
639	593	590	4
624	576	623	4
638	591	594	4
593	640	592	4
578	626	621	4
578	624	625	4
578	625	626	4
595	637	598	4
627	580	628	4
643	596	597	4
628	580	629	4
621	632	584	4
630	581	627	4
644	597	598	4
635	619	587	4
582	630	631	4
632	629	583	4
647	599	600	4
602	599	646	4
643	609	596	4
650	601	602	4
634	586	633	4
603	601	650	4
631	636	588	4
634	635	587	4
588	636	633	4
604	603	653	4
612	648	600	4
605	655	606	4
639	590	638	4
607	655	605	4
637	592	640	4
639	641	593	4
657	607	608	4
640	593	641	4
594	642	638	4
635	620	619	4
658	608	609	4
614	606	656	4
632	621	626	4
654	622	604	4
637	645	598	4
660	610	611	4
612	610	660	4
643	597	644	4
613	661	611	4
644	598	645	4
614	665	613	4
599	647	646	4
647	600	649	4
616	666	615	4
600	648	649	4
652	602	646	4
668	616	617	4
651	650	602	4
617	618	668	4
652	651	602	4
653	603	650	4
669	618	620	4
609	643	659	4
653	654	604	4
623	622	672	4
606	655	656	4
607	657	655	4
623	672	624	4
612	663	648	4
658	657	608	4
674	625	624	4
620	635	670	4
625	675	626	4
658	609	659	4
627	628	677	4
611	662	660	4
632	626	676	4
627	677	630	4
662	611	661	4
660	663	612	4
656	665	614	4
629	678	628	4
664	661	613	4
629	632	681	4
613	665	664	4
630	683	631	4
652	646	647	4
666	616	667	4
673	622	654	4
667	616	668	4
685	636	631	4
633	687	634	4
669	668	618	4
687	633	636	4
688	635	634	4
670	669	620	4
671	672	622	4
622	673	671	4
637	640	691	4
638	692	639	4
672	674	624	4
692	638	642	4
639	693	641	4
637	691	645	4
625	674	675	4
640	641	694	4
676	626	675	4
653	673	654	4
697	643	644	4
677	628	680	4
628	678	679	4
679	680	628	4
645	698	644	4
682	678	629	4
630	677	684	4
681	682	629	4
635	688	670	4
632	676	686	4
700	647	649	4
683	630	684	4
649	648	701	4
631	683	685	4
652	647	700	4
643	697	659	4
686	681	632	4
650	651	704	4
705	653	650	4
706	651	652	4
689	634	687	4
636	685	690	4
689	688	634	4
687	636	690	4
648	663	701	4
655	708	656	4
655	657	708	4
639	692	693	4
691	640	694	4
711	657	658	4
695	641	693	4
695	694	641	4
659	713	658	4
665	656	709	4
692	642	696	4
673	653	705	4
698	645	691	4
662	714	660	4
660	714	663	4
662	661	715	4
644	699	697	4
661	664	716	4
699	644	698	4
680	684	677	4
665	720	664	4
701	702	649	4
703	700	649	4
702	703	649	4
667	722	666	4
706	652	700	4
724	667	668	4
705	650	704	4
669	724	668	4
704	651	707	4
670	724	669	4
651	706	707	4
713	659	697	4
727	671	673	4
672	671	728	4
656	708	710	4
674	672	728	4
709	656	710	4
712	708	657	4
657	711	712	4
732	675	674	4
713	711	658	4
719	701	663	4
688	725	670	4
676	675	733	4
734	679	678	4
716	715	661	4
662	715	717	4
662	718	714	4
679	735	680	4
720	665	709	4
678	682	734	4
676	733	686	4
719	663	714	4
718	662	717	4
680	737	684	4
682	681	738	4
664	721	716	4
738	681	686	4
664	720	721	4
683	684	740	4
673	705	730	4
685	683	740	4
700	703	706	4
723	722	667	4
724	723	667	4
742	690	685	4
670	726	724	4
725	726	670	4
745	689	687	4
687	690	746	4
688	689	747	4
727	729	671	4
728	671	729	4
712	710	708	4
727	673	730	4
728	731	674	4
694	749	691	4
693	692	750	4
732	674	731	4
750	692	696	4
698	691	749	4
693	752	695	4
675	732	733	4
694	695	753	4
736	679	734	4
736	735	679	4
735	737	680	4
756	697	699	4
757	699	698	4
739	734	682	4
739	682	738	4
688	747	725	4
740	684	737	4
701	759	702	4
733	744	686	4
697	756	713	4
740	741	685	4
702	761	703	4
743	738	686	4
742	685	741	4
763	706	703	4
686	744	743	4
704	764	705	4
707	764	704	4
746	690	742	4
745	687	746	4
759	701	719	4
706	767	707	4
689	745	748	4
689	748	747	4
710	770	709	4
750	751	693	4
772	710	712	4
693	751	752	4
749	694	753	4
712	711	774	4
711	713	773	4
771	720	709	4
705	765	730	4
755	750	696	4
754	695	752	4
754	753	695	4
749	757	698	4
777	714	718	4
717	715	778	4
716	779	715	4
719	714	777	4
771	721	720	4
699	758	756	4
699	757	758	4
781	718	717	4
780	716	721	4
702	759	760	4
760	761	702	4
703	761	762	4
762	763	703	4
723	785	722	4
724	786	723	4
764	766	705	4
705	766	765	4
786	724	726	4
763	767	706	4
725	788	726	4
707	769	764	4
768	707	767	4
707	768	769	4
775	713	756	4
727	791	729	4
730	791	727	4
728	729	792	4
771	709	770	4
728	792	731	4
772	770	710	4
731	795	732	4
711	773	774	4
712	774	772	4
788	725	747	4
719	783	759	4
773	713	776	4
732	797	733	4
776	713	775	4
799	736	734	4
799	734	739	4
735	800	737	4
778	715	779	4
735	736	801	4
744	733	797	4
780	779	716	4
717	778	781	4
721	771	784	4
777	718	782	4
777	783	719	4
803	740	737	4
718	781	782	4
739	738	804	4
748	788	747	4
803	741	740	4
721	784	780	4
743	804	738	4
794	730	765	4
741	807	742	4
723	787	785	4
787	723	786	4
744	809	743	4
746	742	808	4
726	790	786	4
788	789	726	4
746	813	745	4
789	790	726	4
745	813	748	4
791	793	729	4
793	792	729	4
791	730	794	4
749	753	816	4
751	750	818	4
731	792	796	4
751	819	752	4
795	731	796	4
816	753	754	4
750	755	818	4
757	749	817	4
732	795	798	4
820	754	752	4
732	798	797	4
800	735	801	4
736	799	802	4
756	758	823	4
757	824	758	4
736	802	801	4
803	737	800	4
739	805	799	4
760	759	826	4
827	761	760	4
805	739	804	4
806	741	803	4
815	788	748	4
761	828	762	4
812	744	797	4
741	806	807	4
756	823	775	4
830	763	762	4
808	742	807	4
810	804	743	4
831	767	763	4
832	766	764	4
743	809	810	4
787	786	790	4
765	766	833	4
811	809	744	4
769	832	764	4
831	768	767	4
825	759	783	4
812	811	744	4
813	746	808	4
836	769	768	0
748	813	814	4
815	748	814	4
771	770	838	4
839	770	772	4
749	816	817	4
841	772	774	4
819	751	818	4
774	773	842	4
820	752	819	4
821	816	754	4
842	773	776	4
765	833	794	4
789	788	815	4
771	840	784	4
821	754	820	4
775	844	776	4
822	818	755	4
824	757	817	4
758	824	823	4
799	805	802	4
782	847	777	4
778	779	849	4
812	797	798	4
778	848	781	4
777	847	783	4
850	779	780	4
825	826	759	4
760	826	827	4
784	852	780	4
781	853	782	4
829	761	827	4
828	761	829	4
810	805	804	4
828	830	762	4
763	830	831	4
858	785	787	4
832	834	766	4
833	766	834	4
831	835	768	0
787	790	859	4
837	832	769	0
836	768	835	0
823	843	775	4
789	862	790	4
769	836	837	0
838	770	839	4
791	794	863	4
771	838	840	4
791	865	793	4
792	793	866	4
839	772	841	4
792	866	796	4
821	817	816	4
842	841	774	4
795	796	869	4
775	843	844	4
795	870	798	4
776	845	842	4
856	825	783	4
815	861	789	4
776	844	846	4
846	845	776	4
848	778	849	4
801	875	800	4
874	803	800	4
850	849	779	4
801	802	876	4
857	784	840	4
780	851	850	4
853	781	848	4
798	872	812	4
806	803	874	4
847	782	854	4
780	852	851	4
877	802	805	4
856	783	847	4
853	855	782	4
855	854	782	4
810	877	805	4
806	879	807	4
857	852	784	4
794	833	868	4
807	880	808	4
809	882	810	4
813	808	881	4
811	883	809	4
858	787	860	4
860	787	859	4
811	812	885	4
790	862	859	4
789	861	862	4
888	814	813	4
791	863	864	4
814	890	815	4
864	865	791	4
865	867	793	4
868	863	794	4
866	793	867	4
817	821	891	4
818	892	819	4
891	824	817	4
818	822	893	4
871	796	866	4
819	894	820	4
869	870	795	4
821	820	895	4
869	796	871	4
798	870	873	4
798	873	872	4
824	899	823	4
874	800	875	4
901	826	825	4
875	801	876	4
802	877	876	4
826	902	827	4
854	856	847	4
902	829	827	4
874	878	806	4
828	829	903	0
830	828	904	0
878	879	806	4
899	843	823	4
879	880	807	4
815	890	861	4
906	831	830	0
808	880	881	4
812	872	887	4
884	877	810	4
831	906	835	0
834	832	907	0
834	908	833	4
883	882	809	4
907	832	837	0
884	810	882	4
811	886	883	4
862	860	859	4
811	885	886	4
881	888	813	4
836	835	911	0
825	856	901	4
887	885	812	4
836	913	837	0
888	889	814	4
890	814	889	4
839	917	838	4
916	840	838	4
918	839	841	4
841	842	918	4
893	892	818	4
892	894	819	4
920	842	845	4
821	896	891	4
895	820	894	4
868	833	908	4
844	843	922	4
824	891	896	4
844	923	846	4
897	821	895	4
822	898	893	4
896	821	897	4
845	846	924	4
919	857	840	4
896	900	824	4
900	899	824	4
928	848	849	0
853	848	927	0
850	929	849	0
902	826	901	4
851	930	850	0
932	851	852	4
828	903	904	0
829	902	905	0
903	829	905	0
906	830	904	0
934	855	853	0
857	933	852	4
935	854	855	4
856	854	935	4
834	907	910	0
908	834	909	0
835	906	911	0
910	909	834	0
860	937	858	4
907	837	914	0
912	836	911	0
836	912	913	0
860	862	939	4
899	921	843	4
855	903	905	0
862	861	940	4
915	837	913	0
914	837	915	0
942	864	863	4
917	916	838	4
943	865	864	4
942	863	868	4
839	918	917	4
840	916	919	4
865	945	867	4
867	947	866	4
920	918	842	4
866	946	871	4
921	922	843	4
844	922	923	4
845	924	920	4
869	951	870	4
869	871	951	4
890	941	861	4
935	901	856	4
903	855	934	0
925	924	846	4
935	855	905	0
873	870	952	4
923	926	846	4
846	926	925	4
872	873	955	4
927	848	928	0
849	929	928	0
958	874	875	4
930	929	850	0
874	958	878	4
876	959	875	4
876	877	959	4
851	931	930	0
857	919	936	4
872	954	887	4
932	931	851	0
934	853	927	0
852	933	932	4
899	900	921	4
879	878	963	4
877	884	961	4
965	880	879	4
949	868	908	4
936	933	857	4
880	966	881	4
910	907	914	0
883	967	882	4
884	882	967	4
860	938	937	4
888	881	966	4
886	968	883	4
938	860	939	4
902	901	935	0
940	939	862	4
903	934	904	0
905	902	935	0
971	886	885	4
861	941	940	4
885	887	971	4
944	864	942	4
943	864	944	4
888	976	889	4
865	943	945	4
913	912	929	0
918	920	917	4
978	890	889	4
915	913	930	0
946	866	947	4
945	948	867	4
942	868	950	4
867	948	947	4
980	892	893	4
894	892	980	4
949	950	868	4
946	953	871	4
894	982	895	4
913	929	930	0
898	981	893	4
951	952	870	4
982	897	895	4
953	951	871	4
915	930	931	0
985	896	897	4
955	954	872	4
900	896	985	4
873	952	957	4
956	955	873	4
957	956	873	4
875	960	958	4
875	959	960	4
961	959	877	4
878	958	962	4
990	906	904	0
962	963	878	4
963	964	879	4
906	990	911	0
879	964	965	4
890	978	941	4
909	992	908	0
900	989	921	4
965	966	880	4
910	992	909	0
884	969	961	4
887	954	975	4
993	910	914	0
994	912	911	0
968	967	883	4
970	884	967	4
970	969	884	4
995	914	915	0
972	968	886	4
990	904	934	0
971	973	886	4
966	977	888	4
916	917	998	4
886	973	972	4
974	971	887	4
922	921	989	4
916	998	919	4
994	929	912	0
942	950	944	4
887	975	974	4
920	1000	917	4
977	976	888	4
915	931	997	0
889	976	979	4
927	928	990	0
924	1002	920	4
979	978	889	4
908	991	949	0
1003	923	922	4
994	928	929	0
990	934	927	0
926	923	1003	4
1004	924	925	4
980	893	981	4
926	1005	925	4
919	1001	936	4
894	980	983	4
982	894	984	4
983	984	894	4
897	982	986	4
981	898	987	4
986	985	897	4
932	1008	931	0
900	985	988	4
933	1010	932	4
988	989	900	4
936	1010	933	4
962	958	960	4
938	1012	937	4
939	1013	938	4
991	908	992	0
940	1014	939	4
992	910	993	0
911	990	994	0
941	1015	940	4
993	914	996	0
1017	943	944	4
914	995	996	0
943	1018	945	4
915	997	995	0
977	966	965	4
928	994	990	0
1003	922	989	4
998	917	999	4
1022	948	945	4
950	1021	944	4
1000	999	917	4
1024	946	947	4
919	998	1001	4
1025	947	948	4
1000	920	1002	4
946	1023	953	4
1026	950	949	4
1004	1002	924	4
951	1028	952	4
953	1028	951	4
925	1005	1004	4
926	1003	1006	4
978	1016	941	4
997	931	1008	0
1007	1005	926	4
1029	957	952	4
1007	926	1006	4
955	1032	954	4
1033	955	956	4
957	1034	956	4
1011	936	1001	4
1008	932	1009	0
1010	1009	932	0
984	986	982	4
1037	960	959	4
959	961	1037	4
1011	1010	936	4
1038	962	960	4
975	954	1032	4
1012	938	1013	4
1040	963	962	4
1014	1013	939	4
991	1026	949	0
969	1037	961	4
1041	964	963	4
1014	940	1015	4
965	964	1042	4
1016	1015	941	4
968	1044	967	4
1019	943	1017	4
1018	943	1019	4
967	1044	970	4
944	1020	1017	4
970	1046	969	4
972	1045	968	4
1022	945	1018	4
1043	977	965	4
1020	944	1021	4
1048	973	971	4
971	974	1048	4
1023	946	1024	4
1049	972	973	4
1022	1025	948	4
947	1025	1024	4
950	1027	1021	4
974	975	1051	3
1026	1027	950	4
1031	953	1023	4
976	977	1055	4
1029	952	1028	4
976	1056	979	4
953	1030	1028	4
953	1031	1030	4
979	1057	978	4
955	1033	1032	4
1035	957	1029	4
1061	980	981	4
1034	1033	956	4
983	980	1060	4
1034	957	1036	4
1036	957	1035	4
981	987	1061	4
984	983	1062	4
1064	986	984	4
1037	1039	960	4
1066	985	986	4
960	1039	1038	4
988	985	1066	4
962	1038	1040	4
1041	963	1040	4
1039	1037	969	4
1042	964	1041	4
988	1070	989	4
965	1042	1043	4
978	1057	1016	4
969	1046	1039	4
1045	1044	968	4
992	1074	991	0
1032	1053	975	3
992	993	1075	0
1047	970	1044	4
989	1071	1003	4
1047	1046	970	4
1076	993	996	0
1049	1045	972	4
1078	996	995	0
995	997	1078	0
1050	973	1048	4
1050	1049	973	4
974	1052	1048	3
977	1043	1055	4
1052	974	1051	3
999	1081	998	4
998	1081	1001	4
1003	1071	1006	4
1054	1051	975	3
999	1000	1082	4
975	1053	1054	3
997	1008	1080	0
1084	1000	1002	4
1055	1056	976	4
1002	1004	1084	4
1026	991	1073	0
1058	979	1056	4
1057	979	1059	4
1059	979	1058	4
1087	1004	1005	4
1008	1009	1080	0
1011	1001	1085	4
1007	1087	1005	4
1006	1088	1007	4
980	1061	1060	4
1060	1063	983	4
1063	1062	983	4
1010	1091	1009	0
984	1062	1065	4
1091	1010	1011	0
984	1065	1064	4
1061	987	1068	4
986	1064	1067	4
1066	986	1067	4
1013	1095	1012	4
1066	1069	988	4
1014	1096	1013	4
1015	1097	1014	4
1070	988	1069	4
989	1070	1071	4
1098	1015	1016	4
1073	991	1072	0
1017	1100	1019	4
1100	1017	1020	4
991	1074	1072	0
1019	1101	1018	4
1022	1018	1101	4
1075	1074	992	0
1102	1020	1021	4
993	1077	1075	0
1077	993	1076	0
1079	1076	996	0
1104	1021	1027	4
1025	1022	1105	4
1078	1079	996	0
1024	1107	1023	4
1080	1078	997	0
1108	1024	1025	4
1107	1031	1023	4
999	1083	1081	4
1026	1110	1027	4
1083	999	1082	4
1088	1006	1071	4
1084	1082	1000	4
1001	1081	1085	4
1028	1112	1029	4
1028	1030	1112	4
1057	1099	1016	4
1086	1084	1004	4
1113	1030	1031	4
1029	1112	1035	4
1087	1086	1004	4
1115	1032	1033	3
1091	1080	1009	0
1033	1034	1116	3
1007	1088	1089	4
1007	1090	1087	4
1007	1089	1090	4
1036	1117	1034	3
1118	1036	1035	4
1011	1085	1094	4
1011	1093	1091	0
1011	1092	1093	0
1011	1094	1092	0
1039	1120	1038	4
1040	1038	1120	4
1032	1115	1053	3
1041	1040	1122	4
1013	1096	1095	4
1039	1046	1121	4
1042	1041	1124	4
1096	1014	1097	4
1073	1110	1026	0
1097	1015	1098	4
1126	1043	1042	4
1099	1098	1016	4
1045	1127	1044	4
1047	1044	1127	4
1101	1019	1100	4
1128	1045	1049	4
1046	1047	1130	4
1103	1100	1020	4
1055	1043	1126	4
1102	1103	1020	4
1102	1021	1104	4
1022	1101	1106	4
1070	1088	1071	4
1050	1048	1133	3
1048	1052	1133	3
1022	1106	1105	4
1049	1050	1134	4
1055	1126	1056	4
1108	1025	1105	4
1052	1051	1137	3
1054	1136	1051	3
1109	1107	1024	4
1024	1108	1109	4
1027	1111	1104	4
1140	1054	1053	3
1110	1111	1027	4
1107	1114	1031	4
1113	1112	1030	4
1056	1141	1058	4
1113	1031	1114	4
1142	1057	1059	4
1058	1143	1059	4
1115	1033	1116	3
1035	1112	1118	4
1117	1116	1034	3
1147	1060	1061	4
1060	1147	1063	4
1117	1036	1119	3
1036	1118	1119	3
1062	1063	1149	4
1149	1065	1062	4
1061	1068	1148	4
1151	1064	1065	4
1121	1120	1039	4
1064	1151	1067	4
1040	1120	1123	4
1122	1040	1123	4
1153	1066	1067	4
1124	1041	1122	4
1154	1069	1066	4
1125	1042	1124	4
1125	1126	1042	4
1157	1070	1069	4
1057	1142	1099	4
1046	1131	1121	4
1045	1129	1127	4
1045	1128	1129	4
1073	1072	1158	0
1159	1072	1074	0
1132	1047	1127	4
1046	1130	1131	4
1140	1053	1115	3
1132	1130	1047	4
1161	1074	1075	0
1134	1128	1049	4
1077	1162	1075	0
1070	1157	1088	4
1076	1163	1077	0
1079	1163	1076	0
1050	1133	1135	3
1134	1050	1135	3
1078	1166	1079	0
1141	1056	1126	4
1138	1133	1052	3
1080	1166	1078	0
1137	1051	1136	3
1137	1139	1052	3
1138	1052	1139	3
1114	1107	1109	4
1140	1136	1054	3
1081	1083	1171	4
1081	1170	1085	4
1172	1083	1082	4
1084	1172	1082	4
1091	1169	1080	0
1086	1172	1084	4
1119	1114	1109	3
1160	1110	1073	0
1113	1118	1112	4
1141	1144	1058	4
1109	1117	1119	3
1118	1113	1114	3
1143	1058	1144	4
1145	1142	1059	4
1146	1059	1143	4
1086	1087	1176	4
1146	1145	1059	4
1114	1119	1118	3
1085	1174	1094	4
1090	1177	1087	4
1088	1178	1089	4
1147	1061	1148	4
1090	1089	1179	4
1147	1150	1063	4
1149	1063	1150	4
1182	1091	1093	0
1149	1152	1065	4
1065	1152	1151	4
1093	1092	1183	0
1094	1183	1092	0
1156	1148	1068	4
1067	1151	1155	4
1154	1066	1153	4
1067	1155	1153	4
1187	1095	1096	4
1157	1069	1154	4
1097	1188	1096	4
1098	1188	1097	4
1098	1099	1190	4
1159	1158	1072	0
1158	1160	1073	0
1101	1100	1192	4
1161	1159	1074	0
1103	1192	1100	4
1075	1162	1161	0
1194	1103	1102	4
1101	1193	1106	4
1102	1104	1195	4
1165	1162	1077	0
1077	1163	1164	0
1165	1077	1164	0
1163	1079	1167	0
1105	1106	1201	3
1079	1166	1168	0
1105	1200	1108	3
1168	1167	1079	0
1104	1111	1199	4
1080	1169	1166	0
1203	1109	1108	3
1170	1081	1171	4
1088	1157	1178	4
1110	1204	1111	4
1171	1083	1173	4
1083	1172	1173	4
1174	1085	1170	4
1109	1203	1117	3
1191	1099	1142	4
1172	1086	1175	4
1117	1203	1116	3
1115	1116	1206	3
1086	1176	1175	4
1176	1087	1177	4
1182	1169	1091	0
1178	1179	1089	4
1090	1181	1177	4
1121	1207	1120	4
1180	1090	1179	4
1123	1120	1207	4
1090	1180	1181	4
1174	1185	1094	4
1209	1122	1123	4
1124	1122	1210	4
1093	1184	1182	0
1208	1121	1131	4
1183	1184	1093	0
1115	1206	1140	3
1125	1124	1213	4
1094	1186	1183	0
1094	1185	1186	0
1214	1126	1125	4
1127	1129	1215	4
1189	1187	1096	4
1129	1128	1216	4
1189	1096	1188	4
1132	1127	1215	4
1110	1160	1204	0
1098	1190	1188	4
1216	1128	1134	4
1142	1145	1191	4
1190	1099	1191	4
1214	1141	1126	4
1132	1219	1130	4
1130	1220	1131	4
1192	1193	1101	4
1135	1133	1222	3
1195	1194	1102	4
1103	1197	1192	4
1196	1103	1194	4
1135	1224	1134	3
1223	1133	1138	3
1103	1196	1197	4
1104	1198	1195	4
1136	1227	1137	3
1202	1106	1193	3
1104	1199	1198	4
1226	1136	1140	3
1230	1139	1137	3
1201	1200	1105	3
1139	1231	1138	3
1106	1202	1201	3
1200	1203	1108	3
1205	1199	1111	4
1234	1144	1141	4
1173	1172	1175	4
1111	1204	1205	4
1143	1144	1235	4
1235	1146	1143	4
1116	1203	1206	3
1238	1145	1146	4
1240	1147	1148	4
1121	1208	1207	4
1147	1240	1150	4
1150	1241	1149	4
1210	1122	1209	4
1207	1212	1123	4
1152	1149	1241	4
1211	1209	1123	4
1148	1156	1240	4
1152	1243	1151	4
1123	1212	1211	4
1124	1210	1213	4
1155	1151	1242	4
1153	1245	1154	4
1213	1214	1125	4
1245	1153	1155	4
1157	1154	1246	4
1221	1208	1131	4
1215	1129	1217	4
1129	1216	1218	4
1217	1129	1218	4
1219	1132	1215	4
1158	1159	1250	0
1220	1130	1219	4
1160	1158	1251	0
1226	1140	1206	3
1220	1221	1131	4
1191	1145	1237	4
1159	1161	1253	0
1224	1216	1134	3
1255	1161	1162	0
1223	1222	1133	3
1246	1178	1157	4
1165	1255	1162	0
1197	1193	1192	4
1222	1225	1135	3
1163	1257	1164	0
1225	1224	1135	3
1163	1167	1256	0
1165	1164	1258	0
1234	1141	1214	4
1226	1228	1136	3
1227	1136	1228	3
1137	1227	1229	3
1138	1232	1223	3
1166	1262	1168	0
1137	1229	1230	3
1166	1169	1262	0
1168	1263	1167	0
1232	1138	1231	3
1233	1139	1230	3
1231	1139	1233	3
1201	1206	1200	3
1170	1171	1266	4
1206	1203	1200	3
1266	1174	1170	4
1171	1173	1267	4
1169	1182	1262	0
1144	1234	1236	4
1144	1236	1235	4
1269	1173	1175	4
1254	1204	1160	0
1239	1146	1235	4
1175	1176	1269	4
1237	1145	1238	4
1146	1239	1238	4
1176	1177	1271	4
1208	1212	1207	4
1174	1270	1185	4
1177	1181	1272	4
1178	1273	1179	4
1240	1241	1150	4
1228	1201	1202	3
1206	1201	1226	3
1275	1180	1179	4
1243	1242	1151	4
1244	1152	1241	4
1181	1180	1276	4
1152	1244	1243	4
1184	1279	1182	0
1249	1240	1156	4
1155	1242	1248	4
1245	1247	1154	4
1246	1154	1247	4
1280	1184	1183	0
1248	1245	1155	4
1183	1186	1280	0
1281	1186	1185	0
1228	1226	1201	3
1251	1158	1250	0
1189	1284	1187	4
1252	1250	1159	0
1188	1285	1189	4
1285	1188	1190	4
1253	1252	1159	0
1254	1160	1251	0
1255	1253	1161	0
1191	1288	1190	4
1257	1163	1256	0
1195	1290	1194	4
1193	1197	1289	3
1257	1259	1164	0
1194	1290	1196	4
1255	1165	1261	0
1259	1258	1164	0
1258	1260	1165	0
1291	1195	1198	4
1193	1289	1202	3
1165	1260	1261	0
1294	1197	1196	3
1167	1264	1256	0
1198	1199	1295	4
1167	1263	1264	0
1262	1265	1168	0
1265	1263	1168	0
1246	1273	1178	4
1199	1205	1297	4
1171	1268	1266	4
1267	1268	1171	4
1300	1205	1204	4
1173	1269	1267	4
1270	1174	1266	4
1191	1237	1288	4
1176	1271	1269	4
1177	1272	1271	4
1262	1182	1278	0
1212	1208	1303	4
1209	1304	1210	4
1209	1211	1304	4
1274	1179	1273	4
1179	1274	1275	4
1202	1299	1228	3
1213	1210	1306	4
1212	1307	1211	4
1181	1277	1272	4
1275	1276	1180	4
1221	1302	1208	4
1277	1181	1276	4
1270	1281	1185	4
1213	1309	1214	4
1279	1278	1182	0
1215	1217	1310	4
1280	1279	1184	0
1215	1311	1219	4
1312	1218	1216	3
1186	1283	1280	0
1186	1281	1282	0
1218	1314	1217	4
1311	1220	1219	4
1282	1283	1186	0
1313	1216	1224	3
1299	1227	1228	3
1229	1227	1299	3
1234	1214	1309	4
1221	1220	1317	4
1300	1204	1254	0
1284	1189	1286	4
1189	1285	1287	4
1287	1286	1189	4
1225	1313	1224	3
1285	1190	1288	4
1223	1318	1222	3
1223	1232	1321	3
1320	1225	1222	3
1290	1195	1292	4
1292	1195	1291	4
1196	1290	1293	3
1294	1289	1197	3
1294	1196	1293	3
1324	1230	1229	3
1295	1291	1198	4
1230	1325	1233	3
1298	1202	1289	3
1296	1295	1199	4
1327	1232	1231	3
1328	1231	1233	3
1297	1296	1199	4
1202	1298	1299	3
1331	1236	1234	4
1297	1205	1301	4
1268	1270	1266	4
1235	1236	1333	4
1332	1239	1235	4
1301	1205	1300	4
1238	1334	1237	4
1239	1336	1238	4
1302	1303	1208	4
1337	1241	1240	4
1305	1210	1304	4
1210	1305	1306	4
1307	1304	1211	4
1241	1337	1244	4
1243	1338	1242	4
1303	1308	1212	4
1249	1337	1240	4
1243	1244	1339	4
1308	1307	1212	4
1248	1242	1338	4
1309	1213	1306	4
1245	1341	1247	4
1248	1341	1245	4
1246	1247	1342	4
1310	1311	1215	4
1302	1221	1317	4
1310	1217	1314	4
1312	1216	1313	3
1315	1218	1312	3
1311	1316	1220	4
1218	1315	1314	3
1348	1251	1250	0
1349	1250	1252	0
1324	1229	1299	3
1220	1316	1317	4
1350	1254	1251	0
1253	1352	1252	0
1222	1318	1319	3
1255	1352	1253	0
1237	1335	1288	4
1225	1323	1313	3
1222	1319	1320	3
1342	1273	1246	4
1318	1223	1322	3
1223	1321	1322	3
1354	1257	1256	0
1225	1320	1323	3
1255	1261	1353	0
1259	1257	1355	0
1259	1356	1258	0
1234	1309	1331	4
1354	1256	1264	0
1258	1357	1260	0
1324	1326	1230	3
1325	1230	1326	3
1294	1298	1289	3
1360	1261	1260	0
1321	1232	1329	3
1328	1233	1325	3
1231	1328	1327	3
1330	1232	1327	3
1362	1265	1262	0
1265	1363	1263	0
1330	1329	1232	3
1263	1364	1264	0
1236	1331	1333	4
1235	1333	1332	4
1262	1278	1362	0
1267	1368	1268	4
1267	1269	1367	4
1300	1254	1350	0
1335	1237	1334	4
1367	1269	1271	4
1239	1332	1336	4
1268	1369	1270	4
1334	1238	1336	4
1370	1271	1272	4
1273	1372	1274	4
1243	1339	1338	4
1277	1371	1272	4
1281	1270	1369	4
1244	1337	1340	4
1298	1324	1299	3
1340	1339	1244	4
1374	1275	1274	4
1275	1375	1276	4
1277	1276	1375	4
1344	1248	1338	4
1247	1341	1343	4
1343	1342	1247	4
1249	1347	1337	4
1345	1341	1248	4
1278	1279	1377	0
1378	1279	1280	0
1344	1345	1248	4
1378	1280	1283	0
1249	1346	1347	4
1281	1380	1282	0
1349	1348	1250	0
1283	1282	1382	0
1348	1351	1251	0
1351	1350	1251	0
1349	1252	1352	0
1285	1386	1287	4
1285	1288	1385	4
1287	1387	1286	4
1352	1255	1353	0
1354	1355	1257	0
1356	1357	1258	0
1292	1389	1290	3
1259	1355	1358	0
1389	1293	1290	3
1390	1292	1291	4
1356	1259	1359	0
1353	1261	1361	0
1295	1390	1291	4
1259	1358	1359	0
1260	1357	1360	0
1294	1293	1393	3
1360	1361	1261	0
1365	1354	1264	0
1294	1393	1298	3
1394	1295	1296	4
1342	1372	1273	4
1395	1296	1297	4
1363	1364	1263	0
1366	1265	1362	0
1264	1364	1365	0
1265	1366	1363	0
1297	1301	1396	4
1301	1300	1397	4
1267	1367	1368	4
1368	1369	1268	4
1303	1302	1400	4
1335	1385	1288	4
1367	1271	1370	4
1304	1402	1305	4
1303	1401	1308	4
1402	1304	1307	4
1272	1371	1370	4
1298	1393	1324	3
1404	1306	1305	4
1278	1377	1362	0
1399	1302	1317	4
1274	1372	1373	4
1306	1405	1309	4
1406	1307	1308	4
1373	1374	1274	4
1347	1340	1337	4
1277	1376	1371	4
1275	1374	1375	4
1376	1277	1375	4
1310	1409	1311	4
1281	1369	1380	4
1314	1408	1310	4
1313	1410	1312	3
1379	1377	1279	0
1379	1279	1378	0
1409	1316	1311	4
1410	1315	1312	3
1315	1411	1314	3
1380	1381	1282	0
1283	1384	1378	0
1382	1282	1381	0
1313	1323	1410	3
1331	1309	1407	4
1397	1300	1350	0
1415	1317	1316	4
1382	1383	1283	0
1383	1384	1283	0
1318	1416	1319	3
1385	1386	1285	4
1416	1318	1322	3
1418	1320	1319	3
1287	1386	1388	4
1287	1388	1387	4
1320	1419	1323	3
1321	1420	1322	3
1321	1329	1420	3
1292	1391	1389	3
1391	1292	1390	3
1324	1423	1326	3
1389	1392	1293	3
1326	1425	1325	3
1328	1325	1424	3
1393	1293	1392	3
1394	1390	1295	4
1427	1327	1328	3
1327	1427	1330	3
1395	1394	1296	4
1395	1297	1396	4
1330	1429	1329	4
1431	1333	1331	4
1301	1398	1396	4
1398	1301	1397	4
1433	1332	1333	4
1432	1336	1332	4
1399	1400	1302	4
1400	1401	1303	4
1335	1334	1436	4
1336	1435	1334	4
1404	1305	1403	4
1402	1403	1305	4
1406	1308	1401	4
1402	1307	1406	4
1404	1405	1306	4
1439	1338	1339	4
1340	1440	1339	4
1309	1405	1407	4
1338	1439	1344	4
1343	1341	1442	4
1408	1409	1310	4
1340	1347	1441	4
1341	1345	1442	4
1342	1343	1443	4
1399	1317	1415	4
1411	1408	1314	3
1344	1444	1345	4
1346	1441	1347	4
1413	1315	1410	3
1411	1315	1412	3
1414	1316	1409	4
1423	1324	1393	3
1413	1412	1315	3
1378	1384	1379	0
1415	1316	1414	4
1348	1349	1450	0
1351	1348	1449	0
1417	1319	1416	3
1349	1352	1452	0
1319	1417	1418	3
1350	1351	1454	0
1422	1410	1323	3
1419	1320	1418	3
1353	1452	1352	0
1372	1342	1443	4
1335	1438	1385	4
1416	1322	1421	3
1421	1322	1420	3
1422	1323	1419	3
1354	1458	1355	0
1331	1407	1431	4
1353	1361	1457	0
1459	1358	1355	0
1460	1357	1356	0
1424	1325	1425	3
1423	1426	1326	3
1359	1461	1356	0
1420	1329	1428	4
1426	1425	1326	3
1354	1365	1458	0
1424	1427	1328	3
1357	1463	1360	0
1464	1359	1358	0
1361	1360	1463	0
1429	1428	1329	4
1427	1430	1330	4
1430	1429	1330	4
1433	1432	1332	4
1362	1470	1366	0
1434	1333	1431	4
1363	1472	1364	0
1433	1333	1434	4
1363	1366	1471	0
1454	1397	1350	0
1364	1473	1365	0
1435	1336	1432	4
1435	1436	1334	4
1335	1436	1437	4
1377	1469	1362	0
1438	1386	1385	4
1437	1438	1335	4
1476	1368	1367	4
1438	1388	1386	4
1370	1476	1367	4
1368	1477	1369	4
1439	1339	1440	4
1370	1371	1478	4
1340	1441	1440	4
1480	1373	1372	4
1371	1376	1479	4
1477	1380	1369	4
1374	1373	1481	4
1343	1442	1443	4
1445	1344	1439	4
1483	1375	1374	4
1345	1446	1442	4
1344	1445	1444	4
1375	1483	1376	4
1441	1346	1448	4
1345	1444	1447	4
1447	1446	1345	4
1377	1379	1487	0
1410	1422	1413	3
1449	1348	1450	0
1489	1381	1380	0
1384	1488	1379	0
1349	1452	1451	0
1489	1382	1381	0
1453	1450	1349	0
1349	1451	1453	0
1449	1455	1351	0
1383	1382	1491	0
1384	1383	1492	0
1456	1454	1351	0
1452	1353	1457	0
1455	1456	1351	0
1496	1387	1388	4
1458	1459	1355	0
1460	1356	1461	0
1462	1357	1460	0
1499	1389	1391	3
1389	1499	1392	3
1500	1391	1390	3
1358	1459	1464	0
1357	1462	1463	0
1394	1500	1390	3
1465	1461	1359	0
1361	1468	1457	0
1393	1392	1501	3
1464	1465	1359	0
1500	1394	1395	4
1361	1463	1466	0
1467	1361	1466	0
1396	1503	1395	4
1480	1372	1443	4
1467	1468	1361	0
1365	1474	1458	0
1398	1504	1396	4
1398	1397	1505	4
1362	1469	1470	0
1399	1507	1400	4
1472	1363	1471	0
1366	1470	1471	0
1508	1401	1400	4
1472	1473	1364	0
1475	1365	1473	0
1475	1474	1365	0
1403	1402	1512	4
1423	1393	1501	3
1406	1401	1511	4
1404	1403	1513	4
1512	1402	1406	4
1477	1368	1476	4
1507	1399	1415	4
1514	1405	1404	4
1388	1438	1497	4
1476	1370	1478	4
1514	1407	1405	4
1371	1479	1478	4
1443	1442	1446	4
1469	1377	1487	0
1409	1408	1517	4
1408	1411	1516	3
1482	1373	1480	4
1481	1373	1482	4
1374	1481	1484	4
1412	1516	1411	3
1414	1409	1517	4
1374	1484	1483	4
1376	1486	1479	4
1518	1412	1413	3
1483	1485	1376	4
1486	1376	1485	4
1477	1490	1380	4
1414	1522	1415	4
1407	1514	1431	4
1379	1488	1487	0
1413	1422	1520	3
1454	1505	1397	0
1525	1417	1416	3
1490	1489	1380	0
1526	1418	1417	3
1382	1489	1491	0
1416	1421	1525	3
1527	1419	1418	3
1494	1488	1384	0
1383	1491	1493	0
1492	1383	1493	0
1480	1443	1446	4
1419	1528	1422	3
1384	1492	1495	0
1420	1530	1421	4
1438	1437	1497	4
1384	1495	1494	0
1428	1530	1420	4
1423	1533	1426	3
1498	1496	1388	4
1424	1425	1534	4
1498	1388	1497	4
1424	1535	1427	4
1426	1536	1425	4
1500	1499	1391	3
1427	1535	1430	4
1499	1502	1392	3
1392	1502	1501	3
1428	1429	1539	4
1500	1395	1503	4
1429	1430	1541	4
1396	1504	1503	4
1504	1398	1506	4
1431	1543	1434	4
1506	1398	1505	4
1433	1545	1432	4
1432	1545	1435	4
1434	1547	1433	4
1454	1456	1505	0
1509	1400	1507	4
1509	1508	1400	4
1508	1510	1401	4
1548	1436	1435	4
1510	1511	1401	4
1549	1437	1436	4
1513	1403	1512	4
1511	1512	1406	4
1440	1551	1439	4
1404	1513	1515	4
1551	1440	1441	4
1404	1515	1514	4
1439	1550	1445	4
1516	1517	1408	3
1552	1441	1448	4
1445	1553	1444	4
1553	1447	1444	4
1415	1524	1507	4
1412	1519	1516	3
1447	1555	1446	4
1518	1519	1412	3
1413	1521	1518	3
1523	1414	1517	4
1413	1520	1521	3
1533	1423	1501	3
1450	1559	1449	0
1522	1524	1415	4
1522	1414	1523	4
1455	1449	1558	0
1450	1453	1560	0
1452	1561	1451	0
1453	1451	1562	0
1417	1525	1526	3
1452	1457	1561	0
1418	1526	1527	3
1532	1520	1422	3
1529	1419	1527	3
1528	1419	1529	3
1421	1531	1525	4
1566	1456	1455	0
1480	1446	1555	4
1421	1530	1531	4
1422	1528	1532	3
1437	1549	1497	4
1569	1459	1458	0
1431	1514	1544	4
1571	1460	1461	4
1459	1570	1464	0
1468	1568	1457	0
1534	1535	1424	4
1572	1462	1460	4
1536	1534	1425	4
1533	1537	1426	4
1530	1428	1540	4
1573	1461	1465	4
1575	1463	1462	0
1538	1536	1426	4
1474	1569	1458	0
1538	1426	1537	4
1499	1500	1503	4
1575	1466	1463	0
1499	1504	1502	4
1499	1503	1504	4
1465	1464	1577	0
1428	1539	1540	4
1535	1542	1430	4
1539	1429	1541	4
1467	1466	1579	0
1430	1542	1541	4
1468	1467	1580	0
1482	1480	1555	4
1544	1543	1431	4
1469	1584	1470	0
1433	1546	1545	4
1543	1547	1434	4
1547	1546	1433	4
1471	1470	1586	0
1548	1435	1545	4
1505	1456	1567	0
1471	1587	1472	0
1472	1588	1473	0
1549	1436	1548	4
1588	1475	1473	0
1533	1501	1502	3
1475	1590	1474	0
1551	1550	1439	4
1487	1585	1469	0
1441	1552	1551	4
1476	1592	1477	4
1478	1593	1476	4
1554	1445	1550	4
1594	1478	1479	4
1554	1553	1445	4
1556	1447	1553	4
1552	1448	1557	4
1595	1481	1482	4
1555	1447	1556	4
1477	1592	1490	4
1594	1479	1486	4
1484	1481	1595	4
1483	1484	1597	4
1485	1483	1597	4
1559	1558	1449	0
1450	1560	1559	0
1485	1601	1486	4
1515	1544	1514	4
1451	1561	1562	0
1564	1560	1453	0
1453	1562	1563	0
1506	1505	1567	4
1566	1455	1558	0
1487	1488	1604	0
1453	1563	1565	0
1564	1453	1565	0
1606	1489	1490	0
1561	1457	1568	0
1605	1488	1494	0
1491	1489	1607	0
1456	1566	1567	0
1605	1494	1495	0
1493	1491	1610	0
1492	1493	1611	0
1459	1569	1570	0
1612	1495	1492	0
1460	1571	1572	4
1574	1571	1461	4
1461	1573	1574	4
1615	1496	1498	4
1576	1462	1572	4
1498	1497	1616	4
1577	1464	1570	0
1576	1575	1462	4
1465	1578	1573	4
1468	1582	1568	0
1575	1579	1466	0
1578	1465	1577	4
1502	1504	1619	4
1579	1581	1467	0
1467	1581	1580	0
1504	1506	1619	4
1468	1580	1583	0
1474	1590	1569	0
1468	1583	1582	0
1555	1596	1482	4
1507	1621	1509	4
1584	1469	1585	0
1509	1623	1508	4
1584	1586	1470	0
1508	1623	1510	4
1586	1587	1471	0
1510	1627	1511	4
1587	1589	1472	0
1589	1588	1472	0
1512	1511	1628	4
1524	1622	1507	4
1512	1628	1513	4
1502	1619	1533	4
1475	1588	1591	0
1591	1590	1475	0
1515	1513	1629	4
1592	1476	1593	4
1616	1497	1549	4
1478	1594	1593	4
1517	1516	1633	3
1633	1516	1519	3
1595	1482	1596	4
1519	1518	1636	3
1521	1635	1518	3
1634	1523	1517	3
1487	1604	1585	0
1599	1484	1595	4
1598	1597	1484	4
1484	1599	1598	4
1640	1521	1520	3
1594	1486	1602	4
1485	1597	1600	4
1485	1600	1601	4
1515	1630	1544	4
1523	1644	1522	4
1537	1533	1619	4
1643	1524	1522	4
1592	1608	1490	4
1486	1601	1603	4
1486	1603	1602	4
1520	1532	1640	3
1620	1506	1567	4
1488	1605	1604	0
1525	1647	1526	4
1527	1526	1648	4
1489	1606	1607	0
1531	1647	1525	4
1609	1606	1490	0
1527	1649	1529	4
1609	1490	1608	4
1529	1650	1528	3
1491	1607	1610	0
1532	1528	1650	3
1530	1652	1531	4
1605	1495	1614	0
1492	1611	1612	0
1493	1610	1613	0
1493	1613	1611	0
1495	1612	1614	0
1652	1530	1540	4
1534	1536	1655	4
1535	1534	1656	4
1498	1617	1615	4
1536	1538	1657	4
1618	1498	1616	4
1537	1658	1538	4
1542	1535	1656	4
1617	1498	1618	4
1539	1660	1540	0
1661	1539	1541	0
1620	1619	1506	4
1542	1663	1541	0
1621	1507	1622	4
1543	1544	1666	4
1547	1543	1665	4
1509	1621	1625	4
1509	1624	1623	4
1624	1509	1625	4
1667	1545	1546	4
1510	1623	1626	4
1548	1545	1667	4
1546	1547	1668	4
1627	1510	1626	4
1511	1627	1628	4
1548	1670	1549	4
1591	1588	1589	0
1628	1629	1513	4
1551	1672	1550	4
1672	1551	1552	4
1515	1629	1632	4
1672	1554	1550	4
1630	1515	1631	4
1619	1620	1537	4
1515	1632	1631	4
1675	1553	1554	4
1557	1674	1552	4
1675	1556	1553	4
1634	1517	1633	3
1560	1564	1664	0
1556	1678	1555	4
1661	1564	1565	0
1638	1633	1519	3
1637	1518	1635	3
1637	1636	1518	3
1646	1622	1524	4
1519	1636	1639	3
1639	1638	1519	3
1559	1680	1558	0
1521	1641	1635	3
1560	1681	1559	0
1634	1645	1523	3
1642	1521	1640	3
1641	1521	1642	3
1558	1680	1566	0
1684	1562	1561	0
1522	1644	1643	4
1563	1562	1685	0
1645	1644	1523	3
1561	1568	1683	0
1646	1524	1643	4
1565	1563	1687	0
1658	1537	1620	4
1647	1648	1526	4
1566	1690	1567	0
1648	1649	1527	4
1532	1654	1640	3
1678	1596	1555	4
1529	1649	1651	4
1529	1651	1650	4
1569	1692	1570	0
1647	1531	1653	4
1670	1616	1549	4
1531	1652	1653	4
1654	1532	1650	3
1571	1693	1572	4
1693	1571	1574	4
1692	1577	1570	0
1630	1666	1544	4
1582	1691	1568	0
1576	1572	1695	4
1574	1573	1696	4
1534	1655	1656	4
1573	1578	1696	4
1536	1657	1655	4
1576	1698	1575	4
1590	1692	1569	0
1579	1575	1698	4
1662	1652	1540	0
1657	1538	1659	4
1659	1538	1658	4
1577	1701	1578	4
1539	1661	1660	0
1542	1656	1664	0
1540	1660	1662	0
1704	1581	1579	4
1661	1541	1663	0
1580	1581	1705	0
1583	1580	1705	0
1542	1664	1663	0
1582	1583	1707	0
1590	1591	1692	4
1626	1623	1624	4
1543	1666	1665	4
1620	1567	1690	4
1709	1584	1585	4
1587	1702	1589	4
1586	1584	1710	4
1665	1668	1547	4
1591	1589	1701	4
1546	1668	1667	4
1669	1548	1667	4
1713	1587	1586	4
1548	1669	1671	4
1663	1664	1564	0
1663	1564	1661	0
1670	1548	1671	4
1552	1673	1672	4
1592	1593	1714	4
1552	1674	1673	4
1712	1585	1604	4
1593	1594	1715	4
1554	1672	1676	4
1682	1560	1664	0
1554	1677	1675	4
1554	1676	1677	4
1596	1718	1595	4
1675	1678	1556	4
1674	1557	1679	4
1718	1599	1595	4
1717	1594	1602	4
1719	1597	1598	4
1608	1592	1714	4
1689	1661	1565	0
1600	1597	1719	4
1720	1598	1599	4
1680	1559	1681	0
1600	1722	1601	4
1681	1560	1682	0
1683	1684	1561	0
1603	1601	1724	4
1603	1725	1602	4
1684	1686	1562	0
1685	1562	1686	0
1685	1687	1563	0
1640	1654	1642	3
1680	1690	1566	0
1604	1605	1728	4
1687	1688	1565	0
1689	1565	1688	0
1568	1691	1683	0
1607	1606	1731	0
1606	1609	1731	0
1730	1605	1614	4
1607	1732	1610	0
1733	1609	1608	4
1732	1613	1610	0
1693	1694	1572	4
1611	1613	1737	0
1572	1694	1695	4
1612	1611	1738	0
1574	1697	1693	4
1739	1614	1612	0
1574	1696	1697	4
1658	1620	1690	4
1701	1577	1692	4
1700	1576	1695	4
1576	1699	1698	4
1699	1576	1700	4
1578	1702	1696	4
1743	1618	1616	4
1744	1617	1618	4
1582	1707	1691	0
1579	1698	1703	4
1578	1701	1702	4
1591	1701	1692	4
1704	1579	1703	4
1622	1746	1621	4
1704	1706	1581	4
1678	1718	1596	4
1746	1625	1621	4
1706	1705	1581	4
1701	1589	1702	4
1655	1657	1681	0
1656	1655	1682	0
1705	1708	1583	0
1680	1657	1659	0
1624	1748	1626	4
1583	1708	1707	0
1749	1624	1625	4
1713	1702	1587	4
1682	1664	1656	0
1709	1710	1584	4
1711	1709	1585	4
1627	1626	1752	4
1690	1659	1658	4
1627	1753	1628	4
1712	1711	1585	4
1710	1713	1586	4
1689	1660	1661	0
1754	1629	1628	4
1660	1689	1662	0
1646	1747	1622	4
1755	1632	1629	4
1631	1756	1630	4
1681	1682	1655	0
1680	1681	1657	0
1757	1631	1632	4
1673	1676	1672	4
1716	1714	1593	4
1593	1715	1716	4
1594	1717	1715	4
1760	1634	1633	3
1616	1670	1743	4
1690	1680	1659	0
1638	1760	1633	3
1637	1635	1762	3
1636	1637	1763	3
1720	1719	1598	4
1718	1721	1599	4
1635	1641	1762	3
1763	1639	1636	3
1599	1721	1720	4
1645	1634	1761	3
1723	1600	1719	4
1639	1765	1638	3
1604	1728	1712	4
1602	1725	1717	4
1722	1600	1723	4
1601	1722	1724	4
1756	1666	1630	4
1642	1771	1641	4
1603	1724	1727	4
1726	1725	1603	4
1714	1733	1608	4
1726	1603	1727	4
1773	1643	1644	4
1728	1605	1729	4
1643	1774	1646	4
1605	1730	1729	4
1644	1645	1776	3
1642	1654	1772	4
1607	1731	1732	0
1777	1648	1647	4
1734	1731	1609	0
1649	1648	1778	4
1733	1735	1609	4
1777	1647	1653	4
1734	1609	1736	0
1649	1779	1651	4
1735	1736	1609	4
1651	1780	1650	4
1650	1780	1654	4
1740	1613	1732	0
1737	1738	1611	0
1742	1730	1614	4
1653	1652	1782	0
1612	1738	1739	0
1737	1613	1740	0
1614	1739	1741	4
1782	1652	1662	0
1614	1741	1742	4
1693	1710	1694	4
1695	1694	1711	4
1693	1697	1710	4
1745	1618	1743	4
1713	1697	1696	4
1744	1618	1745	4
1702	1713	1696	4
1694	1710	1709	4
1694	1709	1711	4
1747	1746	1622	4
1786	1665	1666	4
1665	1786	1668	4
1697	1713	1710	4
1748	1624	1749	4
1750	1625	1746	4
1788	1667	1668	4
1669	1667	1788	4
1625	1751	1749	4
1748	1752	1626	4
1751	1625	1750	4
1669	1790	1671	4
1627	1752	1753	4
1671	1791	1670	4
1754	1628	1753	4
1785	1662	1689	0
1754	1755	1629	4
1674	1794	1673	4
1673	1794	1676	4
1756	1631	1758	4
1631	1757	1758	4
1632	1755	1759	4
1757	1632	1759	4
1674	1679	1795	4
1797	1675	1677	4
1675	1796	1678	4
1677	1676	1798	4
1634	1760	1761	3
1785	1689	1688	0
1716	1733	1714	4
1764	1637	1762	3
1637	1764	1763	3
1638	1766	1760	3
1774	1747	1646	4
1683	1803	1684	0
1768	1639	1763	3
1765	1767	1638	3
1767	1766	1638	3
1765	1639	1769	3
1641	1770	1762	4
1639	1768	1769	3
1691	1802	1683	0
1684	1806	1686	0
1686	1808	1685	0
1807	1687	1685	0
1645	1761	1776	3
1641	1771	1770	4
1716	1735	1733	4
1810	1688	1687	0
1772	1771	1642	4
1643	1773	1774	4
1775	1773	1644	3
1644	1776	1775	3
1718	1678	1801	4
1802	1691	1707	0
1648	1777	1778	4
1743	1670	1791	4
1811	1700	1695	4
1779	1649	1778	4
1780	1772	1654	4
1787	1666	1756	4
1699	1813	1698	4
1651	1779	1781	4
1780	1651	1781	4
1783	1777	1653	0
1813	1703	1698	4
1815	1699	1700	4
1783	1653	1782	0
1711	1812	1695	4
1817	1704	1703	4
1784	1782	1662	0
1704	1819	1706	4
1784	1662	1785	0
1705	1706	1820	4
1705	1820	1708	4
1707	1708	1822	0
1666	1787	1786	4
1801	1721	1718	4
1786	1789	1668	4
1789	1788	1668	4
1711	1712	1823	4
1788	1790	1669	4
1791	1671	1792	4
1790	1793	1671	4
1793	1792	1671	4
1715	1826	1716	4
1826	1715	1717	4
1795	1794	1674	4
1728	1824	1712	4
1828	1719	1720	4
1675	1797	1796	4
1798	1676	1794	4
1725	1826	1717	4
1723	1719	1828	4
1829	1720	1721	4
1677	1799	1797	4
1800	1677	1798	4
1796	1801	1678	4
1677	1800	1799	4
1722	1723	1831	4
1827	1735	1716	4
1722	1832	1724	4
1810	1785	1688	0
1832	1727	1724	4
1725	1726	1834	4
1683	1802	1803	0
1726	1727	1836	4
1684	1803	1804	0
1684	1804	1805	0
1763	1764	1768	3
1805	1806	1684	0
1840	1728	1729	4
1736	1735	1827	4
1807	1685	1808	0
1841	1729	1730	4
1806	1809	1686	0
1808	1686	1809	0
1807	1810	1687	0
1842	1732	1731	0
1734	1842	1731	0
1730	1742	1841	4
1736	1844	1734	0
1732	1843	1740	0
1811	1695	1812	4
1738	1737	1846	0
1847	1737	1740	0
1848	1739	1738	0
1814	1813	1699	4
1811	1816	1700	4
1699	1815	1814	4
1739	1849	1741	4
1700	1816	1815	4
1802	1707	1822	0
1813	1817	1703	4
1741	1850	1742	4
1817	1818	1704	4
1704	1818	1819	4
1854	1745	1743	4
1744	1745	1856	4
1819	1821	1706	4
1812	1711	1823	4
1706	1821	1820	4
1783	1782	1784	0
1820	1822	1708	4
1858	1746	1747	4
1830	1721	1801	4
1746	1859	1750	4
1861	1748	1749	4
1825	1823	1712	4
1712	1824	1825	4
1752	1748	1862	4
1749	1751	1864	4
1750	1865	1751	4
1716	1826	1827	4
1867	1753	1752	4
1754	1753	1868	4
1829	1828	1720	4
1869	1755	1754	4
1829	1721	1830	4
1747	1774	1860	4
1759	1755	1869	4
1870	1756	1758	4
1723	1828	1833	4
1722	1831	1832	4
1757	1871	1758	4
1725	1835	1826	4
1833	1831	1723	4
1757	1759	1872	4
1791	1855	1743	4
1824	1728	1839	4
1834	1835	1725	4
1760	1875	1761	3
1837	1834	1726	4
1832	1838	1727	4
1726	1836	1837	4
1838	1836	1727	4
1760	1766	1877	3
1762	1879	1764	4
1840	1839	1728	4
1827	1845	1736	4
1840	1729	1841	4
1770	1879	1762	4
1880	1768	1764	4
1756	1870	1787	4
1767	1765	1881	3
1761	1878	1776	3
1766	1767	1882	3
1881	1765	1769	3
1843	1732	1842	0
1842	1734	1844	0
1768	1884	1769	4
1845	1844	1736	0
1771	1886	1770	4
1843	1847	1740	0
1847	1846	1737	0
1771	1772	1888	4
1846	1848	1738	0
1852	1841	1742	4
1849	1739	1848	4
1891	1774	1773	4
1775	1890	1773	3
1855	1791	1792	4
1851	1741	1849	4
1772	1780	1889	4
1850	1741	1851	4
1776	1892	1775	3
1742	1850	1853	4
1852	1742	1853	4
1889	1780	1781	4
1778	1777	1895	0
1854	1743	1855	4
1896	1779	1778	0
1895	1777	1783	0
1745	1854	1857	4
1781	1779	1897	0
1857	1856	1745	4
1858	1859	1746	4
1858	1747	1860	4
1784	1899	1783	0
1901	1784	1785	0
1861	1862	1748	4
1861	1749	1863	4
1750	1859	1865	4
1902	1786	1787	4
1863	1749	1864	4
1786	1903	1789	4
1864	1751	1866	4
1752	1862	1867	4
1905	1788	1789	4
1751	1865	1866	4
1788	1904	1790	4
1827	1826	1835	4
1867	1868	1753	4
1906	1793	1790	4
1828	1829	1833	4
1754	1868	1869	4
1793	1907	1792	4
1810	1901	1785	0
1795	1910	1794	4
1871	1757	1872	4
1870	1758	1873	4
1798	1794	1909	4
1869	1874	1759	4
1758	1871	1873	4
1759	1874	1872	4
1913	1796	1797	4
1909	1800	1798	4
1796	1912	1801	4
1914	1797	1799	4
1760	1876	1875	3
1877	1876	1760	3
1875	1878	1761	3
1915	1799	1800	4
1807	1901	1810	0
1803	1802	1917	0
1879	1880	1764	4
1860	1774	1891	4
1882	1877	1766	3
1918	1804	1803	0
1804	1919	1805	0
1767	1881	1883	3
1920	1806	1805	0
1883	1882	1767	3
1880	1884	1768	4
1840	1841	1852	4
1769	1885	1881	4
1879	1770	1887	4
1922	1809	1806	0
1807	1808	1923	0
1769	1884	1885	4
1917	1802	1822	0
1809	1925	1808	0
1830	1801	1912	4
1770	1886	1887	4
1886	1771	1888	4
1878	1894	1776	3
1772	1889	1888	4
1811	1812	1929	4
1855	1792	1907	4
1773	1890	1891	3
1929	1816	1811	4
1775	1893	1890	3
1902	1787	1870	4
1932	1813	1814	4
1775	1892	1893	3
1931	1817	1813	4
1815	1933	1814	4
1776	1894	1892	3
1812	1823	1930	4
1934	1815	1816	4
1898	1889	1781	0
1896	1778	1895	0
1937	1818	1817	4
1779	1896	1897	0
1938	1819	1818	4
1897	1898	1781	0
1900	1895	1783	0
1939	1821	1819	4
1941	1820	1821	4
1783	1899	1900	0
1899	1784	1901	0
1820	1942	1822	4
1786	1902	1903	4
1825	1945	1823	4
1947	1825	1824	4
1905	1789	1903	4
1788	1905	1904	4
1906	1790	1904	4
1906	1908	1793	4
1907	1793	1908	4
1951	1829	1830	4
1839	1947	1824	4
1835	1949	1827	4
1829	1950	1833	4
1910	1909	1794	4
1911	1910	1795	4
1954	1832	1831	4
1831	1833	1953	4
1949	1845	1827	4
1913	1912	1796	4
1954	1838	1832	4
1914	1913	1797	4
1800	1909	1916	4
1835	1834	1956	4
1956	1834	1837	4
1799	1915	1914	4
1957	1837	1836	4
1916	1915	1800	4
1958	1836	1838	4
1807	1924	1901	0
1803	1917	1918	0
1918	1919	1804	0
1840	1963	1839	4
1805	1919	1921	0
1805	1921	1920	0
1920	1922	1806	0
1965	1843	1842	0
1966	1842	1844	0
1924	1807	1923	0
1964	1840	1852	4
1968	1844	1845	0
1847	1843	1967	0
1808	1927	1923	0
1808	1925	1926	0
1809	1922	1928	0
1808	1926	1927	0
1928	1925	1809	0
1847	1972	1846	0
1846	1971	1848	0
1929	1812	1930	4
1974	1849	1848	4
1975	1851	1849	4
1813	1932	1931	4
1851	1976	1850	4
1853	1850	1976	4
1933	1932	1814	4
1816	1929	1936	4
1935	1933	1815	4
1822	1944	1917	4
1935	1815	1934	4
1852	1853	1979	4
1931	1937	1817	4
1936	1934	1816	4
1900	1896	1895	0
1938	1818	1937	4
1855	1984	1854	4
1952	1830	1912	4
1854	1983	1857	4
1938	1940	1819	4
1819	1940	1939	4
1856	1857	1985	4
1823	1946	1930	4
1821	1939	1943	4
1942	1820	1941	4
1941	1821	1943	4
1860	1988	1858	4
1859	1858	1989	4
1822	1942	1944	4
1823	1945	1946	4
1990	1865	1859	4
1861	1863	1993	4
1994	1862	1861	4
1825	1948	1945	4
1948	1825	1947	4
1900	1899	1924	0
1864	1997	1863	4
1867	1862	1995	4
1924	1899	1901	0
1864	1866	1998	4
1829	1951	1950	4
1865	2001	1866	4
1830	1952	1951	4
1955	1833	1950	4
2004	1868	1867	4
1953	1954	1831	4
1835	1956	1949	4
1955	1953	1833	4
1868	2005	1869	4
1891	1992	1860	4
1984	1855	1907	4
1962	1947	1839	4
1869	2006	1874	4
2007	1870	1873	4
1958	1957	1836	4
2009	1871	1872	4
1956	1837	1959	4
2009	1873	1871	4
1959	1837	1957	4
1961	1838	1954	4
1838	1960	1958	4
1874	2011	1872	4
1961	1960	1838	4
1969	1845	1949	4
1963	1962	1839	4
1875	1876	2013	3
2012	1878	1875	3
1840	1964	1963	4
2015	1876	1877	3
1965	1842	1966	0
1843	1965	1967	0
2018	1877	1882	3
1952	1912	1913	4
1880	1879	2019	4
1968	1966	1844	0
2008	1902	1870	4
1882	1883	2018	3
1970	1968	1845	0
1878	2012	1894	3
1884	1880	2020	4
1845	1969	1970	4
2019	1879	1887	4
1881	2021	1883	4
1885	2021	1881	4
1967	1973	1847	0
1884	2023	1885	4
1972	1971	1846	0
1973	1972	1847	0
1971	1974	1848	4
1852	1980	1964	4
1887	1886	2025	0
1974	1975	1849	4
2026	1886	1888	0
1851	1977	1976	4
1851	1975	1978	4
1889	2028	1888	0
1978	1977	1851	4
2029	1891	1890	3
1853	1976	1981	4
1979	1980	1852	4
1893	2029	1890	3
1902	2008	1903	4
1853	1982	1979	4
2028	1889	1898	0
2030	1893	1892	3
1853	1981	1982	4
1892	1894	2031	3
1984	1983	1854	4
1857	1983	1987	4
2035	1897	1896	0
1986	1985	1857	4
1897	2035	1898	0
1857	1987	1986	4
1896	1900	2034	0
1858	1988	1989	4
1859	1989	1990	4
1988	1860	1991	4
1992	1991	1860	4
2038	1905	1903	4
2039	1904	1905	4
1993	1994	1861	4
1906	1904	2039	4
1994	1995	1862	4
1863	1996	1993	4
2041	1908	1906	4
1865	1990	2001	4
1863	1997	1996	4
1908	2042	1907	4
2034	1900	1924	0
1997	1864	1999	4
1998	2000	1864	4
2000	1999	1864	4
1910	2045	1909	4
2003	1867	1995	4
1866	2002	1998	4
1911	2046	1910	4
1866	2001	2002	4
1909	2045	1916	4
1969	1949	1956	4
2003	2004	1867	4
2048	1913	1914	4
2004	2005	1868	4
1914	1915	2049	4
2005	2006	1869	4
2050	1915	1916	4
1956	1959	1969	4
1870	2007	2008	4
1917	2052	1918	4
1873	2009	2007	4
1919	1918	2053	4
2009	1872	2010	4
2011	1874	2006	4
2010	1872	2011	4
1919	2054	1921	4
2055	1920	1921	0
1922	1920	2056	0
1875	2013	2012	3
2014	2013	1876	3
2016	2014	1876	3
2056	1928	1922	0
2059	1924	1923	0
1876	2015	2016	3
1927	2058	1923	0
1877	2017	2015	3
2018	2017	1877	3
1992	1891	2029	3
2061	1926	1925	0
1917	1944	2052	4
1925	1928	2060	0
1913	2048	1952	4
2063	1927	1926	0
2019	2020	1880	4
1883	2022	2018	4
1929	1930	2066	4
2022	1883	2021	4
2020	2023	1884	4
1932	2067	1931	4
1929	2065	1936	4
2021	1885	2024	4
1885	2023	2024	4
1932	1933	2068	4
2027	2019	1887	0
1984	1907	2042	4
2067	1937	1931	4
2068	1933	1935	4
2031	1894	2012	3
1886	2026	2025	0
2070	1935	1934	2
2027	1887	2025	0
1934	1936	2069	2
2066	1930	1946	4
2026	1888	2028	0
1903	2008	2038	4
2074	1938	1937	4
1939	1940	2072	2
2074	1940	1938	4
2030	1892	2031	3
1893	2032	2029	3
2033	1893	2030	3
1943	1939	2075	2
2033	2032	1893	3
2076	1942	1941	4
1943	2076	1941	4
1944	1942	2077	4
2037	2028	1898	0
2034	2035	1896	0
1898	2035	2036	0
1945	2079	1946	4
2037	1898	2036	0
2079	1945	1948	4
2080	1948	1947	4
1905	2038	2040	4
2082	1950	1951	4
1905	2040	2039	4
1952	2083	1951	4
1906	2039	2041	4
2082	1955	1950	4
1962	2080	1947	4
1908	2041	2043	4
2085	1954	1953	4
1953	1955	2085	4
2042	1908	2044	4
1908	2043	2044	4
1961	1954	2085	4
2045	1910	2046	4
1957	1958	2088	4
1911	2047	2046	4
2089	1959	1957	4
1958	1960	2090	4
2049	2048	1914	4
2045	2051	1916	4
2092	1960	1961	4
1915	2050	2049	4
2059	2034	1924	0
1916	2051	2050	4
2091	1969	1959	4
1963	2095	1962	4
1918	2052	2053	4
1964	2096	1963	4
2053	2054	1919	4
1965	2097	1967	0
1965	1966	2098	0
1970	1969	2091	4
2055	2056	1920	0
2057	1921	2054	4
1921	2057	2055	4
1966	1968	2099	0
1968	1970	2099	0
2096	1964	1980	4
2059	1923	2058	0
1967	2100	1973	0
2060	1928	2056	0
1925	2060	2061	0
1972	2104	1971	0
1971	2103	1974	4
1926	2061	2062	0
1927	2064	2058	0
1972	1973	2105	0
2063	1926	2062	0
2064	1927	2063	0
1975	1974	2107	4
1978	1975	2107	4
1929	2066	2065	4
1977	2108	1976	4
1978	2109	1977	4
1976	2108	1981	4
1932	2068	2067	4
1980	1979	2112	4
2052	1944	2077	4
2069	2070	1934	2
2112	1979	1982	4
2068	1935	2071	2
1936	2065	2073	2
2072	1935	2070	2
1982	1981	2115	4
2073	2069	1936	2
1937	2067	2074	4
1935	2072	2071	2
2072	1940	2071	2
1952	2048	2084	4
1940	2074	2071	2
2118	1983	1984	4
2072	2075	1939	2
1987	1983	2118	4
2026	2028	2037	0
2066	1946	2079	4
1987	2119	1986	4
2077	1942	2076	4
2078	1943	2075	2
2078	2076	1943	2
2122	1989	1988	4
1991	2122	1988	4
1989	2124	1990	4
1948	2081	2079	4
2126	1991	1992	4
2081	1948	2080	4
2001	1990	2125	4
1951	2083	2082	4
1994	1993	2129	4
2084	2083	1952	4
2130	1993	1996	4
2131	1995	1994	4
2082	2086	1955	4
2085	1955	2087	4
2059	2035	2034	0
1997	2135	1996	4
2086	2087	1955	4
2036	2035	2059	0
2133	2003	1995	4
1999	2136	1997	4
1957	2088	2089	4
2137	2000	1998	4
2094	2080	1962	4
2088	1958	2090	4
1999	2000	2138	4
2002	2137	1998	4
2093	1961	2085	4
1959	2089	2091	4
2092	2090	1960	4
2001	2140	2002	4
2118	1984	2042	4
1961	2093	2092	4
2142	2004	2003	4
2128	1992	2029	3
1962	2095	2094	4
2143	2005	2004	4
2095	1963	2096	4
2006	2005	2143	4
2098	2097	1965	0
2007	2009	2145	4
2146	2008	2007	4
2006	2144	2011	4
1970	2091	2102	4
2099	2098	1966	0
2010	2145	2009	4
2100	1967	2097	0
2101	2099	1970	0
2010	2011	2150	4
1970	2102	2101	0
2013	2152	2012	3
2103	1971	2104	4
1973	2100	2106	0
1972	2105	2104	0
2013	2014	2154	3
1973	2106	2105	0
2103	2107	1974	4
2155	2014	2016	3
2156	2016	2015	3
2156	2015	2017	3
2113	2096	1980	4
2128	2029	2032	3
2018	2158	2017	4
2108	1977	2109	4
2038	2008	2148	4
2012	2152	2031	3
2111	1978	2107	4
2110	2109	1978	4
2158	2018	2022	4
1978	2111	2110	4
2019	2160	2020	0
1981	2108	2115	4
2161	2023	2020	0
2021	2162	2022	4
2114	1980	2112	4
2160	2019	2027	0
2162	2021	2024	4
2114	2113	1980	4
2067	2068	2074	2
2116	2112	1982	4
2023	2164	2024	0
2071	2074	2068	2
1982	2115	2117	4
2117	2116	1982	4
2166	2025	2026	0
2072	2070	2075	2
2025	2166	2027	0
2120	1987	2118	4
2040	2038	2148	4
1987	2121	2119	4
2121	1987	2120	4
2167	2026	2037	0
2171	2030	2031	3
2033	2030	2170	3
2122	2123	1989	4
1989	2123	2124	4
2033	2173	2032	3
2122	1991	2126	4
1990	2124	2125	4
2126	1992	2127	3
1992	2128	2127	3
2036	2175	2037	0
2130	2129	1993	4
1994	2129	2132	4
2040	2176	2039	4
1994	2132	2131	4
2041	2039	2177	4
2133	1995	2131	4
1996	2134	2130	4
2177	2043	2041	4
2134	1996	2135	4
2085	2087	2093	4
2179	2042	2044	4
2125	2140	2001	4
2181	2044	2043	4
2136	2135	1997	4
2175	2036	2059	0
2138	2136	1999	4
2045	2046	2183	4
2000	2137	2139	4
2138	2000	2139	4
2184	2046	2047	4
2003	2133	2142	4
2183	2051	2045	4
2141	2137	2002	4
2185	2048	2049	4
2141	2002	2140	4
2186	2049	2050	4
2143	2004	2142	4
2050	2051	2188	4
2058	2175	2059	0
2143	2144	2006	4
2053	2052	2190	2
2064	2175	2058	0
2145	2147	2007	4
2192	2054	2053	2
2007	2147	2146	4
2148	2008	2146	4
2010	2149	2145	4
2193	2057	2054	2
2056	2055	2194	0
2151	2011	2144	4
2195	2055	2057	4
2150	2149	2010	4
2056	2194	2060	0
2151	2150	2011	4
2185	2084	2048	4
2060	2197	2061	0
2152	2013	2153	3
2013	2154	2153	3
2077	2191	2052	2
2199	2062	2061	0
2155	2154	2014	3
2200	2063	2062	0
2201	2064	2063	0
2016	2157	2155	3
2157	2016	2156	3
2156	2017	2159	4
2128	2032	2172	3
2158	2159	2017	4
2066	2204	2065	4
2179	2118	2042	4
2161	2020	2160	0
2073	2065	2205	2
2158	2022	2163	4
2207	2070	2069	2
2162	2163	2022	4
2023	2161	2164	0
2073	2207	2069	2
2066	2079	2206	4
2165	2162	2024	0
2207	2075	2070	2
2165	2024	2164	0
2171	2031	2152	3
2169	2160	2027	0
2026	2167	2166	0
2027	2166	2168	0
2207	2078	2075	2
2077	2076	2210	2
2078	2210	2076	2
2169	2027	2168	0
2081	2206	2079	4
2148	2178	2040	4
2030	2171	2170	3
2212	2081	2080	4
2033	2170	2174	3
2173	2172	2032	3
2037	2175	2167	0
2033	2174	2173	3
2216	2082	2083	4
2082	2216	2086	4
2084	2217	2083	4
2213	2080	2094	4
2177	2039	2176	4
2219	2087	2086	4
2176	2040	2178	4
2088	2222	2089	4
2180	2043	2177	4
2088	2090	2223	4
2221	2093	2087	4
2091	2089	2224	4
2043	2180	2181	4
2179	2044	2182	4
2181	2182	2044	4
2092	2225	2090	4
2092	2093	2227	4
2046	2184	2183	4
2179	2120	2118	4
2224	2102	2091	4
2094	2095	2229	4
2187	2185	2049	4
2230	2095	2096	4
2187	2049	2186	4
2051	2183	2189	4
2188	2186	2050	4
2097	2098	2231	0
2051	2189	2188	4
2097	2232	2100	0
2234	2098	2099	0
2190	2052	2191	2
2099	2101	2234	0
2192	2053	2190	2
2113	2230	2096	4
2192	2193	2054	2
2237	2101	2102	0
2100	2235	2106	0
2064	2203	2175	0
2195	2194	2055	4
2057	2193	2196	2
2103	2104	2240	4
2057	2196	2195	2
2107	2103	2239	4
2105	2241	2104	0
2194	2197	2060	0
2106	2242	2105	0
2197	2198	2061	0
2239	2111	2107	4
2199	2061	2198	0
2243	2108	2109	4
2200	2062	2199	0
2245	2109	2110	4
2201	2063	2200	0
2201	2202	2064	0
2244	2115	2108	4
2247	2110	2111	4
2203	2064	2202	0
2205	2065	2204	2
2066	2206	2204	4
2112	2250	2114	4
2117	2115	2244	4
2077	2210	2191	2
2112	2116	2250	4
2113	2114	2252	4
2084	2185	2218	4
2209	2073	2205	2
2117	2254	2116	4
2207	2073	2208	2
2208	2073	2209	2
2169	2161	2160	0
2078	2207	2211	2
2119	2121	2258	4
2211	2210	2078	2
2121	2120	2259	4
2206	2081	2215	4
2212	2080	2213	4
2123	2122	2261	4
2214	2081	2212	4
2123	2262	2124	4
2126	2261	2122	4
2081	2214	2215	4
2124	2263	2125	4
2083	2217	2216	4
2126	2127	2265	3
2217	2084	2218	4
2266	2127	2128	3
2220	2086	2216	4
2219	2086	2220	4
2130	2267	2129	4
2087	2219	2221	4
2267	2132	2129	4
2264	2140	2125	4
2130	2134	2268	4
2131	2269	2133	4
2132	2270	2131	4
2223	2222	2088	4
2089	2222	2224	4
2094	2228	2213	4
2167	2203	2166	0
2168	2166	2203	0
2225	2223	2090	4
2221	2227	2093	4
2226	2225	2092	4
2135	2275	2134	4
2203	2167	2175	0
2226	2092	2227	4
2135	2136	2276	4
2142	2133	2273	4
2229	2228	2094	4
2138	2277	2136	4
2137	2278	2139	4
2095	2230	2229	4
2137	2141	2278	4
2138	2139	2279	4
2179	2259	2120	4
2097	2231	2232	0
2233	2231	2098	0
2140	2283	2141	4
2238	2102	2224	4
2233	2098	2234	0
2266	2128	2172	3
2232	2236	2100	0
2142	2285	2143	4
2235	2100	2236	0
2234	2101	2237	0
2144	2143	2285	4
2102	2238	2237	0
2145	2286	2147	4
2286	2145	2149	4
2144	2285	2151	4
2288	2146	2147	4
2148	2146	2287	4
2240	2239	2103	4
2106	2235	2242	0
2104	2241	2240	4
2242	2241	2105	0
2149	2150	2291	4
2187	2218	2185	4
2292	2150	2151	4
2230	2113	2251	4
2243	2244	2108	4
2109	2245	2243	4
2111	2239	2249	4
2153	2295	2152	3
2245	2110	2246	4
2153	2154	2296	3
2247	2246	2110	4
2248	2247	2111	4
2154	2155	2297	3
2249	2248	2111	4
2298	2155	2157	3
2210	2211	2191	2
2156	2299	2157	4
2148	2287	2178	4
2156	2159	2299	4
2251	2113	2252	4
2253	2114	2250	4
2152	2295	2171	3
2158	2301	2159	4
2257	2117	2244	4
2114	2253	2252	4
2259	2179	2182	4
2255	2250	2116	4
2301	2158	2163	4
2255	2116	2254	4
2215	2204	2206	4
2207	2208	2211	2
2254	2117	2256	4
2173	2282	2172	4
2304	2164	2161	0
2117	2257	2256	4
2305	2163	2162	0
2283	2173	2174	4
2162	2165	2305	0
2161	2169	2303	0
2165	2164	2304	0
2260	2258	2121	4
2260	2121	2259	4
2169	2168	2309	0
2262	2123	2261	4
2262	2263	2124	4
2170	2171	2310	3
2265	2261	2126	3
2125	2263	2264	4
2310	2174	2170	3
2127	2266	2265	3
2267	2130	2268	4
2177	2176	2314	4
2178	2313	2176	4
2269	2131	2270	4
2272	2132	2267	4
2177	2314	2180	4
2132	2271	2270	4
2269	2273	2133	4
2272	2271	2132	4
2268	2134	2274	4
2181	2180	2317	4
2168	2203	2309	0
2181	2319	2182	4
2275	2274	2134	4
2276	2275	2135	4
2264	2282	2140	4
2183	2184	2321	4
2136	2277	2276	4
2321	2189	2183	4
2279	2277	2138	4
2323	2187	2186	4
2280	2139	2278	4
2188	2324	2186	4
2281	2279	2139	4
2142	2273	2285	4
2281	2139	2280	4
2324	2188	2189	4
2172	2264	2266	4
2284	2278	2141	4
2282	2283	2140	4
2141	2283	2284	4
2329	2190	2191	2
2192	2190	2329	2
2202	2309	2203	0
2264	2172	2282	4
2192	2333	2193	2
2288	2287	2146	4
2193	2333	2196	2
2194	2195	2334	4
2290	2147	2286	4
2288	2147	2289	4
2334	2197	2194	4
2291	2286	2149	4
2290	2289	2147	4
2335	2195	2196	2
2325	2218	2187	4
2151	2285	2294	4
2197	2336	2198	4
2211	2330	2191	2
2150	2292	2291	4
2198	2338	2199	0
2151	2293	2292	4
2173	2283	2282	4
2294	2293	2151	4
2200	2199	2339	0
2201	2200	2340	0
2296	2295	2153	3
2202	2201	2342	0
2297	2296	2154	3
2330	2208	2209	2
2330	2211	2208	2
2298	2297	2155	3
2205	2204	2343	2
2298	2157	2300	4
2299	2300	2157	4
2253	2250	2255	4
2209	2205	2345	2
2159	2302	2299	4
2320	2259	2182	4
2302	2159	2301	4
2204	2215	2343	2
2161	2303	2304	0
2312	2283	2174	4
2301	2163	2306	0
2213	2347	2212	4
2347	2214	2212	4
2306	2163	2305	0
2165	2304	2307	0
2295	2311	2171	3
2308	2305	2165	0
2308	2165	2307	0
2351	2215	2214	2
2178	2287	2316	4
2303	2169	2309	0
2353	2216	2217	4
2352	2220	2216	4
2261	2265	2262	4
2217	2218	2354	4
2228	2348	2213	4
2171	2311	2310	3
2219	2220	2355	4
2355	2221	2219	4
2174	2310	2312	4
2314	2176	2313	4
2222	2223	2359	4
2227	2221	2357	4
2224	2222	2360	4
2178	2315	2313	4
2178	2316	2315	4
2225	2361	2223	4
2318	2180	2314	4
2362	2225	2226	4
2180	2318	2317	4
2226	2227	2364	4
2181	2317	2319	4
2319	2320	2182	4
2229	2365	2228	4
2238	2224	2360	4
2366	2229	2230	4
2322	2321	2184	4
2232	2231	2368	0
2233	2368	2231	0
2323	2186	2324	4
2323	2326	2187	4
2369	2236	2232	0
2328	2189	2321	4
2187	2327	2325	4
2320	2260	2259	4
2327	2187	2326	4
2234	2373	2233	0
2324	2189	2328	4
2234	2237	2374	0
2375	2235	2236	0
2367	2230	2251	4
2330	2329	2191	2
2242	2235	2376	0
2342	2309	2202	0
2192	2329	2332	2
2238	2379	2237	0
2332	2331	2192	2
2331	2333	2192	2
2239	2240	2381	4
2333	2335	2196	2
2334	2195	2335	2
2241	2384	2240	4
2336	2197	2334	4
2385	2241	2242	0
2382	2249	2239	4
2337	2198	2336	4
2243	2386	2244	4
2198	2337	2338	4
2387	2243	2245	4
2339	2199	2338	0
2283	2312	2284	4
2246	2389	2245	4
2341	2200	2339	0
2200	2341	2340	0
2201	2340	2342	0
2247	2390	2246	4
2330	2209	2346	2
2247	2248	2392	4
2244	2388	2257	4
2394	2248	2249	4
2344	2205	2343	2
2316	2287	2288	4
2205	2344	2345	2
2354	2218	2325	4
2252	2396	2251	4
2346	2209	2345	2
2397	2252	2253	4
2253	2255	2399	4
2347	2213	2349	4
2343	2215	2351	2
2256	2400	2254	4
2254	2401	2255	4
2349	2213	2348	4
2214	2347	2350	2
2351	2214	2350	2
2256	2257	2402	4
2306	2305	2308	0
2216	2353	2352	4
2260	2405	2258	4
2353	2217	2354	4
2356	2220	2352	4
2220	2356	2355	4
2263	2262	2407	4
2407	2264	2263	4
2407	2262	2265	4
2358	2221	2355	4
2357	2221	2358	4
2266	2264	2407	4
2265	2266	2407	4
2222	2359	2360	4
2228	2365	2348	4
2223	2361	2359	4
2409	2267	2268	4
2408	2272	2267	4
2227	2357	2364	4
2362	2361	2225	4
2270	2411	2269	4
2226	2363	2362	4
2268	2274	2410	4
2363	2226	2364	4
2270	2271	2413	4
2412	2273	2269	4
2271	2272	2415	4
2366	2365	2229	4
2366	2230	2367	4
2420	2274	2275	4
2369	2232	2370	0
2368	2371	2232	0
2368	2233	2372	0
2371	2370	2232	0
2275	2276	2423	4
2285	2273	2419	4
2424	2276	2277	4
2360	2380	2238	4
2372	2233	2373	0
2279	2425	2277	4
2234	2374	2373	0
2377	2236	2369	0
2280	2278	2426	4
2406	2260	2320	4
2375	2376	2235	0
2281	2427	2279	4
2278	2284	2426	4
2377	2375	2236	0
2378	2374	2237	0
2429	2281	2280	4
2379	2378	2237	0
2379	2238	2380	0
2419	2294	2285	4
2381	2382	2239	4
2385	2242	2376	0
2240	2383	2381	4
2240	2384	2383	4
2385	2384	2241	4
2291	2434	2286	4
2290	2286	2435	4
2289	2436	2288	4
2396	2367	2251	4
2290	2436	2289	4
2386	2243	2387	4
2244	2386	2388	4
2387	2245	2389	4
2291	2292	2439	4
2389	2246	2391	4
2382	2395	2249	4
2441	2292	2293	4
2246	2390	2391	4
2294	2442	2293	4
2433	2284	2312	4
2247	2393	2390	4
2247	2392	2393	4
2295	2296	2443	3
2248	2394	2392	4
2394	2249	2395	4
2297	2445	2296	3
2351	2344	2343	2
2288	2437	2316	4
2297	2298	2447	3
2298	2300	2448	4
2398	2396	2252	4
2398	2252	2397	4
2300	2299	2449	4
2399	2397	2253	4
2257	2388	2404	4
2444	2311	2295	3
2299	2302	2449	4
2433	2310	2311	4
2302	2301	2451	0
2255	2401	2399	4
2312	2310	2433	4
2401	2254	2400	4
2301	2306	2451	0
2403	2400	2256	4
2304	2303	2453	0
2256	2402	2403	4
2402	2257	2404	4
2307	2304	2453	0
2453	2303	2309	0
2308	2454	2306	0
2355	2356	2358	4
2405	2260	2406	4
2308	2307	2456	0
2409	2408	2267	4
2314	2313	2458	4
2458	2313	2315	4
2410	2409	2268	4
2315	2316	2459	4
2458	2318	2314	4
2412	2269	2411	4
2411	2270	2414	4
2460	2317	2318	4
2416	2272	2408	4
2460	2319	2317	4
2270	2413	2414	4
2415	2413	2271	4
2319	2462	2320	4
2273	2412	2417	4
2272	2416	2415	4
2342	2453	2309	0
2410	2274	2421	4
2322	2463	2321	4
2417	2418	2273	4
2419	2273	2418	4
2321	2463	2328	4
2466	2323	2324	4
2465	2326	2323	4
2420	2421	2274	4
2422	2420	2275	4
2324	2328	2466	4
2325	2327	2467	4
2422	2275	2423	4
2326	2468	2327	4
2423	2276	2424	4
2425	2424	2277	4
2330	2472	2329	2
2425	2279	2427	4
2329	2472	2332	2
2426	2428	2280	4
2429	2280	2428	4
2331	2332	2474	2
2331	2473	2333	2
2427	2281	2432	4
2431	2281	2429	4
2281	2431	2430	4
2432	2281	2430	4
2433	2426	2284	4
2335	2333	2477	2
2467	2354	2325	4
2478	2334	2335	2
2334	2478	2336	2
2346	2472	2330	2
2337	2336	2481	2
2419	2442	2294	4
2286	2434	2435	4
2338	2337	2483	4
2338	2484	2339	0
2437	2288	2436	4
2435	2438	2290	4
2436	2290	2438	4
2339	2485	2341	0
2291	2440	2434	4
2486	2342	2340	0
2487	2340	2341	0
2291	2439	2440	4
2441	2439	2292	4
2353	2354	2467	4
2442	2441	2293	4
2344	2490	2345	2
2295	2443	2444	3
2345	2492	2346	2
2296	2446	2443	3
2351	2491	2344	2
2445	2446	2296	3
2462	2406	2320	4
2349	2493	2347	2
2297	2447	2445	3
2493	2350	2347	2
2494	2349	2348	4
2351	2350	2491	2
2298	2448	2447	4
2450	2448	2300	4
2450	2300	2449	4
2457	2433	2311	4
2353	2497	2352	4
2449	2302	2452	0
2451	2452	2302	0
2356	2352	2497	4
2494	2348	2365	4
2311	2444	2457	4
2455	2451	2306	0
2459	2316	2437	4
2500	2358	2356	4
2306	2454	2455	0
2307	2453	2456	0
2357	2358	2502	4
2308	2456	2454	0
2357	2501	2364	4
2504	2359	2361	4
2359	2505	2360	4
2508	2361	2362	4
2315	2459	2458	4
2363	2509	2362	4
2461	2318	2458	4
2510	2363	2364	4
2460	2318	2461	4
2460	2462	2319	4
2365	2366	2512	4
2512	2366	2367	4
2360	2506	2380	4
2464	2463	2322	4
2368	2514	2371	0
2514	2368	2372	0
2515	2369	2370	0
2466	2465	2323	4
2326	2465	2469	4
2371	2516	2370	0
2377	2369	2515	0
2471	2328	2463	4
2326	2469	2468	4
2519	2372	2373	0
2470	2467	2327	4
2471	2466	2328	4
2327	2468	2470	4
2374	2519	2373	0
2374	2378	2520	0
2522	2376	2375	0
2377	2523	2375	0
2367	2396	2513	4
2400	2403	2475	2
2473	2331	2475	2
2476	2332	2472	2
2474	2475	2331	2
2474	2332	2476	2
2333	2473	2477	2
2527	2378	2379	0
2489	2453	2342	0
2385	2376	2525	0
2426	2433	2428	4
2379	2380	2529	0
2398	2397	2496	2
2479	2478	2335	2
2480	2335	2477	2
2472	2346	2476	2
2480	2479	2335	2
2481	2336	2478	2
2532	2382	2381	4
2533	2381	2383	4
2482	2337	2481	2
2337	2482	2483	2
2383	2384	2535	4
2384	2385	2536	4
2483	2484	2338	4
2513	2396	2398	4
2339	2484	2485	0
2382	2534	2395	4
2388	2386	2537	4
2438	2437	2436	4
2538	2386	2387	4
2340	2487	2486	0
2457	2429	2428	4
2492	2476	2346	2
2488	2341	2485	0
2387	2389	2539	4
2341	2488	2487	0
2342	2486	2489	0
2467	2498	2353	4
2457	2428	2433	4
2542	2389	2391	4
2543	2391	2390	4
2490	2344	2491	2
2390	2393	2543	4
2490	2492	2345	2
2544	2393	2392	0
2392	2394	2545	0
2404	2388	2541	4
2491	2350	2496	2
2395	2548	2394	0
2349	2495	2493	2
2495	2349	2494	2
2493	2496	2350	2
2399	2550	2397	2
2353	2499	2497	4
2353	2498	2499	4
2551	2399	2401	2
2475	2403	2473	2
2403	2477	2473	2
2497	2500	2356	4
2400	2552	2401	2
2455	2452	2451	0
2402	2404	2553	4
2403	2402	2554	4
2501	2357	2502	4
2358	2500	2503	4
2358	2503	2502	4
2405	2406	2557	4
2359	2504	2505	4
2506	2360	2505	4
2365	2512	2494	4
2504	2361	2507	4
2501	2510	2364	4
2409	2559	2408	4
2361	2508	2507	4
2362	2509	2508	4
2560	2409	2410	4
2363	2511	2509	4
2559	2416	2408	4
2511	2363	2510	4
2411	2563	2412	4
2398	2493	2495	2
2493	2398	2496	2
2414	2562	2411	4
2410	2421	2560	4
2367	2513	2512	4
2413	2415	2565	1
2413	2566	2414	1
2412	2564	2417	4
2453	2489	2456	0
2415	2416	2568	1
2517	2515	2370	0
2370	2516	2517	0
2514	2518	2371	0
2570	2418	2417	4
2514	2372	2519	0
2518	2516	2371	0
2513	2398	2495	2
2572	2419	2418	4
2374	2521	2519	0
2420	2574	2421	4
2520	2521	2374	0
2420	2422	2574	4
2506	2531	2380	4
2377	2515	2526	0
2522	2375	2523	0
2576	2422	2423	4
2522	2524	2376	0
2424	2578	2423	4
2525	2376	2524	0
2462	2558	2406	4
2377	2526	2523	0
2520	2378	2528	0
2552	2400	2475	2
2424	2425	2579	4
2425	2427	2580	4
2378	2527	2528	0
2403	2554	2477	2
2419	2573	2442	4
2527	2379	2530	0
2529	2530	2379	0
2478	2479	2481	2
2531	2529	2380	0
2427	2432	2582	4
2496	2397	2550	2
2429	2584	2431	4
2381	2533	2532	4
2536	2385	2525	4
2430	2431	2586	4
2432	2430	2585	4
2382	2532	2534	4
2535	2533	2383	4
2536	2535	2384	4
2573	2441	2442	4
2434	2591	2435	4
2386	2538	2537	4
2591	2434	2440	4
2387	2540	2538	4
2435	2592	2438	4
2541	2388	2537	4
2387	2539	2540	4
2438	2593	2437	4
2539	2389	2542	4
2457	2584	2429	4
2439	2596	2440	4
2542	2391	2543	4
2596	2439	2441	4
2534	2549	2395	0
2392	2545	2544	0
2393	2546	2543	0
2393	2544	2547	0
2444	2443	2599	3
2547	2546	2393	0
2548	2545	2394	0
2443	2446	2599	3
2459	2437	2594	4
2549	2548	2395	0
2602	2446	2445	3
2447	2601	2445	3
2604	2447	2448	4
2551	2550	2399	2
2474	2552	2475	2
2541	2556	2404	4
2444	2600	2457	4
2513	2495	2494	2
2450	2605	2448	4
2401	2552	2551	2
2449	2606	2450	0
2449	2452	2606	0
2554	2402	2553	4
2477	2554	2480	2
2555	2553	2404	4
2404	2556	2555	4
2609	2452	2455	0
2494	2512	2513	2
2456	2611	2454	0
2558	2557	2406	4
2455	2454	2612	0
2559	2409	2561	4
2561	2409	2560	4
2458	2459	2614	4
2551	2490	2491	2
2461	2458	2613	4
2411	2562	2563	4
2615	2462	2460	4
2491	2496	2550	2
2616	2460	2461	4
2564	2412	2563	4
2414	2567	2562	1
2416	2559	2569	1
2413	2565	2566	1
2464	2619	2463	4
2566	2567	2414	1
2565	2415	2568	1
2417	2564	2570	4
2621	2465	2466	4
2463	2619	2471	4
2568	2416	2569	1
2469	2465	2621	4
2611	2456	2489	0
2421	2575	2560	4
2466	2471	2621	4
2571	2418	2570	4
2467	2470	2622	4
2623	2468	2469	4
2418	2571	2572	4
2468	2624	2470	4
2572	2573	2419	4
2575	2421	2574	4
2577	2574	2422	4
2422	2576	2577	4
2576	2423	2578	4
2474	2476	2629	2
2579	2578	2424	4
2581	2579	2425	4
2580	2581	2425	4
2467	2622	2498	4
2480	2630	2479	2
2479	2630	2481	2
2580	2427	2583	4
2551	2491	2550	2
2583	2427	2582	4
2481	2632	2482	2
2476	2492	2629	2
2633	2483	2482	2
2430	2586	2585	4
2483	2634	2484	4
2584	2587	2431	4
2582	2432	2589	4
2485	2484	2635	0
2588	2586	2431	4
2431	2587	2588	4
2432	2585	2590	4
2636	2488	2485	0
2487	2638	2486	0
2490	2629	2492	2
2432	2590	2589	4
2573	2598	2441	4
2489	2486	2637	0
2639	2487	2488	0
2435	2591	2592	4
2593	2594	2437	4
2592	2595	2438	4
2438	2595	2593	4
2597	2591	2440	4
2597	2440	2596	4
2596	2441	2598	4
2618	2558	2462	4
2497	2499	2642	4
2642	2500	2497	4
2499	2498	2643	4
2600	2584	2457	4
2444	2599	2600	4
2602	2445	2601	3
2500	2645	2503	4
2446	2603	2599	3
2502	2646	2501	4
2603	2446	2602	3
2601	2447	2604	4
2647	2502	2503	4
2629	2552	2474	2
2505	2504	2648	4
2448	2605	2604	4
2501	2646	2510	4
2507	2649	2504	4
2650	2506	2505	4
2605	2450	2608	4
2450	2606	2607	0
2507	2508	2649	4
2554	2631	2480	2
2607	2608	2450	0
2594	2614	2459	4
2452	2610	2606	0
2508	2509	2652	4
2629	2490	2551	2
2452	2609	2610	0
2511	2652	2509	4
2654	2511	2510	4
2455	2612	2609	0
2611	2612	2454	0
2614	2613	2458	4
2506	2650	2531	4
2514	2658	2518	0
2460	2616	2615	4
2613	2617	2461	4
2514	2519	2659	0
2517	2660	2515	0
2516	2661	2517	0
2616	2461	2617	4
2518	2661	2516	0
2462	2615	2618	4
2575	2561	2560	4
2660	2526	2515	0
2619	2464	2620	4
2519	2521	2664	0
2666	2521	2520	0
2522	2523	2668	0
2520	2528	2665	0
2522	2668	2524	0
2468	2623	2624	4
2621	2625	2469	4
2619	2628	2471	4
2469	2626	2623	4
2523	2526	2669	0
2670	2525	2524	0
2627	2622	2470	4
2626	2469	2625	4
2621	2471	2628	4
2627	2470	2624	4
2577	2575	2574	1
2674	2528	2527	0
2674	2527	2530	0
2536	2525	2671	4
2552	2629	2551	2
2677	2530	2529	0
2611	2489	2637	0
2531	2677	2529	0
2631	2554	2553	4
2555	2631	2553	4
2630	2480	2631	2
2630	2632	2481	2
2532	2533	2680	4
2532	2680	2534	4
2632	2633	2482	2
2681	2533	2535	4
2633	2634	2483	2
2634	2635	2484	4
2535	2536	2683	4
2635	2636	2485	0
2537	2538	2684	4
2486	2638	2637	0
2541	2537	2684	4
2643	2498	2622	4
2636	2639	2488	0
2540	2685	2538	4
2534	2682	2549	0
2540	2539	2686	4
2487	2640	2638	0
2639	2641	2487	0
2539	2542	2686	4
2641	2640	2487	0
2587	2584	2600	4
2689	2542	2543	4
2691	2543	2546	0
2692	2544	2545	0
2547	2544	2692	0
2688	2556	2541	4
2644	2642	2499	4
2644	2499	2643	4
2545	2548	2693	0
2694	2546	2547	0
2645	2500	2642	4
2693	2548	2549	0
2646	2502	2647	4
2647	2503	2645	4
2649	2648	2504	4
2651	2505	2648	4
2505	2651	2650	4
2654	2510	2646	4
2653	2649	2508	4
2556	2700	2555	4
2652	2653	2508	4
2558	2702	2557	4
2652	2511	2655	4
2654	2656	2511	4
2511	2656	2655	4
2657	2658	2514	0
2704	2559	2561	1
2514	2659	2657	0
2562	2706	2563	4
2559	2704	2569	1
2564	2563	2708	4
2567	2707	2562	1
2660	2517	2662	0
2658	2663	2518	0
2661	2662	2517	0
2561	2575	2705	1
2663	2661	2518	0
2519	2664	2659	0
2712	2566	2565	1
2709	2570	2564	4
2568	2711	2565	1
2566	2713	2567	1
2666	2520	2665	0
2715	2568	2569	1
2664	2521	2667	0
2667	2521	2666	0
2577	2705	2575	1
2717	2571	2570	4
2673	2526	2660	0
2650	2679	2531	4
2669	2668	2523	0
2612	2611	2637	0
2571	2718	2572	4
2668	2670	2524	0
2720	2573	2572	4
2525	2670	2671	4
2526	2672	2669	0
2620	2628	2619	4
2676	2665	2528	0
2672	2526	2673	0
2628	2625	2621	4
2577	2576	2722	4
2722	2576	2578	4
2674	2675	2528	0
2558	2618	2703	4
2676	2528	2675	0
2530	2678	2674	0
2723	2578	2579	4
2581	2723	2579	4
2631	2555	2699	4
2724	2581	2580	1
2677	2678	2530	0
2677	2531	2679	0
2725	2580	2583	1
2536	2671	2683	4
2583	2582	2727	4
2598	2573	2721	4
2533	2681	2680	4
2680	2682	2534	0
2582	2589	2727	4
2681	2535	2683	4
2729	2585	2586	4
2590	2585	2729	4
2549	2663	2693	0
2586	2588	2731	4
2732	2588	2587	4
2538	2685	2684	4
2698	2663	2549	0
2540	2687	2685	4
2541	2684	2688	4
2687	2540	2686	4
2590	2737	2589	4
2690	2686	2542	4
2600	2733	2587	4
2542	2689	2690	4
2740	2592	2591	4
2691	2689	2543	0
2597	2739	2591	4
2740	2595	2592	4
2741	2594	2593	4
2549	2682	2698	0
2595	2742	2593	4
2545	2693	2692	0
2599	2733	2600	4
2695	2691	2546	0
2692	2696	2547	0
2546	2694	2695	0
2599	2603	2733	4
2694	2547	2697	0
2746	2597	2596	4
2696	2697	2547	0
2598	2747	2596	4
2688	2701	2556	4
2749	2602	2601	3
2744	2614	2594	4
2555	2700	2699	4
2750	2601	2604	4
2603	2602	2751	3
2701	2700	2556	4
2702	2558	2703	4
2754	2604	2605	4
2608	2754	2605	4
2755	2607	2606	0
2561	2705	2704	1
2607	2756	2608	0
2606	2610	2755	0
2707	2706	2562	1
2708	2563	2706	4
2609	2758	2610	0
2612	2759	2609	0
2710	2564	2708	4
2710	2709	2564	4
2707	2567	2714	1
2614	2761	2613	4
2712	2565	2711	1
2716	2569	2704	1
2613	2761	2617	4
2713	2566	2712	1
2715	2711	2568	1
2714	2567	2713	1
2764	2615	2616	4
2763	2618	2615	4
2709	2717	2570	4
2616	2617	2765	4
2569	2716	2715	1
2705	2577	2722	1
2719	2571	2717	4
2759	2612	2637	0
2719	2718	2571	4
2720	2572	2718	4
2720	2721	2573	4
2628	2620	2767	4
2624	2623	2769	4
2627	2768	2622	4
2626	2770	2623	4
2662	2661	2698	0
2624	2771	2627	4
2663	2698	2661	0
2722	2578	2723	4
2626	2625	2772	4
2772	2625	2628	4
2675	2674	2678	0
2725	2724	2580	1
2581	2726	2723	1
2726	2581	2724	1
2643	2622	2768	4
2759	2637	2638	0
2728	2725	2583	1
2631	2776	2630	2
2776	2632	2630	2
2728	2583	2727	1
2633	2632	2777	2
2682	2662	2698	0
2586	2730	2729	4
2634	2633	2778	2
2731	2730	2586	4
2635	2634	2780	4
2635	2781	2636	0
2733	2732	2587	4
2736	2727	2589	4
2731	2588	2734	4
2732	2735	2588	4
2729	2738	2590	4
2639	2636	2782	0
2588	2735	2734	4
2640	2783	2638	0
2639	2782	2641	0
2589	2737	2736	4
2737	2590	2738	4
2747	2598	2721	4
2641	2785	2640	0
2591	2739	2740	4
2642	2644	2788	4
2642	2788	2645	4
2742	2741	2593	4
2643	2789	2644	4
2594	2741	2743	4
2740	2745	2595	4
2594	2743	2744	4
2745	2742	2595	4
2791	2647	2645	4
2597	2748	2739	4
2646	2647	2793	4
2703	2618	2766	4
2603	2752	2733	4
2747	2746	2596	4
2648	2649	2794	4
2746	2748	2597	4
2646	2792	2654	4
2794	2651	2648	4
2794	2649	2653	4
2795	2650	2651	4
2601	2750	2749	4
2602	2749	2751	3
2798	2653	2652	4
2652	2655	2798	4
2776	2631	2699	4
2751	2753	2603	3
2753	2752	2603	4
2604	2754	2750	4
2801	2656	2654	4
2655	2656	2802	4
2607	2755	2756	0
2608	2757	2754	4
2657	2804	2658	0
2614	2744	2762	4
2757	2608	2756	0
2805	2657	2659	0
2679	2650	2795	4
2760	2755	2610	0
2609	2759	2758	0
2663	2658	2806	0
2760	2610	2758	0
2662	2808	2660	0
2664	2807	2659	0
2762	2761	2614	4
2664	2667	2807	0
2673	2660	2808	0
2764	2763	2615	4
2811	2666	2665	4
2617	2761	2765	4
2765	2764	2616	4
2667	2666	2813	4
2766	2618	2763	4
2712	2711	2725	1
2715	2724	2711	1
2662	2682	2809	0
2669	2816	2668	0
2665	2676	2812	4
2816	2670	2668	0
2816	2669	2672	0
2715	2716	2726	1
2671	2670	2817	4
2724	2725	2711	1
2770	2769	2623	4
2819	2672	2673	0
2769	2771	2624	4
2712	2725	2728	1
2726	2724	2715	1
2693	2663	2810	0
2767	2772	2628	4
2626	2774	2770	4
2768	2627	2775	4
2680	2809	2682	0
2626	2772	2773	4
2683	2671	2818	4
2626	2773	2774	4
2627	2771	2775	4
2675	2822	2676	0
2821	2675	2678	0
2678	2677	2824	0
2677	2679	2824	0
2759	2638	2784	0
2776	2777	2632	2
2680	2681	2827	4
2779	2633	2777	2
2778	2633	2779	2
2683	2827	2681	4
2778	2780	2634	2
2692	2693	2810	0
2780	2781	2635	4
2684	2685	2828	4
2692	2810	2696	0
2782	2636	2781	0
2768	2789	2643	4
2828	2688	2684	4
2687	2830	2685	4
2831	2687	2686	4
2638	2783	2784	0
2686	2690	2831	4
2640	2785	2783	0
2782	2786	2641	0
2834	2690	2689	4
2641	2787	2785	0
2689	2691	2834	0
2787	2641	2786	0
2691	2695	2835	0
2833	2701	2688	4
2790	2788	2644	4
2644	2789	2790	4
2788	2791	2645	4
2694	2837	2695	0
2694	2697	2836	0
2646	2793	2792	4
2793	2647	2791	4
2697	2696	2841	0
2794	2796	2651	4
2843	2699	2700	4
2797	2795	2651	4
2797	2651	2796	4
2653	2799	2794	4
2845	2700	2701	4
2801	2654	2792	4
2798	2800	2653	4
2702	2703	2846	4
2800	2799	2653	4
2655	2802	2798	4
2704	2705	2848	1
2801	2803	2656	4
2803	2802	2656	4
2706	2707	2850	1
2706	2849	2708	4
2804	2657	2805	0
2849	2710	2708	4
2848	2716	2704	1
2804	2806	2658	0
2852	2709	2710	4
2659	2807	2805	0
2707	2714	2851	1
2705	2722	2848	1
2663	2806	2810	0
2809	2808	2662	0
2853	2717	2709	4
2712	2855	2713	1
2714	2713	2856	1
2665	2812	2811	4
2815	2807	2667	0
2811	2813	2666	4
2726	2716	2848	1
2848	2722	2723	1
2814	2667	2813	4
2728	2855	2712	1
2815	2667	2814	4
2860	2719	2717	4
2848	2723	2726	1
2718	2719	2862	4
2826	2679	2795	4
2718	2863	2720	4
2808	2820	2673	0
2759	2784	2758	0
2760	2758	2784	0
2670	2816	2817	4
2817	2816	2672	0
2817	2818	2671	4
2866	2721	2720	4
2672	2819	2817	0
2823	2812	2676	4
2820	2819	2673	0
2847	2703	2766	4
2680	2827	2809	0
2843	2776	2699	4
2821	2822	2675	0
2676	2822	2823	4
2868	2728	2727	1
2678	2825	2821	0
2678	2824	2825	0
2869	2729	2730	4
2683	2818	2827	4
2679	2826	2824	0
2868	2727	2736	1
2871	2730	2731	0
2867	2747	2721	4
2738	2729	2869	4
2731	2734	2872	0
2733	2873	2732	4
2732	2874	2735	4
2828	2685	2829	4
2875	2734	2735	4
2830	2829	2685	4
2840	2696	2810	0
2687	2832	2830	4
2833	2688	2828	4
2831	2832	2687	4
2878	2736	2737	4
2834	2831	2690	4
2737	2738	2880	4
2733	2752	2873	4
2834	2691	2835	0
2885	2740	2739	4
2694	2836	2837	0
2835	2695	2839	0
2741	2742	2886	4
2838	2695	2837	0
2740	2885	2745	4
2743	2741	2886	4
2739	2748	2884	4
2839	2695	2838	0
2742	2745	2887	4
2888	2744	2743	4
2836	2697	2842	0
2840	2841	2696	0
2833	2845	2701	4
2842	2697	2841	0
2746	2747	2892	4
2748	2746	2891	4
2844	2843	2700	4
2845	2844	2700	4
2894	2749	2750	4
2749	2895	2751	3
2762	2744	2889	4
2847	2846	2703	4
2753	2751	2895	3
2754	2897	2750	4
2898	2752	2753	4
2850	2849	2706	1
2850	2707	2851	1
2897	2754	2757	4
2756	2755	2901	0
2710	2849	2854	4
2709	2852	2853	4
2756	2902	2757	0
2760	2900	2755	0
2854	2852	2710	4
2797	2826	2795	4
2856	2713	2855	1
2851	2714	2857	1
2815	2805	2807	0
2904	2761	2762	4
2858	2714	2856	1
2714	2859	2857	1
2904	2765	2761	4
2859	2714	2858	1
2853	2861	2717	4
2764	2906	2763	4
2766	2763	2906	4
2808	2809	2820	0
2764	2765	2908	4
2717	2861	2860	4
2718	2862	2863	4
2719	2860	2864	4
2784	2900	2760	0
2864	2862	2719	4
2863	2865	2720	4
2772	2767	2910	4
2770	2912	2769	4
2865	2866	2720	4
2855	2728	2868	1
2771	2769	2912	4
2768	2775	2911	4
2817	2819	2818	0
2866	2867	2721	4
2772	2910	2773	4
2809	2827	2820	0
2774	2913	2770	4
2818	2819	2820	0
2771	2914	2775	4
2915	2774	2773	4
2827	2818	2820	0
2789	2768	2911	4
2730	2870	2869	0
2730	2871	2870	0
2919	2777	2776	2
2731	2872	2871	0
2920	2779	2777	2
2873	2874	2732	4
2780	2778	2921	2
2779	2922	2778	2
2734	2876	2872	0
2868	2736	2879	1
2734	2875	2876	0
2925	2781	2780	4
2735	2874	2877	4
2875	2735	2877	4
2926	2782	2781	0
2883	2738	2869	4
2879	2736	2878	1
2784	2783	2927	0
2786	2782	2926	0
2928	2783	2785	0
2881	2878	2737	4
2737	2880	2881	4
2738	2882	2880	4
2787	2929	2785	0
2883	2882	2738	4
2786	2930	2787	0
2867	2892	2747	4
2739	2884	2885	4
2788	2790	2935	4
2788	2935	2791	4
2886	2742	2887	4
2790	2789	2936	4
2888	2743	2886	4
2745	2885	2890	4
2888	2889	2744	4
2745	2890	2887	4
2793	2791	2938	4
2909	2847	2766	4
2752	2898	2873	4
2792	2793	2940	4
2748	2893	2884	4
2746	2892	2891	4
2941	2796	2794	4
2893	2748	2891	4
2801	2792	2940	4
2799	2941	2794	4
2942	2797	2796	4
2895	2749	2894	4
2919	2776	2843	4
2894	2750	2896	4
2896	2750	2897	4
2798	2946	2800	4
2798	2802	2947	4
2799	2800	2948	4
2899	2753	2895	3
2753	2899	2898	4
2803	2801	2950	4
2755	2900	2901	0
2762	2889	2905	4
2897	2757	2903	4
2803	2953	2802	4
2756	2901	2902	0
2757	2902	2903	0
2955	2804	2805	0
2956	2806	2804	0
2826	2797	2945	4
2904	2762	2905	4
2956	2810	2806	0
2815	2955	2805	0
2765	2904	2908	4
2764	2907	2906	4
2908	2907	2764	4
2813	2811	2957	4
2811	2812	2958	4
2766	2906	2909	4
2960	2814	2813	4
2815	2814	2961	4
2823	2959	2812	4
2912	2770	2913	4
2914	2771	2912	4
2773	2910	2915	4
2774	2917	2913	4
2918	2911	2775	4
2915	2916	2774	4
2956	2840	2810	0
2964	2822	2821	0
2916	2917	2774	4
2775	2914	2918	4
2965	2823	2822	4
2825	2964	2821	0
2784	2927	2900	0
2967	2825	2824	0
2920	2777	2919	2
2826	2967	2824	0
2921	2778	2922	2
2920	2924	2779	2
2779	2923	2922	2
2829	2969	2828	4
2924	2923	2779	2
2921	2925	2780	2
2829	2830	2970	4
2969	2833	2828	4
2781	2925	2926	4
2971	2830	2832	4
2831	2972	2832	4
2911	2936	2789	4
2972	2831	2834	4
2927	2783	2928	0
2929	2928	2785	0
2931	2786	2926	0
2834	2835	2974	0
2898	2874	2873	4
2930	2786	2931	0
2839	2974	2835	0
2837	2836	2975	0
2932	2787	2930	0
2934	2929	2787	0
2838	2837	2976	0
2845	2833	2973	4
2787	2932	2933	0
2975	2836	2842	0
2934	2787	2933	0
2903	2875	2877	4
2838	2978	2839	0
2841	2840	2981	0
2937	2935	2790	4
2790	2936	2937	4
2982	2842	2841	0
2939	2791	2935	4
2939	2938	2791	4
2938	2940	2793	4
2844	2984	2843	4
2845	2986	2844	4
2903	2877	2897	4
2796	2941	2943	4
2942	2796	2943	4
2846	2847	2988	4
2944	2797	2942	4
2945	2797	2944	4
2948	2941	2799	4
2849	2850	2991	1
2947	2946	2798	4
2951	2801	2940	4
2992	2850	2851	1
2849	2991	2854	1
2946	2949	2800	4
2949	2948	2800	4
2852	2994	2853	4
2947	2802	2952	4
2852	2854	2995	4
2993	2851	2857	1
2950	2801	2951	4
2950	2954	2803	4
2953	2952	2802	4
2856	2855	2998	1
2853	2996	2861	4
2954	2953	2803	4
2858	2856	2999	1
2804	2955	2956	0
2859	3000	2857	1
2858	3001	2859	1
2868	2998	2855	1
2860	2861	3003	4
2957	2811	2958	4
2864	2860	3003	4
2958	2812	2959	4
2960	2813	2957	4
2862	3005	2863	4
2864	3005	2862	4
2815	2963	2955	0
2814	2960	2961	4
2865	2863	3007	4
2826	2945	2967	0
2962	2815	2961	4
2815	2962	2963	4
2866	2865	3009	4
3010	2867	2866	4
2984	2919	2843	4
2847	2909	2990	4
2959	2823	2966	4
3012	2869	2870	0
2964	2965	2822	4
2965	2966	2823	4
2871	3013	2870	0
2825	2968	2964	0
2871	2872	3015	0
2868	2879	3011	1
2967	2968	2825	0
2883	2869	3012	0
3017	2872	2876	0
2970	2969	2829	4
3010	2892	2867	4
2874	3019	2877	4
2971	2970	2830	4
2875	3020	2876	0
2832	2972	2971	4
2833	2969	2973	4
2956	2981	2840	0
3021	2879	2878	1
2974	2972	2834	0
3021	2878	2881	4
3024	2881	2880	4
2882	3024	2880	4
2975	2976	2837	0
2898	3018	2874	4
2838	2976	2977	0
3027	2882	2883	4
2839	2979	2974	0
2897	2877	3019	4
2838	2977	2978	0
2876	2901	3017	0
3020	2901	2876	0
2980	2839	2978	0
2979	2839	2980	0
2903	3020	2875	0
2885	2884	3030	4
2975	2842	2983	0
2841	2981	2982	0
2973	2987	2845	4
2982	2983	2842	0
3034	2886	2887	4
2885	3033	2890	4
3031	2884	2893	4
3035	2888	2886	4
3019	2896	2897	4
3036	2887	2890	4
2985	2984	2844	4
2888	3037	2889	4
2844	2986	2985	4
2899	3018	2898	4
2986	2845	2987	4
2901	2900	3017	0
3040	2891	2892	4
2902	2901	3020	0
3039	2893	2891	4
2847	2989	2988	4
2903	2902	3020	0
2989	2847	2990	4
3037	2905	2889	4
2894	3042	2895	4
2896	3042	2894	4
2992	2991	2850	1
2899	2895	3042	4
2993	2992	2851	1
2995	2994	2852	4
2854	2991	2997	1
2996	2853	2994	4
3017	2900	2927	0
2995	2854	2997	1
2993	2857	3000	1
2905	3043	2904	4
2999	2856	2998	1
2904	3043	2908	4
3045	2906	2907	4
2999	3001	2858	1
2909	2906	3045	4
3004	2861	2996	4
3046	2907	2908	4
3002	3000	2859	1
2859	3001	3002	1
3004	3003	2861	4
3006	2863	3005	4
2912	2913	3050	4
3003	3008	2864	4
2863	3006	3007	4
2912	3050	2914	4
3011	2998	2868	1
2864	3008	3005	4
2911	2918	3049	4
2913	2917	3050	4
2865	3007	3009	4
2914	3051	2918	4
2916	2915	3052	4
3010	2866	3009	4
2916	3053	2917	4
3013	3012	2870	0
2919	3057	2920	2
2911	3049	2936	4
3013	2871	3014	0
3015	3014	2871	0
3058	2921	2922	2
2920	3057	2924	2
3015	2872	3016	0
2922	2923	3059	2
2925	2921	3058	2
3017	3016	2872	0
3061	2923	2924	2
3018	3019	2874	4
3011	2879	3023	1
2926	2925	3064	4
3064	2931	2926	4
3022	2879	3021	1
2928	3067	2927	0
3023	2879	3022	1
3029	2883	3012	0
2929	3070	2928	0
3026	3021	2881	4
3024	3025	2881	4
3071	2930	2931	0
3025	3026	2881	4
3070	2929	2934	0
2882	3027	3024	4
2932	2930	3071	0
3027	2883	3028	0
2933	2932	3074	0
2883	3029	3028	0
2934	2933	3075	0
3040	2892	3010	4
3030	2884	3031	4
3030	3032	2885	4
2990	2909	3048	4
3032	3033	2885	4
2935	2937	3080	4
2935	3079	2939	4
2936	3081	2937	4
3035	2886	3034	4
3019	3042	2896	4
3036	3034	2887	4
2899	3042	3018	4
3057	2919	2984	4
2888	3035	3037	4
2927	3016	3017	0
3083	2938	2939	4
2938	3083	2940	4
3038	2890	3033	4
3036	2890	3038	4
3031	2893	3041	4
3085	2943	2941	4
3039	2891	3040	4
3086	2942	2943	4
2942	3086	2944	4
3039	3041	2893	4
2940	3083	2951	4
3085	2941	2948	4
3089	2945	2944	4
3091	2946	2947	4
3044	2905	3037	4
3091	2949	2946	4
3094	2948	2949	4
2947	2952	3092	4
2905	3044	3043	4
2908	3043	3046	4
2950	2951	3097	4
3047	3045	2907	4
2950	3096	2954	4
3047	2907	3046	4
2909	3045	3048	4
2967	2945	3090	0
2953	3099	2952	4
3100	2953	2954	4
3016	2927	3067	0
2955	3102	2956	0
2914	3050	3051	4
3103	2957	2958	4
2959	2966	3095	4
2963	3102	2955	0
3053	2916	3052	4
3104	2960	2957	4
3054	3050	2917	4
2958	2959	3106	4
3054	2917	3053	4
2918	3051	3055	4
3056	3049	2918	4
3055	3056	2918	4
2961	2960	3109	4
2968	2967	3090	0
2962	2961	3109	4
3110	2963	2962	4
2922	3059	3058	2
2956	3102	2981	0
2965	2964	3112	4
3060	3059	2923	2
2923	3061	3060	2
2964	2968	3112	4
3063	2924	3057	2
2965	3113	2966	4
3062	3061	2924	2
3062	2924	3063	2
2925	3058	3066	2
3065	3064	2925	4
2970	3116	2969	4
2925	3066	3065	2
2970	2971	3116	4
3117	2973	2969	4
3067	2928	3068	0
2972	3120	2971	4
3068	2928	3069	0
3049	3081	2936	4
2972	2974	3121	0
2931	3064	3072	4
3069	2928	3070	0
2979	3121	2974	0
2976	2975	3123	0
2931	3073	3071	4
2931	3072	3073	4
3074	2932	3071	0
2976	3125	2977	0
3018	3042	3019	4
2975	2983	3123	0
3070	2934	3077	0
3126	2978	2977	0
3122	2987	2973	4
3074	3076	2933	0
3076	3075	2933	0
2978	3127	2980	0
2934	3075	3078	0
2980	3129	2979	0
2934	3078	3077	0
2981	3131	2982	0
2935	3080	3079	4
3132	2983	2982	0
3080	2937	3082	4
2937	3081	3082	4
3084	2939	3079	4
2985	3134	2984	4
2986	3135	2985	4
3083	2939	3084	4
2986	2987	3136	4
3087	3086	2943	4
3088	2943	3085	4
2990	3138	2989	4
3088	3087	2943	4
3086	3089	2944	4
2992	3140	2991	1
2945	3089	3090	0
3141	2992	2993	1
3085	2948	3094	4
3140	2997	2991	1
3091	2947	3093	4
2947	3092	3093	4
3083	3098	2951	4
3143	2994	2995	4
2994	3143	2996	4
3142	2993	3000	1
3095	2949	3091	4
2995	2997	3144	1
3095	3094	2949	4
3099	3092	2952	4
3097	3096	2950	4
3146	2999	2998	1
3004	2996	3145	4
2951	3098	3097	4
3001	2999	3147	1
3000	3002	3148	1
2954	3096	3101	4
3099	2953	3100	4
3001	3149	3002	1
2954	3101	3100	4
2998	3011	3146	1
3004	3153	3003	4
2957	3103	3104	4
3095	3106	2959	4
3154	3008	3003	4
2958	3105	3103	4
3005	3157	3006	4
3106	3105	2958	4
3008	3157	3005	4
3107	2960	3104	4
3007	3006	3158	4
3115	2968	3090	0
3113	3095	2966	4
3108	2960	3107	4
2984	3134	3057	4
2963	3111	3102	0
3160	3009	3007	4
3048	3139	2990	4
3109	2960	3108	4
3023	3146	3011	1
3109	3110	2962	4
3010	3009	3163	4
3111	2963	3110	4
3049	3056	3081	4
3165	3012	3013	0
3113	2965	3112	4
2968	3114	3112	4
3014	3167	3013	0
3115	3114	2968	4
3014	3015	3168	0
3169	3015	3016	0
3064	3065	3072	4
2969	3116	3117	4
3029	3012	3165	0
3119	3116	2971	4
2971	3118	3119	4
3118	2971	3120	4
3122	2973	3117	4
3170	3022	3021	1
3120	2972	3121	0
3102	3131	2981	0
3164	3040	3010	4
3171	3023	3022	1
3170	3021	3026	4
3123	3124	2976	0
3174	3025	3024	4
3125	2976	3124	0
3174	3024	3027	4
3175	3026	3025	4
2977	3125	3126	0
3128	3121	2979	0
3126	3127	2978	0
3177	3027	3028	0
3178	3028	3029	0
3130	2980	3127	0
3128	2979	3129	0
3130	3129	2980	0
3133	3123	2983	0
3032	3030	3180	4
3181	3030	3031	4
2987	3122	3136	4
3132	2982	3131	0
3183	3033	3032	4
2983	3132	3133	0
3016	3067	3169	0
3034	3184	3035	4
3134	2985	3135	4
3041	3182	3031	4
3034	3036	3184	4
3183	3038	3033	4
3134	3063	3057	4
3185	3037	3035	4
3137	2986	3136	4
2986	3137	3135	4
3036	3038	3186	4
3185	3044	3037	4
3138	2990	3139	4
3039	3040	3188	4
3041	3039	3188	4
3140	2992	3141	1
2993	3142	3141	1
3191	3043	3044	4
3043	3191	3046	4
2997	3140	3144	1
2995	3144	3143	1
3143	3145	2996	4
3045	3047	3194	4
3045	3194	3048	4
3196	3047	3046	4
3093	3106	3091	4
3142	3000	3148	1
3106	3095	3091	4
2999	3146	3147	1
3090	3089	3115	0
3150	3001	3147	1
3150	3149	3001	1
3095	3113	3094	4
3201	3051	3050	4
3002	3149	3151	1
3152	3148	3002	1
3106	3093	3105	4
3054	3201	3050	4
3002	3151	3152	1
3156	3004	3145	4
3053	3052	3202	4
3051	3201	3055	4
3003	3153	3154	4
3054	3053	3203	4
3153	3004	3155	4
3156	3155	3004	4
3207	3056	3055	4
3006	3157	3159	4
3161	3008	3154	4
3159	3158	3006	4
3007	3158	3160	4
3008	3161	3157	4
3059	3210	3058	2
3059	3060	3210	2
3009	3160	3162	4
3061	3212	3060	2
3009	3162	3163	4
3058	3211	3066	2
3163	3164	3010	4
3215	3061	3062	2
3063	3216	3062	2
3023	3173	3146	1
3102	3111	3131	0
3013	3166	3165	0
3209	3081	3056	4
3013	3167	3166	0
3167	3014	3168	0
3066	3219	3065	2
3168	3015	3169	0
3065	3219	3072	4
3222	3067	3068	0
3224	3068	3069	0
3170	3171	3022	1
3069	3070	3225	0
3073	3072	3219	4
3171	3172	3023	1
3023	3172	3173	1
3128	3120	3121	0
3080	3082	3209	4
3026	3176	3170	4
3209	3082	3081	4
3073	3229	3071	4
3165	3179	3029	0
3174	3175	3025	4
3074	3071	3229	4
3228	3070	3077	0
3176	3026	3175	4
3174	3027	3177	0
3076	3074	3232	4
3028	3178	3177	0
3078	3228	3077	0
3233	3075	3076	0
3075	3233	3078	0
3048	3199	3139	4
3029	3179	3178	0
3181	3180	3030	4
3188	3040	3164	4
3031	3182	3181	4
3180	3183	3032	4
3238	3079	3080	4
3238	3084	3079	4
3035	3184	3185	4
3036	3186	3184	4
3083	3084	3240	4
3038	3183	3187	4
3038	3187	3186	4
3189	3182	3041	4
3217	3063	3134	4
3088	3085	3241	4
3087	3242	3086	4
3086	3242	3089	4
3243	3087	3088	4
3041	3188	3190	4
3041	3190	3189	4
3085	3094	3241	4
3098	3083	3240	4
3185	3192	3044	4
3044	3193	3191	4
3044	3192	3193	4
3093	3092	3246	4
3046	3191	3195	4
3092	3099	3245	4
3046	3195	3196	4
3047	3197	3194	4
3198	3047	3196	4
3096	3097	3248	4
3194	3200	3048	4
3047	3198	3197	4
3247	3105	3093	4
3097	3098	3250	4
3249	3101	3096	4
3242	3115	3089	0
3048	3200	3199	4
3241	3094	3113	4
3099	3100	3254	4
3105	3247	3103	4
3254	3100	3101	4
3202	3203	3053	4
3169	3067	3222	0
3054	3204	3201	4
3054	3203	3205	4
3055	3201	3206	4
3256	3104	3103	4
3205	3204	3054	4
3112	3241	3113	4
3207	3055	3206	4
3257	3107	3104	4
3244	3112	3114	4
3056	3207	3208	4
3243	3114	3115	4
3208	3209	3056	4
3107	3258	3108	4
3260	3109	3108	4
3058	3210	3211	2
3110	3109	3261	4
3213	3210	3060	2
3262	3111	3110	4
3060	3212	3213	2
3212	3061	3214	2
3061	3215	3214	2
3216	3215	3062	2
3218	3216	3063	2
3265	3117	3116	4
3066	3211	3221	2
3217	3218	3063	4
3119	3265	3116	4
3266	3122	3117	4
3118	3268	3119	4
3066	3220	3219	2
3120	3267	3118	0
3131	3111	3264	0
3066	3221	3220	2
3223	3222	3068	0
3068	3224	3223	0
3128	3267	3120	0
3272	3124	3123	0
3227	3224	3069	0
3225	3226	3069	0
3226	3227	3069	0
3219	3230	3073	4
3070	3228	3225	0
3274	3125	3124	0
3125	3275	3126	0
3174	3177	3175	4
3264	3132	3131	0
3123	3133	3272	0
3080	3209	3239	4
3264	3133	3132	0
3276	3127	3126	0
3136	3122	3271	4
3276	3130	3127	0
3229	3073	3231	4
3129	3277	3128	0
3073	3230	3231	4
3232	3074	3229	4
3129	3130	3278	0
3076	3232	3234	4
3228	3078	3237	0
3233	3076	3235	4
3137	3136	3271	4
3078	3233	3236	0
3235	3076	3234	4
3078	3236	3237	0
3135	3283	3134	4
3285	3135	3137	4
3239	3238	3080	4
3238	3240	3084	4
3138	3139	3287	4
3289	3140	3141	1
3087	3243	3242	4
3241	3244	3088	4
3141	3142	3290	1
3140	3289	3144	1
3243	3088	3244	4
3191	3193	3195	4
3294	3143	3144	1
3294	3145	3143	1
3293	3142	3148	1
3092	3245	3246	4
3093	3246	3247	4
3240	3252	3098	4
3147	3146	3297	1
3200	3194	3197	4
3249	3096	3248	4
3250	3248	3097	4
3150	3147	3298	1
3112	3244	3241	4
3145	3296	3156	1
3245	3099	3253	4
3150	3300	3149	1
3299	3148	3152	1
3098	3251	3250	4
3151	3149	3300	1
3115	3242	3243	4
3252	3251	3098	4
3114	3243	3244	4
3249	3255	3101	4
3253	3099	3254	4
3256	3103	3247	4
3304	3152	3151	1
3254	3101	3255	4
3204	3206	3201	4
3308	3154	3153	4
3155	3308	3153	4
3146	3173	3297	1
3257	3104	3256	4
3310	3155	3156	4
3258	3107	3257	4
3161	3154	3309	4
3108	3258	3259	4
3139	3199	3288	4
3260	3108	3259	4
3157	3312	3159	4
3313	3158	3159	4
3312	3157	3161	4
3109	3260	3261	4
3160	3158	3313	4
3262	3110	3261	4
3134	3283	3217	4
3211	3210	3213	2
3263	3111	3262	4
3160	3315	3162	4
3111	3263	3264	4
3163	3162	3319	4
3320	3164	3163	4
3117	3265	3266	4
3322	3165	3166	0
3269	3118	3267	0
3270	3265	3119	4
3118	3269	3268	0
3167	3323	3166	0
3270	3119	3268	4
3122	3266	3271	4
3167	3168	3325	0
3169	3327	3168	0
3179	3165	3322	0
3272	3273	3124	0
3170	3328	3171	1
3219	3220	3230	2
3171	3328	3172	1
3274	3124	3273	0
3277	3267	3128	0
3188	3164	3321	4
3275	3125	3274	0
3176	3328	3170	4
3329	3173	3172	1
3275	3276	3126	0
3133	3264	3281	4
3175	3333	3176	4
3279	3277	3129	0
3333	3175	3177	4
3278	3279	3129	0
3276	3280	3130	0
3272	3133	3282	4
3280	3278	3130	0
3177	3178	3333	4
3179	3334	3178	4
3271	3286	3137	4
3282	3133	3281	4
3181	3336	3180	4
3336	3183	3180	4
3188	3321	3190	4
3181	3182	3337	4
3135	3284	3283	4
3285	3284	3135	4
3337	3182	3189	4
3338	3187	3183	4
3286	3285	3137	4
3340	3185	3184	4
3186	3340	3184	4
3287	3139	3288	4
3341	3186	3187	4
3340	3192	3185	4
3169	3222	3327	0
3290	3289	3141	1
3190	3344	3189	4
3142	3292	3290	1
3291	3292	3142	1
3142	3293	3291	1
3295	3144	3289	1
3295	3294	3144	1
3192	3348	3193	4
3296	3145	3294	1
3195	3193	3349	4
3293	3148	3299	1
3195	3351	3196	4
3297	3298	3147	1
3352	3198	3196	4
3197	3198	3353	4
3200	3197	3353	4
3298	3303	3150	1
3150	3301	3300	1
3150	3302	3301	1
3200	3355	3199	4
3302	3150	3303	1
3151	3300	3305	1
3299	3152	3306	1
3305	3304	3151	1
3152	3304	3307	1
3203	3202	3358	4
3311	3156	3296	1
3307	3306	3152	1
3203	3358	3205	4
3204	3205	3360	4
3206	3204	3359	4
3154	3308	3309	4
3308	3155	3310	4
3207	3206	3362	4
3310	3156	3311	1
3207	3364	3208	4
3208	3365	3209	4
3312	3314	3159	4
3313	3159	3314	4
3309	3318	3161	4
3313	3316	3160	4
3366	3211	3213	2
3161	3317	3312	4
3315	3160	3316	4
3367	3213	3212	2
3214	3368	3212	2
3317	3161	3318	4
3319	3162	3315	4
3366	3221	3211	2
3214	3215	3369	2
3215	3216	3370	2
3163	3319	3320	4
3297	3173	3332	1
3218	3370	3216	2
3321	3164	3320	4
3371	3218	3217	4
3264	3263	3281	4
3166	3324	3322	0
3277	3269	3267	0
3239	3209	3365	4
3324	3166	3323	0
3221	3373	3220	2
3323	3167	3325	0
3325	3168	3326	0
3326	3168	3327	0
3377	3222	3223	0
3373	3230	3220	2
3378	3223	3224	0
3328	3330	3172	1
3227	3379	3224	0
3330	3329	3172	1
3380	3226	3225	0
3329	3331	3173	1
3225	3228	3380	0
3382	3227	3226	0
3332	3173	3331	1
3335	3179	3322	4
3328	3176	3334	4
3355	3288	3199	4
3334	3176	3333	4
3384	3229	3231	4
3384	3232	3229	4
3237	3380	3228	0
3334	3333	3178	4
3231	3230	3385	4
3334	3179	3335	4
3234	3232	3387	4
3337	3336	3181	4
3388	3233	3235	4
3236	3233	3388	4
3347	3190	3321	4
3235	3234	3389	4
3183	3336	3339	4
3338	3183	3339	4
3237	3236	3392	0
3341	3340	3186	4
3338	3343	3187	4
3341	3187	3342	4
3337	3189	3345	4
3217	3283	3371	4
3187	3343	3342	4
3239	3397	3238	4
3396	3240	3238	4
3345	3189	3344	4
3344	3190	3346	4
3340	3348	3192	4
3346	3190	3347	4
3240	3396	3252	4
3245	3400	3246	4
3350	3193	3348	4
3350	3349	3193	4
3246	3402	3247	4
3195	3349	3351	4
3399	3245	3253	4
3196	3351	3352	4
3249	3248	3404	4
3248	3250	3403	4
3354	3198	3352	4
3250	3251	3403	4
3256	3247	3402	4
3198	3354	3353	4
3353	3356	3200	4
3255	3249	3405	4
3200	3356	3355	4
3408	3251	3252	4
3202	3357	3358	4
3254	3410	3253	4
3410	3254	3255	4
3360	3359	3204	4
3358	3361	3205	4
3257	3256	3412	4
3327	3222	3376	0
3205	3361	3360	4
3332	3298	3297	1
3362	3206	3359	4
3257	3415	3258	4
3363	3207	3362	4
3258	3416	3259	4
3207	3363	3364	4
3260	3259	3417	4
3208	3364	3365	4
3260	3418	3261	4
3262	3261	3420	4
3367	3366	3213	2
3212	3368	3367	2
3421	3263	3262	4
3369	3368	3214	2
3370	3369	3215	2
3423	3266	3265	4
3270	3422	3265	4
3370	3218	3372	2
3271	3266	3423	4
3371	3372	3218	4
3375	3221	3366	2
3270	3268	3424	4
3269	3425	3268	0
3421	3281	3263	4
3373	3221	3374	2
3221	3375	3374	2
3277	3426	3269	0
3222	3377	3376	0
3430	3273	3272	4
3431	3274	3273	4
3378	3377	3223	0
3432	3275	3274	0
3378	3224	3379	0
3277	3279	3426	0
3276	3275	3432	0
3282	3430	3272	4
3429	3286	3271	4
3381	3226	3380	0
3385	3230	3373	2
3226	3381	3382	0
3379	3227	3383	0
3279	3278	3435	0
3434	3280	3276	0
3383	3227	3382	0
3334	3330	3328	4
3278	3280	3435	0
3330	3334	3335	4
3231	3386	3384	4
3239	3365	3398	4
3385	3386	3231	4
3384	3387	3232	4
3282	3281	3441	4
3389	3234	3387	4
3283	3284	3444	4
3380	3237	3395	0
3388	3235	3390	4
3235	3389	3390	4
3284	3285	3447	4
3236	3388	3393	4
3345	3336	3337	4
3391	3392	3236	4
3285	3286	3449	4
3336	3345	3339	4
3236	3393	3391	4
3288	3450	3287	4
3237	3392	3394	0
3237	3394	3395	0
3397	3396	3238	4
3452	3289	3290	1
3239	3398	3397	4
3290	3292	3453	1
3295	3289	3452	1
3454	3292	3291	4
3291	3293	3455	4
3245	3399	3400	4
3246	3400	3401	4
3458	3294	3295	1
3294	3458	3296	1
3457	3293	3299	4
3246	3401	3402	4
3404	3248	3403	4
3252	3396	3409	4
3249	3404	3406	4
3405	3249	3406	4
3407	3403	3251	4
3399	3253	3410	4
3303	3298	3462	1
3300	3301	3465	1
3407	3251	3408	4
3311	3296	3460	1
3463	3299	3306	4
3408	3252	3409	4
3466	3301	3302	1
3305	3300	3464	1
3413	3256	3402	4
3405	3411	3255	4
3302	3303	3467	1
3411	3410	3255	4
3463	3306	3307	4
3305	3471	3304	1
3307	3304	3470	1
3413	3412	3256	4
3412	3414	3257	4
3257	3414	3415	4
3415	3416	3258	4
3332	3461	3298	1
3309	3308	3475	4
3416	3417	3259	4
3475	3308	3310	4
3355	3451	3288	4
3260	3417	3419	4
3419	3418	3260	4
3311	3476	3310	1
3283	3444	3371	4
3420	3261	3418	4
3309	3475	3318	4
3262	3420	3421	4
3314	3312	3478	4
3314	3479	3313	4
3312	3317	3478	4
3479	3316	3313	4
3265	3422	3423	4
3315	3316	3482	4
3315	3481	3319	4
3425	3424	3268	0
3317	3318	3485	4
3270	3428	3422	4
3427	3425	3269	0
3428	3270	3424	4
3427	3269	3426	0
3271	3423	3429	4
3320	3319	3487	4
3320	3488	3321	4
3431	3273	3430	4
3322	3324	3490	4
3491	3324	3323	0
3431	3433	3274	4
3433	3432	3274	4
3325	3491	3323	0
3436	3426	3279	0
3434	3276	3432	0
3281	3421	3441	4
3493	3325	3326	0
3322	3490	3335	4
3327	3494	3326	0
3435	3437	3279	0
3438	3280	3434	0
3437	3436	3279	0
3430	3282	3442	4
3280	3439	3435	0
3329	3330	3496	1
3329	3496	3331	1
3321	3488	3347	4
3395	3381	3380	0
3438	3440	3280	0
3440	3439	3280	0
3496	3330	3335	4
3331	3498	3332	1
3286	3429	3449	4
3282	3441	3443	4
3282	3443	3442	4
3444	3284	3445	4
3446	3445	3284	4
3499	3338	3339	4
3447	3446	3284	4
3285	3448	3447	4
3500	3343	3338	4
3285	3449	3448	4
3340	3341	3502	4
3339	3345	3501	4
3341	3342	3503	4
3503	3342	3343	4
3288	3451	3450	4
3502	3348	3340	4
3506	3345	3344	4
3290	3453	3452	1
3344	3346	3506	4
3376	3495	3327	0
3291	3455	3454	4
3350	3348	3502	4
3456	3453	3292	4
3346	3347	3508	4
3396	3397	3409	4
3454	3456	3292	4
3293	3457	3455	4
3452	3459	3295	1
3350	3511	3349	4
3349	3511	3351	4
3295	3459	3458	1
3404	3403	3407	4
3458	3460	3296	1
3413	3402	3401	4
3513	3352	3351	4
3457	3299	3463	4
3352	3514	3354	4
3298	3461	3462	1
3515	3353	3354	4
3356	3353	3515	4
3355	3356	3517	4
3465	3464	3300	1
3301	3466	3465	1
3357	3519	3358	4
3469	3303	3462	1
3466	3302	3468	1
3467	3468	3302	1
3361	3358	3519	4
3303	3469	3467	1
3360	3520	3359	4
3362	3359	3520	4
3521	3360	3361	4
3464	3473	3305	1
3474	3463	3307	4
3470	3304	3471	1
3522	3363	3362	4
3311	3460	3477	1
3305	3472	3471	1
3472	3305	3473	1
3523	3364	3363	4
3470	3474	3307	4
3365	3364	3525	4
3366	3367	3526	2
3476	3475	3310	1
3368	3527	3367	2
3311	3477	3476	1
3368	3369	3529	2
3375	3366	3526	2
3475	3476	3318	4
3370	3531	3369	2
3478	3480	3314	4
3480	3479	3314	4
3370	3372	3531	2
3372	3371	3533	4
3315	3482	3481	4
3479	3484	3316	4
3476	3485	3318	4
3482	3316	3483	4
3486	3478	3317	4
3535	3373	3374	2
3484	3483	3316	4
3375	3537	3374	2
3319	3481	3487	4
3317	3485	3486	4
3525	3398	3365	4
3426	3436	3427	0
3332	3498	3461	1
3539	3376	3377	4
3535	3385	3373	2
3489	3320	3487	4
3378	3541	3377	4
3488	3320	3489	4
3542	3378	3379	4
3383	3543	3379	4
3492	3490	3324	4
3324	3491	3492	4
3544	3382	3381	0
3493	3491	3325	0
3382	3546	3383	0
3493	3326	3494	0
3494	3327	3495	0
3384	3386	3548	4
3384	3548	3387	4
3385	3550	3386	4
3496	3335	3490	4
3395	3545	3381	0
3517	3451	3355	4
3496	3497	3331	1
3498	3331	3497	1
3387	3551	3389	4
3390	3552	3388	4
3553	3390	3389	4
3388	3552	3393	4
3499	3500	3338	4
3499	3339	3501	4
3393	3557	3391	4
3392	3391	3558	4
3559	3394	3392	0
3347	3488	3510	4
3341	3504	3502	4
3505	3343	3500	4
3341	3503	3504	4
3533	3371	3444	4
3395	3394	3562	0
3505	3503	3343	4
3345	3507	3501	4
3563	3397	3398	4
3507	3345	3506	4
3346	3509	3506	4
3399	3564	3400	4
3508	3509	3346	4
3502	3512	3350	4
3347	3510	3508	4
3400	3566	3401	4
3397	3563	3409	4
3512	3511	3350	4
3565	3399	3410	4
3511	3513	3351	4
3460	3458	3459	1
3567	3406	3404	4
3352	3513	3514	4
3568	3404	3407	4
3405	3406	3569	4
3566	3413	3401	4
3354	3514	3516	4
3411	3405	3569	4
3516	3515	3354	4
3408	3570	3407	4
3411	3565	3410	4
3409	3571	3408	4
3515	3517	3356	4
3456	3480	3453	4
3484	3454	3455	4
3456	3454	3484	4
3357	3518	3519	4
3574	3412	3413	4
3412	3574	3414	4
3361	3519	3521	4
3360	3521	3520	4
3362	3520	3522	4
3576	3415	3414	4
3416	3415	3578	4
3363	3522	3524	4
3363	3524	3523	4
3540	3495	3376	4
3417	3416	3579	4
3525	3364	3523	4
3480	3456	3479	4
3580	3419	3417	4
3419	3581	3418	4
3418	3581	3420	4
3456	3484	3479	4
3526	3367	3528	2
3367	3527	3528	2
3420	3583	3421	4
3530	3527	3368	2
3368	3529	3530	2
3584	3423	3422	4
3369	3532	3529	2
3531	3532	3369	2
3585	3422	3428	4
3429	3423	3584	4
3587	3424	3425	0
3372	3534	3531	2
3424	3586	3428	4
3476	3477	3485	4
3534	3372	3533	4
3375	3526	3538	2
3427	3588	3425	0
3583	3441	3421	4
3536	3535	3374	2
3537	3536	3374	2
3477	3486	3485	4
3375	3538	3537	2
3427	3436	3589	0
3431	3430	3592	4
3376	3539	3540	4
3377	3541	3539	4
3433	3431	3594	4
3432	3433	3595	4
3595	3434	3432	4
3541	3378	3542	4
3379	3543	3542	4
3592	3430	3442	4
3441	3583	3443	4
3385	3535	3549	2
3449	3429	3591	4
3598	3438	3434	4
3545	3544	3381	0
3437	3435	3599	0
3544	3546	3382	0
3543	3383	3547	4
3599	3435	3439	0
3436	3437	3600	0
3468	3467	3540	1
3438	3598	3440	4
3546	3547	3383	4
3492	3497	3490	4
3439	3440	3603	0
3496	3490	3497	4
3550	3548	3386	4
3550	3385	3549	2
3548	3551	3387	4
3563	3398	3525	4
3606	3442	3443	4
3554	3389	3551	4
3553	3389	3554	4
3555	3552	3390	4
3444	3445	3609	4
3556	3390	3553	4
3555	3390	3556	4
3562	3545	3395	0
3446	3611	3445	4
3393	3552	3560	4
3558	3391	3557	4
3614	3446	3447	4
3392	3558	3559	4
3448	3615	3447	4
3557	3393	3561	4
3616	3448	3449	4
3560	3561	3393	4
3562	3394	3559	0
3502	3504	3512	4
3451	3619	3450	4
3452	3453	3621	1
3565	3564	3399	4
3564	3566	3400	4
3459	3452	3621	1
3455	3457	3622	4
3568	3567	3404	4
3406	3567	3569	4
3563	3571	3409	4
3463	3623	3457	4
3624	3460	3459	1
3407	3570	3568	4
3540	3539	3468	1
3462	3461	3625	1
3573	3565	3411	4
3408	3572	3570	4
3408	3571	3572	4
3573	3411	3569	4
3575	3413	3566	4
3453	3480	3621	4
3625	3469	3462	1
3465	3628	3464	1
3455	3622	3484	4
3477	3460	3624	1
3630	3465	3466	1
3413	3575	3574	4
3626	3463	3474	4
3414	3574	3577	4
3464	3629	3473	1
3468	3632	3466	1
3414	3577	3576	4
3576	3578	3415	4
3469	3634	3467	1
3416	3578	3579	4
3579	3580	3417	4
3470	3471	3636	1
3419	3580	3582	4
3472	3638	3471	1
3470	3637	3474	4
3582	3581	3419	4
3473	3639	3472	1
3420	3581	3583	4
3498	3625	3461	1
3444	3610	3533	4
3624	3486	3477	4
3620	3451	3517	4
3484	3622	3483	4
3585	3584	3422	4
3528	3538	3526	2
3587	3586	3424	0
3588	3587	3425	0
3478	3643	3480	4
3428	3590	3585	4
3589	3588	3427	0
3586	3590	3428	4
3429	3584	3591	4
3644	3481	3482	4
3643	3478	3486	4
3646	3482	3483	4
3481	3644	3487	4
3592	3593	3431	4
3431	3593	3594	4
3494	3635	3493	4
3634	3494	3495	4
3433	3594	3596	4
3647	3489	3487	4
3489	3648	3488	4
3595	3433	3597	4
3436	3600	3589	0
3433	3596	3597	4
3598	3434	3595	4
3650	3492	3491	4
3493	3650	3491	4
3443	3583	3608	4
3602	3437	3599	0
3437	3601	3600	0
3632	3468	3539	1
3497	3492	3650	4
3437	3602	3601	0
3634	3540	3467	1
3442	3607	3592	4
3439	3603	3599	0
3440	3598	3604	4
3497	3650	3498	1
3510	3488	3648	4
3440	3605	3603	4
3605	3440	3604	4
3499	3651	3500	4
3607	3442	3606	4
3651	3499	3501	4
3505	3500	3652	4
3617	3449	3591	4
3608	3606	3443	4
3504	3503	3654	4
3501	3507	3653	4
3654	3503	3505	4
3610	3444	3609	4
3445	3612	3609	4
3612	3445	3611	4
3495	3540	3634	4
3446	3613	3611	4
3504	3656	3512	4
3613	3446	3614	4
3506	3660	3507	4
3506	3509	3661	4
3615	3614	3447	4
3610	3534	3533	4
3615	3448	3616	4
3509	3508	3663	4
3663	3508	3510	4
3449	3617	3616	4
3450	3619	3618	4
3451	3620	3619	4
3512	3666	3511	4
3666	3513	3511	4
3667	3514	3513	4
3668	3516	3514	4
3516	3669	3515	4
3517	3515	3670	4
3457	3623	3622	4
3459	3621	3624	1
3519	3518	3672	4
3632	3539	3541	1
3673	3521	3519	4
3627	3623	3463	4
3521	3674	3520	4
3542	3633	3541	1
3463	3626	3627	4
3675	3522	3520	4
3628	3629	3464	1
3522	3675	3524	4
3523	3524	3676	4
3628	3465	3631	1
3525	3523	3677	4
3465	3630	3631	1
3469	3625	3635	1
3466	3633	3630	1
3632	3633	3466	1
3681	3528	3527	4
3634	3469	3635	1
3682	3527	3530	4
3474	3642	3626	4
3530	3529	3684	2
3470	3636	3637	4
3629	3641	3473	1
3621	3480	3643	4
3529	3532	3684	2
3636	3471	3638	1
3686	3532	3531	2
3639	3638	3472	1
3538	3528	3683	4
3686	3531	3534	2
3646	3483	3622	4
3640	3639	3473	1
3642	3474	3637	4
3486	3624	3643	4
3640	3473	3641	1
3585	3591	3584	4
3536	3689	3535	2
3634	3635	3494	4
3690	3536	3537	4
3691	3537	3538	4
3563	3525	3680	4
3644	3482	3645	4
3581	3608	3583	4
3549	3535	3689	2
3646	3645	3482	4
3625	3498	3650	1
3692	3542	3543	1
3487	3644	3647	4
3635	3650	3493	4
3536	3556	3689	4
3556	3536	3690	4
3544	3545	3694	0
3693	3543	3547	1
3544	3695	3546	0
3647	3649	3489	4
3489	3649	3648	4
3547	3546	3698	4
3548	3550	3700	4
3700	3551	3548	4
3549	3701	3550	2
3555	3556	3690	4
3651	3652	3500	4
3562	3697	3545	0
3700	3554	3551	4
3501	3653	3651	4
3633	3632	3541	1
3620	3517	3670	4
3555	3702	3552	4
3553	3554	3703	4
3553	3703	3556	4
3655	3504	3654	4
3702	3560	3552	4
3659	3505	3652	4
3504	3655	3657	4
3654	3505	3658	4
3657	3656	3504	4
3705	3558	3557	4
3507	3662	3653	4
3557	3561	3704	4
3659	3658	3505	4
3706	3559	3558	4
3648	3665	3510	4
3661	3660	3506	4
3559	3707	3562	0
3660	3662	3507	4
3561	3560	3710	4
3534	3610	3688	4
3664	3661	3509	4
3656	3666	3512	4
3509	3663	3664	4
3663	3510	3665	4
3714	3564	3565	4
3715	3566	3564	4
3667	3513	3666	4
3563	3713	3571	4
3668	3514	3667	4
3565	3573	3714	4
3567	3568	3718	4
3516	3668	3669	4
3569	3567	3717	4
3669	3670	3515	4
3572	3571	3713	4
3568	3570	3719	4
3566	3716	3575	4
3671	3672	3518	4
3573	3569	3720	4
3572	3722	3570	4
3673	3519	3672	4
3692	3633	3542	1
3521	3673	3674	4
3675	3520	3674	4
3574	3575	3725	4
3725	3577	3574	4
3677	3523	3676	4
3676	3524	3678	4
3675	3679	3524	4
3576	3577	3727	4
3524	3679	3678	4
3680	3525	3677	4
3728	3578	3576	4
3579	3578	3728	4
3621	3643	3624	4
3682	3681	3527	4
3580	3579	3732	4
3528	3681	3683	4
3582	3580	3733	4
3685	3682	3530	4
3581	3582	3734	4
3685	3530	3684	4
3532	3687	3684	2
3687	3532	3686	2
3688	3686	3534	2
3625	3650	3635	1
3585	3590	3737	4
3683	3691	3538	4
3587	3739	3586	0
3737	3591	3585	4
3738	3590	3586	4
3740	3587	3588	0
3537	3691	3690	4
3588	3589	3741	0
3734	3608	3581	4
3693	3692	3543	1
3600	3742	3589	0
3592	3746	3593	4
3695	3544	3694	0
3594	3593	3747	4
3545	3696	3694	0
3690	3691	3555	4
3545	3697	3696	0
3549	3689	3701	2
3596	3594	3749	4
3699	3693	3547	1
3546	3695	3698	4
3595	3750	3598	4
3597	3751	3595	4
3547	3698	3699	1
3592	3607	3746	4
3597	3596	3752	4
3702	3555	3691	4
3689	3556	3703	4
3700	3550	3701	2
3598	3750	3604	4
3692	3631	3630	1
3591	3745	3617	4
3554	3700	3701	4
3692	3630	3633	1
3754	3602	3599	0
3603	3754	3599	0
3713	3563	3680	4
3756	3600	3601	0
3701	3703	3554	4
3602	3756	3601	0
3603	3605	3754	4
3557	3704	3705	4
3707	3697	3562	0
3758	3605	3604	4
3654	3658	3655	4
3558	3705	3706	4
3560	3702	3709	4
3708	3559	3706	4
3707	3559	3708	0
3762	3607	3606	4
3762	3606	3608	4
3704	3561	3712	4
3710	3560	3709	4
3711	3561	3710	4
3765	3610	3609	4
3711	3712	3561	4
3766	3609	3612	4
3611	3768	3612	4
3613	3768	3611	4
3715	3564	3714	4
3770	3613	3614	4
3715	3716	3566	4
3614	3615	3772	4
3567	3718	3717	4
3616	3773	3615	4
3719	3718	3568	4
3569	3717	3721	4
3713	3723	3572	4
3776	3616	3617	4
3720	3569	3721	4
3573	3724	3714	4
3719	3570	3722	4
3778	3618	3619	4
3693	3631	3692	1
3723	3722	3572	4
3720	3724	3573	4
3716	3726	3575	4
3620	3779	3619	4
3725	3575	3726	4
3622	3623	3782	4
3623	3627	3782	4
3727	3729	3576	4
3728	3576	3729	4
3725	3731	3577	4
3577	3730	3727	4
3783	3627	3626	4
3731	3730	3577	4
3728	3732	3579	4
3785	3629	3628	1
3628	3631	3785	1
3733	3580	3732	4
3646	3622	3782	4
3733	3736	3582	4
3734	3582	3735	4
3626	3642	3783	4
3736	3735	3582	4
3785	3641	3629	1
3637	3636	3787	4
3636	3638	3788	1
3738	3586	3739	0
3688	3610	3767	4
3740	3739	3587	0
3638	3639	3790	1
3637	3789	3642	4
3790	3639	3640	1
3741	3740	3588	0
3743	3737	3590	4
3620	3670	3780	4
3744	3590	3738	4
3741	3589	3742	0
3745	3591	3737	4
3793	3640	3641	1
3590	3744	3743	4
3748	3593	3746	4
3798	3644	3645	4
3748	3747	3593	4
3798	3647	3644	4
3594	3747	3749	4
3800	3645	3646	4
3701	3689	3703	4
3751	3750	3595	4
3749	3752	3596	4
3742	3600	3755	0
3649	3647	3801	4
3648	3649	3802	4
3753	3751	3597	4
3597	3752	3753	4
3608	3734	3762	4
3652	3651	3803	4
3651	3653	3803	4
3693	3786	3631	1
3755	3600	3756	0
3759	3604	3750	4
3754	3757	3602	0
3803	3659	3652	4
3665	3648	3802	4
3756	3602	3757	0
3655	3804	3657	4
3746	3607	3763	4
3803	3653	3662	4
3805	3655	3658	4
3605	3760	3754	4
3656	3657	3807	4
3758	3604	3759	4
3659	3805	3658	4
3761	3605	3758	4
3760	3605	3761	4
3656	3806	3666	4
3661	3812	3660	4
3660	3811	3662	4
3607	3762	3764	4
3607	3764	3763	4
3813	3661	3664	4
3617	3745	3777	4
3666	3806	3667	4
3766	3765	3609	4
3767	3610	3765	4
3663	3816	3664	4
3816	3663	3665	4
3766	3612	3769	4
3768	3769	3612	4
3768	3613	3771	4
3771	3613	3770	4
3668	3667	3819	4
3614	3772	3770	4
3821	3669	3668	4
3670	3669	3822	4
3774	3772	3615	4
3615	3773	3775	4
3774	3615	3775	4
3616	3776	3773	4
3824	3672	3671	4
3824	3673	3672	4
3776	3617	3777	4
3673	3826	3674	4
3674	3826	3675	4
3778	3619	3779	4
3693	3699	3786	1
3677	3676	3827	4
3679	3675	3826	4
3620	3781	3779	4
3827	3676	3678	4
3620	3780	3781	4
3725	3726	3731	4
3677	3828	3680	4
3678	3679	3830	4
3627	3784	3782	4
3627	3783	3784	4
3682	3834	3681	4
3681	3835	3683	4
3631	3786	3785	1
3685	3836	3682	4
3684	3838	3685	4
3691	3683	3835	4
3687	3838	3684	4
3787	3636	3788	4
3787	3789	3637	4
3687	3686	3840	2
3686	3688	3840	2
3791	3788	3638	1
3638	3790	3792	1
3791	3638	3792	1
3713	3680	3828	4
3797	3783	3642	4
3796	3641	3785	1
3640	3794	3790	1
3794	3640	3793	1
3782	3800	3646	4
3835	3702	3691	4
3789	3797	3642	4
3795	3793	3641	1
3795	3641	3796	1
3844	3695	3694	0
3696	3844	3694	0
3695	3845	3698	4
3697	3847	3696	0
3798	3645	3799	4
3800	3799	3645	4
3835	3709	3702	4
3801	3647	3798	4
3850	3699	3698	1
3833	3710	3709	4
3802	3649	3801	4
3697	3707	3849	0
3746	3763	3748	4
3751	3759	3750	4
3705	3704	3852	4
3708	3849	3707	0
3804	3655	3805	4
3706	3705	3855	4
3712	3853	3704	4
3806	3656	3807	4
3804	3808	3657	4
3754	3760	3757	4
3659	3803	3809	4
3708	3706	3857	4
3808	3807	3657	4
3822	3780	3670	4
3810	3805	3659	4
3810	3659	3809	4
3662	3814	3803	4
3711	3710	3859	4
3812	3811	3660	4
3711	3860	3712	4
3802	3816	3665	4
3813	3812	3661	4
3811	3815	3662	4
3814	3662	3815	4
3806	3819	3667	4
3714	3864	3715	4
3813	3664	3817	4
3664	3816	3818	4
3843	3688	3767	4
3715	3867	3716	4
3818	3817	3664	4
3863	3723	3713	4
3724	3865	3714	4
3717	3718	3870	4
3668	3819	3820	4
3869	3721	3717	4
3719	3871	3718	4
3726	3716	3867	4
3668	3820	3821	4
3669	3821	3822	4
3719	3722	3872	4
3873	3720	3721	4
3873	3724	3720	4
3671	3823	3824	4
3722	3723	3875	4
3673	3824	3825	4
3826	3673	3825	4
3677	3827	3828	4
3827	3678	3829	4
3729	3727	3879	4
3726	3878	3731	4
3851	3786	3699	1
3679	3826	3831	4
3880	3727	3730	4
3678	3830	3829	4
3881	3728	3729	4
3679	3832	3830	4
3728	3881	3732	4
3832	3679	3831	4
3883	3730	3731	4
3833	3681	3834	4
3732	3884	3733	4
3681	3833	3835	4
3682	3837	3834	4
3736	3733	3885	4
3886	3734	3735	4
3682	3836	3837	4
3736	3887	3735	4
3685	3839	3836	4
3839	3685	3838	4
3782	3784	3800	4
3687	3841	3838	4
3786	3796	3785	1
3739	3892	3738	0
3840	3842	3687	2
3841	3687	3842	4
3688	3843	3840	2
3743	3891	3737	4
3740	3892	3739	0
3737	3890	3745	4
3893	3740	3741	0
3892	3744	3738	0
3794	3792	3790	1
3709	3835	3833	4
3834	3710	3833	4
3895	3741	3742	0
3710	3834	3837	4
3762	3734	3886	4
3744	3897	3743	4
3695	3844	3846	4
3845	3695	3846	4
3848	3844	3696	0
3696	3847	3848	0
3755	3896	3742	0
3845	3850	3698	1
3849	3847	3697	0
3747	3748	3899	4
3747	3900	3749	4
3699	3850	3851	1
3902	3752	3749	4
3713	3828	3863	4
3837	3859	3710	4
3753	3752	3902	4
3751	3753	3904	4
3852	3704	3853	4
3705	3852	3854	4
3745	3890	3777	4
3762	3886	3764	4
3748	3763	3901	4
3903	3759	3751	4
3705	3854	3856	4
3849	3708	3858	0
3705	3856	3855	4
3906	3755	3756	0
3706	3855	3857	4
3908	3756	3757	0
3708	3857	3858	4
3814	3809	3803	4
3757	3760	3909	4
3758	3759	3910	4
3853	3712	3862	4
3758	3911	3761	4
3859	3861	3711	4
3860	3711	3861	4
3786	3851	3796	1
3761	3912	3760	4
3860	3862	3712	4
3763	3764	3915	4
3865	3864	3714	4
3715	3864	3868	4
3715	3866	3867	4
3766	3917	3765	4
3715	3868	3866	4
3765	3917	3767	4
3918	3766	3769	4
3769	3768	3919	4
3869	3717	3870	4
3919	3768	3771	4
3718	3871	3870	4
3865	3724	3873	4
3872	3871	3719	4
3877	3723	3863	4
3922	3771	3770	4
3869	3874	3721	4
3770	3772	3923	4
3721	3874	3873	4
3872	3722	3875	4
3925	3772	3774	4
3726	3867	3878	4
3875	3723	3876	4
3927	3775	3773	4
3776	3927	3773	4
3877	3876	3723	4
3774	3775	3928	1
3927	3776	3777	4
3727	3880	3879	4
3778	3779	3933	4
3729	3879	3882	4
3881	3729	3882	4
3883	3731	3878	4
3880	3730	3883	4
3934	3779	3781	4
3781	3780	3935	4
3881	3884	3732	4
3884	3885	3733	4
3937	3784	3783	4
3886	3735	3887	4
3885	3888	3736	4
3889	3887	3736	4
3889	3736	3888	4
3788	3940	3787	4
3787	3940	3789	4
3797	3937	3783	4
3891	3890	3737	4
3940	3788	3791	4
3800	3784	3939	4
3842	3840	3843	2
3740	3893	3892	0
3792	3944	3791	1
3767	3917	3843	4
3789	3942	3797	4
3893	3741	3894	0
3839	3919	3771	4
3741	3895	3894	0
3897	3891	3743	4
3946	3792	3794	1
3895	3742	3896	0
3924	3839	3771	4
3793	3947	3794	1
3898	3744	3892	0
3948	3793	3795	1
3780	3822	3935	4
3800	3939	3799	4
3846	3844	3848	4
3744	3898	3897	0
3795	3796	3952	1
3899	3900	3747	4
3748	3901	3899	4
3798	3799	3954	4
3749	3900	3902	4
3801	3798	3955	4
3751	3904	3903	4
3907	3896	3755	0
3957	3802	3801	4
3753	3902	3905	4
3905	3904	3753	4
3916	3764	3886	4
3755	3906	3907	0
3804	3805	3960	4
3756	3908	3906	0
3804	3959	3808	4
3759	3903	3910	4
3908	3757	3909	4
3807	3961	3806	4
3805	3810	3960	4
3958	3816	3802	4
3808	3962	3807	4
3901	3763	3915	4
3758	3910	3911	4
3909	3760	3912	4
3810	3809	3965	4
3761	3913	3912	4
3961	3819	3806	4
3914	3761	3911	4
3913	3761	3914	4
3814	3966	3809	4
3969	3811	3812	4
3814	3815	3966	4
3916	3915	3764	4
3815	3811	3969	4
3919	3839	3838	4
3813	3971	3812	4
3837	3836	3924	4
3838	3841	3920	4
3932	3777	3890	4
3952	3796	3851	1
3924	3836	3839	4
3766	3918	3917	4
3972	3813	3817	4
3921	3841	3842	4
3974	3818	3816	4
3769	3921	3918	4
3919	3920	3769	4
3921	3769	3920	4
3976	3817	3818	4
3878	3867	3866	4
3922	3770	3923	4
3771	3922	3924	4
3819	3978	3820	4
3924	3859	3837	4
3821	3820	3979	4
3926	3923	3772	4
3925	3926	3772	4
3822	3821	3980	4
3774	3929	3925	1
3983	3824	3823	4
3928	3929	3774	1
3775	3927	3930	1
3983	3825	3824	4
3930	3928	3775	1
3931	3927	3777	4
3985	3826	3825	4
3932	3931	3777	4
3827	3987	3828	4
3859	3922	3861	4
3827	3829	3986	4
3826	3985	3831	4
3934	3933	3779	4
3830	3988	3829	4
3985	3832	3831	4
3830	3832	3989	4
3934	3781	3936	4
3935	3936	3781	4
3937	3938	3784	4
3784	3938	3939	4
3940	3941	3789	4
3941	3942	3789	4
3943	3940	3791	4
3842	3843	3992	2
3919	3838	3920	4
3863	3828	3987	4
3944	3943	3791	4
3944	3792	3945	1
3841	3921	3920	4
3898	3892	3893	0
3946	3945	3792	1
3846	3994	3845	4
3797	3953	3937	4
3845	3993	3850	1
3887	3916	3886	4
3949	3947	3793	1
3848	3995	3846	4
3794	3950	3946	1
3793	3948	3949	1
3848	3847	3996	0
3947	3950	3794	1
3942	3953	3797	4
3849	3997	3847	0
3850	3993	3851	1
3799	3939	3956	4
3951	3948	3795	1
3951	3795	3952	1
3997	3849	3858	0
3922	3859	3924	4
3853	4000	3852	4
3923	3861	3922	4
4000	3854	3852	4
3955	3798	3954	4
3954	3799	3956	4
3854	4002	3856	4
3801	3955	3957	4
3855	3856	4003	4
3855	4003	3857	4
3853	3862	4001	4
3957	3958	3802	4
3858	3857	4005	4
3959	3804	3960	4
4007	3860	3861	4
3807	3962	3961	4
4008	3862	3860	4
3959	3964	3808	4
3962	3808	3963	4
3963	3808	3964	4
3960	3810	3967	4
3980	3935	3822	4
3966	3965	3809	4
4013	3864	3865	4
3810	3965	3968	4
3864	4012	3868	4
3810	3968	3967	4
3958	3974	3816	4
4015	3866	3868	4
3969	3812	3970	4
4011	3877	3863	4
3843	3917	3992	4
3865	3873	4014	4
3812	3971	3970	4
3966	3815	3973	4
3921	3842	3992	4
4016	3869	3870	4
3972	3971	3813	4
3973	3815	3969	4
3978	3819	3961	4
4015	3878	3866	4
4018	3870	3871	4
3869	4017	3874	4
4019	3871	3872	4
3975	3972	3817	4
3976	3975	3817	4
4021	3872	3875	4
3974	3977	3818	4
3873	3874	4022	4
3818	3977	3976	4
3876	4021	3875	4
4023	3876	3877	4
3820	3978	3979	4
3929	3926	3925	1
3821	3979	3981	4
3981	3980	3821	4
3879	3880	4026	4
3878	4025	3883	4
3879	4026	3882	4
3982	3983	3823	4
3880	3883	4027	4
4028	3881	3882	4
3983	3984	3825	4
3923	4009	3861	4
3881	4028	3884	4
3825	3984	3985	4
3885	3884	4028	4
3827	3986	3987	4
3952	3851	3999	1
3988	3986	3829	4
3888	3885	4033	4
3830	3989	3988	4
3990	3832	3985	4
4034	3887	3889	4
3832	3991	3989	4
3832	3990	3991	4
3888	4036	3889	4
4039	3890	3891	4
3918	3992	3917	4
4042	3893	3894	0
4041	3891	3897	4
3918	3921	3992	4
3994	3993	3845	1
4043	3894	3895	0
4042	3898	3893	0
4044	3895	3896	0
3846	3995	3994	4
4034	3916	3887	4
3997	3996	3847	0
3848	3998	3995	4
3898	4047	3897	0
3848	3996	3998	4
3993	3999	3851	1
3899	3901	4048	4
4046	3896	3907	0
3899	4049	3900	4
3900	4050	3902	4
3853	4001	4000	4
4002	3854	4000	4
3923	3926	4009	4
3902	4052	3905	4
3903	3904	4053	4
3863	3987	4010	4
4006	3997	3858	0
4039	3932	3890	4
3856	4002	4004	4
4003	3856	4004	4
3904	3905	4054	4
4003	4005	3857	4
3915	3916	4034	4
3956	3955	3954	4
3903	4053	3910	4
4051	3901	3915	4
4006	3858	4005	4
4056	3907	3906	0
3908	4056	3906	0
3862	4008	4001	4
3860	4007	4008	4
3908	3909	4058	4
4007	3861	4009	4
4059	3909	3912	4
3910	4060	3911	4
4059	3912	3913	4
3863	4010	4011	4
3911	4061	3914	4
4062	3913	3914	4
3864	4013	4012	4
4014	4013	3865	4
4015	3868	4012	4
3869	4016	4017	4
4016	3870	4018	4
4018	3871	4019	4
4022	4014	3873	4
4019	3872	4020	4
4011	4024	3877	4
4021	4020	3872	4
4017	4022	3874	4
3878	4015	4025	4
4065	3926	3929	1
4021	3876	4023	4
4066	3930	3927	1
3928	4067	3929	1
4066	3927	3931	1
4023	3877	4024	4
3928	3930	4067	1
4027	4026	3880	4
4025	4027	3883	4
3931	3932	4073	4
3882	4026	4031	4
3882	4030	4028	4
3882	4029	4030	4
3882	4031	4029	4
3934	4075	3933	4
3885	4028	4032	4
3936	4076	3934	4
3936	3935	4077	4
4033	3885	4032	4
3938	3937	4079	4
4033	4035	3888	4
3939	3938	4081	4
3984	3990	3985	4
3888	4035	4036	4
4034	3889	4037	4
3941	3940	4082	4
4036	4038	3889	4
3889	4038	4037	4
4082	3940	3943	4
3941	4083	3942	4
4040	4039	3891	4
3937	3953	4080	4
3943	3944	4085	4
4041	4040	3891	4
3945	4086	3944	1
3956	3939	4081	4
3946	4087	3945	1
3894	4043	4042	0
3942	4084	3953	4
4044	4043	3895	0
3950	4087	3946	1
3947	3949	4088	1
4047	4041	3897	0
3950	3947	4088	1
3896	4045	4044	0
4090	3949	3948	1
3896	4046	4045	0
4047	3898	4042	0
3948	3951	4089	1
4077	3935	3980	4
4048	4049	3899	4
3900	4049	4050	4
4065	4009	3926	1
4034	4051	3915	4
3952	4097	3951	1
4051	4048	3901	4
4050	4052	3902	4
4046	3907	4057	0
3957	3955	4099	4
4054	4053	3904	4
3955	3956	4101	4
4055	3905	4052	4
3958	3957	4099	4
4055	4054	3905	4
3907	4056	4057	0
4058	4056	3908	4
4060	3910	4053	4
3960	4105	3959	4
4058	3909	4059	4
3959	4104	3964	4
3961	3962	4106	4
4061	3911	4060	4
3967	4105	3960	4
3963	4107	3962	4
4059	3913	4062	4
3974	3958	4103	4
4108	3963	3964	4
3914	4061	4064	4
4062	3914	4063	4
4064	4063	3914	4
4111	3965	3966	4
3965	4110	3968	4
4074	3932	4039	4
3961	4106	3978	4
3968	4113	3967	4
3999	4097	3952	1
3966	3973	4112	4
4103	3977	3974	4
3970	4116	3969	4
4116	3970	3971	4
3969	4115	3973	4
4117	3971	3972	4
3929	4068	4065	1
3972	3975	4117	4
4067	4069	3929	1
4069	4068	3929	1
3930	4066	4070	1
3930	4071	4067	1
4072	4066	3931	1
3975	3976	4119	4
4070	4071	3930	1
3977	4120	3976	4
4073	4072	3931	1
4074	4073	3932	4
4125	3979	3978	4
4076	4075	3934	4
3981	3979	4126	4
3980	3981	4127	4
3936	4078	4076	4
4028	4030	4032	4
3936	4077	4078	4
4001	4090	4000	1
4079	3937	4080	4
3982	4132	3983	4
4081	3938	4079	4
4001	4008	4091	1
3984	3983	4133	4
3941	4082	4083	4
3990	3984	4134	4
3987	3986	4135	4
4093	4008	4007	1
4135	3986	3988	4
3942	4083	4084	4
3943	4085	4082	4
4136	3988	3989	4
3944	4086	4085	4
4136	3989	3991	4
4086	3945	4087	1
4138	3991	3990	4
4037	4051	4034	4
3948	4089	4090	1
4140	3993	3994	1
3949	4092	4088	1
4141	3994	3995	4
4091	3949	4090	1
3953	4098	4080	4
3999	3993	4140	1
4010	3987	4135	4
4091	4093	3949	1
3950	4088	4095	1
3950	4096	4087	1
3949	4093	4092	1
3998	4141	3995	4
4098	3953	4084	4
3996	4142	3998	4
4143	3996	3997	0
4089	3951	4097	1
4081	4102	3956	4
4095	4094	3950	1
4096	3950	4094	1
3997	4006	4143	0
4000	4148	4002	1
4100	4099	3955	4
4004	4002	4149	4
4100	3955	4101	4
4003	4004	4151	4
4003	4151	4005	4
4102	4101	3956	4
4103	3958	4099	4
4006	4005	4151	4
4053	4054	4060	4
4104	3959	4105	4
4007	4009	4155	1
4107	4106	3962	4
4109	3964	4104	4
4011	4010	4156	4
4108	4107	3963	4
4109	4108	3964	4
4091	4090	4001	1
3967	4113	4105	4
4013	4160	4012	4
4077	3980	4128	4
4015	4012	4159	4
4111	4110	3965	4
4013	4014	4161	4
4112	4111	3966	4
4024	4011	4157	4
3968	4110	4114	4
4008	4093	4091	1
4114	4113	3968	4
4016	4165	4017	4
4014	4022	4163	4
4018	4166	4016	4
3969	4116	4115	4
4112	3973	4118	4
4018	4019	4166	4
3977	4103	4124	4
4164	4025	4015	4
4117	4116	3971	4
4118	3973	4115	4
4022	4017	4167	4
4169	4019	4020	4
4106	4125	3978	4
4117	3975	4119	4
4020	4021	4171	4
4023	4171	4021	4
4119	3976	4121	4
3976	4120	4121	4
4023	4024	4172	4
4123	4120	3977	4
4123	3977	4122	4
3977	4124	4122	4
4174	4027	4025	4
4026	4027	4175	4
4095	4065	4068	1
4065	4155	4009	1
4125	4126	3979	4
4175	4031	4026	4
4128	3980	4127	4
4029	4177	4030	4
3981	4129	4127	4
4126	4130	3981	4
4031	4178	4029	4
4148	4000	4090	1
4129	3981	4130	4
4179	4032	4030	4
3999	4147	4097	1
4179	4033	4032	4
4132	3982	4131	4
4133	3983	4132	4
4035	4033	4181	4
3984	4133	4134	4
4095	4092	4065	1
4182	4036	4035	4
4093	4007	4155	1
4036	4184	4038	4
4135	3988	4137	4
4136	4137	3988	4
4038	4186	4037	4
4134	4138	3990	4
4136	3991	4139	4
4039	4040	4188	4
4138	4139	3991	4
4190	4040	4041	4
4185	4051	4037	4
4141	4140	3994	1
4095	4088	4092	1
4042	4043	4193	0
4047	4191	4041	0
4192	4047	4042	0
3996	4143	4142	4
4043	4044	4195	0
4078	4077	4128	4
4144	4141	3998	4
4048	4051	4185	4
4145	3998	4142	4
4146	3999	4140	1
4197	4044	4045	0
4145	4144	3998	4
4198	4045	4046	0
4146	4147	3999	1
4049	4048	4202	4
4150	4002	4148	1
4010	4135	4156	4
4150	4149	4002	1
4188	4074	4039	4
4057	4199	4046	0
4050	4049	4203	4
4154	4143	4006	0
4050	4204	4052	4
4149	4153	4004	4
4004	4152	4151	4
4152	4004	4153	4
4151	4154	4006	4
4055	4052	4205	4
4155	4065	4092	1
4055	4206	4054	4
4206	4060	4054	4
4056	4208	4057	0
4058	4209	4056	4
4158	4011	4156	4
4158	4157	4011	4
4148	4090	4089	1
4058	4059	4212	4
4160	4159	4012	4
4013	4161	4160	4
4213	4059	4062	4
4060	4214	4061	4
4097	4150	4089	1
4014	4162	4161	4
4107	4125	4106	4
4164	4015	4159	4
4162	4014	4163	4
4093	4155	4092	1
4215	4064	4061	4
4217	4062	4063	4
4218	4063	4064	4
4166	4165	4016	4
4168	4017	4165	4
4163	4022	4167	4
4167	4017	4168	4
4157	4173	4024	4
4169	4166	4019	4
4220	4070	4066	1
4067	4221	4069	1
4220	4066	4072	1
4170	4169	4020	4
4069	4223	4068	1
4222	4067	4071	1
4171	4170	4020	4
4164	4174	4025	4
4071	4070	4225	1
4171	4023	4172	4
4172	4024	4173	4
4227	4072	4073	1
4074	4229	4073	4
4176	4027	4174	4
4176	4175	4027	4
4076	4231	4075	4
4177	4029	4178	4
4175	4180	4031	4
4177	4179	4030	4
4095	4068	4223	1
4076	4078	4232	4
4148	4089	4150	1
4180	4178	4031	4
4181	4033	4179	4
4236	4079	4080	4
4079	4236	4081	4
4183	4035	4181	4
4182	4035	4183	4
4184	4036	4182	4
4082	4239	4083	4
4082	4085	4240	4
4084	4083	4241	4
4037	4186	4185	4
4184	4187	4038	4
4038	4187	4186	4
4223	4094	4095	1
4085	4086	4244	4
4098	4237	4080	4
4189	4188	4040	4
4087	4245	4086	1
4190	4189	4040	4
4081	4236	4102	4
4191	4190	4041	0
4242	4098	4084	4
4193	4192	4042	0
4141	4146	4140	1
4087	4096	4245	1
4043	4194	4193	0
4144	4146	4141	1
4044	4196	4195	0
4194	4043	4195	0
4048	4185	4202	4
4246	4096	4094	1
4044	4197	4196	0
4146	4144	4147	1
4201	4191	4047	0
4234	4078	4128	4
4045	4198	4197	0
4047	4192	4201	0
4046	4200	4198	0
4046	4199	4200	0
4251	4099	4100	4
4101	4252	4100	4
4099	4251	4103	4
4049	4202	4203	4
4204	4050	4203	4
4152	4154	4151	4
4254	4101	4102	4
4205	4052	4204	4
4105	4255	4104	4
4057	4211	4199	0
4055	4205	4207	4
4055	4207	4206	4
4109	4104	4255	4
4108	4257	4107	4
4208	4056	4209	4
4105	4113	4256	4
4109	4258	4108	4
4210	4057	4208	0
4057	4210	4211	0
4103	4251	4124	4
4209	4058	4212	4
4214	4060	4206	4
4111	4261	4110	4
4213	4212	4059	4
4114	4110	4261	4
4112	4263	4111	4
4125	4107	4257	4
4215	4061	4214	4
4114	4264	4113	4
4213	4062	4216	4
4188	4230	4074	4
4263	4112	4118	4
4249	4097	4147	1
4217	4216	4062	4
4249	4150	4097	1
4215	4219	4064	4
4267	4115	4116	4
4218	4217	4063	4
4266	4118	4115	4
4116	4117	4267	4
4219	4218	4064	4
4117	4119	4268	4
4126	4125	4257	4
4119	4121	4270	4
4221	4067	4222	1
4271	4121	4120	4
4257	4130	4126	4
4271	4120	4123	4
4069	4221	4224	1
4225	4070	4220	1
4223	4069	4224	1
4273	4123	4122	4
4071	4226	4222	1
4220	4072	4228	1
4122	4124	4274	4
4071	4225	4226	1
4228	4072	4227	1
4073	4229	4227	1
4128	4127	4277	4
4129	4277	4127	4
4074	4230	4229	4
4130	4279	4129	4
4232	4231	4076	4
4094	4223	4224	1
4233	4078	4234	4
4078	4235	4232	4
4283	4132	4131	4
4233	4235	4078	4
4132	4283	4133	4
4249	4149	4150	1
4284	4134	4133	4
4238	4236	4080	4
4080	4237	4238	4
4284	4138	4134	4
4137	4285	4135	4
4137	4136	4286	4
4082	4240	4239	4
4136	4139	4286	4
4083	4239	4241	4
4094	4224	4246	1
4138	4288	4139	4
4084	4241	4243	4
4240	4085	4244	4
4242	4084	4243	4
4202	4185	4186	4
4245	4244	4086	4
4143	4291	4142	4
4238	4102	4236	4
4285	4156	4135	4
4291	4145	4142	4
4145	4292	4144	4
4144	4292	4147	1
4250	4237	4098	4
4154	4291	4143	4
4153	4145	4291	4
4096	4246	4247	1
4096	4248	4245	1
4242	4250	4098	4
4145	4153	4292	4
4247	4248	4096	1
4149	4292	4153	4
4238	4254	4102	4
4152	4153	4291	4
4291	4154	4152	4
4158	4156	4285	4
4100	4253	4251	4
4253	4100	4252	4
4254	4252	4101	4
4157	4158	4294	4
4255	4105	4256	4
4160	4298	4159	4
4164	4159	4297	4
4299	4160	4161	4
4299	4161	4162	4
4257	4108	4258	4
4173	4157	4293	4
4109	4255	4260	4
4163	4300	4162	4
4109	4259	4258	4
4259	4109	4260	4
4167	4302	4163	4
4113	4264	4256	4
4111	4262	4261	4
4165	4166	4304	4
4263	4262	4111	4
4168	4165	4304	4
4166	4169	4304	4
4128	4277	4234	4
4265	4114	4261	4
4168	4305	4167	4
4174	4164	4303	4
4264	4114	4265	4
4169	4170	4308	4
4267	4266	4115	4
4118	4269	4263	4
4171	4309	4170	4
4251	4276	4124	4
4268	4267	4117	4
4172	4309	4171	4
4266	4269	4118	4
4173	4310	4172	4
4119	4270	4268	4
4174	4311	4176	4
4272	4270	4121	4
4176	4312	4175	4
4271	4272	4121	4
4280	4130	4257	4
4175	4312	4180	4
4273	4122	4274	4
4123	4275	4271	4
4314	4179	4177	4
4315	4177	4178	4
4273	4275	4123	4
4124	4276	4274	4
4178	4180	4316	4
4179	4317	4181	4
4317	4183	4181	4
4183	4319	4182	4
4129	4278	4277	4
4182	4320	4184	4
4279	4278	4129	4
4292	4249	4147	1
4279	4130	4281	4
4249	4292	4149	1
4281	4130	4280	4
4324	4187	4184	4
4282	4283	4131	4
4326	4186	4187	4
4283	4284	4133	4
4328	4188	4189	4
4285	4137	4287	4
4190	4331	4189	4
4137	4286	4287	4
4288	4138	4284	4
4186	4325	4202	4
4333	4190	4191	0
4139	4290	4286	4
4289	4139	4288	4
4139	4289	4290	4
4193	4334	4192	0
4194	4336	4193	0
4241	4239	4243	4
4333	4191	4201	0
4195	4337	4194	0
4201	4192	4334	0
4325	4203	4202	4
4195	4196	4339	0
4204	4203	4325	4
4340	4196	4197	0
4341	4197	4198	0
4200	4342	4198	0
4285	4295	4158	4
4200	4199	4345	0
4294	4293	4157	4
4329	4230	4188	4
4296	4294	4158	4
4158	4295	4296	4
4297	4159	4298	4
4211	4345	4199	0
4348	4205	4204	4
4207	4205	4349	4
4298	4160	4299	4
4300	4299	4162	4
4206	4207	4350	4
4303	4164	4297	4
4300	4163	4301	4
4302	4301	4163	4
4351	4208	4209	4
4210	4208	4352	0
4214	4206	4350	4
4255	4256	4260	4
4302	4167	4305	4
4209	4212	4354	4
4210	4355	4211	0
4310	4173	4293	4
4168	4304	4306	4
4305	4168	4306	4
4253	4276	4251	4
4307	4304	4169	4
4212	4213	4357	4
4308	4307	4169	4
4357	4213	4216	4
4214	4358	4215	4
4309	4308	4170	4
4311	4174	4303	4
4310	4309	4172	4
4215	4359	4219	4
4216	4217	4361	4
4280	4257	4258	4
4362	4217	4218	4
4219	4363	4218	4
4176	4311	4313	4
4176	4313	4312	4
4253	4274	4276	4
4314	4177	4315	4
4178	4316	4315	4
4179	4314	4317	4
4312	4318	4180	4
4222	4368	4221	1
4220	4366	4225	1
4224	4221	4368	1
4318	4316	4180	4
4367	4220	4228	1
4226	4369	4222	1
4183	4317	4321	4
4320	4182	4319	4
4371	4226	4225	1
4319	4183	4322	4
4183	4321	4323	4
4372	4227	4229	1
4183	4323	4322	4
4324	4184	4320	4
4227	4373	4228	1
4229	4230	4376	4
4186	4326	4325	4
4224	4368	4246	1
4324	4327	4187	4
4326	4187	4327	4
4231	4232	4377	4
4188	4328	4329	4
4378	4232	4235	4
4189	4330	4328	4
4233	4379	4235	4
4380	4233	4234	4
4331	4330	4189	4
4190	4332	4331	0
4333	4332	4190	0
4385	4238	4237	4
4335	4334	4193	0
4287	4286	4290	4
4193	4336	4335	0
4240	4386	4239	4
4287	4295	4285	4
4337	4336	4194	0
4243	4239	4386	4
4195	4338	4337	0
4384	4237	4250	4
4338	4195	4339	0
4240	4244	4388	4
4196	4340	4339	0
4242	4243	4390	4
4348	4204	4325	4
4254	4238	4385	4
4244	4245	4388	4
4341	4340	4197	0
4347	4333	4201	0
4388	4245	4248	4
4389	4250	4242	4
4341	4198	4343	0
4201	4334	4347	0
4344	4198	4342	0
4343	4198	4344	0
4392	4247	4246	1
4393	4248	4247	1
4346	4342	4200	0
4200	4345	4346	0
4234	4277	4382	4
4252	4395	4253	4
4205	4348	4349	4
4254	4396	4252	4
4207	4349	4350	4
4208	4351	4352	4
4356	4345	4211	0
4353	4351	4209	4
4260	4256	4398	4
4353	4209	4354	4
4259	4400	4258	4
4352	4355	4210	0
4304	4307	4306	4
4399	4256	4264	4
4260	4401	4259	4
4350	4358	4214	4
4211	4355	4356	0
4354	4212	4357	4
4274	4253	4397	4
4262	4403	4261	4
4264	4265	4399	4
4262	4263	4404	4
4265	4261	4403	4
4358	4359	4215	4
4216	4360	4357	4
4376	4230	4329	4
4360	4216	4361	4
4382	4277	4278	4
4258	4400	4280	4
4263	4269	4406	4
4362	4361	4217	4
4266	4267	4409	4
4408	4269	4266	4
4362	4218	4363	4
4219	4359	4365	4
4318	4312	4313	4
4267	4268	4409	4
4219	4364	4363	4
4364	4219	4365	4
4410	4268	4270	4
4366	4220	4367	1
4412	4270	4272	4
4413	4272	4271	4
4271	4275	4413	4
4222	4369	4368	1
4273	4274	4414	4
4366	4370	4225	1
4400	4281	4280	4
4273	4415	4275	4
4369	4226	4371	1
4371	4225	4370	1
4367	4228	4375	1
4227	4372	4373	1
4278	4279	4418	4
4373	4374	4228	1
4228	4374	4375	1
4376	4372	4229	1
4281	4419	4279	4
4377	4232	4378	4
4282	4422	4283	4
4284	4283	4423	4
4379	4233	4381	4
4233	4380	4381	4
4382	4380	4234	4
4383	4378	4235	4
4284	4424	4288	4
4235	4379	4383	4
4326	4348	4325	4
4424	4289	4288	4
4290	4425	4287	4
4237	4384	4385	4
4289	4427	4290	4
4246	4368	4392	1
4426	4295	4287	4
4387	4386	4240	4
4240	4388	4387	4
4293	4294	4429	4
4426	4296	4295	4
4386	4391	4243	4
4431	4294	4296	4
4389	4242	4390	4
4389	4384	4250	4
4391	4390	4243	4
4297	4298	4434	4
4388	4248	4394	4
4393	4247	4392	1
4310	4293	4430	4
4433	4303	4297	4
4436	4298	4299	4
4396	4254	4385	4
4300	4436	4299	4
4394	4248	4393	4
4300	4301	4438	4
4439	4301	4302	4
4252	4396	4395	4
4397	4253	4395	4
4302	4305	4441	4
4398	4256	4399	4
4443	4305	4306	4
4303	4442	4311	4
4444	4306	4307	4
4307	4308	4445	4
4401	4400	4259	4
4398	4402	4260	4
4401	4260	4402	4
4309	4446	4308	4
4446	4309	4310	4
4405	4403	4262	4
4399	4265	4407	4
4262	4404	4405	4
4404	4263	4406	4
4311	4449	4313	4
4407	4265	4403	4
4418	4382	4278	4
4314	4315	4451	4
4313	4450	4318	4
4317	4314	4451	4
4316	4452	4315	4
4409	4408	4266	4
4269	4411	4406	4
4274	4397	4416	4
4268	4410	4409	4
4411	4269	4408	4
4318	4455	4316	4
4410	4270	4412	4
4321	4317	4456	4
4322	4458	4319	4
4272	4413	4412	4
4281	4400	4420	4
4319	4458	4320	4
4414	4415	4273	4
4324	4320	4459	4
4414	4274	4416	4
4323	4321	4460	4
4275	4417	4413	4
4461	4322	4323	4
4417	4275	4415	4
4327	4324	4464	4
4418	4279	4419	4
4327	4465	4326	4
4420	4419	4281	4
4328	4466	4329	4
4330	4466	4328	4
4282	4421	4422	4
4423	4283	4422	4
4469	4330	4331	4
4423	4424	4284	4
4470	4331	4332	0
4471	4332	4333	0
4287	4425	4426	4
4465	4348	4326	4
4424	4428	4289	4
4472	4334	4335	0
4425	4290	4427	4
4427	4289	4428	4
4473	4335	4336	0
4475	4336	4337	0
4337	4338	4475	0
4471	4333	4347	0
4293	4429	4430	4
4334	4472	4347	0
4477	4338	4339	4
4294	4431	4429	4
4426	4432	4296	4
4340	4478	4339	4
4431	4296	4432	4
4479	4340	4341	4
4348	4465	4349	4
4343	4480	4341	4
4433	4297	4434	4
4481	4344	4342	0
4435	4434	4298	4
4342	4346	4481	0
4482	4343	4344	4
4298	4437	4435	4
4437	4298	4436	4
4329	4467	4376	4
4436	4300	4438	4
4345	4485	4346	0
4433	4442	4303	4
4439	4438	4301	4
4439	4302	4440	4
4302	4441	4440	4
4356	4484	4345	0
4310	4430	4448	4
4350	4349	4489	4
4305	4443	4441	4
4443	4306	4444	4
4352	4351	4491	4
4351	4353	4491	4
4444	4307	4445	4
4358	4350	4490	4
4355	4352	4492	0
4493	4353	4354	4
4447	4445	4308	4
4308	4446	4447	4
4442	4449	4311	4
4310	4448	4446	4
4495	4354	4357	4
4356	4355	4497	0
4450	4313	4449	4
4357	4360	4499	4
4500	4359	4358	4
4453	4451	4315	4
4453	4315	4452	4
4401	4420	4400	4
4316	4454	4452	4
4360	4361	4503	4
4451	4456	4317	4
4454	4316	4455	4
4359	4501	4365	4
4450	4457	4318	4
4361	4362	4505	4
4455	4318	4457	4
4362	4363	4507	4
4364	4508	4363	4
4460	4321	4456	4
4459	4320	4458	4
4509	4364	4365	4
4458	4322	4462	4
4366	4367	4511	1
4461	4462	4322	4
4463	4323	4460	4
4463	4461	4323	4
4370	4366	4511	1
4459	4464	4324	4
4369	4514	4368	1
4367	4375	4513	1
4369	4371	4515	1
4327	4464	4465	4
4516	4371	4370	1
4466	4467	4329	4
4519	4373	4372	1
4330	4468	4466	4
4373	4520	4374	1
4519	4372	4376	1
4469	4468	4330	4
4470	4469	4331	0
4374	4522	4375	1
4332	4471	4470	0
4514	4392	4368	1
4377	4378	4525	4
4472	4335	4474	0
4335	4473	4474	0
4473	4336	4475	0
4379	4381	4526	4
4383	4525	4378	4
4527	4381	4380	4
4383	4379	4526	4
4475	4338	4476	4
4382	4528	4380	4
4338	4477	4476	4
4478	4477	4339	4
4340	4479	4478	4
4341	4480	4479	4
4384	4534	4385	4
4489	4349	4465	4
4480	4343	4482	4
4347	4472	4487	0
4471	4347	4488	0
4389	4533	4384	4
4483	4344	4481	4
4482	4344	4483	4
4386	4387	4537	4
4346	4486	4481	0
4536	4391	4386	4
4539	4387	4388	4
4345	4484	4485	0
4396	4385	4535	4
4486	4346	4485	0
4390	4540	4389	4
4539	4388	4394	4
4390	4391	4541	4
4488	4347	4487	0
4393	4392	4542	1
4382	4418	4528	4
4393	4542	4394	4
4489	4490	4350	4
4491	4492	4352	4
4396	4545	4395	4
4545	4397	4395	4
4494	4491	4353	4
4356	4498	4484	0
4493	4494	4353	4
4493	4354	4496	4
4398	4399	4547	4
4355	4492	4497	0
4496	4354	4495	4
4402	4398	4547	4
4490	4500	4358	4
4499	4495	4357	4
4498	4356	4497	0
4399	4407	4548	4
4549	4403	4405	4
4416	4397	4546	4
4405	4404	4550	4
4549	4407	4403	4
4359	4500	4501	4
4406	4550	4404	4
4499	4360	4502	4
4360	4503	4502	4
4376	4467	4524	4
4503	4361	4504	4
4406	4411	4552	4
4409	4553	4408	4
4504	4361	4505	4
4411	4408	4554	4
4506	4505	4362	4
4410	4555	4409	4
4362	4507	4506	4
4501	4510	4365	4
4412	4556	4410	4
4507	4363	4508	4
4364	4509	4508	4
4558	4412	4413	4
4509	4365	4510	4
4414	4560	4415	4
4417	4559	4413	4
4511	4367	4512	1
4414	4416	4561	4
4512	4367	4513	1
4415	4563	4417	4
4514	4369	4515	1
4517	4370	4511	1
4517	4516	4370	1
4516	4518	4371	1
4371	4518	4515	1
4421	4566	4422	4
4523	4513	4375	1
4422	4567	4423	4
4373	4519	4521	1
4424	4423	4567	4
4373	4521	4520	1
4374	4520	4522	1
4464	4489	4465	4
4519	4376	4524	1
4428	4424	4568	4
4523	4375	4522	1
4425	4569	4426	4
4569	4425	4427	4
4427	4428	4570	4
4432	4426	4569	4
4429	4573	4430	4
4573	4429	4431	4
4528	4527	4380	4
4529	4381	4527	4
4526	4381	4530	4
4383	4531	4525	4
4381	4529	4530	4
4431	4432	4577	4
4526	4532	4383	4
4383	4532	4531	4
4579	4433	4434	4
4435	4579	4434	4
4514	4542	4392	1
4384	4533	4534	4
4430	4575	4448	4
4437	4581	4435	4
4442	4433	4579	4
4534	4535	4385	4
4436	4582	4437	4
4582	4436	4438	4
4537	4536	4386	4
4439	4584	4438	4
4538	4537	4387	4
4540	4533	4389	4
4387	4539	4538	4
4439	4440	4585	4
4440	4441	4586	4
4391	4536	4541	4
4541	4540	4390	4
4587	4441	4443	4
4396	4535	4545	4
4444	4590	4443	4
4539	4394	4544	4
4543	4394	4542	4
4442	4589	4449	4
4544	4394	4543	4
4592	4444	4445	4
4447	4592	4445	4
4447	4446	4593	4
4589	4450	4449	4
4593	4446	4448	4
4546	4397	4545	4
4548	4547	4399	4
4453	4596	4451	4
4453	4452	4597	4
4450	4595	4457	4
4597	4452	4454	4
4596	4456	4451	4
4405	4551	4549	4
4405	4550	4551	4
4406	4552	4550	4
4600	4454	4455	4
4455	4457	4601	4
4554	4408	4553	4
4409	4555	4553	4
4456	4602	4460	4
4552	4411	4557	4
4459	4458	4603	4
4410	4556	4555	4
4554	4557	4411	4
4604	4458	4462	4
4558	4556	4412	4
4459	4603	4464	4
4564	4416	4546	4
4605	4463	4460	4
4559	4558	4413	4
4462	4461	4607	4
4463	4606	4461	4
4414	4561	4560	4
4562	4415	4560	4
4417	4563	4559	4
4512	4517	4511	1
4415	4562	4563	4
4564	4561	4416	4
4609	4467	4466	4
4468	4609	4466	4
4612	4468	4469	4
4470	4613	4469	0
4421	4565	4566	4
4614	4470	4471	0
4567	4422	4566	4
4464	4603	4489	4
4567	4568	4424	4
4472	4474	4615	0
4616	4474	4473	4
4475	4616	4473	4
4570	4569	4427	4
4616	4475	4476	4
4568	4572	4428	4
4428	4571	4570	4
4572	4571	4428	4
4476	4477	4619	1
4471	4488	4614	0
4487	4472	4615	0
4620	4477	4478	1
4430	4573	4574	4
4478	4479	4621	1
4432	4569	4577	4
4575	4430	4574	4
4622	4479	4480	1
4573	4431	4578	4
4489	4604	4490	4
4431	4577	4576	4
4431	4576	4578	4
4480	4482	4623	1
4481	4624	4483	4
4482	4483	4625	1
4486	4624	4481	4
4500	4490	4604	4
4435	4580	4579	4
4580	4435	4581	4
4627	4485	4484	0
4485	4629	4486	0
4437	4583	4581	4
4437	4582	4583	4
4611	4524	4467	4
4584	4582	4438	4
4487	4631	4488	0
4584	4439	4585	4
4608	4501	4500	4
4442	4579	4588	4
4498	4628	4484	0
4586	4585	4440	4
4587	4586	4441	4
4492	4491	4633	4
4448	4575	4593	4
4633	4491	4494	4
4442	4588	4589	4
4587	4443	4590	4
4493	4636	4494	4
4492	4634	4497	0
4493	4496	4635	4
4444	4591	4590	4
4444	4592	4591	4
4640	4496	4495	4
4639	4495	4499	4
4594	4592	4447	4
4594	4447	4593	4
4589	4595	4450	4
4643	4498	4497	0
4646	4499	4502	4
4453	4598	4596	4
4597	4599	4453	4
4599	4598	4453	4
4454	4600	4597	4
4502	4503	4648	4
4601	4457	4595	4
4456	4596	4602	4
4504	4649	4503	4
4600	4455	4601	4
4501	4647	4510	4
4504	4505	4650	4
4505	4506	4652	4
4603	4458	4604	4
4507	4653	4506	4
4605	4460	4602	4
4507	4508	4654	4
4655	4508	4509	4
4462	4608	4604	4
4606	4607	4461	4
4606	4463	4605	4
4509	4510	4657	4
4607	4608	4462	4
4512	4513	4660	1
4467	4609	4610	4
4659	4517	4512	1
4611	4467	4610	4
4609	4468	4612	4
4515	4662	4514	1
4612	4469	4613	0
4518	4663	4515	1
4604	4489	4603	4
4614	4613	4470	0
4517	4664	4516	1
4661	4513	4523	1
4516	4665	4518	1
4617	4615	4474	4
4474	4616	4617	4
4668	4521	4519	1
4616	4476	4618	1
4521	4670	4520	1
4519	4524	4668	1
4669	4522	4520	1
4608	4500	4604	4
4619	4618	4476	1
4673	4523	4522	1
4477	4620	4619	1
4542	4514	4662	1
4478	4621	4620	1
4479	4622	4621	1
4622	4480	4623	1
4625	4623	4482	1
4631	4487	4615	0
4526	4530	4677	4
4626	4483	4624	1
4483	4626	4625	1
4614	4488	4632	0
4526	4678	4532	4
4530	4529	4679	4
4627	4484	4628	0
4624	4486	4630	4
4627	4629	4485	0
4531	4532	4681	4
4629	4630	4486	4
4580	4588	4579	4
4542	4662	4543	4
4533	4683	4534	4
4631	4632	4488	0
4684	4535	4534	4
4608	4647	4501	4
4533	4540	4683	4
4492	4633	4634	4
4537	4687	4536	4
4541	4536	4686	4
4538	4688	4537	4
4635	4636	4493	4
4637	4633	4494	4
4545	4535	4685	4
4689	4538	4539	4
4638	4494	4636	4
4637	4494	4638	4
4644	4628	4498	0
4541	4691	4540	4
4689	4539	4544	4
4641	4635	4496	4
4634	4643	4497	0
4495	4639	4640	4
4496	4640	4642	4
4641	4496	4642	4
4694	4544	4543	4
4639	4499	4646	4
4645	4498	4643	0
4546	4545	4696	4
4498	4645	4644	0
4596	4598	4602	4
4502	4648	4646	4
4698	4551	4550	4
4552	4698	4550	4
4649	4648	4503	4
4504	4650	4649	4
4651	4650	4505	4
4546	4697	4564	4
4553	4700	4554	4
4700	4553	4555	4
4699	4552	4557	4
4505	4652	4651	4
4676	4524	4611	4
4701	4557	4554	4
4652	4506	4653	4
4556	4702	4555	4
4654	4653	4507	4
4510	4647	4658	4
4556	4558	4703	4
4654	4508	4655	4
4655	4509	4656	4
4705	4558	4559	4
4657	4656	4509	4
4658	4657	4510	4
4563	4706	4559	4
4561	4708	4560	4
4560	4708	4562	4
4660	4659	4512	1
4660	4513	4661	1
4709	4561	4564	4
4563	4562	4710	4
4515	4663	4662	1
4517	4659	4667	1
4566	4565	4713	4
4516	4664	4665	1
4518	4665	4663	1
4566	4714	4567	4
4664	4517	4666	1
4567	4714	4568	4
4667	4666	4517	1
4569	4570	4716	4
4572	4568	4715	4
4716	4570	4571	4
4523	4675	4661	1
4669	4520	4670	1
4671	4521	4668	1
4572	4717	4571	4
4647	4608	4607	4
4569	4716	4577	4
4521	4672	4670	1
4669	4673	4522	1
4671	4672	4521	1
4668	4524	4676	1
4721	4574	4573	4
4673	4674	4523	1
4578	4720	4573	4
4575	4574	4722	4
4658	4607	4606	4
4523	4674	4675	1
4724	4578	4576	4
4576	4577	4725	4
4526	4677	4678	4
4680	4677	4530	4
4679	4680	4530	4
4580	4581	4728	4
4723	4593	4575	4
4532	4678	4682	4
4581	4583	4730	4
4682	4681	4532	4
4583	4582	4731	4
4580	4729	4588	4
4582	4584	4732	4
4662	4693	4543	4
4684	4534	4683	4
4734	4584	4585	4
4637	4634	4633	4
4535	4684	4685	4
4586	4735	4585	4
4729	4589	4588	4
4686	4536	4687	4
4736	4586	4587	4
4723	4594	4593	4
4537	4688	4687	4
4607	4658	4647	4
4540	4690	4683	4
4737	4587	4590	4
4688	4538	4689	4
4686	4692	4541	4
4591	4739	4590	4
4691	4690	4540	4
4595	4589	4738	4
4591	4592	4741	4
4692	4691	4541	4
4545	4685	4696	4
4594	4741	4592	4
4544	4695	4689	4
4693	4694	4543	4
4544	4694	4695	4
4601	4595	4743	4
4697	4546	4696	4
4597	4600	4744	4
4599	4597	4745	4
4599	4746	4598	4
4602	4598	4747	4
4698	4552	4699	4
4600	4601	4750	4
4747	4605	4602	4
4700	4701	4554	4
4700	4555	4702	4
4704	4699	4557	4
4556	4703	4702	4
4704	4557	4701	4
4605	4752	4606	4
4705	4703	4558	4
4564	4697	4709	4
4559	4707	4705	4
4559	4706	4707	4
4609	4753	4610	4
4609	4612	4753	4
4611	4610	4754	4
4708	4561	4709	4
4562	4708	4711	4
4706	4563	4710	4
4613	4756	4612	0
4710	4562	4711	4
4757	4613	4614	0
4713	4565	4712	4
4759	4615	4617	4
4760	4617	4616	1
4566	4713	4714	4
4616	4618	4760	1
4568	4714	4715	4
4763	4618	4619	1
4619	4620	4764	1
4632	4757	4614	0
4571	4717	4716	4
4631	4615	4758	4
4715	4718	4572	4
4620	4621	4764	1
4572	4719	4717	4
4766	4621	4622	1
4718	4719	4572	4
4622	4623	4766	1
4720	4721	4573	4
4625	4767	4623	1
4676	4671	4668	1
4606	4752	4658	4
4722	4574	4721	4
4768	4626	4624	1
4725	4577	4716	4
4663	4693	4662	4
4722	4723	4575	4
4770	4625	4626	1
4632	4631	4758	4
4769	4624	4630	4
4720	4578	4727	4
4724	4576	4725	4
4627	4628	4772	0
4627	4772	4629	0
4724	4726	4578	4
4727	4578	4726	4
4629	4773	4630	4
4729	4580	4728	4
4730	4728	4581	4
4611	4755	4676	4
4628	4644	4772	0
4731	4582	4732	4
4583	4733	4730	4
4583	4731	4733	4
4634	4637	4776	4
4777	4636	4635	4
4584	4734	4732	4
4638	4636	4778	4
4776	4643	4634	0
4777	4635	4641	4
4585	4735	4734	4
4780	4637	4638	4
4729	4738	4589	4
4736	4735	4586	4
4594	4723	4742	4
4587	4737	4736	4
4783	4640	4639	4
4590	4740	4737	4
4657	4658	4752	4
4642	4640	4786	4
4784	4639	4646	4
4740	4590	4739	4
4787	4641	4642	1
4741	4739	4591	4
4688	4689	4695	4
4595	4738	4743	4
4742	4741	4594	4
4645	4643	4790	0
4644	4645	4792	4
4744	4745	4597	4
4648	4795	4646	4
4747	4598	4746	4
4745	4748	4599	4
4749	4744	4600	4
4796	4648	4649	4
4748	4746	4599	4
4750	4601	4743	4
4798	4649	4650	4
4749	4600	4750	4
4799	4650	4651	4
4652	4800	4651	4
4701	4700	4702	4
4747	4751	4605	4
4652	4653	4802	4
4752	4605	4751	4
4674	4673	4762	1
4804	4653	4654	4
4763	4675	4674	1
4804	4654	4655	4
4805	4655	4656	4
4753	4754	4610	4
4806	4656	4657	4
4755	4611	4754	4
4753	4612	4756	0
4757	4756	4613	0
4660	4811	4659	1
4659	4810	4667	1
4615	4759	4758	4
4761	4617	4760	1
4812	4660	4661	1
4618	4762	4760	1
4759	4617	4761	1
4714	4713	4715	4
4663	4665	4814	4
4763	4762	4618	1
4664	4815	4665	4
4816	4664	4666	4
4619	4764	4763	1
4816	4666	4667	4
4813	4661	4675	1
4765	4764	4621	1
4621	4766	4765	1
4623	4767	4766	1
4670	4818	4669	1
4717	4725	4716	4
4669	4818	4673	1
4670	4672	4819	1
4768	4624	4769	1
4767	4625	4770	1
4632	4775	4757	4
4821	4672	4671	1
4774	4632	4758	4
4771	4626	4768	1
4626	4771	4770	1
4671	4676	4821	1
4814	4693	4663	4
4630	4773	4769	4
4629	4772	4773	4
4824	4678	4677	4
4677	4680	4824	4
4775	4632	4774	4
4824	4682	4678	4
4825	4680	4679	4
4681	4682	4827	4
4778	4636	4777	4
4776	4637	4779	4
4779	4637	4780	4
4638	4778	4781	4
4684	4683	4830	4
4763	4674	4762	1
4685	4684	4830	4
4638	4782	4780	4
4781	4782	4638	4
4690	4829	4683	4
4686	4687	4832	4
4784	4783	4639	4
4788	4777	4641	1
4644	4791	4772	4
4640	4783	4785	4
4643	4776	4790	0
4834	4687	4688	4
4786	4640	4785	4
4692	4686	4833	4
4696	4685	4831	4
4788	4641	4787	1
4691	4835	4690	4
4642	4786	4789	1
4688	4695	4834	4
4809	4657	4752	4
4787	4642	4789	1
4691	4692	4836	4
4784	4646	4795	4
4693	4839	4694	4
4644	4792	4791	4
4790	4794	4645	0
4694	4840	4695	4
4645	4793	4792	4
4794	4793	4645	4
4696	4841	4697	4
4648	4796	4795	4
4649	4797	4796	4
4797	4649	4798	4
4701	4702	4843	4
4799	4798	4650	4
4697	4842	4709	4
4843	4704	4701	4
4799	4651	4800	4
4845	4702	4703	4
4821	4676	4755	4
4705	4845	4703	4
4800	4652	4801	4
4802	4801	4652	4
4818	4762	4673	1
4802	4653	4803	4
4707	4846	4705	4
4803	4653	4804	4
4763	4823	4675	1
4849	4707	4706	4
4753	4756	4754	4
4655	4805	4804	4
4710	4848	4706	4
4709	4851	4708	4
4656	4807	4805	4
4656	4806	4807	4
4711	4708	4851	4
4657	4808	4806	4
4711	4852	4710	4
4657	4809	4808	4
4713	4712	4855	4
4810	4659	4811	1
4660	4812	4811	1
4855	4715	4713	4
4661	4813	4812	1
4715	4856	4718	4
4719	4857	4717	4
4814	4665	4815	4
4817	4667	4810	4
4858	4719	4718	4
4816	4815	4664	4
4857	4725	4717	4
4667	4817	4816	4
4860	4721	4720	4
4860	4722	4721	4
4861	4723	4722	4
4860	4720	4727	4
4818	4670	4820	1
4819	4820	4670	1
4813	4675	4823	1
4809	4752	4751	4
4725	4863	4724	4
4819	4672	4822	1
4724	4864	4726	4
4821	4822	4672	1
4726	4866	4727	4
4869	4729	4728	4
4730	4869	4728	4
4742	4723	4862	4
4826	4824	4680	4
4825	4826	4680	4
4730	4733	4870	4
4731	4732	4871	4
4824	4828	4682	4
4733	4731	4871	4
4791	4773	4772	4
4729	4869	4738	4
4828	4827	4682	4
4872	4732	4734	4
4760	4818	4761	1
4820	4759	4761	1
4760	4762	4818	1
4830	4683	4829	4
4734	4735	4874	4
4735	4736	4874	4
4814	4839	4693	4
4830	4831	4685	4
4875	4736	4737	4
4823	4763	4764	1
4833	4686	4832	4
4821	4755	4775	4
4823	4764	4765	1
4687	4834	4832	4
4737	4740	4876	4
4835	4829	4690	4
4743	4738	4877	4
4741	4879	4739	4
4740	4739	4880	4
4692	4833	4837	4
4835	4691	4836	4
4741	4742	4879	4
4838	4836	4692	4
4692	4837	4838	4
4696	4831	4841	4
4840	4834	4695	4
4750	4743	4877	4
4774	4822	4775	4
4744	4884	4745	4
4840	4694	4839	4
4744	4749	4884	4
4745	4885	4748	4
4746	4886	4747	4
4886	4746	4748	4
4842	4697	4841	4
4751	4747	4887	4
4844	4843	4702	4
4891	4749	4750	4
4702	4845	4844	4
4845	4705	4847	4
4705	4846	4847	4
4820	4761	4818	1
4754	4892	4755	4
4851	4709	4842	4
4756	4892	4754	4
4707	4850	4846	4
4706	4848	4849	4
4756	4757	4892	4
4707	4849	4850	4
4759	4893	4758	4
4848	4710	4852	4
4711	4851	4853	4
4852	4711	4853	4
4775	4822	4821	4
4854	4855	4712	4
4755	4892	4775	4
4757	4775	4892	4
4774	4758	4893	4
4766	4895	4765	1
4856	4715	4855	4
4767	4895	4766	1
4856	4858	4718	4
4767	4770	4896	1
4897	4768	4769	1
4857	4719	4859	4
4858	4859	4719	4
4771	4896	4770	1
4771	4768	4898	1
4899	4769	4773	4
4860	4861	4722	4
4862	4723	4861	4
4751	4887	4809	4
4725	4857	4865	4
4864	4724	4863	4
4863	4725	4865	4
4900	4776	4779	4
4860	4727	4868	4
4778	4777	4901	1
4864	4867	4726	4
4726	4867	4866	4
4778	4902	4781	1
4866	4868	4727	4
4780	4903	4779	4
4773	4791	4899	4
4780	4782	4903	4
4776	4900	4790	0
4788	4901	4777	1
4781	4905	4782	4
4869	4730	4870	4
4759	4820	4893	1
4872	4871	4732	4
4783	4784	4908	4
4733	4873	4870	4
4785	4783	4909	4
4733	4871	4873	4
4824	4826	4828	4
4734	4874	4872	4
4786	4785	4911	4
4894	4823	4765	1
4794	4790	4900	0
4736	4875	4874	4
4869	4878	4738	4
4789	4786	4912	1
4862	4883	4742	4
4737	4876	4875	4
4787	4914	4788	1
4910	4784	4795	4
4789	4913	4787	1
4822	4774	4893	4
4877	4738	4878	4
4740	4881	4876	4
4739	4879	4880	4
4918	4791	4792	4
4740	4880	4882	4
4882	4881	4740	4
4793	4919	4792	4
4883	4879	4742	4
4794	4921	4793	4
4923	4795	4796	4
4884	4885	4745	4
4924	4796	4797	4
4750	4877	4891	4
4797	4798	4925	4
4747	4886	4888	4
4748	4885	4889	4
4747	4888	4887	4
4799	4926	4798	4
4889	4886	4748	4
4890	4884	4749	4
4927	4799	4800	4
4801	4928	4800	4
4749	4891	4890	4
4813	4823	4894	1
4819	4893	4820	1
4801	4802	4930	4
4819	4822	4893	1
4847	4844	4845	4
4802	4803	4932	4
4803	4804	4933	4
4933	4804	4805	4
4934	4805	4807	4
4807	4806	4936	4
4936	4806	4808	4
4895	4894	4765	1
4938	4808	4809	4
4767	4896	4895	1
4811	4939	4810	1
4768	4897	4898	1
4812	4941	4811	1
4899	4897	4769	1
4896	4771	4898	1
4817	4810	4940	4
4942	4812	4813	1
4815	4943	4814	4
4815	4816	4944	4
4817	4945	4816	4
4902	4778	4901	1
4779	4903	4900	4
4904	4781	4902	1
4781	4904	4905	1
4782	4906	4903	4
4907	4782	4905	4
4906	4782	4907	4
4839	4814	4943	4
4826	4825	4946	4
4783	4908	4909	4
4826	4947	4828	4
4910	4908	4784	4
4828	4948	4827	4
4916	4901	4788	1
4911	4785	4909	4
4829	4949	4830	4
4912	4786	4911	1
4918	4899	4791	4
4951	4831	4830	4
4787	4913	4914	1
4835	4950	4829	4
4794	4900	4922	0
4915	4788	4914	1
4832	4953	4833	4
4789	4912	4917	1
4917	4913	4789	1
4915	4916	4788	1
4834	4954	4832	4
4841	4831	4952	4
4955	4837	4833	4
4795	4923	4910	4
4958	4835	4836	4
4834	4840	4956	4
4792	4920	4918	4
4919	4920	4792	4
4838	4959	4836	4
4921	4919	4793	4
4887	4938	4809	4
4838	4837	4960	4
4922	4921	4794	4
4962	4840	4839	4
4883	4880	4879	4
4924	4923	4796	4
4924	4797	4925	4
4963	4842	4841	4
4798	4926	4925	4
4942	4813	4894	1
4927	4926	4799	4
4927	4800	4928	4
4851	4842	4963	4
4929	4928	4801	4
4929	4801	4930	4
4849	4848	4965	4
4802	4931	4930	4
4852	4965	4848	4
4802	4932	4931	4
4849	4966	4850	4
4932	4803	4933	4
4853	4851	4967	4
4805	4935	4933	4
4852	4853	4969	4
4935	4805	4934	4
4936	4934	4807	4
4854	4972	4855	4
4937	4936	4808	4
4856	4855	4972	4
4808	4938	4937	4
4858	4856	4973	4
4939	4940	4810	4
4974	4857	4859	4
4939	4811	4941	1
4859	4858	4975	4
4941	4812	4942	1
4974	4865	4857	4
4860	4978	4861	4
4862	4861	4978	4
4940	4945	4817	4
4944	4943	4815	4
4945	4944	4816	4
4978	4860	4868	4
4864	4863	4980	4
4863	4865	4980	4
4887	4888	4938	4
4864	4982	4867	4
4866	4867	4983	4
4868	4866	4983	4
4946	4947	4826	4
4828	4947	4948	4
4883	4862	4979	4
4903	4922	4900	4
4987	4869	4870	4
4829	4950	4949	4
4951	4830	4949	4
4903	4906	4922	4
4870	4873	4988	4
4990	4871	4872	4
4989	4873	4871	4
4906	4907	4921	4
4987	4878	4869	4
4831	4951	4952	4
4872	4874	4992	4
4832	4954	4953	4
4992	4874	4875	4
4955	4833	4953	4
4958	4950	4835	4
4962	4839	4943	4
4957	4954	4834	4
4995	4875	4876	4
4957	4834	4956	4
4907	4919	4921	4
4906	4921	4922	4
4955	4960	4837	4
4877	4878	4997	4
4881	4996	4876	4
4836	4959	4958	4
4964	4841	4952	4
4962	4956	4840	4
4838	4961	4959	4
4838	4960	4961	4
4882	4880	4999	4
4999	4880	4883	4
4882	5000	4881	4
4997	4891	4877	4
4963	4841	4964	4
5004	4885	4884	4
4890	5004	4884	4
4889	4885	5005	4
4849	4965	4966	4
5006	4888	4886	4
4889	5006	4886	4
4851	4963	4967	4
4965	4852	4968	4
4967	4969	4853	4
4968	4852	4970	4
4970	4852	4969	4
5011	4890	4891	4
4972	4854	4971	4
4973	4856	4972	4
4894	4895	5013	1
4896	5014	4895	1
4973	4976	4858	4
4858	4976	4975	4
4898	5015	4896	1
4859	4977	4974	4
4977	4859	4975	4
4898	4897	5017	1
5016	4897	4899	1
4979	4862	4978	4
4865	4974	4980	4
4901	5019	4902	1
4981	4864	4980	4
4864	4981	4982	4
4904	4902	5019	1
5020	4905	4904	1
4978	4868	4985	4
5007	4938	4888	4
4982	4984	4867	4
4899	4918	5016	1
4984	4983	4867	4
4905	5022	4907	4
4901	4916	5019	1
4868	4983	4986	4
4986	4985	4868	4
4908	5023	4909	4
4910	5024	4908	4
4870	4988	4987	4
4911	4909	5025	4
5012	4942	4894	1
4919	4907	5022	4
4911	5028	4912	1
4871	4991	4989	4
4871	4990	4991	4
4993	4990	4872	4
4994	4988	4873	4
4989	4994	4873	4
4913	5030	4914	1
4872	4992	4993	4
4917	4912	5029	1
5027	4910	4923	4
4920	4919	5022	4
5032	4915	4914	1
4917	5031	4913	1
4992	4875	4995	4
4878	4987	4998	4
4979	5003	4883	4
4916	4915	5034	1
4996	4995	4876	4
4998	4997	4878	4
5038	4918	4920	1
4996	4881	5000	4
4882	4999	5001	4
4882	5002	5000	4
5002	4882	5001	4
4999	4883	5003	4
5040	4923	4924	4
4925	5041	4924	4
4925	4926	5042	4
5005	4885	5004	4
4927	5043	4926	4
5011	4891	4997	4
4888	5006	5007	4
5046	4927	4928	4
5008	4889	5005	4
4929	5046	4928	4
5006	4889	5009	4
5004	4890	5010	4
4930	5047	4929	4
4889	5008	5009	4
4930	4931	5049	4
5011	5010	4890	4
4932	5050	4931	4
4933	5051	4932	4
5013	5012	4894	1
4933	4935	5051	4
4934	5052	4935	4
4895	5014	5013	1
4936	5053	4934	4
5015	5014	4896	1
5053	4936	4937	4
5016	5017	4897	1
4938	5056	4937	4
5015	4898	5018	1
5017	5018	4898	1
4940	4939	5058	4
5059	4939	4941	1
4904	5019	5021	1
5020	4904	5021	1
5022	4905	5020	1
4945	4940	5062	4
4942	5064	4941	1
4943	4944	5066	4
4944	4945	5066	4
4908	5024	5023	4
5025	4909	5023	4
5026	5024	4910	4
4946	5068	4947	4
5026	4910	5027	4
4947	5069	4948	4
4911	5025	5028	1
4950	5070	4949	4
5028	5029	4912	1
5019	4916	5035	1
4951	4949	5070	4
5067	4962	4943	4
5016	4918	5038	1
4998	4987	4988	4
4913	5031	5030	1
5073	4952	4951	4
5030	5032	4914	1
4950	4958	5071	4
5033	4915	5032	1
4992	4995	4993	4
4920	5022	5039	1
5074	4953	4954	4
5034	4915	5033	1
4953	5074	4955	4
5029	5037	4917	1
4917	5037	5031	1
4954	4957	5075	4
5036	4916	5034	1
5035	4916	5036	1
4964	4952	5073	4
4957	4956	5077	4
5040	5027	4923	4
4955	5076	4960	4
4956	4962	5077	4
4958	4959	5079	4
5038	4920	5039	1
4959	4961	5080	4
5081	4961	4960	4
5007	5057	4938	4
4924	5041	5040	4
4925	5042	5041	4
5083	4963	4964	4
5042	4926	5043	4
4967	4963	5083	4
5043	4927	5044	4
5044	4927	5045	4
5085	4966	4965	4
4965	4968	5085	4
5045	4927	5046	4
5065	4942	5012	1
4967	5086	4969	4
5009	5007	5006	4
5046	4929	5048	4
4929	5047	5048	4
4970	5087	4968	4
4930	5049	5047	4
4969	5088	4970	4
5049	4931	5050	4
4932	5051	5050	4
4972	4971	5092	4
4972	5092	4973	4
5053	5052	4934	4
5054	4935	5052	4
5051	4935	5055	4
5093	4976	4973	4
4935	5054	5055	4
5053	4937	5056	4
5095	4974	4977	4
5096	4975	4976	4
4974	5094	4980	4
5096	4977	4975	4
5056	4938	5057	4
5018	5017	5021	1
4979	4978	5099	4
4939	5060	5058	4
4939	5059	5060	4
5058	5063	4940	4
4980	5101	4981	4
4978	4985	5099	4
5062	4940	5061	4
5063	5061	4940	4
5064	5059	4941	1
5102	4982	4981	4
4984	4982	5102	4
5103	4983	4984	4
5038	5017	5016	1
5065	5064	4942	1
4986	4983	5103	4
4945	5062	5066	4
5035	5018	5021	1
5019	5035	5021	1
4943	5066	5067	4
5017	5039	5021	1
4986	5106	4985	4
5021	5039	5020	1
5020	5039	5022	1
4979	5100	5003	4
5069	4947	5068	4
5109	4989	4991	4
5035	5036	5018	1
4994	5108	4988	4
4991	4990	5110	4
4950	5071	5070	4
4994	4989	5109	4
5110	4990	4993	4
4951	5070	5072	4
4998	4988	5108	4
5017	5038	5039	1
4951	5072	5073	4
4995	5112	4993	4
4995	4996	5112	4
4954	5075	5074	4
4955	5074	5076	4
5067	5077	4962	4
5071	4958	5079	4
5075	4957	5078	4
5114	4996	5000	4
5116	4997	4998	4
4957	5077	5078	4
5081	4960	5076	4
5080	5079	4959	4
5001	4999	5119	4
5003	5119	4999	4
4964	5073	5084	4
5002	5120	5000	4
4961	5082	5080	4
4961	5081	5082	4
5121	5002	5001	4
4997	5117	5011	4
5083	4964	5084	4
5005	5004	5125	4
5083	5086	4967	4
5125	5008	5005	4
5010	5125	5004	4
5087	5085	4968	4
5009	5126	5007	4
5088	4969	5086	4
5009	5008	5128	4
5087	4970	5089	4
5090	4970	5088	4
5090	5089	4970	4
5129	5010	5011	4
4971	5091	5092	4
5013	5131	5012	1
5132	5013	5014	1
5092	5093	4973	4
5015	5132	5014	1
5095	5094	4974	4
5018	5132	5015	1
5093	5097	4976	4
5096	5095	4977	4
5096	4976	5098	4
4976	5097	5098	4
5094	5101	4980	4
4979	5099	5100	4
5063	5058	5060	4
5023	5024	5134	4
5134	5025	5023	4
4981	5101	5102	4
5026	5135	5024	4
5036	5132	5018	1
5025	5136	5028	1
5026	5027	5137	4
4985	5106	5099	4
5104	4984	5102	4
5007	5126	5057	4
4984	5105	5103	4
4984	5104	5105	4
5028	5139	5029	1
5107	4986	5103	4
5107	5106	4986	4
5140	5030	5031	1
5034	5133	5036	1
5141	5032	5030	1
5040	5138	5027	4
5037	5029	5139	1
5065	5012	5131	1
5032	5144	5033	1
5111	5109	4991	4
5037	5143	5031	1
5110	5111	4991	4
5033	5145	5034	1
4994	5113	5108	4
4993	5112	5110	4
5113	4994	5109	4
5067	5078	5077	4
4996	5115	5112	4
5118	4998	5108	4
4996	5114	5115	4
5100	5124	5003	4
5116	5117	4997	4
5150	5040	5041	4
5118	5116	4998	4
5042	5150	5041	4
5120	5114	5000	4
5153	5042	5043	4
5043	5044	5154	4
5119	5121	5001	4
5002	5122	5120	4
5045	5155	5044	4
5003	5124	5119	4
5123	5002	5121	4
5122	5002	5123	4
5157	5045	5046	4
5046	5048	5158	4
5083	5084	5086	4
5159	5048	5047	4
5049	5160	5047	4
5011	5117	5130	4
5125	5127	5008	4
5050	5162	5049	4
5009	5128	5126	4
5128	5008	5127	4
5010	5129	5125	4
5164	5050	5051	4
5051	5055	5164	4
5130	5129	5011	4
5053	5166	5052	4
5165	5054	5052	4
5166	5053	5056	4
5167	5055	5054	4
5013	5133	5131	1
5013	5132	5133	1
5056	5057	5171	4
5059	5173	5060	4
5135	5134	5024	4
5064	5172	5059	1
5136	5025	5134	1
5174	5063	5060	4
5135	5026	5137	4
5176	5062	5061	4
5063	5175	5061	4
5133	5132	5036	1
5137	5027	5138	4
5136	5139	5028	1
5062	5177	5066	4
5065	5180	5064	1
5140	5141	5030	1
5031	5142	5140	1
5067	5066	5182	4
5148	5133	5034	1
5142	5031	5143	1
5032	5141	5144	1
5184	5069	5068	4
5144	5146	5033	1
5145	5033	5146	1
5139	5149	5037	1
5034	5145	5147	1
5185	5070	5071	4
5072	5070	5185	4
5183	5078	5067	4
5037	5149	5143	1
5151	5138	5040	4
5147	5148	5034	1
5187	5073	5072	4
5079	5186	5071	4
5075	5188	5074	4
5110	5112	5115	4
5189	5076	5074	4
5151	5040	5150	4
5188	5075	5078	4
5084	5073	5187	4
5152	5150	5042	4
5190	5081	5076	4
5152	5042	5153	4
5153	5043	5154	4
5191	5079	5080	4
5155	5154	5044	4
5082	5192	5080	4
5126	5171	5057	4
5193	5082	5081	4
5156	5155	5045	4
5157	5156	5045	4
5158	5157	5046	4
5195	5086	5084	4
5159	5047	5160	4
5048	5161	5158	4
5048	5159	5161	4
5196	5088	5086	4
5162	5160	5049	4
5050	5163	5162	4
5197	5090	5088	4
5164	5163	5050	4
5198	5089	5090	4
5131	5181	5065	1
5165	5052	5166	4
5091	5200	5092	4
5093	5092	5200	4
5054	5165	5168	4
5169	5164	5055	4
5167	5054	5168	4
5055	5167	5169	4
5093	5201	5097	4
5166	5056	5170	4
5203	5094	5095	4
5095	5096	5204	4
5171	5170	5056	4
5202	5101	5094	4
5098	5205	5096	4
5206	5098	5097	4
5173	5059	5172	4
5173	5174	5060	4
5209	5100	5099	4
5061	5175	5176	4
5148	5131	5133	1
5099	5106	5209	4
5102	5101	5212	4
5174	5179	5063	4
5062	5176	5178	4
5172	5064	5180	1
5062	5178	5177	4
5063	5179	5175	4
5102	5212	5104	4
5103	5105	5213	4
5106	5107	5209	4
5107	5103	5213	4
5182	5066	5177	4
5181	5180	5065	1
5183	5067	5182	4
5100	5210	5124	4
5113	5215	5108	4
5111	5216	5109	4
5216	5113	5109	4
5217	5111	5110	4
5118	5108	5215	4
5115	5217	5110	4
5186	5185	5071	4
5187	5072	5185	4
5188	5078	5183	4
5115	5114	5221	4
5074	5188	5189	4
5114	5120	5220	4
5189	5190	5076	4
5186	5079	5191	4
5116	5223	5117	4
5223	5116	5118	4
5131	5148	5181	1
5120	5122	5220	4
5080	5192	5191	4
5081	5190	5193	4
5084	5187	5195	4
5121	5119	5227	4
5082	5194	5192	4
5193	5194	5082	4
5119	5124	5227	4
5117	5224	5130	4
5227	5123	5121	4
5122	5123	5229	4
5196	5086	5195	4
5088	5196	5197	4
5232	5127	5125	4
5197	5198	5090	4
5125	5129	5233	4
5126	5128	5234	4
5199	5200	5091	4
5128	5127	5236	4
5201	5093	5200	4
5237	5129	5130	4
5202	5094	5203	4
5095	5204	5203	4
5096	5205	5204	4
5097	5201	5207	4
5134	5135	5238	1
5238	5136	5134	1
5207	5206	5097	4
5238	5135	5137	4
5205	5098	5208	4
5208	5098	5206	4
5202	5211	5101	4
5136	5239	5139	1
5240	5137	5138	4
5100	5209	5210	4
5241	5141	5140	1
5142	5241	5140	1
5101	5211	5212	4
5242	5144	5141	1
5149	5139	5239	1
5143	5243	5142	4
5138	5151	5240	4
5209	5107	5214	4
5234	5171	5126	4
5214	5107	5213	4
5246	5146	5144	1
5149	5245	5143	4
5247	5145	5146	1
5247	5147	5145	1
5239	5151	5149	4
5151	5245	5149	4
5148	5147	5250	1
5111	5218	5216	4
5111	5217	5218	4
5151	5150	5245	4
5113	5219	5215	4
5152	5245	5150	4
5113	5216	5219	4
5153	5244	5152	4
5217	5115	5222	4
5114	5220	5221	4
5115	5221	5222	4
5215	5226	5118	4
5153	5154	5252	4
5154	5155	5254	4
5225	5117	5223	4
5231	5124	5210	4
5156	5255	5155	4
5224	5117	5225	4
5118	5226	5223	4
5228	5220	5122	4
5258	5156	5157	4
5157	5158	5259	4
5161	5259	5158	4
5229	5228	5122	4
5148	5251	5181	1
5161	5159	5260	4
5230	5123	5227	4
5261	5159	5160	4
5230	5229	5123	4
5227	5124	5231	4
5160	5162	5263	4
5162	5163	5263	4
5233	5232	5125	4
5130	5224	5237	4
5163	5164	5266	4
5127	5232	5235	4
5165	5166	5267	4
5235	5236	5127	4
5236	5234	5128	4
5129	5237	5233	4
5164	5169	5266	4
5165	5267	5168	4
5166	5170	5268	4
5167	5168	5269	4
5269	5169	5167	4
5181	5251	5180	1
5238	5239	5136	1
5238	5137	5240	4
5275	5170	5171	4
5172	5277	5173	4
5242	5141	5241	1
5174	5173	5279	4
5244	5241	5142	4
5142	5243	5244	4
5239	5240	5151	4
5278	5172	5180	1
5245	5243	5143	4
5144	5242	5246	1
5174	5279	5179	4
5282	5176	5175	4
5281	5175	5179	4
5284	5178	5176	4
5244	5243	5152	4
5285	5177	5178	4
5146	5246	5248	1
5245	5152	5243	4
5248	5247	5146	1
5147	5247	5249	1
5182	5177	5285	4
5147	5249	5250	1
5251	5148	5250	1
5252	5244	5153	4
5287	5183	5182	4
5218	5217	5222	4
5188	5183	5288	4
5252	5154	5253	4
5226	5215	5219	4
5154	5254	5253	4
5291	5187	5185	4
5186	5292	5185	4
5256	5254	5155	4
5256	5155	5255	4
5156	5257	5255	4
5292	5186	5191	4
5257	5156	5258	4
5294	5189	5188	4
5157	5259	5258	4
5190	5189	5295	4
5293	5195	5187	4
5295	5193	5190	4
5191	5192	5297	4
5260	5159	5261	4
5171	5234	5276	4
5261	5160	5262	4
5194	5298	5192	4
5263	5262	5160	4
5259	5161	5265	4
5260	5264	5161	4
5193	5300	5194	4
5230	5227	5231	4
5161	5264	5265	4
5163	5266	5263	4
5195	5302	5196	4
5197	5196	5303	4
5197	5304	5198	4
5166	5268	5267	4
5267	5270	5168	4
5200	5199	5307	4
5270	5271	5168	4
5169	5274	5266	4
5201	5200	5308	4
5278	5180	5251	1
5168	5272	5269	4
5269	5273	5169	4
5271	5272	5168	4
5268	5170	5275	4
5169	5273	5274	4
5207	5201	5308	4
5238	5240	5239	4
5207	5309	5206	4
5276	5275	5171	4
5208	5206	5309	4
5277	5172	5278	4
5280	5173	5277	4
5209	5312	5210	4
5279	5173	5280	4
5252	5242	5241	4
5209	5214	5312	4
5241	5244	5252	4
5175	5281	5282	4
5246	5242	5253	4
5283	5176	5282	4
5176	5283	5284	4
5279	5286	5179	4
5286	5281	5179	4
5242	5252	5253	4
5285	5178	5284	4
5248	5246	5254	4
5314	5219	5216	4
5218	5315	5216	4
5253	5254	5246	4
5231	5210	5313	4
5285	5287	5182	4
5218	5222	5316	4
5254	5256	5248	4
5289	5183	5287	4
5318	5221	5220	4
5289	5288	5183	4
5222	5221	5319	4
5317	5226	5219	4
5318	5220	5228	4
5185	5290	5291	4
5290	5185	5292	4
5223	5320	5225	4
5226	5320	5223	4
5188	5288	5294	4
5225	5322	5224	4
5187	5291	5293	4
5189	5294	5296	4
5295	5189	5296	4
5297	5292	5191	4
5265	5258	5259	4
5228	5229	5325	4
5321	5237	5224	4
5230	5327	5229	4
5299	5297	5192	4
5298	5299	5192	4
5301	5193	5295	4
5230	5231	5328	4
5195	5293	5302	4
5194	5300	5298	4
5301	5300	5193	4
5233	5330	5232	4
5330	5235	5232	4
5303	5196	5302	4
5233	5237	5331	4
5236	5332	5234	4
5236	5235	5333	4
5268	5270	5267	4
5303	5305	5197	4
5197	5305	5304	4
5307	5199	5306	4
5308	5200	5307	4
5308	5311	5207	4
5207	5310	5309	4
5207	5311	5310	4
5335	5247	5248	1
5247	5336	5249	1
5312	5313	5210	4
5249	5337	5250	1
5251	5250	5338	1
5256	5335	5248	4
5276	5234	5332	4
5280	5286	5279	4
5315	5314	5216	4
5315	5218	5316	4
5314	5317	5219	4
5341	5256	5255	4
5255	5257	5341	4
5287	5285	5284	4
5316	5222	5319	4
5319	5221	5318	4
5343	5257	5258	4
5321	5224	5322	4
5317	5324	5226	4
5265	5345	5258	4
5260	5261	5347	4
5225	5320	5323	4
5340	5278	5251	1
5323	5322	5225	4
5324	5320	5226	4
5264	5260	5346	4
5348	5261	5262	4
5228	5325	5318	4
5329	5231	5313	4
5262	5263	5349	4
5263	5266	5350	4
5351	5265	5264	4
5325	5229	5326	4
5327	5326	5229	4
5328	5327	5230	4
5328	5231	5329	4
5331	5237	5321	4
5350	5266	5274	4
5268	5354	5270	4
5331	5330	5233	4
5355	5269	5272	4
5355	5273	5269	4
5354	5268	5275	4
5356	5271	5270	4
5333	5235	5330	4
5358	5272	5271	4
5332	5236	5334	4
5333	5334	5236	4
5273	5361	5274	4
5275	5276	5362	4
5335	5336	5247	1
5363	5277	5278	4
5280	5277	5363	4
5249	5336	5337	1
5250	5337	5339	1
5250	5339	5338	1
5366	5282	5281	4
5340	5251	5338	1
5364	5286	5280	4
5282	5367	5283	4
5256	5341	5335	4
5286	5365	5281	4
5369	5284	5283	4
5287	5284	5369	4
5342	5341	5257	4
5344	5342	5257	4
5257	5343	5344	4
5289	5287	5369	4
5258	5345	5343	4
5288	5289	5372	4
5347	5346	5260	4
5294	5288	5372	4
5261	5348	5347	4
5290	5375	5291	4
5292	5375	5290	4
5262	5349	5348	4
5376	5293	5291	4
5264	5346	5352	4
5263	5350	5349	4
5353	5345	5265	4
5297	5377	5292	4
5264	5352	5351	4
5265	5351	5353	4
5379	5296	5294	4
5362	5276	5332	4
5295	5296	5380	4
5376	5302	5293	4
5299	5377	5297	4
5295	5380	5301	4
5299	5298	5382	4
5300	5382	5298	4
5270	5354	5356	4
5340	5363	5278	4
5356	5357	5271	4
5361	5350	5274	4
5272	5359	5355	4
5300	5301	5385	4
5271	5357	5358	4
5361	5273	5355	4
5358	5360	5272	4
5272	5360	5359	4
5303	5302	5388	4
5354	5275	5362	4
5305	5303	5389	4
5304	5305	5390	4
5306	5392	5307	4
5363	5364	5280	4
5308	5307	5393	4
5281	5365	5366	4
5308	5394	5311	4
5367	5282	5366	4
5310	5311	5395	4
5367	5368	5283	4
5368	5369	5283	4
5364	5370	5286	4
5371	5365	5286	4
5315	5397	5314	4
5371	5286	5370	4
5317	5314	5397	4
5316	5398	5315	4
5369	5373	5289	4
5374	5372	5289	4
5400	5316	5319	4
5374	5289	5373	4
5403	5319	5318	4
5376	5291	5375	4
5401	5324	5317	4
5292	5378	5375	4
5379	5294	5372	4
5402	5318	5325	4
5292	5377	5378	4
5320	5404	5323	4
5322	5405	5321	4
5404	5320	5324	4
5322	5323	5407	4
5325	5326	5402	4
5379	5381	5296	4
5331	5321	5405	4
5380	5296	5381	4
5299	5383	5377	4
5382	5384	5299	4
5302	5376	5388	4
5299	5384	5383	4
5385	5382	5300	4
5386	5301	5380	4
5330	5331	5410	4
5301	5387	5385	4
5333	5330	5411	4
5301	5386	5387	4
5332	5334	5413	4
5389	5303	5388	4
5334	5333	5414	4
5390	5305	5389	4
5335	5416	5336	1
5391	5392	5306	4
5417	5337	5336	1
5392	5393	5307	4
5341	5416	5335	4
5337	5419	5339	1
5308	5393	5394	4
5420	5338	5339	1
5338	5420	5340	1
5311	5394	5396	4
5396	5395	5311	4
5342	5423	5341	4
5332	5413	5362	4
5397	5315	5399	4
5344	5425	5342	4
5399	5315	5398	4
5426	5344	5343	4
5316	5400	5398	4
5345	5427	5343	4
5401	5317	5397	4
5319	5403	5400	4
5402	5403	5318	4
5379	5372	5374	4
5432	5346	5347	4
5340	5422	5363	4
5353	5430	5345	4
5433	5347	5348	4
5346	5431	5352	4
5348	5349	5434	4
5405	5322	5406	4
5435	5349	5350	4
5401	5409	5324	4
5374	5381	5379	4
5407	5406	5322	4
5404	5408	5323	4
5409	5404	5324	4
5377	5383	5378	4
5407	5323	5408	4
5351	5352	5436	4
5353	5351	5436	4
5405	5410	5331	4
5361	5435	5350	4
5381	5386	5380	4
5356	5354	5439	4
5410	5412	5330	4
5412	5411	5330	4
5359	5440	5355	4
5357	5356	5441	4
5354	5362	5439	4
5440	5361	5355	4
5357	5442	5358	4
5333	5411	5415	4
5414	5413	5334	4
5360	5358	5443	4
5333	5415	5414	4
5360	5444	5359	4
5416	5417	5336	1
5418	5337	5417	1
5419	5337	5418	1
5450	5364	5363	4
5339	5419	5421	1
5420	5339	5421	1
5423	5416	5341	4
5420	5422	5340	4
5453	5366	5365	4
5452	5370	5364	4
5366	5455	5367	4
5371	5453	5365	4
5424	5423	5342	4
5367	5456	5368	4
5342	5425	5424	4
5369	5368	5457	4
5427	5426	5343	4
5425	5344	5428	4
5458	5371	5370	4
5457	5373	5369	4
5344	5426	5429	4
5428	5344	5429	4
5427	5345	5430	4
5373	5460	5374	4
5432	5431	5346	4
5433	5432	5347	4
5463	5376	5375	4
5433	5348	5434	4
5378	5462	5375	4
5461	5381	5374	4
5349	5435	5434	4
5436	5430	5353	4
5437	5352	5431	4
5404	5409	5408	4
5449	5362	5413	4
5383	5464	5378	4
5436	5352	5438	4
5463	5388	5376	4
5438	5352	5437	4
5384	5382	5466	4
5381	5465	5386	4
5385	5466	5382	4
5383	5384	5467	4
5422	5450	5363	4
5441	5356	5439	4
5442	5357	5441	4
5385	5387	5470	4
5442	5443	5358	4
5361	5448	5435	4
5440	5359	5445	4
5472	5387	5386	4
5445	5359	5444	4
5440	5447	5361	4
5446	5360	5443	4
5449	5439	5362	4
5360	5446	5444	4
5389	5388	5474	4
5389	5475	5390	4
5447	5448	5361	4
5391	5477	5392	4
5393	5392	5478	4
5478	5394	5393	4
5451	5364	5450	4
5451	5452	5364	4
5478	5396	5394	4
5395	5396	5479	4
5454	5366	5453	4
5366	5454	5455	4
5397	5399	5481	4
5367	5455	5456	4
5481	5401	5397	4
5398	5400	5482	4
5452	5458	5370	4
5398	5483	5399	4
5456	5457	5368	4
5371	5459	5453	4
5403	5485	5400	4
5459	5371	5458	4
5373	5457	5460	4
5402	5487	5403	4
5374	5460	5461	4
5401	5486	5409	4
5405	5406	5488	4
5375	5462	5463	4
5489	5406	5407	4
5405	5488	5410	4
5378	5464	5462	4
5408	5491	5407	4
5465	5381	5461	4
5409	5492	5408	4
5410	5488	5412	4
5464	5383	5467	4
5493	5411	5412	4
5448	5434	5435	4
5468	5384	5466	4
5493	5415	5411	4
5467	5384	5469	4
5384	5468	5469	4
5385	5471	5466	4
5414	5496	5413	4
5472	5386	5465	4
5496	5414	5415	4
5463	5474	5388	4
5470	5471	5385	4
5473	5470	5387	4
5445	5447	5440	4
5387	5472	5473	4
5499	5417	5416	1
5500	5418	5417	1
5416	5423	5499	4
5474	5475	5389	4
5418	5502	5419	1
5419	5503	5421	1
5477	5391	5476	4
5420	5421	5504	4
5504	5422	5420	4
5424	5499	5423	4
5477	5478	5392	4
5478	5480	5396	4
5480	5479	5396	4
5506	5424	5425	4
5449	5413	5495	4
5428	5508	5425	4
5510	5426	5427	4
5483	5398	5482	4
5484	5481	5399	4
5399	5483	5484	4
5429	5426	5511	4
5485	5482	5400	4
5486	5401	5481	4
5430	5512	5427	4
5429	5513	5428	4
5485	5403	5487	4
5504	5450	5422	4
5518	5431	5432	4
5517	5430	5436	4
5432	5433	5519	4
5490	5488	5406	4
5489	5490	5406	4
5431	5518	5437	4
5486	5492	5409	4
5489	5407	5491	4
5434	5521	5433	4
5492	5491	5408	4
5494	5412	5488	4
5436	5438	5522	4
5438	5437	5523	4
5494	5493	5412	4
5521	5434	5448	4
5413	5496	5495	4
5471	5468	5466	4
5497	5415	5493	4
5441	5439	5527	4
5415	5498	5496	4
5415	5497	5498	4
5441	5528	5442	4
5443	5442	5529	4
5439	5449	5527	4
5499	5500	5417	1
5500	5501	5418	1
5501	5502	5418	1
5532	5446	5443	4
5444	5533	5445	4
5444	5446	5533	4
5419	5502	5503	1
5534	5447	5445	4
5448	5447	5534	4
5503	5505	5421	4
5504	5421	5505	4
5424	5507	5499	4
5478	5477	5480	4
5507	5424	5506	4
5509	5506	5425	4
5451	5450	5540	4
5509	5425	5508	4
5451	5541	5452	4
5510	5511	5426	4
5510	5427	5512	4
5514	5508	5428	4
5454	5453	5544	4
5458	5452	5543	4
5455	5454	5545	4
5514	5428	5513	4
5511	5516	5429	4
5459	5544	5453	4
5455	5546	5456	4
5515	5513	5429	4
5504	5505	5450	4
5430	5517	5512	4
5456	5546	5457	4
5516	5515	5429	4
5457	5547	5460	4
5458	5548	5459	4
5461	5460	5547	4
5432	5519	5518	4
5433	5520	5519	4
5488	5490	5494	4
5433	5521	5520	4
5436	5522	5517	4
5461	5550	5465	4
5463	5462	5552	4
5464	5551	5462	4
5524	5437	5518	4
5538	5449	5495	4
5464	5467	5551	4
5524	5523	5437	4
5525	5522	5438	4
5526	5438	5523	4
5474	5463	5552	4
5438	5526	5525	4
5553	5472	5465	4
5469	5554	5467	4
5556	5469	5468	4
5450	5505	5539	4
5556	5468	5471	4
5527	5528	5441	4
5557	5471	5470	4
5557	5470	5473	4
5528	5530	5442	4
5530	5529	5442	4
5529	5531	5443	4
5560	5473	5472	4
5521	5448	5536	4
5499	5507	5500	1
5443	5531	5532	4
5562	5475	5474	4
5533	5534	5445	4
5532	5535	5446	4
5538	5527	5449	4
5535	5533	5446	4
5476	5564	5477	4
5537	5448	5534	4
5477	5564	5480	4
5448	5537	5536	4
5484	5566	5481	4
5480	5565	5479	4
5567	5483	5482	4
5450	5539	5540	4
5451	5540	5542	4
5481	5566	5486	4
5542	5541	5451	4
5567	5482	5485	4
5484	5483	5568	4
5541	5543	5452	4
5545	5454	5544	4
5545	5546	5455	4
5492	5486	5570	4
5548	5458	5543	4
5457	5546	5547	4
5489	5573	5490	4
5572	5489	5491	4
5544	5459	5549	4
5549	5459	5548	4
5461	5547	5550	4
5492	5576	5491	4
5490	5575	5494	4
5494	5575	5493	4
5551	5552	5462	4
5575	5497	5493	4
5553	5465	5550	4
5496	5578	5495	4
5498	5578	5496	4
5551	5467	5555	4
5580	5498	5497	4
5467	5554	5555	4
5554	5469	5556	4
5501	5500	5582	1
5559	5472	5553	4
5558	5556	5471	4
5558	5471	5557	4
5501	5584	5502	1
5552	5562	5474	4
5500	5507	5582	1
5502	5585	5503	1
5472	5559	5560	4
5561	5557	5473	4
5503	5586	5505	4
5473	5560	5561	4
5587	5507	5506	4
5509	5587	5506	4
5476	5563	5564	4
5588	5509	5508	4
5480	5564	5565	4
5577	5538	5495	4
5514	5589	5508	4
5592	5511	5510	4
5593	5510	5512	4
5483	5567	5568	4
5569	5566	5484	4
5484	5568	5569	4
5595	5516	5511	4
5486	5566	5571	4
5514	5513	5597	4
5515	5597	5513	4
5596	5512	5517	4
5570	5486	5571	4
5516	5599	5515	4
5539	5505	5586	4
5572	5573	5489	4
5517	5522	5596	4
5490	5573	5574	4
5570	5576	5492	4
5602	5518	5519	4
5576	5572	5491	4
5490	5574	5575	4
5603	5519	5520	4
5522	5525	5596	4
5518	5602	5524	4
5520	5521	5605	4
5495	5578	5577	4
5497	5575	5579	4
5523	5524	5607	4
5606	5526	5523	4
5579	5580	5497	4
5581	5578	5498	4
5580	5581	5498	4
5610	5525	5526	4
5521	5536	5605	4
5582	5583	5501	1
5501	5583	5584	1
5527	5614	5528	4
5584	5585	5502	1
5614	5530	5528	4
5586	5503	5585	4
5530	5615	5529	4
5561	5558	5557	4
5531	5529	5615	4
5507	5587	5582	1
5527	5538	5614	4
5532	5531	5617	4
5588	5508	5589	4
5618	5535	5532	4
5619	5534	5533	4
5587	5509	5591	4
5590	5509	5588	4
5620	5533	5535	4
5591	5509	5590	4
5537	5534	5621	4
5510	5593	5592	4
5623	5536	5537	4
5511	5592	5594	4
5595	5511	5594	4
5589	5514	5598	4
5512	5596	5593	4
5540	5539	5626	4
5569	5571	5566	4
5514	5597	5598	4
5542	5540	5628	4
5542	5629	5541	4
5595	5601	5516	4
5597	5515	5600	4
5541	5629	5543	4
5515	5599	5600	4
5599	5516	5601	4
5543	5631	5548	4
5545	5544	5633	4
5632	5544	5549	4
5602	5519	5604	4
5545	5634	5546	4
5604	5519	5603	4
5579	5575	5574	4
5605	5603	5520	4
5547	5546	5636	4
5525	5611	5596	4
5547	5636	5550	4
5548	5637	5549	4
5602	5609	5524	4
5607	5606	5523	4
5524	5608	5607	4
5538	5577	5625	4
5608	5524	5609	4
5553	5550	5639	4
5640	5552	5551	4
5606	5612	5526	4
5611	5525	5610	4
5551	5555	5640	4
5526	5613	5610	4
5526	5612	5613	4
5554	5643	5555	4
5627	5539	5586	4
5644	5554	5556	4
5642	5559	5553	4
5641	5562	5552	4
5556	5558	5644	4
5614	5616	5530	4
5615	5530	5616	4
5617	5531	5615	4
5605	5536	5623	4
5558	5561	5647	4
5618	5532	5617	4
5540	5626	5601	4
5648	5560	5559	4
5601	5628	5540	4
5561	5560	5649	4
5533	5620	5619	4
5534	5619	5621	4
5618	5622	5535	4
5620	5535	5622	4
5614	5538	5625	4
5653	5564	5563	4
5624	5537	5621	4
5564	5653	5565	4
5624	5623	5537	4
5627	5626	5539	4
5572	5655	5573	4
5611	5593	5596	4
5628	5630	5542	4
5542	5630	5629	4
5576	5654	5572	4
5629	5631	5543	4
5657	5574	5573	4
5544	5632	5633	4
5579	5574	5658	4
5545	5633	5635	4
5635	5634	5545	4
5578	5659	5577	4
5604	5609	5602	4
5637	5548	5631	4
5636	5546	5634	4
5659	5578	5581	4
5579	5660	5580	4
5549	5638	5632	4
5580	5662	5581	4
5628	5601	5595	4
5637	5638	5549	4
5639	5550	5636	4
5600	5599	5626	4
5599	5601	5626	4
5583	5582	5664	1
5584	5583	5665	1
5641	5552	5640	4
5587	5664	5582	1
5639	5642	5553	4
5585	5584	5666	1
5585	5667	5586	4
5645	5640	5555	4
5643	5554	5644	4
5591	5664	5587	1
5555	5643	5646	4
5645	5555	5646	4
5669	5588	5589	4
5588	5669	5590	4
5647	5644	5558	4
5642	5648	5559	4
5671	5591	5590	4
5627	5600	5626	4
5598	5670	5589	4
5650	5560	5648	4
5593	5673	5592	4
5561	5651	5647	4
5592	5673	5594	4
5650	5649	5560	4
5561	5649	5651	4
5659	5625	5577	4
5595	5594	5674	4
5652	5653	5563	4
5676	5598	5597	4
5600	5676	5597	4
5673	5593	5611	4
5655	5572	5654	4
5668	5627	5586	4
5573	5655	5656	4
5657	5573	5656	4
5603	5680	5604	4
5605	5679	5603	4
5658	5574	5657	4
5604	5682	5609	4
5683	5606	5607	4
5660	5579	5658	4
5628	5595	5674	4
5685	5607	5608	4
5606	5683	5612	4
5581	5662	5659	4
5600	5627	5676	4
5608	5609	5686	4
5663	5580	5660	4
5662	5580	5661	4
5663	5661	5580	4
5605	5623	5679	4
5610	5687	5611	4
5687	5610	5613	4
5665	5583	5664	1
5612	5690	5613	4
5665	5666	5584	1
5667	5585	5666	4
5668	5586	5667	4
5614	5692	5616	4
5616	5693	5615	4
5693	5617	5615	4
5664	5591	5672	1
5670	5669	5589	4
5590	5669	5671	4
5614	5625	5692	4
5617	5696	5618	4
5591	5671	5672	1
5620	5698	5619	4
5622	5618	5697	4
5621	5619	5698	4
5620	5622	5699	4
5675	5594	5673	4
5594	5675	5674	4
5700	5624	5621	4
5598	5677	5670	4
5704	5623	5624	4
5678	5598	5676	4
5677	5598	5678	4
5680	5603	5679	4
5604	5680	5681	4
5630	5628	5707	4
5708	5629	5630	4
5681	5682	5604	4
5708	5631	5629	4
5676	5627	5668	4
5688	5673	5611	4
5607	5684	5683	4
5710	5633	5632	4
5685	5684	5607	4
5686	5609	5682	4
5637	5631	5709	4
5635	5633	5710	4
5686	5685	5608	4
5711	5634	5635	4
5632	5638	5710	4
5636	5634	5711	4
5658	5663	5660	4
5612	5683	5689	4
5687	5688	5611	4
5625	5659	5705	4
5714	5639	5636	4
5638	5637	5715	4
5612	5689	5690	4
5691	5687	5613	4
5613	5690	5691	4
5714	5642	5639	4
5717	5641	5640	4
5664	5672	5665	1
5640	5645	5717	4
5694	5616	5692	4
5693	5616	5694	4
5617	5693	5695	4
5704	5679	5623	4
5643	5644	5719	4
5695	5696	5617	4
5643	5719	5646	4
5642	5718	5648	4
5674	5707	5628	4
5720	5644	5647	4
5618	5696	5697	4
5721	5645	5646	4
5698	5620	5699	4
5698	5701	5621	4
5622	5697	5702	4
5723	5647	5651	4
5701	5700	5621	4
5724	5650	5648	4
5678	5676	5668	4
5625	5706	5692	4
5622	5703	5699	4
5649	5650	5725	4
5651	5649	5725	4
5703	5622	5702	4
5704	5624	5700	4
5706	5625	5705	4
5688	5675	5673	4
5656	5728	5657	4
5657	5729	5658	4
5630	5707	5708	4
5709	5631	5708	4
5687	5675	5688	4
5730	5663	5658	4
5731	5659	5662	4
5732	5662	5661	4
5661	5663	5733	4
5635	5712	5711	4
5713	5635	5710	4
5712	5635	5713	4
5714	5636	5711	4
5709	5715	5637	4
5704	5680	5679	4
5716	5710	5638	4
5665	5735	5666	1
5666	5736	5667	4
5716	5638	5715	4
5667	5736	5668	4
5665	5672	5735	1
5714	5718	5642	4
5670	5737	5669	4
5671	5669	5737	4
5672	5671	5738	1
5678	5668	5736	4
5721	5717	5645	4
5644	5720	5719	4
5737	5670	5677	4
5719	5722	5646	4
5674	5675	5739	4
5722	5721	5646	4
5718	5724	5648	4
5647	5723	5720	4
5731	5705	5659	4
5706	5694	5692	4
5741	5677	5678	4
5724	5726	5650	4
5726	5725	5650	4
5651	5727	5723	4
5675	5687	5740	4
5681	5680	5742	4
5725	5727	5651	4
5682	5681	5743	4
5684	5746	5683	4
5682	5745	5686	4
5657	5728	5729	4
5684	5685	5747	4
5685	5686	5745	4
5730	5658	5729	4
5689	5683	5746	4
5739	5707	5674	4
5731	5662	5732	4
5732	5661	5733	4
5742	5680	5704	4
5730	5734	5663	4
5691	5749	5687	4
5689	5750	5690	4
5663	5734	5733	4
5690	5752	5691	4
5736	5666	5735	4
5694	5754	5693	4
5755	5695	5693	4
5738	5735	5672	1
5737	5738	5671	1
5695	5757	5696	4
5696	5759	5697	4
5738	5737	5677	4
5740	5739	5675	4
5708	5707	5739	4
5678	5736	5741	4
5677	5741	5738	4
5706	5756	5694	4
5702	5697	5759	4
5761	5698	5699	4
5761	5701	5698	4
5703	5761	5699	4
5700	5701	5763	4
5743	5681	5742	4
5762	5704	5700	4
5682	5743	5744	4
5702	5765	5703	4
5682	5744	5745	4
5687	5749	5740	4
5685	5745	5747	4
5746	5684	5748	4
5747	5748	5684	4
5706	5705	5768	4
5769	5709	5708	4
5746	5751	5689	4
5751	5750	5689	4
5752	5690	5750	4
5691	5753	5749	4
5772	5713	5710	4
5715	5709	5771	4
5691	5752	5753	4
5712	5773	5711	4
5710	5716	5772	4
5773	5714	5711	4
5713	5774	5712	4
5755	5693	5754	4
5716	5715	5771	4
5694	5756	5754	4
5705	5731	5768	4
5695	5755	5757	4
5718	5714	5777	4
5758	5696	5757	4
5735	5741	5736	4
5742	5704	5767	4
5758	5760	5696	4
5738	5741	5735	4
5759	5696	5760	4
5739	5769	5708	4
5720	5780	5719	4
5718	5779	5724	4
5719	5780	5722	4
5723	5780	5720	4
5763	5762	5700	4
5764	5701	5761	4
5759	5765	5702	4
5761	5703	5764	4
5764	5763	5701	4
5706	5768	5756	4
5727	5783	5723	4
5704	5762	5767	4
5764	5703	5766	4
5726	5724	5784	4
5765	5766	5703	4
5725	5726	5785	4
5727	5725	5785	4
5709	5769	5770	4
5709	5770	5771	4
5731	5732	5788	4
5732	5733	5789	4
5734	5790	5733	4
5775	5773	5712	4
5772	5776	5713	4
5774	5775	5712	4
5713	5776	5774	4
5714	5773	5777	4
5716	5771	5778	4
5778	5772	5716	4
5791	5739	5740	4
5779	5718	5777	4
5742	5793	5743	4
5749	5792	5740	4
5795	5744	5743	4
5722	5780	5781	4
5723	5782	5780	4
5745	5744	5797	4
5731	5788	5768	4
5784	5724	5779	4
5782	5723	5783	4
5747	5745	5798	4
5747	5798	5748	4
5746	5748	5799	4
5749	5753	5792	4
5726	5784	5786	4
5727	5787	5783	4
5751	5746	5800	4
5785	5726	5786	4
5785	5787	5727	4
5791	5769	5739	4
5751	5802	5750	4
5767	5794	5742	4
5802	5752	5750	4
5752	5804	5753	4
5789	5788	5732	4
5789	5733	5790	4
5754	5806	5755	4
5754	5756	5806	4
5757	5755	5807	4
5792	5791	5740	4
5777	5773	5775	4
5810	5758	5757	4
5760	5758	5811	4
5794	5793	5742	4
5770	5769	5791	4
5793	5795	5743	4
5759	5760	5812	4
5809	5756	5768	4
5744	5795	5796	4
5765	5759	5812	4
5796	5797	5744	4
5798	5745	5797	4
5762	5763	5815	4
5766	5765	5812	4
5781	5780	5782	4
5815	5767	5762	4
5764	5817	5763	4
5800	5746	5799	4
5801	5748	5798	4
5764	5766	5818	4
5748	5801	5799	4
5792	5753	5805	4
5791	5792	5770	4
5800	5803	5751	4
5802	5751	5803	4
5802	5804	5752	4
5771	5770	5820	4
5804	5805	5753	4
5768	5788	5809	4
5807	5755	5806	4
5778	5771	5821	4
5772	5822	5776	4
5756	5808	5806	4
5823	5775	5774	4
5774	5776	5823	4
5778	5822	5772	4
5757	5807	5810	4
5808	5756	5809	4
5794	5767	5815	4
5775	5825	5777	4
5810	5811	5758	4
5779	5777	5825	4
5770	5792	5820	4
5760	5813	5812	4
5811	5814	5760	4
5809	5788	5789	4
5813	5760	5814	4
5830	5784	5779	4
5815	5763	5816	4
5781	5782	5831	4
5817	5816	5763	4
5782	5783	5831	4
5766	5812	5819	4
5764	5818	5817	4
5830	5786	5784	4
5819	5818	5766	4
5787	5833	5783	4
5834	5785	5786	4
5787	5785	5834	4
5771	5820	5821	4
5790	5836	5789	4
5820	5792	5805	4
5823	5824	5775	4
5794	5837	5793	4
5824	5826	5775	4
5837	5795	5793	4
5776	5822	5827	4
5776	5827	5823	4
5826	5825	5775	4
5778	5821	5828	4
5822	5778	5828	4
5840	5796	5795	4
5779	5825	5829	4
5809	5789	5836	4
5796	5841	5797	4
5798	5797	5842	4
5829	5830	5779	4
5798	5843	5801	4
5800	5799	5844	4
5799	5801	5844	4
5783	5832	5831	4
5794	5815	5838	4
5800	5845	5803	4
5783	5833	5832	4
5786	5830	5835	4
5803	5849	5802	4
5833	5787	5834	4
5786	5835	5834	4
5804	5802	5850	4
5805	5804	5852	4
5838	5815	5816	4
5855	5806	5808	4
5806	5856	5807	4
5794	5839	5837	4
5839	5794	5838	4
5837	5840	5795	4
5807	5857	5810	4
5858	5808	5809	4
5840	5841	5796	4
5820	5805	5854	4
5842	5797	5841	4
5826	5829	5825	4
5810	5860	5811	4
5798	5842	5843	4
5814	5811	5860	4
5812	5813	5861	4
5862	5813	5814	4
5800	5844	5846	4
5843	5847	5801	4
5845	5800	5846	4
5861	5819	5812	4
5848	5844	5801	4
5854	5821	5820	4
5847	5848	5801	4
5845	5849	5803	4
5817	5865	5816	4
5818	5867	5817	4
5802	5849	5851	4
5802	5851	5850	4
5836	5858	5809	4
5818	5819	5867	4
5850	5853	5804	4
5853	5852	5804	4
5852	5854	5805	4
5856	5806	5855	4
5870	5828	5821	4
5872	5824	5823	4
5857	5807	5856	4
5827	5822	5871	4
5838	5816	5866	4
5858	5855	5808	4
5828	5871	5822	4
5823	5827	5872	4
5873	5826	5824	4
5857	5859	5810	4
5826	5874	5829	4
5810	5859	5860	4
5861	5813	5862	4
5829	5878	5830	4
5846	5844	5848	4
5864	5814	5860	4
5814	5863	5862	4
5864	5863	5814	4
5835	5830	5879	4
5854	5870	5821	4
5880	5832	5833	4
5866	5816	5865	4
5834	5881	5833	4
5817	5867	5865	4
5869	5819	5861	4
5881	5834	5835	4
5867	5819	5868	4
5869	5868	5819	4
5883	5837	5839	4
5837	5883	5840	4
5838	5884	5839	4
5887	5841	5840	4
5872	5873	5824	4
5841	5888	5842	4
5842	5888	5843	4
5871	5875	5827	4
5874	5826	5873	4
5828	5870	5876	4
5875	5872	5827	4
5871	5828	5877	4
5843	5889	5847	4
5877	5828	5876	4
5829	5874	5878	4
5846	5891	5845	4
5859	5864	5860	4
5845	5890	5849	4
5848	5892	5846	4
5878	5879	5830	4
5884	5838	5866	4
5848	5847	5893	4
5851	5849	5890	4
5880	5833	5881	4
5835	5879	5882	4
5850	5851	5896	4
5881	5835	5882	4
5896	5853	5850	4
5853	5900	5852	4
5900	5854	5852	4
5886	5883	5839	4
5885	5839	5884	4
5885	5886	5839	4
5883	5887	5840	4
5841	5887	5888	4
5888	5889	5843	4
5870	5854	5900	4
5862	5902	5861	4
5891	5890	5845	4
5862	5863	5903	4
5891	5846	5892	4
5847	5889	5894	4
5861	5902	5869	4
5894	5893	5847	4
5848	5895	5892	4
5865	5904	5866	4
5904	5865	5867	4
5848	5893	5895	4
5890	5898	5851	4
5867	5868	5906	4
5896	5851	5897	4
5869	5908	5868	4
5851	5899	5897	4
5899	5851	5898	4
5853	5896	5901	4
5900	5853	5901	4
5884	5866	5905	4
5911	5876	5870	4
5875	5871	5912	4
5872	5913	5873	4
5872	5875	5913	4
5877	5912	5871	4
5914	5874	5873	4
5862	5903	5902	4
5874	5915	5878	4
5877	5876	5917	4
5866	5904	5905	4
5920	5879	5878	4
5904	5867	5906	4
5902	5909	5869	4
5868	5907	5906	4
5911	5870	5900	4
5879	5920	5882	4
5908	5907	5868	4
5881	5922	5880	4
5882	5922	5881	4
5869	5910	5908	4
5869	5909	5910	4
5886	5925	5883	4
5925	5887	5883	4
5927	5885	5884	4
5928	5886	5885	4
5873	5913	5914	4
5915	5874	5914	4
5916	5875	5912	4
5913	5875	5916	4
5911	5917	5876	4
5887	5930	5888	4
5912	5877	5918	4
5931	5889	5888	4
5900	5901	5911	4
5920	5878	5915	4
5919	5877	5917	4
5891	5933	5890	4
5919	5918	5877	4
5902	5903	5909	4
5894	5889	5932	4
5884	5905	5926	4
5891	5892	5934	4
5934	5892	5895	4
5898	5890	5933	4
5936	5893	5894	4
5880	5922	5921	4
5895	5893	5937	4
5920	5923	5882	4
5922	5882	5924	4
5882	5923	5924	4
5896	5897	5940	4
5904	5926	5905	4
5884	5926	5927	4
5941	5897	5899	4
5896	5940	5901	4
5929	5925	5886	4
5943	5899	5898	4
5927	5928	5885	4
5887	5925	5930	4
5886	5928	5929	4
5931	5888	5930	4
5931	5932	5889	4
5946	5904	5906	4
5911	5901	5945	4
5935	5933	5891	4
5907	5946	5906	4
5934	5935	5891	4
5908	5948	5907	4
5938	5894	5932	4
5936	5937	5893	4
5949	5908	5910	4
5924	5921	5922	4
5895	5939	5934	4
5936	5894	5938	4
5939	5895	5937	4
5898	5933	5942	4
5911	5945	5917	4
5904	5947	5926	4
5897	5941	5940	4
5913	5951	5914	4
5912	5950	5916	4
5912	5918	5950	4
5952	5913	5916	4
5914	5953	5915	4
5943	5898	5942	4
5899	5944	5941	4
5945	5901	5940	4
5943	5944	5899	4
5915	5954	5920	4
5917	5955	5919	4
5919	5956	5918	4
5947	5904	5946	4
5923	5920	5954	4
5947	5927	5926	4
5946	5907	5948	4
5957	5921	5924	4
5924	5923	5958	4
5949	5948	5908	4
5939	5935	5934	4
5933	5935	5942	4
5925	5929	5959	4
5925	5960	5930	4
5951	5913	5952	4
5945	5955	5917	4
5916	5950	5952	4
5953	5914	5951	4
5928	5927	5963	4
5929	5928	5963	4
5930	5960	5931	4
5954	5915	5953	4
5960	5932	5931	4
5950	5918	5956	4
5919	5955	5956	4
5923	5954	5958	4
5965	5938	5932	4
5927	5947	5962	4
5957	5924	5958	4
5967	5935	5939	4
5937	5936	5969	4
5969	5936	5938	4
5959	5960	5925	4
5935	5968	5942	4
5939	5937	5970	4
5927	5962	5961	4
5961	5963	5927	4
5964	5959	5929	4
5943	5942	5968	4
5963	5964	5929	4
5940	5941	5976	4
5932	5960	5966	4
5945	5940	5975	4
5977	5941	5944	4
5965	5932	5966	4
5978	5944	5943	4
5935	5967	5968	4
5979	5947	5946	4
5948	5979	5946	4
5975	5955	5945	4
5965	5973	5938	4
5948	5949	5980	4
5937	5969	5971	4
5970	5937	5972	4
5971	5972	5937	4
5973	5969	5938	4
5939	5974	5967	4
5970	5974	5939	4
5952	5950	5983	4
5966	5960	5959	4
5984	5951	5952	4
5962	5947	5979	4
5950	5956	5982	4
5959	5964	5966	4
5978	5943	5968	4
5985	5953	5951	4
5976	5975	5940	4
5953	5985	5954	4
5976	5941	5977	4
5958	5954	5985	4
5956	5955	5987	4
5944	5978	5977	4
5957	5958	5989	4
5979	5948	5981	4
5980	5981	5948	4
5971	5969	5973	4
5983	5950	5982	4
5961	5962	5992	4
5963	5961	5992	4
5987	5955	5975	4
5985	5951	5984	4
5983	5986	5952	4
5984	5952	5986	4
5963	5995	5964	4
5956	5988	5982	4
5966	5964	5997	4
5997	5965	5966	4
5988	5956	5987	4
5958	5985	5990	4
5979	5993	5962	4
5968	5967	6000	4
5973	5965	5998	4
5976	5987	5975	4
5989	5958	5991	4
5991	5958	5990	4
5999	5967	5974	4
5972	6001	5970	4
5974	5970	6001	4
6002	5972	5971	4
5973	6002	5971	4
6000	5978	5968	4
5962	5993	5992	4
5992	5994	5963	4
5963	5994	5995	4
5995	5996	5964	4
5996	5997	5964	4
5990	5985	5984	4
6007	5976	5977	4
5986	5990	5984	4
5965	5997	5998	4
6009	5977	5978	4
5999	6000	5967	4
5976	6006	5987	4
5981	6011	5979	4
5998	6004	5973	4
6001	5972	6003	4
6003	5972	6002	4
5999	5974	6005	4
5983	5982	6014	4
6002	5973	6004	4
6005	5974	6001	4
6013	5982	5988	4
5988	5987	6006	4
5993	5979	6011	4
6015	5986	5983	4
6000	6009	5978	4
6007	6006	5976	4
5986	6016	5990	4
6007	5977	6010	4
6008	5977	6009	4
6008	6010	5977	4
5991	5990	6016	4
5991	6018	5989	4
5981	6012	6011	4
5993	6020	5992	4
6020	5994	5992	4
5982	6013	6014	4
5988	6006	6017	4
6023	5995	5994	4
5983	6014	6015	4
5996	5995	6026	4
6016	5986	6015	4
5988	6017	6013	4
5996	6027	5997	4
5998	5997	6027	4
6011	6021	5993	4
5991	6016	6019	4
5991	6019	6018	4
5999	6030	6000	4
6004	5998	6028	4
6005	6029	5999	4
6022	6020	5993	4
5993	6021	6022	4
6032	6001	6003	4
6024	5994	6020	4
6005	6001	6032	4
6003	6002	6034	4
6033	6002	6004	4
6009	6000	6031	4
5994	6024	6023	4
6023	6025	5995	4
6012	6021	6011	4
6026	5995	6025	4
5996	6026	6027	4
6019	6016	6015	4
6007	6038	6006	4
5998	6027	6028	4
6039	6007	6010	4
6040	6008	6009	4
5999	6029	6030	4
6008	6041	6010	4
6031	6000	6030	4
6006	6038	6017	4
6024	6020	6022	4
6028	6036	6004	4
6033	6034	6002	4
6035	6032	6003	4
6013	6044	6014	4
6037	6029	6005	4
6034	6035	6003	4
6036	6033	6004	4
6044	6013	6017	4
6037	6005	6032	4
6045	6015	6014	4
6043	6021	6012	4
6015	6046	6019	4
6040	6009	6031	4
6007	6039	6038	4
6043	6022	6021	4
6018	6019	6049	4
6008	6040	6041	4
6039	6010	6042	4
6041	6042	6010	4
6022	6051	6024	4
6052	6023	6024	4
6052	6025	6023	4
6047	6017	6038	4
6044	6045	6014	4
6025	6053	6026	4
6046	6015	6045	4
6027	6026	6055	4
6017	6048	6044	4
6055	6028	6027	4
6017	6047	6048	4
6046	6049	6019	4
6022	6043	6050	4
6057	6030	6029	4
6058	6031	6030	4
6028	6056	6036	4
6037	6057	6029	4
6051	6022	6050	4
6039	6047	6038	4
6032	6035	6060	4
6024	6051	6052	4
6033	6061	6034	4
6060	6037	6032	4
6036	6061	6033	4
6040	6031	6059	4
6052	6054	6025	4
6062	6035	6034	4
6053	6025	6054	4
6055	6026	6053	4
6055	6056	6028	4
6030	6057	6058	4
6039	6042	6067	4
6058	6059	6031	4
6040	6068	6041	4
6042	6041	6069	4
6039	6067	6047	4
6064	6036	6056	4
6060	6035	6062	4
6062	6034	6061	4
6065	6057	6037	4
6044	6071	6045	4
6036	6063	6061	4
6064	6063	6036	4
6066	6037	6060	4
6071	6044	6048	4
6046	6045	6072	4
6040	6059	6068	4
6046	6072	6049	4
6066	6065	6037	4
6048	6047	6074	4
6051	6050	6077	4
6068	6069	6041	4
6067	6042	6070	4
6042	6069	6070	4
6051	6079	6052	4
6054	6052	6079	4
6080	6053	6054	4
6047	6067	6074	4
6055	6053	6080	4
6071	6073	6045	4
6072	6045	6073	4
6056	6055	6080	4
6075	6071	6048	4
6076	6048	6074	4
6048	6076	6075	4
6085	6058	6057	4
6058	6087	6059	4
6056	6084	6064	4
6051	6077	6078	4
6065	6085	6057	4
6051	6078	6079	4
6074	6067	6070	4
6060	6062	6090	4
6087	6068	6059	4
6061	6091	6062	4
6060	6089	6066	4
6054	6081	6080	4
6061	6063	6091	4
6082	6054	6079	4
6054	6083	6081	4
6075	6073	6071	4
6064	6092	6063	4
6054	6082	6083	4
6084	6056	6080	4
6065	6066	6096	4
6058	6085	6086	4
6058	6086	6088	4
6087	6058	6088	4
6069	6068	6099	4
6069	6099	6070	4
6079	6078	6082	4
6090	6089	6060	4
6094	6064	6084	4
6062	6091	6090	4
6065	6095	6085	4
6074	6070	6101	4
6081	6084	6080	4
6093	6091	6063	4
6063	6092	6093	4
6094	6092	6064	4
6101	6076	6074	4
6089	6098	6066	4
6087	6100	6068	4
6095	6065	6096	4
6078	6077	6103	4
6066	6097	6096	4
6097	6066	6098	4
6078	6103	6082	4
6086	6085	6095	4
6099	6068	6100	4
6104	6081	6083	4
6081	6104	6084	4
6099	6101	6070	4
6082	6105	6083	4
6093	6090	6091	4
6076	6101	6102	4
6109	6088	6086	4
6110	6087	6088	4
6084	6108	6094	4
6086	6095	6109	4
6105	6082	6103	4
6090	6112	6089	4
6104	6083	6107	4
6083	6105	6106	4
6093	6112	6090	4
6084	6104	6108	4
6107	6083	6106	4
6110	6100	6087	4
6098	6089	6112	4
6114	6093	6092	4
6113	6092	6094	4
6096	6116	6095	4
6088	6109	6111	4
6088	6111	6110	4
6096	6097	6117	4
6118	6097	6098	4
6113	6094	6108	4
6114	6092	6113	4
6093	6115	6112	4
6100	6121	6099	4
6095	6116	6109	4
6099	6121	6101	4
6114	6115	6093	4
6102	6101	6121	4
6117	6116	6096	4
6120	6098	6112	4
6110	6122	6100	4
6117	6097	6118	4
6107	6123	6104	4
6123	6108	6104	4
6118	6098	6119	4
6116	6111	6109	4
6098	6120	6119	4
6106	6124	6107	4
6100	6122	6121	4
6126	6113	6108	4
6127	6112	6115	4
6123	6107	6124	4
6114	6113	6128	4
6108	6123	6125	4
6130	6115	6114	4
6127	6120	6112	4
6126	6108	6125	4
6128	6113	6126	4
6119	6120	6131	4
6129	6114	6128	4
6115	6130	6127	4
6114	6129	6130	4
6131	6120	6127	4
6124	6132	6123	4
6125	6123	6133	4
6125	6133	6126	4
6133	6123	6132	4
6135	6128	6126	4
6129	6128	6135	4
6126	6133	6134	4
6136	6131	6127	4
6137	6127	6130	4
6134	6135	6126	4
6139	6130	6129	4
6136	6127	6137	4
6129	6135	6138	4
6140	6133	6132	4
6139	6137	6130	4
6138	6139	6129	4
6141	6134	6133	4
6140	6141	6133	4
6135	6134	6142	4
6143	6138	6135	4
6141	6142	6134	4
6144	6136	6137	4
6143	6135	6142	4
6139	6145	6137	4
6147	6139	6138	4
6137	6145	6144	4
6143	6146	6138	4
6148	6141	6140	4
6146	6147	6138	4
6139	6147	6145	4
6141	6149	6142	4
6150	6143	6142	4
6141	6148	6149	4
6152	6146	6143	4
6153	6144	6145	4
6149	6151	6142	4
6151	6150	6142	4
6145	6147	6153	4
6150	6152	6143	4
6154	6147	6146	4
6149	6148	6156	4
6155	6146	6152	4
6147	6154	6153	4
6154	6146	6155	4
6151	6149	6156	4
6157	6150	6151	4
6157	6152	6150	4
6156	6158	6151	4
6159	6157	6151	4
6152	6160	6155	4
6151	6158	6159	4
6152	6157	6161	4
6152	6161	6160	4
6159	6162	6157	4
6157	6162	6161	4
6159	6158	6163	4
6164	6162	6159	4
6163	6164	6159	4
6160	6161	6165	4
6167	6161	6162	4
6161	6166	6165	4
6164	6167	6162	4
6161	6167	6166	4
6164	6163	6168	4
6169	6167	6164	4
6170	6165	6166	4
6168	6169	6164	4
6167	6171	6166	4
6169	6171	6167	4
6166	6171	6170	4
6168	6172	6169	4
6173	6171	6169	4
6172	6173	6169	4
6174	6170	6171	4
6171	6173	6174	4
6172	6175	6173	4
6176	6174	6173	4
6173	6175	6176	4
6176	6175	6177	4
5
1	0
1	0
1	5
1	-4.9999999999999964
1	0
0
0
