
                        S T E P       1


                                INCREMENT     1


 stresses (elem, integ.pnt.,sxx,syy,szz,sxy,sxz,syz) for set SOLID and time  0.1000000E+01

         1   1  1.613390E+00  1.354117E+02 -6.420642E+01 -4.678435E+00 -5.239324E-01 -1.370093E-02
         1   2 -6.685658E-01  1.301676E+02 -6.655571E+01 -4.574858E+00 -5.770443E-01 -1.480218E-02
         1   3  1.986120E+00  1.350390E+02 -6.420642E+01 -8.462835E+00 -5.227524E-01 -3.771941E-02
         1   4 -3.040870E-01  1.298031E+02 -6.655571E+01 -8.275475E+00 -5.757165E-01 -4.182933E-02
         1   5  5.799891E-02  1.345311E+02 -6.493724E+01 -4.702028E+00 -7.969634E-01 -2.711410E-02
         1   6 -2.235198E+00  1.292608E+02 -6.729775E+01 -4.597929E+00 -8.500753E-01 -2.821534E-02
         1   7  4.326093E-01  1.341565E+02 -6.493724E+01 -8.505512E+00 -7.957834E-01 -5.113258E-02
         1   8 -1.868881E+00  1.288944E+02 -6.729775E+01 -8.317208E+00 -8.487475E-01 -5.524249E-02
         2   1  1.356684E+00  1.410248E+02 -5.361049E+01 -4.883678E+00 -7.996359E-01 -2.473741E-02
         2   2 -1.036067E+00  1.356541E+02 -5.620248E+01 -4.779551E+00 -8.427493E-01 -2.563134E-02
         2   3  1.745768E+00  1.406357E+02 -5.361049E+01 -8.834102E+00 -7.982101E-01 -5.375974E-02
         2   4 -6.552785E-01  1.352733E+02 -5.620248E+01 -8.645745E+00 -8.412035E-01 -5.709595E-02
         2   5  5.478196E-02  1.402183E+02 -5.424300E+01 -4.901003E+00 -1.584573E+00 -6.329893E-02
         2   6 -2.345919E+00  1.348291E+02 -5.684292E+01 -4.796506E+00 -1.627687E+00 -6.419284E-02
         2   7  4.452470E-01  1.398279E+02 -5.424300E+01 -8.865440E+00 -1.583147E+00 -9.232126E-02
         2   8 -1.963779E+00  1.344470E+02 -5.684292E+01 -8.676415E+00 -1.626141E+00 -9.565744E-02
         3   1  1.074409E+00  1.503579E+02 -3.945115E+01 -5.219893E+00 -1.008723E+00 -3.306792E-02
         3   2 -1.461617E+00  1.447522E+02 -4.228538E+01 -5.112561E+00 -1.034623E+00 -3.360494E-02
         3   3  1.490278E+00  1.499420E+02 -3.945115E+01 -9.442283E+00 -1.007107E+00 -6.596349E-02
         3   4 -1.054299E+00  1.443449E+02 -4.228538E+01 -9.248129E+00 -1.032935E+00 -6.796770E-02
         3   5  2.282842E-01  1.497243E+02 -3.989505E+01 -5.227326E+00 -2.178097E+00 -9.051558E-02
         3   6 -2.311031E+00  1.441110E+02 -4.273257E+01 -5.119841E+00 -2.203997E+00 -9.105259E-02
         3   7  6.447458E-01  1.493078E+02 -3.989505E+01 -9.455729E+00 -2.176481E+00 -1.234112E-01
         3   8 -1.903133E+00  1.437031E+02 -4.273257E+01 -9.261298E+00 -2.202309E+00 -1.254153E-01
         4   1  8.774695E-01  1.637997E+02 -2.114635E+01 -5.696791E+00 -1.119620E+00 -3.744153E-02
         4   2 -1.821479E+00  1.578659E+02 -2.419477E+01 -5.583680E+00 -1.126344E+00 -3.758094E-02
         4   3  1.331338E+00  1.633458E+02 -2.114635E+01 -1.030494E+01 -1.117899E+00 -7.248073E-02
         4   4 -1.376622E+00  1.574210E+02 -2.419477E+01 -1.010034E+01 -1.124604E+00 -7.300106E-02
         4   5  5.485147E-01  1.633807E+02 -2.137073E+01 -5.693643E+00 -2.488585E+00 -1.046945E-01
         4   6 -2.149089E+00  1.574500E+02 -2.441781E+01 -5.580595E+00 -2.495309E+00 -1.048339E-01
         4   7  1.002133E+00  1.629271E+02 -2.137073E+01 -1.029925E+01 -2.486864E+00 -1.397337E-01
         4   8 -1.704477E+00  1.570054E+02 -2.441781E+01 -1.009476E+01 -2.493569E+00 -1.402540E-01
         5   1  8.339684E-01  1.812911E+02  1.453121E+00 -6.309922E+00 -1.121567E+00 -3.741335E-02
         5   2 -2.036066E+00  1.749572E+02 -1.764454E+00 -6.188804E+00 -1.108385E+00 -3.714004E-02
         5   3  1.336679E+00  1.807884E+02  1.453120E+00 -1.141404E+01 -1.119833E+00 -7.269957E-02
         5   4 -1.543004E+00  1.744641E+02 -1.764454E+00 -1.119495E+01 -1.106688E+00 -7.167954E-02
         5   5  1.049939E+00  1.811136E+02  1.464671E+00 -6.296165E+00 -2.483937E+00 -1.043423E-01
         5   6 -1.814412E+00  1.747929E+02 -1.747228E+00 -6.175311E+00 -2.470756E+00 -1.040690E-01
         5   7  1.551554E+00  1.806120E+02  1.464671E+00 -1.138916E+01 -2.482204E+00 -1.396285E-01
         5   8 -1.322426E+00  1.743010E+02 -1.747228E+00 -1.117054E+01 -2.469059E+00 -1.386085E-01
         6   1  9.905242E-01  2.027223E+02  2.843660E+01 -7.053818E+00 -1.013453E+00 -3.296079E-02
         6   2 -2.051944E+00  1.959322E+02  2.510170E+01 -6.922776E+00 -9.800163E-01 -3.226750E-02
         6   3  1.552510E+00  2.021603E+02  2.843661E+01 -1.275968E+01 -1.011804E+00 -6.653368E-02
         6   4 -1.500398E+00  1.953806E+02  2.510171E+01 -1.252264E+01 -9.784600E-01 -6.394626E-02
         6   5  1.768289E+00  2.028076E+02  2.869553E+01 -7.029606E+00 -2.163083E+00 -8.943847E-02
         6   6 -1.264498E+00  1.960400E+02  2.537030E+01 -6.899014E+00 -2.129646E+00 -8.874517E-02
         6   7  2.328346E+00  2.022475E+02  2.869553E+01 -1.271588E+01 -2.161433E+00 -1.230114E-01
         6   8 -7.148462E-01  1.954904E+02  2.537030E+01 -1.247965E+01 -2.128090E+00 -1.204239E-01
         7   1  1.372552E+00  2.267340E+02  5.861588E+01 -7.880062E+00 -8.085445E-01 -2.472129E-02
         7   2 -1.827832E+00  2.194775E+02  5.522234E+01 -7.738235E+00 -7.575277E-01 -2.366348E-02
         7   3  2.000362E+00  2.261062E+02  5.861588E+01 -1.425427E+01 -8.070743E-01 -5.464895E-02
         7   4 -1.211322E+00  2.188610E+02  5.522234E+01 -1.399772E+01 -7.561995E-01 -5.070114E-02
         7   5  2.645993E+00  2.270662E+02  5.909757E+01 -7.847150E+00 -1.574158E+00 -6.233344E-02
         7   6 -5.416423E-01  2.198394E+02  5.571676E+01 -7.705915E+00 -1.523141E+00 -6.127564E-02
         7   7  3.271181E+00  2.264410E+02  5.909757E+01 -1.419474E+01 -1.572688E+00 -9.226110E-02
         7   8  7.229317E-02  2.192255E+02  5.571676E+01 -1.393926E+01 -1.521813E+00 -8.831331E-02
         8   1  1.579787E+00  2.338713E+02  7.250398E+01 -8.122381E+00 -5.371618E-01 -1.398132E-02
         8   2 -1.524258E+00  2.267128E+02  6.933356E+01 -7.980613E+00 -4.781228E-01 -1.275718E-02
         8   3  2.226891E+00  2.332242E+02  7.250397E+01 -1.469260E+01 -5.359457E-01 -3.873703E-02
         8   4 -8.884491E-01  2.260770E+02  6.933355E+01 -1.443616E+01 -4.770709E-01 -3.416844E-02
         8   5  3.093644E+00  2.343493E+02  7.310153E+01 -8.086160E+00 -8.107805E-01 -2.742331E-02
         8   6  3.205482E-03  2.272225E+02  6.994470E+01 -7.945024E+00 -7.517414E-01 -2.619917E-02
         8   7  3.737862E+00  2.337050E+02  7.310153E+01 -1.462709E+01 -8.095644E-01 -5.217901E-02
         8   8  6.361790E-01  2.265895E+02  6.994469E+01 -1.437178E+01 -7.506896E-01 -4.761044E-02
         9   1  3.811557E+00  1.332136E+02 -6.420642E+01 -1.763992E+01 -5.200666E-01 -6.498934E-02
         9   2  1.480934E+00  1.280181E+02 -6.655571E+01 -1.724939E+01 -5.728148E-01 -7.129116E-02
         9   3  4.915426E+00  1.321097E+02 -6.420642E+01 -2.127889E+01 -5.165381E-01 -8.877650E-02
         9   4  2.560364E+00  1.269387E+02 -6.655571E+01 -2.080780E+01 -5.688443E-01 -9.805801E-02
         9   5  2.267252E+00  1.323218E+02 -6.493723E+01 -1.772888E+01 -7.904681E-01 -1.050997E-01
         9   6 -7.485812E-02  1.271004E+02 -6.729775E+01 -1.733637E+01 -8.432163E-01 -1.114015E-01
         9   7  3.376687E+00  1.312124E+02 -6.493723E+01 -2.138620E+01 -7.869397E-01 -1.288869E-01
         9   8  1.010015E+00  1.260155E+02 -6.729775E+01 -2.091273E+01 -8.392458E-01 -1.381684E-01
        10   1  3.651286E+00  1.387302E+02 -5.361049E+01 -1.841378E+01 -7.933607E-01 -1.029963E-01
        10   2  1.209610E+00  1.334084E+02 -5.620248E+01 -1.802117E+01 -8.361789E-01 -1.081118E-01
        10   3  4.803587E+00  1.375779E+02 -5.361049E+01 -2.221240E+01 -7.890971E-01 -1.317391E-01
        10   4  2.337341E+00  1.322807E+02 -5.620248E+01 -2.173879E+01 -8.315565E-01 -1.392734E-01
        10   5  2.357525E+00  1.379156E+02 -5.424299E+01 -1.847911E+01 -1.570739E+00 -2.183095E-01
        10   6 -9.227563E-02  1.325755E+02 -5.684292E+01 -1.808510E+01 -1.613557E+00 -2.234249E-01
        10   7  3.513913E+00  1.367592E+02 -5.424299E+01 -2.229119E+01 -1.566475E+00 -2.470523E-01
        10   8  1.039457E+00  1.314437E+02 -5.684292E+01 -2.181591E+01 -1.608934E+00 -2.545865E-01
        11   1  3.526986E+00  1.479053E+02 -3.945114E+01 -1.968147E+01 -1.000625E+00 -1.317809E-01
        11   2  9.405292E-01  1.423501E+02 -4.228538E+01 -1.927678E+01 -1.026348E+00 -1.348539E-01
        11   3  4.758606E+00  1.466737E+02 -3.945115E+01 -2.374160E+01 -9.957923E-01 -1.643596E-01
        11   4  2.146825E+00  1.411438E+02 -4.228538E+01 -2.325342E+01 -1.021299E+00 -1.688858E-01
        11   5  2.684354E+00  1.472682E+02 -3.989504E+01 -1.970950E+01 -2.158737E+00 -3.035705E-01
        11   6  9.453582E-02  1.417055E+02 -4.273256E+01 -1.930423E+01 -2.184459E+00 -3.066436E-01
        11   7  3.917728E+00  1.460349E+02 -3.989505E+01 -2.377541E+01 -2.153904E+00 -3.361493E-01
        11   8  1.302549E+00  1.404974E+02 -4.273257E+01 -2.328653E+01 -2.179411E+00 -3.406755E-01
        12   1  3.554114E+00  1.611230E+02 -2.114635E+01 -2.147960E+01 -1.110559E+00 -1.470032E-01
        12   2  8.020205E-01  1.552424E+02 -2.419477E+01 -2.105312E+01 -1.117237E+00 -1.478010E-01
        12   3  4.898267E+00  1.597789E+02 -2.114635E+01 -2.591067E+01 -1.105411E+00 -1.817050E-01
        12   4  2.119485E+00  1.539249E+02 -2.419477E+01 -2.539621E+01 -1.112034E+00 -1.828800E-01
        12   5  3.223680E+00  1.607055E+02 -2.137073E+01 -2.146773E+01 -2.466340E+00 -3.481143E-01
        12   6  4.729612E-01  1.548280E+02 -2.441781E+01 -2.104149E+01 -2.473018E+00 -3.489121E-01
        12   7  4.567090E+00  1.593621E+02 -2.137073E+01 -2.589635E+01 -2.461192E+00 -3.828161E-01
        12   8  1.789698E+00  1.535113E+02 -2.441781E+01 -2.538218E+01 -2.467815E+00 -3.839911E-01
        13   1  3.798696E+00  1.783264E+02  1.453123E+00 -2.379140E+01 -1.112499E+00 -1.471660E-01
        13   2  8.717542E-01  1.720494E+02 -1.764451E+00 -2.333472E+01 -1.099408E+00 -1.456019E-01
        13   3  5.287509E+00  1.768375E+02  1.453122E+00 -2.869937E+01 -1.107315E+00 -1.821124E-01
        13   4  2.331990E+00  1.705891E+02 -1.764452E+00 -2.814848E+01 -1.094334E+00 -1.798088E-01
        13   5  4.008203E+00  1.781554E+02  1.464674E+00 -2.373953E+01 -2.461749E+00 -3.473083E-01
        13   6  1.087068E+00  1.718915E+02 -1.747225E+00 -2.328385E+01 -2.448658E+00 -3.457443E-01
        13   7  5.493770E+00  1.766698E+02  1.464673E+00 -2.863680E+01 -2.456565E+00 -3.822547E-01
        13   8  2.544120E+00  1.704344E+02 -1.747226E+00 -2.808711E+01 -2.443584E+00 -3.799511E-01
        14   1  4.304767E+00  1.994080E+02  2.843660E+01 -2.659624E+01 -1.005342E+00 -1.321378E-01
        14   2  1.200730E+00  1.926795E+02  2.510171E+01 -2.610215E+01 -9.721345E-01 -1.281705E-01
        14   3  5.969101E+00  1.977437E+02  2.843660E+01 -3.208282E+01 -1.000410E+00 -1.653874E-01
        14   4  2.834145E+00  1.910461E+02  2.510170E+01 -3.148681E+01 -9.674806E-01 -1.595442E-01
        14   5  5.071156E+00  1.995047E+02  2.869553E+01 -2.650494E+01 -2.143900E+00 -3.010270E-01
        14   6  1.977010E+00  1.927985E+02  2.537030E+01 -2.601255E+01 -2.110692E+00 -2.970596E-01
        14   7  6.729777E+00  1.978461E+02  2.869553E+01 -3.197270E+01 -2.138968E+00 -3.342765E-01
        14   8  3.604819E+00  1.911707E+02  2.537030E+01 -3.137873E+01 -2.106039E+00 -3.284333E-01
        15   1  5.075005E+00  2.230316E+02  5.861588E+01 -2.971157E+01 -8.022281E-01 -1.038535E-01
        15   2  1.807983E+00  2.158417E+02  5.522233E+01 -2.917681E+01 -7.515606E-01 -9.780022E-02
        15   3  6.934295E+00  2.211723E+02  5.861588E+01 -3.584082E+01 -7.978314E-01 -1.334929E-01
        15   4  3.633809E+00  2.140159E+02  5.522234E+01 -3.519575E+01 -7.475885E-01 -1.245775E-01
        15   5  6.332982E+00  2.233792E+02  5.909757E+01 -2.958747E+01 -1.560468E+00 -2.163278E-01
        15   6  3.078987E+00  2.162188E+02  5.571676E+01 -2.905495E+01 -1.509801E+00 -2.102745E-01
        15   7  8.184507E+00  2.215277E+02  5.909757E+01 -3.569113E+01 -1.556072E+00 -2.459672E-01
        15   8  4.897188E+00  2.144006E+02  5.571676E+01 -3.504875E+01 -1.505829E+00 -2.370518E-01
        16   1  5.396094E+00  2.300550E+02  7.250398E+01 -3.062522E+01 -5.332049E-01 -6.656508E-02
        16   2  2.225440E+00  2.229631E+02  6.933356E+01 -3.009069E+01 -4.745701E-01 -5.955998E-02
        16   3  7.312557E+00  2.281385E+02  7.250398E+01 -3.694295E+01 -5.295680E-01 -9.108237E-02
        16   4  4.108452E+00  2.210801E+02  6.933356E+01 -3.629815E+01 -4.714246E-01 -8.076504E-02
        16   5  6.892933E+00  2.305500E+02  7.310153E+01 -3.048865E+01 -8.041885E-01 -1.067617E-01
        16   6  3.736182E+00  2.234895E+02  6.994470E+01 -2.995650E+01 -7.455536E-01 -9.975660E-02
        16   7  8.800850E+00  2.286421E+02  7.310153E+01 -3.677821E+01 -8.005516E-01 -1.312790E-01
        16   8  5.610798E+00  2.216149E+02  6.994470E+01 -3.613628E+01 -7.424081E-01 -1.209617E-01
        17   1  8.496153E+00  1.285290E+02 -6.420641E+01 -2.992352E+01 -5.111923E-01 -1.156518E-01
        17   2  6.061812E+00  1.234372E+02 -6.655571E+01 -2.926103E+01 -5.630688E-01 -1.270935E-01
        17   3  1.028875E+01  1.267364E+02 -6.420641E+01 -3.327722E+01 -5.053493E-01 -1.389785E-01
        17   4  7.814720E+00  1.216843E+02 -6.655571E+01 -3.254049E+01 -5.564938E-01 -1.533423E-01
        17   5  6.975471E+00  1.276136E+02 -6.493722E+01 -3.007442E+01 -7.763603E-01 -1.820729E-01
        17   6  4.529120E+00  1.224965E+02 -6.729775E+01 -2.940859E+01 -8.282368E-01 -1.935146E-01
        17   7  8.777105E+00  1.258120E+02 -6.493722E+01 -3.344503E+01 -7.705173E-01 -2.053996E-01
        17   8  6.290868E+00  1.207347E+02 -6.729775E+01 -3.270459E+01 -8.216619E-01 -2.197634E-01
        18   1  8.541391E+00  1.338401E+02 -5.361049E+01 -3.123626E+01 -7.794451E-01 -1.802633E-01
        18   2  5.995449E+00  1.286226E+02 -5.620248E+01 -3.057025E+01 -8.215556E-01 -1.895510E-01
        18   3  1.041262E+01  1.319688E+02 -5.361049E+01 -3.473708E+01 -7.723847E-01 -2.084498E-01
        18   4  7.826780E+00  1.267912E+02 -5.620248E+01 -3.399643E+01 -8.139011E-01 -2.201095E-01
        18   5  7.264977E+00  1.330081E+02 -5.424299E+01 -3.134707E+01 -1.541777E+00 -3.712174E-01
        18   6  4.710542E+00  1.277727E+02 -5.684292E+01 -3.067870E+01 -1.583888E+00 -3.805052E-01
        18   7  9.142844E+00  1.311303E+02 -5.424299E+01 -3.486031E+01 -1.534717E+00 -3.994039E-01
        18   8  6.548369E+00  1.259348E+02 -5.684292E+01 -3.411703E+01 -1.576233E+00 -4.110637E-01
        19   1  8.753746E+00  1.426785E+02 -3.945114E+01 -3.338670E+01 -9.828898E-01 -2.292247E-01
        19   2  6.059815E+00  1.372308E+02 -4.228538E+01 -3.270020E+01 -1.008187E+00 -2.348042E-01
        19   3  1.075380E+01  1.406785E+02 -3.945114E+01 -3.712854E+01 -9.748872E-01 -2.611729E-01
        19   4  8.018743E+00  1.352719E+02 -4.228538E+01 -3.636509E+01 -9.998278E-01 -2.681774E-01
        19   5  7.918556E+00  1.420341E+02 -3.989504E+01 -3.343424E+01 -2.118587E+00 -5.137019E-01
        19   6  5.221111E+00  1.365789E+02 -4.273256E+01 -3.274676E+01 -2.143884E+00 -5.192815E-01
        19   7  9.921457E+00  1.400312E+02 -3.989504E+01 -3.718141E+01 -2.110584E+00 -5.456501E-01
        19   8  7.182829E+00  1.346172E+02 -4.273256E+01 -3.641687E+01 -2.135525E+00 -5.526546E-01
        20   1  9.258398E+00  1.554188E+02 -2.114635E+01 -3.643696E+01 -1.090803E+00 -2.551491E-01
        20   2  6.393046E+00  1.496514E+02 -2.419477E+01 -3.571350E+01 -1.097370E+00 -2.565977E-01
        20   3  1.144118E+01  1.532360E+02 -2.114635E+01 -4.052065E+01 -1.082278E+00 -2.891792E-01
        20   4  8.532487E+00  1.475119E+02 -2.419477E+01 -3.971611E+01 -1.088754E+00 -2.909978E-01
        20   5  8.924812E+00  1.550044E+02 -2.137073E+01 -3.641683E+01 -2.420343E+00 -5.881816E-01
        20   6  6.060897E+00  1.492401E+02 -2.441781E+01 -3.569377E+01 -2.426910E+00 -5.896302E-01
        20   7  1.110639E+01  1.528228E+02 -2.137073E+01 -4.049826E+01 -2.411819E+00 -6.222117E-01
        20   8  8.199155E+00  1.471018E+02 -2.441781E+01 -3.969417E+01 -2.418294E+00 -6.240303E-01
        21   1  1.011691E+01  1.720081E+02  1.453121E+00 -4.035858E+01 -1.092717E+00 -2.555013E-01
        21   2  7.068688E+00  1.658524E+02 -1.764454E+00 -3.958390E+01 -1.079842E+00 -2.526616E-01
        21   3  1.253462E+01  1.695904E+02  1.453125E+00 -4.488179E+01 -1.084133E+00 -2.897713E-01
        21   4  9.439995E+00  1.634811E+02 -1.764450E+00 -4.402028E+01 -1.071440E+00 -2.862064E-01
        21   5  1.031264E+01  1.718509E+02  1.464671E+00 -4.027059E+01 -2.415853E+00 -5.869295E-01
        21   6  7.270491E+00  1.657080E+02 -1.747228E+00 -3.949759E+01 -2.402978E+00 -5.840898E-01
        21   7  1.272508E+01  1.694385E+02  1.464675E+00 -4.478393E+01 -2.407269E+00 -6.211995E-01
        21   8  9.636628E+00  1.633419E+02 -1.747224E+00 -4.392431E+01 -2.394575E+00 -6.176346E-01
        22   1  1.136787E+01  1.923449E+02  2.843661E+01 -4.511657E+01 -9.875494E-01 -2.300423E-01
        22   2  8.132615E+00  1.857476E+02  2.510171E+01 -4.427843E+01 -9.548904E-01 -2.228392E-01
        22   3  1.407060E+01  1.896422E+02  2.843660E+01 -5.017304E+01 -9.793821E-01 -2.626483E-01
        22   4  1.078514E+01  1.830951E+02  2.510171E+01 -4.924096E+01 -9.471839E-01 -2.536056E-01
        22   5  1.211001E+01  1.924659E+02  2.869553E+01 -4.496171E+01 -2.104071E+00 -5.097163E-01
        22   6  8.885102E+00  1.858904E+02  2.537030E+01 -4.412644E+01 -2.071412E+00 -5.025132E-01
        22   7  1.480346E+01  1.897724E+02  2.869553E+01 -5.000082E+01 -2.095903E+00 -5.423224E-01
        22   8  1.152852E+01  1.832470E+02  2.537030E+01 -4.907194E+01 -2.063705E+00 -5.332797E-01
        23   1  1.296543E+01  2.151411E+02  5.861588E+01 -5.040128E+01 -7.881857E-01 -1.819855E-01
        23   2  9.556396E+00  2.080933E+02  5.522234E+01 -4.949415E+01 -7.383555E-01 -1.709951E-01
        23   3  1.598476E+01  2.121218E+02  5.861588E+01 -5.605003E+01 -7.809050E-01 -2.110512E-01
        23   4  1.252138E+01  2.051283E+02  5.522234E+01 -5.504123E+01 -7.317779E-01 -1.972541E-01
        23   5  1.419045E+01  2.155218E+02  5.909757E+01 -5.019077E+01 -1.531750E+00 -3.682387E-01
        23   6  1.079504E+01  2.085027E+02  5.571676E+01 -4.928743E+01 -1.481920E+00 -3.572483E-01
        23   7  1.719717E+01  2.125150E+02  5.909757E+01 -5.581593E+01 -1.524470E+00 -3.973045E-01
        23   8  1.374764E+01  2.055502E+02  5.571676E+01 -5.481134E+01 -1.475342E+00 -3.835073E-01
        24   1  1.352915E+01  2.219219E+02  7.250398E+01 -5.195116E+01 -5.241128E-01 -1.185077E-01
        24   2  1.021654E+01  2.149720E+02  6.933356E+01 -5.104440E+01 -4.664469E-01 -1.057892E-01
        24   3  1.664132E+01  2.188098E+02  7.250398E+01 -5.777362E+01 -5.180904E-01 -1.425505E-01
        24   4  1.327439E+01  2.119142E+02  6.933356E+01 -5.676523E+01 -4.612381E-01 -1.265838E-01
        24   5  1.498972E+01  2.224532E+02  7.310153E+01 -5.171949E+01 -7.898515E-01 -1.850718E-01
        24   6  1.169165E+01  2.155340E+02  6.994470E+01 -5.081677E+01 -7.321857E-01 -1.723532E-01
        24   7  1.808801E+01  2.193549E+02  7.310153E+01 -5.751598E+01 -7.838291E-01 -2.091146E-01
        24   8  1.473586E+01  2.124898E+02  6.994470E+01 -5.651209E+01 -7.269768E-01 -1.931479E-01
        25   1  1.548713E+01  1.215380E+02 -6.420642E+01 -4.105717E+01 -4.973949E-01 -1.652004E-01
        25   2  1.289802E+01  1.166010E+02 -6.655571E+01 -4.014820E+01 -5.479001E-01 -1.816718E-01
        25   3  1.789956E+01  1.191256E+02 -6.420642E+01 -4.399671E+01 -4.892936E-01 -1.878421E-01
        25   4  1.525704E+01  1.142420E+02 -6.655571E+01 -4.302266E+01 -5.387840E-01 -2.071498E-01
        25   5  1.400171E+01  1.205874E+02 -6.493724E+01 -4.126422E+01 -7.547757E-01 -2.572927E-01
        25   6  1.139981E+01  1.156258E+02 -6.729776E+01 -4.035066E+01 -8.052809E-01 -2.737641E-01
        25   7  1.642630E+01  1.181628E+02 -6.493723E+01 -4.421858E+01 -7.466744E-01 -2.799344E-01
        25   8  1.377072E+01  1.132549E+02 -6.729775E+01 -4.323962E+01 -7.961648E-01 -2.992420E-01
        26   1  1.583908E+01  1.265424E+02 -5.361049E+01 -4.285834E+01 -7.580229E-01 -2.557942E-01
        26   2  1.313754E+01  1.214805E+02 -5.620248E+01 -4.194454E+01 -7.990204E-01 -2.691648E-01
        26   3  1.835732E+01  1.240241E+02 -5.361049E+01 -4.592684E+01 -7.482338E-01 -2.831529E-01
        26   4  1.560209E+01  1.190159E+02 -5.620248E+01 -4.494761E+01 -7.884075E-01 -2.988259E-01
        26   5  1.458855E+01  1.256846E+02 -5.424299E+01 -4.301038E+01 -1.497967E+00 -5.205504E-01
        26   6  1.187797E+01  1.206052E+02 -5.684292E+01 -4.209333E+01 -1.538965E+00 -5.339211E-01
        26   7  1.711573E+01  1.231574E+02 -5.424300E+01 -4.608976E+01 -1.488178E+00 -5.479092E-01
        26   8  1.435126E+01  1.181319E+02 -5.684292E+01 -4.510706E+01 -1.528352E+00 -5.635822E-01
        27   1  1.655383E+01  1.348784E+02 -3.945115E+01 -4.580890E+01 -9.556890E-01 -3.244609E-01
        27   2  1.369951E+01  1.295911E+02 -4.228538E+01 -4.486697E+01 -9.803179E-01 -3.324932E-01
        27   3  1.924545E+01  1.321868E+02 -3.945114E+01 -4.908865E+01 -9.445935E-01 -3.554709E-01
        27   4  1.633578E+01  1.269548E+02 -4.228538E+01 -4.807927E+01 -9.687274E-01 -3.648863E-01
        27   5  1.572974E+01  1.342229E+02 -3.989505E+01 -4.587413E+01 -2.058034E+00 -7.188861E-01
        27   6  1.287168E+01  1.289283E+02 -4.273257E+01 -4.493086E+01 -2.082662E+00 -7.269184E-01
        27   7  1.842520E+01  1.315274E+02 -3.989505E+01 -4.915855E+01 -2.046938E+00 -7.498961E-01
        27   8  1.551171E+01  1.262883E+02 -4.273257E+01 -4.814774E+01 -2.071072E+00 -7.593115E-01
        28   1  1.777111E+01  1.469060E+02 -2.114635E+01 -4.999407E+01 -1.060541E+00 -3.608378E-01
        28   2  1.473674E+01  1.413077E+02 -2.419477E+01 -4.900143E+01 -1.066935E+00 -3.629232E-01
        28   3  2.070864E+01  1.439685E+02 -2.114635E+01 -5.357345E+01 -1.048722E+00 -3.938686E-01
        28   4  1.761594E+01  1.384285E+02 -2.419477E+01 -5.250975E+01 -1.054988E+00 -3.963130E-01
        28   5  1.743282E+01  1.464964E+02 -2.137073E+01 -4.996644E+01 -2.351036E+00 -8.225844E-01
        28   6  1.439998E+01  1.409010E+02 -2.441781E+01 -4.897435E+01 -2.357430E+00 -8.246698E-01
        28   7  2.036872E+01  1.435605E+02 -2.137073E+01 -5.354385E+01 -2.339218E+00 -8.556152E-01
        28   8  1.727759E+01  1.380234E+02 -2.441781E+01 -5.248073E+01 -2.345483E+00 -8.580596E-01
        29   1  1.954583E+01  1.625792E+02  1.453122E+00 -5.537480E+01 -1.062412E+00 -3.613760E-01
        29   2  1.631662E+01  1.566045E+02 -1.764452E+00 -5.431189E+01 -1.049877E+00 -3.572880E-01
        29   3  2.279951E+01  1.593255E+02  1.453122E+00 -5.933943E+01 -1.050510E+00 -3.946396E-01
        29   4  1.950785E+01  1.534133E+02 -1.764452E+00 -5.820041E+01 -1.038227E+00 -3.898477E-01
        29   5  1.972100E+01  1.624425E+02  1.464673E+00 -5.525407E+01 -2.346691E+00 -8.208983E-01
        29   6  1.649826E+01  1.564803E+02 -1.747226E+00 -5.419348E+01 -2.334156E+00 -8.168103E-01
        29   7  2.296759E+01  1.591960E+02  1.464672E+00 -5.921006E+01 -2.334789E+00 -8.541619E-01
        29   8  1.968253E+01  1.532960E+02 -1.747226E+00 -5.807352E+01 -2.322506E+00 -8.493700E-01
        30   1  2.190838E+01  1.818044E+02  2.843661E+01 -6.190311E+01 -9.602460E-01 -3.257314E-01
        30   2  1.847732E+01  1.754029E+02  2.510171E+01 -6.075311E+01 -9.284503E-01 -3.153618E-01
        30   3  2.554566E+01  1.781671E+02  2.843661E+01 -6.633513E+01 -9.489220E-01 -3.573799E-01
        30   4  2.204702E+01  1.718332E+02  2.510171E+01 -6.510280E+01 -9.177652E-01 -3.452247E-01
        30   5  2.261435E+01  1.819615E+02  2.869553E+01 -6.169062E+01 -2.043978E+00 -7.134970E-01
        30   6  1.919430E+01  1.755812E+02  2.537030E+01 -6.054458E+01 -2.012183E+00 -7.031274E-01
        30   7  2.623913E+01  1.783367E+02  2.869553E+01 -6.610744E+01 -2.032654E+00 -7.451455E-01
        30   8  2.275175E+01  1.720238E+02  2.537030E+01 -6.487934E+01 -2.001497E+00 -7.329903E-01
        31   1  2.474061E+01  2.033660E+02  5.861588E+01 -6.915409E+01 -7.665526E-01 -2.583649E-01
        31   2  2.111964E+01  1.965301E+02  5.522234E+01 -6.790944E+01 -7.180396E-01 -2.425432E-01
        31   3  2.880393E+01  1.993026E+02  5.861588E+01 -7.410526E+01 -7.564581E-01 -2.865771E-01
        31   4  2.510983E+01  1.925399E+02  5.522234E+01 -7.277150E+01 -7.089199E-01 -2.680311E-01
        31   5  2.591645E+01  2.037958E+02  5.909757E+01 -6.886526E+01 -1.488281E+00 -5.166033E-01
        31   6  2.230999E+01  1.969878E+02  5.571676E+01 -6.762581E+01 -1.439768E+00 -5.007817E-01
        31   7  2.996280E+01  1.997494E+02  5.909757E+01 -7.379576E+01 -1.478186E+00 -5.448155E-01
        31   8  2.628351E+01  1.930143E+02  5.571676E+01 -7.246757E+01 -1.430648E+00 -5.262695E-01
        32   1  2.566643E+01  2.097847E+02  7.250398E+01 -7.128064E+01 -5.099732E-01 -1.693091E-01
        32   2  2.214199E+01  2.030466E+02  6.933357E+01 -7.003650E+01 -4.538317E-01 -1.509996E-01
        32   3  2.985470E+01  2.055964E+02  7.250398E+01 -7.638406E+01 -5.016232E-01 -1.926458E-01
        32   4  2.625714E+01  1.989314E+02  6.933357E+01 -7.505085E+01 -4.466097E-01 -1.711835E-01
        32   5  2.707288E+01  2.103701E+02  7.310154E+01 -7.096277E+01 -7.679079E-01 -2.615997E-01
        32   6  2.356391E+01  2.036618E+02  6.994471E+01 -6.972419E+01 -7.117663E-01 -2.432901E-01
        32   7  3.124246E+01  2.062005E+02  7.310153E+01 -7.604343E+01 -7.595578E-01 -2.849364E-01
        32   8  2.766072E+01  1.995650E+02  6.994471E+01 -7.471617E+01 -7.045444E-01 -2.634741E-01
        33   1  2.451586E+01  1.125093E+02 -6.420642E+01 -5.061301E+01 -4.788073E-01 -2.131582E-01
        33   2  2.172686E+01  1.077722E+02 -6.655571E+01 -4.949249E+01 -5.274549E-01 -2.345007E-01
        33   3  2.745539E+01  1.095697E+02 -6.420642E+01 -5.302543E+01 -4.685257E-01 -2.348968E-01
        33   4  2.460132E+01  1.048977E+02 -6.655571E+01 -5.185149E+01 -5.158853E-01 -2.589624E-01
        33   5  2.307596E+01  1.115131E+02 -6.493724E+01 -5.086825E+01 -7.259221E-01 -3.300348E-01
        33   6  2.027317E+01  1.067524E+02 -6.729776E+01 -4.974207E+01 -7.745697E-01 -3.513773E-01
        33   7  2.603032E+01  1.085587E+02 -6.493724E+01 -5.329283E+01 -7.156406E-01 -3.517735E-01
        33   8  2.316212E+01  1.038634E+02 -6.729776E+01 -5.211297E+01 -7.630002E-01 -3.758390E-01
        34   1  2.526388E+01  1.171176E+02 -5.361049E+01 -5.283340E+01 -7.293006E-01 -3.288617E-01
        34   2  2.236139E+01  1.122566E+02 -5.620248E+01 -5.170691E+01 -7.687901E-01 -3.461864E-01
        34   3  2.833238E+01  1.140491E+02 -5.361050E+01 -5.535165E+01 -7.168770E-01 -3.551292E-01
        34   4  2.536446E+01  1.092535E+02 -5.620248E+01 -5.417147E+01 -7.553210E-01 -3.746644E-01
        34   5  2.404679E+01  1.162263E+02 -5.424300E+01 -5.302083E+01 -1.439731E+00 -6.648704E-01
        34   6  2.113454E+01  1.113487E+02 -5.684292E+01 -5.189034E+01 -1.479221E+00 -6.821951E-01
        34   7  2.712617E+01  1.131469E+02 -5.424300E+01 -5.554801E+01 -1.427308E+00 -6.911379E-01
        34   8  2.414826E+01  1.083349E+02 -5.684292E+01 -5.436364E+01 -1.465752E+00 -7.106731E-01
        35   1  2.662749E+01  1.248048E+02 -3.945115E+01 -5.647069E+01 -9.192844E-01 -4.165725E-01
        35   2  2.356603E+01  1.197246E+02 -4.228538E+01 -5.530953E+01 -9.430073E-01 -4.269801E-01
        35   3  2.990723E+01  1.215250E+02 -3.945115E+01 -5.916231E+01 -9.052027E-01 -4.463456E-01
        35   4  2.677834E+01  1.165123E+02 -4.228538E+01 -5.794580E+01 -9.282976E-01 -4.580811E-01
        35   5  2.581775E+01  1.241348E+02 -3.989505E+01 -5.655111E+01 -1.977661E+00 -9.171471E-01
        35   6  2.275226E+01  1.190477E+02 -4.273257E+01 -5.538829E+01 -2.001383E+00 -9.275548E-01
        35   7  2.910217E+01  1.208504E+02 -3.989505E+01 -5.924655E+01 -1.963579E+00 -9.469202E-01
        35   8  2.596914E+01  1.158309E+02 -4.273257E+01 -5.802831E+01 -1.986674E+00 -9.586558E-01
        36   1  2.876512E+01  1.359120E+02 -2.114635E+01 -6.162994E+01 -1.020066E+00 -4.630515E-01
        36   2  2.551246E+01  1.305320E+02 -2.419477E+01 -6.040627E+01 -1.026225E+00 -4.657536E-01
        36   3  3.234450E+01  1.323326E+02 -2.114635E+01 -6.456746E+01 -1.005067E+00 -4.947648E-01
        36   4  2.902078E+01  1.270236E+02 -2.419477E+01 -6.328547E+01 -1.011063E+00 -4.978116E-01
        36   5  2.842075E+01  1.355085E+02 -2.137073E+01 -6.159588E+01 -2.259088E+00 -1.049065E+00
        36   6  2.516974E+01  1.301312E+02 -2.441781E+01 -6.037289E+01 -2.265247E+00 -1.051767E+00
        36   7  3.199816E+01  1.319310E+02 -2.137073E+01 -6.453178E+01 -2.244089E+00 -1.080779E+00
        36   8  2.867612E+01  1.266248E+02 -2.441781E+01 -6.325050E+01 -2.250085E+00 -1.083825E+00
        37   1  3.172309E+01  1.504020E+02  1.453123E+00 -6.826301E+01 -1.021875E+00 -4.637705E-01
        37   2  2.826014E+01  1.446610E+02 -1.764451E+00 -6.695270E+01 -1.009801E+00 -4.584735E-01
        37   3  3.568771E+01  1.464373E+02  1.453120E+00 -7.151670E+01 -1.006770E+00 -4.957073E-01
        37   4  3.214866E+01  1.407724E+02 -1.764454E+00 -7.014394E+01 -9.950161E-01 -4.897345E-01
        37   5  3.187172E+01  1.502918E+02  1.464673E+00 -6.811418E+01 -2.254929E+00 -1.046961E+00
        37   6  2.841574E+01  1.445628E+02 -1.747225E+00 -6.680673E+01 -2.242855E+00 -1.041665E+00
        37   7  3.582769E+01  1.463359E+02  1.464671E+00 -7.136077E+01 -2.239824E+00 -1.078898E+00
        37   8  3.229579E+01  1.406827E+02 -1.747228E+00 -6.999101E+01 -2.228070E+00 -1.072926E+00
        38   1  3.552125E+01  1.681915E+02  2.843660E+01 -7.631074E+01 -9.236949E-01 -4.182835E-01
        38   2  3.183730E+01  1.620429E+02  2.510171E+01 -7.489309E+01 -8.930687E-01 -4.048473E-01
        38   3  3.995328E+01  1.637595E+02  2.843660E+01 -7.994801E+01 -9.093234E-01 -4.486696E-01
        38   4  3.618699E+01  1.576932E+02  2.510171E+01 -7.846279E+01 -8.795080E-01 -4.335191E-01
        38   5  3.618049E+01  1.683954E+02  2.869553E+01 -7.604880E+01 -1.964201E+00 -9.104063E-01
        38   6  3.250842E+01  1.622671E+02  2.537030E+01 -7.463602E+01 -1.933575E+00 -8.969701E-01
        38   7  4.059731E+01  1.639786E+02  2.869553E+01 -7.967359E+01 -1.949829E+00 -9.407924E-01
        38   8  3.684318E+01  1.579323E+02  2.537030E+01 -7.819347E+01 -1.920014E+00 -9.256419E-01
        39   1  3.994802E+01  1.881586E+02  5.861588E+01 -8.524935E+01 -7.375372E-01 -3.322561E-01
        39   2  3.605335E+01  1.815964E+02  5.522234E+01 -8.371502E+01 -6.908086E-01 -3.117555E-01
        39   3  4.489919E+01  1.832074E+02  5.861588E+01 -8.931268E+01 -7.247261E-01 -3.593430E-01
        39   4  4.091540E+01  1.767343E+02  5.522234E+01 -8.770521E+01 -6.792346E-01 -3.362268E-01
        39   5  4.106035E+01  1.886519E+02  5.909757E+01 -8.489330E+01 -1.430478E+00 -6.599929E-01
        39   6  3.718133E+01  1.821165E+02  5.571676E+01 -8.336537E+01 -1.383750E+00 -6.394923E-01
        39   7  4.599084E+01  1.837214E+02  5.909757E+01 -8.893965E+01 -1.417667E+00 -6.870799E-01
        39   8  4.202307E+01  1.772747E+02  5.571676E+01 -8.733890E+01 -1.372176E+00 -6.639636E-01
        40   1  4.134147E+01  1.941096E+02  7.250398E+01 -8.787084E+01 -4.909223E-01 -2.184800E-01
        40   2  3.754342E+01  1.876451E+02  6.933356E+01 -8.633713E+01 -4.368458E-01 -1.947558E-01
        40   3  4.644490E+01  1.890062E+02  7.250398E+01 -9.205911E+01 -4.803252E-01 -2.408859E-01
        40   4  4.255778E+01  1.826308E+02  6.933356E+01 -9.045230E+01 -4.276803E-01 -2.141347E-01
        40   5  4.267802E+01  1.947649E+02  7.310153E+01 -8.747899E+01 -7.385689E-01 -3.356083E-01
        40   6  3.889667E+01  1.883290E+02  6.994470E+01 -8.595212E+01 -6.844924E-01 -3.118841E-01
        40   7  4.775869E+01  1.896842E+02  7.310153E+01 -9.164859E+01 -7.279718E-01 -3.580142E-01
        40   8  4.388866E+01  1.833370E+02  6.994470E+01 -9.004894E+01 -6.753269E-01 -3.312630E-01
        41   1  3.523535E+01  1.017898E+02 -6.420642E+01 -5.822383E+01 -4.556085E-01 -2.590631E-01
        41   2  3.220903E+01  9.729000E+01 -6.655571E+01 -5.693480E+01 -5.019299E-01 -2.850711E-01
        41   3  3.858905E+01  9.843609E+01 -6.420642E+01 -6.001642E+01 -4.432457E-01 -2.796893E-01
        41   4  3.548848E+01  9.401055E+01 -6.655571E+01 -5.868770E+01 -4.880184E-01 -3.082810E-01
        41   5  3.384951E+01  1.007396E+02 -6.493723E+01 -5.851745E+01 -6.900776E-01 -3.995985E-01
        41   6  3.080820E+01  9.621736E+01 -6.729775E+01 -5.722192E+01 -7.363990E-01 -4.256064E-01
        41   7  3.722012E+01  9.736896E+01 -6.493723E+01 -6.031907E+01 -6.777146E-01 -4.202246E-01
        41   8  3.410418E+01  9.292138E+01 -6.729775E+01 -5.898366E+01 -7.224874E-01 -4.488163E-01
        42   1  3.645364E+01  1.059278E+02 -5.361049E+01 -6.077811E+01 -6.935547E-01 -3.987621E-01
        42   2  3.331257E+01  1.013054E+02 -5.620248E+01 -5.948222E+01 -7.311559E-01 -4.198740E-01
        42   3  3.995447E+01  1.024270E+02 -5.361049E+01 -6.264933E+01 -6.786162E-01 -4.236854E-01
        42   4  3.673875E+01  9.787925E+01 -5.620248E+01 -6.131355E+01 -7.149603E-01 -4.468947E-01
        42   5  3.527625E+01  1.049969E+02 -5.424299E+01 -6.099371E+01 -1.367630E+00 -8.027873E-01
        42   6  3.212457E+01  1.003586E+02 -5.684292E+01 -5.969323E+01 -1.405231E+00 -8.238992E-01
        42   7  3.878949E+01  1.014836E+02 -5.424299E+01 -6.287158E+01 -1.352691E+00 -8.277106E-01
        42   8  3.556290E+01  9.692030E+01 -5.684292E+01 -6.153106E+01 -1.389035E+00 -8.509198E-01
        43   1  3.858760E+01  1.128447E+02 -3.945115E+01 -6.496234E+01 -8.740265E-01 -5.046722E-01
        43   2  3.528022E+01  1.080104E+02 -4.228538E+01 -6.362657E+01 -8.966151E-01 -5.173550E-01
        43   3  4.232943E+01  1.091028E+02 -3.945114E+01 -6.696239E+01 -8.570943E-01 -5.329217E-01
        43   4  3.894511E+01  1.043455E+02 -4.228538E+01 -6.558550E+01 -8.789278E-01 -5.468644E-01
        43   5  3.779489E+01  1.121577E+02 -3.989505E+01 -6.505485E+01 -1.878241E+00 -1.106575E+00
        43   6  3.448312E+01  1.073169E+02 -4.273257E+01 -6.371718E+01 -1.900830E+00 -1.119258E+00
        43   7  4.154205E+01  1.084105E+02 -3.989505E+01 -6.705775E+01 -1.861309E+00 -1.134825E+00
        43   8  3.815324E+01  1.036468E+02 -4.273257E+01 -6.567889E+01 -1.883143E+00 -1.148768E+00
        44   1  4.181792E+01  1.228592E+02 -2.114635E+01 -7.089740E+01 -9.697670E-01 -5.608057E-01
        44   2  3.830609E+01  1.177383E+02 -2.419477E+01 -6.948972E+01 -9.756315E-01 -5.640985E-01
        44   3  4.590161E+01  1.187755E+02 -2.114635E+01 -7.308018E+01 -9.517315E-01 -5.908961E-01
        44   4  4.230871E+01  1.137357E+02 -2.419477E+01 -7.162916E+01 -9.573999E-01 -5.945159E-01
        44   5  4.146634E+01  1.224629E+02 -2.137073E+01 -7.085822E+01 -2.145384E+00 -1.265443E+00
        44   6  3.795631E+01  1.173446E+02 -2.441781E+01 -6.945132E+01 -2.151248E+00 -1.268736E+00
        44   7  4.554778E+01  1.183814E+02 -2.137073E+01 -7.303979E+01 -2.127348E+00 -1.295534E+00
        44   8  4.195671E+01  1.133442E+02 -2.441781E+01 -7.158958E+01 -2.133016E+00 -1.299153E+00
        45   1  4.618073E+01  1.359443E+02  1.453119E+00 -7.852790E+01 -9.714972E-01 -5.616986E-01
        45   2  4.244027E+01  1.304808E+02 -1.764454E+00 -7.702056E+01 -9.600007E-01 -5.552437E-01
        45   3  5.070394E+01  1.314211E+02  1.453120E+00 -8.094561E+01 -9.533345E-01 -5.920011E-01
        45   4  4.687666E+01  1.260445E+02 -1.764454E+00 -7.939186E+01 -9.422224E-01 -5.849050E-01
        45   5  4.629783E+01  1.358657E+02  1.464670E+00 -7.835669E+01 -2.141451E+00 -1.262942E+00
        45   6  4.256495E+01  1.304136E+02 -1.747228E+00 -7.685264E+01 -2.129954E+00 -1.256487E+00
        45   7  5.081119E+01  1.313524E+02  1.464671E+00 -8.076913E+01 -2.123288E+00 -1.293244E+00
        45   8  4.699167E+01  1.259869E+02 -1.747228E+00 -7.921877E+01 -2.112176E+00 -1.286148E+00
        46   1  5.168335E+01  1.520294E+02  2.843660E+01 -8.778579E+01 -8.782481E-01 -5.068073E-01
        46   2  4.769915E+01  1.461811E+02  2.510170E+01 -8.615497E+01 -8.490864E-01 -4.904339E-01
        46   3  5.673982E+01  1.469730E+02  2.843660E+01 -9.048853E+01 -8.609674E-01 -5.356384E-01
        46   4  5.266168E+01  1.412185E+02  2.510171E+01 -8.880749E+01 -8.327806E-01 -5.176384E-01
        46   5  5.228711E+01  1.522887E+02  2.869553E+01 -8.748446E+01 -1.865507E+00 -1.098548E+00
        46   6  4.831582E+01  1.464597E+02  2.537030E+01 -8.585924E+01 -1.836346E+00 -1.082174E+00
        46   7  5.732623E+01  1.472496E+02  2.869553E+01 -9.017792E+01 -1.848227E+00 -1.127379E+00
        46   8  5.326132E+01  1.415142E+02  2.537030E+01 -8.850266E+01 -1.820040E+00 -1.109379E+00
        47   1  5.800325E+01  1.701033E+02  5.861588E+01 -9.806853E+01 -7.014190E-01 -4.029475E-01
        47   2  5.378362E+01  1.638661E+02  5.522233E+01 -9.630347E+01 -6.569248E-01 -3.779654E-01
        47   3  6.365201E+01  1.644546E+02  5.861587E+01 -1.010879E+02 -6.860146E-01 -4.286483E-01
        47   4  5.933070E+01  1.583190E+02  5.522233E+01 -9.926845E+01 -6.430080E-01 -4.011844E-01
        47   5  5.904017E+01  1.706720E+02  5.909757E+01 -9.765894E+01 -1.358900E+00 -7.970263E-01
        47   6  5.483754E+01  1.644602E+02  5.571676E+01 -9.590125E+01 -1.314405E+00 -7.720443E-01
        47   7  6.466533E+01  1.650469E+02  5.909757E+01 -1.006656E+02 -1.343495E+00 -8.227271E-01
        47   8  6.036146E+01  1.589363E+02  5.571676E+01 -9.885385E+01 -1.300489E+00 -7.952632E-01
        48   1  5.995192E+01  1.754992E+02  7.250398E+01 -1.010842E+02 -4.671437E-01 -2.655468E-01
        48   2  5.582904E+01  1.693595E+02  6.933355E+01 -9.931988E+01 -4.156529E-01 -2.366364E-01
        48   3  6.577438E+01  1.696767E+02  7.250398E+01 -1.041964E+02 -4.544013E-01 -2.868061E-01
        48   4  6.154988E+01  1.636387E+02  6.933356E+01 -1.023777E+02 -4.046320E-01 -2.550236E-01
        48   5  6.120548E+01  1.762374E+02  7.310153E+01 -1.006334E+02 -7.021173E-01 -4.063847E-01
        48   6  5.710075E+01  1.701249E+02  6.994470E+01 -9.887698E+01 -6.506265E-01 -3.774743E-01
        48   7  6.700197E+01  1.704409E+02  7.310153E+01 -1.037317E+02 -6.893750E-01 -4.276440E-01
        48   8  6.279607E+01  1.644296E+02  6.994470E+01 -1.019212E+02 -6.396057E-01 -3.958615E-01
        49   1  4.723368E+01  8.979147E+01 -6.420641E+01 -6.359714E+01 -4.280220E-01 -3.024731E-01
        49   2  4.394172E+01  8.555732E+01 -6.655571E+01 -6.218915E+01 -4.715711E-01 -3.328961E-01
        49   3  5.087265E+01  8.615249E+01 -6.420641E+01 -6.470101E+01 -4.136970E-01 -3.217882E-01
        49   4  4.750013E+01  8.199891E+01 -6.655571E+01 -6.326859E+01 -4.554516E-01 -3.546307E-01
        49   5  4.590834E+01  8.868075E+01 -6.493723E+01 -6.391785E+01 -6.475871E-01 -4.653137E-01
        49   6  4.260005E+01  8.442551E+01 -6.729775E+01 -6.250277E+01 -6.911361E-01 -4.957367E-01
        49   7  4.956567E+01  8.502342E+01 -6.493723E+01 -6.502729E+01 -6.332620E-01 -4.846288E-01
        49   8  4.617641E+01  8.084916E+01 -6.729775E+01 -6.358764E+01 -6.750167E-01 -5.174713E-01
        50   1  4.897833E+01  9.340312E+01 -5.361049E+01 -6.638714E+01 -6.511295E-01 -4.648222E-01
        50   2  4.557020E+01  8.904779E+01 -5.620248E+01 -6.497166E+01 -6.864803E-01 -4.895180E-01
        50   3  5.277694E+01  8.960451E+01 -5.361049E+01 -6.753944E+01 -6.338201E-01 -4.881613E-01
        50   4  4.928783E+01  8.533017E+01 -5.620248E+01 -6.609939E+01 -6.677143E-01 -5.148211E-01
        50   5  4.784536E+01  9.242775E+01 -5.424299E+01 -6.662264E+01 -1.282357E+00 -9.329727E-01
        50   6  4.442569E+01  8.805751E+01 -5.684292E+01 -6.520214E+01 -1.317708E+00 -9.576686E-01
        50   7  5.165745E+01  8.861566E+01 -5.424299E+01 -6.777903E+01 -1.265048E+00 -9.563118E-01
        50   8  4.815650E+01  8.432670E+01 -5.684292E+01 -6.633387E+01 -1.298942E+00 -9.829717E-01
        51   1  5.197454E+01  9.945773E+01 -3.945114E+01 -7.095752E+01 -8.203512E-01 -5.879116E-01
        51   2  4.839189E+01  9.489873E+01 -4.228538E+01 -6.949848E+01 -8.415880E-01 -6.027474E-01
        51   3  5.603466E+01  9.539760E+01 -3.945115E+01 -7.218915E+01 -8.007317E-01 -6.143654E-01
        51   4  5.236853E+01  9.092208E+01 -4.228538E+01 -7.070478E+01 -8.210934E-01 -6.303811E-01
        51   5  5.120089E+01  9.875170E+01 -3.989505E+01 -7.105857E+01 -1.760734E+00 -1.285347E+00
        51   6  4.761347E+01  9.418653E+01 -4.273257E+01 -6.959745E+01 -1.781970E+00 -1.300183E+00
        51   7  5.526680E+01  9.468579E+01 -3.989505E+01 -7.229195E+01 -1.741114E+00 -1.311801E+00
        51   8  5.159577E+01  9.020422E+01 -4.273257E+01 -7.080547E+01 -1.761476E+00 -1.327816E+00
        52   1  5.642791E+01  1.082492E+02 -2.114635E+01 -7.744031E+01 -9.101287E-01 -6.531591E-01
        52   2  5.262600E+01  1.034184E+02 -2.419477E+01 -7.590272E+01 -9.156422E-01 -6.570108E-01
        52   3  6.085897E+01  1.038182E+02 -2.114635E+01 -7.878446E+01 -8.892307E-01 -6.813368E-01
        52   4  5.696909E+01  9.907533E+01 -2.419477E+01 -7.722018E+01 -8.945170E-01 -6.854948E-01
        52   5  5.606826E+01  1.078610E+02 -2.137073E+01 -7.739751E+01 -2.011018E+00 -1.469634E+00
        52   6  5.226830E+01  1.030327E+02 -2.441781E+01 -7.586078E+01 -2.016531E+00 -1.473486E+00
        52   7  6.049687E+01  1.034323E+02 -2.137073E+01 -7.874092E+01 -1.990120E+00 -1.497812E+00
        52   8  5.660899E+01  9.869196E+01 -2.441781E+01 -7.717751E+01 -1.995406E+00 -1.501970E+00
        53   1  6.236316E+01  1.197619E+02  1.453119E+00 -8.577501E+01 -9.117630E-01 -6.542172E-01
        53   2  5.831207E+01  1.146090E+02 -1.764455E+00 -8.412856E+01 -9.009546E-01 -6.466666E-01
        53   3  6.727113E+01  1.148539E+02  1.453119E+00 -8.726383E+01 -8.907177E-01 -6.825936E-01
        53   4  6.312584E+01  1.097953E+02 -1.764455E+00 -8.558880E+01 -8.803547E-01 -6.744424E-01
        53   5  6.244498E+01  1.197186E+02  1.464670E+00 -8.558800E+01 -2.007349E+00 -1.466759E+00
        53   6  5.840215E+01  1.145764E+02 -1.747229E+00 -8.394514E+01 -1.996541E+00 -1.459209E+00
        53   7  6.734225E+01  1.148213E+02  1.464669E+00 -8.707357E+01 -1.986304E+00 -1.495136E+00
        53   8  6.320542E+01  1.097731E+02 -1.747229E+00 -8.540220E+01 -1.975941E+00 -1.486984E+00
        54   1  6.977357E+01  1.339392E+02  2.843660E+01 -9.588728E+01 -8.243433E-01 -5.904502E-01
        54   2  6.545329E+01  1.284269E+02  2.510170E+01 -9.410595E+01 -7.969269E-01 -5.712973E-01
        54   3  7.526015E+01  1.284526E+02  2.843660E+01 -9.755162E+01 -8.043199E-01 -6.174487E-01
        54   4  7.083795E+01  1.230422E+02  2.510170E+01 -9.573937E+01 -7.780331E-01 -5.967726E-01
        54   5  7.031523E+01  1.342606E+02  2.869552E+01 -9.555815E+01 -1.748848E+00 -1.276110E+00
        54   6  6.600903E+01  1.287665E+02  2.537029E+01 -9.378293E+01 -1.721432E+00 -1.256957E+00
        54   7  7.578299E+01  1.287929E+02  2.869552E+01 -9.721677E+01 -1.728825E+00 -1.303108E+00
        54   8  7.137520E+01  1.234003E+02  2.537029E+01 -9.541075E+01 -1.702538E+00 -1.282432E+00
        55   1  7.821246E+01  1.498941E+02  5.861587E+01 -1.071190E+02 -6.585457E-01 -4.697583E-01
        55   2  7.362910E+01  1.440206E+02  5.522233E+01 -1.051910E+02 -6.167145E-01 -4.405353E-01
        55   3  8.434171E+01  1.437649E+02  5.861587E+01 -1.089783E+02 -6.406964E-01 -4.938254E-01
        55   4  7.964804E+01  1.380017E+02  5.522233E+01 -1.070169E+02 -6.005887E-01 -4.622784E-01
        55   5  7.916497E+01  1.505472E+02  5.909757E+01 -1.066716E+02 -1.274234E+00 -9.263839E-01
        55   6  7.460013E+01  1.446976E+02  5.571676E+01 -1.047517E+02 -1.232403E+00 -8.971610E-01
        55   7  8.526863E+01  1.444436E+02  5.909757E+01 -1.085231E+02 -1.256385E+00 -9.504511E-01
        55   8  8.059393E+01  1.387038E+02  5.571676E+01 -1.065699E+02 -1.216277E+00 -9.189040E-01
        56   1  8.078257E+01  1.546685E+02  7.250397E+01 -1.104130E+02 -4.388661E-01 -3.100562E-01
        56   2  7.629612E+01  1.488924E+02  6.933355E+01 -1.084858E+02 -3.904570E-01 -2.762380E-01
        56   3  8.710031E+01  1.483508E+02  7.250398E+01 -1.123294E+02 -4.241013E-01 -3.299642E-01
        56   4  8.250358E+01  1.426850E+02  6.933356E+01 -1.103688E+02 -3.776869E-01 -2.934564E-01
        56   5  8.194324E+01  1.554997E+02  7.310153E+01 -1.099206E+02 -6.589038E-01 -4.732475E-01
        56   6  7.747655E+01  1.497491E+02  6.994469E+01 -1.080020E+02 -6.104946E-01 -4.394293E-01
        56   7  8.823280E+01  1.492101E+02  7.310153E+01 -1.118285E+02 -6.441390E-01 -4.931554E-01
        56   8  8.365634E+01  1.435694E+02  6.994470E+01 -1.098767E+02 -5.977246E-01 -4.566477E-01
        57   1  6.004973E+01  7.697541E+01 -6.420642E+01 -6.652645E+01 -3.963134E-01 -3.429701E-01
        57   2  5.647404E+01  7.302500E+01 -6.655571E+01 -6.505361E+01 -4.366708E-01 -3.775152E-01
        57   3  6.383413E+01  7.319100E+01 -6.420642E+01 -6.689918E+01 -3.801641E-01 -3.607881E-01
        57   4  6.017466E+01  6.932438E+01 -6.655571E+01 -6.541809E+01 -4.184986E-01 -3.975652E-01
        57   5  5.878903E+01  7.580006E+01 -6.493723E+01 -6.686193E+01 -5.988601E-01 -5.265477E-01
        57   6  5.519557E+01  7.182999E+01 -6.729775E+01 -6.538166E+01 -6.392175E-01 -5.610928E-01
        57   7  6.259251E+01  7.199657E+01 -6.493723E+01 -6.723654E+01 -5.827109E-01 -5.443657E-01
        57   8  5.891485E+01  6.811071E+01 -6.729775E+01 -6.574798E+01 -6.210453E-01 -5.811428E-01
        58   1  6.235662E+01  8.002483E+01 -5.361049E+01 -6.944495E+01 -6.024336E-01 -5.264058E-01
        58   2  5.866325E+01  7.595475E+01 -5.620248E+01 -6.796428E+01 -6.351936E-01 -5.544477E-01
        58   3  6.630705E+01  7.607440E+01 -5.361049E+01 -6.983404E+01 -5.829199E-01 -5.479359E-01
        58   4  6.252945E+01  7.208855E+01 -5.620248E+01 -6.834507E+01 -6.140378E-01 -5.777896E-01
        58   5  6.127111E+01  7.900200E+01 -5.424299E+01 -6.969130E+01 -1.184735E+00 -1.054173E+00
        58   6  5.756518E+01  7.491802E+01 -5.684292E+01 -6.820538E+01 -1.217495E+00 -1.082215E+00
        58   7  6.523555E+01  7.503756E+01 -5.424300E+01 -7.008177E+01 -1.165222E+00 -1.075703E+00
        58   8  6.144509E+01  7.103810E+01 -5.684292E+01 -6.858752E+01 -1.196339E+00 -1.105557E+00
        59   1  6.627385E+01  8.515842E+01 -3.945114E+01 -7.422585E+01 -7.587756E-01 -6.654891E-01
        59   2  6.239718E+01  8.089344E+01 -4.228538E+01 -7.269960E+01 -7.784559E-01 -6.823351E-01
        59   3  7.049624E+01  8.093602E+01 -3.945115E+01 -7.464172E+01 -7.366577E-01 -6.898926E-01
        59   4  6.653275E+01  7.675787E+01 -4.228538E+01 -7.310692E+01 -7.553515E-01 -7.078269E-01
        59   5  6.552057E+01  8.443203E+01 -3.989505E+01 -7.433155E+01 -1.626269E+00 -1.451740E+00
        59   6  6.163870E+01  8.016130E+01 -4.273257E+01 -7.280313E+01 -1.645950E+00 -1.468586E+00
        59   7  6.974897E+01  8.020362E+01 -3.989505E+01 -7.474801E+01 -1.604151E+00 -1.476143E+00
        59   8  6.578016E+01  7.601983E+01 -4.273257E+01 -7.321103E+01 -1.622845E+00 -1.494077E+00
        60   1  7.203362E+01  9.264352E+01 -2.114635E+01 -8.100723E+01 -8.417254E-01 -7.392222E-01
        60   2  6.792186E+01  8.812255E+01 -2.419477E+01 -7.939883E+01 -8.468348E-01 -7.435957E-01
        60   3  7.664178E+01  8.803536E+01 -2.114635E+01 -8.146110E+01 -8.181661E-01 -7.652158E-01
        60   4  7.243852E+01  8.360589E+01 -2.419477E+01 -7.984368E+01 -8.230194E-01 -7.698719E-01
        60   5  7.166535E+01  9.226385E+01 -2.137073E+01 -8.096247E+01 -1.857285E+00 -1.659672E+00
        60   6  6.755572E+01  8.774524E+01 -2.441781E+01 -7.935495E+01 -1.862394E+00 -1.664045E+00
        60   7  7.627096E+01  8.765824E+01 -2.137073E+01 -8.141608E+01 -1.833726E+00 -1.685665E+00
        60   8  7.206988E+01  8.323107E+01 -2.441781E+01 -7.979956E+01 -1.838579E+00 -1.690321E+00
        61   1  7.964848E+01  1.024766E+02  1.453119E+00 -8.972584E+01 -8.432481E-01 -7.404354E-01
        61   2  7.526560E+01  9.765550E+01 -1.764457E+00 -8.800355E+01 -8.332319E-01 -7.318617E-01
        61   3  8.475260E+01  9.737244E+01  1.453119E+00 -9.022855E+01 -8.195228E-01 -7.666123E-01
        61   4  8.027175E+01  9.264935E+01 -1.764457E+00 -8.849662E+01 -8.100086E-01 -7.574847E-01
        61   5  7.969261E+01  1.024709E+02  1.464669E+00 -8.953021E+01 -1.853916E+00 -1.656451E+00
        61   6  7.531872E+01  9.765980E+01 -1.747231E+00 -8.781169E+01 -1.843899E+00 -1.647877E+00
        61   7  8.478561E+01  9.737793E+01  1.464669E+00 -9.003183E+01 -1.830190E+00 -1.682628E+00
        61   8  8.031395E+01  9.266457E+01 -1.747231E+00 -8.830367E+01 -1.820676E+00 -1.673500E+00
        62   1  8.909672E+01  1.146161E+02  2.843660E+01 -1.003039E+02 -7.624996E-01 -6.684068E-01
        62   2  8.441747E+01  1.094627E+02  2.510170E+01 -9.844050E+01 -7.370925E-01 -6.466589E-01
        62   3  9.480257E+01  1.089102E+02  2.843660E+01 -1.008659E+02 -7.399263E-01 -6.933127E-01
        62   4  9.001733E+01  1.038629E+02  2.510170E+01 -9.899204E+01 -7.157927E-01 -6.701596E-01
        62   5  8.957205E+01  1.150038E+02  2.869553E+01 -9.995959E+01 -1.615346E+00 -1.441382E+00
        62   6  8.490811E+01  1.098674E+02  2.537029E+01 -9.810260E+01 -1.589939E+00 -1.419634E+00
        62   7  9.525832E+01  1.093175E+02  2.869552E+01 -1.005196E+02 -1.592773E+00 -1.466288E+00
        62   8  9.048874E+01  1.042868E+02  2.537029E+01 -9.865225E+01 -1.568639E+00 -1.443135E+00
        63   1  9.979900E+01  1.283076E+02  5.861587E+01 -1.120529E+02 -6.093303E-01 -5.320450E-01
        63   2  9.482712E+01  1.228226E+02  5.522233E+01 -1.100362E+02 -5.705648E-01 -4.988626E-01
        63   3  1.061732E+02  1.219333E+02  5.861587E+01 -1.126807E+02 -5.892079E-01 -5.542467E-01
        63   4  1.010866E+02  1.165631E+02  5.522233E+01 -1.106527E+02 -5.523855E-01 -5.189203E-01
        63   5  1.006614E+02  1.290508E+02  5.909756E+01 -1.115849E+02 -1.177297E+00 -1.046820E+00
        63   6  9.570962E+01  1.235881E+02  5.571675E+01 -1.095766E+02 -1.138531E+00 -1.013637E+00
        63   7  1.070089E+02  1.227032E+02  5.909756E+01 -1.122101E+02 -1.157174E+00 -1.069022E+00
        63   8  1.019430E+02  1.173548E+02  5.571675E+01 -1.101905E+02 -1.120352E+00 -1.033695E+00
        64   1  1.030329E+02  1.324181E+02  7.250397E+01 -1.154986E+02 -4.063620E-01 -3.515796E-01
        64   2  9.815810E+01  1.270304E+02  6.933355E+01 -1.134827E+02 -3.615007E-01 -3.131793E-01
        64   3  1.096031E+02  1.258479E+02  7.250397E+01 -1.161457E+02 -3.897170E-01 -3.699444E-01
        64   4  1.046136E+02  1.205749E+02  6.933355E+01 -1.141185E+02 -3.471045E-01 -3.290631E-01
        64   5  1.040944E+02  1.333485E+02  7.310152E+01 -1.149836E+02 -6.093447E-01 -5.355524E-01
        64   6  9.924104E+01  1.279846E+02  6.994469E+01 -1.129766E+02 -5.644834E-01 -4.971521E-01
        64   7  1.106353E+02  1.268076E+02  7.310152E+01 -1.156278E+02 -5.926997E-01 -5.539173E-01
        64   8  1.056678E+02  1.215578E+02  6.994469E+01 -1.136096E+02 -5.500871E-01 -5.130360E-01
        65   1  7.319100E+01  6.383413E+01 -6.420642E+01 -6.689918E+01 -3.607881E-01 -3.801641E-01
        65   2  6.932438E+01  6.017466E+01 -6.655571E+01 -6.541809E+01 -3.975652E-01 -4.184986E-01
        65   3  7.697541E+01  6.004973E+01 -6.420642E+01 -6.652645E+01 -3.429701E-01 -3.963134E-01
        65   4  7.302500E+01  5.647404E+01 -6.655571E+01 -6.505361E+01 -3.775152E-01 -4.366708E-01
        65   5  7.199657E+01  6.259251E+01 -6.493723E+01 -6.723654E+01 -5.443657E-01 -5.827109E-01
        65   6  6.811071E+01  5.891485E+01 -6.729775E+01 -6.574798E+01 -5.811428E-01 -6.210453E-01
        65   7  7.580006E+01  5.878903E+01 -6.493723E+01 -6.686193E+01 -5.265477E-01 -5.988601E-01
        65   8  7.182999E+01  5.519557E+01 -6.729775E+01 -6.538166E+01 -5.610928E-01 -6.392175E-01
        66   1  7.607440E+01  6.630705E+01 -5.361049E+01 -6.983404E+01 -5.479359E-01 -5.829199E-01
        66   2  7.208855E+01  6.252945E+01 -5.620248E+01 -6.834507E+01 -5.777896E-01 -6.140378E-01
        66   3  8.002483E+01  6.235662E+01 -5.361049E+01 -6.944495E+01 -5.264058E-01 -6.024336E-01
        66   4  7.595475E+01  5.866325E+01 -5.620248E+01 -6.796428E+01 -5.544477E-01 -6.351936E-01
        66   5  7.503756E+01  6.523555E+01 -5.424300E+01 -7.008177E+01 -1.075703E+00 -1.165222E+00
        66   6  7.103810E+01  6.144509E+01 -5.684292E+01 -6.858752E+01 -1.105557E+00 -1.196339E+00
        66   7  7.900200E+01  6.127111E+01 -5.424299E+01 -6.969130E+01 -1.054173E+00 -1.184735E+00
        66   8  7.491802E+01  5.756518E+01 -5.684292E+01 -6.820538E+01 -1.082215E+00 -1.217495E+00
        67   1  8.093602E+01  7.049624E+01 -3.945115E+01 -7.464172E+01 -6.898926E-01 -7.366577E-01
        67   2  7.675787E+01  6.653275E+01 -4.228538E+01 -7.310692E+01 -7.078269E-01 -7.553515E-01
        67   3  8.515842E+01  6.627385E+01 -3.945114E+01 -7.422585E+01 -6.654891E-01 -7.587756E-01
        67   4  8.089344E+01  6.239718E+01 -4.228538E+01 -7.269960E+01 -6.823351E-01 -7.784559E-01
        67   5  8.020362E+01  6.974897E+01 -3.989505E+01 -7.474801E+01 -1.476143E+00 -1.604151E+00
        67   6  7.601983E+01  6.578016E+01 -4.273257E+01 -7.321103E+01 -1.494077E+00 -1.622845E+00
        67   7  8.443203E+01  6.552057E+01 -3.989505E+01 -7.433155E+01 -1.451740E+00 -1.626269E+00
        67   8  8.016130E+01  6.163870E+01 -4.273257E+01 -7.280313E+01 -1.468586E+00 -1.645950E+00
        68   1  8.803536E+01  7.664178E+01 -2.114635E+01 -8.146110E+01 -7.652158E-01 -8.181661E-01
        68   2  8.360589E+01  7.243852E+01 -2.419477E+01 -7.984368E+01 -7.698719E-01 -8.230194E-01
        68   3  9.264352E+01  7.203362E+01 -2.114635E+01 -8.100723E+01 -7.392222E-01 -8.417254E-01
        68   4  8.812255E+01  6.792186E+01 -2.419477E+01 -7.939883E+01 -7.435957E-01 -8.468348E-01
        68   5  8.765824E+01  7.627096E+01 -2.137073E+01 -8.141608E+01 -1.685665E+00 -1.833726E+00
        68   6  8.323107E+01  7.206988E+01 -2.441781E+01 -7.979956E+01 -1.690321E+00 -1.838579E+00
        68   7  9.226385E+01  7.166535E+01 -2.137073E+01 -8.096247E+01 -1.659672E+00 -1.857285E+00
        68   8  8.774524E+01  6.755572E+01 -2.441781E+01 -7.935495E+01 -1.664045E+00 -1.862394E+00
        69   1  9.737244E+01  8.475260E+01  1.453119E+00 -9.022855E+01 -7.666123E-01 -8.195228E-01
        69   2  9.264935E+01  8.027175E+01 -1.764457E+00 -8.849662E+01 -7.574847E-01 -8.100086E-01
        69   3  1.024766E+02  7.964848E+01  1.453119E+00 -8.972584E+01 -7.404354E-01 -8.432481E-01
        69   4  9.765550E+01  7.526560E+01 -1.764457E+00 -8.800355E+01 -7.318617E-01 -8.332319E-01
        69   5  9.737793E+01  8.478561E+01  1.464669E+00 -9.003183E+01 -1.682628E+00 -1.830190E+00
        69   6  9.266457E+01  8.031395E+01 -1.747231E+00 -8.830367E+01 -1.673500E+00 -1.820676E+00
        69   7  1.024709E+02  7.969261E+01  1.464669E+00 -8.953021E+01 -1.656451E+00 -1.853916E+00
        69   8  9.765980E+01  7.531872E+01 -1.747231E+00 -8.781169E+01 -1.647877E+00 -1.843899E+00
        70   1  1.089102E+02  9.480257E+01  2.843660E+01 -1.008659E+02 -6.933127E-01 -7.399263E-01
        70   2  1.038629E+02  9.001733E+01  2.510170E+01 -9.899204E+01 -6.701596E-01 -7.157927E-01
        70   3  1.146161E+02  8.909672E+01  2.843660E+01 -1.003039E+02 -6.684068E-01 -7.624996E-01
        70   4  1.094627E+02  8.441747E+01  2.510170E+01 -9.844050E+01 -6.466589E-01 -7.370925E-01
        70   5  1.093175E+02  9.525832E+01  2.869552E+01 -1.005196E+02 -1.466288E+00 -1.592773E+00
        70   6  1.042868E+02  9.048874E+01  2.537029E+01 -9.865225E+01 -1.443135E+00 -1.568639E+00
        70   7  1.150038E+02  8.957205E+01  2.869553E+01 -9.995959E+01 -1.441382E+00 -1.615346E+00
        70   8  1.098674E+02  8.490811E+01  2.537029E+01 -9.810260E+01 -1.419634E+00 -1.589939E+00
        71   1  1.219333E+02  1.061732E+02  5.861587E+01 -1.126807E+02 -5.542467E-01 -5.892079E-01
        71   2  1.165631E+02  1.010866E+02  5.522233E+01 -1.106527E+02 -5.189203E-01 -5.523855E-01
        71   3  1.283076E+02  9.979900E+01  5.861587E+01 -1.120529E+02 -5.320450E-01 -6.093303E-01
        71   4  1.228226E+02  9.482712E+01  5.522233E+01 -1.100362E+02 -4.988626E-01 -5.705648E-01
        71   5  1.227032E+02  1.070089E+02  5.909756E+01 -1.122101E+02 -1.069022E+00 -1.157174E+00
        71   6  1.173548E+02  1.019430E+02  5.571675E+01 -1.101905E+02 -1.033695E+00 -1.120352E+00
        71   7  1.290508E+02  1.006614E+02  5.909756E+01 -1.115849E+02 -1.046820E+00 -1.177297E+00
        71   8  1.235881E+02  9.570962E+01  5.571675E+01 -1.095766E+02 -1.013637E+00 -1.138531E+00
        72   1  1.258479E+02  1.096031E+02  7.250397E+01 -1.161457E+02 -3.699444E-01 -3.897170E-01
        72   2  1.205749E+02  1.046136E+02  6.933355E+01 -1.141185E+02 -3.290631E-01 -3.471045E-01
        72   3  1.324181E+02  1.030329E+02  7.250397E+01 -1.154986E+02 -3.515796E-01 -4.063620E-01
        72   4  1.270304E+02  9.815810E+01  6.933355E+01 -1.134827E+02 -3.131793E-01 -3.615007E-01
        72   5  1.268076E+02  1.106353E+02  7.310152E+01 -1.156278E+02 -5.539173E-01 -5.926997E-01
        72   6  1.215578E+02  1.056678E+02  6.994469E+01 -1.136096E+02 -5.130360E-01 -5.500871E-01
        72   7  1.333485E+02  1.040944E+02  7.310152E+01 -1.149836E+02 -5.355524E-01 -6.093447E-01
        72   8  1.279846E+02  9.924104E+01  6.994469E+01 -1.129766E+02 -4.971521E-01 -5.644834E-01
        73   1  8.615249E+01  5.087265E+01 -6.420641E+01 -6.470101E+01 -3.217882E-01 -4.136970E-01
        73   2  8.199891E+01  4.750013E+01 -6.655571E+01 -6.326859E+01 -3.546307E-01 -4.554516E-01
        73   3  8.979147E+01  4.723368E+01 -6.420641E+01 -6.359714E+01 -3.024731E-01 -4.280220E-01
        73   4  8.555732E+01  4.394172E+01 -6.655571E+01 -6.218915E+01 -3.328961E-01 -4.715711E-01
        73   5  8.502342E+01  4.956567E+01 -6.493723E+01 -6.502729E+01 -4.846288E-01 -6.332620E-01
        73   6  8.084916E+01  4.617641E+01 -6.729775E+01 -6.358764E+01 -5.174713E-01 -6.750167E-01
        73   7  8.868075E+01  4.590834E+01 -6.493723E+01 -6.391785E+01 -4.653137E-01 -6.475871E-01
        73   8  8.442551E+01  4.260005E+01 -6.729775E+01 -6.250277E+01 -4.957367E-01 -6.911361E-01
        74   1  8.960451E+01  5.277694E+01 -5.361049E+01 -6.753944E+01 -4.881613E-01 -6.338201E-01
        74   2  8.533017E+01  4.928783E+01 -5.620248E+01 -6.609939E+01 -5.148211E-01 -6.677143E-01
        74   3  9.340312E+01  4.897833E+01 -5.361049E+01 -6.638714E+01 -4.648222E-01 -6.511295E-01
        74   4  8.904779E+01  4.557020E+01 -5.620248E+01 -6.497166E+01 -4.895180E-01 -6.864803E-01
        74   5  8.861566E+01  5.165745E+01 -5.424299E+01 -6.777903E+01 -9.563118E-01 -1.265048E+00
        74   6  8.432670E+01  4.815650E+01 -5.684292E+01 -6.633387E+01 -9.829717E-01 -1.298942E+00
        74   7  9.242775E+01  4.784536E+01 -5.424299E+01 -6.662264E+01 -9.329727E-01 -1.282357E+00
        74   8  8.805751E+01  4.442569E+01 -5.684292E+01 -6.520214E+01 -9.576686E-01 -1.317708E+00
        75   1  9.539760E+01  5.603466E+01 -3.945115E+01 -7.218915E+01 -6.143654E-01 -8.007317E-01
        75   2  9.092208E+01  5.236853E+01 -4.228538E+01 -7.070478E+01 -6.303811E-01 -8.210934E-01
        75   3  9.945773E+01  5.197454E+01 -3.945114E+01 -7.095752E+01 -5.879116E-01 -8.203512E-01
        75   4  9.489873E+01  4.839189E+01 -4.228538E+01 -6.949848E+01 -6.027474E-01 -8.415880E-01
        75   5  9.468579E+01  5.526680E+01 -3.989505E+01 -7.229195E+01 -1.311801E+00 -1.741114E+00
        75   6  9.020422E+01  5.159577E+01 -4.273257E+01 -7.080547E+01 -1.327816E+00 -1.761476E+00
        75   7  9.875170E+01  5.120089E+01 -3.989505E+01 -7.105857E+01 -1.285347E+00 -1.760734E+00
        75   8  9.418653E+01  4.761347E+01 -4.273257E+01 -6.959745E+01 -1.300183E+00 -1.781970E+00
        76   1  1.038182E+02  6.085897E+01 -2.114635E+01 -7.878446E+01 -6.813368E-01 -8.892307E-01
        76   2  9.907533E+01  5.696909E+01 -2.419477E+01 -7.722018E+01 -6.854948E-01 -8.945170E-01
        76   3  1.082492E+02  5.642791E+01 -2.114635E+01 -7.744031E+01 -6.531591E-01 -9.101287E-01
        76   4  1.034184E+02  5.262600E+01 -2.419477E+01 -7.590272E+01 -6.570108E-01 -9.156422E-01
        76   5  1.034323E+02  6.049687E+01 -2.137073E+01 -7.874092E+01 -1.497812E+00 -1.990120E+00
        76   6  9.869196E+01  5.660899E+01 -2.441781E+01 -7.717751E+01 -1.501970E+00 -1.995406E+00
        76   7  1.078610E+02  5.606826E+01 -2.137073E+01 -7.739751E+01 -1.469634E+00 -2.011018E+00
        76   8  1.030327E+02  5.226830E+01 -2.441781E+01 -7.586078E+01 -1.473486E+00 -2.016531E+00
        77   1  1.148539E+02  6.727113E+01  1.453119E+00 -8.726383E+01 -6.825936E-01 -8.907177E-01
        77   2  1.097953E+02  6.312584E+01 -1.764455E+00 -8.558880E+01 -6.744424E-01 -8.803547E-01
        77   3  1.197619E+02  6.236316E+01  1.453119E+00 -8.577501E+01 -6.542172E-01 -9.117630E-01
        77   4  1.146090E+02  5.831207E+01 -1.764455E+00 -8.412856E+01 -6.466666E-01 -9.009546E-01
        77   5  1.148213E+02  6.734225E+01  1.464669E+00 -8.707357E+01 -1.495136E+00 -1.986304E+00
        77   6  1.097731E+02  6.320542E+01 -1.747229E+00 -8.540220E+01 -1.486984E+00 -1.975941E+00
        77   7  1.197186E+02  6.244498E+01  1.464670E+00 -8.558800E+01 -1.466759E+00 -2.007349E+00
        77   8  1.145764E+02  5.840215E+01 -1.747229E+00 -8.394514E+01 -1.459209E+00 -1.996541E+00
        78   1  1.284526E+02  7.526015E+01  2.843660E+01 -9.755162E+01 -6.174487E-01 -8.043199E-01
        78   2  1.230422E+02  7.083795E+01  2.510170E+01 -9.573937E+01 -5.967726E-01 -7.780331E-01
        78   3  1.339392E+02  6.977357E+01  2.843660E+01 -9.588728E+01 -5.904502E-01 -8.243433E-01
        78   4  1.284269E+02  6.545329E+01  2.510170E+01 -9.410595E+01 -5.712973E-01 -7.969269E-01
        78   5  1.287929E+02  7.578299E+01  2.869552E+01 -9.721677E+01 -1.303108E+00 -1.728825E+00
        78   6  1.234003E+02  7.137520E+01  2.537029E+01 -9.541075E+01 -1.282432E+00 -1.702538E+00
        78   7  1.342606E+02  7.031523E+01  2.869552E+01 -9.555815E+01 -1.276110E+00 -1.748848E+00
        78   8  1.287665E+02  6.600903E+01  2.537029E+01 -9.378293E+01 -1.256957E+00 -1.721432E+00
        79   1  1.437649E+02  8.434171E+01  5.861587E+01 -1.089783E+02 -4.938254E-01 -6.406964E-01
        79   2  1.380017E+02  7.964804E+01  5.522233E+01 -1.070169E+02 -4.622784E-01 -6.005887E-01
        79   3  1.498941E+02  7.821246E+01  5.861587E+01 -1.071190E+02 -4.697583E-01 -6.585457E-01
        79   4  1.440206E+02  7.362910E+01  5.522233E+01 -1.051910E+02 -4.405353E-01 -6.167145E-01
        79   5  1.444436E+02  8.526863E+01  5.909757E+01 -1.085231E+02 -9.504511E-01 -1.256385E+00
        79   6  1.387038E+02  8.059393E+01  5.571676E+01 -1.065699E+02 -9.189040E-01 -1.216277E+00
        79   7  1.505472E+02  7.916497E+01  5.909757E+01 -1.066716E+02 -9.263839E-01 -1.274234E+00
        79   8  1.446976E+02  7.460013E+01  5.571676E+01 -1.047517E+02 -8.971610E-01 -1.232403E+00
        80   1  1.483508E+02  8.710031E+01  7.250398E+01 -1.123294E+02 -3.299642E-01 -4.241013E-01
        80   2  1.426850E+02  8.250358E+01  6.933356E+01 -1.103688E+02 -2.934564E-01 -3.776869E-01
        80   3  1.546685E+02  8.078257E+01  7.250397E+01 -1.104130E+02 -3.100562E-01 -4.388661E-01
        80   4  1.488924E+02  7.629612E+01  6.933355E+01 -1.084858E+02 -2.762380E-01 -3.904570E-01
        80   5  1.492101E+02  8.823280E+01  7.310153E+01 -1.118285E+02 -4.931554E-01 -6.441390E-01
        80   6  1.435694E+02  8.365634E+01  6.994470E+01 -1.098767E+02 -4.566477E-01 -5.977246E-01
        80   7  1.554997E+02  8.194324E+01  7.310153E+01 -1.099206E+02 -4.732475E-01 -6.589038E-01
        80   8  1.497491E+02  7.747655E+01  6.994469E+01 -1.080020E+02 -4.394293E-01 -6.104946E-01
        81   1  9.843609E+01  3.858905E+01 -6.420642E+01 -6.001642E+01 -2.796893E-01 -4.432457E-01
        81   2  9.401055E+01  3.548848E+01 -6.655571E+01 -5.868770E+01 -3.082810E-01 -4.880184E-01
        81   3  1.017898E+02  3.523535E+01 -6.420642E+01 -5.822383E+01 -2.590631E-01 -4.556085E-01
        81   4  9.729000E+01  3.220903E+01 -6.655571E+01 -5.693480E+01 -2.850711E-01 -5.019299E-01
        81   5  9.736896E+01  3.722012E+01 -6.493723E+01 -6.031907E+01 -4.202246E-01 -6.777146E-01
        81   6  9.292138E+01  3.410418E+01 -6.729775E+01 -5.898366E+01 -4.488163E-01 -7.224874E-01
        81   7  1.007396E+02  3.384951E+01 -6.493723E+01 -5.851745E+01 -3.995985E-01 -6.900776E-01
        81   8  9.621736E+01  3.080820E+01 -6.729775E+01 -5.722192E+01 -4.256064E-01 -7.363990E-01
        82   1  1.024270E+02  3.995447E+01 -5.361049E+01 -6.264933E+01 -4.236854E-01 -6.786162E-01
        82   2  9.787925E+01  3.673875E+01 -5.620248E+01 -6.131355E+01 -4.468947E-01 -7.149603E-01
        82   3  1.059278E+02  3.645364E+01 -5.361049E+01 -6.077811E+01 -3.987621E-01 -6.935547E-01
        82   4  1.013054E+02  3.331257E+01 -5.620248E+01 -5.948222E+01 -4.198740E-01 -7.311559E-01
        82   5  1.014836E+02  3.878949E+01 -5.424299E+01 -6.287158E+01 -8.277106E-01 -1.352691E+00
        82   6  9.692030E+01  3.556290E+01 -5.684292E+01 -6.153106E+01 -8.509198E-01 -1.389035E+00
        82   7  1.049969E+02  3.527625E+01 -5.424299E+01 -6.099371E+01 -8.027873E-01 -1.367630E+00
        82   8  1.003586E+02  3.212457E+01 -5.684292E+01 -5.969323E+01 -8.238992E-01 -1.405231E+00
        83   1  1.091028E+02  4.232943E+01 -3.945114E+01 -6.696239E+01 -5.329217E-01 -8.570943E-01
        83   2  1.043455E+02  3.894511E+01 -4.228538E+01 -6.558550E+01 -5.468644E-01 -8.789278E-01
        83   3  1.128447E+02  3.858760E+01 -3.945115E+01 -6.496234E+01 -5.046722E-01 -8.740265E-01
        83   4  1.080104E+02  3.528022E+01 -4.228538E+01 -6.362657E+01 -5.173550E-01 -8.966151E-01
        83   5  1.084105E+02  4.154205E+01 -3.989505E+01 -6.705775E+01 -1.134825E+00 -1.861309E+00
        83   6  1.036468E+02  3.815324E+01 -4.273257E+01 -6.567889E+01 -1.148768E+00 -1.883143E+00
        83   7  1.121577E+02  3.779489E+01 -3.989505E+01 -6.505485E+01 -1.106575E+00 -1.878241E+00
        83   8  1.073169E+02  3.448312E+01 -4.273257E+01 -6.371718E+01 -1.119258E+00 -1.900830E+00
        84   1  1.187755E+02  4.590161E+01 -2.114635E+01 -7.308018E+01 -5.908961E-01 -9.517315E-01
        84   2  1.137357E+02  4.230871E+01 -2.419477E+01 -7.162916E+01 -5.945159E-01 -9.573999E-01
        84   3  1.228592E+02  4.181792E+01 -2.114635E+01 -7.089740E+01 -5.608057E-01 -9.697670E-01
        84   4  1.177383E+02  3.830609E+01 -2.419477E+01 -6.948972E+01 -5.640985E-01 -9.756315E-01
        84   5  1.183814E+02  4.554778E+01 -2.137073E+01 -7.303979E+01 -1.295534E+00 -2.127348E+00
        84   6  1.133442E+02  4.195671E+01 -2.441781E+01 -7.158958E+01 -1.299153E+00 -2.133016E+00
        84   7  1.224629E+02  4.146634E+01 -2.137073E+01 -7.085822E+01 -1.265443E+00 -2.145384E+00
        84   8  1.173446E+02  3.795631E+01 -2.441781E+01 -6.945132E+01 -1.268736E+00 -2.151248E+00
        85   1  1.314211E+02  5.070394E+01  1.453120E+00 -8.094561E+01 -5.920011E-01 -9.533345E-01
        85   2  1.260445E+02  4.687666E+01 -1.764454E+00 -7.939186E+01 -5.849050E-01 -9.422224E-01
        85   3  1.359443E+02  4.618073E+01  1.453119E+00 -7.852790E+01 -5.616986E-01 -9.714972E-01
        85   4  1.304808E+02  4.244027E+01 -1.764454E+00 -7.702056E+01 -5.552437E-01 -9.600007E-01
        85   5  1.313524E+02  5.081119E+01  1.464671E+00 -8.076913E+01 -1.293244E+00 -2.123288E+00
        85   6  1.259869E+02  4.699167E+01 -1.747228E+00 -7.921877E+01 -1.286148E+00 -2.112176E+00
        85   7  1.358657E+02  4.629783E+01  1.464670E+00 -7.835669E+01 -1.262942E+00 -2.141451E+00
        85   8  1.304136E+02  4.256495E+01 -1.747228E+00 -7.685264E+01 -1.256487E+00 -2.129954E+00
        86   1  1.469730E+02  5.673982E+01  2.843660E+01 -9.048853E+01 -5.356384E-01 -8.609674E-01
        86   2  1.412185E+02  5.266168E+01  2.510171E+01 -8.880749E+01 -5.176384E-01 -8.327806E-01
        86   3  1.520294E+02  5.168335E+01  2.843660E+01 -8.778579E+01 -5.068073E-01 -8.782481E-01
        86   4  1.461811E+02  4.769915E+01  2.510170E+01 -8.615497E+01 -4.904339E-01 -8.490864E-01
        86   5  1.472496E+02  5.732623E+01  2.869553E+01 -9.017792E+01 -1.127379E+00 -1.848227E+00
        86   6  1.415142E+02  5.326132E+01  2.537030E+01 -8.850266E+01 -1.109379E+00 -1.820040E+00
        86   7  1.522887E+02  5.228711E+01  2.869553E+01 -8.748446E+01 -1.098548E+00 -1.865507E+00
        86   8  1.464597E+02  4.831582E+01  2.537030E+01 -8.585924E+01 -1.082174E+00 -1.836346E+00
        87   1  1.644546E+02  6.365201E+01  5.861587E+01 -1.010879E+02 -4.286483E-01 -6.860146E-01
        87   2  1.583190E+02  5.933070E+01  5.522233E+01 -9.926845E+01 -4.011844E-01 -6.430080E-01
        87   3  1.701033E+02  5.800325E+01  5.861588E+01 -9.806853E+01 -4.029475E-01 -7.014190E-01
        87   4  1.638661E+02  5.378362E+01  5.522233E+01 -9.630347E+01 -3.779654E-01 -6.569248E-01
        87   5  1.650469E+02  6.466533E+01  5.909757E+01 -1.006656E+02 -8.227271E-01 -1.343495E+00
        87   6  1.589363E+02  6.036146E+01  5.571676E+01 -9.885385E+01 -7.952632E-01 -1.300489E+00
        87   7  1.706720E+02  5.904017E+01  5.909757E+01 -9.765894E+01 -7.970263E-01 -1.358900E+00
        87   8  1.644602E+02  5.483754E+01  5.571676E+01 -9.590125E+01 -7.720443E-01 -1.314405E+00
        88   1  1.696767E+02  6.577438E+01  7.250398E+01 -1.041964E+02 -2.868061E-01 -4.544013E-01
        88   2  1.636387E+02  6.154988E+01  6.933356E+01 -1.023777E+02 -2.550236E-01 -4.046320E-01
        88   3  1.754992E+02  5.995192E+01  7.250398E+01 -1.010842E+02 -2.655468E-01 -4.671437E-01
        88   4  1.693595E+02  5.582904E+01  6.933355E+01 -9.931988E+01 -2.366364E-01 -4.156529E-01
        88   5  1.704409E+02  6.700197E+01  7.310153E+01 -1.037317E+02 -4.276440E-01 -6.893750E-01
        88   6  1.644296E+02  6.279607E+01  6.994470E+01 -1.019212E+02 -3.958615E-01 -6.396057E-01
        88   7  1.762374E+02  6.120548E+01  7.310153E+01 -1.006334E+02 -4.063847E-01 -7.021173E-01
        88   8  1.701249E+02  5.710075E+01  6.994470E+01 -9.887698E+01 -3.774743E-01 -6.506265E-01
        89   1  1.095697E+02  2.745539E+01 -6.420642E+01 -5.302543E+01 -2.348968E-01 -4.685257E-01
        89   2  1.048977E+02  2.460132E+01 -6.655571E+01 -5.185149E+01 -2.589624E-01 -5.158853E-01
        89   3  1.125093E+02  2.451586E+01 -6.420642E+01 -5.061301E+01 -2.131582E-01 -4.788073E-01
        89   4  1.077722E+02  2.172686E+01 -6.655571E+01 -4.949249E+01 -2.345007E-01 -5.274549E-01
        89   5  1.085587E+02  2.603032E+01 -6.493724E+01 -5.329283E+01 -3.517735E-01 -7.156406E-01
        89   6  1.038634E+02  2.316212E+01 -6.729776E+01 -5.211297E+01 -3.758390E-01 -7.630002E-01
        89   7  1.115131E+02  2.307596E+01 -6.493724E+01 -5.086825E+01 -3.300348E-01 -7.259221E-01
        89   8  1.067524E+02  2.027317E+01 -6.729776E+01 -4.974207E+01 -3.513773E-01 -7.745697E-01
        90   1  1.140491E+02  2.833238E+01 -5.361050E+01 -5.535165E+01 -3.551292E-01 -7.168770E-01
        90   2  1.092535E+02  2.536446E+01 -5.620248E+01 -5.417147E+01 -3.746644E-01 -7.553210E-01
        90   3  1.171176E+02  2.526388E+01 -5.361049E+01 -5.283340E+01 -3.288617E-01 -7.293006E-01
        90   4  1.122566E+02  2.236139E+01 -5.620248E+01 -5.170691E+01 -3.461864E-01 -7.687901E-01
        90   5  1.131469E+02  2.712617E+01 -5.424300E+01 -5.554801E+01 -6.911379E-01 -1.427308E+00
        90   6  1.083349E+02  2.414826E+01 -5.684292E+01 -5.436364E+01 -7.106731E-01 -1.465752E+00
        90   7  1.162263E+02  2.404679E+01 -5.424300E+01 -5.302083E+01 -6.648704E-01 -1.439731E+00
        90   8  1.113487E+02  2.113454E+01 -5.684292E+01 -5.189034E+01 -6.821951E-01 -1.479221E+00
        91   1  1.215250E+02  2.990723E+01 -3.945115E+01 -5.916231E+01 -4.463456E-01 -9.052027E-01
        91   2  1.165123E+02  2.677834E+01 -4.228538E+01 -5.794580E+01 -4.580811E-01 -9.282976E-01
        91   3  1.248048E+02  2.662749E+01 -3.945115E+01 -5.647069E+01 -4.165725E-01 -9.192844E-01
        91   4  1.197246E+02  2.356603E+01 -4.228538E+01 -5.530953E+01 -4.269801E-01 -9.430073E-01
        91   5  1.208504E+02  2.910217E+01 -3.989505E+01 -5.924655E+01 -9.469202E-01 -1.963579E+00
        91   6  1.158309E+02  2.596914E+01 -4.273257E+01 -5.802831E+01 -9.586558E-01 -1.986674E+00
        91   7  1.241348E+02  2.581775E+01 -3.989505E+01 -5.655111E+01 -9.171471E-01 -1.977661E+00
        91   8  1.190477E+02  2.275226E+01 -4.273257E+01 -5.538829E+01 -9.275548E-01 -2.001383E+00
        92   1  1.323326E+02  3.234450E+01 -2.114635E+01 -6.456746E+01 -4.947648E-01 -1.005067E+00
        92   2  1.270236E+02  2.902078E+01 -2.419477E+01 -6.328547E+01 -4.978116E-01 -1.011063E+00
        92   3  1.359120E+02  2.876512E+01 -2.114635E+01 -6.162994E+01 -4.630515E-01 -1.020066E+00
        92   4  1.305320E+02  2.551246E+01 -2.419477E+01 -6.040627E+01 -4.657536E-01 -1.026225E+00
        92   5  1.319310E+02  3.199816E+01 -2.137073E+01 -6.453178E+01 -1.080779E+00 -2.244089E+00
        92   6  1.266248E+02  2.867612E+01 -2.441781E+01 -6.325050E+01 -1.083825E+00 -2.250085E+00
        92   7  1.355085E+02  2.842075E+01 -2.137073E+01 -6.159588E+01 -1.049065E+00 -2.259088E+00
        92   8  1.301312E+02  2.516974E+01 -2.441781E+01 -6.037289E+01 -1.051767E+00 -2.265247E+00
        93   1  1.464373E+02  3.568771E+01  1.453120E+00 -7.151670E+01 -4.957073E-01 -1.006770E+00
        93   2  1.407724E+02  3.214866E+01 -1.764454E+00 -7.014394E+01 -4.897345E-01 -9.950161E-01
        93   3  1.504020E+02  3.172309E+01  1.453123E+00 -6.826301E+01 -4.637705E-01 -1.021875E+00
        93   4  1.446610E+02  2.826014E+01 -1.764451E+00 -6.695270E+01 -4.584735E-01 -1.009801E+00
        93   5  1.463359E+02  3.582769E+01  1.464671E+00 -7.136077E+01 -1.078898E+00 -2.239824E+00
        93   6  1.406827E+02  3.229579E+01 -1.747228E+00 -6.999101E+01 -1.072926E+00 -2.228070E+00
        93   7  1.502918E+02  3.187172E+01  1.464673E+00 -6.811418E+01 -1.046961E+00 -2.254929E+00
        93   8  1.445628E+02  2.841574E+01 -1.747225E+00 -6.680673E+01 -1.041665E+00 -2.242855E+00
        94   1  1.637595E+02  3.995328E+01  2.843660E+01 -7.994801E+01 -4.486696E-01 -9.093234E-01
        94   2  1.576932E+02  3.618699E+01  2.510171E+01 -7.846279E+01 -4.335191E-01 -8.795080E-01
        94   3  1.681915E+02  3.552125E+01  2.843660E+01 -7.631074E+01 -4.182835E-01 -9.236949E-01
        94   4  1.620429E+02  3.183730E+01  2.510171E+01 -7.489309E+01 -4.048473E-01 -8.930687E-01
        94   5  1.639786E+02  4.059731E+01  2.869553E+01 -7.967359E+01 -9.407924E-01 -1.949829E+00
        94   6  1.579323E+02  3.684318E+01  2.537030E+01 -7.819347E+01 -9.256419E-01 -1.920014E+00
        94   7  1.683954E+02  3.618049E+01  2.869553E+01 -7.604880E+01 -9.104063E-01 -1.964201E+00
        94   8  1.622671E+02  3.250842E+01  2.537030E+01 -7.463602E+01 -8.969701E-01 -1.933575E+00
        95   1  1.832074E+02  4.489919E+01  5.861588E+01 -8.931268E+01 -3.593430E-01 -7.247261E-01
        95   2  1.767343E+02  4.091540E+01  5.522234E+01 -8.770521E+01 -3.362268E-01 -6.792346E-01
        95   3  1.881586E+02  3.994802E+01  5.861588E+01 -8.524935E+01 -3.322561E-01 -7.375372E-01
        95   4  1.815964E+02  3.605335E+01  5.522234E+01 -8.371502E+01 -3.117555E-01 -6.908086E-01
        95   5  1.837214E+02  4.599084E+01  5.909757E+01 -8.893965E+01 -6.870799E-01 -1.417667E+00
        95   6  1.772747E+02  4.202307E+01  5.571676E+01 -8.733890E+01 -6.639636E-01 -1.372176E+00
        95   7  1.886519E+02  4.106035E+01  5.909757E+01 -8.489330E+01 -6.599929E-01 -1.430478E+00
        95   8  1.821165E+02  3.718133E+01  5.571676E+01 -8.336537E+01 -6.394923E-01 -1.383750E+00
        96   1  1.890062E+02  4.644490E+01  7.250398E+01 -9.205911E+01 -2.408859E-01 -4.803252E-01
        96   2  1.826308E+02  4.255778E+01  6.933356E+01 -9.045230E+01 -2.141347E-01 -4.276803E-01
        96   3  1.941096E+02  4.134147E+01  7.250398E+01 -8.787084E+01 -2.184800E-01 -4.909223E-01
        96   4  1.876451E+02  3.754342E+01  6.933356E+01 -8.633713E+01 -1.947558E-01 -4.368458E-01
        96   5  1.896842E+02  4.775869E+01  7.310153E+01 -9.164859E+01 -3.580142E-01 -7.279718E-01
        96   6  1.833370E+02  4.388866E+01  6.994470E+01 -9.004894E+01 -3.312630E-01 -6.753269E-01
        96   7  1.947649E+02  4.267802E+01  7.310153E+01 -8.747899E+01 -3.356083E-01 -7.385689E-01
        96   8  1.883290E+02  3.889667E+01  6.994470E+01 -8.595212E+01 -3.118841E-01 -6.844924E-01
        97   1  1.191256E+02  1.789956E+01 -6.420642E+01 -4.399671E+01 -1.878421E-01 -4.892936E-01
        97   2  1.142420E+02  1.525704E+01 -6.655571E+01 -4.302266E+01 -2.071498E-01 -5.387840E-01
        97   3  1.215380E+02  1.548713E+01 -6.420642E+01 -4.105717E+01 -1.652004E-01 -4.973949E-01
        97   4  1.166010E+02  1.289802E+01 -6.655571E+01 -4.014820E+01 -1.816718E-01 -5.479001E-01
        97   5  1.181628E+02  1.642630E+01 -6.493723E+01 -4.421858E+01 -2.799344E-01 -7.466744E-01
        97   6  1.132549E+02  1.377072E+01 -6.729775E+01 -4.323962E+01 -2.992420E-01 -7.961648E-01
        97   7  1.205874E+02  1.400171E+01 -6.493724E+01 -4.126422E+01 -2.572927E-01 -7.547757E-01
        97   8  1.156258E+02  1.139981E+01 -6.729776E+01 -4.035066E+01 -2.737641E-01 -8.052809E-01
        98   1  1.240241E+02  1.835732E+01 -5.361049E+01 -4.592684E+01 -2.831529E-01 -7.482338E-01
        98   2  1.190159E+02  1.560209E+01 -5.620248E+01 -4.494761E+01 -2.988259E-01 -7.884075E-01
        98   3  1.265424E+02  1.583908E+01 -5.361049E+01 -4.285834E+01 -2.557942E-01 -7.580229E-01
        98   4  1.214805E+02  1.313754E+01 -5.620248E+01 -4.194454E+01 -2.691648E-01 -7.990204E-01
        98   5  1.231574E+02  1.711573E+01 -5.424300E+01 -4.608976E+01 -5.479092E-01 -1.488178E+00
        98   6  1.181319E+02  1.435126E+01 -5.684292E+01 -4.510706E+01 -5.635822E-01 -1.528352E+00
        98   7  1.256846E+02  1.458855E+01 -5.424299E+01 -4.301038E+01 -5.205504E-01 -1.497967E+00
        98   8  1.206052E+02  1.187797E+01 -5.684292E+01 -4.209333E+01 -5.339211E-01 -1.538965E+00
        99   1  1.321868E+02  1.924545E+01 -3.945114E+01 -4.908865E+01 -3.554709E-01 -9.445935E-01
        99   2  1.269548E+02  1.633578E+01 -4.228538E+01 -4.807927E+01 -3.648863E-01 -9.687274E-01
        99   3  1.348784E+02  1.655383E+01 -3.945115E+01 -4.580890E+01 -3.244609E-01 -9.556890E-01
        99   4  1.295911E+02  1.369951E+01 -4.228538E+01 -4.486697E+01 -3.324932E-01 -9.803179E-01
        99   5  1.315274E+02  1.842520E+01 -3.989505E+01 -4.915855E+01 -7.498961E-01 -2.046938E+00
        99   6  1.262883E+02  1.551171E+01 -4.273257E+01 -4.814774E+01 -7.593115E-01 -2.071072E+00
        99   7  1.342229E+02  1.572974E+01 -3.989505E+01 -4.587413E+01 -7.188861E-01 -2.058034E+00
        99   8  1.289283E+02  1.287168E+01 -4.273257E+01 -4.493086E+01 -7.269184E-01 -2.082662E+00
       100   1  1.439685E+02  2.070864E+01 -2.114635E+01 -5.357345E+01 -3.938686E-01 -1.048722E+00
       100   2  1.384285E+02  1.761594E+01 -2.419477E+01 -5.250975E+01 -3.963130E-01 -1.054988E+00
       100   3  1.469060E+02  1.777111E+01 -2.114635E+01 -4.999407E+01 -3.608378E-01 -1.060541E+00
       100   4  1.413077E+02  1.473674E+01 -2.419477E+01 -4.900143E+01 -3.629232E-01 -1.066935E+00
       100   5  1.435605E+02  2.036872E+01 -2.137073E+01 -5.354385E+01 -8.556152E-01 -2.339218E+00
       100   6  1.380234E+02  1.727759E+01 -2.441781E+01 -5.248073E+01 -8.580596E-01 -2.345483E+00
       100   7  1.464964E+02  1.743282E+01 -2.137073E+01 -4.996644E+01 -8.225844E-01 -2.351036E+00
       100   8  1.409010E+02  1.439998E+01 -2.441781E+01 -4.897435E+01 -8.246698E-01 -2.357430E+00
       101   1  1.593255E+02  2.279951E+01  1.453122E+00 -5.933943E+01 -3.946396E-01 -1.050510E+00
       101   2  1.534133E+02  1.950785E+01 -1.764452E+00 -5.820041E+01 -3.898477E-01 -1.038227E+00
       101   3  1.625792E+02  1.954583E+01  1.453122E+00 -5.537480E+01 -3.613760E-01 -1.062412E+00
       101   4  1.566045E+02  1.631662E+01 -1.764452E+00 -5.431189E+01 -3.572880E-01 -1.049877E+00
       101   5  1.591960E+02  2.296759E+01  1.464672E+00 -5.921006E+01 -8.541619E-01 -2.334789E+00
       101   6  1.532960E+02  1.968253E+01 -1.747226E+00 -5.807352E+01 -8.493700E-01 -2.322506E+00
       101   7  1.624425E+02  1.972100E+01  1.464673E+00 -5.525407E+01 -8.208983E-01 -2.346691E+00
       101   8  1.564803E+02  1.649826E+01 -1.747226E+00 -5.419348E+01 -8.168103E-01 -2.334156E+00
       102   1  1.781671E+02  2.554566E+01  2.843661E+01 -6.633513E+01 -3.573799E-01 -9.489220E-01
       102   2  1.718332E+02  2.204702E+01  2.510171E+01 -6.510280E+01 -3.452247E-01 -9.177652E-01
       102   3  1.818044E+02  2.190838E+01  2.843661E+01 -6.190311E+01 -3.257314E-01 -9.602460E-01
       102   4  1.754029E+02  1.847732E+01  2.510171E+01 -6.075311E+01 -3.153618E-01 -9.284503E-01
       102   5  1.783367E+02  2.623913E+01  2.869553E+01 -6.610744E+01 -7.451455E-01 -2.032654E+00
       102   6  1.720238E+02  2.275175E+01  2.537030E+01 -6.487934E+01 -7.329903E-01 -2.001497E+00
       102   7  1.819615E+02  2.261435E+01  2.869553E+01 -6.169062E+01 -7.134970E-01 -2.043978E+00
       102   8  1.755812E+02  1.919430E+01  2.537030E+01 -6.054458E+01 -7.031274E-01 -2.012183E+00
       103   1  1.993026E+02  2.880393E+01  5.861588E+01 -7.410526E+01 -2.865771E-01 -7.564581E-01
       103   2  1.925399E+02  2.510983E+01  5.522234E+01 -7.277150E+01 -2.680311E-01 -7.089199E-01
       103   3  2.033660E+02  2.474061E+01  5.861588E+01 -6.915409E+01 -2.583649E-01 -7.665526E-01
       103   4  1.965301E+02  2.111964E+01  5.522234E+01 -6.790944E+01 -2.425432E-01 -7.180396E-01
       103   5  1.997494E+02  2.996280E+01  5.909757E+01 -7.379576E+01 -5.448155E-01 -1.478186E+00
       103   6  1.930143E+02  2.628351E+01  5.571676E+01 -7.246757E+01 -5.262695E-01 -1.430648E+00
       103   7  2.037958E+02  2.591645E+01  5.909757E+01 -6.886526E+01 -5.166033E-01 -1.488281E+00
       103   8  1.969878E+02  2.230999E+01  5.571676E+01 -6.762581E+01 -5.007817E-01 -1.439768E+00
       104   1  2.055964E+02  2.985470E+01  7.250398E+01 -7.638406E+01 -1.926458E-01 -5.016232E-01
       104   2  1.989314E+02  2.625714E+01  6.933357E+01 -7.505085E+01 -1.711835E-01 -4.466097E-01
       104   3  2.097847E+02  2.566643E+01  7.250398E+01 -7.128064E+01 -1.693091E-01 -5.099732E-01
       104   4  2.030466E+02  2.214199E+01  6.933357E+01 -7.003650E+01 -1.509996E-01 -4.538317E-01
       104   5  2.062005E+02  3.124246E+01  7.310153E+01 -7.604343E+01 -2.849364E-01 -7.595578E-01
       104   6  1.995650E+02  2.766072E+01  6.994471E+01 -7.471617E+01 -2.634741E-01 -7.045444E-01
       104   7  2.103701E+02  2.707288E+01  7.310154E+01 -7.096277E+01 -2.615997E-01 -7.679079E-01
       104   8  2.036618E+02  2.356391E+01  6.994471E+01 -6.972419E+01 -2.432901E-01 -7.117663E-01
       105   1  1.267364E+02  1.028875E+01 -6.420641E+01 -3.327722E+01 -1.389785E-01 -5.053493E-01
       105   2  1.216843E+02  7.814720E+00 -6.655571E+01 -3.254049E+01 -1.533423E-01 -5.564938E-01
       105   3  1.285290E+02  8.496153E+00 -6.420641E+01 -2.992352E+01 -1.156518E-01 -5.111923E-01
       105   4  1.234372E+02  6.061812E+00 -6.655571E+01 -2.926103E+01 -1.270935E-01 -5.630688E-01
       105   5  1.258120E+02  8.777105E+00 -6.493722E+01 -3.344503E+01 -2.053996E-01 -7.705173E-01
       105   6  1.207347E+02  6.290868E+00 -6.729775E+01 -3.270459E+01 -2.197634E-01 -8.216619E-01
       105   7  1.276136E+02  6.975471E+00 -6.493722E+01 -3.007442E+01 -1.820729E-01 -7.763603E-01
       105   8  1.224965E+02  4.529120E+00 -6.729775E+01 -2.940859E+01 -1.935146E-01 -8.282368E-01
       106   1  1.319688E+02  1.041262E+01 -5.361049E+01 -3.473708E+01 -2.084498E-01 -7.723847E-01
       106   2  1.267912E+02  7.826780E+00 -5.620248E+01 -3.399643E+01 -2.201095E-01 -8.139011E-01
       106   3  1.338401E+02  8.541391E+00 -5.361049E+01 -3.123626E+01 -1.802633E-01 -7.794451E-01
       106   4  1.286226E+02  5.995449E+00 -5.620248E+01 -3.057025E+01 -1.895510E-01 -8.215556E-01
       106   5  1.311303E+02  9.142844E+00 -5.424299E+01 -3.486031E+01 -3.994039E-01 -1.534717E+00
       106   6  1.259348E+02  6.548369E+00 -5.684292E+01 -3.411703E+01 -4.110637E-01 -1.576233E+00
       106   7  1.330081E+02  7.264977E+00 -5.424299E+01 -3.134707E+01 -3.712174E-01 -1.541777E+00
       106   8  1.277727E+02  4.710542E+00 -5.684292E+01 -3.067870E+01 -3.805052E-01 -1.583888E+00
       107   1  1.406785E+02  1.075380E+01 -3.945114E+01 -3.712854E+01 -2.611729E-01 -9.748872E-01
       107   2  1.352719E+02  8.018743E+00 -4.228538E+01 -3.636509E+01 -2.681774E-01 -9.998278E-01
       107   3  1.426785E+02  8.753746E+00 -3.945114E+01 -3.338670E+01 -2.292247E-01 -9.828898E-01
       107   4  1.372308E+02  6.059815E+00 -4.228538E+01 -3.270020E+01 -2.348042E-01 -1.008187E+00
       107   5  1.400312E+02  9.921457E+00 -3.989504E+01 -3.718141E+01 -5.456501E-01 -2.110584E+00
       107   6  1.346172E+02  7.182829E+00 -4.273256E+01 -3.641687E+01 -5.526546E-01 -2.135525E+00
       107   7  1.420341E+02  7.918556E+00 -3.989504E+01 -3.343424E+01 -5.137019E-01 -2.118587E+00
       107   8  1.365789E+02  5.221111E+00 -4.273256E+01 -3.274676E+01 -5.192815E-01 -2.143884E+00
       108   1  1.532360E+02  1.144118E+01 -2.114635E+01 -4.052065E+01 -2.891792E-01 -1.082278E+00
       108   2  1.475119E+02  8.532487E+00 -2.419477E+01 -3.971611E+01 -2.909978E-01 -1.088754E+00
       108   3  1.554188E+02  9.258398E+00 -2.114635E+01 -3.643696E+01 -2.551491E-01 -1.090803E+00
       108   4  1.496514E+02  6.393046E+00 -2.419477E+01 -3.571350E+01 -2.565977E-01 -1.097370E+00
       108   5  1.528228E+02  1.110639E+01 -2.137073E+01 -4.049826E+01 -6.222117E-01 -2.411819E+00
       108   6  1.471018E+02  8.199155E+00 -2.441781E+01 -3.969417E+01 -6.240303E-01 -2.418294E+00
       108   7  1.550044E+02  8.924812E+00 -2.137073E+01 -3.641683E+01 -5.881816E-01 -2.420343E+00
       108   8  1.492401E+02  6.060897E+00 -2.441781E+01 -3.569377E+01 -5.896302E-01 -2.426910E+00
       109   1  1.695904E+02  1.253462E+01  1.453125E+00 -4.488179E+01 -2.897713E-01 -1.084133E+00
       109   2  1.634811E+02  9.439995E+00 -1.764450E+00 -4.402028E+01 -2.862064E-01 -1.071440E+00
       109   3  1.720081E+02  1.011691E+01  1.453121E+00 -4.035858E+01 -2.555013E-01 -1.092717E+00
       109   4  1.658524E+02  7.068688E+00 -1.764454E+00 -3.958390E+01 -2.526616E-01 -1.079842E+00
       109   5  1.694385E+02  1.272508E+01  1.464675E+00 -4.478393E+01 -6.211995E-01 -2.407269E+00
       109   6  1.633419E+02  9.636628E+00 -1.747224E+00 -4.392431E+01 -6.176346E-01 -2.394575E+00
       109   7  1.718509E+02  1.031264E+01  1.464671E+00 -4.027059E+01 -5.869295E-01 -2.415853E+00
       109   8  1.657080E+02  7.270491E+00 -1.747228E+00 -3.949759E+01 -5.840898E-01 -2.402978E+00
       110   1  1.896422E+02  1.407060E+01  2.843660E+01 -5.017304E+01 -2.626483E-01 -9.793821E-01
       110   2  1.830951E+02  1.078514E+01  2.510171E+01 -4.924096E+01 -2.536056E-01 -9.471839E-01
       110   3  1.923449E+02  1.136787E+01  2.843661E+01 -4.511657E+01 -2.300423E-01 -9.875494E-01
       110   4  1.857476E+02  8.132615E+00  2.510171E+01 -4.427843E+01 -2.228392E-01 -9.548904E-01
       110   5  1.897724E+02  1.480346E+01  2.869553E+01 -5.000082E+01 -5.423224E-01 -2.095903E+00
       110   6  1.832470E+02  1.152852E+01  2.537030E+01 -4.907194E+01 -5.332797E-01 -2.063705E+00
       110   7  1.924659E+02  1.211001E+01  2.869553E+01 -4.496171E+01 -5.097163E-01 -2.104071E+00
       110   8  1.858904E+02  8.885102E+00  2.537030E+01 -4.412644E+01 -5.025132E-01 -2.071412E+00
       111   1  2.121218E+02  1.598476E+01  5.861588E+01 -5.605003E+01 -2.110512E-01 -7.809050E-01
       111   2  2.051283E+02  1.252138E+01  5.522234E+01 -5.504123E+01 -1.972541E-01 -7.317779E-01
       111   3  2.151411E+02  1.296543E+01  5.861588E+01 -5.040128E+01 -1.819855E-01 -7.881857E-01
       111   4  2.080933E+02  9.556396E+00  5.522234E+01 -4.949415E+01 -1.709951E-01 -7.383555E-01
       111   5  2.125150E+02  1.719717E+01  5.909757E+01 -5.581593E+01 -3.973045E-01 -1.524470E+00
       111   6  2.055502E+02  1.374764E+01  5.571676E+01 -5.481134E+01 -3.835073E-01 -1.475342E+00
       111   7  2.155218E+02  1.419045E+01  5.909757E+01 -5.019077E+01 -3.682387E-01 -1.531750E+00
       111   8  2.085027E+02  1.079504E+01  5.571676E+01 -4.928743E+01 -3.572483E-01 -1.481920E+00
       112   1  2.188098E+02  1.664132E+01  7.250398E+01 -5.777362E+01 -1.425505E-01 -5.180904E-01
       112   2  2.119142E+02  1.327439E+01  6.933356E+01 -5.676523E+01 -1.265838E-01 -4.612381E-01
       112   3  2.219219E+02  1.352915E+01  7.250398E+01 -5.195116E+01 -1.185077E-01 -5.241128E-01
       112   4  2.149720E+02  1.021654E+01  6.933356E+01 -5.104440E+01 -1.057892E-01 -4.664469E-01
       112   5  2.193549E+02  1.808801E+01  7.310153E+01 -5.751598E+01 -2.091146E-01 -7.838291E-01
       112   6  2.124898E+02  1.473586E+01  6.994470E+01 -5.651209E+01 -1.931479E-01 -7.269768E-01
       112   7  2.224532E+02  1.498972E+01  7.310153E+01 -5.171949E+01 -1.850718E-01 -7.898515E-01
       112   8  2.155340E+02  1.169165E+01  6.994470E+01 -5.081677E+01 -1.723532E-01 -7.321857E-01
       113   1  1.321097E+02  4.915426E+00 -6.420642E+01 -2.127889E+01 -8.877650E-02 -5.165381E-01
       113   2  1.269387E+02  2.560364E+00 -6.655571E+01 -2.080780E+01 -9.805801E-02 -5.688443E-01
       113   3  1.332136E+02  3.811557E+00 -6.420642E+01 -1.763992E+01 -6.498934E-02 -5.200666E-01
       113   4  1.280181E+02  1.480934E+00 -6.655571E+01 -1.724939E+01 -7.129116E-02 -5.728148E-01
       113   5  1.312124E+02  3.376687E+00 -6.493723E+01 -2.138620E+01 -1.288869E-01 -7.869397E-01
       113   6  1.260155E+02  1.010015E+00 -6.729775E+01 -2.091273E+01 -1.381684E-01 -8.392458E-01
       113   7  1.323218E+02  2.267252E+00 -6.493723E+01 -1.772888E+01 -1.050997E-01 -7.904681E-01
       113   8  1.271004E+02 -7.485812E-02 -6.729775E+01 -1.733637E+01 -1.114015E-01 -8.432163E-01
       114   1  1.375779E+02  4.803587E+00 -5.361049E+01 -2.221240E+01 -1.317391E-01 -7.890971E-01
       114   2  1.322807E+02  2.337341E+00 -5.620248E+01 -2.173879E+01 -1.392734E-01 -8.315565E-01
       114   3  1.387302E+02  3.651286E+00 -5.361049E+01 -1.841378E+01 -1.029963E-01 -7.933607E-01
       114   4  1.334084E+02  1.209610E+00 -5.620248E+01 -1.802117E+01 -1.081118E-01 -8.361789E-01
       114   5  1.367592E+02  3.513913E+00 -5.424299E+01 -2.229119E+01 -2.470523E-01 -1.566475E+00
       114   6  1.314437E+02  1.039457E+00 -5.684292E+01 -2.181591E+01 -2.545865E-01 -1.608934E+00
       114   7  1.379156E+02  2.357525E+00 -5.424299E+01 -1.847911E+01 -2.183095E-01 -1.570739E+00
       114   8  1.325755E+02 -9.227563E-02 -5.684292E+01 -1.808510E+01 -2.234249E-01 -1.613557E+00
       115   1  1.466737E+02  4.758606E+00 -3.945115E+01 -2.374160E+01 -1.643596E-01 -9.957923E-01
       115   2  1.411438E+02  2.146825E+00 -4.228538E+01 -2.325342E+01 -1.688858E-01 -1.021299E+00
       115   3  1.479053E+02  3.526986E+00 -3.945114E+01 -1.968147E+01 -1.317809E-01 -1.000625E+00
       115   4  1.423501E+02  9.405292E-01 -4.228538E+01 -1.927678E+01 -1.348539E-01 -1.026348E+00
       115   5  1.460349E+02  3.917728E+00 -3.989505E+01 -2.377541E+01 -3.361493E-01 -2.153904E+00
       115   6  1.404974E+02  1.302549E+00 -4.273257E+01 -2.328653E+01 -3.406755E-01 -2.179411E+00
       115   7  1.472682E+02  2.684354E+00 -3.989504E+01 -1.970950E+01 -3.035705E-01 -2.158737E+00
       115   8  1.417055E+02  9.453582E-02 -4.273256E+01 -1.930423E+01 -3.066436E-01 -2.184459E+00
       116   1  1.597789E+02  4.898267E+00 -2.114635E+01 -2.591067E+01 -1.817050E-01 -1.105411E+00
       116   2  1.539249E+02  2.119485E+00 -2.419477E+01 -2.539621E+01 -1.828800E-01 -1.112034E+00
       116   3  1.611230E+02  3.554114E+00 -2.114635E+01 -2.147960E+01 -1.470032E-01 -1.110559E+00
       116   4  1.552424E+02  8.020205E-01 -2.419477E+01 -2.105312E+01 -1.478010E-01 -1.117237E+00
       116   5  1.593621E+02  4.567090E+00 -2.137073E+01 -2.589635E+01 -3.828161E-01 -2.461192E+00
       116   6  1.535113E+02  1.789698E+00 -2.441781E+01 -2.538218E+01 -3.839911E-01 -2.467815E+00
       116   7  1.607055E+02  3.223680E+00 -2.137073E+01 -2.146773E+01 -3.481143E-01 -2.466340E+00
       116   8  1.548280E+02  4.729612E-01 -2.441781E+01 -2.104149E+01 -3.489121E-01 -2.473018E+00
       117   1  1.768375E+02  5.287509E+00  1.453122E+00 -2.869937E+01 -1.821124E-01 -1.107315E+00
       117   2  1.705891E+02  2.331990E+00 -1.764452E+00 -2.814848E+01 -1.798088E-01 -1.094334E+00
       117   3  1.783264E+02  3.798696E+00  1.453123E+00 -2.379140E+01 -1.471660E-01 -1.112499E+00
       117   4  1.720494E+02  8.717542E-01 -1.764451E+00 -2.333472E+01 -1.456019E-01 -1.099408E+00
       117   5  1.766698E+02  5.493770E+00  1.464673E+00 -2.863680E+01 -3.822547E-01 -2.456565E+00
       117   6  1.704344E+02  2.544120E+00 -1.747226E+00 -2.808711E+01 -3.799511E-01 -2.443584E+00
       117   7  1.781554E+02  4.008203E+00  1.464674E+00 -2.373953E+01 -3.473083E-01 -2.461749E+00
       117   8  1.718915E+02  1.087068E+00 -1.747225E+00 -2.328385E+01 -3.457443E-01 -2.448658E+00
       118   1  1.977437E+02  5.969101E+00  2.843660E+01 -3.208282E+01 -1.653874E-01 -1.000410E+00
       118   2  1.910461E+02  2.834145E+00  2.510170E+01 -3.148681E+01 -1.595442E-01 -9.674806E-01
       118   3  1.994080E+02  4.304767E+00  2.843660E+01 -2.659624E+01 -1.321378E-01 -1.005342E+00
       118   4  1.926795E+02  1.200730E+00  2.510171E+01 -2.610215E+01 -1.281705E-01 -9.721345E-01
       118   5  1.978461E+02  6.729777E+00  2.869553E+01 -3.197270E+01 -3.342765E-01 -2.138968E+00
       118   6  1.911707E+02  3.604819E+00  2.537030E+01 -3.137873E+01 -3.284333E-01 -2.106039E+00
       118   7  1.995047E+02  5.071156E+00  2.869553E+01 -2.650494E+01 -3.010270E-01 -2.143900E+00
       118   8  1.927985E+02  1.977010E+00  2.537030E+01 -2.601255E+01 -2.970596E-01 -2.110692E+00
       119   1  2.211723E+02  6.934295E+00  5.861588E+01 -3.584082E+01 -1.334929E-01 -7.978314E-01
       119   2  2.140159E+02  3.633809E+00  5.522234E+01 -3.519575E+01 -1.245775E-01 -7.475885E-01
       119   3  2.230316E+02  5.075005E+00  5.861588E+01 -2.971157E+01 -1.038535E-01 -8.022281E-01
       119   4  2.158417E+02  1.807983E+00  5.522233E+01 -2.917681E+01 -9.780022E-02 -7.515606E-01
       119   5  2.215277E+02  8.184507E+00  5.909757E+01 -3.569113E+01 -2.459672E-01 -1.556072E+00
       119   6  2.144006E+02  4.897188E+00  5.571676E+01 -3.504875E+01 -2.370518E-01 -1.505829E+00
       119   7  2.233792E+02  6.332982E+00  5.909757E+01 -2.958747E+01 -2.163278E-01 -1.560468E+00
       119   8  2.162188E+02  3.078987E+00  5.571676E+01 -2.905495E+01 -2.102745E-01 -1.509801E+00
       120   1  2.281385E+02  7.312557E+00  7.250398E+01 -3.694295E+01 -9.108237E-02 -5.295680E-01
       120   2  2.210801E+02  4.108452E+00  6.933356E+01 -3.629815E+01 -8.076504E-02 -4.714246E-01
       120   3  2.300550E+02  5.396094E+00  7.250398E+01 -3.062522E+01 -6.656508E-02 -5.332049E-01
       120   4  2.229631E+02  2.225440E+00  6.933356E+01 -3.009069E+01 -5.955998E-02 -4.745701E-01
       120   5  2.286421E+02  8.800850E+00  7.310153E+01 -3.677821E+01 -1.312790E-01 -8.005516E-01
       120   6  2.216149E+02  5.610798E+00  6.994470E+01 -3.613628E+01 -1.209617E-01 -7.424081E-01
       120   7  2.305500E+02  6.892933E+00  7.310153E+01 -3.048865E+01 -1.067617E-01 -8.041885E-01
       120   8  2.234895E+02  3.736182E+00  6.994470E+01 -2.995650E+01 -9.975660E-02 -7.455536E-01
       121   1  1.350390E+02  1.986120E+00 -6.420642E+01 -8.462835E+00 -3.771941E-02 -5.227524E-01
       121   2  1.298031E+02 -3.040870E-01 -6.655571E+01 -8.275475E+00 -4.182933E-02 -5.757165E-01
       121   3  1.354117E+02  1.613390E+00 -6.420642E+01 -4.678435E+00 -1.370093E-02 -5.239324E-01
       121   4  1.301676E+02 -6.685658E-01 -6.655571E+01 -4.574858E+00 -1.480218E-02 -5.770443E-01
       121   5  1.341565E+02  4.326093E-01 -6.493724E+01 -8.505512E+00 -5.113258E-02 -7.957834E-01
       121   6  1.288944E+02 -1.868881E+00 -6.729775E+01 -8.317208E+00 -5.524249E-02 -8.487475E-01
       121   7  1.345311E+02  5.799891E-02 -6.493724E+01 -4.702028E+00 -2.711410E-02 -7.969634E-01
       121   8  1.292608E+02 -2.235198E+00 -6.729775E+01 -4.597929E+00 -2.821534E-02 -8.500753E-01
       122   1  1.406357E+02  1.745768E+00 -5.361049E+01 -8.834102E+00 -5.375974E-02 -7.982101E-01
       122   2  1.352733E+02 -6.552785E-01 -5.620248E+01 -8.645745E+00 -5.709595E-02 -8.412035E-01
       122   3  1.410248E+02  1.356684E+00 -5.361049E+01 -4.883678E+00 -2.473741E-02 -7.996359E-01
       122   4  1.356541E+02 -1.036067E+00 -5.620248E+01 -4.779551E+00 -2.563134E-02 -8.427493E-01
       122   5  1.398279E+02  4.452470E-01 -5.424300E+01 -8.865440E+00 -9.232126E-02 -1.583147E+00
       122   6  1.344470E+02 -1.963779E+00 -5.684292E+01 -8.676415E+00 -9.565744E-02 -1.626141E+00
       122   7  1.402183E+02  5.478196E-02 -5.424300E+01 -4.901003E+00 -6.329893E-02 -1.584573E+00
       122   8  1.348291E+02 -2.345919E+00 -5.684292E+01 -4.796506E+00 -6.419284E-02 -1.627687E+00
       123   1  1.499420E+02  1.490278E+00 -3.945115E+01 -9.442283E+00 -6.596349E-02 -1.007107E+00
       123   2  1.443449E+02 -1.054299E+00 -4.228538E+01 -9.248129E+00 -6.796770E-02 -1.032935E+00
       123   3  1.503579E+02  1.074409E+00 -3.945115E+01 -5.219893E+00 -3.306792E-02 -1.008723E+00
       123   4  1.447522E+02 -1.461617E+00 -4.228538E+01 -5.112561E+00 -3.360494E-02 -1.034623E+00
       123   5  1.493078E+02  6.447458E-01 -3.989505E+01 -9.455729E+00 -1.234112E-01 -2.176481E+00
       123   6  1.437031E+02 -1.903133E+00 -4.273257E+01 -9.261298E+00 -1.254153E-01 -2.202309E+00
       123   7  1.497243E+02  2.282842E-01 -3.989505E+01 -5.227326E+00 -9.051558E-02 -2.178097E+00
       123   8  1.441110E+02 -2.311031E+00 -4.273257E+01 -5.119841E+00 -9.105259E-02 -2.203997E+00
       124   1  1.633458E+02  1.331338E+00 -2.114635E+01 -1.030494E+01 -7.248073E-02 -1.117899E+00
       124   2  1.574210E+02 -1.376622E+00 -2.419477E+01 -1.010034E+01 -7.300106E-02 -1.124604E+00
       124   3  1.637997E+02  8.774695E-01 -2.114635E+01 -5.696791E+00 -3.744153E-02 -1.119620E+00
       124   4  1.578659E+02 -1.821479E+00 -2.419477E+01 -5.583680E+00 -3.758094E-02 -1.126344E+00
       124   5  1.629271E+02  1.002133E+00 -2.137073E+01 -1.029925E+01 -1.397337E-01 -2.486864E+00
       124   6  1.570054E+02 -1.704477E+00 -2.441781E+01 -1.009476E+01 -1.402540E-01 -2.493569E+00
       124   7  1.633807E+02  5.485147E-01 -2.137073E+01 -5.693643E+00 -1.046945E-01 -2.488585E+00
       124   8  1.574500E+02 -2.149089E+00 -2.441781E+01 -5.580595E+00 -1.048339E-01 -2.495309E+00
       125   1  1.807884E+02  1.336679E+00  1.453120E+00 -1.141404E+01 -7.269957E-02 -1.119833E+00
       125   2  1.744641E+02 -1.543004E+00 -1.764454E+00 -1.119495E+01 -7.167954E-02 -1.106688E+00
       125   3  1.812911E+02  8.339684E-01  1.453121E+00 -6.309922E+00 -3.741335E-02 -1.121567E+00
       125   4  1.749572E+02 -2.036066E+00 -1.764454E+00 -6.188804E+00 -3.714004E-02 -1.108385E+00
       125   5  1.806120E+02  1.551554E+00  1.464671E+00 -1.138916E+01 -1.396285E-01 -2.482204E+00
       125   6  1.743010E+02 -1.322426E+00 -1.747228E+00 -1.117054E+01 -1.386085E-01 -2.469059E+00
       125   7  1.811136E+02  1.049939E+00  1.464671E+00 -6.296165E+00 -1.043423E-01 -2.483937E+00
       125   8  1.747929E+02 -1.814412E+00 -1.747228E+00 -6.175311E+00 -1.040690E-01 -2.470756E+00
       126   1  2.021603E+02  1.552510E+00  2.843661E+01 -1.275968E+01 -6.653368E-02 -1.011804E+00
       126   2  1.953806E+02 -1.500398E+00  2.510171E+01 -1.252264E+01 -6.394626E-02 -9.784600E-01
       126   3  2.027223E+02  9.905242E-01  2.843660E+01 -7.053818E+00 -3.296079E-02 -1.013453E+00
       126   4  1.959322E+02 -2.051944E+00  2.510170E+01 -6.922776E+00 -3.226750E-02 -9.800163E-01
       126   5  2.022475E+02  2.328346E+00  2.869553E+01 -1.271588E+01 -1.230114E-01 -2.161433E+00
       126   6  1.954904E+02 -7.148462E-01  2.537030E+01 -1.247965E+01 -1.204239E-01 -2.128090E+00
       126   7  2.028076E+02  1.768289E+00  2.869553E+01 -7.029606E+00 -8.943847E-02 -2.163083E+00
       126   8  1.960400E+02 -1.264498E+00  2.537030E+01 -6.899014E+00 -8.874517E-02 -2.129646E+00
       127   1  2.261062E+02  2.000362E+00  5.861588E+01 -1.425427E+01 -5.464895E-02 -8.070743E-01
       127   2  2.188610E+02 -1.211322E+00  5.522234E+01 -1.399772E+01 -5.070114E-02 -7.561995E-01
       127   3  2.267340E+02  1.372552E+00  5.861588E+01 -7.880062E+00 -2.472129E-02 -8.085445E-01
       127   4  2.194775E+02 -1.827832E+00  5.522234E+01 -7.738235E+00 -2.366348E-02 -7.575277E-01
       127   5  2.264410E+02  3.271181E+00  5.909757E+01 -1.419474E+01 -9.226110E-02 -1.572688E+00
       127   6  2.192255E+02  7.229317E-02  5.571676E+01 -1.393926E+01 -8.831331E-02 -1.521813E+00
       127   7  2.270662E+02  2.645993E+00  5.909757E+01 -7.847150E+00 -6.233344E-02 -1.574158E+00
       127   8  2.198394E+02 -5.416423E-01  5.571676E+01 -7.705915E+00 -6.127564E-02 -1.523141E+00
       128   1  2.332242E+02  2.226891E+00  7.250397E+01 -1.469260E+01 -3.873703E-02 -5.359457E-01
       128   2  2.260770E+02 -8.884491E-01  6.933355E+01 -1.443616E+01 -3.416844E-02 -4.770709E-01
       128   3  2.338713E+02  1.579787E+00  7.250398E+01 -8.122381E+00 -1.398132E-02 -5.371618E-01
       128   4  2.267128E+02 -1.524258E+00  6.933356E+01 -7.980613E+00 -1.275718E-02 -4.781228E-01
       128   5  2.337050E+02  3.737862E+00  7.310153E+01 -1.462709E+01 -5.217901E-02 -8.095644E-01
       128   6  2.265895E+02  6.361790E-01  6.994469E+01 -1.437178E+01 -4.761044E-02 -7.506896E-01
       128   7  2.343493E+02  3.093644E+00  7.310153E+01 -8.086160E+00 -2.742331E-02 -8.107805E-01
       128   8  2.272225E+02  3.205482E-03  6.994470E+01 -7.945024E+00 -2.619917E-02 -7.517414E-01
       129   1  3.659055E+00  1.397955E+02 -5.221746E+01 -4.760188E+00  4.374902E-01 -5.336083E-02
       129   2  4.795477E-01  1.336020E+02 -5.660905E+01 -4.654802E+00  2.476350E-01 -5.729737E-02
       129   3  4.038299E+00  1.394162E+02 -5.221746E+01 -8.610719E+00  4.301533E-01  9.598540E-02
       129   4  8.503956E-01  1.332312E+02 -5.660905E+01 -8.420085E+00  2.408265E-01  8.129397E-02
       129   5 -8.039185E-01  1.392021E+02 -5.373437E+01 -4.895493E+00 -4.278036E+00 -2.850198E-01
       129   6 -4.047896E+00  1.328585E+02 -5.819034E+01 -4.787111E+00 -4.467891E+00 -2.889563E-01
       129   7 -4.138949E-01  1.388120E+02 -5.373437E+01 -8.855473E+00 -4.285373E+00 -1.356735E-01
       129   8 -3.666507E+00  1.324771E+02 -5.819034E+01 -8.659420E+00 -4.474700E+00 -1.503649E-01
       130   1  3.009316E+00  1.442623E+02 -4.469270E+01 -4.939095E+00 -1.030401E+00 -1.169768E-01
       130   2 -3.174156E-01  1.379238E+02 -4.943004E+01 -4.833786E+00 -1.139471E+00 -1.192382E-01
       130   3  3.402816E+00  1.438688E+02 -4.469270E+01 -8.934346E+00 -1.036905E+00  1.541650E-02
       130   4  6.769432E-02  1.375387E+02 -4.943003E+01 -8.743852E+00 -1.145671E+00  6.976461E-03
       130   5  6.394023E-01  1.443732E+02 -4.537040E+01 -5.025841E+00 -6.516295E+00 -3.864814E-01
       130   6 -2.727135E+00  1.379420E+02 -5.014748E+01 -4.918683E+00 -6.625364E+00 -3.887429E-01
       130   7  1.039813E+00  1.439728E+02 -4.537040E+01 -9.091261E+00 -6.522798E+00 -2.540882E-01
       130   8 -2.335262E+00  1.375502E+02 -5.014748E+01 -8.897421E+00 -6.631565E+00 -2.625282E-01
       131   1  2.322156E+00  1.524535E+02 -3.371041E+01 -5.249542E+00 -1.961593E+00 -1.579454E-01
       131   2 -1.112484E+00  1.459319E+02 -3.862390E+01 -5.141600E+00 -2.014292E+00 -1.590381E-01
       131   3  2.740388E+00  1.520353E+02 -3.371041E+01 -9.495915E+00 -1.967629E+00 -3.508489E-02
       131   4 -7.028526E-01  1.455222E+02 -3.862390E+01 -9.300658E+00 -2.020181E+00 -3.916285E-02
       131   5  1.421342E+00  1.530760E+02 -3.379392E+01 -5.302804E+00 -7.712625E+00 -4.404754E-01
       131   6 -2.036869E+00  1.464994E+02 -3.873095E+01 -5.193767E+00 -7.765324E+00 -4.415681E-01
       131   7  1.843817E+00  1.526535E+02 -3.379392E+01 -9.592261E+00 -7.718660E+00 -3.176149E-01
       131   8 -1.623081E+00  1.460856E+02 -3.873095E+01 -9.395023E+00 -7.771213E+00 -3.216929E-01
       132   1  1.700396E+00  1.648091E+02 -1.849593E+01 -5.703311E+00 -2.392733E+00 -1.769559E-01
       132   2 -1.853013E+00  1.580171E+02 -2.353438E+01 -5.590071E+00 -2.404868E+00 -1.772075E-01
       132   3  2.154785E+00  1.643547E+02 -1.849593E+01 -1.031674E+01 -2.398556E+00 -5.842500E-02
       132   4 -1.407647E+00  1.575718E+02 -2.353437E+01 -1.011190E+01 -2.410658E+00 -5.936406E-02
       132   5  1.865230E+00  1.658194E+02 -1.814340E+01 -5.732874E+00 -8.168373E+00 -4.606949E-01
       132   6 -1.700813E+00  1.589980E+02 -2.319446E+01 -5.619046E+00 -8.180509E+00 -4.609465E-01
       132   7  2.321973E+00  1.653626E+02 -1.814339E+01 -1.037021E+01 -8.174196E+00 -3.421640E-01
       132   8 -1.253138E+00  1.585503E+02 -2.319445E+01 -1.016431E+01 -8.186298E+00 -3.431031E-01
       133   1  1.226792E+00  1.812743E+02  1.119282E+00 -6.295599E+00 -2.360285E+00 -1.750806E-01
       133   2 -2.473944E+00  1.741175E+02 -4.044492E+00 -6.174755E+00 -2.342048E+00 -1.747025E-01
       133   3  1.728362E+00  1.807727E+02  1.119282E+00 -1.138813E+01 -2.366080E+00 -5.711071E-02
       133   4 -1.982001E+00  1.736256E+02 -4.044493E+00 -1.116954E+01 -2.347895E+00 -5.569956E-02
       133   5  2.197984E+00  1.825947E+02  1.806759E+00 -6.307809E+00 -8.051426E+00 -4.546685E-01
       133   6 -1.507795E+00  1.754262E+02 -3.362053E+00 -6.186731E+00 -8.033190E+00 -4.542904E-01
       133   7  2.700527E+00  1.820921E+02  1.806759E+00 -1.141022E+01 -8.057222E+00 -3.366986E-01
       133   8 -1.014899E+00  1.749333E+02 -3.362053E+00 -1.119120E+01 -8.039036E+00 -3.352874E-01
       134   1  9.603151E-01  2.017200E+02  2.516276E+01 -7.019830E+00 -1.889781E+00 -1.531392E-01
       134   2 -2.914240E+00  1.941159E+02  1.986819E+01 -6.889419E+00 -1.844975E+00 -1.522102E-01
       134   3  1.519593E+00  2.011607E+02  2.516277E+01 -1.269819E+01 -1.895691E+00 -3.282907E-02
       134   4 -2.365352E+00  1.935670E+02  1.986820E+01 -1.246230E+01 -1.851010E+00 -2.936189E-02
       134   5  2.647095E+00  2.033354E+02  2.615341E+01 -7.017333E+00 -7.415048E+00 -4.245782E-01
       134   6 -1.226462E+00  1.957336E+02  2.085984E+01 -6.886969E+00 -7.370242E+00 -4.236492E-01
       134   7  3.206174E+00  2.027763E+02  2.615342E+01 -1.269368E+01 -7.420959E+00 -3.042681E-01
       134   8 -6.777693E-01  1.951849E+02  2.085984E+01 -1.245786E+01 -7.376277E+00 -3.008009E-01
       135   1  8.989643E-01  2.247549E+02  5.237623E+01 -7.827419E+00 -9.963050E-01 -1.118074E-01
       135   2 -3.127998E+00  2.166989E+02  4.702679E+01 -7.686539E+00 -9.170037E-01 -1.101631E-01
       135   3  1.522580E+00  2.241313E+02  5.237623E+01 -1.415905E+01 -1.002467E+00  1.361418E-02
       135   4 -2.515607E+00  2.160865E+02  4.702679E+01 -1.390421E+01 -9.233861E-01  1.975068E-02
       135   5  3.527598E+00  2.267831E+02  5.377328E+01 -7.806424E+00 -6.144253E+00 -3.647099E-01
       135   6 -4.912317E-01  2.187461E+02  4.843196E+01 -7.665922E+00 -6.064952E+00 -3.630656E-01
       135   7  4.149541E+00  2.261611E+02  5.377328E+01 -1.412107E+01 -6.150415E+00 -2.392883E-01
       135   8  1.195174E-01  2.181353E+02  4.843196E+01 -1.386691E+01 -6.071334E+00 -2.331518E-01
       136   1  5.686979E-01  2.309069E+02  6.330035E+01 -8.054080E+00  3.008382E-01 -5.258209E-02
       136   2 -3.300462E+00  2.230174E+02  5.831042E+01 -7.913504E+00  4.378264E-01 -4.974173E-02
       136   3  1.210360E+00  2.302652E+02  6.330035E+01 -1.456905E+01  2.942355E-01  8.181640E-02
       136   4 -2.670000E+00  2.223869E+02  5.831042E+01 -1.431477E+01  4.308425E-01  9.241686E-02
       136   5  4.783314E+00  2.336508E+02  6.538792E+01 -8.002656E+00 -4.064338E+00 -2.670294E-01
       136   6  9.334718E-01  2.258063E+02  6.041728E+01 -7.862977E+00 -3.927350E+00 -2.641891E-01
       136   7  5.420879E+00  2.330132E+02  6.538792E+01 -1.447603E+01 -4.070941E+00 -1.326309E-01
       136   8  1.559909E+00  2.251798E+02  6.041728E+01 -1.422337E+01 -3.934334E+00 -1.220305E-01
       137   1  5.895634E+00  1.375589E+02 -5.221745E+01 -1.794817E+01  4.406139E-01 -1.022252E-02
       137   2  2.666609E+00  1.314150E+02 -5.660904E+01 -1.755081E+01  2.520587E-01 -3.274916E-02
       137   3  7.018793E+00  1.364357E+02 -5.221745E+01 -2.165073E+01  4.186738E-01  1.376854E-01
       137   4  3.764902E+00  1.303167E+02 -5.660904E+01 -2.117140E+01  2.316986E-01  1.045075E-01
       137   5  1.496234E+00  1.369019E+02 -5.373436E+01 -1.845833E+01 -4.229499E+00 -7.029685E-01
       137   6 -1.798669E+00  1.306093E+02 -5.819034E+01 -1.804968E+01 -4.418054E+00 -7.254951E-01
       137   7  2.651317E+00  1.357468E+02 -5.373436E+01 -2.226614E+01 -4.251439E+00 -5.550605E-01
       137   8 -6.691579E-01  1.294797E+02 -5.819034E+01 -2.177318E+01 -4.438414E+00 -5.882384E-01
       138   1  5.329956E+00  1.419416E+02 -4.469270E+01 -1.862273E+01 -1.013973E+00 -2.174104E-01
       138   2  1.953744E+00  1.356526E+02 -4.943003E+01 -1.822567E+01 -1.122296E+00 -2.303517E-01
       138   3  6.495333E+00  1.407763E+02 -4.469270E+01 -2.246445E+01 -1.033423E+00 -8.629217E-02
       138   4  3.094273E+00  1.345121E+02 -4.943003E+01 -2.198547E+01 -1.140838E+00 -1.053526E-01
       138   5  3.000800E+00  1.420118E+02 -4.537039E+01 -1.894981E+01 -6.447035E+00 -1.023329E+00
       138   6 -4.160873E-01  1.356310E+02 -5.014748E+01 -1.854577E+01 -6.555358E+00 -1.036270E+00
       138   7  4.186645E+00  1.408260E+02 -4.537039E+01 -2.285900E+01 -6.466484E+00 -8.922107E-01
       138   8  7.444729E-01  1.344704E+02 -5.014748E+01 -2.237161E+01 -6.573900E+00 -9.112711E-01
       139   1  4.788664E+00  1.499870E+02 -3.371040E+01 -1.979326E+01 -1.936666E+00 -3.494545E-01
       139   2  1.303306E+00  1.435161E+02 -3.862389E+01 -1.938627E+01 -1.989004E+00 -3.557073E-01
       139   3  6.027280E+00  1.487484E+02 -3.371041E+01 -2.387645E+01 -1.954715E+00 -2.277772E-01
       139   4  2.516453E+00  1.423029E+02 -3.862390E+01 -2.338550E+01 -2.006615E+00 -2.369866E-01
       139   5  3.912875E+00  1.505844E+02 -3.379392E+01 -1.999409E+01 -7.632312E+00 -1.194324E+00
       139   6  4.034325E-01  1.440591E+02 -3.873095E+01 -1.958296E+01 -7.684650E+00 -1.200577E+00
       139   7  5.164058E+00  1.493332E+02 -3.379392E+01 -2.411870E+01 -7.650361E+00 -1.072646E+00
       139   8  1.628888E+00  1.428336E+02 -3.873095E+01 -2.362277E+01 -7.702261E+00 -1.081856E+00
       140   1  4.380104E+00  1.621294E+02 -1.849593E+01 -2.150419E+01 -2.363866E+00 -4.106326E-01
       140   2  7.734890E-01  1.553906E+02 -2.353438E+01 -2.107722E+01 -2.375919E+00 -4.120725E-01
       140   3  5.725796E+00  1.607837E+02 -1.849593E+01 -2.594032E+01 -2.381279E+00 -2.932432E-01
       140   4  2.092462E+00  1.540717E+02 -2.353437E+01 -2.542528E+01 -2.393231E+00 -2.953639E-01
       140   5  4.558828E+00  1.631258E+02 -1.814339E+01 -2.161565E+01 -8.083884E+00 -1.259117E+00
       140   6  9.393037E-01  1.563579E+02 -2.319445E+01 -2.118647E+01 -8.095937E+00 -1.260557E+00
       140   7  5.911494E+00  1.617731E+02 -1.814339E+01 -2.607478E+01 -8.101297E+00 -1.141728E+00
       140   8  2.265113E+00  1.550321E+02 -2.319445E+01 -2.555707E+01 -8.113249E+00 -1.143848E+00
       141   1  4.184790E+00  1.783163E+02  1.119285E+00 -2.373739E+01 -2.331758E+00 -4.055859E-01
       141   2  4.272757E-01  1.712163E+02 -4.044490E+00 -2.328175E+01 -2.313647E+00 -4.034221E-01
       141   3  5.670223E+00  1.768308E+02  1.119284E+00 -2.863422E+01 -2.349089E+00 -2.887521E-01
       141   4  1.884197E+00  1.697594E+02 -4.044491E+00 -2.808459E+01 -2.331129E+00 -2.855652E-01
       141   5  5.161719E+00  1.796309E+02  1.806762E+00 -2.378343E+01 -7.968091E+00 -1.241657E+00
       141   6  1.399051E+00  1.725193E+02 -3.362050E+00 -2.332691E+01 -7.949980E+00 -1.239493E+00
       141   7  6.650034E+00  1.781426E+02  1.806761E+00 -2.868976E+01 -7.985422E+00 -1.124823E+00
       141   8  2.858798E+00  1.710596E+02 -3.362052E+00 -2.813906E+01 -7.967462E+00 -1.121636E+00
       142   1  4.258589E+00  1.984217E+02  2.516276E+01 -2.646808E+01 -1.865671E+00 -3.376327E-01
       142   2  3.227613E-01  1.908789E+02  1.986819E+01 -2.597638E+01 -1.821172E+00 -3.323163E-01
       142   3  5.914903E+00  1.967654E+02  2.516276E+01 -3.192823E+01 -1.883345E+00 -2.184812E-01
       142   4  1.948306E+00  1.892533E+02  1.986819E+01 -3.133509E+01 -1.839219E+00 -2.106511E-01
       142   5  5.944195E+00  2.000383E+02  2.615341E+01 -2.645867E+01 -7.337727E+00 -1.149335E+00
       142   6  2.009388E+00  1.924977E+02  2.085984E+01 -2.596714E+01 -7.293228E+00 -1.144019E+00
       142   7  7.599921E+00  1.983826E+02  2.615341E+01 -3.191688E+01 -7.355401E+00 -1.030184E+00
       142   8  3.634355E+00  1.908728E+02  2.085984E+01 -3.132395E+01 -7.311275E+00 -1.022354E+00
       143   1  4.576682E+00  2.210772E+02  5.237623E+01 -2.951308E+01 -9.805486E-01 -2.089240E-01
       143   2  4.835271E-01  2.130874E+02  4.702679E+01 -2.898190E+01 -9.017903E-01 -1.995147E-01
       143   3  6.423552E+00  2.192303E+02  5.237623E+01 -3.560139E+01 -9.989737E-01 -8.471029E-02
       143   4  2.297156E+00  2.112738E+02  4.702679E+01 -3.496062E+01 -9.208754E-01 -7.085201E-02
       143   5  7.195452E+00  2.231152E+02  5.377328E+01 -2.943392E+01 -6.078919E+00 -9.651959E-01
       143   6  3.110607E+00  2.151442E+02  4.843196E+01 -2.890416E+01 -6.000161E+00 -9.557866E-01
       143   7  9.037367E+00  2.212733E+02  5.377328E+01 -3.550589E+01 -6.097344E+00 -8.409821E-01
       143   8  4.919371E+00  2.133355E+02  4.843196E+01 -3.486685E+01 -6.019246E+00 -8.271238E-01
       144   1  4.352914E+00  2.271227E+02  6.330036E+01 -3.036770E+01  3.045435E-01 -2.284169E-02
       144   2  4.177048E-01  2.192992E+02  5.831042E+01 -2.983765E+01  4.405936E-01 -6.587751E-03
       144   3  6.253261E+00  2.252223E+02  6.330036E+01 -3.663230E+01  2.847994E-01  1.102625E-01
       144   4  2.284883E+00  2.174320E+02  5.831042E+01 -3.599292E+01  4.197096E-01  1.342018E-01
       144   5  8.543369E+00  2.298908E+02  6.538792E+01 -3.017380E+01 -4.018594E+00 -6.641185E-01
       144   6  4.627899E+00  2.221119E+02  6.041728E+01 -2.964715E+01 -3.882544E+00 -6.478646E-01
       144   7  1.043158E+01  2.280025E+02  6.538792E+01 -3.639841E+01 -4.038338E+00 -5.310143E-01
       144   8  6.483155E+00  2.202566E+02  6.041728E+01 -3.576311E+01 -3.903428E+00 -5.070750E-01
       145   1  1.066209E+01  1.327925E+02 -5.221745E+01 -3.044642E+01  4.394940E-01  3.301472E-02
       145   2  7.327535E+00  1.267540E+02 -5.660904E+01 -2.977236E+01  2.540548E-01 -7.885130E-03
       145   3  1.248601E+01  1.309685E+02 -5.221745E+01 -3.385872E+01  4.031621E-01  1.780600E-01
       145   4  9.111075E+00  1.249705E+02 -5.660904E+01 -3.310912E+01  2.203393E-01  1.267150E-01
       145   5  6.398174E+00  1.320000E+02 -5.373436E+01 -3.131183E+01 -4.140230E+00 -1.114146E+00
       145   6  2.994741E+00  1.258159E+02 -5.819034E+01 -3.061861E+01 -4.325669E+00 -1.155046E+00
       145   7  8.273937E+00  1.301243E+02 -5.373436E+01 -3.482113E+01 -4.176562E+00 -9.691012E-01
       145   8  4.828976E+00  1.239816E+02 -5.819033E+01 -3.405022E+01 -4.359385E+00 -1.020446E+00
       146   1  1.027555E+01  1.369960E+02 -4.469270E+01 -3.159071E+01 -9.877810E-01 -3.157502E-01
       146   2  6.793891E+00  1.308125E+02 -4.943003E+01 -3.091714E+01 -1.094314E+00 -3.392467E-01
       146   3  1.216801E+01  1.351036E+02 -4.469270E+01 -3.513126E+01 -1.019989E+00 -1.871697E-01
       146   4  8.646003E+00  1.289604E+02 -4.943003E+01 -3.438220E+01 -1.125018E+00 -2.166668E-01
       146   5  8.033255E+00  1.369794E+02 -4.537039E+01 -3.214554E+01 -6.315687E+00 -1.650321E+00
       146   6  4.509068E+00  1.307058E+02 -5.014748E+01 -3.146015E+01 -6.422220E+00 -1.673818E+00
       146   7  9.958956E+00  1.350537E+02 -4.537039E+01 -3.574827E+01 -6.347895E+00 -1.521741E+00
       146   8  6.393709E+00  1.288212E+02 -5.014748E+01 -3.498606E+01 -6.452925E+00 -1.551238E+00
       147   1  1.004511E+01  1.447306E+02 -3.371040E+01 -3.357634E+01 -1.893088E+00 -5.375982E-01
       147   2  6.451669E+00  1.383677E+02 -3.862389E+01 -3.288593E+01 -1.944561E+00 -5.489509E-01
       147   3  1.205652E+01  1.427192E+02 -3.371040E+01 -3.733943E+01 -1.922976E+00 -4.182759E-01
       147   4  8.421724E+00  1.363977E+02 -3.862389E+01 -3.657164E+01 -1.973723E+00 -4.325280E-01
       147   5  9.222655E+00  1.452747E+02 -3.379392E+01 -3.391700E+01 -7.478496E+00 -1.936670E+00
       147   6  5.604031E+00  1.388585E+02 -3.873095E+01 -3.321960E+01 -7.529969E+00 -1.948023E+00
       147   7  1.125448E+01  1.432428E+02 -3.379392E+01 -3.771827E+01 -7.508385E+00 -1.817348E+00
       147   8  7.594074E+00  1.368685E+02 -3.873095E+01 -3.694270E+01 -7.559132E+00 -1.831600E+00
       148   1  1.009092E+01  1.564186E+02 -1.849593E+01 -3.647867E+01 -2.312235E+00 -6.403547E-01
       148   2  6.370914E+00  1.497932E+02 -2.353437E+01 -3.575438E+01 -2.324088E+00 -6.429690E-01
       148   3  1.227620E+01  1.542333E+02 -1.849593E+01 -4.056703E+01 -2.341070E+00 -5.252373E-01
       148   4  8.512803E+00  1.476513E+02 -2.353437E+01 -3.976157E+01 -2.352756E+00 -5.285193E-01
       148   5  1.029924E+01  1.573854E+02 -1.814339E+01 -3.666775E+01 -7.921543E+00 -2.045413E+00
       148   6  6.565742E+00  1.507315E+02 -2.319445E+01 -3.593971E+01 -7.933396E+00 -2.048028E+00
       148   7  1.249585E+01  1.551888E+02 -1.814339E+01 -4.077731E+01 -7.950379E+00 -1.930296E+00
       148   8  8.718734E+00  1.485785E+02 -2.319445E+01 -3.996767E+01 -7.962065E+00 -1.933578E+00
       149   1  1.048866E+01  1.720124E+02  1.119282E+00 -4.026697E+01 -2.280776E+00 -6.321851E-01
       149   2  6.610143E+00  1.650334E+02 -4.044493E+00 -3.949404E+01 -2.262964E+00 -6.282565E-01
       149   3  1.290089E+01  1.696002E+02  1.119286E+00 -4.477991E+01 -2.309475E+00 -5.176126E-01
       149   4  8.976067E+00  1.626675E+02 -4.044489E+00 -4.392036E+01 -2.291914E+00 -5.126807E-01
       149   5  1.147782E+01  1.733148E+02  1.806759E+00 -4.034506E+01 -7.808019E+00 -2.016687E+00
       149   6  7.593910E+00  1.663245E+02 -3.362053E+00 -3.957064E+01 -7.790207E+00 -2.012759E+00
       149   7  1.389472E+01  1.708979E+02  1.806763E+00 -4.486676E+01 -7.836718E+00 -1.902115E+00
       149   8  9.964423E+00  1.639540E+02 -3.362049E+00 -4.400554E+01 -7.819157E+00 -1.897183E+00
       150   1  1.128765E+01  1.913927E+02  2.516277E+01 -4.489918E+01 -1.823593E+00 -5.188745E-01
       150   2  7.221246E+00  1.839804E+02  1.986820E+01 -4.406507E+01 -1.779829E+00 -5.092221E-01
       150   3  1.397736E+01  1.887030E+02  2.516276E+01 -4.993128E+01 -1.852861E+00 -4.020292E-01
       150   4  9.860987E+00  1.813407E+02  1.986819E+01 -4.900369E+01 -1.809715E+00 -3.899118E-01
       150   5  1.297076E+01  1.930117E+02  2.615342E+01 -4.488321E+01 -7.189739E+00 -1.863024E+00
       150   6  8.905419E+00  1.856017E+02  2.085984E+01 -4.404940E+01 -7.145975E+00 -1.853372E+00
       150   7  1.565951E+01  1.903230E+02  2.615341E+01 -4.991353E+01 -7.219007E+00 -1.746179E+00
       150   8  1.154422E+01  1.829629E+02  2.085984E+01 -4.898627E+01 -7.175861E+00 -1.734061E+00
       151   1  1.241440E+01  2.132395E+02  5.237623E+01 -5.006457E+01 -9.553486E-01 -3.040284E-01
       151   2  8.180177E+00  2.053907E+02  4.702679E+01 -4.916350E+01 -8.778918E-01 -2.869448E-01
       151   3  1.541355E+01  2.102403E+02  5.237623E+01 -5.567558E+01 -9.858602E-01 -1.822188E-01
       151   4  1.112535E+01  2.024456E+02  4.702679E+01 -5.467352E+01 -9.094962E-01 -1.607724E-01
       151   5  1.501214E+01  2.152985E+02  5.377328E+01 -4.993028E+01 -5.955042E+00 -1.556386E+00
       151   6  1.078661E+01  2.074682E+02  4.843196E+01 -4.903163E+01 -5.877585E+00 -1.539303E+00
       151   7  1.800325E+01  2.123074E+02  5.377328E+01 -5.552625E+01 -5.985553E+00 -1.434577E+00
       151   8  1.372389E+01  2.045309E+02  4.843196E+01 -5.452687E+01 -5.909189E+00 -1.413130E+00
       152   1  1.241758E+01  2.190580E+02  6.330035E+01 -5.151430E+01  3.053160E-01  7.118888E-03
       152   2  8.341609E+00  2.113753E+02  5.831042E+01 -5.061517E+01  4.391179E-01  3.662978E-02
       152   3  1.550358E+01  2.159720E+02  6.330035E+01 -5.728780E+01  2.726205E-01  1.376469E-01
       152   4  1.137374E+01  2.083432E+02  5.831042E+01 -5.628789E+01  4.045345E-01  1.746944E-01
       152   5  1.655654E+01  2.218776E+02  6.538792E+01 -5.118539E+01 -3.934148E+00 -1.054811E+00
       152   6  1.250121E+01  2.142385E+02  6.041728E+01 -5.029199E+01 -3.800346E+00 -1.025301E+00
       152   7  1.962284E+01  2.188113E+02  6.538792E+01 -5.692202E+01 -3.966843E+00 -9.242835E-01
       152   8  1.551398E+01  2.112258E+02  6.041728E+01 -5.592850E+01 -3.834929E+00 -8.872360E-01
       153   1  1.777524E+01  1.256793E+02 -5.221746E+01 -4.177463E+01  4.341417E-01  7.593393E-02
       153   2  1.428321E+01  1.197983E+02 -5.660905E+01 -4.084977E+01  2.536043E-01  1.705475E-02
       153   3  2.022981E+01  1.232247E+02 -5.221745E+01 -4.476553E+01  3.837678E-01  2.167196E-01
       153   4  1.668344E+01  1.173981E+02 -5.660904E+01 -4.377446E+01  2.068580E-01  1.477020E-01
       153   5  1.371350E+01  1.246846E+02 -5.373437E+01 -4.296204E+01 -4.011089E+00 -1.514595E+00
       153   6  1.014812E+01  1.186625E+02 -5.819034E+01 -4.201090E+01 -4.191626E+00 -1.573474E+00
       153   7  1.623785E+01  1.221603E+02 -5.373436E+01 -4.603796E+01 -4.061462E+00 -1.373809E+00
       153   8  1.261658E+01  1.161940E+02 -5.819034E+01 -4.501871E+01 -4.238372E+00 -1.442827E+00
       154   1  1.765605E+01  1.296155E+02 -4.469270E+01 -4.334467E+01 -9.520756E-01 -4.110491E-01
       154   2  1.401702E+01  1.235894E+02 -4.943003E+01 -4.242050E+01 -1.055792E+00 -4.448746E-01
       154   3  2.020286E+01  1.270687E+02 -4.469270E+01 -4.644799E+01 -9.967314E-01 -2.862447E-01
       154   4  1.650954E+01  1.210968E+02 -4.943003E+01 -4.545765E+01 -1.098364E+00 -3.258947E-01
       154   5  1.554338E+01  1.294692E+02 -4.537039E+01 -4.410594E+01 -6.123515E+00 -2.261420E+00
       154   6  1.185906E+01  1.233558E+02 -5.014748E+01 -4.316553E+01 -6.227232E+00 -2.295245E+00
       154   7  1.813492E+01  1.268777E+02 -4.537040E+01 -4.726376E+01 -6.168171E+00 -2.136616E+00
       154   8  1.439535E+01  1.208195E+02 -5.014748E+01 -4.625602E+01 -6.269804E+00 -2.176265E+00
       155   1  1.788950E+01  1.368862E+02 -3.371041E+01 -4.606909E+01 -1.831278E+00 -7.205645E-01
       155   2  1.413476E+01  1.306846E+02 -3.862390E+01 -4.512181E+01 -1.881391E+00 -7.369079E-01
       155   3  2.059640E+01  1.341793E+02 -3.371041E+01 -4.936747E+01 -1.872719E+00 -6.047464E-01
       155   4  1.678600E+01  1.280334E+02 -3.862389E+01 -4.835236E+01 -1.921824E+00 -6.239040E-01
       155   5  1.714663E+01  1.373507E+02 -3.379392E+01 -4.653651E+01 -7.252658E+00 -2.660365E+00
       155   6  1.336507E+01  1.310975E+02 -3.873095E+01 -4.557962E+01 -7.302771E+00 -2.676709E+00
       155   7  1.988100E+01  1.346163E+02 -3.379392E+01 -4.986835E+01 -7.294099E+00 -2.544547E+00
       155   8  1.604322E+01  1.284193E+02 -3.873095E+01 -4.884295E+01 -7.343205E+00 -2.563705E+00
       156   1  1.861338E+01  1.478961E+02 -1.849593E+01 -5.005129E+01 -2.238335E+00 -8.639097E-01
       156   2  1.472416E+01  1.414400E+02 -2.353437E+01 -4.905752E+01 -2.249875E+00 -8.676733E-01
       156   3  2.155426E+01  1.449552E+02 -1.849593E+01 -5.363477E+01 -2.278315E+00 -7.521731E-01
       156   4  1.760665E+01  1.385575E+02 -2.353437E+01 -5.256985E+01 -2.289623E+00 -7.565848E-01
       156   5  1.886588E+01  1.488187E+02 -1.814339E+01 -5.031072E+01 -7.682913E+00 -2.812011E+00
       156   6  1.496228E+01  1.423349E+02 -2.319445E+01 -4.931180E+01 -7.694453E+00 -2.815775E+00
       156   7  2.182200E+01  1.458626E+02 -1.814339E+01 -5.391278E+01 -7.722893E+00 -2.700274E+00
       156   8  1.785972E+01  1.394375E+02 -2.319445E+01 -5.284234E+01 -7.734201E+00 -2.704686E+00
       157   1  1.989618E+01  1.626049E+02  1.119284E+00 -5.524911E+01 -2.207828E+00 -8.526961E-01
       157   2  1.583708E+01  1.558065E+02 -4.044491E+00 -5.418860E+01 -2.190487E+00 -8.470406E-01
       157   3  2.314247E+01  1.593586E+02  1.119284E+00 -5.920473E+01 -2.247619E+00 -7.414883E-01
       157   4  1.902107E+01  1.526225E+02 -4.044491E+00 -5.806830E+01 -2.230626E+00 -7.348589E-01
       157   5  2.090358E+01  1.638891E+02  1.806761E+00 -5.535626E+01 -7.572751E+00 -2.772296E+00
       157   6  1.683875E+01  1.570796E+02 -3.362051E+00 -5.429370E+01 -7.555410E+00 -2.766641E+00
       157   7  2.415617E+01  1.606365E+02  1.806760E+00 -5.931956E+01 -7.612542E+00 -2.661088E+00
       157   8  2.002891E+01  1.538895E+02 -3.362052E+00 -5.818093E+01 -7.595549E+00 -2.654459E+00
       158   1  2.177738E+01  1.809030E+02  2.516277E+01 -6.160483E+01 -1.763953E+00 -6.951194E-01
       158   2  1.751610E+01  1.736856E+02  1.986820E+01 -6.046038E+01 -1.721347E+00 -6.812240E-01
       158   3  2.539713E+01  1.772832E+02  2.516277E+01 -6.601550E+01 -1.804534E+00 -5.817056E-01
       158   4  2.106860E+01  1.701331E+02  1.986820E+01 -6.478911E+01 -1.762783E+00 -5.654174E-01
       158   5  2.345676E+01  1.825257E+02  2.615342E+01 -6.158292E+01 -6.972510E+00 -2.558771E+00
       158   6  1.919662E+01  1.753105E+02  2.085984E+01 -6.043887E+01 -6.929903E+00 -2.544875E+00
       158   7  2.707522E+01  1.789073E+02  2.615342E+01 -6.599202E+01 -7.013090E+00 -2.445357E+00
       158   8  2.274785E+01  1.717593E+02  2.085984E+01 -6.476607E+01 -6.971339E+00 -2.429069E+00
       159   1  2.411091E+01  2.015429E+02  5.237623E+01 -6.869210E+01 -9.209482E-01 -3.962050E-01
       159   2  1.966617E+01  1.939048E+02  4.702679E+01 -6.745577E+01 -8.455389E-01 -3.716116E-01
       159   3  2.814708E+01  1.975068E+02  5.237623E+01 -7.361020E+01 -9.632524E-01 -2.779727E-01
       159   4  2.362970E+01  1.899412E+02  4.702679E+01 -7.228535E+01 -8.893583E-01 -2.491445E-01
       159   5  2.667728E+01  2.036334E+02  5.377328E+01 -6.850785E+01 -5.773814E+00 -2.132588E+00
       159   6  2.224180E+01  1.960130E+02  4.843196E+01 -6.727484E+01 -5.698405E+00 -2.107995E+00
       159   7  3.070263E+01  1.996080E+02  5.377328E+01 -7.341276E+01 -5.816118E+00 -2.014356E+00
       159   8  2.619470E+01  1.920601E+02  4.843196E+01 -7.209146E+01 -5.742224E+00 -1.985528E+00
       160   1  2.445280E+01  2.070228E+02  6.330036E+01 -7.068124E+01  3.031482E-01  3.701076E-02
       160   2  2.016677E+01  1.995502E+02  5.831043E+01 -6.944757E+01  4.334132E-01  7.949440E-02
       160   3  2.860584E+01  2.028697E+02  6.330036E+01 -7.574175E+01  2.578162E-01  1.637055E-01
       160   4  2.424733E+01  1.954696E+02  5.831043E+01 -7.441975E+01  3.854637E-01  2.135044E-01
       160   5  2.851492E+01  2.099192E+02  6.538792E+01 -7.022995E+01 -3.811814E+00 -1.435346E+00
       160   6  2.425087E+01  2.024889E+02  6.041729E+01 -6.900415E+01 -3.681549E+00 -1.392863E+00
       160   7  3.264145E+01  2.057927E+02  6.538792E+01 -7.525815E+01 -3.857146E+00 -1.308652E+00
       160   8  2.830537E+01  1.984344E+02  6.041729E+01 -7.394459E+01 -3.729499E+00 -1.258853E+00
       161   1  2.696173E+01  1.164928E+02 -5.221746E+01 -5.149745E+01  4.246084E-01  1.181215E-01
       161   2  2.326632E+01  1.108152E+02 -5.660905E+01 -5.035734E+01  2.507115E-01  4.183003E-02
       161   3  2.995264E+01  1.135019E+02 -5.221746E+01 -5.395202E+01  3.606776E-01  2.532916E-01
       161   4  2.619101E+01  1.078905E+02 -5.660905E+01 -5.275757E+01  1.913846E-01  1.672662E-01
       161   5  2.316112E+01  1.152370E+02 -5.373437E+01 -5.296123E+01 -3.843318E+00 -1.900457E+00
       161   6  1.938658E+01  1.094240E+02 -5.819034E+01 -5.178871E+01 -4.017215E+00 -1.976749E+00
       161   7  2.623704E+01  1.121611E+02 -5.373437E+01 -5.548557E+01 -3.907249E+00 -1.765287E+00
       161   8  2.239440E+01  1.064162E+02 -5.819034E+01 -5.425717E+01 -4.076542E+00 -1.851313E+00
       162   1  2.718780E+01  1.200838E+02 -4.469270E+01 -5.343292E+01 -9.072013E-01 -5.023896E-01
       162   2  2.334555E+01  1.142608E+02 -4.943004E+01 -5.229365E+01 -1.007103E+00 -5.462182E-01
       162   3  3.029111E+01  1.169805E+02 -4.469270E+01 -5.597975E+01 -9.638750E-01 -3.825632E-01
       162   4  2.638269E+01  1.112237E+02 -4.943004E+01 -5.478617E+01 -1.061132E+00 -4.319839E-01
       162   5  2.524254E+01  1.197701E+02 -4.537040E+01 -5.437137E+01 -5.872371E+00 -2.850740E+00
       162   6  2.135142E+01  1.138635E+02 -5.014748E+01 -5.321209E+01 -5.972273E+00 -2.894569E+00
       162   7  2.840035E+01  1.166122E+02 -4.537040E+01 -5.696293E+01 -5.929045E+00 -2.730914E+00
       162   8  2.444191E+01  1.107730E+02 -5.014748E+01 -5.574839E+01 -6.026302E+00 -2.780334E+00
       163   1  2.802038E+01  1.267553E+02 -3.371041E+01 -5.679144E+01 -1.751832E+00 -8.965915E-01
       163   2  2.405732E+01  1.207621E+02 -3.862390E+01 -5.562369E+01 -1.800102E+00 -9.177681E-01
       163   3  3.131875E+01  1.234569E+02 -3.371041E+01 -5.949835E+01 -1.804425E+00 -7.853930E-01
       163   4  2.728788E+01  1.175315E+02 -3.862390E+01 -5.827493E+01 -1.851417E+00 -8.092715E-01
       163   5  2.738030E+01  1.271170E+02 -3.379392E+01 -5.736765E+01 -6.956974E+00 -3.358440E+00
       163   6  2.338831E+01  1.210742E+02 -3.873095E+01 -5.618805E+01 -7.005243E+00 -3.379617E+00
       163   7  3.071214E+01  1.237852E+02 -3.379392E+01 -6.010202E+01 -7.009566E+00 -3.247241E+00
       163   8  2.665164E+01  1.178109E+02 -3.873095E+01 -5.886619E+01 -7.056558E+00 -3.271120E+00
       164   1  2.961996E+01  1.368895E+02 -1.849593E+01 -6.170048E+01 -2.142879E+00 -1.079145E+00
       164   2  2.551221E+01  1.306519E+02 -2.353438E+01 -6.047541E+01 -2.153994E+00 -1.084022E+00
       164   3  3.320345E+01  1.333060E+02 -1.849593E+01 -6.464136E+01 -2.193618E+00 -9.718652E-01
       164   4  2.902454E+01  1.271396E+02 -2.353438E+01 -6.335791E+01 -2.204440E+00 -9.773639E-01
       164   5  2.992951E+01  1.377551E+02 -1.814340E+01 -6.202029E+01 -7.370293E+00 -3.551528E+00
       164   6  2.580625E+01  1.314909E+02 -2.319446E+01 -6.078887E+01 -7.381408E+00 -3.556404E+00
       164   7  3.353157E+01  1.341530E+02 -1.814339E+01 -6.497642E+01 -7.421032E+00 -3.444248E+00
       164   8  2.933679E+01  1.279604E+02 -2.319446E+01 -6.368631E+01 -7.431853E+00 -3.449746E+00
       165   1  3.204580E+01  1.504553E+02  1.119285E+00 -6.810805E+01 -2.113618E+00 -1.064995E+00
       165   2  2.775349E+01  1.438901E+02 -4.044489E+00 -6.680072E+01 -2.096915E+00 -1.057667E+00
       165   3  3.600142E+01  1.464996E+02  1.119282E+00 -7.135436E+01 -2.164118E+00 -9.582230E-01
       165   4  3.163319E+01  1.400104E+02 -4.044492E+00 -6.998471E+01 -2.147856E+00 -9.499600E-01
       165   5  3.307676E+01  1.517159E+02  1.806762E+00 -6.824015E+01 -7.264554E+00 -3.501206E+00
       165   6  2.877827E+01  1.451401E+02 -3.362050E+00 -6.693028E+01 -7.247850E+00 -3.493878E+00
       165   7  3.704006E+01  1.477526E+02  1.806759E+00 -7.149275E+01 -7.315053E+00 -3.394434E+00
       165   8  3.266549E+01  1.412529E+02 -3.362053E+00 -7.012045E+01 -7.298792E+00 -3.386171E+00
       166   1  3.532466E+01  1.673557E+02  2.516276E+01 -7.594304E+01 -1.687326E+00 -8.646700E-01
       166   2  3.081171E+01  1.603899E+02  1.986819E+01 -7.453222E+01 -1.646286E+00 -8.466653E-01
       166   3  3.973534E+01  1.629450E+02  2.516276E+01 -7.956279E+01 -1.738827E+00 -7.557798E-01
       166   4  3.514044E+01  1.560612E+02  1.986819E+01 -7.808472E+01 -1.698874E+00 -7.354778E-01
       166   5  3.699922E+01  1.689833E+02  2.615341E+01 -7.591603E+01 -6.688132E+00 -3.229875E+00
       166   6  3.248749E+01  1.620196E+02  2.085984E+01 -7.450572E+01 -6.647092E+00 -3.211870E+00
       166   7  4.140833E+01  1.645742E+02  2.615341E+01 -7.953449E+01 -6.739633E+00 -3.120985E+00
       166   8  3.681469E+01  1.576924E+02  2.085984E+01 -7.805695E+01 -6.699680E+00 -3.100683E+00
       167   1  3.921673E+01  1.864371E+02  5.237623E+01 -8.467984E+01 -8.776786E-01 -4.845661E-01
       167   2  3.450012E+01  1.790708E+02  4.702679E+01 -8.315575E+01 -8.050430E-01 -4.526997E-01
       167   3  4.413482E+01  1.815190E+02  5.237623E+01 -8.871602E+01 -9.313681E-01 -3.710496E-01
       167   4  3.932969E+01  1.742412E+02  4.702679E+01 -8.711929E+01 -8.606555E-01 -3.351175E-01
       167   5  4.174258E+01  1.885681E+02  5.377328E+01 -8.445270E+01 -5.536981E+00 -2.688252E+00
       167   6  3.703595E+01  1.812189E+02  4.843196E+01 -8.293271E+01 -5.464345E+00 -2.656386E+00
       167   7  4.664748E+01  1.836632E+02  5.377328E+01 -8.847805E+01 -5.590671E+00 -2.574736E+00
       167   8  4.185257E+01  1.764022E+02  4.843196E+01 -8.688561E+01 -5.519958E+00 -2.538804E+00
       168   1  3.999603E+01  1.914795E+02  6.330035E+01 -8.713193E+01  2.980608E-01  6.654609E-02
       168   2  3.543870E+01  1.842782E+02  5.831042E+01 -8.561113E+01  4.235344E-01  1.215933E-01
       168   3  4.505654E+01  1.864190E+02  6.330035E+01 -9.128499E+01  2.405286E-01  1.881873E-01
       168   4  4.041089E+01  1.793060E+02  5.831042E+01 -8.969169E+01  3.626804E-01  2.502580E-01
       168   5  4.395891E+01  1.944752E+02  6.538792E+01 -8.657561E+01 -3.652771E+00 -1.802058E+00
       168   6  3.942529E+01  1.873145E+02  6.041728E+01 -8.506451E+01 -3.527297E+00 -1.747011E+00
       168   7  4.898711E+01  1.894470E+02  6.538792E+01 -9.070214E+01 -3.710303E+00 -1.680417E+00
       168   8  4.436573E+01  1.823740E+02  6.041728E+01 -8.911902E+01 -3.588151E+00 -1.618346E+00
       169   1  3.786855E+01  1.055860E+02 -5.221745E+01 -5.924126E+01  4.109859E-01  1.591714E-01
       169   2  3.393167E+01  1.001499E+02 -5.660904E+01 -5.792971E+01  2.454042E-01  6.620261E-02
       169   3  4.128084E+01  1.021737E+02 -5.221745E+01 -6.106518E+01  3.341142E-01  2.874245E-01
       169   4  3.726842E+01  9.681314E+01 -5.660905E+01 -5.971324E+01  1.740683E-01  1.852198E-01
       169   5  3.437795E+01  1.040202E+02 -5.373436E+01 -6.092515E+01 -3.638534E+00 -2.268017E+00
       169   6  3.035508E+01  9.845551E+01 -5.819034E+01 -5.957632E+01 -3.804116E+00 -2.360986E+00
       169   7  3.788724E+01  1.005109E+02 -5.373437E+01 -6.280091E+01 -3.715405E+00 -2.139764E+00
       169   8  3.378667E+01  9.502391E+01 -5.819034E+01 -6.141055E+01 -3.875451E+00 -2.241969E+00
       170   1  3.850453E+01  1.087670E+02 -4.469270E+01 -6.146778E+01 -8.535899E-01 -5.888918E-01
       170   2  3.442099E+01  1.031854E+02 -4.943003E+01 -6.015719E+01 -9.487149E-01 -6.423014E-01
       170   3  4.204508E+01  1.052265E+02 -4.469270E+01 -6.336024E+01 -9.217356E-01 -4.751973E-01
       170   4  3.788605E+01  9.972034E+01 -4.943003E+01 -6.200930E+01 -1.013680E+00 -5.339129E-01
       170   5  3.675803E+01  1.082546E+02 -4.537040E+01 -6.254735E+01 -5.564673E+00 -3.412606E+00
       170   6  3.262138E+01  1.025935E+02 -5.014748E+01 -6.121374E+01 -5.659798E+00 -3.466016E+00
       170   7  4.036076E+01  1.046518E+02 -4.537039E+01 -6.447304E+01 -5.632818E+00 -3.298912E+00
       170   8  3.614730E+01  9.906759E+01 -5.014748E+01 -6.309838E+01 -5.724763E+00 -3.357627E+00
       171   1  4.004842E+01  1.147273E+02 -3.371041E+01 -6.533133E+01 -1.655515E+00 -1.063984E+00
       171   2  3.583804E+01  1.089813E+02 -3.862390E+01 -6.398797E+01 -1.701477E+00 -1.089790E+00
       171   3  4.381151E+01  1.109642E+02 -3.371041E+01 -6.734274E+01 -1.718754E+00 -9.584757E-01
       171   4  3.952375E+01  1.052956E+02 -3.862389E+01 -6.595802E+01 -1.763179E+00 -9.868452E-01
       171   5  3.953038E+01  1.149669E+02 -3.379392E+01 -6.599418E+01 -6.594289E+00 -4.024171E+00
       171   6  3.528856E+01  1.091740E+02 -3.873095E+01 -6.463719E+01 -6.640250E+00 -4.049977E+00
       171   7  4.333165E+01  1.111657E+02 -3.379392E+01 -6.802600E+01 -6.657528E+00 -3.918663E+00
       171   8  3.901167E+01  1.054509E+02 -3.873095E+01 -6.662723E+01 -6.701953E+00 -3.947032E+00
       172   1  4.268770E+01  1.238218E+02 -1.849593E+01 -7.097854E+01 -2.026785E+00 -1.283988E+00
       172   2  3.832049E+01  1.178436E+02 -2.353438E+01 -6.956926E+01 -2.037369E+00 -1.289930E+00
       172   3  4.677607E+01  1.197334E+02 -1.849593E+01 -7.316382E+01 -2.087796E+00 -1.182198E+00
       172   4  4.232768E+01  1.138364E+02 -2.353438E+01 -7.171115E+01 -2.098026E+00 -1.188731E+00
       172   5  4.306499E+01  1.246196E+02 -1.814340E+01 -7.134645E+01 -6.986692E+00 -4.256841E+00
       172   6  3.868092E+01  1.186163E+02 -2.319446E+01 -6.992986E+01 -6.997276E+00 -4.262784E+00
       172   7  4.717455E+01  1.205100E+02 -1.814339E+01 -7.354306E+01 -7.047703E+00 -4.155051E+00
       172   8  4.270889E+01  1.145883E+02 -2.319446E+01 -7.208285E+01 -7.057933E+00 -4.161584E+00
       173   1  4.647062E+01  1.360304E+02  1.119281E+00 -7.834965E+01 -1.999053E+00 -1.267038E+00
       173   2  4.190143E+01  1.297422E+02 -4.044493E+00 -7.684573E+01 -1.983148E+00 -1.258108E+00
       173   3  5.098356E+01  1.315175E+02  1.119282E+00 -8.076187E+01 -2.059774E+00 -1.165730E+00
       173   4  4.632775E+01  1.253158E+02 -4.044492E+00 -7.921165E+01 -2.044401E+00 -1.155912E+00
       173   5  4.752956E+01  1.372631E+02  1.806757E+00 -7.850161E+01 -6.886395E+00 -4.196398E+00
       173   6  4.295365E+01  1.309647E+02 -3.362054E+00 -7.699477E+01 -6.870490E+00 -4.187468E+00
       173   7  5.205126E+01  1.327414E+02  1.806758E+00 -8.091851E+01 -6.947117E+00 -4.095090E+00
       173   8  4.738855E+01  1.265298E+02 -3.362053E+00 -7.936528E+01 -6.931743E+00 -4.085273E+00
       174   1  5.140888E+01  1.512714E+02  2.516276E+01 -8.736280E+01 -1.594448E+00 -1.025893E+00
       174   2  4.659713E+01  1.446045E+02  1.986819E+01 -8.573983E+01 -1.555371E+00 -1.003953E+00
       174   3  5.644099E+01  1.462393E+02  2.516277E+01 -9.005251E+01 -1.656375E+00 -9.225754E-01
       174   4  5.153575E+01  1.396659E+02  1.986819E+01 -8.837958E+01 -1.618604E+00 -8.984551E-01
       174   5  5.307772E+01  1.529048E+02  2.615341E+01 -8.733173E+01 -6.339344E+00 -3.869874E+00
       174   6  4.826730E+01  1.462398E+02  2.085984E+01 -8.570934E+01 -6.300266E+00 -3.847933E+00
       174   7  5.810804E+01  1.478745E+02  2.615342E+01 -9.002049E+01 -6.401270E+00 -3.766556E+00
       174   8  5.320416E+01  1.413030E+02  2.085984E+01 -8.834815E+01 -6.363499E+00 -3.742436E+00
       175   1  5.715134E+01  1.685025E+02  5.237623E+01 -9.741338E+01 -8.259568E-01 -5.682604E-01
       175   2  5.211194E+01  1.614590E+02  4.702679E+01 -9.566011E+01 -7.567945E-01 -5.294280E-01
       175   3  6.276236E+01  1.628915E+02  5.237623E+01 -1.004125E+02 -8.905142E-01 -4.605530E-01
       175   4  5.762196E+01  1.559490E+02  4.702679E+01 -9.860528E+01 -8.236641E-01 -4.178628E-01
       175   5  5.962909E+01  1.706816E+02  5.377328E+01 -9.715209E+01 -5.246825E+00 -3.218027E+00
       175   6  5.460053E+01  1.636543E+02  4.843196E+01 -9.540352E+01 -5.177662E+00 -3.179194E+00
       175   7  6.522505E+01  1.650856E+02  5.377328E+01 -1.001432E+02 -5.311382E+00 -3.110319E+00
       175   8  6.009578E+01  1.581590E+02  4.843196E+01 -9.834079E+01 -5.244532E+00 -3.067629E+00
       176   1  5.844998E+01  1.730256E+02  6.330035E+01 -1.002342E+02  2.901026E-01  9.544061E-02
       176   2  5.357056E+01  1.661463E+02  5.831042E+01 -9.848470E+01  4.095765E-01  1.625214E-01
       176   3  6.422348E+01  1.672521E+02  6.330035E+01 -1.033202E+02  2.209247E-01  2.108570E-01
       176   4  5.924328E+01  1.604736E+02  5.831042E+01 -1.015168E+02  3.364043E-01  2.846019E-01
       176   5  6.229504E+01  1.761391E+02  6.538792E+01 -9.959422E+01 -3.458549E+00 -2.151415E+00
       176   6  5.744138E+01  1.692984E+02  6.041728E+01 -9.785589E+01 -3.339076E+00 -2.084334E+00
       176   7  6.803167E+01  1.704024E+02  6.538792E+01 -1.026605E+02 -3.527727E+00 -2.035999E+00
       176   8  6.307788E+01  1.636619E+02  6.041728E+01 -1.008687E+02 -3.412248E+00 -1.962254E+00
       177   1  5.007653E+01  9.337800E+01 -5.221745E+01 -6.470847E+01  3.934056E-01  1.986888E-01
       177   2  4.586938E+01  8.821219E+01 -5.660904E+01 -6.327588E+01  2.377338E-01  8.993777E-02
       177   3  5.377910E+01  8.967544E+01 -5.221745E+01 -6.583163E+01  3.043328E-01  3.187894E-01
       177   4  4.948997E+01  8.459159E+01 -5.660904E+01 -6.437417E+01  1.550755E-01  2.013896E-01
       177   5  4.693294E+01  9.146523E+01 -5.373436E+01 -6.654776E+01 -3.398708E+00 -2.613735E+00
       177   6  4.263211E+01  8.617848E+01 -5.819034E+01 -6.507445E+01 -3.554380E+00 -2.722486E+00
       177   7  5.074075E+01  8.765742E+01 -5.373436E+01 -6.770285E+01 -3.487781E+00 -2.493634E+00
       177   8  4.635561E+01  8.245497E+01 -5.819034E+01 -6.620396E+01 -3.637039E+00 -2.611034E+00
       178   1  5.117134E+01  9.610024E+01 -4.469270E+01 -6.714046E+01 -7.917581E-01 -6.697225E-01
       178   2  4.681772E+01  9.078866E+01 -4.943003E+01 -6.570892E+01 -8.811899E-01 -7.321988E-01
       178   3  5.501306E+01  9.225852E+01 -4.469270E+01 -6.830583E+01 -8.707198E-01 -5.632550E-01
       178   4  5.057752E+01  8.702886E+01 -4.943003E+01 -6.684944E+01 -9.564666E-01 -6.307000E-01
       178   5  4.964730E+01  9.536530E+01 -4.537039E+01 -6.831966E+01 -5.203383E+00 -3.941607E+00
       178   6  4.523584E+01  8.997905E+01 -5.014748E+01 -6.686297E+01 -5.292815E+00 -4.004083E+00
       178   7  5.355650E+01  9.145611E+01 -4.537039E+01 -6.950550E+01 -5.282345E+00 -3.835139E+00
       178   8  4.906168E+01  8.615321E+01 -5.014748E+01 -6.802353E+01 -5.368092E+00 -3.902584E+00
       179   1  5.351140E+01  1.012643E+02 -3.371041E+01 -7.136056E+01 -1.543255E+00 -1.221129E+00
       179   2  4.902419E+01  9.579519E+01 -3.862389E+01 -6.989323E+01 -1.586466E+00 -1.251316E+00
       179   3  5.759458E+01  9.718111E+01 -3.371041E+01 -7.259918E+01 -1.616531E+00 -1.122328E+00
       179   4  5.302342E+01  9.179596E+01 -3.862390E+01 -7.110639E+01 -1.657961E+00 -1.154915E+00
       179   5  5.312995E+01  1.013674E+02 -3.379392E+01 -7.208459E+01 -6.168098E+00 -4.651147E+00
       179   6  4.860849E+01  9.585403E+01 -3.873095E+01 -7.060237E+01 -6.211309E+00 -4.681333E+00
       179   7  5.725456E+01  9.724273E+01 -3.379392E+01 -7.333578E+01 -6.241374E+00 -4.552345E+00
       179   8  5.264830E+01  9.181422E+01 -3.873095E+01 -7.182783E+01 -6.282804E+00 -4.584933E+00
       180   1  5.731442E+01  1.091951E+02 -1.849593E+01 -7.752894E+01 -1.891173E+00 -1.476464E+00
       180   2  5.265679E+01  1.035073E+02 -2.353438E+01 -7.598960E+01 -1.901124E+00 -1.483416E+00
       180   3  6.175055E+01  1.047589E+02 -1.849593E+01 -7.887463E+01 -1.961867E+00 -1.381145E+00
       180   4  5.700484E+01  9.915927E+01 -2.353438E+01 -7.730857E+01 -1.971408E+00 -1.388649E+00
       180   5  5.776752E+01  1.099171E+02 -1.814339E+01 -7.793080E+01 -6.535806E+00 -4.921159E+00
       180   6  5.309153E+01  1.042057E+02 -2.319446E+01 -7.638348E+01 -6.545756E+00 -4.928110E+00
       180   7  6.222665E+01  1.054579E+02 -1.814339E+01 -7.928347E+01 -6.606500E+00 -4.825839E+00
       180   8  5.746212E+01  9.983506E+01 -2.319446E+01 -7.770929E+01 -6.616040E+00 -4.833343E+00
       181   1  6.261631E+01  1.198847E+02  1.119281E+00 -8.558031E+01 -1.865235E+00 -1.456878E+00
       181   2  5.773721E+01  1.139064E+02 -4.044493E+00 -8.393760E+01 -1.850282E+00 -1.446432E+00
       181   3  6.751314E+01  1.149879E+02  1.119281E+00 -8.706574E+01 -1.935595E+00 -1.362010E+00
       181   4  6.254004E+01  1.091035E+02 -4.044493E+00 -8.539452E+01 -1.921258E+00 -1.350733E+00
       181   5  6.370657E+01  1.210861E+02  1.806757E+00 -8.574629E+01 -6.441916E+00 -4.851176E+00
       181   6  5.882014E+01  1.150982E+02 -3.362054E+00 -8.410039E+01 -6.426963E+00 -4.840730E+00
       181   7  6.861290E+01  1.161797E+02  1.806757E+00 -8.723461E+01 -6.512275E+00 -4.756307E+00
       181   8  6.363229E+01  1.102861E+02 -3.362054E+00 -8.556014E+01 -6.497938E+00 -4.745031E+00
       182   1  6.941193E+01  1.332684E+02  2.516276E+01 -9.542526E+01 -1.486216E+00 -1.177237E+00
       182   2  6.426573E+01  1.269359E+02  1.986819E+01 -9.365251E+01 -1.449477E+00 -1.151571E+00
       182   3  7.487208E+01  1.278082E+02  2.516276E+01 -9.708157E+01 -1.557971E+00 -1.080486E+00
       182   4  6.962444E+01  1.215772E+02  1.986819E+01 -9.527806E+01 -1.522746E+00 -1.052780E+00
       182   5  7.107437E+01  1.349081E+02  2.615341E+01 -9.539132E+01 -5.929504E+00 -4.472604E+00
       182   6  6.592962E+01  1.285775E+02  2.085984E+01 -9.361921E+01 -5.892766E+00 -4.446939E+00
       182   7  7.653258E+01  1.294499E+02  2.615341E+01 -9.704705E+01 -6.001259E+00 -4.375854E+00
       182   8  7.128642E+01  1.232207E+02  2.085984E+01 -9.524417E+01 -5.966035E+00 -4.348147E+00
       183   1  7.722554E+01  1.484283E+02  5.237623E+01 -1.064034E+02 -7.662805E-01 -6.464821E-01
       183   2  7.182483E+01  1.417461E+02  4.702679E+01 -1.044883E+02 -7.012574E-01 -6.010575E-01
       183   3  8.331385E+01  1.423400E+02  5.237623E+01 -1.082502E+02 -8.410842E-01 -5.456211E-01
       183   4  7.780356E+01  1.357674E+02  4.702679E+01 -1.063019E+02 -7.787403E-01 -4.965840E-01
       183   5  7.964944E+01  1.506612E+02  5.377327E+01 -1.061180E+02 -4.906138E+00 -3.716810E+00
       183   6  7.426056E+01  1.439943E+02  4.843196E+01 -1.042080E+02 -4.841115E+00 -3.671385E+00
       183   7  8.572142E+01  1.445893E+02  5.377328E+01 -1.079599E+02 -4.980942E+00 -3.615949E+00
       183   8  8.022325E+01  1.380316E+02  4.843196E+01 -1.060168E+02 -4.918598E+00 -3.566912E+00
       184   1  7.910547E+01  1.523701E+02  6.330035E+01 -1.094845E+02  2.793509E-01  1.234159E-01
       184   2  7.386552E+01  1.458514E+02  5.831042E+01 -1.075736E+02  3.916745E-01  2.018842E-01
       184   3  8.537008E+01  1.461055E+02  6.330035E+01 -1.113849E+02  1.991934E-01  2.314960E-01
       184   4  8.002079E+01  1.396961E+02  5.831042E+01 -1.094407E+02  3.068886E-01  3.162048E-01
       184   5  8.281864E+01  1.556155E+02  6.538792E+01 -1.087855E+02 -3.231020E+00 -2.480053E+00
       184   6  7.760676E+01  1.491330E+02  6.041728E+01 -1.068867E+02 -3.118696E+00 -2.401584E+00
       184   7  8.904325E+01  1.493909E+02  6.538792E+01 -1.106737E+02 -3.311177E+00 -2.371973E+00
       184   8  8.372273E+01  1.430170E+02  6.041728E+01 -1.087420E+02 -3.203482E+00 -2.287264E+00
       185   1  6.311654E+01  8.033799E+01 -5.221745E+01 -6.768896E+01  3.720363E-01  2.362925E-01
       185   2  5.862069E+01  7.546087E+01 -5.660904E+01 -6.619039E+01  2.277736E-01  1.128066E-01
       185   3  6.696708E+01  7.648745E+01 -5.221745E+01 -6.806821E+01  2.716205E-01  3.470841E-01
       185   4  6.238598E+01  7.169558E+01 -5.660904E+01 -6.656123E+01  1.345890E-01  2.156197E-01
       185   5  6.034360E+01  7.805456E+01 -5.373436E+01 -6.961297E+01 -3.126152E+00 -2.934280E+00
       185   6  5.574587E+01  7.306472E+01 -5.819034E+01 -6.807180E+01 -3.270415E+00 -3.057766E+00
       185   7  6.430359E+01  7.409457E+01 -5.373436E+01 -7.000300E+01 -3.226568E+00 -2.823489E+00
       185   8  5.961818E+01  6.919240E+01 -5.819034E+01 -6.845319E+01 -3.363599E+00 -2.954953E+00
       186   1  6.470144E+01  8.257014E+01 -4.469270E+01 -7.023297E+01 -7.223014E-01 -7.441035E-01
       186   2  6.005934E+01  7.754704E+01 -4.943003E+01 -6.873549E+01 -8.051788E-01 -8.150449E-01
       186   3  6.869669E+01  7.857488E+01 -4.469270E+01 -7.062647E+01 -8.113186E-01 -6.458884E-01
       186   4  6.396940E+01  7.363697E+01 -4.943004E+01 -6.912060E+01 -8.900417E-01 -7.214133E-01
       186   5  6.341504E+01  8.159756E+01 -4.537039E+01 -7.146648E+01 -4.791983E+00 -4.432648E+00
       186   6  5.871002E+01  7.650487E+01 -5.014748E+01 -6.994271E+01 -4.874860E+00 -4.503589E+00
       186   7  6.748046E+01  7.753214E+01 -4.537040E+01 -7.186689E+01 -4.881000E+00 -4.334432E+00
       186   8  6.268876E+01  7.252613E+01 -5.014748E+01 -7.033458E+01 -4.959723E+00 -4.409957E+00
       187   1  6.789193E+01  8.688376E+01 -3.371041E+01 -7.464745E+01 -1.416132E+00 -1.366515E+00
       187   2  6.310903E+01  8.171035E+01 -3.862390E+01 -7.311254E+01 -1.456176E+00 -1.400791E+00
       187   3  7.213830E+01  8.263738E+01 -3.371041E+01 -7.506569E+01 -1.498740E+00 -1.275371E+00
       187   4  6.726809E+01  7.755128E+01 -3.862390E+01 -7.352217E+01 -1.536776E+00 -1.311863E+00
       187   5  6.765639E+01  8.684091E+01 -3.379392E+01 -7.540483E+01 -5.682505E+00 -5.233329E+00
       187   6  6.283624E+01  8.162628E+01 -3.873095E+01 -7.385434E+01 -5.722549E+00 -5.267606E+00
       187   7  7.194584E+01  8.255145E+01 -3.379393E+01 -7.582730E+01 -5.765113E+00 -5.142186E+00
       187   8  6.703749E+01  7.742502E+01 -3.873095E+01 -7.426813E+01 -5.803149E+00 -5.178677E+00
       188   1  7.293799E+01  9.357148E+01 -1.849593E+01 -8.109995E+01 -1.737348E+00 -1.654722E+00
       188   2  6.797016E+01  8.819396E+01 -2.353438E+01 -7.948971E+01 -1.746569E+00 -1.662616E+00
       188   3  7.755142E+01  8.895805E+01 -1.849593E+01 -8.155434E+01 -1.817044E+00 -1.566791E+00
       188   4  7.249199E+01  8.367213E+01 -2.353438E+01 -7.993507E+01 -1.825803E+00 -1.575194E+00
       188   5  7.347208E+01  9.421251E+01 -1.814340E+01 -8.152032E+01 -6.021976E+00 -5.538083E+00
       188   6  6.848428E+01  8.881291E+01 -2.319446E+01 -7.990173E+01 -6.031198E+00 -5.545976E+00
       188   7  7.810942E+01  8.957517E+01 -1.814340E+01 -8.197706E+01 -6.101673E+00 -5.450152E+00
       188   8  7.302954E+01  8.426764E+01 -2.319446E+01 -8.034940E+01 -6.110432E+00 -5.458555E+00
       189   1  7.986240E+01  1.026387E+02  1.119281E+00 -8.952216E+01 -1.713455E+00 -1.632688E+00
       189   2  7.465225E+01  9.699133E+01 -4.044495E+00 -8.780379E+01 -1.699598E+00 -1.620827E+00
       189   3  8.495493E+01  9.754612E+01  1.119281E+00 -9.002373E+01 -1.792774E+00 -1.545173E+00
       189   4  7.964703E+01  9.199654E+01 -4.044495E+00 -8.829573E+01 -1.779612E+00 -1.532545E+00
       189   5  8.098610E+01  1.038065E+02  1.806758E+00 -8.969579E+01 -5.935398E+00 -5.459234E+00
       189   6  7.576799E+01  9.815039E+01 -3.362056E+00 -8.797409E+01 -5.921541E+00 -5.447373E+00
       189   7  8.608851E+01  9.870413E+01  1.806758E+00 -9.019834E+01 -6.014717E+00 -5.371719E+00
       189   8  8.077246E+01  9.314592E+01 -3.362056E+00 -8.846698E+01 -6.001555E+00 -5.359091E+00
       190   1  8.864197E+01  1.140384E+02  2.516276E+01 -9.982057E+01 -1.363670E+00 -1.317243E+00
       190   2  8.313852E+01  1.080631E+02  1.986819E+01 -9.796617E+01 -1.329624E+00 -1.288100E+00
       190   3  9.432033E+01  1.083600E+02  2.516276E+01 -1.003798E+02 -1.444563E+00 -1.227991E+00
       190   4  8.871140E+01  1.024902E+02  1.986819E+01 -9.851505E+01 -1.412223E+00 -1.196966E+00
       190   5  9.029757E+01  1.156849E+02  2.615341E+01 -9.978507E+01 -5.462560E+00 -5.032260E+00
       190   6  8.479570E+01  1.097114E+02  2.085984E+01 -9.793133E+01 -5.428514E+00 -5.003118E+00
       190   7  9.597391E+01  1.100086E+02  2.615341E+01 -1.003441E+02 -5.543453E+00 -4.943009E+00
       190   8  9.036659E+01  1.041405E+02  2.085983E+01 -9.848002E+01 -5.511114E+00 -4.911983E+00
       191   1  9.866787E+01  1.269860E+02  5.237622E+01 -1.113043E+02 -6.992244E-01 -7.184778E-01
       191   2  9.288124E+01  1.206897E+02  4.702678E+01 -1.093011E+02 -6.389668E-01 -6.668985E-01
       191   3  1.049995E+02  1.206543E+02  5.237623E+01 -1.119280E+02 -7.835539E-01 -6.254344E-01
       191   4  9.909891E+01  1.144720E+02  4.702678E+01 -1.099135E+02 -7.263167E-01 -5.705226E-01
       191   5  1.010343E+02  1.292764E+02  5.377327E+01 -1.110058E+02 -4.518203E+00 -4.179798E+00
       191   6  9.526048E+01  1.229943E+02  4.843195E+01 -1.090079E+02 -4.457945E+00 -4.128219E+00
       191   7  1.073489E+02  1.229618E+02  5.377327E+01 -1.116277E+02 -4.602532E+00 -4.086755E+00
       191   8  1.014615E+02  1.167933E+02  4.843195E+01 -1.096186E+02 -4.545295E+00 -4.031843E+00
       192   1  1.011687E+02  1.303068E+02  6.330035E+01 -1.145274E+02  2.659089E-01  1.502030E-01
       192   2  9.554366E+01  1.241732E+02  5.831041E+01 -1.125284E+02  3.700003E-01  2.393030E-01
       192   3  1.076837E+02  1.237919E+02  6.330035E+01 -1.151691E+02  1.755435E-01  2.499058E-01
       192   4  1.019449E+02  1.177719E+02  5.831041E+01 -1.131589E+02  2.744173E-01  3.447627E-01
       192   5  1.047410E+02  1.336931E+02  6.538791E+01 -1.137962E+02 -2.972374E+00 -2.784806E+00
       192   6  9.914649E+01  1.275932E+02  6.041727E+01 -1.118100E+02 -2.868283E+00 -2.695706E+00
       192   7  1.112144E+02  1.272197E+02  6.538791E+01 -1.144337E+02 -3.062739E+00 -2.685103E+00
       192   8  1.055069E+02  1.212328E+02  6.041727E+01 -1.124364E+02 -2.963866E+00 -2.590246E+00
       193   1  7.648745E+01  6.696708E+01 -5.221745E+01 -6.806821E+01  3.470841E-01  2.716205E-01
       193   2  7.169558E+01  6.238598E+01 -5.660904E+01 -6.656123E+01  2.156197E-01  1.345890E-01
       193   3  8.033799E+01  6.311654E+01 -5.221745E+01 -6.768896E+01  2.362925E-01  3.720363E-01
       193   4  7.546087E+01  5.862069E+01 -5.660904E+01 -6.619039E+01  1.128066E-01  2.277736E-01
       193   5  7.409457E+01  6.430359E+01 -5.373436E+01 -7.000300E+01 -2.823489E+00 -3.226568E+00
       193   6  6.919240E+01  5.961818E+01 -5.819034E+01 -6.845319E+01 -2.954953E+00 -3.363599E+00
       193   7  7.805456E+01  6.034360E+01 -5.373436E+01 -6.961297E+01 -2.934280E+00 -3.126152E+00
       193   8  7.306472E+01  5.574587E+01 -5.819034E+01 -6.807180E+01 -3.057766E+00 -3.270415E+00
       194   1  7.857488E+01  6.869669E+01 -4.469270E+01 -7.062647E+01 -6.458884E-01 -8.113186E-01
       194   2  7.363697E+01  6.396940E+01 -4.943004E+01 -6.912060E+01 -7.214133E-01 -8.900417E-01
       194   3  8.257014E+01  6.470144E+01 -4.469270E+01 -7.023297E+01 -7.441035E-01 -7.223014E-01
       194   4  7.754704E+01  6.005934E+01 -4.943003E+01 -6.873549E+01 -8.150449E-01 -8.051788E-01
       194   5  7.753214E+01  6.748046E+01 -4.537040E+01 -7.186689E+01 -4.334432E+00 -4.881000E+00
       194   6  7.252613E+01  6.268876E+01 -5.014748E+01 -7.033458E+01 -4.409957E+00 -4.959723E+00
       194   7  8.159756E+01  6.341504E+01 -4.537039E+01 -7.146648E+01 -4.432648E+00 -4.791983E+00
       194   8  7.650487E+01  5.871002E+01 -5.014748E+01 -6.994271E+01 -4.503589E+00 -4.874860E+00
       195   1  8.263738E+01  7.213830E+01 -3.371041E+01 -7.506569E+01 -1.275371E+00 -1.498740E+00
       195   2  7.755128E+01  6.726809E+01 -3.862390E+01 -7.352217E+01 -1.311863E+00 -1.536776E+00
       195   3  8.688376E+01  6.789193E+01 -3.371041E+01 -7.464745E+01 -1.366515E+00 -1.416132E+00
       195   4  8.171035E+01  6.310903E+01 -3.862390E+01 -7.311254E+01 -1.400791E+00 -1.456176E+00
       195   5  8.255145E+01  7.194584E+01 -3.379393E+01 -7.582730E+01 -5.142186E+00 -5.765113E+00
       195   6  7.742502E+01  6.703749E+01 -3.873095E+01 -7.426813E+01 -5.178677E+00 -5.803149E+00
       195   7  8.684091E+01  6.765639E+01 -3.379392E+01 -7.540483E+01 -5.233329E+00 -5.682505E+00
       195   8  8.162628E+01  6.283624E+01 -3.873095E+01 -7.385434E+01 -5.267606E+00 -5.722549E+00
       196   1  8.895805E+01  7.755142E+01 -1.849593E+01 -8.155434E+01 -1.566791E+00 -1.817044E+00
       196   2  8.367213E+01  7.249199E+01 -2.353438E+01 -7.993507E+01 -1.575194E+00 -1.825803E+00
       196   3  9.357148E+01  7.293799E+01 -1.849593E+01 -8.109995E+01 -1.654722E+00 -1.737348E+00
       196   4  8.819396E+01  6.797016E+01 -2.353438E+01 -7.948971E+01 -1.662616E+00 -1.746569E+00
       196   5  8.957517E+01  7.810942E+01 -1.814340E+01 -8.197706E+01 -5.450152E+00 -6.101673E+00
       196   6  8.426764E+01  7.302954E+01 -2.319446E+01 -8.034940E+01 -5.458555E+00 -6.110432E+00
       196   7  9.421251E+01  7.347208E+01 -1.814340E+01 -8.152032E+01 -5.538083E+00 -6.021976E+00
       196   8  8.881291E+01  6.848428E+01 -2.319446E+01 -7.990173E+01 -5.545976E+00 -6.031198E+00
       197   1  9.754612E+01  8.495493E+01  1.119281E+00 -9.002373E+01 -1.545173E+00 -1.792774E+00
       197   2  9.199654E+01  7.964703E+01 -4.044495E+00 -8.829573E+01 -1.532545E+00 -1.779612E+00
       197   3  1.026387E+02  7.986240E+01  1.119281E+00 -8.952216E+01 -1.632688E+00 -1.713455E+00
       197   4  9.699133E+01  7.465225E+01 -4.044495E+00 -8.780379E+01 -1.620827E+00 -1.699598E+00
       197   5  9.870413E+01  8.608851E+01  1.806758E+00 -9.019834E+01 -5.371719E+00 -6.014717E+00
       197   6  9.314592E+01  8.077246E+01 -3.362056E+00 -8.846698E+01 -5.359091E+00 -6.001555E+00
       197   7  1.038065E+02  8.098610E+01  1.806758E+00 -8.969579E+01 -5.459234E+00 -5.935398E+00
       197   8  9.815039E+01  7.576799E+01 -3.362056E+00 -8.797409E+01 -5.447373E+00 -5.921541E+00
       198   1  1.083600E+02  9.432033E+01  2.516276E+01 -1.003798E+02 -1.227991E+00 -1.444563E+00
       198   2  1.024902E+02  8.871140E+01  1.986819E+01 -9.851505E+01 -1.196966E+00 -1.412223E+00
       198   3  1.140384E+02  8.864197E+01  2.516276E+01 -9.982057E+01 -1.317243E+00 -1.363670E+00
       198   4  1.080631E+02  8.313852E+01  1.986819E+01 -9.796617E+01 -1.288100E+00 -1.329624E+00
       198   5  1.100086E+02  9.597391E+01  2.615341E+01 -1.003441E+02 -4.943009E+00 -5.543453E+00
       198   6  1.041405E+02  9.036659E+01  2.085983E+01 -9.848002E+01 -4.911983E+00 -5.511114E+00
       198   7  1.156849E+02  9.029757E+01  2.615341E+01 -9.978507E+01 -5.032260E+00 -5.462560E+00
       198   8  1.097114E+02  8.479570E+01  2.085984E+01 -9.793133E+01 -5.003118E+00 -5.428514E+00
       199   1  1.206543E+02  1.049995E+02  5.237623E+01 -1.119280E+02 -6.254344E-01 -7.835539E-01
       199   2  1.144720E+02  9.909891E+01  4.702678E+01 -1.099135E+02 -5.705226E-01 -7.263167E-01
       199   3  1.269860E+02  9.866787E+01  5.237622E+01 -1.113043E+02 -7.184778E-01 -6.992244E-01
       199   4  1.206897E+02  9.288124E+01  4.702678E+01 -1.093011E+02 -6.668985E-01 -6.389668E-01
       199   5  1.229618E+02  1.073489E+02  5.377327E+01 -1.116277E+02 -4.086755E+00 -4.602532E+00
       199   6  1.167933E+02  1.014615E+02  4.843195E+01 -1.096186E+02 -4.031843E+00 -4.545295E+00
       199   7  1.292764E+02  1.010343E+02  5.377327E+01 -1.110058E+02 -4.179798E+00 -4.518203E+00
       199   8  1.229943E+02  9.526048E+01  4.843195E+01 -1.090079E+02 -4.128219E+00 -4.457945E+00
       200   1  1.237919E+02  1.076837E+02  6.330035E+01 -1.151691E+02  2.499058E-01  1.755435E-01
       200   2  1.177719E+02  1.019449E+02  5.831041E+01 -1.131589E+02  3.447627E-01  2.744173E-01
       200   3  1.303068E+02  1.011687E+02  6.330035E+01 -1.145274E+02  1.502030E-01  2.659089E-01
       200   4  1.241732E+02  9.554366E+01  5.831041E+01 -1.125284E+02  2.393030E-01  3.700003E-01
       200   5  1.272197E+02  1.112144E+02  6.538791E+01 -1.144337E+02 -2.685103E+00 -3.062739E+00
       200   6  1.212328E+02  1.055069E+02  6.041727E+01 -1.124364E+02 -2.590246E+00 -2.963866E+00
       200   7  1.336931E+02  1.047410E+02  6.538791E+01 -1.137962E+02 -2.784806E+00 -2.972374E+00
       200   8  1.275932E+02  9.914649E+01  6.041727E+01 -1.118100E+02 -2.695706E+00 -2.868283E+00
       201   1  8.967544E+01  5.377910E+01 -5.221745E+01 -6.583163E+01  3.187894E-01  3.043328E-01
       201   2  8.459159E+01  4.948997E+01 -5.660904E+01 -6.437417E+01  2.013896E-01  1.550755E-01
       201   3  9.337800E+01  5.007653E+01 -5.221745E+01 -6.470847E+01  1.986888E-01  3.934056E-01
       201   4  8.821219E+01  4.586938E+01 -5.660904E+01 -6.327588E+01  8.993777E-02  2.377338E-01
       201   5  8.765742E+01  5.074075E+01 -5.373436E+01 -6.770285E+01 -2.493634E+00 -3.487781E+00
       201   6  8.245497E+01  4.635561E+01 -5.819034E+01 -6.620396E+01 -2.611034E+00 -3.637039E+00
       201   7  9.146523E+01  4.693294E+01 -5.373436E+01 -6.654776E+01 -2.613735E+00 -3.398708E+00
       201   8  8.617848E+01  4.263211E+01 -5.819034E+01 -6.507445E+01 -2.722486E+00 -3.554380E+00
       202   1  9.225852E+01  5.501306E+01 -4.469270E+01 -6.830583E+01 -5.632550E-01 -8.707198E-01
       202   2  8.702886E+01  5.057752E+01 -4.943003E+01 -6.684944E+01 -6.307000E-01 -9.564666E-01
       202   3  9.610024E+01  5.117134E+01 -4.469270E+01 -6.714046E+01 -6.697225E-01 -7.917581E-01
       202   4  9.078866E+01  4.681772E+01 -4.943003E+01 -6.570892E+01 -7.321988E-01 -8.811899E-01
       202   5  9.145611E+01  5.355650E+01 -4.537039E+01 -6.950550E+01 -3.835139E+00 -5.282345E+00
       202   6  8.615321E+01  4.906168E+01 -5.014748E+01 -6.802353E+01 -3.902584E+00 -5.368092E+00
       202   7  9.536530E+01  4.964730E+01 -4.537039E+01 -6.831966E+01 -3.941607E+00 -5.203383E+00
       202   8  8.997905E+01  4.523584E+01 -5.014748E+01 -6.686297E+01 -4.004083E+00 -5.292815E+00
       203   1  9.718111E+01  5.759458E+01 -3.371041E+01 -7.259918E+01 -1.122328E+00 -1.616531E+00
       203   2  9.179596E+01  5.302342E+01 -3.862390E+01 -7.110639E+01 -1.154915E+00 -1.657961E+00
       203   3  1.012643E+02  5.351140E+01 -3.371041E+01 -7.136056E+01 -1.221129E+00 -1.543255E+00
       203   4  9.579519E+01  4.902419E+01 -3.862389E+01 -6.989323E+01 -1.251316E+00 -1.586466E+00
       203   5  9.724273E+01  5.725456E+01 -3.379392E+01 -7.333578E+01 -4.552345E+00 -6.241374E+00
       203   6  9.181422E+01  5.264830E+01 -3.873095E+01 -7.182783E+01 -4.584933E+00 -6.282804E+00
       203   7  1.013674E+02  5.312995E+01 -3.379392E+01 -7.208459E+01 -4.651147E+00 -6.168098E+00
       203   8  9.585403E+01  4.860849E+01 -3.873095E+01 -7.060237E+01 -4.681333E+00 -6.211309E+00
       204   1  1.047589E+02  6.175055E+01 -1.849593E+01 -7.887463E+01 -1.381145E+00 -1.961867E+00
       204   2  9.915927E+01  5.700484E+01 -2.353438E+01 -7.730857E+01 -1.388649E+00 -1.971408E+00
       204   3  1.091951E+02  5.731442E+01 -1.849593E+01 -7.752894E+01 -1.476464E+00 -1.891173E+00
       204   4  1.035073E+02  5.265679E+01 -2.353438E+01 -7.598960E+01 -1.483416E+00 -1.901124E+00
       204   5  1.054579E+02  6.222665E+01 -1.814339E+01 -7.928347E+01 -4.825839E+00 -6.606500E+00
       204   6  9.983506E+01  5.746212E+01 -2.319446E+01 -7.770929E+01 -4.833343E+00 -6.616040E+00
       204   7  1.099171E+02  5.776752E+01 -1.814339E+01 -7.793080E+01 -4.921159E+00 -6.535806E+00
       204   8  1.042057E+02  5.309153E+01 -2.319446E+01 -7.638348E+01 -4.928110E+00 -6.545756E+00
       205   1  1.149879E+02  6.751314E+01  1.119281E+00 -8.706574E+01 -1.362010E+00 -1.935595E+00
       205   2  1.091035E+02  6.254004E+01 -4.044493E+00 -8.539452E+01 -1.350733E+00 -1.921258E+00
       205   3  1.198847E+02  6.261631E+01  1.119281E+00 -8.558031E+01 -1.456878E+00 -1.865235E+00
       205   4  1.139064E+02  5.773721E+01 -4.044493E+00 -8.393760E+01 -1.446432E+00 -1.850282E+00
       205   5  1.161797E+02  6.861290E+01  1.806757E+00 -8.723461E+01 -4.756307E+00 -6.512275E+00
       205   6  1.102861E+02  6.363229E+01 -3.362054E+00 -8.556014E+01 -4.745031E+00 -6.497938E+00
       205   7  1.210861E+02  6.370657E+01  1.806757E+00 -8.574629E+01 -4.851176E+00 -6.441916E+00
       205   8  1.150982E+02  5.882014E+01 -3.362054E+00 -8.410039E+01 -4.840730E+00 -6.426963E+00
       206   1  1.278082E+02  7.487208E+01  2.516276E+01 -9.708157E+01 -1.080486E+00 -1.557971E+00
       206   2  1.215772E+02  6.962444E+01  1.986819E+01 -9.527806E+01 -1.052780E+00 -1.522746E+00
       206   3  1.332684E+02  6.941193E+01  2.516276E+01 -9.542526E+01 -1.177237E+00 -1.486216E+00
       206   4  1.269359E+02  6.426573E+01  1.986819E+01 -9.365251E+01 -1.151571E+00 -1.449477E+00
       206   5  1.294499E+02  7.653258E+01  2.615341E+01 -9.704705E+01 -4.375854E+00 -6.001259E+00
       206   6  1.232207E+02  7.128642E+01  2.085984E+01 -9.524417E+01 -4.348147E+00 -5.966035E+00
       206   7  1.349081E+02  7.107437E+01  2.615341E+01 -9.539132E+01 -4.472604E+00 -5.929504E+00
       206   8  1.285775E+02  6.592962E+01  2.085984E+01 -9.361921E+01 -4.446939E+00 -5.892766E+00
       207   1  1.423400E+02  8.331385E+01  5.237623E+01 -1.082502E+02 -5.456211E-01 -8.410842E-01
       207   2  1.357674E+02  7.780356E+01  4.702679E+01 -1.063019E+02 -4.965840E-01 -7.787403E-01
       207   3  1.484283E+02  7.722554E+01  5.237623E+01 -1.064034E+02 -6.464821E-01 -7.662805E-01
       207   4  1.417461E+02  7.182483E+01  4.702679E+01 -1.044883E+02 -6.010575E-01 -7.012574E-01
       207   5  1.445893E+02  8.572142E+01  5.377328E+01 -1.079599E+02 -3.615949E+00 -4.980942E+00
       207   6  1.380316E+02  8.022325E+01  4.843196E+01 -1.060168E+02 -3.566912E+00 -4.918598E+00
       207   7  1.506612E+02  7.964944E+01  5.377327E+01 -1.061180E+02 -3.716810E+00 -4.906138E+00
       207   8  1.439943E+02  7.426056E+01  4.843196E+01 -1.042080E+02 -3.671385E+00 -4.841115E+00
       208   1  1.461055E+02  8.537008E+01  6.330035E+01 -1.113849E+02  2.314960E-01  1.991934E-01
       208   2  1.396961E+02  8.002079E+01  5.831042E+01 -1.094407E+02  3.162048E-01  3.068886E-01
       208   3  1.523701E+02  7.910547E+01  6.330035E+01 -1.094845E+02  1.234159E-01  2.793509E-01
       208   4  1.458514E+02  7.386552E+01  5.831042E+01 -1.075736E+02  2.018842E-01  3.916745E-01
       208   5  1.493909E+02  8.904325E+01  6.538792E+01 -1.106737E+02 -2.371973E+00 -3.311177E+00
       208   6  1.430170E+02  8.372273E+01  6.041728E+01 -1.087420E+02 -2.287264E+00 -3.203482E+00
       208   7  1.556155E+02  8.281864E+01  6.538792E+01 -1.087855E+02 -2.480053E+00 -3.231020E+00
       208   8  1.491330E+02  7.760676E+01  6.041728E+01 -1.068867E+02 -2.401584E+00 -3.118696E+00
       209   1  1.021737E+02  4.128084E+01 -5.221745E+01 -6.106518E+01  2.874245E-01  3.341142E-01
       209   2  9.681314E+01  3.726842E+01 -5.660905E+01 -5.971324E+01  1.852198E-01  1.740683E-01
       209   3  1.055860E+02  3.786855E+01 -5.221745E+01 -5.924126E+01  1.591714E-01  4.109859E-01
       209   4  1.001499E+02  3.393167E+01 -5.660904E+01 -5.792971E+01  6.620261E-02  2.454042E-01
       209   5  1.005109E+02  3.788724E+01 -5.373437E+01 -6.280091E+01 -2.139764E+00 -3.715405E+00
       209   6  9.502391E+01  3.378667E+01 -5.819034E+01 -6.141055E+01 -2.241969E+00 -3.875451E+00
       209   7  1.040202E+02  3.437795E+01 -5.373436E+01 -6.092515E+01 -2.268017E+00 -3.638534E+00
       209   8  9.845551E+01  3.035508E+01 -5.819034E+01 -5.957632E+01 -2.360986E+00 -3.804116E+00
       210   1  1.052265E+02  4.204508E+01 -4.469270E+01 -6.336024E+01 -4.751973E-01 -9.217356E-01
       210   2  9.972034E+01  3.788605E+01 -4.943003E+01 -6.200930E+01 -5.339129E-01 -1.013680E+00
       210   3  1.087670E+02  3.850453E+01 -4.469270E+01 -6.146778E+01 -5.888918E-01 -8.535899E-01
       210   4  1.031854E+02  3.442099E+01 -4.943003E+01 -6.015719E+01 -6.423014E-01 -9.487149E-01
       210   5  1.046518E+02  4.036076E+01 -4.537039E+01 -6.447304E+01 -3.298912E+00 -5.632818E+00
       210   6  9.906759E+01  3.614730E+01 -5.014748E+01 -6.309838E+01 -3.357627E+00 -5.724763E+00
       210   7  1.082546E+02  3.675803E+01 -4.537040E+01 -6.254735E+01 -3.412606E+00 -5.564673E+00
       210   8  1.025935E+02  3.262138E+01 -5.014748E+01 -6.121374E+01 -3.466016E+00 -5.659798E+00
       211   1  1.109642E+02  4.381151E+01 -3.371041E+01 -6.734274E+01 -9.584757E-01 -1.718754E+00
       211   2  1.052956E+02  3.952375E+01 -3.862389E+01 -6.595802E+01 -9.868452E-01 -1.763179E+00
       211   3  1.147273E+02  4.004842E+01 -3.371041E+01 -6.533133E+01 -1.063984E+00 -1.655515E+00
       211   4  1.089813E+02  3.583804E+01 -3.862390E+01 -6.398797E+01 -1.089790E+00 -1.701477E+00
       211   5  1.111657E+02  4.333165E+01 -3.379392E+01 -6.802600E+01 -3.918663E+00 -6.657528E+00
       211   6  1.054509E+02  3.901167E+01 -3.873095E+01 -6.662723E+01 -3.947032E+00 -6.701953E+00
       211   7  1.149669E+02  3.953038E+01 -3.379392E+01 -6.599418E+01 -4.024171E+00 -6.594289E+00
       211   8  1.091740E+02  3.528856E+01 -3.873095E+01 -6.463719E+01 -4.049977E+00 -6.640250E+00
       212   1  1.197334E+02  4.677607E+01 -1.849593E+01 -7.316382E+01 -1.182198E+00 -2.087796E+00
       212   2  1.138364E+02  4.232768E+01 -2.353438E+01 -7.171115E+01 -1.188731E+00 -2.098026E+00
       212   3  1.238218E+02  4.268770E+01 -1.849593E+01 -7.097854E+01 -1.283988E+00 -2.026785E+00
       212   4  1.178436E+02  3.832049E+01 -2.353438E+01 -6.956926E+01 -1.289930E+00 -2.037369E+00
       212   5  1.205100E+02  4.717455E+01 -1.814339E+01 -7.354306E+01 -4.155051E+00 -7.047703E+00
       212   6  1.145883E+02  4.270889E+01 -2.319446E+01 -7.208285E+01 -4.161584E+00 -7.057933E+00
       212   7  1.246196E+02  4.306499E+01 -1.814340E+01 -7.134645E+01 -4.256841E+00 -6.986692E+00
       212   8  1.186163E+02  3.868092E+01 -2.319446E+01 -6.992986E+01 -4.262784E+00 -6.997276E+00
       213   1  1.315175E+02  5.098356E+01  1.119282E+00 -8.076187E+01 -1.165730E+00 -2.059774E+00
       213   2  1.253158E+02  4.632775E+01 -4.044492E+00 -7.921165E+01 -1.155912E+00 -2.044401E+00
       213   3  1.360304E+02  4.647062E+01  1.119281E+00 -7.834965E+01 -1.267038E+00 -1.999053E+00
       213   4  1.297422E+02  4.190143E+01 -4.044493E+00 -7.684573E+01 -1.258108E+00 -1.983148E+00
       213   5  1.327414E+02  5.205126E+01  1.806758E+00 -8.091851E+01 -4.095090E+00 -6.947117E+00
       213   6  1.265298E+02  4.738855E+01 -3.362053E+00 -7.936528E+01 -4.085273E+00 -6.931743E+00
       213   7  1.372631E+02  4.752956E+01  1.806757E+00 -7.850161E+01 -4.196398E+00 -6.886395E+00
       213   8  1.309647E+02  4.295365E+01 -3.362054E+00 -7.699477E+01 -4.187468E+00 -6.870490E+00
       214   1  1.462393E+02  5.644099E+01  2.516277E+01 -9.005251E+01 -9.225754E-01 -1.656375E+00
       214   2  1.396659E+02  5.153575E+01  1.986819E+01 -8.837958E+01 -8.984551E-01 -1.618604E+00
       214   3  1.512714E+02  5.140888E+01  2.516276E+01 -8.736280E+01 -1.025893E+00 -1.594448E+00
       214   4  1.446045E+02  4.659713E+01  1.986819E+01 -8.573983E+01 -1.003953E+00 -1.555371E+00
       214   5  1.478745E+02  5.810804E+01  2.615342E+01 -9.002049E+01 -3.766556E+00 -6.401270E+00
       214   6  1.413030E+02  5.320416E+01  2.085984E+01 -8.834815E+01 -3.742436E+00 -6.363499E+00
       214   7  1.529048E+02  5.307772E+01  2.615341E+01 -8.733173E+01 -3.869874E+00 -6.339344E+00
       214   8  1.462398E+02  4.826730E+01  2.085984E+01 -8.570934E+01 -3.847933E+00 -6.300266E+00
       215   1  1.628915E+02  6.276236E+01  5.237623E+01 -1.004125E+02 -4.605530E-01 -8.905142E-01
       215   2  1.559490E+02  5.762196E+01  4.702679E+01 -9.860528E+01 -4.178628E-01 -8.236641E-01
       215   3  1.685025E+02  5.715134E+01  5.237623E+01 -9.741338E+01 -5.682604E-01 -8.259568E-01
       215   4  1.614590E+02  5.211194E+01  4.702679E+01 -9.566011E+01 -5.294280E-01 -7.567945E-01
       215   5  1.650856E+02  6.522505E+01  5.377328E+01 -1.001432E+02 -3.110319E+00 -5.311382E+00
       215   6  1.581590E+02  6.009578E+01  4.843196E+01 -9.834079E+01 -3.067629E+00 -5.244532E+00
       215   7  1.706816E+02  5.962909E+01  5.377328E+01 -9.715209E+01 -3.218027E+00 -5.246825E+00
       215   8  1.636543E+02  5.460053E+01  4.843196E+01 -9.540352E+01 -3.179194E+00 -5.177662E+00
       216   1  1.672521E+02  6.422348E+01  6.330035E+01 -1.033202E+02  2.108570E-01  2.209247E-01
       216   2  1.604736E+02  5.924328E+01  5.831042E+01 -1.015168E+02  2.846019E-01  3.364043E-01
       216   3  1.730256E+02  5.844998E+01  6.330035E+01 -1.002342E+02  9.544061E-02  2.901026E-01
       216   4  1.661463E+02  5.357056E+01  5.831042E+01 -9.848470E+01  1.625214E-01  4.095765E-01
       216   5  1.704024E+02  6.803167E+01  6.538792E+01 -1.026605E+02 -2.035999E+00 -3.527727E+00
       216   6  1.636619E+02  6.307788E+01  6.041728E+01 -1.008687E+02 -1.962254E+00 -3.412248E+00
       216   7  1.761391E+02  6.229504E+01  6.538792E+01 -9.959422E+01 -2.151415E+00 -3.458549E+00
       216   8  1.692984E+02  5.744138E+01  6.041728E+01 -9.785589E+01 -2.084334E+00 -3.339076E+00
       217   1  1.135019E+02  2.995264E+01 -5.221746E+01 -5.395202E+01  2.532916E-01  3.606776E-01
       217   2  1.078905E+02  2.619101E+01 -5.660905E+01 -5.275757E+01  1.672662E-01  1.913846E-01
       217   3  1.164928E+02  2.696173E+01 -5.221746E+01 -5.149745E+01  1.181215E-01  4.246084E-01
       217   4  1.108152E+02  2.326632E+01 -5.660905E+01 -5.035734E+01  4.183003E-02  2.507115E-01
       217   5  1.121611E+02  2.623704E+01 -5.373437E+01 -5.548557E+01 -1.765287E+00 -3.907249E+00
       217   6  1.064162E+02  2.239440E+01 -5.819034E+01 -5.425717E+01 -1.851313E+00 -4.076542E+00
       217   7  1.152370E+02  2.316112E+01 -5.373437E+01 -5.296123E+01 -1.900457E+00 -3.843318E+00
       217   8  1.094240E+02  1.938658E+01 -5.819034E+01 -5.178871E+01 -1.976749E+00 -4.017215E+00
       218   1  1.169805E+02  3.029111E+01 -4.469270E+01 -5.597975E+01 -3.825632E-01 -9.638750E-01
       218   2  1.112237E+02  2.638269E+01 -4.943004E+01 -5.478617E+01 -4.319839E-01 -1.061132E+00
       218   3  1.200838E+02  2.718780E+01 -4.469270E+01 -5.343292E+01 -5.023896E-01 -9.072013E-01
       218   4  1.142608E+02  2.334555E+01 -4.943004E+01 -5.229365E+01 -5.462182E-01 -1.007103E+00
       218   5  1.166122E+02  2.840035E+01 -4.537040E+01 -5.696293E+01 -2.730914E+00 -5.929045E+00
       218   6  1.107730E+02  2.444191E+01 -5.014748E+01 -5.574839E+01 -2.780334E+00 -6.026302E+00
       218   7  1.197701E+02  2.524254E+01 -4.537040E+01 -5.437137E+01 -2.850740E+00 -5.872371E+00
       218   8  1.138635E+02  2.135142E+01 -5.014748E+01 -5.321209E+01 -2.894569E+00 -5.972273E+00
       219   1  1.234569E+02  3.131875E+01 -3.371041E+01 -5.949835E+01 -7.853930E-01 -1.804425E+00
       219   2  1.175315E+02  2.728788E+01 -3.862390E+01 -5.827493E+01 -8.092715E-01 -1.851417E+00
       219   3  1.267553E+02  2.802038E+01 -3.371041E+01 -5.679144E+01 -8.965915E-01 -1.751832E+00
       219   4  1.207621E+02  2.405732E+01 -3.862390E+01 -5.562369E+01 -9.177681E-01 -1.800102E+00
       219   5  1.237852E+02  3.071214E+01 -3.379392E+01 -6.010202E+01 -3.247241E+00 -7.009566E+00
       219   6  1.178109E+02  2.665164E+01 -3.873095E+01 -5.886619E+01 -3.271120E+00 -7.056558E+00
       219   7  1.271170E+02  2.738030E+01 -3.379392E+01 -5.736765E+01 -3.358440E+00 -6.956974E+00
       219   8  1.210742E+02  2.338831E+01 -3.873095E+01 -5.618805E+01 -3.379617E+00 -7.005243E+00
       220   1  1.333060E+02  3.320345E+01 -1.849593E+01 -6.464136E+01 -9.718652E-01 -2.193618E+00
       220   2  1.271396E+02  2.902454E+01 -2.353438E+01 -6.335791E+01 -9.773639E-01 -2.204440E+00
       220   3  1.368895E+02  2.961996E+01 -1.849593E+01 -6.170048E+01 -1.079145E+00 -2.142879E+00
       220   4  1.306519E+02  2.551221E+01 -2.353438E+01 -6.047541E+01 -1.084022E+00 -2.153994E+00
       220   5  1.341530E+02  3.353157E+01 -1.814339E+01 -6.497642E+01 -3.444248E+00 -7.421032E+00
       220   6  1.279604E+02  2.933679E+01 -2.319446E+01 -6.368631E+01 -3.449746E+00 -7.431853E+00
       220   7  1.377551E+02  2.992951E+01 -1.814340E+01 -6.202029E+01 -3.551528E+00 -7.370293E+00
       220   8  1.314909E+02  2.580625E+01 -2.319446E+01 -6.078887E+01 -3.556404E+00 -7.381408E+00
       221   1  1.464996E+02  3.600142E+01  1.119282E+00 -7.135436E+01 -9.582230E-01 -2.164118E+00
       221   2  1.400104E+02  3.163319E+01 -4.044492E+00 -6.998471E+01 -9.499600E-01 -2.147856E+00
       221   3  1.504553E+02  3.204580E+01  1.119285E+00 -6.810805E+01 -1.064995E+00 -2.113618E+00
       221   4  1.438901E+02  2.775349E+01 -4.044489E+00 -6.680072E+01 -1.057667E+00 -2.096915E+00
       221   5  1.477526E+02  3.704006E+01  1.806759E+00 -7.149275E+01 -3.394434E+00 -7.315053E+00
       221   6  1.412529E+02  3.266549E+01 -3.362053E+00 -7.012045E+01 -3.386171E+00 -7.298792E+00
       221   7  1.517159E+02  3.307676E+01  1.806762E+00 -6.824015E+01 -3.501206E+00 -7.264554E+00
       221   8  1.451401E+02  2.877827E+01 -3.362050E+00 -6.693028E+01 -3.493878E+00 -7.247850E+00
       222   1  1.629450E+02  3.973534E+01  2.516276E+01 -7.956279E+01 -7.557798E-01 -1.738827E+00
       222   2  1.560612E+02  3.514044E+01  1.986819E+01 -7.808472E+01 -7.354778E-01 -1.698874E+00
       222   3  1.673557E+02  3.532466E+01  2.516276E+01 -7.594304E+01 -8.646700E-01 -1.687326E+00
       222   4  1.603899E+02  3.081171E+01  1.986819E+01 -7.453222E+01 -8.466653E-01 -1.646286E+00
       222   5  1.645742E+02  4.140833E+01  2.615341E+01 -7.953449E+01 -3.120985E+00 -6.739633E+00
       222   6  1.576924E+02  3.681469E+01  2.085984E+01 -7.805695E+01 -3.100683E+00 -6.699680E+00
       222   7  1.689833E+02  3.699922E+01  2.615341E+01 -7.591603E+01 -3.229875E+00 -6.688132E+00
       222   8  1.620196E+02  3.248749E+01  2.085984E+01 -7.450572E+01 -3.211870E+00 -6.647092E+00
       223   1  1.815190E+02  4.413482E+01  5.237623E+01 -8.871602E+01 -3.710496E-01 -9.313681E-01
       223   2  1.742412E+02  3.932969E+01  4.702679E+01 -8.711929E+01 -3.351175E-01 -8.606555E-01
       223   3  1.864371E+02  3.921673E+01  5.237623E+01 -8.467984E+01 -4.845661E-01 -8.776786E-01
       223   4  1.790708E+02  3.450012E+01  4.702679E+01 -8.315575E+01 -4.526997E-01 -8.050430E-01
       223   5  1.836632E+02  4.664748E+01  5.377328E+01 -8.847805E+01 -2.574736E+00 -5.590671E+00
       223   6  1.764022E+02  4.185257E+01  4.843196E+01 -8.688561E+01 -2.538804E+00 -5.519958E+00
       223   7  1.885681E+02  4.174258E+01  5.377328E+01 -8.445270E+01 -2.688252E+00 -5.536981E+00
       223   8  1.812189E+02  3.703595E+01  4.843196E+01 -8.293271E+01 -2.656386E+00 -5.464345E+00
       224   1  1.864190E+02  4.505654E+01  6.330035E+01 -9.128499E+01  1.881873E-01  2.405286E-01
       224   2  1.793060E+02  4.041089E+01  5.831042E+01 -8.969169E+01  2.502580E-01  3.626804E-01
       224   3  1.914795E+02  3.999603E+01  6.330035E+01 -8.713193E+01  6.654609E-02  2.980608E-01
       224   4  1.842782E+02  3.543870E+01  5.831042E+01 -8.561113E+01  1.215933E-01  4.235344E-01
       224   5  1.894470E+02  4.898711E+01  6.538792E+01 -9.070214E+01 -1.680417E+00 -3.710303E+00
       224   6  1.823740E+02  4.436573E+01  6.041728E+01 -8.911902E+01 -1.618346E+00 -3.588151E+00
       224   7  1.944752E+02  4.395891E+01  6.538792E+01 -8.657561E+01 -1.802058E+00 -3.652771E+00
       224   8  1.873145E+02  3.942529E+01  6.041728E+01 -8.506451E+01 -1.747011E+00 -3.527297E+00
       225   1  1.232247E+02  2.022981E+01 -5.221745E+01 -4.476553E+01  2.167196E-01  3.837678E-01
       225   2  1.173981E+02  1.668344E+01 -5.660904E+01 -4.377446E+01  1.477020E-01  2.068580E-01
       225   3  1.256793E+02  1.777524E+01 -5.221746E+01 -4.177463E+01  7.593393E-02  4.341417E-01
       225   4  1.197983E+02  1.428321E+01 -5.660905E+01 -4.084977E+01  1.705475E-02  2.536043E-01
       225   5  1.221603E+02  1.623785E+01 -5.373436E+01 -4.603796E+01 -1.373809E+00 -4.061462E+00
       225   6  1.161940E+02  1.261658E+01 -5.819034E+01 -4.501871E+01 -1.442827E+00 -4.238372E+00
       225   7  1.246846E+02  1.371350E+01 -5.373437E+01 -4.296204E+01 -1.514595E+00 -4.011089E+00
       225   8  1.186625E+02  1.014812E+01 -5.819034E+01 -4.201090E+01 -1.573474E+00 -4.191626E+00
       226   1  1.270687E+02  2.020286E+01 -4.469270E+01 -4.644799E+01 -2.862447E-01 -9.967314E-01
       226   2  1.210968E+02  1.650954E+01 -4.943003E+01 -4.545765E+01 -3.258947E-01 -1.098364E+00
       226   3  1.296155E+02  1.765605E+01 -4.469270E+01 -4.334467E+01 -4.110491E-01 -9.520756E-01
       226   4  1.235894E+02  1.401702E+01 -4.943003E+01 -4.242050E+01 -4.448746E-01 -1.055792E+00
       226   5  1.268777E+02  1.813492E+01 -4.537040E+01 -4.726376E+01 -2.136616E+00 -6.168171E+00
       226   6  1.208195E+02  1.439535E+01 -5.014748E+01 -4.625602E+01 -2.176265E+00 -6.269804E+00
       226   7  1.294692E+02  1.554338E+01 -4.537039E+01 -4.410594E+01 -2.261420E+00 -6.123515E+00
       226   8  1.233558E+02  1.185906E+01 -5.014748E+01 -4.316553E+01 -2.295245E+00 -6.227232E+00
       227   1  1.341793E+02  2.059640E+01 -3.371041E+01 -4.936747E+01 -6.047464E-01 -1.872719E+00
       227   2  1.280334E+02  1.678600E+01 -3.862389E+01 -4.835236E+01 -6.239040E-01 -1.921824E+00
       227   3  1.368862E+02  1.788950E+01 -3.371041E+01 -4.606909E+01 -7.205645E-01 -1.831278E+00
       227   4  1.306846E+02  1.413476E+01 -3.862390E+01 -4.512181E+01 -7.369079E-01 -1.881391E+00
       227   5  1.346163E+02  1.988100E+01 -3.379392E+01 -4.986835E+01 -2.544547E+00 -7.294099E+00
       227   6  1.284193E+02  1.604322E+01 -3.873095E+01 -4.884295E+01 -2.563705E+00 -7.343205E+00
       227   7  1.373507E+02  1.714663E+01 -3.379392E+01 -4.653651E+01 -2.660365E+00 -7.252658E+00
       227   8  1.310975E+02  1.336507E+01 -3.873095E+01 -4.557962E+01 -2.676709E+00 -7.302771E+00
       228   1  1.449552E+02  2.155426E+01 -1.849593E+01 -5.363477E+01 -7.521731E-01 -2.278315E+00
       228   2  1.385575E+02  1.760665E+01 -2.353437E+01 -5.256985E+01 -7.565848E-01 -2.289623E+00
       228   3  1.478961E+02  1.861338E+01 -1.849593E+01 -5.005129E+01 -8.639097E-01 -2.238335E+00
       228   4  1.414400E+02  1.472416E+01 -2.353437E+01 -4.905752E+01 -8.676733E-01 -2.249875E+00
       228   5  1.458626E+02  2.182200E+01 -1.814339E+01 -5.391278E+01 -2.700274E+00 -7.722893E+00
       228   6  1.394375E+02  1.785972E+01 -2.319445E+01 -5.284234E+01 -2.704686E+00 -7.734201E+00
       228   7  1.488187E+02  1.886588E+01 -1.814339E+01 -5.031072E+01 -2.812011E+00 -7.682913E+00
       228   8  1.423349E+02  1.496228E+01 -2.319445E+01 -4.931180E+01 -2.815775E+00 -7.694453E+00
       229   1  1.593586E+02  2.314247E+01  1.119284E+00 -5.920473E+01 -7.414883E-01 -2.247619E+00
       229   2  1.526225E+02  1.902107E+01 -4.044491E+00 -5.806830E+01 -7.348589E-01 -2.230626E+00
       229   3  1.626049E+02  1.989618E+01  1.119284E+00 -5.524911E+01 -8.526961E-01 -2.207828E+00
       229   4  1.558065E+02  1.583708E+01 -4.044491E+00 -5.418860E+01 -8.470406E-01 -2.190487E+00
       229   5  1.606365E+02  2.415617E+01  1.806760E+00 -5.931956E+01 -2.661088E+00 -7.612542E+00
       229   6  1.538895E+02  2.002891E+01 -3.362052E+00 -5.818093E+01 -2.654459E+00 -7.595549E+00
       229   7  1.638891E+02  2.090358E+01  1.806761E+00 -5.535626E+01 -2.772296E+00 -7.572751E+00
       229   8  1.570796E+02  1.683875E+01 -3.362051E+00 -5.429370E+01 -2.766641E+00 -7.555410E+00
       230   1  1.772832E+02  2.539713E+01  2.516277E+01 -6.601550E+01 -5.817056E-01 -1.804534E+00
       230   2  1.701331E+02  2.106860E+01  1.986820E+01 -6.478911E+01 -5.654174E-01 -1.762783E+00
       230   3  1.809030E+02  2.177738E+01  2.516277E+01 -6.160483E+01 -6.951194E-01 -1.763953E+00
       230   4  1.736856E+02  1.751610E+01  1.986820E+01 -6.046038E+01 -6.812240E-01 -1.721347E+00
       230   5  1.789073E+02  2.707522E+01  2.615342E+01 -6.599202E+01 -2.445357E+00 -7.013090E+00
       230   6  1.717593E+02  2.274785E+01  2.085984E+01 -6.476607E+01 -2.429069E+00 -6.971339E+00
       230   7  1.825257E+02  2.345676E+01  2.615342E+01 -6.158292E+01 -2.558771E+00 -6.972510E+00
       230   8  1.753105E+02  1.919662E+01  2.085984E+01 -6.043887E+01 -2.544875E+00 -6.929903E+00
       231   1  1.975068E+02  2.814708E+01  5.237623E+01 -7.361020E+01 -2.779727E-01 -9.632524E-01
       231   2  1.899412E+02  2.362970E+01  4.702679E+01 -7.228535E+01 -2.491445E-01 -8.893583E-01
       231   3  2.015429E+02  2.411091E+01  5.237623E+01 -6.869210E+01 -3.962050E-01 -9.209482E-01
       231   4  1.939048E+02  1.966617E+01  4.702679E+01 -6.745577E+01 -3.716116E-01 -8.455389E-01
       231   5  1.996080E+02  3.070263E+01  5.377328E+01 -7.341276E+01 -2.014356E+00 -5.816118E+00
       231   6  1.920601E+02  2.619470E+01  4.843196E+01 -7.209146E+01 -1.985528E+00 -5.742224E+00
       231   7  2.036334E+02  2.667728E+01  5.377328E+01 -6.850785E+01 -2.132588E+00 -5.773814E+00
       231   8  1.960130E+02  2.224180E+01  4.843196E+01 -6.727484E+01 -2.107995E+00 -5.698405E+00
       232   1  2.028697E+02  2.860584E+01  6.330036E+01 -7.574175E+01  1.637055E-01  2.578162E-01
       232   2  1.954696E+02  2.424733E+01  5.831043E+01 -7.441975E+01  2.135044E-01  3.854637E-01
       232   3  2.070228E+02  2.445280E+01  6.330036E+01 -7.068124E+01  3.701076E-02  3.031482E-01
       232   4  1.995502E+02  2.016677E+01  5.831043E+01 -6.944757E+01  7.949440E-02  4.334132E-01
       232   5  2.057927E+02  3.264145E+01  6.538792E+01 -7.525815E+01 -1.308652E+00 -3.857146E+00
       232   6  1.984344E+02  2.830537E+01  6.041729E+01 -7.394459E+01 -1.258853E+00 -3.729499E+00
       232   7  2.099192E+02  2.851492E+01  6.538792E+01 -7.022995E+01 -1.435346E+00 -3.811814E+00
       232   8  2.024889E+02  2.425087E+01  6.041729E+01 -6.900415E+01 -1.392863E+00 -3.681549E+00
       233   1  1.309685E+02  1.248601E+01 -5.221745E+01 -3.385872E+01  1.780600E-01  4.031621E-01
       233   2  1.249705E+02  9.111075E+00 -5.660904E+01 -3.310912E+01  1.267150E-01  2.203393E-01
       233   3  1.327925E+02  1.066209E+01 -5.221745E+01 -3.044642E+01  3.301472E-02  4.394940E-01
       233   4  1.267540E+02  7.327535E+00 -5.660904E+01 -2.977236E+01 -7.885130E-03  2.540548E-01
       233   5  1.301243E+02  8.273937E+00 -5.373436E+01 -3.482113E+01 -9.691012E-01 -4.176562E+00
       233   6  1.239816E+02  4.828976E+00 -5.819033E+01 -3.405022E+01 -1.020446E+00 -4.359385E+00
       233   7  1.320000E+02  6.398174E+00 -5.373436E+01 -3.131183E+01 -1.114146E+00 -4.140230E+00
       233   8  1.258159E+02  2.994741E+00 -5.819034E+01 -3.061861E+01 -1.155046E+00 -4.325669E+00
       234   1  1.351036E+02  1.216801E+01 -4.469270E+01 -3.513126E+01 -1.871697E-01 -1.019989E+00
       234   2  1.289604E+02  8.646003E+00 -4.943003E+01 -3.438220E+01 -2.166668E-01 -1.125018E+00
       234   3  1.369960E+02  1.027555E+01 -4.469270E+01 -3.159071E+01 -3.157502E-01 -9.877810E-01
       234   4  1.308125E+02  6.793891E+00 -4.943003E+01 -3.091714E+01 -3.392467E-01 -1.094314E+00
       234   5  1.350537E+02  9.958956E+00 -4.537039E+01 -3.574827E+01 -1.521741E+00 -6.347895E+00
       234   6  1.288212E+02  6.393709E+00 -5.014748E+01 -3.498606E+01 -1.551238E+00 -6.452925E+00
       234   7  1.369794E+02  8.033255E+00 -4.537039E+01 -3.214554E+01 -1.650321E+00 -6.315687E+00
       234   8  1.307058E+02  4.509068E+00 -5.014748E+01 -3.146015E+01 -1.673818E+00 -6.422220E+00
       235   1  1.427192E+02  1.205652E+01 -3.371040E+01 -3.733943E+01 -4.182759E-01 -1.922976E+00
       235   2  1.363977E+02  8.421724E+00 -3.862389E+01 -3.657164E+01 -4.325280E-01 -1.973723E+00
       235   3  1.447306E+02  1.004511E+01 -3.371040E+01 -3.357634E+01 -5.375982E-01 -1.893088E+00
       235   4  1.383677E+02  6.451669E+00 -3.862389E+01 -3.288593E+01 -5.489509E-01 -1.944561E+00
       235   5  1.432428E+02  1.125448E+01 -3.379392E+01 -3.771827E+01 -1.817348E+00 -7.508385E+00
       235   6  1.368685E+02  7.594074E+00 -3.873095E+01 -3.694270E+01 -1.831600E+00 -7.559132E+00
       235   7  1.452747E+02  9.222655E+00 -3.379392E+01 -3.391700E+01 -1.936670E+00 -7.478496E+00
       235   8  1.388585E+02  5.604031E+00 -3.873095E+01 -3.321960E+01 -1.948023E+00 -7.529969E+00
       236   1  1.542333E+02  1.227620E+01 -1.849593E+01 -4.056703E+01 -5.252373E-01 -2.341070E+00
       236   2  1.476513E+02  8.512803E+00 -2.353437E+01 -3.976157E+01 -5.285193E-01 -2.352756E+00
       236   3  1.564186E+02  1.009092E+01 -1.849593E+01 -3.647867E+01 -6.403547E-01 -2.312235E+00
       236   4  1.497932E+02  6.370914E+00 -2.353437E+01 -3.575438E+01 -6.429690E-01 -2.324088E+00
       236   5  1.551888E+02  1.249585E+01 -1.814339E+01 -4.077731E+01 -1.930296E+00 -7.950379E+00
       236   6  1.485785E+02  8.718734E+00 -2.319445E+01 -3.996767E+01 -1.933578E+00 -7.962065E+00
       236   7  1.573854E+02  1.029924E+01 -1.814339E+01 -3.666775E+01 -2.045413E+00 -7.921543E+00
       236   8  1.507315E+02  6.565742E+00 -2.319445E+01 -3.593971E+01 -2.048028E+00 -7.933396E+00
       237   1  1.696002E+02  1.290089E+01  1.119286E+00 -4.477991E+01 -5.176126E-01 -2.309475E+00
       237   2  1.626675E+02  8.976067E+00 -4.044489E+00 -4.392036E+01 -5.126807E-01 -2.291914E+00
       237   3  1.720124E+02  1.048866E+01  1.119282E+00 -4.026697E+01 -6.321851E-01 -2.280776E+00
       237   4  1.650334E+02  6.610143E+00 -4.044493E+00 -3.949404E+01 -6.282565E-01 -2.262964E+00
       237   5  1.708979E+02  1.389472E+01  1.806763E+00 -4.486676E+01 -1.902115E+00 -7.836718E+00
       237   6  1.639540E+02  9.964423E+00 -3.362049E+00 -4.400554E+01 -1.897183E+00 -7.819157E+00
       237   7  1.733148E+02  1.147782E+01  1.806759E+00 -4.034506E+01 -2.016687E+00 -7.808019E+00
       237   8  1.663245E+02  7.593910E+00 -3.362053E+00 -3.957064E+01 -2.012759E+00 -7.790207E+00
       238   1  1.887030E+02  1.397736E+01  2.516276E+01 -4.993128E+01 -4.020292E-01 -1.852861E+00
       238   2  1.813407E+02  9.860987E+00  1.986819E+01 -4.900369E+01 -3.899118E-01 -1.809715E+00
       238   3  1.913927E+02  1.128765E+01  2.516277E+01 -4.489918E+01 -5.188745E-01 -1.823593E+00
       238   4  1.839804E+02  7.221246E+00  1.986820E+01 -4.406507E+01 -5.092221E-01 -1.779829E+00
       238   5  1.903230E+02  1.565951E+01  2.615341E+01 -4.991353E+01 -1.746179E+00 -7.219007E+00
       238   6  1.829629E+02  1.154422E+01  2.085984E+01 -4.898627E+01 -1.734061E+00 -7.175861E+00
       238   7  1.930117E+02  1.297076E+01  2.615342E+01 -4.488321E+01 -1.863024E+00 -7.189739E+00
       238   8  1.856017E+02  8.905419E+00  2.085984E+01 -4.404940E+01 -1.853372E+00 -7.145975E+00
       239   1  2.102403E+02  1.541355E+01  5.237623E+01 -5.567558E+01 -1.822188E-01 -9.858602E-01
       239   2  2.024456E+02  1.112535E+01  4.702679E+01 -5.467352E+01 -1.607724E-01 -9.094962E-01
       239   3  2.132395E+02  1.241440E+01  5.237623E+01 -5.006457E+01 -3.040284E-01 -9.553486E-01
       239   4  2.053907E+02  8.180177E+00  4.702679E+01 -4.916350E+01 -2.869448E-01 -8.778918E-01
       239   5  2.123074E+02  1.800325E+01  5.377328E+01 -5.552625E+01 -1.434577E+00 -5.985553E+00
       239   6  2.045309E+02  1.372389E+01  4.843196E+01 -5.452687E+01 -1.413130E+00 -5.909189E+00
       239   7  2.152985E+02  1.501214E+01  5.377328E+01 -4.993028E+01 -1.556386E+00 -5.955042E+00
       239   8  2.074682E+02  1.078661E+01  4.843196E+01 -4.903163E+01 -1.539303E+00 -5.877585E+00
       240   1  2.159720E+02  1.550358E+01  6.330035E+01 -5.728780E+01  1.376469E-01  2.726205E-01
       240   2  2.083432E+02  1.137374E+01  5.831042E+01 -5.628789E+01  1.746944E-01  4.045345E-01
       240   3  2.190580E+02  1.241758E+01  6.330035E+01 -5.151430E+01  7.118888E-03  3.053160E-01
       240   4  2.113753E+02  8.341609E+00  5.831042E+01 -5.061517E+01  3.662978E-02  4.391179E-01
       240   5  2.188113E+02  1.962284E+01  6.538792E+01 -5.692202E+01 -9.242835E-01 -3.966843E+00
       240   6  2.112258E+02  1.551398E+01  6.041728E+01 -5.592850E+01 -8.872360E-01 -3.834929E+00
       240   7  2.218776E+02  1.655654E+01  6.538792E+01 -5.118539E+01 -1.054811E+00 -3.934148E+00
       240   8  2.142385E+02  1.250121E+01  6.041728E+01 -5.029199E+01 -1.025301E+00 -3.800346E+00
       241   1  1.364357E+02  7.018793E+00 -5.221745E+01 -2.165073E+01  1.376854E-01  4.186738E-01
       241   2  1.303167E+02  3.764902E+00 -5.660904E+01 -2.117140E+01  1.045075E-01  2.316986E-01
       241   3  1.375589E+02  5.895634E+00 -5.221745E+01 -1.794817E+01 -1.022252E-02  4.406139E-01
       241   4  1.314150E+02  2.666609E+00 -5.660904E+01 -1.755081E+01 -3.274916E-02  2.520587E-01
       241   5  1.357468E+02  2.651317E+00 -5.373436E+01 -2.226614E+01 -5.550605E-01 -4.251439E+00
       241   6  1.294797E+02 -6.691579E-01 -5.819034E+01 -2.177318E+01 -5.882384E-01 -4.438414E+00
       241   7  1.369019E+02  1.496234E+00 -5.373436E+01 -1.845833E+01 -7.029685E-01 -4.229499E+00
       241   8  1.306093E+02 -1.798669E+00 -5.819034E+01 -1.804968E+01 -7.254951E-01 -4.418054E+00
       242   1  1.407763E+02  6.495333E+00 -4.469270E+01 -2.246445E+01 -8.629217E-02 -1.033423E+00
       242   2  1.345121E+02  3.094273E+00 -4.943003E+01 -2.198547E+01 -1.053526E-01 -1.140838E+00
       242   3  1.419416E+02  5.329956E+00 -4.469270E+01 -1.862273E+01 -2.174104E-01 -1.013973E+00
       242   4  1.356526E+02  1.953744E+00 -4.943003E+01 -1.822567E+01 -2.303517E-01 -1.122296E+00
       242   5  1.408260E+02  4.186645E+00 -4.537039E+01 -2.285900E+01 -8.922107E-01 -6.466484E+00
       242   6  1.344704E+02  7.444729E-01 -5.014748E+01 -2.237161E+01 -9.112711E-01 -6.573900E+00
       242   7  1.420118E+02  3.000800E+00 -4.537039E+01 -1.894981E+01 -1.023329E+00 -6.447035E+00
       242   8  1.356310E+02 -4.160873E-01 -5.014748E+01 -1.854577E+01 -1.036270E+00 -6.555358E+00
       243   1  1.487484E+02  6.027280E+00 -3.371041E+01 -2.387645E+01 -2.277772E-01 -1.954715E+00
       243   2  1.423029E+02  2.516453E+00 -3.862390E+01 -2.338550E+01 -2.369866E-01 -2.006615E+00
       243   3  1.499870E+02  4.788664E+00 -3.371040E+01 -1.979326E+01 -3.494545E-01 -1.936666E+00
       243   4  1.435161E+02  1.303306E+00 -3.862389E+01 -1.938627E+01 -3.557073E-01 -1.989004E+00
       243   5  1.493332E+02  5.164058E+00 -3.379392E+01 -2.411870E+01 -1.072646E+00 -7.650361E+00
       243   6  1.428336E+02  1.628888E+00 -3.873095E+01 -2.362277E+01 -1.081856E+00 -7.702261E+00
       243   7  1.505844E+02  3.912875E+00 -3.379392E+01 -1.999409E+01 -1.194324E+00 -7.632312E+00
       243   8  1.440591E+02  4.034325E-01 -3.873095E+01 -1.958296E+01 -1.200577E+00 -7.684650E+00
       244   1  1.607837E+02  5.725796E+00 -1.849593E+01 -2.594032E+01 -2.932432E-01 -2.381279E+00
       244   2  1.540717E+02  2.092462E+00 -2.353437E+01 -2.542528E+01 -2.953639E-01 -2.393231E+00
       244   3  1.621294E+02  4.380104E+00 -1.849593E+01 -2.150419E+01 -4.106326E-01 -2.363866E+00
       244   4  1.553906E+02  7.734890E-01 -2.353438E+01 -2.107722E+01 -4.120725E-01 -2.375919E+00
       244   5  1.617731E+02  5.911494E+00 -1.814339E+01 -2.607478E+01 -1.141728E+00 -8.101297E+00
       244   6  1.550321E+02  2.265113E+00 -2.319445E+01 -2.555707E+01 -1.143848E+00 -8.113249E+00
       244   7  1.631258E+02  4.558828E+00 -1.814339E+01 -2.161565E+01 -1.259117E+00 -8.083884E+00
       244   8  1.563579E+02  9.393037E-01 -2.319445E+01 -2.118647E+01 -1.260557E+00 -8.095937E+00
       245   1  1.768308E+02  5.670223E+00  1.119284E+00 -2.863422E+01 -2.887521E-01 -2.349089E+00
       245   2  1.697594E+02  1.884197E+00 -4.044491E+00 -2.808459E+01 -2.855652E-01 -2.331129E+00
       245   3  1.783163E+02  4.184790E+00  1.119285E+00 -2.373739E+01 -4.055859E-01 -2.331758E+00
       245   4  1.712163E+02  4.272757E-01 -4.044490E+00 -2.328175E+01 -4.034221E-01 -2.313647E+00
       245   5  1.781426E+02  6.650034E+00  1.806761E+00 -2.868976E+01 -1.124823E+00 -7.985422E+00
       245   6  1.710596E+02  2.858798E+00 -3.362052E+00 -2.813906E+01 -1.121636E+00 -7.967462E+00
       245   7  1.796309E+02  5.161719E+00  1.806762E+00 -2.378343E+01 -1.241657E+00 -7.968091E+00
       245   8  1.725193E+02  1.399051E+00 -3.362050E+00 -2.332691E+01 -1.239493E+00 -7.949980E+00
       246   1  1.967654E+02  5.914903E+00  2.516276E+01 -3.192823E+01 -2.184812E-01 -1.883345E+00
       246   2  1.892533E+02  1.948306E+00  1.986819E+01 -3.133509E+01 -2.106511E-01 -1.839219E+00
       246   3  1.984217E+02  4.258589E+00  2.516276E+01 -2.646808E+01 -3.376327E-01 -1.865671E+00
       246   4  1.908789E+02  3.227613E-01  1.986819E+01 -2.597638E+01 -3.323163E-01 -1.821172E+00
       246   5  1.983826E+02  7.599921E+00  2.615341E+01 -3.191688E+01 -1.030184E+00 -7.355401E+00
       246   6  1.908728E+02  3.634355E+00  2.085984E+01 -3.132395E+01 -1.022354E+00 -7.311275E+00
       246   7  2.000383E+02  5.944195E+00  2.615341E+01 -2.645867E+01 -1.149335E+00 -7.337727E+00
       246   8  1.924977E+02  2.009388E+00  2.085984E+01 -2.596714E+01 -1.144019E+00 -7.293228E+00
       247   1  2.192303E+02  6.423552E+00  5.237623E+01 -3.560139E+01 -8.471029E-02 -9.989737E-01
       247   2  2.112738E+02  2.297156E+00  4.702679E+01 -3.496062E+01 -7.085201E-02 -9.208754E-01
       247   3  2.210772E+02  4.576682E+00  5.237623E+01 -2.951308E+01 -2.089240E-01 -9.805486E-01
       247   4  2.130874E+02  4.835271E-01  4.702679E+01 -2.898190E+01 -1.995147E-01 -9.017903E-01
       247   5  2.212733E+02  9.037367E+00  5.377328E+01 -3.550589E+01 -8.409821E-01 -6.097344E+00
       247   6  2.133355E+02  4.919371E+00  4.843196E+01 -3.486685E+01 -8.271238E-01 -6.019246E+00
       247   7  2.231152E+02  7.195452E+00  5.377328E+01 -2.943392E+01 -9.651959E-01 -6.078919E+00
       247   8  2.151442E+02  3.110607E+00  4.843196E+01 -2.890416E+01 -9.557866E-01 -6.000161E+00
       248   1  2.252223E+02  6.253261E+00  6.330036E+01 -3.663230E+01  1.102625E-01  2.847994E-01
       248   2  2.174320E+02  2.284883E+00  5.831042E+01 -3.599292E+01  1.342018E-01  4.197096E-01
       248   3  2.271227E+02  4.352914E+00  6.330036E+01 -3.036770E+01 -2.284169E-02  3.045435E-01
       248   4  2.192992E+02  4.177048E-01  5.831042E+01 -2.983765E+01 -6.587751E-03  4.405936E-01
       248   5  2.280025E+02  1.043158E+01  6.538792E+01 -3.639841E+01 -5.310143E-01 -4.038338E+00
       248   6  2.202566E+02  6.483155E+00  6.041728E+01 -3.576311E+01 -5.070750E-01 -3.903428E+00
       248   7  2.298908E+02  8.543369E+00  6.538792E+01 -3.017380E+01 -6.641185E-01 -4.018594E+00
       248   8  2.221119E+02  4.627899E+00  6.041728E+01 -2.964715E+01 -6.478646E-01 -3.882544E+00
       249   1  1.394162E+02  4.038299E+00 -5.221746E+01 -8.610719E+00  9.598540E-02  4.301533E-01
       249   2  1.332312E+02  8.503956E-01 -5.660905E+01 -8.420085E+00  8.129397E-02  2.408265E-01
       249   3  1.397955E+02  3.659055E+00 -5.221746E+01 -4.760188E+00 -5.336083E-02  4.374902E-01
       249   4  1.336020E+02  4.795477E-01 -5.660905E+01 -4.654802E+00 -5.729737E-02  2.476350E-01
       249   5  1.388120E+02 -4.138949E-01 -5.373437E+01 -8.855473E+00 -1.356735E-01 -4.285373E+00
       249   6  1.324771E+02 -3.666507E+00 -5.819034E+01 -8.659420E+00 -1.503649E-01 -4.474700E+00
       249   7  1.392021E+02 -8.039185E-01 -5.373437E+01 -4.895493E+00 -2.850198E-01 -4.278036E+00
       249   8  1.328585E+02 -4.047896E+00 -5.819034E+01 -4.787111E+00 -2.889563E-01 -4.467891E+00
       250   1  1.438688E+02  3.402816E+00 -4.469270E+01 -8.934346E+00  1.541650E-02 -1.036905E+00
       250   2  1.375387E+02  6.769432E-02 -4.943003E+01 -8.743852E+00  6.976461E-03 -1.145671E+00
       250   3  1.442623E+02  3.009316E+00 -4.469270E+01 -4.939095E+00 -1.169768E-01 -1.030401E+00
       250   4  1.379238E+02 -3.174156E-01 -4.943004E+01 -4.833786E+00 -1.192382E-01 -1.139471E+00
       250   5  1.439728E+02  1.039813E+00 -4.537040E+01 -9.091261E+00 -2.540882E-01 -6.522798E+00
       250   6  1.375502E+02 -2.335262E+00 -5.014748E+01 -8.897421E+00 -2.625282E-01 -6.631565E+00
       250   7  1.443732E+02  6.394023E-01 -4.537040E+01 -5.025841E+00 -3.864814E-01 -6.516295E+00
       250   8  1.379420E+02 -2.727135E+00 -5.014748E+01 -4.918683E+00 -3.887429E-01 -6.625364E+00
       251   1  1.520353E+02  2.740388E+00 -3.371041E+01 -9.495915E+00 -3.508489E-02 -1.967629E+00
       251   2  1.455222E+02 -7.028526E-01 -3.862390E+01 -9.300658E+00 -3.916285E-02 -2.020181E+00
       251   3  1.524535E+02  2.322156E+00 -3.371041E+01 -5.249542E+00 -1.579454E-01 -1.961593E+00
       251   4  1.459319E+02 -1.112484E+00 -3.862390E+01 -5.141600E+00 -1.590381E-01 -2.014292E+00
       251   5  1.526535E+02  1.843817E+00 -3.379392E+01 -9.592261E+00 -3.176149E-01 -7.718660E+00
       251   6  1.460856E+02 -1.623081E+00 -3.873095E+01 -9.395023E+00 -3.216929E-01 -7.771213E+00
       251   7  1.530760E+02  1.421342E+00 -3.379392E+01 -5.302804E+00 -4.404754E-01 -7.712625E+00
       251   8  1.464994E+02 -2.036869E+00 -3.873095E+01 -5.193767E+00 -4.415681E-01 -7.765324E+00
       252   1  1.643547E+02  2.154785E+00 -1.849593E+01 -1.031674E+01 -5.842500E-02 -2.398556E+00
       252   2  1.575718E+02 -1.407647E+00 -2.353437E+01 -1.011190E+01 -5.936406E-02 -2.410658E+00
       252   3  1.648091E+02  1.700396E+00 -1.849593E+01 -5.703311E+00 -1.769559E-01 -2.392733E+00
       252   4  1.580171E+02 -1.853013E+00 -2.353438E+01 -5.590071E+00 -1.772075E-01 -2.404868E+00
       252   5  1.653626E+02  2.321973E+00 -1.814339E+01 -1.037021E+01 -3.421640E-01 -8.174196E+00
       252   6  1.585503E+02 -1.253138E+00 -2.319445E+01 -1.016431E+01 -3.431031E-01 -8.186298E+00
       252   7  1.658194E+02  1.865230E+00 -1.814340E+01 -5.732874E+00 -4.606949E-01 -8.168373E+00
       252   8  1.589980E+02 -1.700813E+00 -2.319446E+01 -5.619046E+00 -4.609465E-01 -8.180509E+00
       253   1  1.807727E+02  1.728362E+00  1.119282E+00 -1.138813E+01 -5.711071E-02 -2.366080E+00
       253   2  1.736256E+02 -1.982001E+00 -4.044493E+00 -1.116954E+01 -5.569956E-02 -2.347895E+00
       253   3  1.812743E+02  1.226792E+00  1.119282E+00 -6.295599E+00 -1.750806E-01 -2.360285E+00
       253   4  1.741175E+02 -2.473944E+00 -4.044492E+00 -6.174755E+00 -1.747025E-01 -2.342048E+00
       253   5  1.820921E+02  2.700527E+00  1.806759E+00 -1.141022E+01 -3.366986E-01 -8.057222E+00
       253   6  1.749333E+02 -1.014899E+00 -3.362053E+00 -1.119120E+01 -3.352874E-01 -8.039036E+00
       253   7  1.825947E+02  2.197984E+00  1.806759E+00 -6.307809E+00 -4.546685E-01 -8.051426E+00
       253   8  1.754262E+02 -1.507795E+00 -3.362053E+00 -6.186731E+00 -4.542904E-01 -8.033190E+00
       254   1  2.011607E+02  1.519593E+00  2.516277E+01 -1.269819E+01 -3.282907E-02 -1.895691E+00
       254   2  1.935670E+02 -2.365352E+00  1.986820E+01 -1.246230E+01 -2.936189E-02 -1.851010E+00
       254   3  2.017200E+02  9.603151E-01  2.516276E+01 -7.019830E+00 -1.531392E-01 -1.889781E+00
       254   4  1.941159E+02 -2.914240E+00  1.986819E+01 -6.889419E+00 -1.522102E-01 -1.844975E+00
       254   5  2.027763E+02  3.206174E+00  2.615342E+01 -1.269368E+01 -3.042681E-01 -7.420959E+00
       254   6  1.951849E+02 -6.777693E-01  2.085984E+01 -1.245786E+01 -3.008009E-01 -7.376277E+00
       254   7  2.033354E+02  2.647095E+00  2.615341E+01 -7.017333E+00 -4.245782E-01 -7.415048E+00
       254   8  1.957336E+02 -1.226462E+00  2.085984E+01 -6.886969E+00 -4.236492E-01 -7.370242E+00
       255   1  2.241313E+02  1.522580E+00  5.237623E+01 -1.415905E+01  1.361418E-02 -1.002467E+00
       255   2  2.160865E+02 -2.515607E+00  4.702679E+01 -1.390421E+01  1.975068E-02 -9.233861E-01
       255   3  2.247549E+02  8.989643E-01  5.237623E+01 -7.827419E+00 -1.118074E-01 -9.963050E-01
       255   4  2.166989E+02 -3.127998E+00  4.702679E+01 -7.686539E+00 -1.101631E-01 -9.170037E-01
       255   5  2.261611E+02  4.149541E+00  5.377328E+01 -1.412107E+01 -2.392883E-01 -6.150415E+00
       255   6  2.181353E+02  1.195174E-01  4.843196E+01 -1.386691E+01 -2.331518E-01 -6.071334E+00
       255   7  2.267831E+02  3.527598E+00  5.377328E+01 -7.806424E+00 -3.647099E-01 -6.144253E+00
       255   8  2.187461E+02 -4.912317E-01  4.843196E+01 -7.665922E+00 -3.630656E-01 -6.064952E+00
       256   1  2.302652E+02  1.210360E+00  6.330035E+01 -1.456905E+01  8.181640E-02  2.942355E-01
       256   2  2.223869E+02 -2.670000E+00  5.831042E+01 -1.431477E+01  9.241686E-02  4.308425E-01
       256   3  2.309069E+02  5.686979E-01  6.330035E+01 -8.054080E+00 -5.258209E-02  3.008382E-01
       256   4  2.230174E+02 -3.300462E+00  5.831042E+01 -7.913504E+00 -4.974173E-02  4.378264E-01
       256   5  2.330132E+02  5.420879E+00  6.538792E+01 -1.447603E+01 -1.326309E-01 -4.070941E+00
       256   6  2.251798E+02  1.559909E+00  6.041728E+01 -1.422337E+01 -1.220305E-01 -3.934334E+00
       256   7  2.336508E+02  4.783314E+00  6.538792E+01 -8.002656E+00 -2.670294E-01 -4.064338E+00
       256   8  2.258063E+02  9.334718E-01  6.041728E+01 -7.862977E+00 -2.641891E-01 -3.927350E+00
       257   1  5.979150E+00  1.517316E+02 -3.045377E+01 -5.096425E+00  4.068096E+00 -3.219995E-01
       257   2  5.561060E-01  1.430817E+02 -3.986645E+01 -4.983595E+00  3.721326E+00 -3.291896E-01
       257   3  6.385182E+00  1.513255E+02 -3.045377E+01 -9.218939E+00  4.016945E+00  7.191920E-01
       257   4  9.531488E-01  1.426847E+02 -3.986645E+01 -9.014840E+00  3.671141E+00  6.923583E-01
       257   5  1.411373E+00  1.589938E+02 -2.964544E+01 -5.510076E+00 -1.142683E+01 -1.083217E+00
       257   6 -4.208768E+00  1.498849E+02 -3.925495E+01 -5.388088E+00 -1.177360E+01 -1.090407E+00
       257   7  1.850361E+00  1.585548E+02 -2.964544E+01 -9.967194E+00 -1.147798E+01 -4.202494E-02
       257   8 -3.779499E+00  1.494556E+02 -3.925495E+01 -9.746529E+00 -1.182379E+01 -6.885872E-02
       258   1  4.890808E+00  1.535342E+02 -2.987018E+01 -5.197513E+00  1.704421E+00 -4.213711E-01
       258   2 -2.528268E-01  1.452213E+02 -3.868868E+01 -5.086694E+00  1.386976E+00 -4.279531E-01
       258   3  5.304896E+00  1.531201E+02 -2.987018E+01 -9.401798E+00  1.654912E+00  5.864045E-01
       258   4  1.524323E-01  1.448160E+02 -3.868868E+01 -9.201337E+00  1.338351E+00  5.618399E-01
       258   5  7.867376E-01  1.603626E+02 -2.905288E+01 -5.579782E+00 -1.256880E+01 -1.122569E+00
       258   6 -4.532314E+00  1.516412E+02 -3.804656E+01 -5.460812E+00 -1.288624E+01 -1.129151E+00
       258   7  1.231281E+00  1.599181E+02 -2.905287E+01 -1.009329E+01 -1.261830E+01 -1.147936E-01
       258   8 -4.097249E+00  1.512061E+02 -3.804656E+01 -9.878082E+00 -1.293487E+01 -1.393582E-01
       259   1  3.816063E+00  1.595460E+02 -2.465769E+01 -5.445302E+00  2.501694E-01 -4.778272E-01
       259   2 -1.247374E+00  1.512804E+02 -3.325607E+01 -5.333334E+00 -7.204441E-03 -4.831637E-01
       259   3  4.249891E+00  1.591121E+02 -2.465768E+01 -9.850025E+00  2.021295E-01  5.000472E-01
       259   4 -8.224666E-01  1.508555E+02 -3.325607E+01 -9.647486E+00 -5.452816E-02  4.801311E-01
       259   5  1.050715E+00  1.663912E+02 -2.343371E+01 -5.781350E+00 -1.348022E+01 -1.152358E+00
       259   6 -4.161437E+00  1.577793E+02 -3.218061E+01 -5.662473E+00 -1.373760E+01 -1.157695E+00
       259   7  1.511316E+00  1.659306E+02 -2.343371E+01 -1.045790E+01 -1.352826E+01 -1.744836E-01
       259   8 -3.710308E+00  1.573282E+02 -3.218061E+01 -1.024287E+01 -1.378492E+01 -1.943998E-01
       260   1  2.784303E+00  1.699487E+02 -1.474013E+01 -5.845124E+00 -4.359853E-01 -4.997893E-01
       260   2 -2.305922E+00  1.615394E+02 -2.328360E+01 -5.729068E+00 -6.057582E-01 -5.033095E-01
       260   3  3.249990E+00  1.694830E+02 -1.474013E+01 -1.057327E+01 -4.828737E-01  4.546488E-01
       260   4 -1.849481E+00  1.610830E+02 -2.328360E+01 -1.036333E+01 -6.521741E-01  4.415114E-01
       260   5  2.153419E+00  1.772429E+02 -1.274113E+01 -6.122236E+00 -1.384976E+01 -1.158766E+00
       260   6 -3.055223E+00  1.685578E+02 -2.140286E+01 -6.000678E+00 -1.401953E+01 -1.162286E+00
       260   7  2.641183E+00  1.767551E+02 -1.274113E+01 -1.107453E+01 -1.389664E+01 -2.043274E-01
       260   8 -2.577143E+00  1.680798E+02 -2.140285E+01 -1.085465E+01 -1.406594E+01 -2.174648E-01
       261   1  1.861973E+00  1.845869E+02 -2.140378E-01 -6.389221E+00 -4.260804E-01 -4.920640E-01
       261   2 -3.313446E+00  1.759041E+02 -8.767119E+00 -6.266580E+00 -4.890226E-01 -4.933692E-01
       261   3  2.371001E+00  1.840779E+02 -2.140375E-01 -1.155748E+01 -4.722598E-01  4.479316E-01
       261   4 -2.814188E+00  1.754048E+02 -8.767119E+00 -1.133564E+01 -5.350268E-01  4.430609E-01
       261   5  3.941090E+00  1.926778E+02  2.836958E+00 -6.599429E+00 -1.354731E+01 -1.136668E+00
       261   6 -1.321169E+00  1.837927E+02 -5.802846E+00 -6.472754E+00 -1.361025E+01 -1.137974E+00
       261   7  4.466866E+00  1.921520E+02  2.836958E+00 -1.193773E+01 -1.359349E+01 -1.966728E-01
       261   8 -8.054854E-01  1.832771E+02 -5.802846E+00 -1.170859E+01 -1.365625E+01 -2.015435E-01
       262   1  1.131277E+00  2.033023E+02  1.886551E+01 -7.069177E+00  2.385245E-01 -4.574611E-01
       262   2 -4.190092E+00  1.942251E+02  1.022137E+01 -6.937850E+00  2.854915E-01 -4.564872E-01
       262   3  1.694486E+00  2.027391E+02  1.886551E+01 -1.278746E+01  1.925370E-01  4.786378E-01
       262   4 -3.637345E+00  1.936724E+02  1.022137E+01 -1.254990E+01  2.393733E-01  4.822723E-01
       262   5  6.057849E+00  2.123510E+02  2.305809E+01 -7.213313E+00 -1.267066E+01 -1.091648E+00
       262   6  6.788516E-01  2.031396E+02  1.435641E+01 -7.079309E+00 -1.262369E+01 -1.090675E+00
       262   7  6.632542E+00  2.117763E+02  2.305810E+01 -1.304819E+01 -1.271664E+01 -1.555495E-01
       262   8  1.242868E+00  2.025756E+02  1.435641E+01 -1.280579E+01 -1.266981E+01 -1.519151E-01
       263   1  6.541128E-01  2.246681E+02  4.108498E+01 -7.832947E+00  1.556871E+00 -3.958941E-01
       263   2 -4.934669E+00  2.150475E+02  3.209415E+01 -7.691967E+00  1.689440E+00 -3.931453E-01
       263   3  1.278169E+00  2.240441E+02  4.108498E+01 -1.416904E+01  1.510569E+00  5.465880E-01
       263   4 -4.321844E+00  2.144347E+02  3.209416E+01 -1.391403E+01  1.642770E+00  5.568465E-01
       263   5  7.815239E+00  2.345020E+02  4.618349E+01 -7.926404E+00 -1.166105E+01 -1.045249E+00
       263   6  2.190256E+00  2.247971E+02  3.715652E+01 -7.783743E+00 -1.152848E+01 -1.042500E+00
       263   7  8.446741E+00  2.338705E+02  4.618350E+01 -1.433810E+01 -1.170735E+01 -1.027668E-01
       263   8  2.810392E+00  2.241770E+02  3.715652E+01 -1.408004E+01 -1.157515E+01 -9.250826E-02
       264   1 -2.227631E-02  2.290617E+02  4.646885E+01 -8.010226E+00  3.617680E+00 -3.015287E-01
       264   2 -5.791496E+00  2.192941E+02  3.702346E+01 -7.870416E+00  3.784545E+00 -2.980689E-01
       264   3  6.158920E-01  2.284235E+02  4.646885E+01 -1.448973E+01  3.570705E+00  6.546717E-01
       264   4 -5.164466E+00  2.186670E+02  3.702346E+01 -1.423682E+01  3.737105E+00  6.675841E-01
       264   5  8.011585E+00  2.391578E+02  5.190783E+01 -8.082334E+00 -1.066389E+01 -1.003137E+00
       264   6  2.215279E+00  2.293270E+02  4.243539E+01 -7.941265E+00 -1.049702E+01 -9.996773E-01
       264   7  8.655498E+00  2.385139E+02  5.190783E+01 -1.462016E+01 -1.071086E+01 -4.693661E-02
       264   8  2.847953E+00  2.286944E+02  4.243539E+01 -1.436498E+01 -1.054446E+01 -3.402429E-02
       265   1  8.373711E+00  1.493370E+02 -3.045377E+01 -1.921594E+01  4.080068E+00  7.829374E-02
       265   2  2.897651E+00  1.407402E+02 -3.986644E+01 -1.879052E+01  3.735673E+00  3.714901E-02
       265   3  9.576203E+00  1.481345E+02 -3.045377E+01 -2.318003E+01  3.927109E+00  1.109458E+00
       265   4  4.073522E+00  1.395643E+02 -3.986645E+01 -2.266685E+01  3.585601E+00  1.048859E+00
       265   5  4.000288E+00  1.564049E+02 -2.964543E+01 -2.077560E+01 -1.126563E+01 -2.198026E+00
       265   6 -1.677171E+00  1.473533E+02 -3.925494E+01 -2.031565E+01 -1.161003E+01 -2.239171E+00
       265   7  5.300382E+00  1.551048E+02 -2.964544E+01 -2.506144E+01 -1.141859E+01 -1.166862E+00
       265   8 -4.058610E-01  1.460820E+02 -3.925494E+01 -2.450660E+01 -1.176010E+01 -1.227461E+00
       266   1  7.332866E+00  1.510922E+02 -2.987018E+01 -1.959709E+01  1.737515E+00 -2.522797E-01
       266   2  2.137162E+00  1.428313E+02 -3.868868E+01 -1.917925E+01  1.422244E+00 -2.899451E-01
       266   3  8.559216E+00  1.498658E+02 -2.987018E+01 -2.363981E+01  1.589466E+00  7.457906E-01
       266   4  3.337364E+00  1.416311E+02 -3.868868E+01 -2.313577E+01  1.276836E+00  6.903158E-01
       266   5  3.408406E+00  1.577410E+02 -2.905287E+01 -2.103843E+01 -1.239824E+01 -2.349121E+00
       266   6 -1.966546E+00  1.490754E+02 -3.804655E+01 -2.058985E+01 -1.271351E+01 -2.386787E+00
       266   7  4.724952E+00  1.564245E+02 -2.905287E+01 -2.537848E+01 -1.254629E+01 -1.351051E+00
       266   8 -6.780700E-01  1.477870E+02 -3.804655E+01 -2.483737E+01 -1.285892E+01 -1.406526E+00
       267   1  6.374549E+00  1.569875E+02 -2.465768E+01 -2.053137E+01  2.958003E-01 -4.510054E-01
       267   2  1.258503E+00  1.487745E+02 -3.325607E+01 -2.010920E+01  4.018880E-02 -4.815433E-01
       267   3  7.659354E+00  1.557027E+02 -2.465768E+01 -2.476682E+01  1.521428E-01  5.174516E-01
       267   4  2.516890E+00  1.475161E+02 -3.325607E+01 -2.425756E+01 -1.013268E-01  4.724745E-01
       267   5  3.767094E+00  1.636749E+02 -2.343370E+01 -2.179843E+01 -1.330236E+01 -2.468102E+00
       267   6 -1.500914E+00  1.551188E+02 -3.218061E+01 -2.135021E+01 -1.355797E+01 -2.498640E+00
       267   7  5.131189E+00  1.623108E+02 -2.343371E+01 -2.629527E+01 -1.344602E+01 -1.499645E+00
       267   8 -1.648679E-01  1.537827E+02 -3.218061E+01 -2.575458E+01 -1.369949E+01 -1.544622E+00
       268   1  5.530642E+00  1.672023E+02 -1.474013E+01 -2.203889E+01 -3.848981E-01 -5.401167E-01
       268   2  3.858887E-01  1.588476E+02 -2.328360E+01 -2.160130E+01 -5.535084E-01 -5.602606E-01
       268   3  6.909795E+00  1.658232E+02 -1.474013E+01 -2.658533E+01 -5.251120E-01  4.051297E-01
       268   4  1.737658E+00  1.574958E+02 -2.328360E+01 -2.605748E+01 -6.923095E-01  3.754612E-01
       268   5  5.029959E+00  1.743664E+02 -1.274113E+01 -2.308373E+01 -1.366949E+01 -2.510699E+00
       268   6 -2.357961E-01  1.657384E+02 -2.140285E+01 -2.262540E+01 -1.383810E+01 -2.530843E+00
       268   7  6.474496E+00  1.729218E+02 -1.274113E+01 -2.784571E+01 -1.380970E+01 -1.565453E+00
       268   8  1.180059E+00  1.643226E+02 -2.140285E+01 -2.729284E+01 -1.397690E+01 -1.595121E+00
       269   1  4.863959E+00  1.815849E+02 -2.140342E-01 -2.409039E+01 -3.757980E-01 -5.314577E-01
       269   2 -3.690825E-01  1.729598E+02 -8.767116E+00 -2.362798E+01 -4.383092E-01 -5.389259E-01
       269   3  6.371483E+00  1.800774E+02 -2.140356E-01 -2.906004E+01 -5.138904E-01  3.994852E-01
       269   4  1.109504E+00  1.714812E+02 -8.767118E+00 -2.850223E+01 -5.758777E-01  3.884857E-01
       269   5  7.041843E+00  1.895770E+02  2.836961E+00 -2.488298E+01 -1.337066E+01 -2.459063E+00
       269   6  1.720065E+00  1.807515E+02 -5.802843E+00 -2.440535E+01 -1.343317E+01 -2.466531E+00
       269   7  8.598966E+00  1.880199E+02  2.836960E+00 -3.001613E+01 -1.350875E+01 -1.528120E+00
       269   8  3.247299E+00  1.792243E+02 -5.802845E+00 -2.943997E+01 -1.357074E+01 -1.539120E+00
       270   1  4.452736E+00  1.999808E+02  1.886551E+01 -2.665415E+01  2.822148E-01 -4.318787E-01
       270   2 -9.303354E-01  1.909653E+02  1.022137E+01 -2.615898E+01  3.288603E-01 -4.263059E-01
       270   3  6.120694E+00  1.983128E+02  1.886550E+01 -3.215268E+01  1.446952E-01  4.952049E-01
       270   4  7.066363E-01  1.893284E+02  1.022137E+01 -3.155537E+01  1.909497E-01  5.034127E-01
       270   5  9.447031E+00  2.089618E+02  2.305809E+01 -2.719761E+01 -1.250264E+01 -2.328333E+00
       270   6  4.005072E+00  1.998134E+02  1.435641E+01 -2.669235E+01 -1.245600E+01 -2.322761E+00
       270   7  1.114900E+01  2.072598E+02  2.305809E+01 -3.280825E+01 -1.264016E+01 -1.401250E+00
       270   8  5.675421E+00  1.981430E+02  1.435640E+01 -3.219876E+01 -1.259391E+01 -1.393042E+00
       271   1  4.334428E+00  2.209878E+02  4.108498E+01 -2.953392E+01  1.588178E+00 -2.413878E-01
       271   2 -1.320592E+00  2.114334E+02  3.209416E+01 -2.900236E+01  1.719840E+00 -2.256581E-01
       271   3  6.182602E+00  2.191396E+02  4.108498E+01 -3.562653E+01  1.449721E+00  6.920177E-01
       271   4  4.943173E-01  2.096185E+02  3.209416E+01 -3.498531E+01  1.580279E+00  7.151848E-01
       271   5  1.153947E+01  2.307778E+02  4.618350E+01 -2.988630E+01 -1.150245E+01 -2.183199E+00
       271   6  5.847453E+00  2.211399E+02  3.715652E+01 -2.934840E+01 -1.137079E+01 -2.167469E+00
       271   7  1.340969E+01  2.289076E+02  4.618349E+01 -3.605160E+01 -1.164090E+01 -1.249793E+00
       271   8  7.684017E+00  2.193033E+02  3.715652E+01 -3.540274E+01 -1.151035E+01 -1.226626E+00
       272   1  3.741335E+00  2.252981E+02  4.646886E+01 -3.020235E+01  3.629815E+00  5.451784E-02
       272   2 -2.093574E+00  2.155961E+02  3.702347E+01 -2.967519E+01  3.795538E+00  7.431679E-02
       272   3  5.631335E+00  2.234081E+02  4.646886E+01 -3.643284E+01  3.489342E+00  1.001510E+00
       272   4 -2.365623E-01  2.137391E+02  3.702346E+01 -3.579694E+01  3.653676E+00  1.030670E+00
       272   5  1.180908E+01  2.353603E+02  5.190783E+01 -3.047423E+01 -1.051421E+01 -2.043550E+00
       272   6  5.946489E+00  2.255958E+02  4.243539E+01 -2.994233E+01 -1.034849E+01 -2.023751E+00
       272   7  1.371609E+01  2.334533E+02  5.190783E+01 -3.676081E+01 -1.065468E+01 -1.096558E+00
       272   8  7.820217E+00  2.237221E+02  4.243539E+01 -3.611918E+01 -1.049035E+01 -1.067398E+00
       273   1  1.347685E+01  1.442339E+02 -3.045376E+01 -3.259700E+01  4.052747E+00  4.778339E-01
       273   2  7.887802E+00  1.357500E+02 -3.986644E+01 -3.187533E+01  3.714044E+00  4.031306E-01
       273   3  1.542960E+01  1.422812E+02 -3.045376E+01 -3.625034E+01  3.799453E+00  1.489041E+00
       273   4  9.797322E+00  1.338405E+02 -3.986644E+01 -3.544779E+01  3.465529E+00  1.395259E+00
       273   5  9.517621E+00  1.508876E+02 -2.964543E+01 -3.524274E+01 -1.099594E+01 -3.291667E+00
       273   6  3.718006E+00  1.419582E+02 -3.925494E+01 -3.446249E+01 -1.133465E+01 -3.366370E+00
       273   7  1.162887E+01  1.487763E+02 -2.964542E+01 -3.919260E+01 -1.124924E+01 -2.280460E+00
       273   8  5.782512E+00  1.398937E+02 -3.925494E+01 -3.832490E+01 -1.158316E+01 -2.374242E+00
       274   1  1.253722E+01  1.458878E+02 -2.987018E+01 -3.324356E+01  1.753876E+00 -8.075841E-02
       274   2  7.230549E+00  1.377379E+02 -3.868868E+01 -3.253475E+01  1.443815E+00 -1.491445E-01
       274   3  1.452870E+01  1.438963E+02 -2.987018E+01 -3.696935E+01  1.508711E+00  8.979945E-01
       274   4  9.179565E+00  1.357889E+02 -3.868868E+01 -3.618111E+01  1.203025E+00  8.121438E-01
       274   5  8.995531E+00  1.521539E+02 -2.905287E+01 -3.568857E+01 -1.210829E+01 -3.553050E+00
       274   6  3.501453E+00  1.436074E+02 -3.804655E+01 -3.492764E+01 -1.241835E+01 -3.621436E+00
       274   7  1.113348E+01  1.500159E+02 -2.905287E+01 -3.968839E+01 -1.235345E+01 -2.574297E+00
       274   8  5.593816E+00  1.415151E+02 -3.804655E+01 -3.884217E+01 -1.265914E+01 -2.660148E+00
       275   1  1.182701E+01  1.515350E+02 -2.465768E+01 -3.482843E+01  3.385821E-01 -4.198402E-01
       275   2  6.598853E+00  1.434342E+02 -3.325607E+01 -3.411228E+01  8.719469E-02 -4.752852E-01
       275   3  1.391343E+01  1.494486E+02 -2.465768E+01 -3.873184E+01  1.006914E-01  5.298727E-01
       275   4  8.642372E+00  1.413906E+02 -3.325607E+01 -3.793543E+01 -1.471491E-01  4.602677E-01
       275   5  9.556049E+00  1.578859E+02 -2.343370E+01 -3.697781E+01 -1.299639E+01 -3.760077E+00
       275   6  4.169007E+00  1.494489E+02 -3.218060E+01 -3.621746E+01 -1.324778E+01 -3.815522E+00
       275   7  1.177123E+01  1.556707E+02 -2.343370E+01 -4.112212E+01 -1.323428E+01 -2.810364E+00
       275   8  6.338639E+00  1.472793E+02 -3.218060E+01 -4.027655E+01 -1.348212E+01 -2.879969E+00
       276   1  1.138346E+01  1.613495E+02 -1.474013E+01 -3.738571E+01 -3.301040E-01 -5.752425E-01
       276   2  6.122494E+00  1.531110E+02 -2.328360E+01 -3.664341E+01 -4.959280E-01 -6.118161E-01
       276   3  1.362307E+01  1.591099E+02 -1.474013E+01 -4.157573E+01 -5.622932E-01  3.517088E-01
       276   4  8.317641E+00  1.509158E+02 -2.328360E+01 -4.075024E+01 -7.257776E-01  3.057950E-01
       276   5  1.116025E+01  1.682361E+02 -1.274113E+01 -3.915813E+01 -1.335757E+01 -3.838454E+00
       276   6  5.772776E+00  1.597299E+02 -2.140285E+01 -3.838064E+01 -1.352340E+01 -3.875027E+00
       276   7  1.350604E+01  1.658903E+02 -1.274113E+01 -4.354680E+01 -1.358976E+01 -2.911502E+00
       276   8  8.071993E+00  1.574306E+02 -2.140285E+01 -4.268217E+01 -1.375325E+01 -2.957416E+00
       277   1  1.126157E+01  1.751873E+02 -2.140375E-01 -4.086577E+01 -3.218968E-01 -5.657333E-01
       277   2  5.905729E+00  1.666849E+02 -8.767120E+00 -4.008136E+01 -3.833749E-01 -5.792927E-01
       277   3  1.370967E+01  1.727392E+02 -2.140337E-01 -4.544583E+01 -5.505721E-01  3.471915E-01
       277   4  8.306837E+00  1.642838E+02 -8.767115E+00 -4.457350E+01 -6.111829E-01  3.301693E-01
       277   5  1.364994E+01  1.829689E+02  2.836958E+00 -4.221028E+01 -1.306525E+01 -3.757776E+00
       277   6  8.201322E+00  1.742702E+02 -5.802847E+00 -4.140005E+01 -1.312672E+01 -3.771335E+00
       277   7  1.617859E+01  1.804403E+02  2.836962E+00 -4.694102E+01 -1.329392E+01 -2.844851E+00
       277   8  1.068143E+01  1.717902E+02 -5.802842E+00 -4.603999E+01 -1.335453E+01 -2.861873E+00
       278   1  1.153121E+01  1.929023E+02  1.886551E+01 -4.521481E+01  3.231880E-01 -4.021369E-01
       278   2  6.016643E+00  1.840184E+02  1.022137E+01 -4.437484E+01  3.690626E-01 -3.920190E-01
       278   3  1.423983E+01  1.901937E+02  1.886551E+01 -5.028228E+01  9.545976E-02  5.070032E-01
       278   4  8.674941E+00  1.813601E+02  1.022137E+01 -4.934817E+01  1.406871E-01  5.197050E-01
       278   5  1.666984E+01  2.017390E+02  2.305809E+01 -4.613671E+01 -1.221422E+01 -3.542595E+00
       278   6  1.109370E+01  1.927248E+02  1.435641E+01 -4.527961E+01 -1.216835E+01 -3.532477E+00
       278   7  1.943368E+01  1.989751E+02  2.305809E+01 -5.130751E+01 -1.244195E+01 -2.633455E+00
       278   8  1.380619E+01  1.900123E+02  1.435641E+01 -5.035435E+01 -1.239672E+01 -2.620753E+00
       279   1  1.217768E+01  2.131446E+02  4.108498E+01 -5.009993E+01  1.604191E+00 -8.455652E-02
       279   2  6.381493E+00  2.037313E+02  3.209416E+01 -4.919822E+01  1.733677E+00 -5.599754E-02
       279   3  1.517895E+01  2.101433E+02  4.108498E+01 -5.571490E+01  1.374911E+00  8.307831E-01
       279   4  9.328750E+00  2.007841E+02  3.209416E+01 -5.471213E+01  1.502570E+00  8.666355E-01
       279   5  1.947629E+01  2.228410E+02  4.618349E+01 -5.069769E+01 -1.123307E+01 -3.300122E+00
       279   6  1.364143E+01  2.133459E+02  3.715652E+01 -4.978522E+01 -1.110358E+01 -3.271563E+00
       279   7  2.251338E+01  2.198039E+02  4.618350E+01 -5.637966E+01 -1.146235E+01 -2.384783E+00
       279   8  1.662386E+01  2.103635E+02  3.715652E+01 -5.536492E+01 -1.133469E+01 -2.348930E+00
       280   1  1.176209E+01  2.172774E+02  4.646885E+01 -5.123381E+01  3.606993E+00  4.100396E-01
       280   2  5.787186E+00  2.077154E+02  3.702346E+01 -5.033957E+01  3.769977E+00  4.459867E-01
       280   3  1.483128E+01  2.142082E+02  4.646885E+01 -5.697587E+01  3.374375E+00  1.338702E+00
       280   4  8.802808E+00  2.046997E+02  3.702346E+01 -5.598141E+01  3.535059E+00  1.383830E+00
       280   5  1.990203E+01  2.272673E+02  5.190783E+01 -5.169501E+01 -1.026328E+01 -3.064283E+00
       280   6  1.389819E+01  2.176441E+02  4.243539E+01 -5.079273E+01 -1.010030E+01 -3.028336E+00
       280   7  2.299886E+01  2.241705E+02  5.190783E+01 -5.748877E+01 -1.049590E+01 -2.135620E+00
       280   8  1.694096E+01  2.146013E+02  4.243539E+01 -5.648535E+01 -1.033521E+01 -2.090492E+00
       281   1  2.109243E+01  1.366183E+02 -3.045377E+01 -4.472538E+01  3.986396E+00  8.727721E-01
       281   2  1.533479E+01  1.283030E+02 -3.986645E+01 -4.373520E+01  3.656646E+00  7.652296E-01
       281   3  2.372039E+01  1.339903E+02 -3.045377E+01 -4.792755E+01  3.635206E+00  1.854282E+00
       281   4  1.790457E+01  1.257332E+02 -3.986644E+01 -4.686647E+01  3.312082E+00  1.728222E+00
       281   5  1.775132E+01  1.426538E+02 -2.964544E+01 -4.835552E+01 -1.062036E+01 -4.353607E+00
       281   6  1.176943E+01  1.339067E+02 -3.925495E+01 -4.728497E+01 -1.095011E+01 -4.461150E+00
       281   7  2.059258E+01  1.398126E+02 -2.964543E+01 -5.181759E+01 -1.097155E+01 -3.372097E+00
       281   8  1.454778E+01  1.311284E+02 -3.925494E+01 -5.067039E+01 -1.129467E+01 -3.498157E+00
       282   1  2.030387E+01  1.381212E+02 -2.987018E+01 -4.561250E+01  1.753347E+00  9.154058E-02
       282   2  1.483160E+01  1.301369E+02 -3.868868E+01 -4.463997E+01  1.451482E+00 -6.907595E-03
       282   3  2.298394E+01  1.354411E+02 -2.987018E+01 -4.887819E+01  1.413428E+00  1.041550E+00
       282   4  1.745453E+01  1.275139E+02 -3.868868E+01 -4.783603E+01  1.117628E+00  9.261500E-01
       282   5  1.733340E+01  1.438160E+02 -2.905287E+01 -4.896723E+01 -1.170172E+01 -4.722760E+00
       282   6  1.166155E+01  1.354473E+02 -3.804655E+01 -4.792317E+01 -1.200359E+01 -4.821209E+00
       282   7  2.021059E+01  1.409388E+02 -2.905287E+01 -5.247310E+01 -1.204164E+01 -3.772751E+00
       282   8  1.447739E+01  1.326315E+02 -3.804656E+01 -5.135429E+01 -1.233744E+01 -3.888151E+00
       283   1  1.996392E+01  1.433981E+02 -2.465768E+01 -4.778705E+01  3.781029E-01 -3.846316E-01
       283   2  1.456845E+01  1.354645E+02 -3.325607E+01 -4.680444E+01  1.333606E-01 -4.644501E-01
       283   3  2.277177E+01  1.405903E+02 -2.465768E+01 -5.120842E+01  4.826978E-02  5.371907E-01
       283   4  1.731856E+01  1.327144E+02 -3.325607E+01 -5.015546E+01 -1.915549E-01  4.436283E-01
       283   5  1.819511E+01  1.492468E+02 -2.343370E+01 -5.073615E+01 -1.256526E+01 -5.015840E+00
       283   6  1.263043E+01  1.409874E+02 -3.218061E+01 -4.969290E+01 -1.281000E+01 -5.095658E+00
       283   7  2.117625E+01  1.462657E+02 -2.343371E+01 -5.436867E+01 -1.289509E+01 -4.094018E+00
       283   8  1.555027E+01  1.380676E+02 -3.218061E+01 -5.325073E+01 -1.313491E+01 -4.187580E+00
       284   1  2.011782E+01  1.526152E+02 -1.474013E+01 -5.129581E+01 -2.721306E-01 -6.048282E-01
       284   2  1.468344E+01  1.445500E+02 -2.328359E+01 -5.027733E+01 -4.335713E-01 -6.574793E-01
       284   3  2.313183E+01  1.496012E+02 -1.474013E+01 -5.496840E+01 -5.940591E-01  2.949010E-01
       284   4  1.763761E+01  1.415959E+02 -2.328360E+01 -5.387700E+01 -7.522558E-01  2.331839E-01
       284   5  2.030871E+01  1.590876E+02 -1.274113E+01 -5.372770E+01 -1.291702E+01 -5.129241E+00
       284   6  1.473959E+01  1.507630E+02 -2.140285E+01 -5.266093E+01 -1.307846E+01 -5.181892E+00
       284   7  2.346561E+01  1.559307E+02 -1.274113E+01 -5.757440E+01 -1.323895E+01 -4.229512E+00
       284   8  1.783381E+01  1.476688E+02 -2.140285E+01 -5.643126E+01 -1.339714E+01 -4.291229E+00
       285   1  2.080899E+01  1.656399E+02 -2.140358E-01 -5.607071E+01 -2.648951E-01 -5.945605E-01
       285   2  1.526988E+01  1.573208E+02 -8.767117E+00 -5.499444E+01 -3.247481E-01 -6.140806E-01
       285   3  2.410356E+01  1.623453E+02 -2.140354E-01 -6.008516E+01 -5.819520E-01  2.915541E-01
       285   4  1.850122E+01  1.540894E+02 -8.767117E+00 -5.893183E+01 -6.406024E-01  2.686729E-01
       285   5  2.351147E+01  1.731074E+02  2.836960E+00 -5.791547E+01 -1.263401E+01 -5.020299E+00
       285   6  1.787356E+01  1.645980E+02 -5.802844E+00 -5.680378E+01 -1.269386E+01 -5.039819E+00
       285   7  2.691444E+01  1.697044E+02  2.836960E+00 -6.206200E+01 -1.295106E+01 -4.134184E+00
       285   8  2.121121E+01  1.612604E+02 -5.802844E+00 -6.087072E+01 -1.300971E+01 -4.157066E+00
       286   1  2.209468E+01  1.823389E+02  1.886551E+01 -6.203789E+01  3.610478E-01 -3.685228E-01
       286   2  1.638387E+01  1.736511E+02  1.022137E+01 -6.088539E+01  4.057098E-01 -3.539571E-01
       286   3  2.573987E+01  1.786937E+02  1.886551E+01 -6.647957E+01  4.530533E-02  5.139185E-01
       286   4  1.996134E+01  1.700737E+02  1.022138E+01 -6.524456E+01  8.906990E-02  5.309922E-01
       286   5  2.744869E+01  1.909601E+02  2.305810E+01 -6.330281E+01 -1.180817E+01 -4.722740E+00
       286   6  2.167230E+01  1.821462E+02  1.435641E+01 -6.212681E+01 -1.176351E+01 -4.708174E+00
       286   7  3.116820E+01  1.872406E+02  2.305810E+01 -6.783505E+01 -1.212392E+01 -3.840298E+00
       286   8  2.532272E+01  1.784957E+02  1.435641E+01 -6.657485E+01 -1.208015E+01 -3.823224E+00
       287   1  2.388245E+01  2.014398E+02  4.108498E+01 -6.874061E+01  1.604755E+00  7.308883E-02
       287   2  1.787560E+01  1.922372E+02  3.209416E+01 -6.750341E+01  1.730818E+00  1.142020E-01
       287   3  2.792148E+01  1.974008E+02  4.108498E+01 -7.366218E+01  1.286859E+00  9.615474E-01
       287   4  2.184193E+01  1.882709E+02  3.209416E+01 -7.233640E+01  1.410389E+00  1.009740E+00
       287   5  3.132072E+01  2.109966E+02  4.618350E+01 -6.956078E+01 -1.085551E+01 -4.385265E+00
       287   6  2.527268E+01  2.017147E+02  3.715652E+01 -6.830882E+01 -1.072945E+01 -4.344152E+00
       287   7  3.540794E+01  2.069093E+02  4.618350E+01 -7.454107E+01 -1.117341E+01 -3.496806E+00
       287   8  2.928634E+01  1.977010E+02  3.715652E+01 -7.319947E+01 -1.104988E+01 -3.448614E+00
       288   1  2.373178E+01  2.053077E+02  4.646886E+01 -7.029639E+01  3.549434E+00  7.616122E-01
       288   2  1.754796E+01  1.959546E+02  3.702347E+01 -6.906943E+01  3.708109E+00  8.133615E-01
       288   3  2.786221E+01  2.011772E+02  4.646886E+01 -7.532934E+01  3.226911E+00  1.663003E+00
       288   4  2.160630E+01  1.918963E+02  3.702347E+01 -7.401454E+01  3.382398E+00  1.723663E+00
       288   5  3.197947E+01  2.151899E+02  5.190784E+01 -7.092919E+01 -9.913506E+00 -4.055505E+00
       288   6  2.576484E+01  2.057775E+02  4.243540E+01 -6.969119E+01 -9.754831E+00 -4.003755E+00
       288   7  3.614709E+01  2.110223E+02  5.190783E+01 -7.600745E+01 -1.023603E+01 -3.154114E+00
       288   8  2.985971E+01  2.016826E+02  4.243540E+01 -7.468081E+01 -1.008054E+01 -3.093454E+00
       289   1  3.092782E+01  1.267829E+02 -3.045377E+01 -5.513498E+01  3.881654E+00  1.259304E+00
       289   2  2.495243E+01  1.186854E+02 -3.986645E+01 -5.391434E+01  3.564032E+00  1.119959E+00
       289   3  3.412998E+01  1.235807E+02 -3.045377E+01 -5.776293E+01  3.435950E+00  2.201665E+00
       289   4  2.808370E+01  1.155541E+02 -3.986645E+01 -5.648411E+01  3.126738E+00  2.044541E+00
       289   5  2.838500E+01  1.320202E+02 -2.964544E+01 -5.961001E+01 -1.014249E+01 -5.373620E+00
       289   6  2.216768E+01  1.235085E+02 -3.925495E+01 -5.829030E+01 -1.046011E+01 -5.512966E+00
       289   7  3.184707E+01  1.285581E+02 -2.964544E+01 -6.245126E+01 -1.058819E+01 -4.431259E+00
       289   8  2.555311E+01  1.201230E+02 -3.925495E+01 -6.106864E+01 -1.089740E+01 -4.588384E+00
       290   1  3.033433E+01  1.280907E+02 -2.987018E+01 -5.622858E+01  1.735931E+00  2.629578E-01
       290   2  2.464820E+01  1.203202E+02 -3.868868E+01 -5.502970E+01  1.445169E+00  1.353957E-01
       290   3  3.360001E+01  1.248250E+02 -2.987018E+01 -5.890866E+01  1.304532E+00  1.175075E+00
       290   4  2.784425E+01  1.171242E+02 -3.868868E+01 -5.765263E+01  1.021467E+00  1.031237E+00
       290   5  2.810159E+01  1.330478E+02 -2.905288E+01 -6.036411E+01 -1.118247E+01 -5.846988E+00
       290   6  2.220015E+01  1.249087E+02 -3.804656E+01 -5.907705E+01 -1.147323E+01 -5.974551E+00
       290   7  3.160746E+01  1.295419E+02 -2.905288E+01 -6.324130E+01 -1.161386E+01 -4.934872E+00
       290   8  2.563126E+01  1.214776E+02 -3.804656E+01 -6.189289E+01 -1.189693E+01 -5.078709E+00
       291   1  3.047259E+01  1.328894E+02 -2.465769E+01 -5.890924E+01  4.139827E-01 -3.457190E-01
       291   2  2.486103E+01  1.251720E+02 -3.325608E+01 -5.769794E+01  1.782425E-01 -4.491421E-01
       291   3  3.389396E+01  1.294681E+02 -2.465768E+01 -6.171709E+01 -4.616579E-03  5.393351E-01
       291   4  2.821206E+01  1.218209E+02 -3.325607E+01 -6.044805E+01 -2.341157E-01  4.227163E-01
       291   5  2.935231E+01  1.380896E+02 -2.343371E+01 -6.254473E+01 -1.201311E+01 -6.223298E+00
       291   6  2.355821E+01  1.300597E+02 -3.218061E+01 -6.125867E+01 -1.224885E+01 -6.326721E+00
       291   7  3.298482E+01  1.344571E+02 -2.343371E+01 -6.552586E+01 -1.243171E+01 -5.338244E+00
       291   8  2.711604E+01  1.265018E+02 -3.218061E+01 -6.417850E+01 -1.266121E+01 -5.454862E+00
       292   1  3.139809E+01  1.413349E+02 -1.474013E+01 -6.323466E+01 -2.115369E-01 -6.285895E-01
       292   2  2.573974E+01  1.334937E+02 -2.328360E+01 -6.197913E+01 -3.670395E-01 -6.968110E-01
       292   3  3.507068E+01  1.376623E+02 -1.474013E+01 -6.624867E+01 -6.201038E-01  2.352529E-01
       292   4  2.933940E+01  1.298941E+02 -2.328360E+01 -6.493330E+01 -7.714895E-01  1.583271E-01
       292   5  3.212376E+01  1.472726E+02 -1.274113E+01 -6.623255E+01 -1.235207E+01 -6.370632E+00
       292   6  2.632005E+01  1.391826E+02 -2.140285E+01 -6.491750E+01 -1.250757E+01 -6.438853E+00
       292   7  3.597046E+01  1.434259E+02 -1.274113E+01 -6.938946E+01 -1.276063E+01 -5.506789E+00
       292   8  3.009038E+01  1.354122E+02 -2.140285E+01 -6.801173E+01 -1.291202E+01 -5.583715E+00
       293   1  3.313929E+01  1.533096E+02 -2.140344E-01 -6.912088E+01 -2.053422E-01 -6.176618E-01
       293   2  2.736350E+01  1.452272E+02 -8.767115E+00 -6.779411E+01 -2.629937E-01 -6.429545E-01
       293   3  3.715373E+01  1.492952E+02 -2.140387E-01 -7.241546E+01 -6.077270E-01  2.331089E-01
       293   4  3.130089E+01  1.412898E+02 -8.767118E+00 -7.102545E+01 -6.638522E-01  2.045891E-01
       293   5  3.624744E+01  1.603714E+02  2.836961E+00 -7.139500E+01 -1.208109E+01 -6.234474E+00
       293   6  3.036507E+01  1.521065E+02 -5.802842E+00 -7.002457E+01 -1.213875E+01 -6.259767E+00
       293   7  4.039397E+01  1.562249E+02  2.836957E+00 -7.479797E+01 -1.248348E+01 -5.383703E+00
       293   8  3.443200E+01  1.480396E+02 -5.802846E+00 -7.336223E+01 -1.253960E+01 -5.412223E+00
       294   1  3.573719E+01  1.686963E+02  1.886551E+01 -7.647690E+01  3.954306E-01 -3.313596E-01
       294   2  2.977294E+01  1.602621E+02  1.022137E+01 -7.505616E+01  4.384498E-01 -3.124864E-01
       294   3  4.017887E+01  1.642547E+02  1.886551E+01 -8.012209E+01 -5.285806E-03  5.158844E-01
       294   4  3.413211E+01  1.559029E+02  1.022137E+01 -7.863364E+01  3.659449E-02  5.371656E-01
       294   5  4.136936E+01  1.770395E+02  2.305809E+01 -7.803621E+01 -1.128840E+01 -5.857402E+00
       294   6  3.533437E+01  1.684841E+02  1.435641E+01 -7.658651E+01 -1.124539E+01 -5.838529E+00
       294   7  4.590160E+01  1.725072E+02  2.305809E+01 -8.175573E+01 -1.168912E+01 -5.010158E+00
       294   8  3.978242E+01  1.640360E+02  1.435641E+01 -8.023693E+01 -1.164724E+01 -4.988877E+00
       295   1  3.899894E+01  1.863233E+02  4.108498E+01 -8.473964E+01  1.589864E+00  2.300302E-01
       295   2  3.272002E+01  1.773928E+02  3.209416E+01 -8.321448E+01  1.711290E+00  2.833017E-01
       295   3  4.392050E+01  1.814017E+02  4.108498E+01 -8.877867E+01  1.186414E+00  1.083051E+00
       295   4  3.755300E+01  1.725598E+02  3.209416E+01 -8.718081E+01  1.304626E+00  1.143120E+00
       295   5  4.661757E+01  1.956997E+02  4.618350E+01 -8.575070E+01 -1.037341E+01 -5.428175E+00
       295   6  4.029421E+01  1.866932E+02  3.715652E+01 -8.420734E+01 -1.025198E+01 -5.374903E+00
       295   7  5.159785E+01  1.907194E+02  4.618349E+01 -8.983792E+01 -1.077686E+01 -4.575154E+00
       295   8  4.518486E+01  1.818025E+02  3.715652E+01 -8.822100E+01 -1.065864E+01 -4.515085E+00
       296   1  3.919037E+01  1.898491E+02  4.646885E+01 -8.665751E+01  3.457691E+00  1.105850E+00
       296   2  3.273673E+01  1.807658E+02  3.702346E+01 -8.514498E+01  3.610530E+00  1.172903E+00
       296   3  4.422334E+01  1.848161E+02  4.646886E+01 -9.078795E+01  3.048369E+00  1.971287E+00
       296   4  3.768185E+01  1.758207E+02  3.702346E+01 -8.920333E+01  3.197162E+00  2.046895E+00
       296   5  4.757723E+01  1.995921E+02  5.190783E+01 -8.743760E+01 -9.468262E+00 -5.007670E+00
       296   6  4.109034E+01  1.904520E+02  4.243539E+01 -8.591145E+01 -9.315423E+00 -4.940617E+00
       296   7  5.265550E+01  1.945139E+02  5.190783E+01 -9.160522E+01 -9.877583E+00 -4.142233E+00
       296   8  4.607997E+01  1.854624E+02  4.243539E+01 -9.000633E+01 -9.728790E+00 -4.066625E+00
       297   1  4.260503E+01  1.151057E+02 -3.045377E+01 -6.342578E+01  3.739530E+00  1.633709E+00
       297   2  3.637112E+01  1.072667E+02 -3.986645E+01 -6.202159E+01  3.437096E+00  1.463902E+00
       297   3  4.625836E+01  1.114524E+02 -3.045377E+01 -6.537852E+01  3.203605E+00  2.527846E+00
       297   4  3.994357E+01  1.036942E+02 -3.986645E+01 -6.393110E+01  2.911282E+00  2.341170E+00
       297   5  4.101000E+01  1.193952E+02 -2.964543E+01 -6.857373E+01 -9.566941E+00 -6.341883E+00
       297   6  3.451317E+01  1.111630E+02 -3.925494E+01 -6.705557E+01 -9.869375E+00 -6.511690E+00
       297   7  4.495984E+01  1.154453E+02 -2.964544E+01 -7.068497E+01 -1.010287E+01 -5.447746E+00
       297   8  3.837557E+01  1.073006E+02 -3.925494E+01 -6.912006E+01 -1.039519E+01 -5.634422E+00
       298   1  4.224317E+01  1.161819E+02 -2.987018E+01 -6.468382E+01  1.701798E+00  4.318424E-01
       298   2  3.630312E+01  1.086653E+02 -3.868868E+01 -6.330466E+01  1.424939E+00  2.763950E-01
       298   3  4.596896E+01  1.124561E+02 -2.987018E+01 -6.667530E+01  1.183073E+00  1.297283E+00
       298   4  3.994947E+01  1.050190E+02 -3.868868E+01 -6.525368E+01  9.154704E-01  1.126393E+00
       298   5  4.088630E+01  1.202631E+02 -2.905287E+01 -6.944122E+01 -1.055551E+01 -6.914907E+00
       298   6  3.471227E+01  1.123966E+02 -3.804656E+01 -6.796062E+01 -1.083237E+01 -7.070354E+00
       298   7  4.488612E+01  1.162633E+02 -2.905287E+01 -7.157917E+01 -1.107424E+01 -6.049466E+00
       298   8  3.862680E+01  1.084821E+02 -3.804655E+01 -7.005299E+01 -1.134184E+01 -6.220357E+00
       299   1  4.294917E+01  1.204128E+02 -2.465768E+01 -6.776758E+01  4.458758E-01 -3.034768E-01
       299   2  3.708107E+01  1.129519E+02 -3.325607E+01 -6.637413E+01  2.214079E-01 -4.295084E-01
       299   3  4.685258E+01  1.165094E+02 -2.465768E+01 -6.985400E+01 -5.745841E-02  5.362856E-01
       299   4  4.090422E+01  1.091288E+02 -3.325607E+01 -6.841765E+01 -2.744217E-01  3.977335E-01
       299   5  4.259886E+01  1.248431E+02 -2.343371E+01 -7.194975E+01 -1.134528E+01 -7.370822E+00
       299   6  3.653238E+01  1.170855E+02 -3.218061E+01 -7.047031E+01 -1.156975E+01 -7.496853E+00
       299   7  4.674317E+01  1.206988E+02 -2.343370E+01 -7.416493E+01 -1.184861E+01 -6.531059E+00
       299   8  4.059148E+01  1.130264E+02 -3.218061E+01 -7.263993E+01 -1.206557E+01 -6.669611E+00
       300   1  4.479076E+01  1.279422E+02 -1.474013E+01 -7.274343E+01 -1.489057E-01 -6.462969E-01
       300   2  3.886649E+01  1.203670E+02 -2.328360E+01 -7.129910E+01 -2.969726E-01 -7.294318E-01
       300   3  4.898079E+01  1.237522E+02 -1.474013E+01 -7.498304E+01 -6.401768E-01  1.733392E-01
       300   4  4.297333E+01  1.162601E+02 -2.328360E+01 -7.349425E+01 -7.832936E-01  8.194532E-02
       300   5  4.615136E+01  1.332450E+02 -1.274113E+01 -7.619212E+01 -1.166816E+01 -7.550670E+00
       300   6  4.006914E+01  1.254335E+02 -2.140286E+01 -7.467932E+01 -1.181622E+01 -7.633805E+00
       300   7  5.054003E+01  1.288563E+02 -1.274113E+01 -7.853791E+01 -1.215943E+01 -6.731034E+00
       300   8  4.437067E+01  1.211319E+02 -2.140286E+01 -7.697854E+01 -1.230254E+01 -6.822428E+00
       301   1  4.777862E+01  1.386703E+02 -2.140400E-01 -7.951478E+01 -1.438120E-01 -6.348147E-01
       301   2  4.172183E+01  1.308688E+02 -8.767119E+00 -7.798850E+01 -1.987068E-01 -6.656364E-01
       301   3  5.235868E+01  1.340902E+02 -2.140387E-01 -8.196287E+01 -6.276493E-01  1.724187E-01
       301   4  4.621398E+01  1.263767E+02 -8.767117E+00 -8.038960E+01 -6.807089E-01  1.385350E-01
       301   5  5.136842E+01  1.452505E+02  2.836955E+00 -8.213086E+01 -1.141184E+01 -7.388608E+00
       301   6  4.519579E+01  1.372758E+02 -5.802846E+00 -8.055436E+01 -1.146673E+01 -7.419429E+00
       301   7  5.609916E+01  1.405197E+02  2.836957E+00 -8.465949E+01 -1.189567E+01 -6.581374E+00
       301   8  4.983573E+01  1.326358E+02 -5.802845E+00 -8.303446E+01 -1.194873E+01 -6.615258E+00
       302   1  5.193448E+01  1.524991E+02  1.886551E+01 -8.797694E+01  4.260055E-01 -2.910049E-01
       302   2  4.566933E+01  1.443657E+02  1.022137E+01 -8.634256E+01  4.669677E-01 -2.680060E-01
       302   3  5.700196E+01  1.474316E+02  1.886551E+01 -9.068556E+01 -5.582582E-02  5.128821E-01
       302   4  5.064267E+01  1.393923E+02  1.022137E+01 -8.900086E+01 -1.623310E-02  5.381659E-01
       302   5  5.789690E+01  1.605119E+02  2.305809E+01 -8.977073E+01 -1.065992E+01 -6.935654E+00
       302   6  5.155487E+01  1.522636E+02  1.435640E+01 -8.810303E+01 -1.061896E+01 -6.912655E+00
       302   7  6.306770E+01  1.553411E+02  2.305809E+01 -9.253458E+01 -1.114175E+01 -6.131767E+00
       302   8  5.662962E+01  1.471888E+02  1.435641E+01 -9.081553E+01 -1.110216E+01 -6.106483E+00
       303   1  5.694621E+01  1.683760E+02  4.108498E+01 -9.748217E+01  1.559661E+00  3.847563E-01
       303   2  5.034428E+01  1.597685E+02  3.209416E+01 -9.572767E+01  1.675280E+00  4.496731E-01
       303   3  6.256119E+01  1.627610E+02  4.108498E+01 -1.004834E+02  1.074543E+00  1.194125E+00
       303   4  5.585820E+01  1.542546E+02  3.209416E+01 -9.867492E+01  1.186298E+00  1.265491E+00
       303   5  6.477898E+01  1.775383E+02  4.618349E+01 -9.864526E+01 -9.791401E+00 -6.418808E+00
       303   6  5.812875E+01  1.688586E+02  3.715652E+01 -9.686983E+01 -9.675781E+00 -6.353891E+00
       303   7  7.046095E+01  1.718563E+02  4.618349E+01 -1.016823E+02 -1.027652E+01 -5.609439E+00
       303   8  6.370846E+01  1.632789E+02  3.715652E+01 -9.985224E+01 -1.016476E+01 -5.538074E+00
       304   1  5.754385E+01  1.714956E+02  4.646885E+01 -9.968843E+01  3.332649E+00  1.439438E+00
       304   2  5.076987E+01  1.627327E+02  3.702346E+01 -9.794846E+01  3.478179E+00  1.521149E+00
       304   3  6.328591E+01  1.657535E+02  4.646886E+01 -1.027576E+02  2.840471E+00  2.260587E+00
       304   4  5.641171E+01  1.570908E+02  3.702346E+01 -1.009641E+02  2.981136E+00  2.350416E+00
       304   5  6.609592E+01  1.810735E+02  5.190783E+01 -1.005858E+02 -8.931832E+00 -5.911609E+00
       304   6  5.928580E+01  1.722565E+02  4.243539E+01 -9.883019E+01 -8.786301E+00 -5.829898E+00
       304   7  7.188967E+01  1.752797E+02  5.190783E+01 -1.036826E+02 -9.424010E+00 -5.090459E+00
       304   8  6.497843E+01  1.665639E+02  4.243539E+01 -1.018730E+02 -9.283345E+00 -5.000631E+00
       305   1  5.567534E+01  1.020354E+02 -3.045376E+01 -6.927916E+01  3.561391E+00  1.992380E+00
       305   2  4.915206E+01  9.448576E+01 -3.986644E+01 -6.774538E+01  3.277058E+00  1.793747E+00
       305   3  5.963943E+01  9.807132E+01 -3.045376E+01 -7.048166E+01  2.940406E+00  2.829682E+00
       305   4  5.302839E+01  9.060942E+01 -3.986644E+01 -6.892125E+01  2.667789E+00  2.615252E+00
       305   5  5.514115E+01  1.052640E+02 -2.964543E+01 -7.490221E+01 -8.899261E+00 -7.249069E+00
       305   6  4.833147E+01  9.734468E+01 -3.925494E+01 -7.324393E+01 -9.183594E+00 -7.447702E+00
       305   7  5.942699E+01  1.009782E+02 -2.964543E+01 -7.620230E+01 -9.520246E+00 -6.411768E+00
       305   8  5.252242E+01  9.315372E+01 -3.925494E+01 -7.451524E+01 -9.792863E+00 -6.626198E+00
       306   1  5.557271E+01  1.028523E+02 -2.987018E+01 -7.065330E+01  1.651275E+00  5.965684E-01
       306   2  4.934845E+01  9.562000E+01 -3.868868E+01 -6.914686E+01  1.390986E+00  4.147325E-01
       306   3  5.961543E+01  9.880961E+01 -2.987018E+01 -7.187965E+01  1.050220E+00  1.406998E+00
       306   4  5.330498E+01  9.166347E+01 -3.868868E+01 -7.034706E+01  8.006563E-01  1.210701E+00
       306   5  5.519622E+01  1.059532E+02 -2.905287E+01 -7.584975E+01 -9.826906E+00 -7.916231E+00
       306   6  4.871706E+01  9.839181E+01 -3.804656E+01 -7.423251E+01 -1.008720E+01 -8.098067E+00
       306   7  5.953627E+01  1.016131E+02 -2.905287E+01 -7.716629E+01 -1.042796E+01 -7.105802E+00
       306   8  5.296459E+01  9.414429E+01 -3.804655E+01 -7.552098E+01 -1.067753E+01 -7.302099E+00
       307   1  5.691419E+01  1.064478E+02 -2.465768E+01 -7.402165E+01  4.734748E-01 -2.583121E-01
       307   2  5.075894E+01  9.927406E+01 -3.325607E+01 -7.249960E+01  2.624412E-01 -4.057385E-01
       307   3  6.114964E+01  1.022124E+02 -2.465768E+01 -7.530646E+01 -1.097470E-01  5.280711E-01
       307   4  5.490730E+01  9.512569E+01 -3.325607E+01 -7.375800E+01 -3.120851E-01  3.689201E-01
       307   5  5.742571E+01  1.100162E+02 -2.343370E+01 -7.858978E+01 -1.056818E+01 -8.447361E+00
       307   6  5.105436E+01  1.025635E+02 -3.218061E+01 -7.697380E+01 -1.077921E+01 -8.594787E+00
       307   7  6.192254E+01  1.055194E+02 -2.343371E+01 -7.995388E+01 -1.115140E+01 -7.660978E+00
       307   8  5.545873E+01  9.815914E+01 -3.218061E+01 -7.830985E+01 -1.135374E+01 -7.820129E+00
       308   1  5.978117E+01  1.129518E+02 -1.474013E+01 -7.945670E+01 -8.484038E-02 -6.577801E-01
       308   2  5.355926E+01  1.056742E+02 -2.328360E+01 -7.787908E+01 -2.240457E-01 -7.550278E-01
       308   3  6.432761E+01  1.084054E+02 -1.474013E+01 -8.083585E+01 -6.540843E-01  1.097562E-01
       308   4  5.801543E+01  1.012180E+02 -2.328360E+01 -7.923085E+01 -7.875537E-01  4.774508E-03
       308   5  6.185245E+01  1.175439E+02 -1.274113E+01 -8.322367E+01 -1.087188E+01 -8.657991E+00
       308   6  5.545848E+01  1.100441E+02 -2.140285E+01 -8.157125E+01 -1.101108E+01 -8.755238E+00
       308   7  6.661443E+01  1.127819E+02 -1.274113E+01 -8.466820E+01 -1.144112E+01 -7.890454E+00
       308   8  6.012591E+01  1.053767E+02 -2.140285E+01 -8.298710E+01 -1.157459E+01 -7.995436E+00
       309   1  6.416441E+01  1.222845E+02 -2.140392E-01 -8.685297E+01 -8.089696E-02 -6.458540E-01
       309   2  5.779310E+01  1.147976E+02 -8.767119E+00 -8.518583E+01 -1.325064E-01 -6.819079E-01
       309   3  6.913406E+01  1.173148E+02 -2.140387E-01 -8.836049E+01 -6.415269E-01  1.100680E-01
       309   4  6.266736E+01  1.099233E+02 -8.767119E+00 -8.666442E+01 -6.910098E-01  7.114671E-02
       309   5  6.829331E+01  1.283256E+02  2.836956E+00 -8.971048E+01 -1.063267E+01 -8.471585E+00
       309   6  6.179582E+01  1.206758E+02 -5.802847E+00 -8.798849E+01 -1.068428E+01 -8.507639E+00
       309   7  7.342647E+01  1.231924E+02  2.836957E+00 -9.126760E+01 -1.119330E+01 -7.715663E+00
       309   8  6.683044E+01  1.156411E+02 -5.802847E+00 -8.951572E+01 -1.124279E+01 -7.754584E+00
       310   1  7.006409E+01  1.343694E+02  1.886550E+01 -9.609607E+01  4.524774E-01 -2.478480E-01
       310   2  6.346213E+01  1.265729E+02  1.022137E+01 -9.431086E+01  4.909881E-01 -2.209449E-01
       310   3  7.556262E+01  1.288709E+02  1.886550E+01 -9.776403E+01 -1.058285E-01  5.049402E-01
       310   4  6.885852E+01  1.211765E+02  1.022137E+01 -9.594783E+01 -6.890472E-02  5.339830E-01
       310   5  7.639616E+01  1.420127E+02  2.305809E+01 -9.805541E+01 -9.928779E+00 -7.947112E+00
       310   6  6.971046E+01  1.341080E+02  1.435640E+01 -9.623380E+01 -9.890268E+00 -7.920209E+00
       310   7  8.200680E+01  1.364020E+02  2.305809E+01 -9.975738E+01 -1.048708E+01 -7.194324E+00
       310   8  7.521688E+01  1.286016E+02  1.435640E+01 -9.790415E+01 -1.045016E+01 -7.165281E+00
       311   1  7.703459E+01  1.482876E+02  4.108498E+01 -1.064785E+02  1.514437E+00  5.357768E-01
       311   2  7.007110E+01  1.400417E+02  3.209416E+01 -1.045621E+02  1.623138E+00  6.117138E-01
       311   3  8.312720E+01  1.421950E+02  4.108498E+01 -1.083267E+02  9.523244E-01  1.293698E+00
       311   4  7.605405E+01  1.340588E+02  3.209416E+01 -1.063770E+02  1.056546E+00  1.375675E+00
       311   5  8.510704E+01  1.572102E+02  4.618349E+01 -1.077489E+02 -9.115100E+00 -7.347625E+00
       311   6  7.809094E+01  1.488964E+02  3.715652E+01 -1.058097E+02 -9.006399E+00 -7.271688E+00
       311   7  9.127234E+01  1.510449E+02  4.618350E+01 -1.096192E+02 -9.677213E+00 -6.589704E+00
       311   8  8.414528E+01  1.428421E+02  3.715652E+01 -1.076462E+02 -9.572991E+00 -6.507727E+00
       312   1  7.808687E+01  1.509526E+02  4.646885E+01 -1.088884E+02  3.175511E+00  1.759163E+00
       312   2  7.095433E+01  1.425482E+02  3.702346E+01 -1.069878E+02  3.312332E+00  1.854745E+00
       312   3  8.431737E+01  1.447221E+02  4.646885E+01 -1.107784E+02  2.605217E+00  2.528117E+00
       312   4  7.707608E+01  1.364265E+02  3.702346E+01 -1.088449E+02  2.736400E+00  2.631300E+00
       312   5  8.682387E+01  1.603455E+02  5.190783E+01 -1.098686E+02 -8.309384E+00 -6.758616E+00
       312   6  7.965197E+01  1.518903E+02  4.243539E+01 -1.079509E+02 -8.172563E+00 -6.663034E+00
       312   7  9.311045E+01  1.540589E+02  5.190783E+01 -1.117756E+02 -8.879679E+00 -5.989662E+00
       312   8  8.582882E+01  1.457135E+02  4.243539E+01 -1.098247E+02 -8.748495E+00 -5.886478E+00
       313   1  6.963643E+01  8.807431E+01 -3.045377E+01 -7.247018E+01  3.348955E+00  2.331864E+00
       313   2  6.280406E+01  8.083375E+01 -3.986644E+01 -7.086575E+01  3.085460E+00  2.106318E+00
       313   3  7.375894E+01  8.395179E+01 -3.045377E+01 -7.287622E+01  2.648890E+00  3.104266E+00
       313   4  6.683531E+01  7.680250E+01 -3.986645E+01 -7.126280E+01  2.398603E+00  2.864147E+00
       313   5  7.023539E+01  9.016979E+01 -2.964543E+01 -7.835222E+01 -8.145875E+00 -8.086443E+00
       313   6  6.309154E+01  8.258461E+01 -3.925494E+01 -7.661757E+01 -8.409370E+00 -8.311989E+00
       313   7  7.469251E+01  8.571266E+01 -2.964543E+01 -7.879121E+01 -8.845940E+00 -7.314040E+00
       313   8  6.744998E+01  7.822616E+01 -3.925494E+01 -7.704684E+01 -9.096227E+00 -7.554159E+00
       314   1  6.981072E+01  8.861432E+01 -2.987018E+01 -7.390762E+01  1.584850E+00  7.555490E-01
       314   2  6.328289E+01  8.168556E+01 -3.868868E+01 -7.233179E+01  1.343637E+00  5.490758E-01
       314   3  7.401500E+01  8.441003E+01 -2.987018E+01 -7.432171E+01  9.072530E-01  1.503162E+00
       314   4  6.739753E+01  7.757092E+01 -3.868869E+01 -7.273705E+01  6.781313E-01  1.283348E+00
       314   5  7.048141E+01  9.066799E+01 -2.905287E+01 -7.934341E+01 -9.003660E+00 -8.841318E+00
       314   6  6.367635E+01  8.343252E+01 -3.804656E+01 -7.765169E+01 -9.244873E+00 -9.047791E+00
       314   7  7.499491E+01  8.615448E+01 -2.905287E+01 -7.978796E+01 -9.681257E+00 -8.093705E+00
       314   8  6.809362E+01  7.901525E+01 -3.804656E+01 -7.808675E+01 -9.910379E+00 -8.313518E+00
       315   1  7.183098E+01  9.153103E+01 -2.465768E+01 -7.743111E+01  4.965139E-01 -2.106597E-01
       315   2  6.536901E+01  8.466398E+01 -3.325607E+01 -7.583896E+01  3.009468E-01 -3.780611E-01
       315   3  7.623571E+01  8.712631E+01 -2.465769E+01 -7.786494E+01 -1.609786E-01  5.147712E-01
       315   4  6.968316E+01  8.034983E+01 -3.325608E+01 -7.626387E+01 -3.467429E-01  3.365538E-01
       315   5  7.326307E+01  9.417888E+01 -2.343371E+01 -8.220965E+01 -9.689305E+00 -9.442548E+00
       315   6  6.656607E+01  8.705180E+01 -3.218061E+01 -8.051924E+01 -9.884872E+00 -9.609949E+00
       315   7  7.793962E+01  8.950232E+01 -2.343371E+01 -8.267026E+01 -1.034680E+01 -8.717117E+00
       315   8  7.114646E+01  8.247140E+01 -3.218061E+01 -8.097037E+01 -1.053256E+01 -8.895334E+00
       316   1  7.579322E+01  9.693976E+01 -1.474013E+01 -8.311650E+01 -1.995837E-02 -6.629287E-01
       316   2  6.925340E+01  8.998007E+01 -2.328360E+01 -8.146622E+01 -1.489614E-01 -7.733526E-01
       316   3  8.052137E+01  9.221162E+01 -1.474013E+01 -8.358218E+01 -6.616928E-01  4.511614E-02
       316   4  7.388767E+01  8.534580E+01 -2.328360E+01 -8.192265E+01 -7.842294E-01 -7.244222E-02
       316   5  7.862362E+01  1.007727E+02 -1.274113E+01 -8.705698E+01 -9.970893E+00 -9.681930E+00
       316   6  7.189666E+01  9.360596E+01 -2.140285E+01 -8.532845E+01 -1.009990E+01 -9.792354E+00
       316   7  8.357592E+01  9.582039E+01 -1.274113E+01 -8.754474E+01 -1.061263E+01 -8.973885E+00
       316   8  7.675063E+01  8.875199E+01 -2.140286E+01 -8.580653E+01 -1.073516E+01 -9.091444E+00
       317   1  8.166696E+01  1.047819E+02 -2.140381E-01 -9.085344E+01 -1.720277E-02 -6.506735E-01
       317   2  7.495969E+01  9.763097E+01 -8.767121E+00 -8.910951E+01 -6.502977E-02 -6.916124E-01
       317   3  8.683523E+01  9.961366E+01 -2.140374E-01 -9.136247E+01 -6.492266E-01  4.665722E-02
       317   4  8.002875E+01  9.256190E+01 -8.767120E+00 -8.960877E+01 -6.946562E-01  3.073184E-03
       317   5  8.637171E+01  1.102472E+02  2.836957E+00 -9.384257E+01 -9.751114E+00 -9.472977E+00
       317   6  7.952719E+01  1.029444E+02 -5.802849E+00 -9.204126E+01 -9.798941E+00 -9.513916E+00
       317   7  9.171001E+01  1.049089E+02  2.836958E+00 -9.436835E+01 -1.038314E+01 -8.775646E+00
       317   8  8.476303E+01  9.770853E+01 -5.802848E+00 -9.255695E+01 -1.042857E+01 -8.819230E+00
       318   1  8.942931E+01  1.150042E+02  1.886551E+01 -1.005223E+02  4.745920E-01 -2.023039E-01
       318   2  8.246760E+01  1.075674E+02  1.022137E+01 -9.865485E+01  5.102803E-01 -1.717556E-01
       318   3  9.514759E+01  1.092859E+02  1.886550E+01 -1.010855E+02 -1.548118E-01  4.921358E-01
       318   4  8.807965E+01  1.019553E+02  1.022137E+01 -9.920759E+01 -1.209125E-01  5.246578E-01
       318   5  9.615622E+01  1.222526E+02  2.305809E+01 -1.025719E+02 -9.102015E+00 -8.882035E+00
       318   6  8.910344E+01  1.147150E+02  1.435641E+01 -1.006664E+02 -9.066327E+00 -8.851486E+00
       318   7  1.019911E+02  1.164177E+02  2.305809E+01 -1.031466E+02 -9.731419E+00 -8.187595E+00
       318   8  9.482992E+01  1.089885E+02  1.435640E+01 -1.012304E+02 -9.697520E+00 -8.155073E+00
       319   1  9.849206E+01  1.268302E+02  4.108498E+01 -1.113829E+02  1.454630E+00  6.816376E-01
       319   2  9.114237E+01  1.189704E+02  3.209415E+01 -1.093783E+02  1.555363E+00  7.678635E-01
       319   3  1.048282E+02  1.204941E+02  4.108498E+01 -1.120070E+02  8.209342E-01  1.380813E+00
       319   4  9.736444E+01  1.127484E+02  3.209415E+01 -1.099911E+02  9.166185E-01  1.472610E+00
       319   5  1.068205E+02  1.354967E+02  4.618349E+01 -1.127119E+02 -8.351015E+00 -8.205681E+00
       319   6  9.941363E+01  1.275737E+02  3.715651E+01 -1.106833E+02 -8.250281E+00 -8.119455E+00
       319   7  1.132322E+02  1.290850E+02  4.618349E+01 -1.133434E+02 -8.984710E+00 -7.506505E+00
       319   8  1.057099E+02  1.212774E+02  3.715651E+01 -1.113034E+02 -8.889026E+00 -7.414708E+00
       320   1  1.000300E+02  1.290094E+02  4.646885E+01 -1.139038E+02  2.987792E+00  2.061947E+00
       320   2  9.251443E+01  1.209881E+02  3.702345E+01 -1.119157E+02  3.114586E+00  2.170479E+00
       320   3  1.065095E+02  1.225299E+02  4.646885E+01 -1.145420E+02  2.344873E+00  2.771299E+00
       320   4  9.888085E+01  1.146217E+02  3.702345E+01 -1.125428E+02  2.465311E+00  2.886844E+00
       320   5  1.089645E+02  1.382048E+02  5.190782E+01 -1.149292E+02 -7.606912E+00 -7.540533E+00
       320   6  1.014062E+02  1.301361E+02  4.243538E+01 -1.129232E+02 -7.480118E+00 -7.432001E+00
       320   7  1.155023E+02  1.316670E+02  5.190783E+01 -1.155731E+02 -8.249831E+00 -6.831181E+00
       320   8  1.078299E+02  1.237124E+02  4.243538E+01 -1.135559E+02 -8.129393E+00 -6.715636E+00
       321   1  8.395179E+01  7.375894E+01 -3.045377E+01 -7.287622E+01  3.104266E+00  2.648890E+00
       321   2  7.680250E+01  6.683531E+01 -3.986645E+01 -7.126280E+01  2.864147E+00  2.398603E+00
       321   3  8.807431E+01  6.963643E+01 -3.045377E+01 -7.247018E+01  2.331864E+00  3.348955E+00
       321   4  8.083375E+01  6.280406E+01 -3.986644E+01 -7.086575E+01  2.106318E+00  3.085460E+00
       321   5  8.571266E+01  7.469251E+01 -2.964543E+01 -7.879121E+01 -7.314040E+00 -8.845940E+00
       321   6  7.822616E+01  6.744998E+01 -3.925494E+01 -7.704684E+01 -7.554159E+00 -9.096227E+00
       321   7  9.016979E+01  7.023539E+01 -2.964543E+01 -7.835222E+01 -8.086443E+00 -8.145875E+00
       321   8  8.258461E+01  6.309154E+01 -3.925494E+01 -7.661757E+01 -8.311989E+00 -8.409370E+00
       322   1  8.441003E+01  7.401500E+01 -2.987018E+01 -7.432171E+01  1.503162E+00  9.072530E-01
       322   2  7.757092E+01  6.739753E+01 -3.868869E+01 -7.273705E+01  1.283348E+00  6.781313E-01
       322   3  8.861432E+01  6.981072E+01 -2.987018E+01 -7.390762E+01  7.555490E-01  1.584850E+00
       322   4  8.168556E+01  6.328289E+01 -3.868868E+01 -7.233179E+01  5.490758E-01  1.343637E+00
       322   5  8.615448E+01  7.499491E+01 -2.905287E+01 -7.978796E+01 -8.093705E+00 -9.681257E+00
       322   6  7.901525E+01  6.809362E+01 -3.804656E+01 -7.808675E+01 -8.313518E+00 -9.910379E+00
       322   7  9.066799E+01  7.048141E+01 -2.905287E+01 -7.934341E+01 -8.841318E+00 -9.003660E+00
       322   8  8.343252E+01  6.367635E+01 -3.804656E+01 -7.765169E+01 -9.047791E+00 -9.244873E+00
       323   1  8.712631E+01  7.623571E+01 -2.465769E+01 -7.786494E+01  5.147712E-01 -1.609786E-01
       323   2  8.034983E+01  6.968316E+01 -3.325608E+01 -7.626387E+01  3.365538E-01 -3.467429E-01
       323   3  9.153103E+01  7.183098E+01 -2.465768E+01 -7.743111E+01 -2.106597E-01  4.965139E-01
       323   4  8.466398E+01  6.536901E+01 -3.325607E+01 -7.583896E+01 -3.780611E-01  3.009468E-01
       323   5  8.950232E+01  7.793962E+01 -2.343371E+01 -8.267026E+01 -8.717117E+00 -1.034680E+01
       323   6  8.247140E+01  7.114646E+01 -3.218061E+01 -8.097037E+01 -8.895334E+00 -1.053256E+01
       323   7  9.417888E+01  7.326307E+01 -2.343371E+01 -8.220965E+01 -9.442548E+00 -9.689305E+00
       323   8  8.705180E+01  6.656607E+01 -3.218061E+01 -8.051924E+01 -9.609949E+00 -9.884872E+00
       324   1  9.221162E+01  8.052137E+01 -1.474013E+01 -8.358218E+01  4.511614E-02 -6.616928E-01
       324   2  8.534580E+01  7.388767E+01 -2.328360E+01 -8.192265E+01 -7.244222E-02 -7.842294E-01
       324   3  9.693976E+01  7.579322E+01 -1.474013E+01 -8.311650E+01 -6.629287E-01 -1.995837E-02
       324   4  8.998007E+01  6.925340E+01 -2.328360E+01 -8.146622E+01 -7.733526E-01 -1.489614E-01
       324   5  9.582039E+01  8.357592E+01 -1.274113E+01 -8.754474E+01 -8.973885E+00 -1.061263E+01
       324   6  8.875199E+01  7.675063E+01 -2.140286E+01 -8.580653E+01 -9.091444E+00 -1.073516E+01
       324   7  1.007727E+02  7.862362E+01 -1.274113E+01 -8.705698E+01 -9.681930E+00 -9.970893E+00
       324   8  9.360596E+01  7.189666E+01 -2.140285E+01 -8.532845E+01 -9.792354E+00 -1.009990E+01
       325   1  9.961366E+01  8.683523E+01 -2.140374E-01 -9.136247E+01  4.665722E-02 -6.492266E-01
       325   2  9.256190E+01  8.002875E+01 -8.767120E+00 -8.960877E+01  3.073184E-03 -6.946562E-01
       325   3  1.047819E+02  8.166696E+01 -2.140381E-01 -9.085344E+01 -6.506735E-01 -1.720277E-02
       325   4  9.763097E+01  7.495969E+01 -8.767121E+00 -8.910951E+01 -6.916124E-01 -6.502977E-02
       325   5  1.049089E+02  9.171001E+01  2.836958E+00 -9.436835E+01 -8.775646E+00 -1.038314E+01
       325   6  9.770853E+01  8.476303E+01 -5.802848E+00 -9.255695E+01 -8.819230E+00 -1.042857E+01
       325   7  1.102472E+02  8.637171E+01  2.836957E+00 -9.384257E+01 -9.472977E+00 -9.751114E+00
       325   8  1.029444E+02  7.952719E+01 -5.802849E+00 -9.204126E+01 -9.513916E+00 -9.798941E+00
       326   1  1.092859E+02  9.514759E+01  1.886550E+01 -1.010855E+02  4.921358E-01 -1.548118E-01
       326   2  1.019553E+02  8.807965E+01  1.022137E+01 -9.920759E+01  5.246578E-01 -1.209125E-01
       326   3  1.150042E+02  8.942931E+01  1.886551E+01 -1.005223E+02 -2.023039E-01  4.745920E-01
       326   4  1.075674E+02  8.246760E+01  1.022137E+01 -9.865485E+01 -1.717556E-01  5.102803E-01
       326   5  1.164177E+02  1.019911E+02  2.305809E+01 -1.031466E+02 -8.187595E+00 -9.731419E+00
       326   6  1.089885E+02  9.482992E+01  1.435640E+01 -1.012304E+02 -8.155073E+00 -9.697520E+00
       326   7  1.222526E+02  9.615622E+01  2.305809E+01 -1.025719E+02 -8.882035E+00 -9.102015E+00
       326   8  1.147150E+02  8.910344E+01  1.435641E+01 -1.006664E+02 -8.851486E+00 -9.066327E+00
       327   1  1.204941E+02  1.048282E+02  4.108498E+01 -1.120070E+02  1.380813E+00  8.209342E-01
       327   2  1.127484E+02  9.736444E+01  3.209415E+01 -1.099911E+02  1.472610E+00  9.166185E-01
       327   3  1.268302E+02  9.849206E+01  4.108498E+01 -1.113829E+02  6.816376E-01  1.454630E+00
       327   4  1.189704E+02  9.114237E+01  3.209415E+01 -1.093783E+02  7.678635E-01  1.555363E+00
       327   5  1.290850E+02  1.132322E+02  4.618349E+01 -1.133434E+02 -7.506505E+00 -8.984710E+00
       327   6  1.212774E+02  1.057099E+02  3.715651E+01 -1.113034E+02 -7.414708E+00 -8.889026E+00
       327   7  1.354967E+02  1.068205E+02  4.618349E+01 -1.127119E+02 -8.205681E+00 -8.351015E+00
       327   8  1.275737E+02  9.941363E+01  3.715651E+01 -1.106833E+02 -8.119455E+00 -8.250281E+00
       328   1  1.225299E+02  1.065095E+02  4.646885E+01 -1.145420E+02  2.771299E+00  2.344873E+00
       328   2  1.146217E+02  9.888085E+01  3.702345E+01 -1.125428E+02  2.886844E+00  2.465311E+00
       328   3  1.290094E+02  1.000300E+02  4.646885E+01 -1.139038E+02  2.061947E+00  2.987792E+00
       328   4  1.209881E+02  9.251443E+01  3.702345E+01 -1.119157E+02  2.170479E+00  3.114586E+00
       328   5  1.316670E+02  1.155023E+02  5.190783E+01 -1.155731E+02 -6.831181E+00 -8.249831E+00
       328   6  1.237124E+02  1.078299E+02  4.243538E+01 -1.135559E+02 -6.715636E+00 -8.129393E+00
       328   7  1.382048E+02  1.089645E+02  5.190782E+01 -1.149292E+02 -7.540533E+00 -7.606912E+00
       328   8  1.301361E+02  1.014062E+02  4.243538E+01 -1.129232E+02 -7.432001E+00 -7.480118E+00
       329   1  9.807132E+01  5.963943E+01 -3.045376E+01 -7.048166E+01  2.829682E+00  2.940406E+00
       329   2  9.060942E+01  5.302839E+01 -3.986644E+01 -6.892125E+01  2.615252E+00  2.667789E+00
       329   3  1.020354E+02  5.567534E+01 -3.045376E+01 -6.927916E+01  1.992380E+00  3.561391E+00
       329   4  9.448576E+01  4.915206E+01 -3.986644E+01 -6.774538E+01  1.793747E+00  3.277058E+00
       329   5  1.009782E+02  5.942699E+01 -2.964543E+01 -7.620230E+01 -6.411768E+00 -9.520246E+00
       329   6  9.315372E+01  5.252242E+01 -3.925494E+01 -7.451524E+01 -6.626198E+00 -9.792863E+00
       329   7  1.052640E+02  5.514115E+01 -2.964543E+01 -7.490221E+01 -7.249069E+00 -8.899261E+00
       329   8  9.734468E+01  4.833147E+01 -3.925494E+01 -7.324393E+01 -7.447702E+00 -9.183594E+00
       330   1  9.880961E+01  5.961543E+01 -2.987018E+01 -7.187965E+01  1.406998E+00  1.050220E+00
       330   2  9.166347E+01  5.330498E+01 -3.868868E+01 -7.034706E+01  1.210701E+00  8.006563E-01
       330   3  1.028523E+02  5.557271E+01 -2.987018E+01 -7.065330E+01  5.965684E-01  1.651275E+00
       330   4  9.562000E+01  4.934845E+01 -3.868868E+01 -6.914686E+01  4.147325E-01  1.390986E+00
       330   5  1.016131E+02  5.953627E+01 -2.905287E+01 -7.716629E+01 -7.105802E+00 -1.042796E+01
       330   6  9.414429E+01  5.296459E+01 -3.804655E+01 -7.552098E+01 -7.302099E+00 -1.067753E+01
       330   7  1.059532E+02  5.519622E+01 -2.905287E+01 -7.584975E+01 -7.916231E+00 -9.826906E+00
       330   8  9.839181E+01  4.871706E+01 -3.804656E+01 -7.423251E+01 -8.098067E+00 -1.008720E+01
       331   1  1.022124E+02  6.114964E+01 -2.465768E+01 -7.530646E+01  5.280711E-01 -1.097470E-01
       331   2  9.512569E+01  5.490730E+01 -3.325607E+01 -7.375800E+01  3.689201E-01 -3.120851E-01
       331   3  1.064478E+02  5.691419E+01 -2.465768E+01 -7.402165E+01 -2.583121E-01  4.734748E-01
       331   4  9.927406E+01  5.075894E+01 -3.325607E+01 -7.249960E+01 -4.057385E-01  2.624412E-01
       331   5  1.055194E+02  6.192254E+01 -2.343371E+01 -7.995388E+01 -7.660978E+00 -1.115140E+01
       331   6  9.815914E+01  5.545873E+01 -3.218061E+01 -7.830985E+01 -7.820129E+00 -1.135374E+01
       331   7  1.100162E+02  5.742571E+01 -2.343370E+01 -7.858978E+01 -8.447361E+00 -1.056818E+01
       331   8  1.025635E+02  5.105436E+01 -3.218061E+01 -7.697380E+01 -8.594787E+00 -1.077921E+01
       332   1  1.084054E+02  6.432761E+01 -1.474013E+01 -8.083585E+01  1.097562E-01 -6.540843E-01
       332   2  1.012180E+02  5.801543E+01 -2.328360E+01 -7.923085E+01  4.774508E-03 -7.875537E-01
       332   3  1.129518E+02  5.978117E+01 -1.474013E+01 -7.945670E+01 -6.577801E-01 -8.484038E-02
       332   4  1.056742E+02  5.355926E+01 -2.328360E+01 -7.787908E+01 -7.550278E-01 -2.240457E-01
       332   5  1.127819E+02  6.661443E+01 -1.274113E+01 -8.466820E+01 -7.890454E+00 -1.144112E+01
       332   6  1.053767E+02  6.012591E+01 -2.140285E+01 -8.298710E+01 -7.995436E+00 -1.157459E+01
       332   7  1.175439E+02  6.185245E+01 -1.274113E+01 -8.322367E+01 -8.657991E+00 -1.087188E+01
       332   8  1.100441E+02  5.545848E+01 -2.140285E+01 -8.157125E+01 -8.755238E+00 -1.101108E+01
       333   1  1.173148E+02  6.913406E+01 -2.140387E-01 -8.836049E+01  1.100680E-01 -6.415269E-01
       333   2  1.099233E+02  6.266736E+01 -8.767119E+00 -8.666442E+01  7.114671E-02 -6.910098E-01
       333   3  1.222845E+02  6.416441E+01 -2.140392E-01 -8.685297E+01 -6.458540E-01 -8.089696E-02
       333   4  1.147976E+02  5.779310E+01 -8.767119E+00 -8.518583E+01 -6.819079E-01 -1.325064E-01
       333   5  1.231924E+02  7.342647E+01  2.836957E+00 -9.126760E+01 -7.715663E+00 -1.119330E+01
       333   6  1.156411E+02  6.683044E+01 -5.802847E+00 -8.951572E+01 -7.754584E+00 -1.124279E+01
       333   7  1.283256E+02  6.829331E+01  2.836956E+00 -8.971048E+01 -8.471585E+00 -1.063267E+01
       333   8  1.206758E+02  6.179582E+01 -5.802847E+00 -8.798849E+01 -8.507639E+00 -1.068428E+01
       334   1  1.288709E+02  7.556262E+01  1.886550E+01 -9.776403E+01  5.049402E-01 -1.058285E-01
       334   2  1.211765E+02  6.885852E+01  1.022137E+01 -9.594783E+01  5.339830E-01 -6.890472E-02
       334   3  1.343694E+02  7.006409E+01  1.886550E+01 -9.609607E+01 -2.478480E-01  4.524774E-01
       334   4  1.265729E+02  6.346213E+01  1.022137E+01 -9.431086E+01 -2.209449E-01  4.909881E-01
       334   5  1.364020E+02  8.200680E+01  2.305809E+01 -9.975738E+01 -7.194324E+00 -1.048708E+01
       334   6  1.286016E+02  7.521688E+01  1.435640E+01 -9.790415E+01 -7.165281E+00 -1.045016E+01
       334   7  1.420127E+02  7.639616E+01  2.305809E+01 -9.805541E+01 -7.947112E+00 -9.928779E+00
       334   8  1.341080E+02  6.971046E+01  1.435640E+01 -9.623380E+01 -7.920209E+00 -9.890268E+00
       335   1  1.421950E+02  8.312720E+01  4.108498E+01 -1.083267E+02  1.293698E+00  9.523244E-01
       335   2  1.340588E+02  7.605405E+01  3.209416E+01 -1.063770E+02  1.375675E+00  1.056546E+00
       335   3  1.482876E+02  7.703459E+01  4.108498E+01 -1.064785E+02  5.357768E-01  1.514437E+00
       335   4  1.400417E+02  7.007110E+01  3.209416E+01 -1.045621E+02  6.117138E-01  1.623138E+00
       335   5  1.510449E+02  9.127234E+01  4.618350E+01 -1.096192E+02 -6.589704E+00 -9.677213E+00
       335   6  1.428421E+02  8.414528E+01  3.715652E+01 -1.076462E+02 -6.507727E+00 -9.572991E+00
       335   7  1.572102E+02  8.510704E+01  4.618349E+01 -1.077489E+02 -7.347625E+00 -9.115100E+00
       335   8  1.488964E+02  7.809094E+01  3.715652E+01 -1.058097E+02 -7.271688E+00 -9.006399E+00
       336   1  1.447221E+02  8.431737E+01  4.646885E+01 -1.107784E+02  2.528117E+00  2.605217E+00
       336   2  1.364265E+02  7.707608E+01  3.702346E+01 -1.088449E+02  2.631300E+00  2.736400E+00
       336   3  1.509526E+02  7.808687E+01  4.646885E+01 -1.088884E+02  1.759163E+00  3.175511E+00
       336   4  1.425482E+02  7.095433E+01  3.702346E+01 -1.069878E+02  1.854745E+00  3.312332E+00
       336   5  1.540589E+02  9.311045E+01  5.190783E+01 -1.117756E+02 -5.989662E+00 -8.879679E+00
       336   6  1.457135E+02  8.582882E+01  4.243539E+01 -1.098247E+02 -5.886478E+00 -8.748495E+00
       336   7  1.603455E+02  8.682387E+01  5.190783E+01 -1.098686E+02 -6.758616E+00 -8.309384E+00
       336   8  1.518903E+02  7.965197E+01  4.243539E+01 -1.079509E+02 -6.663034E+00 -8.172563E+00
       337   1  1.114524E+02  4.625836E+01 -3.045377E+01 -6.537852E+01  2.527846E+00  3.203605E+00
       337   2  1.036942E+02  3.994357E+01 -3.986645E+01 -6.393110E+01  2.341170E+00  2.911282E+00
       337   3  1.151057E+02  4.260503E+01 -3.045377E+01 -6.342578E+01  1.633709E+00  3.739530E+00
       337   4  1.072667E+02  3.637112E+01 -3.986645E+01 -6.202159E+01  1.463902E+00  3.437096E+00
       337   5  1.154453E+02  4.495984E+01 -2.964544E+01 -7.068497E+01 -5.447746E+00 -1.010287E+01
       337   6  1.073006E+02  3.837557E+01 -3.925494E+01 -6.912006E+01 -5.634422E+00 -1.039519E+01
       337   7  1.193952E+02  4.101000E+01 -2.964543E+01 -6.857373E+01 -6.341883E+00 -9.566941E+00
       337   8  1.111630E+02  3.451317E+01 -3.925494E+01 -6.705557E+01 -6.511690E+00 -9.869375E+00
       338   1  1.124561E+02  4.596896E+01 -2.987018E+01 -6.667530E+01  1.297283E+00  1.183073E+00
       338   2  1.050190E+02  3.994947E+01 -3.868868E+01 -6.525368E+01  1.126393E+00  9.154704E-01
       338   3  1.161819E+02  4.224317E+01 -2.987018E+01 -6.468382E+01  4.318424E-01  1.701798E+00
       338   4  1.086653E+02  3.630312E+01 -3.868868E+01 -6.330466E+01  2.763950E-01  1.424939E+00
       338   5  1.162633E+02  4.488612E+01 -2.905287E+01 -7.157917E+01 -6.049466E+00 -1.107424E+01
       338   6  1.084821E+02  3.862680E+01 -3.804655E+01 -7.005299E+01 -6.220357E+00 -1.134184E+01
       338   7  1.202631E+02  4.088630E+01 -2.905287E+01 -6.944122E+01 -6.914907E+00 -1.055551E+01
       338   8  1.123966E+02  3.471227E+01 -3.804656E+01 -6.796062E+01 -7.070354E+00 -1.083237E+01
       339   1  1.165094E+02  4.685258E+01 -2.465768E+01 -6.985400E+01  5.362856E-01 -5.745841E-02
       339   2  1.091288E+02  4.090422E+01 -3.325607E+01 -6.841765E+01  3.977335E-01 -2.744217E-01
       339   3  1.204128E+02  4.294917E+01 -2.465768E+01 -6.776758E+01 -3.034768E-01  4.458758E-01
       339   4  1.129519E+02  3.708107E+01 -3.325607E+01 -6.637413E+01 -4.295084E-01  2.214079E-01
       339   5  1.206988E+02  4.674317E+01 -2.343370E+01 -7.416493E+01 -6.531059E+00 -1.184861E+01
       339   6  1.130264E+02  4.059148E+01 -3.218061E+01 -7.263993E+01 -6.669611E+00 -1.206557E+01
       339   7  1.248431E+02  4.259886E+01 -2.343371E+01 -7.194975E+01 -7.370822E+00 -1.134528E+01
       339   8  1.170855E+02  3.653238E+01 -3.218061E+01 -7.047031E+01 -7.496853E+00 -1.156975E+01
       340   1  1.237522E+02  4.898079E+01 -1.474013E+01 -7.498304E+01  1.733392E-01 -6.401768E-01
       340   2  1.162601E+02  4.297333E+01 -2.328360E+01 -7.349425E+01  8.194532E-02 -7.832936E-01
       340   3  1.279422E+02  4.479076E+01 -1.474013E+01 -7.274343E+01 -6.462969E-01 -1.489057E-01
       340   4  1.203670E+02  3.886649E+01 -2.328360E+01 -7.129910E+01 -7.294318E-01 -2.969726E-01
       340   5  1.288563E+02  5.054003E+01 -1.274113E+01 -7.853791E+01 -6.731034E+00 -1.215943E+01
       340   6  1.211319E+02  4.437067E+01 -2.140286E+01 -7.697854E+01 -6.822428E+00 -1.230254E+01
       340   7  1.332450E+02  4.615136E+01 -1.274113E+01 -7.619212E+01 -7.550670E+00 -1.166816E+01
       340   8  1.254335E+02  4.006914E+01 -2.140286E+01 -7.467932E+01 -7.633805E+00 -1.181622E+01
       341   1  1.340902E+02  5.235868E+01 -2.140387E-01 -8.196287E+01  1.724187E-01 -6.276493E-01
       341   2  1.263767E+02  4.621398E+01 -8.767117E+00 -8.038960E+01  1.385350E-01 -6.807089E-01
       341   3  1.386703E+02  4.777862E+01 -2.140400E-01 -7.951478E+01 -6.348147E-01 -1.438120E-01
       341   4  1.308688E+02  4.172183E+01 -8.767119E+00 -7.798850E+01 -6.656364E-01 -1.987068E-01
       341   5  1.405197E+02  5.609916E+01  2.836957E+00 -8.465949E+01 -6.581374E+00 -1.189567E+01
       341   6  1.326358E+02  4.983573E+01 -5.802845E+00 -8.303446E+01 -6.615258E+00 -1.194873E+01
       341   7  1.452505E+02  5.136842E+01  2.836955E+00 -8.213086E+01 -7.388608E+00 -1.141184E+01
       341   8  1.372758E+02  4.519579E+01 -5.802846E+00 -8.055436E+01 -7.419429E+00 -1.146673E+01
       342   1  1.474316E+02  5.700196E+01  1.886551E+01 -9.068556E+01  5.128821E-01 -5.582582E-02
       342   2  1.393923E+02  5.064267E+01  1.022137E+01 -8.900086E+01  5.381659E-01 -1.623310E-02
       342   3  1.524991E+02  5.193448E+01  1.886551E+01 -8.797694E+01 -2.910049E-01  4.260055E-01
       342   4  1.443657E+02  4.566933E+01  1.022137E+01 -8.634256E+01 -2.680060E-01  4.669677E-01
       342   5  1.553411E+02  6.306770E+01  2.305809E+01 -9.253458E+01 -6.131767E+00 -1.114175E+01
       342   6  1.471888E+02  5.662962E+01  1.435641E+01 -9.081553E+01 -6.106483E+00 -1.110216E+01
       342   7  1.605119E+02  5.789690E+01  2.305809E+01 -8.977073E+01 -6.935654E+00 -1.065992E+01
       342   8  1.522636E+02  5.155487E+01  1.435640E+01 -8.810303E+01 -6.912655E+00 -1.061896E+01
       343   1  1.627610E+02  6.256119E+01  4.108498E+01 -1.004834E+02  1.194125E+00  1.074543E+00
       343   2  1.542546E+02  5.585820E+01  3.209416E+01 -9.867492E+01  1.265491E+00  1.186298E+00
       343   3  1.683760E+02  5.694621E+01  4.108498E+01 -9.748217E+01  3.847563E-01  1.559661E+00
       343   4  1.597685E+02  5.034428E+01  3.209416E+01 -9.572767E+01  4.496731E-01  1.675280E+00
       343   5  1.718563E+02  7.046095E+01  4.618349E+01 -1.016823E+02 -5.609439E+00 -1.027652E+01
       343   6  1.632789E+02  6.370846E+01  3.715652E+01 -9.985224E+01 -5.538074E+00 -1.016476E+01
       343   7  1.775383E+02  6.477898E+01  4.618349E+01 -9.864526E+01 -6.418808E+00 -9.791401E+00
       343   8  1.688586E+02  5.812875E+01  3.715652E+01 -9.686983E+01 -6.353891E+00 -9.675781E+00
       344   1  1.657535E+02  6.328591E+01  4.646886E+01 -1.027576E+02  2.260587E+00  2.840471E+00
       344   2  1.570908E+02  5.641171E+01  3.702346E+01 -1.009641E+02  2.350416E+00  2.981136E+00
       344   3  1.714956E+02  5.754385E+01  4.646885E+01 -9.968843E+01  1.439438E+00  3.332649E+00
       344   4  1.627327E+02  5.076987E+01  3.702346E+01 -9.794846E+01  1.521149E+00  3.478179E+00
       344   5  1.752797E+02  7.188967E+01  5.190783E+01 -1.036826E+02 -5.090459E+00 -9.424010E+00
       344   6  1.665639E+02  6.497843E+01  4.243539E+01 -1.018730E+02 -5.000631E+00 -9.283345E+00
       344   7  1.810735E+02  6.609592E+01  5.190783E+01 -1.005858E+02 -5.911609E+00 -8.931832E+00
       344   8  1.722565E+02  5.928580E+01  4.243539E+01 -9.883019E+01 -5.829898E+00 -8.786301E+00
       345   1  1.235807E+02  3.412998E+01 -3.045377E+01 -5.776293E+01  2.201665E+00  3.435950E+00
       345   2  1.155541E+02  2.808370E+01 -3.986645E+01 -5.648411E+01  2.044541E+00  3.126738E+00
       345   3  1.267829E+02  3.092782E+01 -3.045377E+01 -5.513498E+01  1.259304E+00  3.881654E+00
       345   4  1.186854E+02  2.495243E+01 -3.986645E+01 -5.391434E+01  1.119959E+00  3.564032E+00
       345   5  1.285581E+02  3.184707E+01 -2.964544E+01 -6.245126E+01 -4.431259E+00 -1.058819E+01
       345   6  1.201230E+02  2.555311E+01 -3.925495E+01 -6.106864E+01 -4.588384E+00 -1.089740E+01
       345   7  1.320202E+02  2.838500E+01 -2.964544E+01 -5.961001E+01 -5.373620E+00 -1.014249E+01
       345   8  1.235085E+02  2.216768E+01 -3.925495E+01 -5.829030E+01 -5.512966E+00 -1.046011E+01
       346   1  1.248250E+02  3.360001E+01 -2.987018E+01 -5.890866E+01  1.175075E+00  1.304532E+00
       346   2  1.171242E+02  2.784425E+01 -3.868868E+01 -5.765263E+01  1.031237E+00  1.021467E+00
       346   3  1.280907E+02  3.033433E+01 -2.987018E+01 -5.622858E+01  2.629578E-01  1.735931E+00
       346   4  1.203202E+02  2.464820E+01 -3.868868E+01 -5.502970E+01  1.353957E-01  1.445169E+00
       346   5  1.295419E+02  3.160746E+01 -2.905288E+01 -6.324130E+01 -4.934872E+00 -1.161386E+01
       346   6  1.214776E+02  2.563126E+01 -3.804656E+01 -6.189289E+01 -5.078709E+00 -1.189693E+01
       346   7  1.330478E+02  2.810159E+01 -2.905288E+01 -6.036411E+01 -5.846988E+00 -1.118247E+01
       346   8  1.249087E+02  2.220015E+01 -3.804656E+01 -5.907705E+01 -5.974551E+00 -1.147323E+01
       347   1  1.294681E+02  3.389396E+01 -2.465768E+01 -6.171709E+01  5.393351E-01 -4.616579E-03
       347   2  1.218209E+02  2.821206E+01 -3.325607E+01 -6.044805E+01  4.227163E-01 -2.341157E-01
       347   3  1.328894E+02  3.047259E+01 -2.465769E+01 -5.890924E+01 -3.457190E-01  4.139827E-01
       347   4  1.251720E+02  2.486103E+01 -3.325608E+01 -5.769794E+01 -4.491421E-01  1.782425E-01
       347   5  1.344571E+02  3.298482E+01 -2.343371E+01 -6.552586E+01 -5.338244E+00 -1.243171E+01
       347   6  1.265018E+02  2.711604E+01 -3.218061E+01 -6.417850E+01 -5.454862E+00 -1.266121E+01
       347   7  1.380896E+02  2.935231E+01 -2.343371E+01 -6.254473E+01 -6.223298E+00 -1.201311E+01
       347   8  1.300597E+02  2.355821E+01 -3.218061E+01 -6.125867E+01 -6.326721E+00 -1.224885E+01
       348   1  1.376623E+02  3.507068E+01 -1.474013E+01 -6.624867E+01  2.352529E-01 -6.201038E-01
       348   2  1.298941E+02  2.933940E+01 -2.328360E+01 -6.493330E+01  1.583271E-01 -7.714895E-01
       348   3  1.413349E+02  3.139809E+01 -1.474013E+01 -6.323466E+01 -6.285895E-01 -2.115369E-01
       348   4  1.334937E+02  2.573974E+01 -2.328360E+01 -6.197913E+01 -6.968110E-01 -3.670395E-01
       348   5  1.434259E+02  3.597046E+01 -1.274113E+01 -6.938946E+01 -5.506789E+00 -1.276063E+01
       348   6  1.354122E+02  3.009038E+01 -2.140285E+01 -6.801173E+01 -5.583715E+00 -1.291202E+01
       348   7  1.472726E+02  3.212376E+01 -1.274113E+01 -6.623255E+01 -6.370632E+00 -1.235207E+01
       348   8  1.391826E+02  2.632005E+01 -2.140285E+01 -6.491750E+01 -6.438853E+00 -1.250757E+01
       349   1  1.492952E+02  3.715373E+01 -2.140387E-01 -7.241546E+01  2.331089E-01 -6.077270E-01
       349   2  1.412898E+02  3.130089E+01 -8.767118E+00 -7.102545E+01  2.045891E-01 -6.638522E-01
       349   3  1.533096E+02  3.313929E+01 -2.140344E-01 -6.912088E+01 -6.176618E-01 -2.053422E-01
       349   4  1.452272E+02  2.736350E+01 -8.767115E+00 -6.779411E+01 -6.429545E-01 -2.629937E-01
       349   5  1.562249E+02  4.039397E+01  2.836957E+00 -7.479797E+01 -5.383703E+00 -1.248348E+01
       349   6  1.480396E+02  3.443200E+01 -5.802846E+00 -7.336223E+01 -5.412223E+00 -1.253960E+01
       349   7  1.603714E+02  3.624744E+01  2.836961E+00 -7.139500E+01 -6.234474E+00 -1.208109E+01
       349   8  1.521065E+02  3.036507E+01 -5.802842E+00 -7.002457E+01 -6.259767E+00 -1.213875E+01
       350   1  1.642547E+02  4.017887E+01  1.886551E+01 -8.012209E+01  5.158844E-01 -5.285806E-03
       350   2  1.559029E+02  3.413211E+01  1.022137E+01 -7.863364E+01  5.371656E-01  3.659449E-02
       350   3  1.686963E+02  3.573719E+01  1.886551E+01 -7.647690E+01 -3.313596E-01  3.954306E-01
       350   4  1.602621E+02  2.977294E+01  1.022137E+01 -7.505616E+01 -3.124864E-01  4.384498E-01
       350   5  1.725072E+02  4.590160E+01  2.305809E+01 -8.175573E+01 -5.010158E+00 -1.168912E+01
       350   6  1.640360E+02  3.978242E+01  1.435641E+01 -8.023693E+01 -4.988877E+00 -1.164724E+01
       350   7  1.770395E+02  4.136936E+01  2.305809E+01 -7.803621E+01 -5.857402E+00 -1.128840E+01
       350   8  1.684841E+02  3.533437E+01  1.435641E+01 -7.658651E+01 -5.838529E+00 -1.124539E+01
       351   1  1.814017E+02  4.392050E+01  4.108498E+01 -8.877867E+01  1.083051E+00  1.186414E+00
       351   2  1.725598E+02  3.755300E+01  3.209416E+01 -8.718081E+01  1.143120E+00  1.304626E+00
       351   3  1.863233E+02  3.899894E+01  4.108498E+01 -8.473964E+01  2.300302E-01  1.589864E+00
       351   4  1.773928E+02  3.272002E+01  3.209416E+01 -8.321448E+01  2.833017E-01  1.711290E+00
       351   5  1.907194E+02  5.159785E+01  4.618349E+01 -8.983792E+01 -4.575154E+00 -1.077686E+01
       351   6  1.818025E+02  4.518486E+01  3.715652E+01 -8.822100E+01 -4.515085E+00 -1.065864E+01
       351   7  1.956997E+02  4.661757E+01  4.618350E+01 -8.575070E+01 -5.428175E+00 -1.037341E+01
       351   8  1.866932E+02  4.029421E+01  3.715652E+01 -8.420734E+01 -5.374903E+00 -1.025198E+01
       352   1  1.848161E+02  4.422334E+01  4.646886E+01 -9.078795E+01  1.971287E+00  3.048369E+00
       352   2  1.758207E+02  3.768185E+01  3.702346E+01 -8.920333E+01  2.046895E+00  3.197162E+00
       352   3  1.898491E+02  3.919037E+01  4.646885E+01 -8.665751E+01  1.105850E+00  3.457691E+00
       352   4  1.807658E+02  3.273673E+01  3.702346E+01 -8.514498E+01  1.172903E+00  3.610530E+00
       352   5  1.945139E+02  5.265550E+01  5.190783E+01 -9.160522E+01 -4.142233E+00 -9.877583E+00
       352   6  1.854624E+02  4.607997E+01  4.243539E+01 -9.000633E+01 -4.066625E+00 -9.728790E+00
       352   7  1.995921E+02  4.757723E+01  5.190783E+01 -8.743760E+01 -5.007670E+00 -9.468262E+00
       352   8  1.904520E+02  4.109034E+01  4.243539E+01 -8.591145E+01 -4.940617E+00 -9.315423E+00
       353   1  1.339903E+02  2.372039E+01 -3.045377E+01 -4.792755E+01  1.854282E+00  3.635206E+00
       353   2  1.257332E+02  1.790457E+01 -3.986644E+01 -4.686647E+01  1.728222E+00  3.312082E+00
       353   3  1.366183E+02  2.109243E+01 -3.045377E+01 -4.472538E+01  8.727721E-01  3.986396E+00
       353   4  1.283030E+02  1.533479E+01 -3.986645E+01 -4.373520E+01  7.652296E-01  3.656646E+00
       353   5  1.398126E+02  2.059258E+01 -2.964543E+01 -5.181759E+01 -3.372097E+00 -1.097155E+01
       353   6  1.311284E+02  1.454778E+01 -3.925494E+01 -5.067039E+01 -3.498157E+00 -1.129467E+01
       353   7  1.426538E+02  1.775132E+01 -2.964544E+01 -4.835552E+01 -4.353607E+00 -1.062036E+01
       353   8  1.339067E+02  1.176943E+01 -3.925495E+01 -4.728497E+01 -4.461150E+00 -1.095011E+01
       354   1  1.354411E+02  2.298394E+01 -2.987018E+01 -4.887819E+01  1.041550E+00  1.413428E+00
       354   2  1.275139E+02  1.745453E+01 -3.868868E+01 -4.783603E+01  9.261500E-01  1.117628E+00
       354   3  1.381212E+02  2.030387E+01 -2.987018E+01 -4.561250E+01  9.154058E-02  1.753347E+00
       354   4  1.301369E+02  1.483160E+01 -3.868868E+01 -4.463997E+01 -6.907595E-03  1.451482E+00
       354   5  1.409388E+02  2.021059E+01 -2.905287E+01 -5.247310E+01 -3.772751E+00 -1.204164E+01
       354   6  1.326315E+02  1.447739E+01 -3.804656E+01 -5.135429E+01 -3.888151E+00 -1.233744E+01
       354   7  1.438160E+02  1.733340E+01 -2.905287E+01 -4.896723E+01 -4.722760E+00 -1.170172E+01
       354   8  1.354473E+02  1.166155E+01 -3.804655E+01 -4.792317E+01 -4.821209E+00 -1.200359E+01
       355   1  1.405903E+02  2.277177E+01 -2.465768E+01 -5.120842E+01  5.371907E-01  4.826978E-02
       355   2  1.327144E+02  1.731856E+01 -3.325607E+01 -5.015546E+01  4.436283E-01 -1.915549E-01
       355   3  1.433981E+02  1.996392E+01 -2.465768E+01 -4.778705E+01 -3.846316E-01  3.781029E-01
       355   4  1.354645E+02  1.456845E+01 -3.325607E+01 -4.680444E+01 -4.644501E-01  1.333606E-01
       355   5  1.462657E+02  2.117625E+01 -2.343371E+01 -5.436867E+01 -4.094018E+00 -1.289509E+01
       355   6  1.380676E+02  1.555027E+01 -3.218061E+01 -5.325073E+01 -4.187580E+00 -1.313491E+01
       355   7  1.492468E+02  1.819511E+01 -2.343370E+01 -5.073615E+01 -5.015840E+00 -1.256526E+01
       355   8  1.409874E+02  1.263043E+01 -3.218061E+01 -4.969290E+01 -5.095658E+00 -1.281000E+01
       356   1  1.496012E+02  2.313183E+01 -1.474013E+01 -5.496840E+01  2.949010E-01 -5.940591E-01
       356   2  1.415959E+02  1.763761E+01 -2.328360E+01 -5.387700E+01  2.331839E-01 -7.522558E-01
       356   3  1.526152E+02  2.011782E+01 -1.474013E+01 -5.129581E+01 -6.048282E-01 -2.721306E-01
       356   4  1.445500E+02  1.468344E+01 -2.328359E+01 -5.027733E+01 -6.574793E-01 -4.335713E-01
       356   5  1.559307E+02  2.346561E+01 -1.274113E+01 -5.757440E+01 -4.229512E+00 -1.323895E+01
       356   6  1.476688E+02  1.783381E+01 -2.140285E+01 -5.643126E+01 -4.291229E+00 -1.339714E+01
       356   7  1.590876E+02  2.030871E+01 -1.274113E+01 -5.372770E+01 -5.129241E+00 -1.291702E+01
       356   8  1.507630E+02  1.473959E+01 -2.140285E+01 -5.266093E+01 -5.181892E+00 -1.307846E+01
       357   1  1.623453E+02  2.410356E+01 -2.140354E-01 -6.008516E+01  2.915541E-01 -5.819520E-01
       357   2  1.540894E+02  1.850122E+01 -8.767117E+00 -5.893183E+01  2.686729E-01 -6.406024E-01
       357   3  1.656399E+02  2.080899E+01 -2.140358E-01 -5.607071E+01 -5.945605E-01 -2.648951E-01
       357   4  1.573208E+02  1.526988E+01 -8.767117E+00 -5.499444E+01 -6.140806E-01 -3.247481E-01
       357   5  1.697044E+02  2.691444E+01  2.836960E+00 -6.206200E+01 -4.134184E+00 -1.295106E+01
       357   6  1.612604E+02  2.121121E+01 -5.802844E+00 -6.087072E+01 -4.157066E+00 -1.300971E+01
       357   7  1.731074E+02  2.351147E+01  2.836960E+00 -5.791547E+01 -5.020299E+00 -1.263401E+01
       357   8  1.645980E+02  1.787356E+01 -5.802844E+00 -5.680378E+01 -5.039819E+00 -1.269386E+01
       358   1  1.786937E+02  2.573987E+01  1.886551E+01 -6.647957E+01  5.139185E-01  4.530533E-02
       358   2  1.700737E+02  1.996134E+01  1.022138E+01 -6.524456E+01  5.309922E-01  8.906990E-02
       358   3  1.823389E+02  2.209468E+01  1.886551E+01 -6.203789E+01 -3.685228E-01  3.610478E-01
       358   4  1.736511E+02  1.638387E+01  1.022137E+01 -6.088539E+01 -3.539571E-01  4.057098E-01
       358   5  1.872406E+02  3.116820E+01  2.305810E+01 -6.783505E+01 -3.840298E+00 -1.212392E+01
       358   6  1.784957E+02  2.532272E+01  1.435641E+01 -6.657485E+01 -3.823224E+00 -1.208015E+01
       358   7  1.909601E+02  2.744869E+01  2.305810E+01 -6.330281E+01 -4.722740E+00 -1.180817E+01
       358   8  1.821462E+02  2.167230E+01  1.435641E+01 -6.212681E+01 -4.708174E+00 -1.176351E+01
       359   1  1.974008E+02  2.792148E+01  4.108498E+01 -7.366218E+01  9.615474E-01  1.286859E+00
       359   2  1.882709E+02  2.184193E+01  3.209416E+01 -7.233640E+01  1.009740E+00  1.410389E+00
       359   3  2.014398E+02  2.388245E+01  4.108498E+01 -6.874061E+01  7.308883E-02  1.604755E+00
       359   4  1.922372E+02  1.787560E+01  3.209416E+01 -6.750341E+01  1.142020E-01  1.730818E+00
       359   5  2.069093E+02  3.540794E+01  4.618350E+01 -7.454107E+01 -3.496806E+00 -1.117341E+01
       359   6  1.977010E+02  2.928634E+01  3.715652E+01 -7.319947E+01 -3.448614E+00 -1.104988E+01
       359   7  2.109966E+02  3.132072E+01  4.618350E+01 -6.956078E+01 -4.385265E+00 -1.085551E+01
       359   8  2.017147E+02  2.527268E+01  3.715652E+01 -6.830882E+01 -4.344152E+00 -1.072945E+01
       360   1  2.011772E+02  2.786221E+01  4.646886E+01 -7.532934E+01  1.663003E+00  3.226911E+00
       360   2  1.918963E+02  2.160630E+01  3.702347E+01 -7.401454E+01  1.723663E+00  3.382398E+00
       360   3  2.053077E+02  2.373178E+01  4.646886E+01 -7.029639E+01  7.616122E-01  3.549434E+00
       360   4  1.959546E+02  1.754796E+01  3.702347E+01 -6.906943E+01  8.133615E-01  3.708109E+00
       360   5  2.110223E+02  3.614709E+01  5.190783E+01 -7.600745E+01 -3.154114E+00 -1.023603E+01
       360   6  2.016826E+02  2.985971E+01  4.243540E+01 -7.468081E+01 -3.093454E+00 -1.008054E+01
       360   7  2.151899E+02  3.197947E+01  5.190784E+01 -7.092919E+01 -4.055505E+00 -9.913506E+00
       360   8  2.057775E+02  2.576484E+01  4.243540E+01 -6.969119E+01 -4.003755E+00 -9.754831E+00
       361   1  1.422812E+02  1.542960E+01 -3.045376E+01 -3.625034E+01  1.489041E+00  3.799453E+00
       361   2  1.338405E+02  9.797322E+00 -3.986644E+01 -3.544779E+01  1.395259E+00  3.465529E+00
       361   3  1.442339E+02  1.347685E+01 -3.045376E+01 -3.259700E+01  4.778339E-01  4.052747E+00
       361   4  1.357500E+02  7.887802E+00 -3.986644E+01 -3.187533E+01  4.031306E-01  3.714044E+00
       361   5  1.487763E+02  1.162887E+01 -2.964542E+01 -3.919260E+01 -2.280460E+00 -1.124924E+01
       361   6  1.398937E+02  5.782512E+00 -3.925494E+01 -3.832490E+01 -2.374242E+00 -1.158316E+01
       361   7  1.508876E+02  9.517621E+00 -2.964543E+01 -3.524274E+01 -3.291667E+00 -1.099594E+01
       361   8  1.419582E+02  3.718006E+00 -3.925494E+01 -3.446249E+01 -3.366370E+00 -1.133465E+01
       362   1  1.438963E+02  1.452870E+01 -2.987018E+01 -3.696935E+01  8.979945E-01  1.508711E+00
       362   2  1.357889E+02  9.179565E+00 -3.868868E+01 -3.618111E+01  8.121438E-01  1.203025E+00
       362   3  1.458878E+02  1.253722E+01 -2.987018E+01 -3.324356E+01 -8.075841E-02  1.753876E+00
       362   4  1.377379E+02  7.230549E+00 -3.868868E+01 -3.253475E+01 -1.491445E-01  1.443815E+00
       362   5  1.500159E+02  1.113348E+01 -2.905287E+01 -3.968839E+01 -2.574297E+00 -1.235345E+01
       362   6  1.415151E+02  5.593816E+00 -3.804655E+01 -3.884217E+01 -2.660148E+00 -1.265914E+01
       362   7  1.521539E+02  8.995531E+00 -2.905287E+01 -3.568857E+01 -3.553050E+00 -1.210829E+01
       362   8  1.436074E+02  3.501453E+00 -3.804655E+01 -3.492764E+01 -3.621436E+00 -1.241835E+01
       363   1  1.494486E+02  1.391343E+01 -2.465768E+01 -3.873184E+01  5.298727E-01  1.006914E-01
       363   2  1.413906E+02  8.642372E+00 -3.325607E+01 -3.793543E+01  4.602677E-01 -1.471491E-01
       363   3  1.515350E+02  1.182701E+01 -2.465768E+01 -3.482843E+01 -4.198402E-01  3.385821E-01
       363   4  1.434342E+02  6.598853E+00 -3.325607E+01 -3.411228E+01 -4.752852E-01  8.719469E-02
       363   5  1.556707E+02  1.177123E+01 -2.343370E+01 -4.112212E+01 -2.810364E+00 -1.323428E+01
       363   6  1.472793E+02  6.338639E+00 -3.218060E+01 -4.027655E+01 -2.879969E+00 -1.348212E+01
       363   7  1.578859E+02  9.556049E+00 -2.343370E+01 -3.697781E+01 -3.760077E+00 -1.299639E+01
       363   8  1.494489E+02  4.169007E+00 -3.218060E+01 -3.621746E+01 -3.815522E+00 -1.324778E+01
       364   1  1.591099E+02  1.362307E+01 -1.474013E+01 -4.157573E+01  3.517088E-01 -5.622932E-01
       364   2  1.509158E+02  8.317641E+00 -2.328360E+01 -4.075024E+01  3.057950E-01 -7.257776E-01
       364   3  1.613495E+02  1.138346E+01 -1.474013E+01 -3.738571E+01 -5.752425E-01 -3.301040E-01
       364   4  1.531110E+02  6.122494E+00 -2.328360E+01 -3.664341E+01 -6.118161E-01 -4.959280E-01
       364   5  1.658903E+02  1.350604E+01 -1.274113E+01 -4.354680E+01 -2.911502E+00 -1.358976E+01
       364   6  1.574306E+02  8.071993E+00 -2.140285E+01 -4.268217E+01 -2.957416E+00 -1.375325E+01
       364   7  1.682361E+02  1.116025E+01 -1.274113E+01 -3.915813E+01 -3.838454E+00 -1.335757E+01
       364   8  1.597299E+02  5.772776E+00 -2.140285E+01 -3.838064E+01 -3.875027E+00 -1.352340E+01
       365   1  1.727392E+02  1.370967E+01 -2.140337E-01 -4.544583E+01  3.471915E-01 -5.505721E-01
       365   2  1.642838E+02  8.306837E+00 -8.767115E+00 -4.457350E+01  3.301693E-01 -6.111829E-01
       365   3  1.751873E+02  1.126157E+01 -2.140375E-01 -4.086577E+01 -5.657333E-01 -3.218968E-01
       365   4  1.666849E+02  5.905729E+00 -8.767120E+00 -4.008136E+01 -5.792927E-01 -3.833749E-01
       365   5  1.804403E+02  1.617859E+01  2.836962E+00 -4.694102E+01 -2.844851E+00 -1.329392E+01
       365   6  1.717902E+02  1.068143E+01 -5.802842E+00 -4.603999E+01 -2.861873E+00 -1.335453E+01
       365   7  1.829689E+02  1.364994E+01  2.836958E+00 -4.221028E+01 -3.757776E+00 -1.306525E+01
       365   8  1.742702E+02  8.201322E+00 -5.802847E+00 -4.140005E+01 -3.771335E+00 -1.312672E+01
       366   1  1.901937E+02  1.423983E+01  1.886551E+01 -5.028228E+01  5.070032E-01  9.545976E-02
       366   2  1.813601E+02  8.674941E+00  1.022137E+01 -4.934817E+01  5.197050E-01  1.406871E-01
       366   3  1.929023E+02  1.153121E+01  1.886551E+01 -4.521481E+01 -4.021369E-01  3.231880E-01
       366   4  1.840184E+02  6.016643E+00  1.022137E+01 -4.437484E+01 -3.920190E-01  3.690626E-01
       366   5  1.989751E+02  1.943368E+01  2.305809E+01 -5.130751E+01 -2.633455E+00 -1.244195E+01
       366   6  1.900123E+02  1.380619E+01  1.435641E+01 -5.035435E+01 -2.620753E+00 -1.239672E+01
       366   7  2.017390E+02  1.666984E+01  2.305809E+01 -4.613671E+01 -3.542595E+00 -1.221422E+01
       366   8  1.927248E+02  1.109370E+01  1.435641E+01 -4.527961E+01 -3.532477E+00 -1.216835E+01
       367   1  2.101433E+02  1.517895E+01  4.108498E+01 -5.571490E+01  8.307831E-01  1.374911E+00
       367   2  2.007841E+02  9.328750E+00  3.209416E+01 -5.471213E+01  8.666355E-01  1.502570E+00
       367   3  2.131446E+02  1.217768E+01  4.108498E+01 -5.009993E+01 -8.455652E-02  1.604191E+00
       367   4  2.037313E+02  6.381493E+00  3.209416E+01 -4.919822E+01 -5.599754E-02  1.733677E+00
       367   5  2.198039E+02  2.251338E+01  4.618350E+01 -5.637966E+01 -2.384783E+00 -1.146235E+01
       367   6  2.103635E+02  1.662386E+01  3.715652E+01 -5.536492E+01 -2.348930E+00 -1.133469E+01
       367   7  2.228410E+02  1.947629E+01  4.618349E+01 -5.069769E+01 -3.300122E+00 -1.123307E+01
       367   8  2.133459E+02  1.364143E+01  3.715652E+01 -4.978522E+01 -3.271563E+00 -1.110358E+01
       368   1  2.142082E+02  1.483128E+01  4.646885E+01 -5.697587E+01  1.338702E+00  3.374375E+00
       368   2  2.046997E+02  8.802808E+00  3.702346E+01 -5.598141E+01  1.383830E+00  3.535059E+00
       368   3  2.172774E+02  1.176209E+01  4.646885E+01 -5.123381E+01  4.100396E-01  3.606993E+00
       368   4  2.077154E+02  5.787186E+00  3.702346E+01 -5.033957E+01  4.459867E-01  3.769977E+00
       368   5  2.241705E+02  2.299886E+01  5.190783E+01 -5.748877E+01 -2.135620E+00 -1.049590E+01
       368   6  2.146013E+02  1.694096E+01  4.243539E+01 -5.648535E+01 -2.090492E+00 -1.033521E+01
       368   7  2.272673E+02  1.990203E+01  5.190783E+01 -5.169501E+01 -3.064283E+00 -1.026328E+01
       368   8  2.176441E+02  1.389819E+01  4.243539E+01 -5.079273E+01 -3.028336E+00 -1.010030E+01
       369   1  1.481345E+02  9.576203E+00 -3.045377E+01 -2.318003E+01  1.109458E+00  3.927109E+00
       369   2  1.395643E+02  4.073522E+00 -3.986645E+01 -2.266685E+01  1.048859E+00  3.585601E+00
       369   3  1.493370E+02  8.373711E+00 -3.045377E+01 -1.921594E+01  7.829374E-02  4.080068E+00
       369   4  1.407402E+02  2.897651E+00 -3.986644E+01 -1.879052E+01  3.714901E-02  3.735673E+00
       369   5  1.551048E+02  5.300382E+00 -2.964544E+01 -2.506144E+01 -1.166862E+00 -1.141859E+01
       369   6  1.460820E+02 -4.058610E-01 -3.925494E+01 -2.450660E+01 -1.227461E+00 -1.176010E+01
       369   7  1.564049E+02  4.000288E+00 -2.964543E+01 -2.077560E+01 -2.198026E+00 -1.126563E+01
       369   8  1.473533E+02 -1.677171E+00 -3.925494E+01 -2.031565E+01 -2.239171E+00 -1.161003E+01
       370   1  1.498658E+02  8.559216E+00 -2.987018E+01 -2.363981E+01  7.457906E-01  1.589466E+00
       370   2  1.416311E+02  3.337364E+00 -3.868868E+01 -2.313577E+01  6.903158E-01  1.276836E+00
       370   3  1.510922E+02  7.332866E+00 -2.987018E+01 -1.959709E+01 -2.522797E-01  1.737515E+00
       370   4  1.428313E+02  2.137162E+00 -3.868868E+01 -1.917925E+01 -2.899451E-01  1.422244E+00
       370   5  1.564245E+02  4.724952E+00 -2.905287E+01 -2.537848E+01 -1.351051E+00 -1.254629E+01
       370   6  1.477870E+02 -6.780700E-01 -3.804655E+01 -2.483737E+01 -1.406526E+00 -1.285892E+01
       370   7  1.577410E+02  3.408406E+00 -2.905287E+01 -2.103843E+01 -2.349121E+00 -1.239824E+01
       370   8  1.490754E+02 -1.966546E+00 -3.804655E+01 -2.058985E+01 -2.386787E+00 -1.271351E+01
       371   1  1.557027E+02  7.659354E+00 -2.465768E+01 -2.476682E+01  5.174516E-01  1.521428E-01
       371   2  1.475161E+02  2.516890E+00 -3.325607E+01 -2.425756E+01  4.724745E-01 -1.013268E-01
       371   3  1.569875E+02  6.374549E+00 -2.465768E+01 -2.053137E+01 -4.510054E-01  2.958003E-01
       371   4  1.487745E+02  1.258503E+00 -3.325607E+01 -2.010920E+01 -4.815433E-01  4.018880E-02
       371   5  1.623108E+02  5.131189E+00 -2.343371E+01 -2.629527E+01 -1.499645E+00 -1.344602E+01
       371   6  1.537827E+02 -1.648679E-01 -3.218061E+01 -2.575458E+01 -1.544622E+00 -1.369949E+01
       371   7  1.636749E+02  3.767094E+00 -2.343370E+01 -2.179843E+01 -2.468102E+00 -1.330236E+01
       371   8  1.551188E+02 -1.500914E+00 -3.218061E+01 -2.135021E+01 -2.498640E+00 -1.355797E+01
       372   1  1.658232E+02  6.909795E+00 -1.474013E+01 -2.658533E+01  4.051297E-01 -5.251120E-01
       372   2  1.574958E+02  1.737658E+00 -2.328360E+01 -2.605748E+01  3.754612E-01 -6.923095E-01
       372   3  1.672023E+02  5.530642E+00 -1.474013E+01 -2.203889E+01 -5.401167E-01 -3.848981E-01
       372   4  1.588476E+02  3.858887E-01 -2.328360E+01 -2.160130E+01 -5.602606E-01 -5.535084E-01
       372   5  1.729218E+02  6.474496E+00 -1.274113E+01 -2.784571E+01 -1.565453E+00 -1.380970E+01
       372   6  1.643226E+02  1.180059E+00 -2.140285E+01 -2.729284E+01 -1.595121E+00 -1.397690E+01
       372   7  1.743664E+02  5.029959E+00 -1.274113E+01 -2.308373E+01 -2.510699E+00 -1.366949E+01
       372   8  1.657384E+02 -2.357961E-01 -2.140285E+01 -2.262540E+01 -2.530843E+00 -1.383810E+01
       373   1  1.800774E+02  6.371483E+00 -2.140356E-01 -2.906004E+01  3.994852E-01 -5.138904E-01
       373   2  1.714812E+02  1.109504E+00 -8.767118E+00 -2.850223E+01  3.884857E-01 -5.758777E-01
       373   3  1.815849E+02  4.863959E+00 -2.140342E-01 -2.409039E+01 -5.314577E-01 -3.757980E-01
       373   4  1.729598E+02 -3.690825E-01 -8.767116E+00 -2.362798E+01 -5.389259E-01 -4.383092E-01
       373   5  1.880199E+02  8.598966E+00  2.836960E+00 -3.001613E+01 -1.528120E+00 -1.350875E+01
       373   6  1.792243E+02  3.247299E+00 -5.802845E+00 -2.943997E+01 -1.539120E+00 -1.357074E+01
       373   7  1.895770E+02  7.041843E+00  2.836961E+00 -2.488298E+01 -2.459063E+00 -1.337066E+01
       373   8  1.807515E+02  1.720065E+00 -5.802843E+00 -2.440535E+01 -2.466531E+00 -1.343317E+01
       374   1  1.983128E+02  6.120694E+00  1.886550E+01 -3.215268E+01  4.952049E-01  1.446952E-01
       374   2  1.893284E+02  7.066363E-01  1.022137E+01 -3.155537E+01  5.034127E-01  1.909497E-01
       374   3  1.999808E+02  4.452736E+00  1.886551E+01 -2.665415E+01 -4.318787E-01  2.822148E-01
       374   4  1.909653E+02 -9.303354E-01  1.022137E+01 -2.615898E+01 -4.263059E-01  3.288603E-01
       374   5  2.072598E+02  1.114900E+01  2.305809E+01 -3.280825E+01 -1.401250E+00 -1.264016E+01
       374   6  1.981430E+02  5.675421E+00  1.435640E+01 -3.219876E+01 -1.393042E+00 -1.259391E+01
       374   7  2.089618E+02  9.447031E+00  2.305809E+01 -2.719761E+01 -2.328333E+00 -1.250264E+01
       374   8  1.998134E+02  4.005072E+00  1.435641E+01 -2.669235E+01 -2.322761E+00 -1.245600E+01
       375   1  2.191396E+02  6.182602E+00  4.108498E+01 -3.562653E+01  6.920177E-01  1.449721E+00
       375   2  2.096185E+02  4.943173E-01  3.209416E+01 -3.498531E+01  7.151848E-01  1.580279E+00
       375   3  2.209878E+02  4.334428E+00  4.108498E+01 -2.953392E+01 -2.413878E-01  1.588178E+00
       375   4  2.114334E+02 -1.320592E+00  3.209416E+01 -2.900236E+01 -2.256581E-01  1.719840E+00
       375   5  2.289076E+02  1.340969E+01  4.618349E+01 -3.605160E+01 -1.249793E+00 -1.164090E+01
       375   6  2.193033E+02  7.684017E+00  3.715652E+01 -3.540274E+01 -1.226626E+00 -1.151035E+01
       375   7  2.307778E+02  1.153947E+01  4.618350E+01 -2.988630E+01 -2.183199E+00 -1.150245E+01
       375   8  2.211399E+02  5.847453E+00  3.715652E+01 -2.934840E+01 -2.167469E+00 -1.137079E+01
       376   1  2.234081E+02  5.631335E+00  4.646886E+01 -3.643284E+01  1.001510E+00  3.489342E+00
       376   2  2.137391E+02 -2.365623E-01  3.702346E+01 -3.579694E+01  1.030670E+00  3.653676E+00
       376   3  2.252981E+02  3.741335E+00  4.646886E+01 -3.020235E+01  5.451784E-02  3.629815E+00
       376   4  2.155961E+02 -2.093574E+00  3.702347E+01 -2.967519E+01  7.431679E-02  3.795538E+00
       376   5  2.334533E+02  1.371609E+01  5.190783E+01 -3.676081E+01 -1.096558E+00 -1.065468E+01
       376   6  2.237221E+02  7.820217E+00  4.243539E+01 -3.611918E+01 -1.067398E+00 -1.049035E+01
       376   7  2.353603E+02  1.180908E+01  5.190783E+01 -3.047423E+01 -2.043550E+00 -1.051421E+01
       376   8  2.255958E+02  5.946489E+00  4.243539E+01 -2.994233E+01 -2.023751E+00 -1.034849E+01
       377   1  1.513255E+02  6.385182E+00 -3.045377E+01 -9.218939E+00  7.191920E-01  4.016945E+00
       377   2  1.426847E+02  9.531488E-01 -3.986645E+01 -9.014840E+00  6.923583E-01  3.671141E+00
       377   3  1.517316E+02  5.979150E+00 -3.045377E+01 -5.096425E+00 -3.219995E-01  4.068096E+00
       377   4  1.430817E+02  5.561060E-01 -3.986645E+01 -4.983595E+00 -3.291896E-01  3.721326E+00
       377   5  1.585548E+02  1.850361E+00 -2.964544E+01 -9.967194E+00 -4.202494E-02 -1.147798E+01
       377   6  1.494556E+02 -3.779499E+00 -3.925495E+01 -9.746529E+00 -6.885872E-02 -1.182379E+01
       377   7  1.589938E+02  1.411373E+00 -2.964544E+01 -5.510076E+00 -1.083217E+00 -1.142683E+01
       377   8  1.498849E+02 -4.208768E+00 -3.925495E+01 -5.388088E+00 -1.090407E+00 -1.177360E+01
       378   1  1.531201E+02  5.304896E+00 -2.987018E+01 -9.401798E+00  5.864045E-01  1.654912E+00
       378   2  1.448160E+02  1.524323E-01 -3.868868E+01 -9.201337E+00  5.618399E-01  1.338351E+00
       378   3  1.535342E+02  4.890808E+00 -2.987018E+01 -5.197513E+00 -4.213711E-01  1.704421E+00
       378   4  1.452213E+02 -2.528268E-01 -3.868868E+01 -5.086694E+00 -4.279531E-01  1.386976E+00
       378   5  1.599181E+02  1.231281E+00 -2.905287E+01 -1.009329E+01 -1.147936E-01 -1.261830E+01
       378   6  1.512061E+02 -4.097249E+00 -3.804656E+01 -9.878082E+00 -1.393582E-01 -1.293487E+01
       378   7  1.603626E+02  7.867376E-01 -2.905288E+01 -5.579782E+00 -1.122569E+00 -1.256880E+01
       378   8  1.516412E+02 -4.532314E+00 -3.804656E+01 -5.460812E+00 -1.129151E+00 -1.288624E+01
       379   1  1.591121E+02  4.249891E+00 -2.465768E+01 -9.850025E+00  5.000472E-01  2.021295E-01
       379   2  1.508555E+02 -8.224666E-01 -3.325607E+01 -9.647486E+00  4.801311E-01 -5.452816E-02
       379   3  1.595460E+02  3.816063E+00 -2.465769E+01 -5.445302E+00 -4.778272E-01  2.501694E-01
       379   4  1.512804E+02 -1.247374E+00 -3.325607E+01 -5.333334E+00 -4.831637E-01 -7.204441E-03
       379   5  1.659306E+02  1.511316E+00 -2.343371E+01 -1.045790E+01 -1.744836E-01 -1.352826E+01
       379   6  1.573282E+02 -3.710308E+00 -3.218061E+01 -1.024287E+01 -1.943998E-01 -1.378492E+01
       379   7  1.663912E+02  1.050715E+00 -2.343371E+01 -5.781350E+00 -1.152358E+00 -1.348022E+01
       379   8  1.577793E+02 -4.161437E+00 -3.218061E+01 -5.662473E+00 -1.157695E+00 -1.373760E+01
       380   1  1.694830E+02  3.249990E+00 -1.474013E+01 -1.057327E+01  4.546488E-01 -4.828737E-01
       380   2  1.610830E+02 -1.849481E+00 -2.328360E+01 -1.036333E+01  4.415114E-01 -6.521741E-01
       380   3  1.699487E+02  2.784303E+00 -1.474013E+01 -5.845124E+00 -4.997893E-01 -4.359853E-01
       380   4  1.615394E+02 -2.305922E+00 -2.328360E+01 -5.729068E+00 -5.033095E-01 -6.057582E-01
       380   5  1.767551E+02  2.641183E+00 -1.274113E+01 -1.107453E+01 -2.043274E-01 -1.389664E+01
       380   6  1.680798E+02 -2.577143E+00 -2.140285E+01 -1.085465E+01 -2.174648E-01 -1.406594E+01
       380   7  1.772429E+02  2.153419E+00 -1.274113E+01 -6.122236E+00 -1.158766E+00 -1.384976E+01
       380   8  1.685578E+02 -3.055223E+00 -2.140286E+01 -6.000678E+00 -1.162286E+00 -1.401953E+01
       381   1  1.840779E+02  2.371001E+00 -2.140375E-01 -1.155748E+01  4.479316E-01 -4.722598E-01
       381   2  1.754048E+02 -2.814188E+00 -8.767119E+00 -1.133564E+01  4.430609E-01 -5.350268E-01
       381   3  1.845869E+02  1.861973E+00 -2.140378E-01 -6.389221E+00 -4.920640E-01 -4.260804E-01
       381   4  1.759041E+02 -3.313446E+00 -8.767119E+00 -6.266580E+00 -4.933692E-01 -4.890226E-01
       381   5  1.921520E+02  4.466866E+00  2.836958E+00 -1.193773E+01 -1.966728E-01 -1.359349E+01
       381   6  1.832771E+02 -8.054854E-01 -5.802846E+00 -1.170859E+01 -2.015435E-01 -1.365625E+01
       381   7  1.926778E+02  3.941090E+00  2.836958E+00 -6.599429E+00 -1.136668E+00 -1.354731E+01
       381   8  1.837927E+02 -1.321169E+00 -5.802846E+00 -6.472754E+00 -1.137974E+00 -1.361025E+01
       382   1  2.027391E+02  1.694486E+00  1.886551E+01 -1.278746E+01  4.786378E-01  1.925370E-01
       382   2  1.936724E+02 -3.637345E+00  1.022137E+01 -1.254990E+01  4.822723E-01  2.393733E-01
       382   3  2.033023E+02  1.131277E+00  1.886551E+01 -7.069177E+00 -4.574611E-01  2.385245E-01
       382   4  1.942251E+02 -4.190092E+00  1.022137E+01 -6.937850E+00 -4.564872E-01  2.854915E-01
       382   5  2.117763E+02  6.632542E+00  2.305810E+01 -1.304819E+01 -1.555495E-01 -1.271664E+01
       382   6  2.025756E+02  1.242868E+00  1.435641E+01 -1.280579E+01 -1.519151E-01 -1.266981E+01
       382   7  2.123510E+02  6.057849E+00  2.305809E+01 -7.213313E+00 -1.091648E+00 -1.267066E+01
       382   8  2.031396E+02  6.788516E-01  1.435641E+01 -7.079309E+00 -1.090675E+00 -1.262369E+01
       383   1  2.240441E+02  1.278169E+00  4.108498E+01 -1.416904E+01  5.465880E-01  1.510569E+00
       383   2  2.144347E+02 -4.321844E+00  3.209416E+01 -1.391403E+01  5.568465E-01  1.642770E+00
       383   3  2.246681E+02  6.541128E-01  4.108498E+01 -7.832947E+00 -3.958941E-01  1.556871E+00
       383   4  2.150475E+02 -4.934669E+00  3.209415E+01 -7.691967E+00 -3.931453E-01  1.689440E+00
       383   5  2.338705E+02  8.446741E+00  4.618350E+01 -1.433810E+01 -1.027668E-01 -1.170735E+01
       383   6  2.241770E+02  2.810392E+00  3.715652E+01 -1.408004E+01 -9.250826E-02 -1.157515E+01
       383   7  2.345020E+02  7.815239E+00  4.618349E+01 -7.926404E+00 -1.045249E+00 -1.166105E+01
       383   8  2.247971E+02  2.190256E+00  3.715652E+01 -7.783743E+00 -1.042500E+00 -1.152848E+01
       384   1  2.284235E+02  6.158920E-01  4.646885E+01 -1.448973E+01  6.546717E-01  3.570705E+00
       384   2  2.186670E+02 -5.164466E+00  3.702346E+01 -1.423682E+01  6.675841E-01  3.737105E+00
       384   3  2.290617E+02 -2.227631E-02  4.646885E+01 -8.010226E+00 -3.015287E-01  3.617680E+00
       384   4  2.192941E+02 -5.791496E+00  3.702346E+01 -7.870416E+00 -2.980689E-01  3.784545E+00
       384   5  2.385139E+02  8.655498E+00  5.190783E+01 -1.462016E+01 -4.693661E-02 -1.071086E+01
       384   6  2.286944E+02  2.847953E+00  4.243539E+01 -1.436498E+01 -3.402429E-02 -1.054446E+01
       384   7  2.391578E+02  8.011585E+00  5.190783E+01 -8.082334E+00 -1.003137E+00 -1.066389E+01
       384   8  2.293270E+02  2.215279E+00  4.243539E+01 -7.941265E+00 -9.996773E-01 -1.049702E+01
       385   1  3.798005E+00  1.747558E+02 -1.778463E+01 -5.977763E+00  9.613259E+00 -9.573667E-01
       385   2 -1.828341E+00  1.653446E+02 -2.711119E+01 -5.845421E+00  9.159614E+00 -9.667727E-01
       385   3  4.274253E+00  1.742795E+02 -1.778464E+01 -1.081319E+01  9.473130E+00  1.895020E+00
       385   4 -1.362637E+00  1.648789E+02 -2.711119E+01 -1.057380E+01  9.020748E+00  1.859916E+00
       385   5  4.773046E+00  2.004430E+02 -9.785964E+00 -6.841856E+00 -4.760753E+00 -1.663517E+00
       385   6 -1.265025E+00  1.900729E+02 -1.952369E+01 -6.690384E+00 -5.214398E+00 -1.672923E+00
       385   7  5.318136E+00  1.998979E+02 -9.785965E+00 -1.237625E+01 -4.900881E+00  1.188870E+00
       385   8 -7.320030E-01  1.895399E+02 -1.952369E+01 -1.210226E+01 -5.353264E+00  1.153766E+00
       386   1  4.107077E+00  1.758479E+02 -1.688654E+01 -6.005146E+00  7.587141E+00 -1.035592E+00
       386   2 -2.044763E+00  1.660343E+02 -2.756287E+01 -5.877107E+00  7.229505E+00 -1.043008E+00
       386   3  4.585509E+00  1.753695E+02 -1.688653E+01 -1.086273E+01  7.449101E+00  1.774275E+00
       386   4 -1.576532E+00  1.655661E+02 -2.756287E+01 -1.063112E+01  7.092460E+00  1.746600E+00
       386   5  6.998436E+00  2.010420E+02 -8.460894E+00 -6.784991E+00 -9.985075E+00 -1.898860E+00
       386   6  4.887364E-01  1.903950E+02 -1.949460E+01 -6.640324E+00 -1.034271E+01 -1.906276E+00
       386   7  7.538998E+00  2.005015E+02 -8.460893E+00 -1.227339E+01 -1.012311E+01  9.110070E-01
       386   8  1.017773E+00  1.898660E+02 -1.949460E+01 -1.201170E+01 -1.047976E+01  8.833324E-01
       387   1  3.870582E+00  1.802703E+02 -1.422755E+01 -6.168048E+00  5.766918E+00 -1.108026E+00
       387   2 -2.802771E+00  1.699697E+02 -2.615551E+01 -6.041219E+00  5.467005E+00 -1.114245E+00
       387   3  4.361991E+00  1.797788E+02 -1.422755E+01 -1.115740E+01  5.630543E+00  1.667948E+00
       387   4 -2.321467E+00  1.694884E+02 -2.615551E+01 -1.092798E+01  5.331465E+00  1.644740E+00
       387   5  7.725511E+00  2.047287E+02 -5.733524E+00 -6.888479E+00 -1.463847E+01 -2.110479E+00
       387   6  7.333364E-01  1.936857E+02 -1.797988E+01 -6.746836E+00 -1.493838E+01 -2.116698E+00
       387   7  8.274316E+00  2.041799E+02 -5.733524E+00 -1.246059E+01 -1.477484E+01  6.654947E-01
       387   8  1.270857E+00  1.931482E+02 -1.797988E+01 -1.220438E+01 -1.507392E+01  6.422869E-01
       388   1  3.356364E+00  1.884966E+02 -9.008718E+00 -6.473675E+00  4.552555E+00 -1.153170E+00
       388   2 -3.809516E+00  1.776548E+02 -2.203689E+01 -6.345139E+00  4.275153E+00 -1.158921E+00
       388   3  3.872128E+00  1.879809E+02 -9.008716E+00 -1.171025E+01  4.417603E+00  1.593845E+00
       388   4 -3.303993E+00  1.771493E+02 -2.203689E+01 -1.147774E+01  4.140974E+00  1.572379E+00
       388   5  7.280989E+00  2.119554E+02 -7.936959E-01 -7.156713E+00 -1.821118E+01 -2.271481E+00
       388   6 -1.767688E-01  2.004338E+02 -1.411335E+01 -7.014615E+00 -1.848859E+01 -2.277232E+00
       388   7  7.851171E+00  2.113852E+02 -7.936929E-01 -1.294580E+01 -1.834614E+01  4.755337E-01
       388   8  3.820918E-01  1.998750E+02 -1.411335E+01 -1.268876E+01 -1.862277E+01  4.540679E-01
       389   1  2.697999E+00  2.005455E+02 -8.150392E-01 -6.917999E+00  4.217844E+00 -1.155966E+00
       389   2 -4.833271E+00  1.892165E+02 -1.457355E+01 -6.785209E+00  3.939968E+00 -1.161728E+00
       389   3  3.249155E+00  1.999943E+02 -8.150390E-01 -1.251399E+01  4.084229E+00  1.563821E+00
       389   4 -4.292695E+00  1.886759E+02 -1.457355E+01 -1.227379E+01  3.807126E+00  1.542318E+00
       389   5  6.111374E+00  2.228382E+02  6.896780E+00 -7.578140E+00 -1.996259E+01 -2.343875E+00
       389   6 -1.692611E+00  2.108741E+02 -7.134074E+00 -7.432678E+00 -2.024047E+01 -2.349637E+00
       389   7  6.715123E+00  2.222344E+02  6.896780E+00 -1.370812E+01 -2.009620E+01  3.759118E-01
       389   8 -1.100451E+00  2.102819E+02 -7.134074E+00 -1.344500E+01 -2.037331E+01  3.544090E-01
       390   1  1.953425E+00  2.164635E+02  1.102537E+01 -7.500630E+00  4.898851E+00 -1.108800E+00
       390   2 -5.644470E+00  2.048806E+02 -2.700419E+00 -7.361288E+00  4.616645E+00 -1.114652E+00
       390   3  2.551009E+00  2.158659E+02  1.102538E+01 -1.356792E+01  4.766581E+00  1.583632E+00
       390   4 -5.057988E+00  2.042941E+02 -2.700415E+00 -1.331586E+01  4.485160E+00  1.561795E+00
       390   5  4.782965E+00  2.376201E+02  1.822120E+01 -8.141459E+00 -1.889681E+01 -2.277807E+00
       390   6 -3.071148E+00  2.254405E+02  4.239540E+00 -7.990212E+00 -1.917902E+01 -2.283658E+00
       390   7  5.431604E+00  2.369714E+02  1.822121E+01 -1.472711E+01 -1.902908E+01  4.146260E-01
       390   8 -2.434559E+00  2.248039E+02  4.239544E+00 -1.445352E+01 -1.931050E+01  3.927883E-01
       391   1  1.144639E+00  2.352211E+02  2.651777E+01 -8.184794E+00  6.494256E+00 -1.016699E+00
       391   2 -5.941084E+00  2.239224E+02  1.421599E+01 -8.037482E+00  6.226921E+00 -1.022243E+00
       391   3  1.796727E+00  2.345690E+02  2.651777E+01 -1.480550E+01  6.363330E+00  1.648352E+00
       391   4 -5.300732E+00  2.232821E+02  1.421599E+01 -1.453903E+01  6.096739E+00  1.627665E+00
       391   5  3.941668E+00  2.555343E+02  3.345084E+01 -8.797270E+00 -1.376384E+01 -2.011916E+00
       391   6 -3.381302E+00  2.436831E+02  2.091213E+01 -8.638935E+00 -1.403118E+01 -2.017459E+00
       391   7  4.642552E+00  2.548334E+02  3.345084E+01 -1.591341E+01 -1.389477E+01  6.531356E-01
       391   8 -2.693033E+00  2.429949E+02  2.091213E+01 -1.562700E+01 -1.416136E+01  6.324485E-01
       392   1  1.424890E-01  2.379723E+02  2.806270E+01 -8.316036E+00  8.523017E+00 -9.044118E-01
       392   2 -5.783826E+00  2.278949E+02  1.840407E+01 -8.170888E+00  8.306274E+00 -9.089061E-01
       392   3  8.050208E-01  2.373098E+02  2.806269E+01 -1.504291E+01  8.393328E+00  1.735459E+00
       392   4 -5.132858E+00  2.272439E+02  1.840407E+01 -1.478035E+01  8.177188E+00  1.718687E+00
       392   5  3.912662E+00  2.579403E+02  3.518414E+01 -8.882414E+00 -5.976992E+00 -1.616751E+00
       392   6 -2.226412E+00  2.473674E+02  2.531305E+01 -8.727380E+00 -6.193735E+00 -1.621246E+00
       392   7  4.620316E+00  2.572326E+02  3.518414E+01 -1.606743E+01 -6.106682E+00  1.023119E+00
       392   8 -1.531109E+00  2.466721E+02  2.531305E+01 -1.578699E+01 -6.322822E+00  1.006347E+00
       393   1  6.606663E+00  1.719471E+02 -1.778463E+01 -2.253900E+01  9.660806E+00 -1.049300E-02
       393   2  9.181328E-01  1.625981E+02 -2.711119E+01 -2.204001E+01  9.210268E+00 -6.431867E-02
       393   3  8.017106E+00  1.705367E+02 -1.778463E+01 -2.718862E+01  9.241770E+00  2.814424E+00
       393   4  2.297350E+00  1.612189E+02 -2.711120E+01 -2.658668E+01  8.795006E+00  2.735148E+00
       393   5  7.987698E+00  1.972283E+02 -9.785959E+00 -2.579704E+01 -4.574775E+00 -2.122143E+00
       393   6  1.878455E+00  1.869295E+02 -1.952369E+01 -2.522592E+01 -5.025314E+00 -2.175969E+00
       393   7  9.602023E+00  1.956140E+02 -9.785962E+00 -3.111876E+01 -4.993811E+00  7.027738E-01
       393   8  3.457040E+00  1.853509E+02 -1.952369E+01 -3.042982E+01 -5.440575E+00  6.234978E-01
       394   1  6.928602E+00  1.730264E+02 -1.688653E+01 -2.264225E+01  7.652113E+00 -2.869359E-01
       394   2  7.166015E-01  1.632730E+02 -2.756286E+01 -2.215948E+01  7.296925E+00 -3.293700E-01
       394   3  8.345513E+00  1.716095E+02 -1.688653E+01 -2.731316E+01  7.239322E+00  2.495871E+00
       394   4  2.103301E+00  1.618863E+02 -2.756286E+01 -2.673080E+01  6.887111E+00  2.433373E+00
       394   5  1.018637E+01  1.978541E+02 -8.460891E+00 -2.558263E+01 -9.750873E+00 -2.868426E+00
       394   6  3.608699E+00  1.872751E+02 -1.949460E+01 -2.503717E+01 -1.010606E+01 -2.910860E+00
       394   7  1.178729E+01  1.962532E+02 -8.460890E+00 -3.086012E+01 -1.016366E+01 -8.561860E-02
       394   8  5.175480E+00  1.857083E+02 -1.949460E+01 -3.020214E+01 -1.051587E+01 -1.481168E-01
       395   1  6.768651E+00  1.773722E+02 -1.422754E+01 -2.325646E+01  5.847755E+00 -5.374341E-01
       395   2  3.570641E-02  1.671313E+02 -2.615551E+01 -2.277826E+01  5.549895E+00 -5.730193E-01
       395   3  8.223986E+00  1.759169E+02 -1.422755E+01 -2.805408E+01  5.439942E+00  2.211806E+00
       395   4  1.461117E+00  1.657058E+02 -2.615551E+01 -2.747723E+01  5.144579E+00  2.159395E+00
       395   5  1.096208E+01  2.014922E+02 -5.733520E+00 -2.597283E+01 -1.436112E+01 -3.535137E+00
       395   6  3.903349E+00  1.905157E+02 -1.797988E+01 -2.543877E+01 -1.465898E+01 -3.570723E+00
       395   7  1.258739E+01  1.998669E+02 -5.733524E+00 -3.133081E+01 -1.476893E+01 -7.858974E-01
       395   8  5.495248E+00  1.889238E+02 -1.797988E+01 -3.068658E+01 -1.506429E+01 -8.383084E-01
       396   1  6.398028E+00  1.854550E+02 -9.008717E+00 -2.440882E+01  4.643663E+00 -7.013882E-01
       396   2 -8.282444E-01  1.746735E+02 -2.203689E+01 -2.392418E+01  4.368161E+00 -7.343023E-01
       396   3  7.925487E+00  1.839275E+02 -9.008715E+00 -2.944416E+01  4.240107E+00  2.019171E+00
       396   4  6.688867E-01  1.731764E+02 -2.203689E+01 -2.885955E+01  3.966914E+00  1.970694E+00
       396   5  1.064358E+01  2.085928E+02 -7.936940E-01 -2.698420E+01 -1.790085E+01 -4.045551E+00
       396   6  3.119057E+00  1.971380E+02 -1.411335E+01 -2.644843E+01 -1.817635E+01 -4.078465E+00
       396   7  1.233220E+01  2.069042E+02 -7.936923E-01 -3.255082E+01 -1.830440E+01 -1.324991E+00
       396   8  4.774151E+00  1.954829E+02 -1.411335E+01 -3.190452E+01 -1.857760E+01 -1.373468E+00
       397   1  5.948432E+00  1.972950E+02 -8.150354E-01 -2.608414E+01  4.310839E+00 -7.369786E-01
       397   2 -1.645230E+00  1.860285E+02 -1.457355E+01 -2.558345E+01  4.034865E+00 -7.699489E-01
       397   3  7.580721E+00  1.956627E+02 -8.150369E-01 -3.146508E+01  3.911282E+00  1.956615E+00
       397   4 -4.427303E-02  1.844275E+02 -1.457355E+01 -3.086111E+01  3.637621E+00  1.908055E+00
       397   5  9.671975E+00  2.192776E+02  6.896784E+00 -2.857318E+01 -1.963672E+01 -4.289264E+00
       397   6  1.799645E+00  2.073819E+02 -7.134071E+00 -2.802472E+01 -1.991270E+01 -4.322234E+00
       397   7  1.146002E+01  2.174895E+02  6.896783E+00 -3.446759E+01 -2.003628E+01 -1.595670E+00
       397   8  3.553371E+00  2.056281E+02 -7.134074E+00 -3.380599E+01 -2.030994E+01 -1.644230E+00
       398   1  5.477604E+00  2.129393E+02  1.102537E+01 -2.828093E+01  4.983943E+00 -6.232895E-01
       398   2 -2.185761E+00  2.014219E+02 -2.700417E+00 -2.775555E+01  4.703669E+00 -6.567737E-01
       398   3  7.247363E+00  2.111696E+02  1.102537E+01 -3.411505E+01  4.588405E+00  2.043213E+00
       398   4 -4.488797E-01  1.996850E+02 -2.700420E+00 -3.348129E+01  4.310480E+00  1.993897E+00
       398   5  8.608237E+00  2.337948E+02  1.822120E+01 -3.069716E+01 -1.858256E+01 -4.119049E+00
       398   6  6.830608E-01  2.216863E+02  4.239541E+00 -3.012689E+01 -1.886283E+01 -4.152533E+00
       398   7  1.052920E+01  2.318738E+02  1.822120E+01 -3.702973E+01 -1.897809E+01 -1.452546E+00
       398   8  2.568336E+00  2.198010E+02  4.239538E+00 -3.634181E+01 -1.925602E+01 -1.501862E+00
       399   1  4.990270E+00  2.313755E+02  2.651777E+01 -3.086055E+01  6.562638E+00 -3.752555E-01
       399   2 -2.164667E+00  2.201460E+02  1.421599E+01 -3.030512E+01  6.297134E+00 -4.069751E-01
       399   3  6.921461E+00  2.294443E+02  2.651777E+01 -3.722683E+01  6.171122E+00  2.264131E+00
       399   4 -2.682336E-01  2.182496E+02  1.421599E+01 -3.655682E+01  5.907843E+00  2.217413E+00
       399   5  8.075071E+00  2.514009E+02  3.345084E+01 -3.316988E+01 -1.350036E+01 -3.351320E+00
       399   6  6.777066E-01  2.396241E+02  2.091213E+01 -3.257288E+01 -1.376587E+01 -3.383040E+00
       399   7  1.015078E+01  2.493252E+02  3.345084E+01 -4.001255E+01 -1.389188E+01 -7.119341E-01
       399   8  2.716053E+00  2.375858E+02  2.091213E+01 -3.929240E+01 -1.415516E+01 -7.586517E-01
       400   1  4.049785E+00  2.340650E+02  2.806270E+01 -3.135539E+01  8.570624E+00 -6.465512E-02
       400   2 -1.944727E+00  2.240558E+02  1.840408E+01 -3.080811E+01  8.355366E+00 -9.037181E-02
       400   3  6.011940E+00  2.321029E+02  2.806270E+01 -3.782375E+01  8.182808E+00  2.549792E+00
       400   4 -1.681937E-02  2.221279E+02  1.840408E+01 -3.716357E+01  7.969353E+00  2.511916E+00
       400   5  8.086071E+00  2.537669E+02  3.518415E+01 -3.349091E+01 -5.789742E+00 -2.194814E+00
       400   6  1.874155E+00  2.432669E+02  2.531305E+01 -3.290635E+01 -6.005001E+00 -2.220531E+00
       400   7  1.018186E+01  2.516711E+02  3.518415E+01 -4.039981E+01 -6.177559E+00  4.196333E-01
       400   8  3.933366E+00  2.412076E+02  2.531305E+01 -3.969466E+01 -6.391013E+00  3.817567E-01
       401   1  1.259230E+01  1.659615E+02 -1.778462E+01 -3.823409E+01  9.615315E+00  9.364829E-01
       401   2  6.771244E+00  1.567450E+02 -2.711119E+01 -3.738762E+01  9.172222E+00  8.387558E-01
       401   3  1.488274E+01  1.636711E+02 -1.778462E+01 -4.251920E+01  8.921406E+00  3.706725E+00
       401   4  9.010982E+00  1.545053E+02 -2.711119E+01 -4.157786E+01  8.484565E+00  3.584039E+00
       401   5  1.483856E+01  1.903775E+02 -9.785952E+00 -4.376087E+01 -4.344740E+00 -2.560329E+00
       401   6  8.577641E+00  1.802303E+02 -1.952369E+01 -4.279204E+01 -4.787834E+00 -2.658056E+00
       401   7  1.746010E+01  1.877560E+02 -9.785950E+00 -4.866541E+01 -5.038649E+00  2.099132E-01
       401   8  1.114114E+01  1.776668E+02 -1.952369E+01 -4.758799E+01 -5.475491E+00  8.722790E-02
       402   1  1.294165E+01  1.670134E+02 -1.688653E+01 -3.840922E+01  7.643390E+00  4.644844E-01
       402   2  6.601442E+00  1.573881E+02 -2.756286E+01 -3.759027E+01  7.294072E+00  3.874399E-01
       402   3  1.524258E+01  1.647124E+02 -1.688653E+01 -4.271396E+01  6.959824E+00  3.193431E+00
       402   4  8.853312E+00  1.551362E+02 -2.756286E+01 -4.180323E+01  6.615435E+00  3.096711E+00
       402   5  1.698029E+01  1.910602E+02 -8.460890E+00 -4.339715E+01 -9.422766E+00 -3.810365E+00
       402   6  1.025776E+01  1.806260E+02 -1.949460E+01 -4.247185E+01 -9.772083E+00 -3.887409E+00
       402   7  1.958003E+01  1.884605E+02 -8.460890E+00 -4.826091E+01 -1.010633E+01 -1.081418E+00
       402   8  1.280207E+01  1.780817E+02 -1.949460E+01 -4.723192E+01 -1.045072E+01 -1.178139E+00
       403   1  1.294481E+01  1.711960E+02 -1.422754E+01 -3.945115E+01  5.872274E+00  3.833394E-02
       403   2  6.084873E+00  1.610821E+02 -2.615551E+01 -3.863994E+01  5.579337E+00 -2.627504E-02
       403   3  1.530816E+01  1.688327E+02 -1.422754E+01 -4.387266E+01  5.196953E+00  2.734363E+00
       403   4  8.399625E+00  1.587674E+02 -2.615551E+01 -4.297054E+01  4.908150E+00  2.653254E+00
       403   5  1.785962E+01  1.945947E+02 -5.733520E+00 -4.405906E+01 -1.394546E+01 -4.925750E+00
       403   6  1.065906E+01  1.837600E+02 -1.797988E+01 -4.315311E+01 -1.423840E+01 -4.990359E+00
       403   7  2.049900E+01  1.919553E+02 -5.733518E+00 -4.899700E+01 -1.462078E+01 -2.229720E+00
       403   8  1.324418E+01  1.811749E+02 -1.797987E+01 -4.798952E+01 -1.490958E+01 -2.310830E+00
       404   1  1.288022E+01  1.789728E+02 -9.008716E+00 -4.140595E+01  4.690051E+00 -2.428521E-01
       404   2  5.525242E+00  1.683200E+02 -2.203689E+01 -4.058383E+01  4.419102E+00 -3.026118E-01
       404   3  1.536067E+01  1.764923E+02 -9.008716E+00 -4.604655E+01  4.021776E+00  2.425051E+00
       404   4  7.956443E+00  1.658888E+02 -2.203689E+01 -4.513229E+01  3.754650E+00  2.350030E+00
       404   5  1.780971E+01  2.014267E+02 -7.936936E-01 -4.577469E+01 -1.741812E+01 -5.780660E+00
       404   6  1.014290E+01  1.901142E+02 -1.411335E+01 -4.486583E+01 -1.768907E+01 -5.840420E+00
       404   7  2.055187E+01  1.986845E+02 -7.936931E-01 -5.090492E+01 -1.808639E+01 -3.112757E+00
       404   8  1.283062E+01  1.874265E+02 -1.411335E+01 -4.989420E+01 -1.835352E+01 -3.187778E+00
       405   1  1.287552E+01  1.903679E+02 -8.150392E-01 -4.424787E+01  4.362316E+00 -3.108940E-01
       405   2  5.148893E+00  1.792344E+02 -1.457355E+01 -4.339853E+01  4.090904E+00 -3.707558E-01
       405   3  1.552623E+01  1.877172E+02 -8.150356E-01 -4.920697E+01  3.700666E+00  2.330566E+00
       405   4  7.748719E+00  1.766345E+02 -1.457355E+01 -4.826245E+01  3.433083E+00  2.255417E+00
       405   5  1.726007E+01  2.116895E+02  6.896780E+00 -4.847016E+01 -1.912175E+01 -6.193345E+00
       405   6  9.242087E+00  1.999394E+02 -7.134076E+00 -4.753978E+01 -1.939316E+01 -6.253207E+00
       405   7  2.016372E+01  2.087858E+02  6.896784E+00 -5.390248E+01 -1.978340E+01 -3.551885E+00
       405   8  1.209000E+01  1.970915E+02 -7.134071E+00 -5.286782E+01 -2.005098E+01 -3.627035E+00
       406   1  1.298810E+01  2.054288E+02  1.102537E+01 -4.797440E+01  5.021038E+00 -1.317760E-01
       406   2  5.185213E+00  1.940509E+02 -2.700417E+00 -4.708317E+01  4.745396E+00 -1.925709E-01
       406   3  1.586203E+01  2.025549E+02  1.102537E+01 -5.335116E+01  4.366040E+00  2.483117E+00
       406   4  8.005754E+00  1.912304E+02 -2.700420E+00 -5.236004E+01  4.094287E+00  2.406796E+00
       406   5  1.676041E+01  2.256426E+02  1.822120E+01 -5.207318E+01 -1.808934E+01 -5.920624E+00
       406   6  8.683787E+00  2.136855E+02  4.239542E+00 -5.110580E+01 -1.836498E+01 -5.981419E+00
       406   7  1.987988E+01  2.225232E+02  1.822120E+01 -5.790931E+01 -1.874433E+01 -3.305730E+00
       406   8  1.174530E+01  2.106240E+02  4.239539E+00 -5.683351E+01 -1.901609E+01 -3.382051E+00
       407   1  1.318583E+01  2.231799E+02  2.651777E+01 -5.235036E+01  6.567819E+00  2.698026E-01
       407   2  5.883387E+00  2.120980E+02  1.421599E+01 -5.140815E+01  6.306702E+00  2.122117E-01
       407   3  1.632192E+01  2.200438E+02  2.651777E+01 -5.821755E+01  5.919484E+00  2.858104E+00
       407   4  8.963032E+00  2.090183E+02  1.421599E+01 -5.716974E+01  5.662051E+00  2.785805E+00
       407   5  1.688391E+01  2.425921E+02  3.345083E+01 -5.626778E+01 -1.310687E+01 -4.658450E+00
       407   6  9.328005E+00  2.309738E+02  2.091213E+01 -5.525507E+01 -1.336798E+01 -4.716041E+00
       407   7  2.025468E+01  2.392213E+02  3.345084E+01 -6.257403E+01 -1.375520E+01 -2.070149E+00
       407   8  1.263810E+01  2.276637E+02  2.091213E+01 -6.144781E+01 -1.401264E+01 -2.142447E+00
       408   1  1.237675E+01  2.257381E+02  2.806270E+01 -5.318978E+01  8.535691E+00  7.757241E-01
       408   2  6.236899E+00  2.158742E+02  1.840407E+01 -5.226141E+01  8.323990E+00  7.290319E-01
       408   3  1.556312E+01  2.225517E+02  2.806269E+01 -5.915106E+01  7.893481E+00  3.339569E+00
       408   4  9.367650E+00  2.127434E+02  1.840407E+01 -5.811864E+01  7.684767E+00  3.280953E+00
       408   5  1.698016E+01  2.448728E+02  3.518414E+01 -5.681237E+01 -5.546734E+00 -2.751740E+00
       408   6  1.061301E+01  2.345280E+02  2.531305E+01 -5.582076E+01 -5.758435E+00 -2.798432E+00
       408   7  2.038354E+01  2.414694E+02  3.518414E+01 -6.317965E+01 -6.188944E+00 -1.878947E-01
       408   8  1.395698E+01  2.311840E+02  2.531305E+01 -6.207691E+01 -6.397658E+00 -2.465111E-01
       409   1  2.152486E+01  1.570289E+02 -1.778464E+01 -5.245986E+01  9.477223E+00  1.874440E+00
       409   2  1.550606E+01  1.480102E+02 -2.711120E+01 -5.129844E+01  9.045842E+00  1.733752E+00
       409   3  2.460728E+01  1.539465E+02 -1.778463E+01 -5.621579E+01  8.515125E+00  4.563327E+00
       409   4  1.852023E+01  1.449960E+02 -2.711119E+01 -5.497121E+01  8.092412E+00  4.398414E+00
       409   5  2.506234E+01  1.801537E+02 -9.785966E+00 -6.004300E+01 -4.072864E+00 -2.973857E+00
       409   6  1.857508E+01  1.702328E+02 -1.952369E+01 -5.871370E+01 -4.504245E+00 -3.114545E+00
       409   7  2.859033E+01  1.766257E+02 -9.785959E+00 -6.434185E+01 -5.034962E+00 -2.849702E-01
       409   8  2.202496E+01  1.667830E+02 -1.952369E+01 -6.291737E+01 -5.457675E+00 -4.498828E-01
       410   1  2.191514E+01  1.580399E+02 -1.688653E+01 -5.270015E+01  7.561058E+00  1.211431E+00
       410   2  1.538361E+01  1.486060E+02 -2.756286E+01 -5.157650E+01  7.220974E+00  1.100519E+00
       410   3  2.501167E+01  1.549434E+02 -1.688653E+01 -5.647328E+01  6.613300E+00  3.860236E+00
       410   4  1.841411E+01  1.455754E+02 -2.756287E+01 -5.526919E+01  6.280049E+00  3.730225E+00
       410   5  2.711911E+01  1.809214E+02 -8.460890E+00 -5.954394E+01 -9.003911E+00 -4.715608E+00
       410   6  2.018041E+01  1.707034E+02 -1.949460E+01 -5.827437E+01 -9.343995E+00 -4.826521E+00
       410   7  3.061775E+01  1.774227E+02 -8.460892E+00 -6.380707E+01 -9.951670E+00 -2.066804E+00
       410   8  2.360445E+01  1.672793E+02 -1.949460E+01 -6.244660E+01 -1.028492E+01 -2.196815E+00
       411   1  2.216172E+01  1.619791E+02 -1.422755E+01 -5.412975E+01  5.840239E+00  6.137328E-01
       411   2  1.511226E+01  1.520547E+02 -2.615551E+01 -5.301672E+01  5.555045E+00  5.207219E-01
       411   3  2.534225E+01  1.587986E+02 -1.422755E+01 -5.800523E+01  4.903914E+00  3.230587E+00
       411   4  1.822739E+01  1.489396E+02 -2.615551E+01 -5.681252E+01  4.624451E+00  3.121561E+00
       411   5  2.815306E+01  1.843012E+02 -5.733523E+00 -6.045212E+01 -1.339550E+01 -6.268924E+00
       411   6  2.074085E+01  1.736782E+02 -1.797988E+01 -5.920909E+01 -1.368070E+01 -6.361935E+00
       411   7  3.170508E+01  1.807492E+02 -5.733522E+00 -6.478027E+01 -1.433183E+01 -3.652070E+00
       411   8  2.421983E+01  1.701993E+02 -1.797988E+01 -6.344824E+01 -1.461129E+01 -3.761097E+00
       412   1  2.255383E+01  1.692992E+02 -9.008715E+00 -5.681187E+01  4.691271E+00  2.180231E-01
       412   2  1.500678E+01  1.588385E+02 -2.203689E+01 -5.568386E+01  4.427484E+00  1.319936E-01
       412   3  2.589195E+01  1.659611E+02 -9.008717E+00 -6.087938E+01  3.764713E+00  2.807577E+00
       412   4  1.827863E+01  1.555666E+02 -2.203689E+01 -5.967062E+01  3.506227E+00  2.706734E+00
       412   5  2.850398E+01  1.907324E+02 -7.936917E-01 -6.280609E+01 -1.676764E+01 -7.460097E+00
       412   6  2.062484E+01  1.796322E+02 -1.411335E+01 -6.155907E+01 -1.703143E+01 -7.546127E+00
       412   7  3.219431E+01  1.870421E+02 -7.936945E-01 -6.730277E+01 -1.769420E+01 -4.870543E+00
       412   8  2.424189E+01  1.760152E+02 -1.411335E+01 -6.596647E+01 -1.795269E+01 -4.971387E+00
       413   1  2.321309E+01  1.800304E+02 -8.150378E-01 -6.071118E+01  4.371784E+00  1.181850E-01
       413   2  1.528803E+01  1.690952E+02 -1.457355E+01 -5.954584E+01  4.107545E+00  3.200806E-02
       413   3  2.678033E+01  1.764631E+02 -8.150367E-01 -6.505788E+01  3.454410E+00  2.682072E+00
       413   4  1.878680E+01  1.655965E+02 -1.457355E+01 -6.380909E+01  3.195481E+00  2.581057E+00
       413   5  2.858409E+01  2.003654E+02  6.896782E+00 -6.650446E+01 -1.842262E+01 -8.037781E+00
       413   6  2.034874E+01  1.888328E+02 -7.134073E+00 -6.522791E+01 -1.868685E+01 -8.123958E+00
       413   7  3.249172E+01  1.964578E+02  6.896783E+00 -7.126593E+01 -1.933999E+01 -5.473894E+00
       413   8  2.418137E+01  1.850001E+02 -7.134073E+00 -6.989799E+01 -1.959892E+01 -5.574910E+00
       414   1  2.419629E+01  1.942207E+02  1.102538E+01 -6.582425E+01  5.009776E+00  3.610058E-01
       414   2  1.618518E+01  1.830510E+02 -2.700416E+00 -6.460141E+01  4.741420E+00  2.734863E-01
       414   3  2.806396E+01  1.903530E+02  1.102538E+01 -7.053702E+01  4.101629E+00  2.899107E+00
       414   4  1.998100E+01  1.792551E+02 -2.700415E+00 -6.922663E+01  3.838665E+00  2.796518E+00
       414   5  2.892619E+01  2.134769E+02  1.822121E+01 -7.144805E+01 -1.742191E+01 -7.665180E+00
       414   6  2.062356E+01  2.017458E+02  4.239543E+00 -7.012074E+01 -1.769027E+01 -7.752699E+00
       414   7  3.312430E+01  2.092788E+02  1.822121E+01 -7.656346E+01 -1.833006E+01 -5.127078E+00
       414   8  2.474368E+01  1.976257E+02  4.239544E+00 -7.514112E+01 -1.859302E+01 -5.229668E+00
       415   1  2.541637E+01  2.109494E+02  2.651777E+01 -7.182837E+01  6.509748E+00  9.122623E-01
       415   2  1.789380E+01  2.000876E+02  1.421599E+01 -7.053559E+01  6.255533E+00  8.293546E-01
       415   3  2.963682E+01  2.067289E+02  2.651777E+01 -7.697101E+01  5.610836E+00  3.424552E+00
       415   4  2.203829E+01  1.959431E+02  1.421599E+01 -7.558567E+01  5.361730E+00  3.327369E+00
       415   5  3.002967E+01  2.294463E+02  3.345084E+01 -7.720335E+01 -1.258715E+01 -5.920716E+00
       415   6  2.223716E+01  2.180647E+02  2.091213E+01 -7.581383E+01 -1.284136E+01 -6.003623E+00
       415   7  3.456595E+01  2.249100E+02  3.345084E+01 -8.273082E+01 -1.348606E+01 -3.408426E+00
       415   8  2.669180E+01  2.136100E+02  2.091213E+01 -8.124181E+01 -1.373516E+01 -3.505609E+00
       416   1  2.480341E+01  2.133114E+02  2.806270E+01 -7.298012E+01  8.418556E+00  1.608633E+00
       416   2  1.844667E+01  2.036644E+02  1.840409E+01 -7.170632E+01  8.212451E+00  1.541415E+00
       416   3  2.909153E+01  2.090233E+02  2.806270E+01 -7.820522E+01  7.528138E+00  4.097185E+00
       416   4  2.265995E+01  1.994512E+02  1.840408E+01 -7.684022E+01  7.326174E+00  4.018393E+00
       416   5  3.025316E+01  2.315998E+02  3.518415E+01 -7.795056E+01 -5.250306E+00 -3.282164E+00
       416   6  2.365435E+01  2.214867E+02  2.531306E+01 -7.659001E+01 -5.456411E+00 -3.349382E+00
       416   7  3.483333E+01  2.270196E+02  3.518415E+01 -8.353152E+01 -6.140725E+00 -7.936119E-01
       416   8  2.815457E+01  2.169865E+02  2.531306E+01 -8.207356E+01 -6.342689E+00 -8.724039E-01
       417   1  3.306111E+01  1.454927E+02 -1.778464E+01 -6.466962E+01  9.247861E+00  2.794344E+00
       417   2  2.678690E+01  1.367293E+02 -2.711120E+01 -6.323789E+01  8.832347E+00  2.612051E+00
       417   3  3.681703E+01  1.417367E+02 -1.778464E+01 -6.775203E+01  8.026838E+00  5.375981E+00
       417   4  3.045967E+01  1.330566E+02 -2.711120E+01 -6.625205E+01  7.622325E+00  5.170429E+00
       417   5  3.826617E+01  1.669498E+02 -9.785966E+00 -7.401769E+01 -3.761762E+00 -3.358750E+00
       417   6  3.148659E+01  1.573213E+02 -1.952369E+01 -7.237900E+01 -4.177276E+00 -3.541042E+00
       417   7  4.256502E+01  1.626510E+02 -9.785965E+00 -7.754566E+01 -4.982785E+00 -7.771127E-01
       417   8  3.569026E+01  1.531176E+02 -1.952369E+01 -7.582887E+01 -5.387299E+00 -9.826640E-01
       418   1  3.350423E+01  1.464508E+02 -1.688654E+01 -6.496584E+01  7.405908E+00  1.946711E+00
       418   2  2.672559E+01  1.372640E+02 -2.756287E+01 -6.358067E+01  7.078333E+00  1.802999E+00
       418   3  3.727735E+01  1.426777E+02 -1.688654E+01 -6.806237E+01  6.203086E+00  4.489864E+00
       418   4  3.041827E+01  1.335713E+02 -2.756287E+01 -6.661118E+01  5.884183E+00  4.327816E+00
       418   5  4.021318E+01  1.678273E+02 -8.460893E+00 -7.340249E+01 -8.498344E+00 -5.575440E+00
       418   6  3.299529E+01  1.578885E+02 -1.949460E+01 -7.183744E+01 -8.825920E+00 -5.719152E+00
       418   7  4.447630E+01  1.635642E+02 -8.460895E+00 -7.690114E+01 -9.701167E+00 -3.032287E+00
       418   8  3.716751E+01  1.537163E+02 -1.949460E+01 -7.526149E+01 -1.002007E+01 -3.194336E+00
       419   1  3.406519E+01  1.500756E+02 -1.422755E+01 -6.672817E+01  5.751960E+00  1.183221E+00
       419   2  2.677096E+01  1.403960E+02 -2.615552E+01 -6.535609E+01  5.477257E+00  1.062704E+00
       419   3  3.794067E+01  1.462002E+02 -1.422755E+01 -6.990870E+01  4.563647E+00  3.695698E+00
       419   4  3.056676E+01  1.366002E+02 -2.615551E+01 -6.847122E+01  4.296216E+00  3.559805E+00
       419   5  4.144686E+01  1.710074E+02 -5.733525E+00 -7.452205E+01 -1.271654E+01 -7.551728E+00
       419   6  3.376130E+01  1.606578E+02 -1.797988E+01 -7.298971E+01 -1.299124E+01 -7.672244E+00
       419   7  4.577500E+01  1.666792E+02 -5.733523E+00 -7.807406E+01 -1.390485E+01 -5.039250E+00
       419   8  3.800045E+01  1.564186E+02 -1.797988E+01 -7.646869E+01 -1.417228E+01 -5.175143E+00
       420   1  3.504711E+01  1.568059E+02 -9.008719E+00 -7.003455E+01  4.647311E+00  6.767975E-01
       420   2  2.725201E+01  1.465933E+02 -2.203689E+01 -6.864401E+01  4.393227E+00  5.653268E-01
       420   3  3.911463E+01  1.527384E+02 -9.008718E+00 -7.337267E+01  3.471395E+00  3.163064E+00
       420   4  3.123876E+01  1.426065E+02 -2.203689E+01 -7.191585E+01  3.224037E+00  3.037371E+00
       420   5  4.231543E+01  1.769210E+02 -7.936964E-01 -7.742389E+01 -1.595568E+01 -9.067693E+00
       420   6  3.416206E+01  1.660950E+02 -1.411335E+01 -7.588664E+01 -1.620977E+01 -9.179163E+00
       420   7  4.681211E+01  1.724243E+02 -7.936952E-01 -8.111422E+01 -1.713160E+01 -6.581426E+00
       420   8  3.856946E+01  1.616876E+02 -1.411335E+01 -7.950370E+01 -1.737896E+01 -6.707119E+00
       421   1  3.656386E+01  1.666796E+02 -8.150355E-01 -7.484140E+01  4.339149E+00  5.461257E-01
       421   2  2.838253E+01  1.560007E+02 -1.457354E+01 -7.340482E+01  4.084630E+00  4.344641E-01
       421   3  4.091054E+01  1.623329E+02 -8.150404E-01 -7.840864E+01  3.174887E+00  3.007749E+00
       421   4  3.264578E+01  1.517375E+02 -1.457355E+01 -7.690359E+01  2.927106E+00  2.881840E+00
       421   5  4.320883E+01  1.857407E+02  6.896784E+00 -8.198304E+01 -1.754607E+01 -9.804809E+00
       421   6  3.469277E+01  1.744887E+02 -7.134070E+00 -8.040938E+01 -1.780058E+01 -9.916471E+00
       421   7  4.797029E+01  1.809792E+02  6.896779E+00 -8.589068E+01 -1.871033E+01 -7.343186E+00
       421   8  3.936283E+01  1.698187E+02 -7.134073E+00 -8.424201E+01 -1.895811E+01 -7.469095E+00
       422   1  3.867145E+01  1.797455E+02  1.102537E+01 -8.114451E+01  4.950267E+00  8.503113E-01
       422   2  3.039143E+01  1.688447E+02 -2.700418E+00 -7.963707E+01  4.691782E+00  7.369096E-01
       422   3  4.338422E+01  1.750327E+02  1.102538E+01 -8.501218E+01  3.797716E+00  3.287177E+00
       422   4  3.501665E+01  1.642195E+02 -2.700418E+00 -8.343288E+01  3.546074E+00  3.159307E+00
       422   5  4.463805E+01  1.977650E+02  1.822120E+01 -8.807723E+01 -1.658670E+01 -9.335915E+00
       422   6  3.604353E+01  1.863258E+02  4.239540E+00 -8.644099E+01 -1.684519E+01 -9.449317E+00
       422   7  4.975346E+01  1.926496E+02  1.822120E+01 -9.227534E+01 -1.773925E+01 -6.899049E+00
       422   8  4.106392E+01  1.813054E+02  4.239541E+00 -9.056111E+01 -1.799089E+01 -7.026920E+00
       423   1  4.121187E+01  1.951539E+02  2.651777E+01 -8.854605E+01  6.388985E+00  1.545936E+00
       423   2  3.340501E+01  1.845764E+02  1.421599E+01 -8.695238E+01  6.144121E+00  1.438511E+00
       423   3  4.635450E+01  1.900112E+02  2.651777E+01 -9.276651E+01  5.248153E+00  3.958020E+00
       423   4  3.845509E+01  1.795263E+02  1.421599E+01 -9.109688E+01  5.009772E+00  3.836888E+00
       423   5  4.700717E+01  2.124688E+02  3.345084E+01 -9.517203E+01 -1.194620E+01 -7.125962E+00
       423   6  3.890910E+01  2.013927E+02  2.091213E+01 -9.345911E+01 -1.219107E+01 -7.233388E+00
       423   7  5.253463E+01  2.069413E+02  3.345084E+01 -9.970831E+01 -1.308704E+01 -4.713879E+00
       423   8  4.433707E+01  1.959647E+02  2.091213E+01 -9.791374E+01 -1.332542E+01 -4.835011E+00
       424   1  4.085218E+01  1.972626E+02  2.806269E+01 -8.996587E+01  8.220344E+00  2.426050E+00
       424   2  3.421531E+01  1.878958E+02  1.840407E+01 -8.839560E+01  8.021820E+00  2.338954E+00
       424   3  4.607728E+01  1.920375E+02  2.806270E+01 -9.425400E+01  7.090293E+00  4.815343E+00
       424   4  3.934922E+01  1.827619E+02  1.840408E+01 -9.260888E+01  6.897024E+00  4.717134E+00
       424   5  4.739495E+01  2.144580E+02  3.518414E+01 -9.609315E+01 -4.903317E+00 -3.780980E+00
       424   6  4.049694E+01  2.046441E+02  2.531305E+01 -9.441593E+01 -5.101842E+00 -3.868076E+00
       424   7  5.297593E+01  2.088770E+02  3.518415E+01 -1.006733E+02 -6.033369E+00 -1.391687E+00
       424   8  4.598050E+01  1.991605E+02  2.531305E+01 -9.891617E+01 -6.226638E+00 -1.489895E+00
       425   1  4.675770E+01  1.317961E+02 -1.778463E+01 -7.439416E+01  8.929437E+00  3.687337E+00
       425   2  4.018026E+01  1.233360E+02 -2.711119E+01 -7.274714E+01  8.533792E+00  3.465194E+00
       425   3  5.104280E+01  1.275110E+02 -1.778463E+01 -7.668460E+01  7.461248E+00  6.136861E+00
       425   4  4.437049E+01  1.191457E+02 -2.711119E+01 -7.498687E+01  7.078830E+00  5.892651E+00
       425   5  5.394261E+01  1.512734E+02 -9.785959E+00 -8.514793E+01 -3.414432E+00 -3.711295E+00
       425   6  4.681597E+01  1.419919E+02 -1.952369E+01 -8.326283E+01 -3.810078E+00 -3.933437E+00
       425   7  5.884714E+01  1.463689E+02 -9.785961E+00 -8.776946E+01 -4.882620E+00 -1.261770E+00
       425   8  5.161191E+01  1.371960E+02 -1.952369E+01 -8.582631E+01 -5.265038E+00 -1.505980E+00
       426   1  4.726355E+01  1.326915E+02 -1.688653E+01 -7.473493E+01  7.179436E+00  2.663243E+00
       426   2  4.019155E+01  1.237980E+02 -2.756286E+01 -7.314147E+01  6.867525E+00  2.488114E+00
       426   3  5.156829E+01  1.283867E+02 -1.688653E+01 -7.703586E+01  5.733133E+00  5.076253E+00
       426   4  4.440450E+01  1.195851E+02 -2.756286E+01 -7.539334E+01  5.431650E+00  4.883727E+00
       426   5  5.575934E+01  1.522812E+02 -8.460891E+00 -8.444022E+01 -7.910933E+00 -6.381577E+00
       426   6  4.820998E+01  1.426738E+02 -1.949460E+01 -8.263982E+01 -8.222844E+00 -6.556705E+00
       426   7  6.062310E+01  1.474174E+02 -8.460890E+00 -8.703996E+01 -9.357235E+00 -3.968566E+00
       426   8  5.297004E+01  1.379137E+02 -1.949460E+01 -8.518413E+01 -9.658719E+00 -4.161093E+00
       427   1  4.819776E+01  1.359431E+02 -1.422755E+01 -7.676227E+01  5.608287E+00  1.741314E+00
       427   2  4.061294E+01  1.265540E+02 -2.615551E+01 -7.518386E+01  5.346719E+00  1.594452E+00
       427   3  5.261927E+01  1.315216E+02 -1.422755E+01 -7.912561E+01  4.179430E+00  4.125218E+00
       427   4  4.494354E+01  1.222234E+02 -2.615551E+01 -7.749861E+01  3.926607E+00  3.963766E+00
       427   5  5.723012E+01  1.552241E+02 -5.733523E+00 -8.572813E+01 -1.191510E+01 -8.761802E+00
       427   6  4.922002E+01  1.451991E+02 -1.797988E+01 -8.396537E+01 -1.217667E+01 -8.908665E+00
       427   7  6.216807E+01  1.502862E+02 -5.733522E+00 -8.836752E+01 -1.334396E+01 -6.377898E+00
       427   8  5.405643E+01  1.403626E+02 -1.797988E+01 -8.655048E+01 -1.359678E+01 -6.539350E+00
       428   1  4.987995E+01  1.419730E+02 -9.008718E+00 -8.056583E+01  4.558595E+00  1.129055E+00
       428   2  4.179034E+01  1.320549E+02 -2.203689E+01 -7.896619E+01  4.316660E+00  9.932159E-01
       428   3  5.452055E+01  1.373324E+02 -9.008716E+00 -8.304628E+01  3.144644E+00  3.488089E+00
       428   4  4.633880E+01  1.275065E+02 -2.203689E+01 -8.139739E+01  2.910798E+00  3.338756E+00
       428   5  5.871328E+01  1.605231E+02 -7.936951E-01 -8.906634E+01 -1.499006E+01 -1.058796E+01
       428   6  5.023433E+01  1.500227E+02 -1.411335E+01 -8.729792E+01 -1.523200E+01 -1.072380E+01
       428   7  6.384351E+01  1.553929E+02 -7.936930E-01 -9.180850E+01 -1.640401E+01 -8.228925E+00
       428   8  5.526270E+01  1.449944E+02 -1.411335E+01 -8.998563E+01 -1.663786E+01 -8.378258E+00
       429   1  5.241475E+01  1.508287E+02 -8.150420E-01 -8.609551E+01  4.264725E+00  9.688066E-01
       429   2  4.392917E+01  1.404541E+02 -1.457355E+01 -8.444291E+01  4.022376E+00  8.327354E-01
       429   3  5.737386E+01  1.458696E+02 -8.150407E-01 -8.874621E+01  2.864788E+00  3.304459E+00
       429   4  4.879309E+01  1.355902E+02 -1.457355E+01 -8.704273E+01  2.630542E+00  3.154870E+00
       429   5  6.057228E+01  1.683772E+02  6.896777E+00 -9.431105E+01 -1.650054E+01 -1.147741E+01
       429   6  5.172292E+01  1.574586E+02 -7.134074E+00 -9.250075E+01 -1.674289E+01 -1.161348E+01
       429   7  6.600460E+01  1.629449E+02  6.896779E+00 -9.721469E+01 -1.790047E+01 -9.141760E+00
       429   8  5.705097E+01  1.521305E+02 -7.134072E+00 -9.534866E+01 -1.813472E+01 -9.291349E+00
       430   1  5.585730E+01  1.625596E+02  1.102537E+01 -9.334643E+01  4.843086E+00  1.331428E+00
       430   2  4.725802E+01  1.519781E+02 -2.700420E+00 -9.161231E+01  4.596960E+00  1.193236E+00
       430   3  6.123407E+01  1.571829E+02  1.102538E+01 -9.622037E+01  3.457230E+00  3.643590E+00
       430   4  5.253490E+01  1.467012E+02 -2.700416E+00 -9.443285E+01  3.219333E+00  3.491670E+00
       430   5  6.329221E+01  1.791108E+02  1.822120E+01 -1.013216E+02 -1.559175E+01 -1.091674E+01
       430   6  5.435115E+01  1.680182E+02  4.239539E+00 -9.943935E+01 -1.583788E+01 -1.105493E+01
       430   7  6.912835E+01  1.732747E+02  1.822121E+01 -1.044411E+02 -1.697761E+01 -8.604580E+00
       430   8  6.007887E+01  1.622905E+02  4.239543E+00 -1.025009E+02 -1.721550E+01 -8.756500E+00
       431   1  5.996532E+01  1.764004E+02  2.651777E+01 -1.018610E+02  6.206691E+00  2.164722E+00
       431   2  5.182093E+01  1.661604E+02  1.421599E+01 -1.000276E+02  5.973536E+00  2.033813E+00
       431   3  6.583251E+01  1.705332E+02  2.651777E+01 -1.049970E+02  4.834928E+00  4.453370E+00
       431   4  5.758253E+01  1.603988E+02  1.421599E+01 -1.031073E+02  4.609568E+00  4.309456E+00
       431   5  6.716396E+01  1.923120E+02  3.345084E+01 -1.094833E+02 -1.119022E+01 -8.262582E+00
       431   6  5.870310E+01  1.815987E+02  2.091213E+01 -1.075128E+02 -1.142337E+01 -8.393492E+00
       431   7  7.347020E+01  1.860058E+02  3.345084E+01 -1.128541E+02 -1.256198E+01 -5.973935E+00
       431   8  6.489584E+01  1.754060E+02  2.091213E+01 -1.108229E+02 -1.278734E+01 -6.117849E+00
       432   1  5.990634E+01  1.782085E+02  2.806270E+01 -1.034943E+02  7.942966E+00  3.220102E+00
       432   2  5.293690E+01  1.691742E+02  1.840407E+01 -1.016879E+02  7.753935E+00  3.113967E+00
       432   3  6.586762E+01  1.722472E+02  2.806270E+01 -1.066806E+02  6.584165E+00  5.487126E+00
       432   4  5.879413E+01  1.633169E+02  1.840407E+01 -1.048186E+02  6.401453E+00  5.370446E+00
       432   5  6.774684E+01  1.941061E+02  3.518414E+01 -1.105429E+02 -4.509106E+00 -4.243383E+00
       432   6  6.049359E+01  1.846474E+02  2.531305E+01 -1.086135E+02 -4.698138E+00 -4.349518E+00
       432   7  7.411412E+01  1.877389E+02  3.518415E+01 -1.139463E+02 -5.867908E+00 -1.976359E+00
       432   8  6.674974E+01  1.783913E+02  2.531305E+01 -1.119575E+02 -6.050619E+00 -2.093038E+00
       433   1  6.208828E+01  1.164655E+02 -1.778463E+01 -8.125979E+01  8.525017E+00  4.544819E+00
       433   2  5.517143E+01  1.083448E+02 -2.711119E+01 -7.946076E+01  8.153051E+00  4.284967E+00
       433   3  6.673789E+01  1.118159E+02 -1.778463E+01 -8.267024E+01  6.823802E+00  6.838641E+00
       433   4  5.971811E+01  1.037981E+02 -2.711119E+01 -8.083998E+01  6.467163E+00  6.558122E+00
       433   5  7.148925E+01  1.337268E+02 -9.785956E+00 -9.300599E+01 -3.034220E+00 -4.028095E+00
       433   6  6.397413E+01  1.248338E+02 -1.952369E+01 -9.094691E+01 -3.406187E+00 -4.287948E+00
       433   7  7.681097E+01  1.284051E+02 -9.785957E+00 -9.462032E+01 -4.735435E+00 -1.734274E+00
       433   8  6.917804E+01  1.196299E+02 -1.952369E+01 -9.252550E+01 -5.092074E+00 -2.014792E+00
       434   1  6.266435E+01  1.172907E+02 -1.688653E+01 -8.163200E+01  6.883821E+00  3.354126E+00
       434   2  5.526398E+01  1.087256E+02 -2.756287E+01 -7.989148E+01  6.590577E+00  3.149268E+00
       434   3  6.733527E+01  1.126198E+02 -1.688653E+01 -8.304891E+01  5.207967E+00  5.613755E+00
       434   4  5.983530E+01  1.041543E+02 -2.756286E+01 -8.127817E+01  4.926806E+00  5.392605E+00
       434   5  7.316012E+01  1.348804E+02 -8.460889E+00 -9.223297E+01 -7.247336E+00 -7.126254E+00
       434   6  6.523975E+01  1.256440E+02 -1.949460E+01 -9.026641E+01 -7.540580E+00 -7.331112E+00
       434   7  7.843762E+01  1.296029E+02 -8.460888E+00 -9.383387E+01 -8.923190E+00 -4.866625E+00
       434   8  7.040472E+01  1.204791E+02 -1.949460E+01 -9.183319E+01 -9.204351E+00 -5.087775E+00
       435   1  6.401634E+01  1.201245E+02 -1.422755E+01 -8.384643E+01  5.410603E+00  2.282638E+00
       435   2  5.610625E+01  1.110607E+02 -2.615551E+01 -8.212236E+01  5.164690E+00  2.110844E+00
       435   3  6.881395E+01  1.153269E+02 -1.422755E+01 -8.530177E+01  3.754963E+00  4.515010E+00
       435   4  6.080522E+01  1.063617E+02 -2.615551E+01 -8.354778E+01  3.519182E+00  4.329554E+00
       435   5  7.489632E+01  1.375579E+02 -5.733522E+00 -9.363973E+01 -1.099892E+01 -9.887496E+00
       435   6  6.652296E+01  1.278961E+02 -1.797987E+01 -9.171429E+01 -1.124484E+01 -1.005929E+01
       435   7  8.025430E+01  1.322000E+02 -5.733523E+00 -9.526505E+01 -1.265456E+01 -7.655124E+00
       435   8  7.177077E+01  1.226483E+02 -1.797988E+01 -9.330620E+01 -1.289034E+01 -7.840579E+00
       436   1  6.648234E+01  1.253707E+02 -9.008714E+00 -8.800101E+01  4.425978E+00  1.570439E+00
       436   2  5.806309E+01  1.157822E+02 -2.203689E+01 -8.625375E+01  4.198522E+00  1.411540E+00
       436   3  7.151768E+01  1.203353E+02 -9.008714E+00 -8.952847E+01  2.787609E+00  3.779522E+00
       436   4  6.299845E+01  1.108468E+02 -2.203689E+01 -8.775087E+01  2.569527E+00  3.607987E+00
       436   5  7.706739E+01  1.421690E+02 -7.936906E-01 -9.728600E+01 -1.388008E+01 -1.200626E+01
       436   6  6.822402E+01  1.320330E+02 -1.411335E+01 -9.535438E+01 -1.410753E+01 -1.216516E+01
       436   7  8.263401E+01  1.366024E+02 -7.936914E-01 -9.897462E+01 -1.551845E+01 -9.797174E+00
       436   8  7.368011E+01  1.265770E+02 -1.411335E+01 -9.700947E+01 -1.573653E+01 -9.968710E+00
       437   1  7.015665E+01  1.330868E+02 -8.150409E-01 -9.404101E+01  4.149229E+00  1.382158E+00
       437   2  6.133052E+01  1.230527E+02 -1.457355E+01 -9.223590E+01  3.921384E+00  1.222987E+00
       437   3  7.553760E+01  1.277059E+02 -8.150397E-01 -9.567330E+01  2.527100E+00  3.569345E+00
       437   4  6.660818E+01  1.177751E+02 -1.457355E+01 -9.383686E+01  2.308644E+00  3.397516E+00
       437   5  8.000718E+01  1.489423E+02  6.896779E+00 -1.030147E+02 -1.529610E+01 -1.303948E+01
       437   6  7.078477E+01  1.383967E+02 -7.134074E+00 -1.010374E+02 -1.552394E+01 -1.319865E+01
       437   7  8.590159E+01  1.430479E+02  6.896780E+00 -1.048028E+02 -1.691823E+01 -1.085229E+01
       437   8  7.656604E+01  1.326155E+02 -7.134074E+00 -1.027911E+02 -1.713668E+01 -1.102412E+01
       438   1  7.509341E+01  1.433235E+02  1.102537E+01 -1.019611E+02  4.689262E+00  1.799722E+00
       438   2  6.613677E+01  1.330993E+02 -2.700420E+00 -1.000669E+02  4.457867E+00  1.638071E+00
       438   3  8.092754E+01  1.374894E+02  1.102537E+01 -1.037309E+02  3.083447E+00  3.964912E+00
       438   4  7.186252E+01  1.273736E+02 -2.700418E+00 -1.018038E+02  2.861587E+00  3.790405E+00
       438   5  8.417179E+01  1.582312E+02  1.822120E+01 -1.106723E+02 -1.444665E+01 -1.239243E+01
       438   6  7.484284E+01  1.475265E+02  4.239539E+00 -1.086163E+02 -1.467804E+01 -1.255408E+01
       438   7  9.050436E+01  1.518987E+02  1.822120E+01 -1.125933E+02 -1.605246E+01 -1.022724E+01
       438   8  8.105777E+01  1.413115E+02  4.239540E+00 -1.105016E+02 -1.627432E+01 -1.040175E+01
       439   1  8.095604E+01  1.554097E+02  2.651777E+01 -1.112614E+02  5.964624E+00  2.762660E+00
       439   2  7.243386E+01  1.455475E+02  1.421599E+01 -1.092589E+02  5.745423E+00  2.609528E+00
       439   3  8.732232E+01  1.490434E+02  2.651777E+01 -1.131926E+02  4.375140E+00  4.905831E+00
       439   4  7.868556E+01  1.392958E+02  1.421599E+01 -1.111553E+02  4.164971E+00  4.740521E+00
       439   5  8.972543E+01  1.697505E+02  3.345084E+01 -1.195872E+02 -1.032646E+01 -9.319629E+00
       439   6  8.085851E+01  1.594433E+02  2.091213E+01 -1.174349E+02 -1.054566E+01 -9.472760E+00
       439   7  9.656811E+01  1.629079E+02  3.345084E+01 -1.216629E+02 -1.191594E+01 -7.176457E+00
       439   8  8.757803E+01  1.527238E+02  2.091213E+01 -1.194732E+02 -1.212611E+01 -7.341767E+00
       440   1  8.123364E+01  1.568812E+02  2.806269E+01 -1.130455E+02  7.589093E+00  3.983143E+00
       440   2  7.389195E+01  1.482191E+02  1.840407E+01 -1.110724E+02  7.411375E+00  3.858991E+00
       440   3  8.770200E+01  1.504128E+02  2.806270E+01 -1.150076E+02  6.014628E+00  6.106064E+00
       440   4  8.024742E+01  1.418637E+02  1.840408E+01 -1.130003E+02  5.844232E+00  5.972038E+00
       440   5  9.052667E+01  1.713263E+02  3.518414E+01 -1.207446E+02 -4.071470E+00 -4.664919E+00
       440   6  8.287583E+01  1.622652E+02  2.531305E+01 -1.186371E+02 -4.249188E+00 -4.789072E+00
       440   7  9.743557E+01  1.644174E+02  3.518414E+01 -1.228404E+02 -5.645935E+00 -2.541998E+00
       440   8  8.966414E+01  1.554769E+02  2.531305E+01 -1.206963E+02 -5.816330E+00 -2.676023E+00
       441   1  7.846370E+01  1.000901E+02 -1.778463E+01 -8.500264E+01  8.038497E+00  5.358532E+00
       441   2  7.118431E+01  9.233192E+01 -2.711119E+01 -8.312075E+01  7.693791E+00  5.063472E+00
       441   3  8.329913E+01  9.525466E+01 -1.778463E+01 -8.547889E+01  6.120640E+00  7.474561E+00
       441   4  7.591269E+01  8.760354E+01 -2.711119E+01 -8.358646E+01  5.793213E+00  7.160436E+00
       441   5  9.023176E+01  1.149843E+02 -9.785960E+00 -9.728988E+01 -2.624787E+00 -4.306104E+00
       441   6  8.230170E+01  1.065062E+02 -1.952369E+01 -9.513596E+01 -2.969493E+00 -4.601165E+00
       441   7  9.576616E+01  1.094499E+02 -9.785960E+00 -9.783497E+01 -4.542644E+00 -2.190076E+00
       441   8  8.771357E+01  1.010943E+02 -1.952369E+01 -9.566898E+01 -4.870071E+00 -2.504201E+00
       442   1  7.911478E+01  1.008402E+02 -1.688653E+01 -8.539200E+01  6.521912E+00  4.012708E+00
       442   2  7.136365E+01  9.262590E+01 -2.756287E+01 -8.357131E+01  6.250160E+00  3.780093E+00
       442   3  8.397236E+01  9.598265E+01 -1.688653E+01 -8.587043E+01  4.632644E+00  6.097193E+00
       442   4  7.611767E+01  8.787188E+01 -2.756287E+01 -8.403954E+01  4.374514E+00  5.849549E+00
       442   5  9.174685E+01  1.162936E+02 -8.460890E+00 -9.648125E+01 -6.513943E+00 -7.802302E+00
       442   6  8.343018E+01  1.074536E+02 -1.949460E+01 -9.442411E+01 -6.785696E+00 -8.034917E+00
       442   7  9.723526E+01  1.108052E+02 -8.460891E+00 -9.702181E+01 -8.403211E+00 -5.717817E+00
       442   8  8.880156E+01  1.020822E+02 -1.949460E+01 -9.495315E+01 -8.661342E+00 -5.965461E+00
       443   1  8.091302E+01  1.032278E+02 -1.422755E+01 -8.770842E+01  5.160812E+00  2.801978E+00
       443   2  7.265550E+01  9.451146E+01 -2.615551E+01 -8.590494E+01  4.932922E+00  2.606908E+00
       443   3  8.590237E+01  9.823846E+01 -1.422755E+01 -8.819983E+01  3.294333E+00  4.861319E+00
       443   4  7.754226E+01  8.962470E+01 -2.615552E+01 -8.638625E+01  3.077866E+00  4.653646E+00
       443   5  9.376653E+01  1.186877E+02 -5.733522E+00 -9.795280E+01 -9.976815E+00 -1.091797E+01
       443   6  8.500517E+01  1.094139E+02 -1.797988E+01 -9.593868E+01 -1.020471E+01 -1.111304E+01
       443   7  9.933865E+01  1.131156E+02 -5.733526E+00 -9.850161E+01 -1.184329E+01 -8.858626E+00
       443   8  9.046270E+01  1.039564E+02 -1.797988E+01 -9.647620E+01 -1.205976E+01 -9.066300E+00
       444   1  8.421624E+01  1.076368E+02 -9.008717E+00 -9.205437E+01  4.250735E+00  1.996698E+00
       444   2  7.544488E+01  9.840038E+01 -2.203689E+01 -9.022662E+01  4.039950E+00  1.816270E+00
       444   3  8.945282E+01  1.024002E+02 -9.008719E+00 -9.257013E+01  2.403728E+00  4.034556E+00
       444   4  8.057749E+01  9.326777E+01 -2.203689E+01 -9.073214E+01  2.203509E+00  3.842471E+00
       444   5  9.667240E+01  1.225640E+02 -7.936946E-01 -1.017670E+02 -1.263642E+01 -1.330893E+01
       444   6  8.743977E+01  1.128173E+02 -1.411335E+01 -9.974644E+01 -1.284721E+01 -1.348936E+01
       444   7  1.024615E+02  1.167749E+02 -7.936967E-01 -1.023372E+02 -1.448343E+01 -1.127107E+01
       444   8  9.311391E+01  1.071431E+02 -1.411335E+01 -1.003053E+02 -1.468365E+01 -1.146316E+01
       445   1  8.910773E+01  1.141357E+02 -8.150387E-01 -9.837257E+01  3.993774E+00  1.782198E+00
       445   2  7.991783E+01  1.044654E+02 -1.457355E+01 -9.648431E+01  3.782628E+00  1.601461E+00
       445   3  9.470373E+01  1.085397E+02 -8.150372E-01 -9.892373E+01  2.165074E+00  3.799857E+00
       445   4  8.540641E+01  9.897683E+01 -1.457355E+01 -9.702489E+01  1.964512E+00  3.607443E+00
       445   5  1.007666E+02  1.281829E+02  6.896781E+00 -1.077596E+02 -1.394435E+01 -1.447597E+01
       445   6  9.114575E+01  1.180357E+02 -7.134076E+00 -1.056912E+02 -1.415550E+01 -1.465671E+01
       445   7  1.068966E+02  1.220529E+02  6.896782E+00 -1.083634E+02 -1.577305E+01 -1.245831E+01
       445   8  9.715807E+01  1.120234E+02 -7.134074E+00 -1.062834E+02 -1.597361E+01 -1.265073E+01
       446   1  9.564055E+01  1.227764E+02  1.102537E+01 -1.066575E+02  4.490278E+00  2.250684E+00
       446   2  8.630220E+01  1.129339E+02 -2.700417E+00 -1.046760E+02  4.275842E+00  2.067131E+00
       446   3  1.017078E+02  1.167091E+02  1.102537E+01 -1.072550E+02  2.679970E+00  4.248051E+00
       446   4  9.225677E+01  1.069793E+02 -2.700420E+00 -1.052625E+02  2.476283E+00  4.052638E+00
       446   5  1.064744E+02  1.359286E+02  1.822120E+01 -1.157699E+02 -1.316241E+01 -1.374878E+01
       446   6  9.673114E+01  1.256382E+02  4.239541E+00 -1.136192E+02 -1.337685E+01 -1.393233E+01
       446   7  1.130601E+02  1.293430E+02  1.822120E+01 -1.164185E+02 -1.497272E+01 -1.175141E+01
       446   8  1.031944E+02  1.191749E+02  4.239539E+00 -1.142558E+02 -1.517640E+01 -1.194682E+01
       447   1  1.033774E+02  1.329884E+02  2.651777E+01 -1.163861E+02  5.665114E+00  3.333992E+00
       447   2  9.445163E+01  1.235297E+02  1.421598E+01 -1.142914E+02  5.461978E+00  3.160112E+00
       447   3  1.099981E+02  1.263677E+02  2.651777E+01 -1.170382E+02  3.873217E+00  5.311047E+00
       447   4  1.009532E+02  1.170281E+02  1.421598E+01 -1.149317E+02  3.680263E+00  5.125932E+00
       447   5  1.138246E+02  1.456514E+02  3.345083E+01 -1.250954E+02 -9.363249E+00 -1.028692E+01
       447   6  1.045239E+02  1.357779E+02  2.091212E+01 -1.228439E+02 -9.566385E+00 -1.046080E+01
       447   7  1.209407E+02  1.385352E+02  3.345083E+01 -1.257963E+02 -1.115515E+01 -8.309866E+00
       447   8  1.115120E+02  1.287898E+02  2.091212E+01 -1.235322E+02 -1.134810E+01 -8.494981E+00
       448   1  1.040145E+02  1.341003E+02  2.806269E+01 -1.182524E+02  7.162134E+00  4.707824E+00
       448   2  9.627517E+01  1.258359E+02  1.840406E+01 -1.161884E+02  6.997440E+00  4.566850E+00
       448   3  1.107414E+02  1.273734E+02  2.806269E+01 -1.189149E+02  5.387167E+00  6.666199E+00
       448   4  1.028846E+02  1.192264E+02  1.840407E+01 -1.168394E+02  5.230729E+00  6.516116E+00
       448   5  1.148590E+02  1.469939E+02  3.518414E+01 -1.263061E+02 -3.594622E+00 -5.041529E+00
       448   6  1.067835E+02  1.383575E+02  2.531304E+01 -1.241016E+02 -3.759315E+00 -5.182503E+00
       448   7  1.220441E+02  1.398089E+02  3.518414E+01 -1.270138E+02 -5.369588E+00 -3.083155E+00
       448   8  1.138431E+02  1.312979E+02  2.531304E+01 -1.247969E+02 -5.526026E+00 -3.233237E+00
       449   1  9.525466E+01  8.329913E+01 -1.778463E+01 -8.547889E+01  7.474561E+00  6.120640E+00
       449   2  8.760354E+01  7.591269E+01 -2.711119E+01 -8.358646E+01  7.160436E+00  5.793213E+00
       449   3  1.000901E+02  7.846370E+01 -1.778463E+01 -8.500264E+01  5.358532E+00  8.038497E+00
       449   4  9.233192E+01  7.118431E+01 -2.711119E+01 -8.312075E+01  5.063472E+00  7.693791E+00
       449   5  1.094499E+02  9.576616E+01 -9.785960E+00 -9.783497E+01 -2.190076E+00 -4.542644E+00
       449   6  1.010943E+02  8.771357E+01 -1.952369E+01 -9.566898E+01 -2.504201E+00 -4.870071E+00
       449   7  1.149843E+02  9.023176E+01 -9.785960E+00 -9.728988E+01 -4.306104E+00 -2.624787E+00
       449   8  1.065062E+02  8.230170E+01 -1.952369E+01 -9.513596E+01 -4.601165E+00 -2.969493E+00
       450   1  9.598265E+01  8.397236E+01 -1.688653E+01 -8.587043E+01  6.097193E+00  4.632644E+00
       450   2  8.787188E+01  7.611767E+01 -2.756287E+01 -8.403954E+01  5.849549E+00  4.374514E+00
       450   3  1.008402E+02  7.911478E+01 -1.688653E+01 -8.539200E+01  4.012708E+00  6.521912E+00
       450   4  9.262590E+01  7.136365E+01 -2.756287E+01 -8.357131E+01  3.780093E+00  6.250160E+00
       450   5  1.108052E+02  9.723526E+01 -8.460891E+00 -9.702181E+01 -5.717817E+00 -8.403211E+00
       450   6  1.020822E+02  8.880156E+01 -1.949460E+01 -9.495315E+01 -5.965461E+00 -8.661342E+00
       450   7  1.162936E+02  9.174685E+01 -8.460890E+00 -9.648125E+01 -7.802302E+00 -6.513943E+00
       450   8  1.074536E+02  8.343018E+01 -1.949460E+01 -9.442411E+01 -8.034917E+00 -6.785696E+00
       451   1  9.823846E+01  8.590237E+01 -1.422755E+01 -8.819983E+01  4.861319E+00  3.294333E+00
       451   2  8.962470E+01  7.754226E+01 -2.615552E+01 -8.638625E+01  4.653646E+00  3.077866E+00
       451   3  1.032278E+02  8.091302E+01 -1.422755E+01 -8.770842E+01  2.801978E+00  5.160812E+00
       451   4  9.451146E+01  7.265550E+01 -2.615551E+01 -8.590494E+01  2.606908E+00  4.932922E+00
       451   5  1.131156E+02  9.933865E+01 -5.733526E+00 -9.850161E+01 -8.858626E+00 -1.184329E+01
       451   6  1.039564E+02  9.046270E+01 -1.797988E+01 -9.647620E+01 -9.066300E+00 -1.205976E+01
       451   7  1.186877E+02  9.376653E+01 -5.733522E+00 -9.795280E+01 -1.091797E+01 -9.976815E+00
       451   8  1.094139E+02  8.500517E+01 -1.797988E+01 -9.593868E+01 -1.111304E+01 -1.020471E+01
       452   1  1.024002E+02  8.945282E+01 -9.008719E+00 -9.257013E+01  4.034556E+00  2.403728E+00
       452   2  9.326777E+01  8.057749E+01 -2.203689E+01 -9.073214E+01  3.842471E+00  2.203509E+00
       452   3  1.076368E+02  8.421624E+01 -9.008717E+00 -9.205437E+01  1.996698E+00  4.250735E+00
       452   4  9.840038E+01  7.544488E+01 -2.203689E+01 -9.022662E+01  1.816270E+00  4.039950E+00
       452   5  1.167749E+02  1.024615E+02 -7.936967E-01 -1.023372E+02 -1.127107E+01 -1.448343E+01
       452   6  1.071431E+02  9.311391E+01 -1.411335E+01 -1.003053E+02 -1.146316E+01 -1.468365E+01
       452   7  1.225640E+02  9.667240E+01 -7.936946E-01 -1.017670E+02 -1.330893E+01 -1.263642E+01
       452   8  1.128173E+02  8.743977E+01 -1.411335E+01 -9.974644E+01 -1.348936E+01 -1.284721E+01
       453   1  1.085397E+02  9.470373E+01 -8.150372E-01 -9.892373E+01  3.799857E+00  2.165074E+00
       453   2  9.897683E+01  8.540641E+01 -1.457355E+01 -9.702489E+01  3.607443E+00  1.964512E+00
       453   3  1.141357E+02  8.910773E+01 -8.150387E-01 -9.837257E+01  1.782198E+00  3.993774E+00
       453   4  1.044654E+02  7.991783E+01 -1.457355E+01 -9.648431E+01  1.601461E+00  3.782628E+00
       453   5  1.220529E+02  1.068966E+02  6.896782E+00 -1.083634E+02 -1.245831E+01 -1.577305E+01
       453   6  1.120234E+02  9.715807E+01 -7.134074E+00 -1.062834E+02 -1.265073E+01 -1.597361E+01
       453   7  1.281829E+02  1.007666E+02  6.896781E+00 -1.077596E+02 -1.447597E+01 -1.394435E+01
       453   8  1.180357E+02  9.114575E+01 -7.134076E+00 -1.056912E+02 -1.465671E+01 -1.415550E+01
       454   1  1.167091E+02  1.017078E+02  1.102537E+01 -1.072550E+02  4.248051E+00  2.679970E+00
       454   2  1.069793E+02  9.225677E+01 -2.700420E+00 -1.052625E+02  4.052638E+00  2.476283E+00
       454   3  1.227764E+02  9.564055E+01  1.102537E+01 -1.066575E+02  2.250684E+00  4.490278E+00
       454   4  1.129339E+02  8.630220E+01 -2.700417E+00 -1.046760E+02  2.067131E+00  4.275842E+00
       454   5  1.293430E+02  1.130601E+02  1.822120E+01 -1.164185E+02 -1.175141E+01 -1.497272E+01
       454   6  1.191749E+02  1.031944E+02  4.239539E+00 -1.142558E+02 -1.194682E+01 -1.517640E+01
       454   7  1.359286E+02  1.064744E+02  1.822120E+01 -1.157699E+02 -1.374878E+01 -1.316241E+01
       454   8  1.256382E+02  9.673114E+01  4.239541E+00 -1.136192E+02 -1.393233E+01 -1.337685E+01
       455   1  1.263677E+02  1.099981E+02  2.651777E+01 -1.170382E+02  5.311047E+00  3.873217E+00
       455   2  1.170281E+02  1.009532E+02  1.421598E+01 -1.149317E+02  5.125932E+00  3.680263E+00
       455   3  1.329884E+02  1.033774E+02  2.651777E+01 -1.163861E+02  3.333992E+00  5.665114E+00
       455   4  1.235297E+02  9.445163E+01  1.421598E+01 -1.142914E+02  3.160112E+00  5.461978E+00
       455   5  1.385352E+02  1.209407E+02  3.345083E+01 -1.257963E+02 -8.309866E+00 -1.115515E+01
       455   6  1.287898E+02  1.115120E+02  2.091212E+01 -1.235322E+02 -8.494981E+00 -1.134810E+01
       455   7  1.456514E+02  1.138246E+02  3.345083E+01 -1.250954E+02 -1.028692E+01 -9.363249E+00
       455   8  1.357779E+02  1.045239E+02  2.091212E+01 -1.228439E+02 -1.046080E+01 -9.566385E+00
       456   1  1.273734E+02  1.107414E+02  2.806269E+01 -1.189149E+02  6.666199E+00  5.387167E+00
       456   2  1.192264E+02  1.028846E+02  1.840407E+01 -1.168394E+02  6.516116E+00  5.230729E+00
       456   3  1.341003E+02  1.040145E+02  2.806269E+01 -1.182524E+02  4.707824E+00  7.162134E+00
       456   4  1.258359E+02  9.627517E+01  1.840406E+01 -1.161884E+02  4.566850E+00  6.997440E+00
       456   5  1.398089E+02  1.220441E+02  3.518414E+01 -1.270138E+02 -3.083155E+00 -5.369588E+00
       456   6  1.312979E+02  1.138431E+02  2.531304E+01 -1.247969E+02 -3.233237E+00 -5.526026E+00
       456   7  1.469939E+02  1.148590E+02  3.518414E+01 -1.263061E+02 -5.041529E+00 -3.594622E+00
       456   8  1.383575E+02  1.067835E+02  2.531304E+01 -1.241016E+02 -5.182503E+00 -3.759315E+00
       457   1  1.118159E+02  6.673789E+01 -1.778463E+01 -8.267024E+01  6.838641E+00  6.823802E+00
       457   2  1.037981E+02  5.971811E+01 -2.711119E+01 -8.083998E+01  6.558122E+00  6.467163E+00
       457   3  1.164655E+02  6.208828E+01 -1.778463E+01 -8.125979E+01  4.544819E+00  8.525017E+00
       457   4  1.083448E+02  5.517143E+01 -2.711119E+01 -7.946076E+01  4.284967E+00  8.153051E+00
       457   5  1.284051E+02  7.681097E+01 -9.785957E+00 -9.462032E+01 -1.734274E+00 -4.735435E+00
       457   6  1.196299E+02  6.917804E+01 -1.952369E+01 -9.252550E+01 -2.014792E+00 -5.092074E+00
       457   7  1.337268E+02  7.148925E+01 -9.785956E+00 -9.300599E+01 -4.028095E+00 -3.034220E+00
       457   8  1.248338E+02  6.397413E+01 -1.952369E+01 -9.094691E+01 -4.287948E+00 -3.406187E+00
       458   1  1.126198E+02  6.733527E+01 -1.688653E+01 -8.304891E+01  5.613755E+00  5.207967E+00
       458   2  1.041543E+02  5.983530E+01 -2.756286E+01 -8.127817E+01  5.392605E+00  4.926806E+00
       458   3  1.172907E+02  6.266435E+01 -1.688653E+01 -8.163200E+01  3.354126E+00  6.883821E+00
       458   4  1.087256E+02  5.526398E+01 -2.756287E+01 -7.989148E+01  3.149268E+00  6.590577E+00
       458   5  1.296029E+02  7.843762E+01 -8.460888E+00 -9.383387E+01 -4.866625E+00 -8.923190E+00
       458   6  1.204791E+02  7.040472E+01 -1.949460E+01 -9.183319E+01 -5.087775E+00 -9.204351E+00
       458   7  1.348804E+02  7.316012E+01 -8.460889E+00 -9.223297E+01 -7.126254E+00 -7.247336E+00
       458   8  1.256440E+02  6.523975E+01 -1.949460E+01 -9.026641E+01 -7.331112E+00 -7.540580E+00
       459   1  1.153269E+02  6.881395E+01 -1.422755E+01 -8.530177E+01  4.515010E+00  3.754963E+00
       459   2  1.063617E+02  6.080522E+01 -2.615551E+01 -8.354778E+01  4.329554E+00  3.519182E+00
       459   3  1.201245E+02  6.401634E+01 -1.422755E+01 -8.384643E+01  2.282638E+00  5.410603E+00
       459   4  1.110607E+02  5.610625E+01 -2.615551E+01 -8.212236E+01  2.110844E+00  5.164690E+00
       459   5  1.322000E+02  8.025430E+01 -5.733523E+00 -9.526505E+01 -7.655124E+00 -1.265456E+01
       459   6  1.226483E+02  7.177077E+01 -1.797988E+01 -9.330620E+01 -7.840579E+00 -1.289034E+01
       459   7  1.375579E+02  7.489632E+01 -5.733522E+00 -9.363973E+01 -9.887496E+00 -1.099892E+01
       459   8  1.278961E+02  6.652296E+01 -1.797987E+01 -9.171429E+01 -1.005929E+01 -1.124484E+01
       460   1  1.203353E+02  7.151768E+01 -9.008714E+00 -8.952847E+01  3.779522E+00  2.787609E+00
       460   2  1.108468E+02  6.299845E+01 -2.203689E+01 -8.775087E+01  3.607987E+00  2.569527E+00
       460   3  1.253707E+02  6.648234E+01 -9.008714E+00 -8.800101E+01  1.570439E+00  4.425978E+00
       460   4  1.157822E+02  5.806309E+01 -2.203689E+01 -8.625375E+01  1.411540E+00  4.198522E+00
       460   5  1.366024E+02  8.263401E+01 -7.936914E-01 -9.897462E+01 -9.797174E+00 -1.551845E+01
       460   6  1.265770E+02  7.368011E+01 -1.411335E+01 -9.700947E+01 -9.968710E+00 -1.573653E+01
       460   7  1.421690E+02  7.706739E+01 -7.936906E-01 -9.728600E+01 -1.200626E+01 -1.388008E+01
       460   8  1.320330E+02  6.822402E+01 -1.411335E+01 -9.535438E+01 -1.216516E+01 -1.410753E+01
       461   1  1.277059E+02  7.553760E+01 -8.150397E-01 -9.567330E+01  3.569345E+00  2.527100E+00
       461   2  1.177751E+02  6.660818E+01 -1.457355E+01 -9.383686E+01  3.397516E+00  2.308644E+00
       461   3  1.330868E+02  7.015665E+01 -8.150409E-01 -9.404101E+01  1.382158E+00  4.149229E+00
       461   4  1.230527E+02  6.133052E+01 -1.457355E+01 -9.223590E+01  1.222987E+00  3.921384E+00
       461   5  1.430479E+02  8.590159E+01  6.896780E+00 -1.048028E+02 -1.085229E+01 -1.691823E+01
       461   6  1.326155E+02  7.656604E+01 -7.134074E+00 -1.027911E+02 -1.102412E+01 -1.713668E+01
       461   7  1.489423E+02  8.000718E+01  6.896779E+00 -1.030147E+02 -1.303948E+01 -1.529610E+01
       461   8  1.383967E+02  7.078477E+01 -7.134074E+00 -1.010374E+02 -1.319865E+01 -1.552394E+01
       462   1  1.374894E+02  8.092754E+01  1.102537E+01 -1.037309E+02  3.964912E+00  3.083447E+00
       462   2  1.273736E+02  7.186252E+01 -2.700418E+00 -1.018038E+02  3.790405E+00  2.861587E+00
       462   3  1.433235E+02  7.509341E+01  1.102537E+01 -1.019611E+02  1.799722E+00  4.689262E+00
       462   4  1.330993E+02  6.613677E+01 -2.700420E+00 -1.000669E+02  1.638071E+00  4.457867E+00
       462   5  1.518987E+02  9.050436E+01  1.822120E+01 -1.125933E+02 -1.022724E+01 -1.605246E+01
       462   6  1.413115E+02  8.105777E+01  4.239540E+00 -1.105016E+02 -1.040175E+01 -1.627432E+01
       462   7  1.582312E+02  8.417179E+01  1.822120E+01 -1.106723E+02 -1.239243E+01 -1.444665E+01
       462   8  1.475265E+02  7.484284E+01  4.239539E+00 -1.086163E+02 -1.255408E+01 -1.467804E+01
       463   1  1.490434E+02  8.732232E+01  2.651777E+01 -1.131926E+02  4.905831E+00  4.375140E+00
       463   2  1.392958E+02  7.868556E+01  1.421599E+01 -1.111553E+02  4.740521E+00  4.164971E+00
       463   3  1.554097E+02  8.095604E+01  2.651777E+01 -1.112614E+02  2.762660E+00  5.964624E+00
       463   4  1.455475E+02  7.243386E+01  1.421599E+01 -1.092589E+02  2.609528E+00  5.745423E+00
       463   5  1.629079E+02  9.656811E+01  3.345084E+01 -1.216629E+02 -7.176457E+00 -1.191594E+01
       463   6  1.527238E+02  8.757803E+01  2.091213E+01 -1.194732E+02 -7.341767E+00 -1.212611E+01
       463   7  1.697505E+02  8.972543E+01  3.345084E+01 -1.195872E+02 -9.319629E+00 -1.032646E+01
       463   8  1.594433E+02  8.085851E+01  2.091213E+01 -1.174349E+02 -9.472760E+00 -1.054566E+01
       464   1  1.504128E+02  8.770200E+01  2.806270E+01 -1.150076E+02  6.106064E+00  6.014628E+00
       464   2  1.418637E+02  8.024742E+01  1.840408E+01 -1.130003E+02  5.972038E+00  5.844232E+00
       464   3  1.568812E+02  8.123364E+01  2.806269E+01 -1.130455E+02  3.983143E+00  7.589093E+00
       464   4  1.482191E+02  7.389195E+01  1.840407E+01 -1.110724E+02  3.858991E+00  7.411375E+00
       464   5  1.644174E+02  9.743557E+01  3.518414E+01 -1.228404E+02 -2.541998E+00 -5.645935E+00
       464   6  1.554769E+02  8.966414E+01  2.531305E+01 -1.206963E+02 -2.676023E+00 -5.816330E+00
       464   7  1.713263E+02  9.052667E+01  3.518414E+01 -1.207446E+02 -4.664919E+00 -4.071470E+00
       464   8  1.622652E+02  8.287583E+01  2.531305E+01 -1.186371E+02 -4.789072E+00 -4.249188E+00
       465   1  1.275110E+02  5.104280E+01 -1.778463E+01 -7.668460E+01  6.136861E+00  7.461248E+00
       465   2  1.191457E+02  4.437049E+01 -2.711119E+01 -7.498687E+01  5.892651E+00  7.078830E+00
       465   3  1.317961E+02  4.675770E+01 -1.778463E+01 -7.439416E+01  3.687337E+00  8.929437E+00
       465   4  1.233360E+02  4.018026E+01 -2.711119E+01 -7.274714E+01  3.465194E+00  8.533792E+00
       465   5  1.463689E+02  5.884714E+01 -9.785961E+00 -8.776946E+01 -1.261770E+00 -4.882620E+00
       465   6  1.371960E+02  5.161191E+01 -1.952369E+01 -8.582631E+01 -1.505980E+00 -5.265038E+00
       465   7  1.512734E+02  5.394261E+01 -9.785959E+00 -8.514793E+01 -3.711295E+00 -3.414432E+00
       465   8  1.419919E+02  4.681597E+01 -1.952369E+01 -8.326283E+01 -3.933437E+00 -3.810078E+00
       466   1  1.283867E+02  5.156829E+01 -1.688653E+01 -7.703586E+01  5.076253E+00  5.733133E+00
       466   2  1.195851E+02  4.440450E+01 -2.756286E+01 -7.539334E+01  4.883727E+00  5.431650E+00
       466   3  1.326915E+02  4.726355E+01 -1.688653E+01 -7.473493E+01  2.663243E+00  7.179436E+00
       466   4  1.237980E+02  4.019155E+01 -2.756286E+01 -7.314147E+01  2.488114E+00  6.867525E+00
       466   5  1.474174E+02  6.062310E+01 -8.460890E+00 -8.703996E+01 -3.968566E+00 -9.357235E+00
       466   6  1.379137E+02  5.297004E+01 -1.949460E+01 -8.518413E+01 -4.161093E+00 -9.658719E+00
       466   7  1.522812E+02  5.575934E+01 -8.460891E+00 -8.444022E+01 -6.381577E+00 -7.910933E+00
       466   8  1.426738E+02  4.820998E+01 -1.949460E+01 -8.263982E+01 -6.556705E+00 -8.222844E+00
       467   1  1.315216E+02  5.261927E+01 -1.422755E+01 -7.912561E+01  4.125218E+00  4.179430E+00
       467   2  1.222234E+02  4.494354E+01 -2.615551E+01 -7.749861E+01  3.963766E+00  3.926607E+00
       467   3  1.359431E+02  4.819776E+01 -1.422755E+01 -7.676227E+01  1.741314E+00  5.608287E+00
       467   4  1.265540E+02  4.061294E+01 -2.615551E+01 -7.518386E+01  1.594452E+00  5.346719E+00
       467   5  1.502862E+02  6.216807E+01 -5.733522E+00 -8.836752E+01 -6.377898E+00 -1.334396E+01
       467   6  1.403626E+02  5.405643E+01 -1.797988E+01 -8.655048E+01 -6.539350E+00 -1.359678E+01
       467   7  1.552241E+02  5.723012E+01 -5.733523E+00 -8.572813E+01 -8.761802E+00 -1.191510E+01
       467   8  1.451991E+02  4.922002E+01 -1.797988E+01 -8.396537E+01 -8.908665E+00 -1.217667E+01
       468   1  1.373324E+02  5.452055E+01 -9.008716E+00 -8.304628E+01  3.488089E+00  3.144644E+00
       468   2  1.275065E+02  4.633880E+01 -2.203689E+01 -8.139739E+01  3.338756E+00  2.910798E+00
       468   3  1.419730E+02  4.987995E+01 -9.008718E+00 -8.056583E+01  1.129055E+00  4.558595E+00
       468   4  1.320549E+02  4.179034E+01 -2.203689E+01 -7.896619E+01  9.932159E-01  4.316660E+00
       468   5  1.553929E+02  6.384351E+01 -7.936930E-01 -9.180850E+01 -8.228925E+00 -1.640401E+01
       468   6  1.449944E+02  5.526270E+01 -1.411335E+01 -8.998563E+01 -8.378258E+00 -1.663786E+01
       468   7  1.605231E+02  5.871328E+01 -7.936951E-01 -8.906634E+01 -1.058796E+01 -1.499006E+01
       468   8  1.500227E+02  5.023433E+01 -1.411335E+01 -8.729792E+01 -1.072380E+01 -1.523200E+01
       469   1  1.458696E+02  5.737386E+01 -8.150407E-01 -8.874621E+01  3.304459E+00  2.864788E+00
       469   2  1.355902E+02  4.879309E+01 -1.457355E+01 -8.704273E+01  3.154870E+00  2.630542E+00
       469   3  1.508287E+02  5.241475E+01 -8.150420E-01 -8.609551E+01  9.688066E-01  4.264725E+00
       469   4  1.404541E+02  4.392917E+01 -1.457355E+01 -8.444291E+01  8.327354E-01  4.022376E+00
       469   5  1.629449E+02  6.600460E+01  6.896779E+00 -9.721469E+01 -9.141760E+00 -1.790047E+01
       469   6  1.521305E+02  5.705097E+01 -7.134072E+00 -9.534866E+01 -9.291349E+00 -1.813472E+01
       469   7  1.683772E+02  6.057228E+01  6.896777E+00 -9.431105E+01 -1.147741E+01 -1.650054E+01
       469   8  1.574586E+02  5.172292E+01 -7.134074E+00 -9.250075E+01 -1.161348E+01 -1.674289E+01
       470   1  1.571829E+02  6.123407E+01  1.102538E+01 -9.622037E+01  3.643590E+00  3.457230E+00
       470   2  1.467012E+02  5.253490E+01 -2.700416E+00 -9.443285E+01  3.491670E+00  3.219333E+00
       470   3  1.625596E+02  5.585730E+01  1.102537E+01 -9.334643E+01  1.331428E+00  4.843086E+00
       470   4  1.519781E+02  4.725802E+01 -2.700420E+00 -9.161231E+01  1.193236E+00  4.596960E+00
       470   5  1.732747E+02  6.912835E+01  1.822121E+01 -1.044411E+02 -8.604580E+00 -1.697761E+01
       470   6  1.622905E+02  6.007887E+01  4.239543E+00 -1.025009E+02 -8.756500E+00 -1.721550E+01
       470   7  1.791108E+02  6.329221E+01  1.822120E+01 -1.013216E+02 -1.091674E+01 -1.559175E+01
       470   8  1.680182E+02  5.435115E+01  4.239539E+00 -9.943935E+01 -1.105493E+01 -1.583788E+01
       471   1  1.705332E+02  6.583251E+01  2.651777E+01 -1.049970E+02  4.453370E+00  4.834928E+00
       471   2  1.603988E+02  5.758253E+01  1.421599E+01 -1.031073E+02  4.309456E+00  4.609568E+00
       471   3  1.764004E+02  5.996532E+01  2.651777E+01 -1.018610E+02  2.164722E+00  6.206691E+00
       471   4  1.661604E+02  5.182093E+01  1.421599E+01 -1.000276E+02  2.033813E+00  5.973536E+00
       471   5  1.860058E+02  7.347020E+01  3.345084E+01 -1.128541E+02 -5.973935E+00 -1.256198E+01
       471   6  1.754060E+02  6.489584E+01  2.091213E+01 -1.108229E+02 -6.117849E+00 -1.278734E+01
       471   7  1.923120E+02  6.716396E+01  3.345084E+01 -1.094833E+02 -8.262582E+00 -1.119022E+01
       471   8  1.815987E+02  5.870310E+01  2.091213E+01 -1.075128E+02 -8.393492E+00 -1.142337E+01
       472   1  1.722472E+02  6.586762E+01  2.806270E+01 -1.066806E+02  5.487126E+00  6.584165E+00
       472   2  1.633169E+02  5.879413E+01  1.840407E+01 -1.048186E+02  5.370446E+00  6.401453E+00
       472   3  1.782085E+02  5.990634E+01  2.806270E+01 -1.034943E+02  3.220102E+00  7.942966E+00
       472   4  1.691742E+02  5.293690E+01  1.840407E+01 -1.016879E+02  3.113967E+00  7.753935E+00
       472   5  1.877389E+02  7.411412E+01  3.518415E+01 -1.139463E+02 -1.976359E+00 -5.867908E+00
       472   6  1.783913E+02  6.674974E+01  2.531305E+01 -1.119575E+02 -2.093038E+00 -6.050619E+00
       472   7  1.941061E+02  6.774684E+01  3.518414E+01 -1.105429E+02 -4.243383E+00 -4.509106E+00
       472   8  1.846474E+02  6.049359E+01  2.531305E+01 -1.086135E+02 -4.349518E+00 -4.698138E+00
       473   1  1.417367E+02  3.681703E+01 -1.778464E+01 -6.775203E+01  5.375981E+00  8.026838E+00
       473   2  1.330566E+02  3.045967E+01 -2.711120E+01 -6.625205E+01  5.170429E+00  7.622325E+00
       473   3  1.454927E+02  3.306111E+01 -1.778464E+01 -6.466962E+01  2.794344E+00  9.247861E+00
       473   4  1.367293E+02  2.678690E+01 -2.711120E+01 -6.323789E+01  2.612051E+00  8.832347E+00
       473   5  1.626510E+02  4.256502E+01 -9.785965E+00 -7.754566E+01 -7.771127E-01 -4.982785E+00
       473   6  1.531176E+02  3.569026E+01 -1.952369E+01 -7.582887E+01 -9.826640E-01 -5.387299E+00
       473   7  1.669498E+02  3.826617E+01 -9.785966E+00 -7.401769E+01 -3.358750E+00 -3.761762E+00
       473   8  1.573213E+02  3.148659E+01 -1.952369E+01 -7.237900E+01 -3.541042E+00 -4.177276E+00
       474   1  1.426777E+02  3.727735E+01 -1.688654E+01 -6.806237E+01  4.489864E+00  6.203086E+00
       474   2  1.335713E+02  3.041827E+01 -2.756287E+01 -6.661118E+01  4.327816E+00  5.884183E+00
       474   3  1.464508E+02  3.350423E+01 -1.688654E+01 -6.496584E+01  1.946711E+00  7.405908E+00
       474   4  1.372640E+02  2.672559E+01 -2.756287E+01 -6.358067E+01  1.802999E+00  7.078333E+00
       474   5  1.635642E+02  4.447630E+01 -8.460895E+00 -7.690114E+01 -3.032287E+00 -9.701167E+00
       474   6  1.537163E+02  3.716751E+01 -1.949460E+01 -7.526149E+01 -3.194336E+00 -1.002007E+01
       474   7  1.678273E+02  4.021318E+01 -8.460893E+00 -7.340249E+01 -5.575440E+00 -8.498344E+00
       474   8  1.578885E+02  3.299529E+01 -1.949460E+01 -7.183744E+01 -5.719152E+00 -8.825920E+00
       475   1  1.462002E+02  3.794067E+01 -1.422755E+01 -6.990870E+01  3.695698E+00  4.563647E+00
       475   2  1.366002E+02  3.056676E+01 -2.615551E+01 -6.847122E+01  3.559805E+00  4.296216E+00
       475   3  1.500756E+02  3.406519E+01 -1.422755E+01 -6.672817E+01  1.183221E+00  5.751960E+00
       475   4  1.403960E+02  2.677096E+01 -2.615552E+01 -6.535609E+01  1.062704E+00  5.477257E+00
       475   5  1.666792E+02  4.577500E+01 -5.733523E+00 -7.807406E+01 -5.039250E+00 -1.390485E+01
       475   6  1.564186E+02  3.800045E+01 -1.797988E+01 -7.646869E+01 -5.175143E+00 -1.417228E+01
       475   7  1.710074E+02  4.144686E+01 -5.733525E+00 -7.452205E+01 -7.551728E+00 -1.271654E+01
       475   8  1.606578E+02  3.376130E+01 -1.797988E+01 -7.298971E+01 -7.672244E+00 -1.299124E+01
       476   1  1.527384E+02  3.911463E+01 -9.008718E+00 -7.337267E+01  3.163064E+00  3.471395E+00
       476   2  1.426065E+02  3.123876E+01 -2.203689E+01 -7.191585E+01  3.037371E+00  3.224037E+00
       476   3  1.568059E+02  3.504711E+01 -9.008719E+00 -7.003455E+01  6.767975E-01  4.647311E+00
       476   4  1.465933E+02  2.725201E+01 -2.203689E+01 -6.864401E+01  5.653268E-01  4.393227E+00
       476   5  1.724243E+02  4.681211E+01 -7.936952E-01 -8.111422E+01 -6.581426E+00 -1.713160E+01
       476   6  1.616876E+02  3.856946E+01 -1.411335E+01 -7.950370E+01 -6.707119E+00 -1.737896E+01
       476   7  1.769210E+02  4.231543E+01 -7.936964E-01 -7.742389E+01 -9.067693E+00 -1.595568E+01
       476   8  1.660950E+02  3.416206E+01 -1.411335E+01 -7.588664E+01 -9.179163E+00 -1.620977E+01
       477   1  1.623329E+02  4.091054E+01 -8.150404E-01 -7.840864E+01  3.007749E+00  3.174887E+00
       477   2  1.517375E+02  3.264578E+01 -1.457355E+01 -7.690359E+01  2.881840E+00  2.927106E+00
       477   3  1.666796E+02  3.656386E+01 -8.150355E-01 -7.484140E+01  5.461257E-01  4.339149E+00
       477   4  1.560007E+02  2.838253E+01 -1.457354E+01 -7.340482E+01  4.344641E-01  4.084630E+00
       477   5  1.809792E+02  4.797029E+01  6.896779E+00 -8.589068E+01 -7.343186E+00 -1.871033E+01
       477   6  1.698187E+02  3.936283E+01 -7.134073E+00 -8.424201E+01 -7.469095E+00 -1.895811E+01
       477   7  1.857407E+02  4.320883E+01  6.896784E+00 -8.198304E+01 -9.804809E+00 -1.754607E+01
       477   8  1.744887E+02  3.469277E+01 -7.134070E+00 -8.040938E+01 -9.916471E+00 -1.780058E+01
       478   1  1.750327E+02  4.338422E+01  1.102538E+01 -8.501218E+01  3.287177E+00  3.797716E+00
       478   2  1.642195E+02  3.501665E+01 -2.700418E+00 -8.343288E+01  3.159307E+00  3.546074E+00
       478   3  1.797455E+02  3.867145E+01  1.102537E+01 -8.114451E+01  8.503113E-01  4.950267E+00
       478   4  1.688447E+02  3.039143E+01 -2.700418E+00 -7.963707E+01  7.369096E-01  4.691782E+00
       478   5  1.926496E+02  4.975346E+01  1.822120E+01 -9.227534E+01 -6.899049E+00 -1.773925E+01
       478   6  1.813054E+02  4.106392E+01  4.239541E+00 -9.056111E+01 -7.026920E+00 -1.799089E+01
       478   7  1.977650E+02  4.463805E+01  1.822120E+01 -8.807723E+01 -9.335915E+00 -1.658670E+01
       478   8  1.863258E+02  3.604353E+01  4.239540E+00 -8.644099E+01 -9.449317E+00 -1.684519E+01
       479   1  1.900112E+02  4.635450E+01  2.651777E+01 -9.276651E+01  3.958020E+00  5.248153E+00
       479   2  1.795263E+02  3.845509E+01  1.421599E+01 -9.109688E+01  3.836888E+00  5.009772E+00
       479   3  1.951539E+02  4.121187E+01  2.651777E+01 -8.854605E+01  1.545936E+00  6.388985E+00
       479   4  1.845764E+02  3.340501E+01  1.421599E+01 -8.695238E+01  1.438511E+00  6.144121E+00
       479   5  2.069413E+02  5.253463E+01  3.345084E+01 -9.970831E+01 -4.713879E+00 -1.308704E+01
       479   6  1.959647E+02  4.433707E+01  2.091213E+01 -9.791374E+01 -4.835011E+00 -1.332542E+01
       479   7  2.124688E+02  4.700717E+01  3.345084E+01 -9.517203E+01 -7.125962E+00 -1.194620E+01
       479   8  2.013927E+02  3.890910E+01  2.091213E+01 -9.345911E+01 -7.233388E+00 -1.219107E+01
       480   1  1.920375E+02  4.607728E+01  2.806270E+01 -9.425400E+01  4.815343E+00  7.090293E+00
       480   2  1.827619E+02  3.934922E+01  1.840408E+01 -9.260888E+01  4.717134E+00  6.897024E+00
       480   3  1.972626E+02  4.085218E+01  2.806269E+01 -8.996587E+01  2.426050E+00  8.220344E+00
       480   4  1.878958E+02  3.421531E+01  1.840407E+01 -8.839560E+01  2.338954E+00  8.021820E+00
       480   5  2.088770E+02  5.297593E+01  3.518415E+01 -1.006733E+02 -1.391687E+00 -6.033369E+00
       480   6  1.991605E+02  4.598050E+01  2.531305E+01 -9.891617E+01 -1.489895E+00 -6.226638E+00
       480   7  2.144580E+02  4.739495E+01  3.518414E+01 -9.609315E+01 -3.780980E+00 -4.903317E+00
       480   8  2.046441E+02  4.049694E+01  2.531305E+01 -9.441593E+01 -3.868076E+00 -5.101842E+00
       481   1  1.539465E+02  2.460728E+01 -1.778463E+01 -5.621579E+01  4.563327E+00  8.515125E+00
       481   2  1.449960E+02  1.852023E+01 -2.711119E+01 -5.497121E+01  4.398414E+00  8.092412E+00
       481   3  1.570289E+02  2.152486E+01 -1.778464E+01 -5.245986E+01  1.874440E+00  9.477223E+00
       481   4  1.480102E+02  1.550606E+01 -2.711120E+01 -5.129844E+01  1.733752E+00  9.045842E+00
       481   5  1.766257E+02  2.859033E+01 -9.785959E+00 -6.434185E+01 -2.849702E-01 -5.034962E+00
       481   6  1.667830E+02  2.202496E+01 -1.952369E+01 -6.291737E+01 -4.498828E-01 -5.457675E+00
       481   7  1.801537E+02  2.506234E+01 -9.785966E+00 -6.004300E+01 -2.973857E+00 -4.072864E+00
       481   8  1.702328E+02  1.857508E+01 -1.952369E+01 -5.871370E+01 -3.114545E+00 -4.504245E+00
       482   1  1.549434E+02  2.501167E+01 -1.688653E+01 -5.647328E+01  3.860236E+00  6.613300E+00
       482   2  1.455754E+02  1.841411E+01 -2.756287E+01 -5.526919E+01  3.730225E+00  6.280049E+00
       482   3  1.580399E+02  2.191514E+01 -1.688653E+01 -5.270015E+01  1.211431E+00  7.561058E+00
       482   4  1.486060E+02  1.538361E+01 -2.756286E+01 -5.157650E+01  1.100519E+00  7.220974E+00
       482   5  1.774227E+02  3.061775E+01 -8.460892E+00 -6.380707E+01 -2.066804E+00 -9.951670E+00
       482   6  1.672793E+02  2.360445E+01 -1.949460E+01 -6.244660E+01 -2.196815E+00 -1.028492E+01
       482   7  1.809214E+02  2.711911E+01 -8.460890E+00 -5.954394E+01 -4.715608E+00 -9.003911E+00
       482   8  1.707034E+02  2.018041E+01 -1.949460E+01 -5.827437E+01 -4.826521E+00 -9.343995E+00
       483   1  1.587986E+02  2.534225E+01 -1.422755E+01 -5.800523E+01  3.230587E+00  4.903914E+00
       483   2  1.489396E+02  1.822739E+01 -2.615551E+01 -5.681252E+01  3.121561E+00  4.624451E+00
       483   3  1.619791E+02  2.216172E+01 -1.422755E+01 -5.412975E+01  6.137328E-01  5.840239E+00
       483   4  1.520547E+02  1.511226E+01 -2.615551E+01 -5.301672E+01  5.207219E-01  5.555045E+00
       483   5  1.807492E+02  3.170508E+01 -5.733522E+00 -6.478027E+01 -3.652070E+00 -1.433183E+01
       483   6  1.701993E+02  2.421983E+01 -1.797988E+01 -6.344824E+01 -3.761097E+00 -1.461129E+01
       483   7  1.843012E+02  2.815306E+01 -5.733523E+00 -6.045212E+01 -6.268924E+00 -1.339550E+01
       483   8  1.736782E+02  2.074085E+01 -1.797988E+01 -5.920909E+01 -6.361935E+00 -1.368070E+01
       484   1  1.659611E+02  2.589195E+01 -9.008717E+00 -6.087938E+01  2.807577E+00  3.764713E+00
       484   2  1.555666E+02  1.827863E+01 -2.203689E+01 -5.967062E+01  2.706734E+00  3.506227E+00
       484   3  1.692992E+02  2.255383E+01 -9.008715E+00 -5.681187E+01  2.180231E-01  4.691271E+00
       484   4  1.588385E+02  1.500678E+01 -2.203689E+01 -5.568386E+01  1.319936E-01  4.427484E+00
       484   5  1.870421E+02  3.219431E+01 -7.936945E-01 -6.730277E+01 -4.870543E+00 -1.769420E+01
       484   6  1.760152E+02  2.424189E+01 -1.411335E+01 -6.596647E+01 -4.971387E+00 -1.795269E+01
       484   7  1.907324E+02  2.850398E+01 -7.936917E-01 -6.280609E+01 -7.460097E+00 -1.676764E+01
       484   8  1.796322E+02  2.062484E+01 -1.411335E+01 -6.155907E+01 -7.546127E+00 -1.703143E+01
       485   1  1.764631E+02  2.678033E+01 -8.150367E-01 -6.505788E+01  2.682072E+00  3.454410E+00
       485   2  1.655965E+02  1.878680E+01 -1.457355E+01 -6.380909E+01  2.581057E+00  3.195481E+00
       485   3  1.800304E+02  2.321309E+01 -8.150378E-01 -6.071118E+01  1.181850E-01  4.371784E+00
       485   4  1.690952E+02  1.528803E+01 -1.457355E+01 -5.954584E+01  3.200806E-02  4.107545E+00
       485   5  1.964578E+02  3.249172E+01  6.896783E+00 -7.126593E+01 -5.473894E+00 -1.933999E+01
       485   6  1.850001E+02  2.418137E+01 -7.134073E+00 -6.989799E+01 -5.574910E+00 -1.959892E+01
       485   7  2.003654E+02  2.858409E+01  6.896782E+00 -6.650446E+01 -8.037781E+00 -1.842262E+01
       485   8  1.888328E+02  2.034874E+01 -7.134073E+00 -6.522791E+01 -8.123958E+00 -1.868685E+01
       486   1  1.903530E+02  2.806396E+01  1.102538E+01 -7.053702E+01  2.899107E+00  4.101629E+00
       486   2  1.792551E+02  1.998100E+01 -2.700415E+00 -6.922663E+01  2.796518E+00  3.838665E+00
       486   3  1.942207E+02  2.419629E+01  1.102538E+01 -6.582425E+01  3.610058E-01  5.009776E+00
       486   4  1.830510E+02  1.618518E+01 -2.700416E+00 -6.460141E+01  2.734863E-01  4.741420E+00
       486   5  2.092788E+02  3.312430E+01  1.822121E+01 -7.656346E+01 -5.127078E+00 -1.833006E+01
       486   6  1.976257E+02  2.474368E+01  4.239544E+00 -7.514112E+01 -5.229668E+00 -1.859302E+01
       486   7  2.134769E+02  2.892619E+01  1.822121E+01 -7.144805E+01 -7.665180E+00 -1.742191E+01
       486   8  2.017458E+02  2.062356E+01  4.239543E+00 -7.012074E+01 -7.752699E+00 -1.769027E+01
       487   1  2.067289E+02  2.963682E+01  2.651777E+01 -7.697101E+01  3.424552E+00  5.610836E+00
       487   2  1.959431E+02  2.203829E+01  1.421599E+01 -7.558567E+01  3.327369E+00  5.361730E+00
       487   3  2.109494E+02  2.541637E+01  2.651777E+01 -7.182837E+01  9.122623E-01  6.509748E+00
       487   4  2.000876E+02  1.789380E+01  1.421599E+01 -7.053559E+01  8.293546E-01  6.255533E+00
       487   5  2.249100E+02  3.456595E+01  3.345084E+01 -8.273082E+01 -3.408426E+00 -1.348606E+01
       487   6  2.136100E+02  2.669180E+01  2.091213E+01 -8.124181E+01 -3.505609E+00 -1.373516E+01
       487   7  2.294463E+02  3.002967E+01  3.345084E+01 -7.720335E+01 -5.920716E+00 -1.258715E+01
       487   8  2.180647E+02  2.223716E+01  2.091213E+01 -7.581383E+01 -6.003623E+00 -1.284136E+01
       488   1  2.090233E+02  2.909153E+01  2.806270E+01 -7.820522E+01  4.097185E+00  7.528138E+00
       488   2  1.994512E+02  2.265995E+01  1.840408E+01 -7.684022E+01  4.018393E+00  7.326174E+00
       488   3  2.133114E+02  2.480341E+01  2.806270E+01 -7.298012E+01  1.608633E+00  8.418556E+00
       488   4  2.036644E+02  1.844667E+01  1.840409E+01 -7.170632E+01  1.541415E+00  8.212451E+00
       488   5  2.270196E+02  3.483333E+01  3.518415E+01 -8.353152E+01 -7.936119E-01 -6.140725E+00
       488   6  2.169865E+02  2.815457E+01  2.531306E+01 -8.207356E+01 -8.724039E-01 -6.342689E+00
       488   7  2.315998E+02  3.025316E+01  3.518415E+01 -7.795056E+01 -3.282164E+00 -5.250306E+00
       488   8  2.214867E+02  2.365435E+01  2.531306E+01 -7.659001E+01 -3.349382E+00 -5.456411E+00
       489   1  1.636711E+02  1.488274E+01 -1.778462E+01 -4.251920E+01  3.706725E+00  8.921406E+00
       489   2  1.545053E+02  9.010982E+00 -2.711119E+01 -4.157786E+01  3.584039E+00  8.484565E+00
       489   3  1.659615E+02  1.259230E+01 -1.778462E+01 -3.823409E+01  9.364829E-01  9.615315E+00
       489   4  1.567450E+02  6.771244E+00 -2.711119E+01 -3.738762E+01  8.387558E-01  9.172222E+00
       489   5  1.877560E+02  1.746010E+01 -9.785950E+00 -4.866541E+01  2.099132E-01 -5.038649E+00
       489   6  1.776668E+02  1.114114E+01 -1.952369E+01 -4.758799E+01  8.722790E-02 -5.475491E+00
       489   7  1.903775E+02  1.483856E+01 -9.785952E+00 -4.376087E+01 -2.560329E+00 -4.344740E+00
       489   8  1.802303E+02  8.577641E+00 -1.952369E+01 -4.279204E+01 -2.658056E+00 -4.787834E+00
       490   1  1.647124E+02  1.524258E+01 -1.688653E+01 -4.271396E+01  3.193431E+00  6.959824E+00
       490   2  1.551362E+02  8.853312E+00 -2.756286E+01 -4.180323E+01  3.096711E+00  6.615435E+00
       490   3  1.670134E+02  1.294165E+01 -1.688653E+01 -3.840922E+01  4.644844E-01  7.643390E+00
       490   4  1.573881E+02  6.601442E+00 -2.756286E+01 -3.759027E+01  3.874399E-01  7.294072E+00
       490   5  1.884605E+02  1.958003E+01 -8.460890E+00 -4.826091E+01 -1.081418E+00 -1.010633E+01
       490   6  1.780817E+02  1.280207E+01 -1.949460E+01 -4.723192E+01 -1.178139E+00 -1.045072E+01
       490   7  1.910602E+02  1.698029E+01 -8.460890E+00 -4.339715E+01 -3.810365E+00 -9.422766E+00
       490   8  1.806260E+02  1.025776E+01 -1.949460E+01 -4.247185E+01 -3.887409E+00 -9.772083E+00
       491   1  1.688327E+02  1.530816E+01 -1.422754E+01 -4.387266E+01  2.734363E+00  5.196953E+00
       491   2  1.587674E+02  8.399625E+00 -2.615551E+01 -4.297054E+01  2.653254E+00  4.908150E+00
       491   3  1.711960E+02  1.294481E+01 -1.422754E+01 -3.945115E+01  3.833394E-02  5.872274E+00
       491   4  1.610821E+02  6.084873E+00 -2.615551E+01 -3.863994E+01 -2.627504E-02  5.579337E+00
       491   5  1.919553E+02  2.049900E+01 -5.733518E+00 -4.899700E+01 -2.229720E+00 -1.462078E+01
       491   6  1.811749E+02  1.324418E+01 -1.797987E+01 -4.798952E+01 -2.310830E+00 -1.490958E+01
       491   7  1.945947E+02  1.785962E+01 -5.733520E+00 -4.405906E+01 -4.925750E+00 -1.394546E+01
       491   8  1.837600E+02  1.065906E+01 -1.797988E+01 -4.315311E+01 -4.990359E+00 -1.423840E+01
       492   1  1.764923E+02  1.536067E+01 -9.008716E+00 -4.604655E+01  2.425051E+00  4.021776E+00
       492   2  1.658888E+02  7.956443E+00 -2.203689E+01 -4.513229E+01  2.350030E+00  3.754650E+00
       492   3  1.789728E+02  1.288022E+01 -9.008716E+00 -4.140595E+01 -2.428521E-01  4.690051E+00
       492   4  1.683200E+02  5.525242E+00 -2.203689E+01 -4.058383E+01 -3.026118E-01  4.419102E+00
       492   5  1.986845E+02  2.055187E+01 -7.936931E-01 -5.090492E+01 -3.112757E+00 -1.808639E+01
       492   6  1.874265E+02  1.283062E+01 -1.411335E+01 -4.989420E+01 -3.187778E+00 -1.835352E+01
       492   7  2.014267E+02  1.780971E+01 -7.936936E-01 -4.577469E+01 -5.780660E+00 -1.741812E+01
       492   8  1.901142E+02  1.014290E+01 -1.411335E+01 -4.486583E+01 -5.840420E+00 -1.768907E+01
       493   1  1.877172E+02  1.552623E+01 -8.150356E-01 -4.920697E+01  2.330566E+00  3.700666E+00
       493   2  1.766345E+02  7.748719E+00 -1.457355E+01 -4.826245E+01  2.255417E+00  3.433083E+00
       493   3  1.903679E+02  1.287552E+01 -8.150392E-01 -4.424787E+01 -3.108940E-01  4.362316E+00
       493   4  1.792344E+02  5.148893E+00 -1.457355E+01 -4.339853E+01 -3.707558E-01  4.090904E+00
       493   5  2.087858E+02  2.016372E+01  6.896784E+00 -5.390248E+01 -3.551885E+00 -1.978340E+01
       493   6  1.970915E+02  1.209000E+01 -7.134071E+00 -5.286782E+01 -3.627035E+00 -2.005098E+01
       493   7  2.116895E+02  1.726007E+01  6.896780E+00 -4.847016E+01 -6.193345E+00 -1.912175E+01
       493   8  1.999394E+02  9.242087E+00 -7.134076E+00 -4.753978E+01 -6.253207E+00 -1.939316E+01
       494   1  2.025549E+02  1.586203E+01  1.102537E+01 -5.335116E+01  2.483117E+00  4.366040E+00
       494   2  1.912304E+02  8.005754E+00 -2.700420E+00 -5.236004E+01  2.406796E+00  4.094287E+00
       494   3  2.054288E+02  1.298810E+01  1.102537E+01 -4.797440E+01 -1.317760E-01  5.021038E+00
       494   4  1.940509E+02  5.185213E+00 -2.700417E+00 -4.708317E+01 -1.925709E-01  4.745396E+00
       494   5  2.225232E+02  1.987988E+01  1.822120E+01 -5.790931E+01 -3.305730E+00 -1.874433E+01
       494   6  2.106240E+02  1.174530E+01  4.239539E+00 -5.683351E+01 -3.382051E+00 -1.901609E+01
       494   7  2.256426E+02  1.676041E+01  1.822120E+01 -5.207318E+01 -5.920624E+00 -1.808934E+01
       494   8  2.136855E+02  8.683787E+00  4.239542E+00 -5.110580E+01 -5.981419E+00 -1.836498E+01
       495   1  2.200438E+02  1.632192E+01  2.651777E+01 -5.821755E+01  2.858104E+00  5.919484E+00
       495   2  2.090183E+02  8.963032E+00  1.421599E+01 -5.716974E+01  2.785805E+00  5.662051E+00
       495   3  2.231799E+02  1.318583E+01  2.651777E+01 -5.235036E+01  2.698026E-01  6.567819E+00
       495   4  2.120980E+02  5.883387E+00  1.421599E+01 -5.140815E+01  2.122117E-01  6.306702E+00
       495   5  2.392213E+02  2.025468E+01  3.345084E+01 -6.257403E+01 -2.070149E+00 -1.375520E+01
       495   6  2.276637E+02  1.263810E+01  2.091213E+01 -6.144781E+01 -2.142447E+00 -1.401264E+01
       495   7  2.425921E+02  1.688391E+01  3.345083E+01 -5.626778E+01 -4.658450E+00 -1.310687E+01
       495   8  2.309738E+02  9.328005E+00  2.091213E+01 -5.525507E+01 -4.716041E+00 -1.336798E+01
       496   1  2.225517E+02  1.556312E+01  2.806269E+01 -5.915106E+01  3.339569E+00  7.893481E+00
       496   2  2.127434E+02  9.367650E+00  1.840407E+01 -5.811864E+01  3.280953E+00  7.684767E+00
       496   3  2.257381E+02  1.237675E+01  2.806270E+01 -5.318978E+01  7.757241E-01  8.535691E+00
       496   4  2.158742E+02  6.236899E+00  1.840407E+01 -5.226141E+01  7.290319E-01  8.323990E+00
       496   5  2.414694E+02  2.038354E+01  3.518414E+01 -6.317965E+01 -1.878947E-01 -6.188944E+00
       496   6  2.311840E+02  1.395698E+01  2.531305E+01 -6.207691E+01 -2.465111E-01 -6.397658E+00
       496   7  2.448728E+02  1.698016E+01  3.518414E+01 -5.681237E+01 -2.751740E+00 -5.546734E+00
       496   8  2.345280E+02  1.061301E+01  2.531305E+01 -5.582076E+01 -2.798432E+00 -5.758435E+00
       497   1  1.705367E+02  8.017106E+00 -1.778463E+01 -2.718862E+01  2.814424E+00  9.241770E+00
       497   2  1.612189E+02  2.297350E+00 -2.711120E+01 -2.658668E+01  2.735148E+00  8.795006E+00
       497   3  1.719471E+02  6.606663E+00 -1.778463E+01 -2.253900E+01 -1.049300E-02  9.660806E+00
       497   4  1.625981E+02  9.181328E-01 -2.711119E+01 -2.204001E+01 -6.431867E-02  9.210268E+00
       497   5  1.956140E+02  9.602023E+00 -9.785962E+00 -3.111876E+01  7.027738E-01 -4.993811E+00
       497   6  1.853509E+02  3.457040E+00 -1.952369E+01 -3.042982E+01  6.234978E-01 -5.440575E+00
       497   7  1.972283E+02  7.987698E+00 -9.785959E+00 -2.579704E+01 -2.122143E+00 -4.574775E+00
       497   8  1.869295E+02  1.878455E+00 -1.952369E+01 -2.522592E+01 -2.175969E+00 -5.025314E+00
       498   1  1.716095E+02  8.345513E+00 -1.688653E+01 -2.731316E+01  2.495871E+00  7.239322E+00
       498   2  1.618863E+02  2.103301E+00 -2.756286E+01 -2.673080E+01  2.433373E+00  6.887111E+00
       498   3  1.730264E+02  6.928602E+00 -1.688653E+01 -2.264225E+01 -2.869359E-01  7.652113E+00
       498   4  1.632730E+02  7.166015E-01 -2.756286E+01 -2.215948E+01 -3.293700E-01  7.296925E+00
       498   5  1.962532E+02  1.178729E+01 -8.460890E+00 -3.086012E+01 -8.561860E-02 -1.016366E+01
       498   6  1.857083E+02  5.175480E+00 -1.949460E+01 -3.020214E+01 -1.481168E-01 -1.051587E+01
       498   7  1.978541E+02  1.018637E+01 -8.460891E+00 -2.558263E+01 -2.868426E+00 -9.750873E+00
       498   8  1.872751E+02  3.608699E+00 -1.949460E+01 -2.503717E+01 -2.910860E+00 -1.010606E+01
       499   1  1.759169E+02  8.223986E+00 -1.422755E+01 -2.805408E+01  2.211806E+00  5.439942E+00
       499   2  1.657058E+02  1.461117E+00 -2.615551E+01 -2.747723E+01  2.159395E+00  5.144579E+00
       499   3  1.773722E+02  6.768651E+00 -1.422754E+01 -2.325646E+01 -5.374341E-01  5.847755E+00
       499   4  1.671313E+02  3.570641E-02 -2.615551E+01 -2.277826E+01 -5.730193E-01  5.549895E+00
       499   5  1.998669E+02  1.258739E+01 -5.733524E+00 -3.133081E+01 -7.858974E-01 -1.476893E+01
       499   6  1.889238E+02  5.495248E+00 -1.797988E+01 -3.068658E+01 -8.383084E-01 -1.506429E+01
       499   7  2.014922E+02  1.096208E+01 -5.733520E+00 -2.597283E+01 -3.535137E+00 -1.436112E+01
       499   8  1.905157E+02  3.903349E+00 -1.797988E+01 -2.543877E+01 -3.570723E+00 -1.465898E+01
       500   1  1.839275E+02  7.925487E+00 -9.008715E+00 -2.944416E+01  2.019171E+00  4.240107E+00
       500   2  1.731764E+02  6.688867E-01 -2.203689E+01 -2.885955E+01  1.970694E+00  3.966914E+00
       500   3  1.854550E+02  6.398028E+00 -9.008717E+00 -2.440882E+01 -7.013882E-01  4.643663E+00
       500   4  1.746735E+02 -8.282444E-01 -2.203689E+01 -2.392418E+01 -7.343023E-01  4.368161E+00
       500   5  2.069042E+02  1.233220E+01 -7.936923E-01 -3.255082E+01 -1.324991E+00 -1.830440E+01
       500   6  1.954829E+02  4.774151E+00 -1.411335E+01 -3.190452E+01 -1.373468E+00 -1.857760E+01
       500   7  2.085928E+02  1.064358E+01 -7.936940E-01 -2.698420E+01 -4.045551E+00 -1.790085E+01
       500   8  1.971380E+02  3.119057E+00 -1.411335E+01 -2.644843E+01 -4.078465E+00 -1.817635E+01
       501   1  1.956627E+02  7.580721E+00 -8.150369E-01 -3.146508E+01  1.956615E+00  3.911282E+00
       501   2  1.844275E+02 -4.427303E-02 -1.457355E+01 -3.086111E+01  1.908055E+00  3.637621E+00
       501   3  1.972950E+02  5.948432E+00 -8.150354E-01 -2.608414E+01 -7.369786E-01  4.310839E+00
       501   4  1.860285E+02 -1.645230E+00 -1.457355E+01 -2.558345E+01 -7.699489E-01  4.034865E+00
       501   5  2.174895E+02  1.146002E+01  6.896783E+00 -3.446759E+01 -1.595670E+00 -2.003628E+01
       501   6  2.056281E+02  3.553371E+00 -7.134074E+00 -3.380599E+01 -1.644230E+00 -2.030994E+01
       501   7  2.192776E+02  9.671975E+00  6.896784E+00 -2.857318E+01 -4.289264E+00 -1.963672E+01
       501   8  2.073819E+02  1.799645E+00 -7.134071E+00 -2.802472E+01 -4.322234E+00 -1.991270E+01
       502   1  2.111696E+02  7.247363E+00  1.102537E+01 -3.411505E+01  2.043213E+00  4.588405E+00
       502   2  1.996850E+02 -4.488797E-01 -2.700420E+00 -3.348129E+01  1.993897E+00  4.310480E+00
       502   3  2.129393E+02  5.477604E+00  1.102537E+01 -2.828093E+01 -6.232895E-01  4.983943E+00
       502   4  2.014219E+02 -2.185761E+00 -2.700417E+00 -2.775555E+01 -6.567737E-01  4.703669E+00
       502   5  2.318738E+02  1.052920E+01  1.822120E+01 -3.702973E+01 -1.452546E+00 -1.897809E+01
       502   6  2.198010E+02  2.568336E+00  4.239538E+00 -3.634181E+01 -1.501862E+00 -1.925602E+01
       502   7  2.337948E+02  8.608237E+00  1.822120E+01 -3.069716E+01 -4.119049E+00 -1.858256E+01
       502   8  2.216863E+02  6.830608E-01  4.239541E+00 -3.012689E+01 -4.152533E+00 -1.886283E+01
       503   1  2.294443E+02  6.921461E+00  2.651777E+01 -3.722683E+01  2.264131E+00  6.171122E+00
       503   2  2.182496E+02 -2.682336E-01  1.421599E+01 -3.655682E+01  2.217413E+00  5.907843E+00
       503   3  2.313755E+02  4.990270E+00  2.651777E+01 -3.086055E+01 -3.752555E-01  6.562638E+00
       503   4  2.201460E+02 -2.164667E+00  1.421599E+01 -3.030512E+01 -4.069751E-01  6.297134E+00
       503   5  2.493252E+02  1.015078E+01  3.345084E+01 -4.001255E+01 -7.119341E-01 -1.389188E+01
       503   6  2.375858E+02  2.716053E+00  2.091213E+01 -3.929240E+01 -7.586517E-01 -1.415516E+01
       503   7  2.514009E+02  8.075071E+00  3.345084E+01 -3.316988E+01 -3.351320E+00 -1.350036E+01
       503   8  2.396241E+02  6.777066E-01  2.091213E+01 -3.257288E+01 -3.383040E+00 -1.376587E+01
       504   1  2.321029E+02  6.011940E+00  2.806270E+01 -3.782375E+01  2.549792E+00  8.182808E+00
       504   2  2.221279E+02 -1.681937E-02  1.840408E+01 -3.716357E+01  2.511916E+00  7.969353E+00
       504   3  2.340650E+02  4.049785E+00  2.806270E+01 -3.135539E+01 -6.465512E-02  8.570624E+00
       504   4  2.240558E+02 -1.944727E+00  1.840408E+01 -3.080811E+01 -9.037181E-02  8.355366E+00
       504   5  2.516711E+02  1.018186E+01  3.518415E+01 -4.039981E+01  4.196333E-01 -6.177559E+00
       504   6  2.412076E+02  3.933366E+00  2.531305E+01 -3.969466E+01  3.817567E-01 -6.391013E+00
       504   7  2.537669E+02  8.086071E+00  3.518415E+01 -3.349091E+01 -2.194814E+00 -5.789742E+00
       504   8  2.432669E+02  1.874155E+00  2.531305E+01 -3.290635E+01 -2.220531E+00 -6.005001E+00
       505   1  1.742795E+02  4.274253E+00 -1.778464E+01 -1.081319E+01  1.895020E+00  9.473130E+00
       505   2  1.648789E+02 -1.362637E+00 -2.711119E+01 -1.057380E+01  1.859916E+00  9.020748E+00
       505   3  1.747558E+02  3.798005E+00 -1.778463E+01 -5.977763E+00 -9.573667E-01  9.613259E+00
       505   4  1.653446E+02 -1.828341E+00 -2.711119E+01 -5.845421E+00 -9.667727E-01  9.159614E+00
       505   5  1.998979E+02  5.318136E+00 -9.785965E+00 -1.237625E+01  1.188870E+00 -4.900881E+00
       505   6  1.895399E+02 -7.320030E-01 -1.952369E+01 -1.210226E+01  1.153766E+00 -5.353264E+00
       505   7  2.004430E+02  4.773046E+00 -9.785964E+00 -6.841856E+00 -1.663517E+00 -4.760753E+00
       505   8  1.900729E+02 -1.265025E+00 -1.952369E+01 -6.690384E+00 -1.672923E+00 -5.214398E+00
       506   1  1.753695E+02  4.585509E+00 -1.688653E+01 -1.086273E+01  1.774275E+00  7.449101E+00
       506   2  1.655661E+02 -1.576532E+00 -2.756287E+01 -1.063112E+01  1.746600E+00  7.092460E+00
       506   3  1.758479E+02  4.107077E+00 -1.688654E+01 -6.005146E+00 -1.035592E+00  7.587141E+00
       506   4  1.660343E+02 -2.044763E+00 -2.756287E+01 -5.877107E+00 -1.043008E+00  7.229505E+00
       506   5  2.005015E+02  7.538998E+00 -8.460893E+00 -1.227339E+01  9.110070E-01 -1.012311E+01
       506   6  1.898660E+02  1.017773E+00 -1.949460E+01 -1.201170E+01  8.833324E-01 -1.047976E+01
       506   7  2.010420E+02  6.998436E+00 -8.460894E+00 -6.784991E+00 -1.898860E+00 -9.985075E+00
       506   8  1.903950E+02  4.887364E-01 -1.949460E+01 -6.640324E+00 -1.906276E+00 -1.034271E+01
       507   1  1.797788E+02  4.361991E+00 -1.422755E+01 -1.115740E+01  1.667948E+00  5.630543E+00
       507   2  1.694884E+02 -2.321467E+00 -2.615551E+01 -1.092798E+01  1.644740E+00  5.331465E+00
       507   3  1.802703E+02  3.870582E+00 -1.422755E+01 -6.168048E+00 -1.108026E+00  5.766918E+00
       507   4  1.699697E+02 -2.802771E+00 -2.615551E+01 -6.041219E+00 -1.114245E+00  5.467005E+00
       507   5  2.041799E+02  8.274316E+00 -5.733524E+00 -1.246059E+01  6.654947E-01 -1.477484E+01
       507   6  1.931482E+02  1.270857E+00 -1.797988E+01 -1.220438E+01  6.422869E-01 -1.507392E+01
       507   7  2.047287E+02  7.725511E+00 -5.733524E+00 -6.888479E+00 -2.110479E+00 -1.463847E+01
       507   8  1.936857E+02  7.333364E-01 -1.797988E+01 -6.746836E+00 -2.116698E+00 -1.493838E+01
       508   1  1.879809E+02  3.872128E+00 -9.008716E+00 -1.171025E+01  1.593845E+00  4.417603E+00
       508   2  1.771493E+02 -3.303993E+00 -2.203689E+01 -1.147774E+01  1.572379E+00  4.140974E+00
       508   3  1.884966E+02  3.356364E+00 -9.008718E+00 -6.473675E+00 -1.153170E+00  4.552555E+00
       508   4  1.776548E+02 -3.809516E+00 -2.203689E+01 -6.345139E+00 -1.158921E+00  4.275153E+00
       508   5  2.113852E+02  7.851171E+00 -7.936929E-01 -1.294580E+01  4.755337E-01 -1.834614E+01
       508   6  1.998750E+02  3.820918E-01 -1.411335E+01 -1.268876E+01  4.540679E-01 -1.862277E+01
       508   7  2.119554E+02  7.280989E+00 -7.936959E-01 -7.156713E+00 -2.271481E+00 -1.821118E+01
       508   8  2.004338E+02 -1.767688E-01 -1.411335E+01 -7.014615E+00 -2.277232E+00 -1.848859E+01
       509   1  1.999943E+02  3.249155E+00 -8.150390E-01 -1.251399E+01  1.563821E+00  4.084229E+00
       509   2  1.886759E+02 -4.292695E+00 -1.457355E+01 -1.227379E+01  1.542318E+00  3.807126E+00
       509   3  2.005455E+02  2.697999E+00 -8.150392E-01 -6.917999E+00 -1.155966E+00  4.217844E+00
       509   4  1.892165E+02 -4.833271E+00 -1.457355E+01 -6.785209E+00 -1.161728E+00  3.939968E+00
       509   5  2.222344E+02  6.715123E+00  6.896780E+00 -1.370812E+01  3.759118E-01 -2.009620E+01
       509   6  2.102819E+02 -1.100451E+00 -7.134074E+00 -1.344500E+01  3.544090E-01 -2.037331E+01
       509   7  2.228382E+02  6.111374E+00  6.896780E+00 -7.578140E+00 -2.343875E+00 -1.996259E+01
       509   8  2.108741E+02 -1.692611E+00 -7.134074E+00 -7.432678E+00 -2.349637E+00 -2.024047E+01
       510   1  2.158659E+02  2.551009E+00  1.102538E+01 -1.356792E+01  1.583632E+00  4.766581E+00
       510   2  2.042941E+02 -5.057988E+00 -2.700415E+00 -1.331586E+01  1.561795E+00  4.485160E+00
       510   3  2.164635E+02  1.953425E+00  1.102537E+01 -7.500630E+00 -1.108800E+00  4.898851E+00
       510   4  2.048806E+02 -5.644470E+00 -2.700419E+00 -7.361288E+00 -1.114652E+00  4.616645E+00
       510   5  2.369714E+02  5.431604E+00  1.822121E+01 -1.472711E+01  4.146260E-01 -1.902908E+01
       510   6  2.248039E+02 -2.434559E+00  4.239544E+00 -1.445352E+01  3.927883E-01 -1.931050E+01
       510   7  2.376201E+02  4.782965E+00  1.822120E+01 -8.141459E+00 -2.277807E+00 -1.889681E+01
       510   8  2.254405E+02 -3.071148E+00  4.239540E+00 -7.990212E+00 -2.283658E+00 -1.917902E+01
       511   1  2.345690E+02  1.796727E+00  2.651777E+01 -1.480550E+01  1.648352E+00  6.363330E+00
       511   2  2.232821E+02 -5.300732E+00  1.421599E+01 -1.453903E+01  1.627665E+00  6.096739E+00
       511   3  2.352211E+02  1.144639E+00  2.651777E+01 -8.184794E+00 -1.016699E+00  6.494256E+00
       511   4  2.239224E+02 -5.941084E+00  1.421599E+01 -8.037482E+00 -1.022243E+00  6.226921E+00
       511   5  2.548334E+02  4.642552E+00  3.345084E+01 -1.591341E+01  6.531356E-01 -1.389477E+01
       511   6  2.429949E+02 -2.693033E+00  2.091213E+01 -1.562700E+01  6.324485E-01 -1.416136E+01
       511   7  2.555343E+02  3.941668E+00  3.345084E+01 -8.797270E+00 -2.011916E+00 -1.376384E+01
       511   8  2.436831E+02 -3.381302E+00  2.091213E+01 -8.638935E+00 -2.017459E+00 -1.403118E+01
       512   1  2.373098E+02  8.050208E-01  2.806269E+01 -1.504291E+01  1.735459E+00  8.393328E+00
       512   2  2.272439E+02 -5.132858E+00  1.840407E+01 -1.478035E+01  1.718687E+00  8.177188E+00
       512   3  2.379723E+02  1.424890E-01  2.806270E+01 -8.316036E+00 -9.044118E-01  8.523017E+00
       512   4  2.278949E+02 -5.783826E+00  1.840407E+01 -8.170888E+00 -9.089061E-01  8.306274E+00
       512   5  2.572326E+02  4.620316E+00  3.518414E+01 -1.606743E+01  1.023119E+00 -6.106682E+00
       512   6  2.466721E+02 -1.531109E+00  2.531305E+01 -1.578699E+01  1.006347E+00 -6.322822E+00
       512   7  2.579403E+02  3.912662E+00  3.518414E+01 -8.882414E+00 -1.616751E+00 -5.976992E+00
       512   8  2.473674E+02 -2.226412E+00  2.531305E+01 -8.727380E+00 -1.621246E+00 -6.193735E+00
