id,kind,status,basis,scope,claim,provenanceRefs,sourceRefs,reviewerEvidenceRefs,linkedRequirementIds,linkedModuleIds,linkedComponentWordIds,blocksBom,blocksPublish,nextAction
bom_source_field:control_compute_communication_main_controller_heat_pump_controller_pcb:manufacturer,bom_source_field,source_required,assumption,Heat pump controller PCB / manufacturer,manufacturer is required but not source-backed.,,,,cop,control_compute_communication,heat_pump_controller_pcb,true,true,Admit source-backed supplier/manufacturer/MPN/unit-cost evidence before BoM can pass.
bom_source_field:control_compute_communication_main_controller_heat_pump_controller_pcb:mpn,bom_source_field,source_required,assumption,Heat pump controller PCB / mpn,mpn is required but not source-backed.,,,,cop,control_compute_communication,heat_pump_controller_pcb,true,true,Admit source-backed supplier/manufacturer/MPN/unit-cost evidence before BoM can pass.
bom_source_field:control_compute_communication_main_controller_heat_pump_controller_pcb:supplier,bom_source_field,source_required,assumption,Heat pump controller PCB / supplier,supplier is required but not source-backed.,,,,cop,control_compute_communication,heat_pump_controller_pcb,true,true,Admit source-backed supplier/manufacturer/MPN/unit-cost evidence before BoM can pass.
bom_source_field:control_compute_communication_main_controller_heat_pump_controller_pcb:unit_cost_gbp,bom_source_field,source_required,assumption,Heat pump controller PCB / unit_cost_gbp,unit_cost_gbp is required but not source-backed.,,,,cop,control_compute_communication,heat_pump_controller_pcb,true,true,Admit source-backed supplier/manufacturer/MPN/unit-cost evidence before BoM can pass.
bom_source_field:energy_conversion_transduction_compressor_inverter_stage_inverter_scroll_compressor:manufacturer,bom_source_field,source_required,assumption,Inverter scroll compressor / manufacturer,manufacturer is required but not source-backed.,,,,thermal_output_kw; cop,energy_conversion_transduction,inverter_scroll_compressor,true,true,Admit source-backed supplier/manufacturer/MPN/unit-cost evidence before BoM can pass.
bom_source_field:energy_conversion_transduction_compressor_inverter_stage_inverter_scroll_compressor:mpn,bom_source_field,source_required,assumption,Inverter scroll compressor / mpn,mpn is required but not source-backed.,,,,thermal_output_kw; cop,energy_conversion_transduction,inverter_scroll_compressor,true,true,Admit source-backed supplier/manufacturer/MPN/unit-cost evidence before BoM can pass.
bom_source_field:energy_conversion_transduction_compressor_inverter_stage_inverter_scroll_compressor:supplier,bom_source_field,source_required,assumption,Inverter scroll compressor / supplier,supplier is required but not source-backed.,,,,thermal_output_kw; cop,energy_conversion_transduction,inverter_scroll_compressor,true,true,Admit source-backed supplier/manufacturer/MPN/unit-cost evidence before BoM can pass.
bom_source_field:energy_conversion_transduction_compressor_inverter_stage_inverter_scroll_compressor:unit_cost_gbp,bom_source_field,source_required,assumption,Inverter scroll compressor / unit_cost_gbp,unit_cost_gbp is required but not source-backed.,,,,thermal_output_kw; cop,energy_conversion_transduction,inverter_scroll_compressor,true,true,Admit source-backed supplier/manufacturer/MPN/unit-cost evidence before BoM can pass.
bom_source_field:energy_conversion_transduction_expansion_metering_stage_electronic_expansion_valve:manufacturer,bom_source_field,source_required,assumption,Electronic expansion valve / manufacturer,manufacturer is required but not source-backed.,,,,,energy_conversion_transduction,electronic_expansion_valve,true,true,Admit source-backed supplier/manufacturer/MPN/unit-cost evidence before BoM can pass.
bom_source_field:energy_conversion_transduction_expansion_metering_stage_electronic_expansion_valve:mpn,bom_source_field,source_required,assumption,Electronic expansion valve / mpn,mpn is required but not source-backed.,,,,,energy_conversion_transduction,electronic_expansion_valve,true,true,Admit source-backed supplier/manufacturer/MPN/unit-cost evidence before BoM can pass.
bom_source_field:energy_conversion_transduction_expansion_metering_stage_electronic_expansion_valve:supplier,bom_source_field,source_required,assumption,Electronic expansion valve / supplier,supplier is required but not source-backed.,,,,,energy_conversion_transduction,electronic_expansion_valve,true,true,Admit source-backed supplier/manufacturer/MPN/unit-cost evidence before BoM can pass.
bom_source_field:energy_conversion_transduction_expansion_metering_stage_electronic_expansion_valve:unit_cost_gbp,bom_source_field,source_required,assumption,Electronic expansion valve / unit_cost_gbp,unit_cost_gbp is required but not source-backed.,,,,,energy_conversion_transduction,electronic_expansion_valve,true,true,Admit source-backed supplier/manufacturer/MPN/unit-cost evidence before BoM can pass.
bom_source_field:environmental_interface_fan_air_path_variable_speed_fan_assembly:manufacturer,bom_source_field,source_required,assumption,Variable-speed fan assembly / manufacturer,manufacturer is required but not source-backed.,,,,,environmental_interface,variable_speed_fan_assembly,true,true,Admit source-backed supplier/manufacturer/MPN/unit-cost evidence before BoM can pass.
bom_source_field:environmental_interface_fan_air_path_variable_speed_fan_assembly:mpn,bom_source_field,source_required,assumption,Variable-speed fan assembly / mpn,mpn is required but not source-backed.,,,,,environmental_interface,variable_speed_fan_assembly,true,true,Admit source-backed supplier/manufacturer/MPN/unit-cost evidence before BoM can pass.
bom_source_field:environmental_interface_fan_air_path_variable_speed_fan_assembly:supplier,bom_source_field,source_required,assumption,Variable-speed fan assembly / supplier,supplier is required but not source-backed.,,,,,environmental_interface,variable_speed_fan_assembly,true,true,Admit source-backed supplier/manufacturer/MPN/unit-cost evidence before BoM can pass.
bom_source_field:environmental_interface_fan_air_path_variable_speed_fan_assembly:unit_cost_gbp,bom_source_field,source_required,assumption,Variable-speed fan assembly / unit_cost_gbp,unit_cost_gbp is required but not source-backed.,,,,,environmental_interface,variable_speed_fan_assembly,true,true,Admit source-backed supplier/manufacturer/MPN/unit-cost evidence before BoM can pass.
bom_source_field:environmental_interface_outdoor_evaporator_outdoor_finned_evaporator_coil:manufacturer,bom_source_field,source_required,assumption,Outdoor finned evaporator coil / manufacturer,manufacturer is required but not source-backed.,,,,thermal_output_kw,environmental_interface,outdoor_finned_evaporator_coil,true,true,Admit source-backed supplier/manufacturer/MPN/unit-cost evidence before BoM can pass.
bom_source_field:environmental_interface_outdoor_evaporator_outdoor_finned_evaporator_coil:mpn,bom_source_field,source_required,assumption,Outdoor finned evaporator coil / mpn,mpn is required but not source-backed.,,,,thermal_output_kw,environmental_interface,outdoor_finned_evaporator_coil,true,true,Admit source-backed supplier/manufacturer/MPN/unit-cost evidence before BoM can pass.
bom_source_field:environmental_interface_outdoor_evaporator_outdoor_finned_evaporator_coil:supplier,bom_source_field,source_required,assumption,Outdoor finned evaporator coil / supplier,supplier is required but not source-backed.,,,,thermal_output_kw,environmental_interface,outdoor_finned_evaporator_coil,true,true,Admit source-backed supplier/manufacturer/MPN/unit-cost evidence before BoM can pass.
bom_source_field:environmental_interface_outdoor_evaporator_outdoor_finned_evaporator_coil:unit_cost_gbp,bom_source_field,source_required,assumption,Outdoor finned evaporator coil / unit_cost_gbp,unit_cost_gbp is required but not source-backed.,,,,thermal_output_kw,environmental_interface,outdoor_finned_evaporator_coil,true,true,Admit source-backed supplier/manufacturer/MPN/unit-cost evidence before BoM can pass.
bom_source_field:mass_fluid_transport_process_circulation_pump_group_hydronic_circulation_pump:manufacturer,bom_source_field,source_required,assumption,Hydronic circulation pump / manufacturer,manufacturer is required but not source-backed.,,,,,mass_fluid_transport_process,hydronic_circulation_pump,true,true,Admit source-backed supplier/manufacturer/MPN/unit-cost evidence before BoM can pass.
bom_source_field:mass_fluid_transport_process_circulation_pump_group_hydronic_circulation_pump:mpn,bom_source_field,source_required,assumption,Hydronic circulation pump / mpn,mpn is required but not source-backed.,,,,,mass_fluid_transport_process,hydronic_circulation_pump,true,true,Admit source-backed supplier/manufacturer/MPN/unit-cost evidence before BoM can pass.
bom_source_field:mass_fluid_transport_process_circulation_pump_group_hydronic_circulation_pump:supplier,bom_source_field,source_required,assumption,Hydronic circulation pump / supplier,supplier is required but not source-backed.,,,,,mass_fluid_transport_process,hydronic_circulation_pump,true,true,Admit source-backed supplier/manufacturer/MPN/unit-cost evidence before BoM can pass.
bom_source_field:mass_fluid_transport_process_circulation_pump_group_hydronic_circulation_pump:unit_cost_gbp,bom_source_field,source_required,assumption,Hydronic circulation pump / unit_cost_gbp,unit_cost_gbp is required but not source-backed.,,,,,mass_fluid_transport_process,hydronic_circulation_pump,true,true,Admit source-backed supplier/manufacturer/MPN/unit-cost evidence before BoM can pass.
bom_source_field:mass_fluid_transport_process_condenser_heat_exchanger_brazed_plate_heat_exchanger:manufacturer,bom_source_field,source_required,assumption,Brazed plate heat exchanger / manufacturer,manufacturer is required but not source-backed.,,,,thermal_output_kw,mass_fluid_transport_process,brazed_plate_heat_exchanger,true,true,Admit source-backed supplier/manufacturer/MPN/unit-cost evidence before BoM can pass.
bom_source_field:mass_fluid_transport_process_condenser_heat_exchanger_brazed_plate_heat_exchanger:mpn,bom_source_field,source_required,assumption,Brazed plate heat exchanger / mpn,mpn is required but not source-backed.,,,,thermal_output_kw,mass_fluid_transport_process,brazed_plate_heat_exchanger,true,true,Admit source-backed supplier/manufacturer/MPN/unit-cost evidence before BoM can pass.
bom_source_field:mass_fluid_transport_process_condenser_heat_exchanger_brazed_plate_heat_exchanger:supplier,bom_source_field,source_required,assumption,Brazed plate heat exchanger / supplier,supplier is required but not source-backed.,,,,thermal_output_kw,mass_fluid_transport_process,brazed_plate_heat_exchanger,true,true,Admit source-backed supplier/manufacturer/MPN/unit-cost evidence before BoM can pass.
bom_source_field:mass_fluid_transport_process_condenser_heat_exchanger_brazed_plate_heat_exchanger:unit_cost_gbp,bom_source_field,source_required,assumption,Brazed plate heat exchanger / unit_cost_gbp,unit_cost_gbp is required but not source-backed.,,,,thermal_output_kw,mass_fluid_transport_process,brazed_plate_heat_exchanger,true,true,Admit source-backed supplier/manufacturer/MPN/unit-cost evidence before BoM can pass.
bom_source_field:mass_fluid_transport_process_hydronic_safety_group_hydronic_safety_valve_kit:manufacturer,bom_source_field,source_required,assumption,Hydronic safety valve kit / manufacturer,manufacturer is required but not source-backed.,,,,,mass_fluid_transport_process,hydronic_safety_valve_kit,true,true,Admit source-backed supplier/manufacturer/MPN/unit-cost evidence before BoM can pass.
bom_source_field:mass_fluid_transport_process_hydronic_safety_group_hydronic_safety_valve_kit:mpn,bom_source_field,source_required,assumption,Hydronic safety valve kit / mpn,mpn is required but not source-backed.,,,,,mass_fluid_transport_process,hydronic_safety_valve_kit,true,true,Admit source-backed supplier/manufacturer/MPN/unit-cost evidence before BoM can pass.
bom_source_field:mass_fluid_transport_process_hydronic_safety_group_hydronic_safety_valve_kit:supplier,bom_source_field,source_required,assumption,Hydronic safety valve kit / supplier,supplier is required but not source-backed.,,,,,mass_fluid_transport_process,hydronic_safety_valve_kit,true,true,Admit source-backed supplier/manufacturer/MPN/unit-cost evidence before BoM can pass.
bom_source_field:mass_fluid_transport_process_hydronic_safety_group_hydronic_safety_valve_kit:unit_cost_gbp,bom_source_field,source_required,assumption,Hydronic safety valve kit / unit_cost_gbp,unit_cost_gbp is required but not source-backed.,,,,,mass_fluid_transport_process,hydronic_safety_valve_kit,true,true,Admit source-backed supplier/manufacturer/MPN/unit-cost evidence before BoM can pass.
bom_source_field:sensing_instrumentation_refrigerant_sensing_refrigerant_sensor_and_pressure_transducers:manufacturer,bom_source_field,source_required,assumption,Refrigerant sensor and pressure transducers / manufacturer,manufacturer is required but not source-backed.,,,,cop,sensing_instrumentation,refrigerant_sensor_and_pressure_transducers,true,true,Admit source-backed supplier/manufacturer/MPN/unit-cost evidence before BoM can pass.
bom_source_field:sensing_instrumentation_refrigerant_sensing_refrigerant_sensor_and_pressure_transducers:mpn,bom_source_field,source_required,assumption,Refrigerant sensor and pressure transducers / mpn,mpn is required but not source-backed.,,,,cop,sensing_instrumentation,refrigerant_sensor_and_pressure_transducers,true,true,Admit source-backed supplier/manufacturer/MPN/unit-cost evidence before BoM can pass.
bom_source_field:sensing_instrumentation_refrigerant_sensing_refrigerant_sensor_and_pressure_transducers:supplier,bom_source_field,source_required,assumption,Refrigerant sensor and pressure transducers / supplier,supplier is required but not source-backed.,,,,cop,sensing_instrumentation,refrigerant_sensor_and_pressure_transducers,true,true,Admit source-backed supplier/manufacturer/MPN/unit-cost evidence before BoM can pass.
bom_source_field:sensing_instrumentation_refrigerant_sensing_refrigerant_sensor_and_pressure_transducers:unit_cost_gbp,bom_source_field,source_required,assumption,Refrigerant sensor and pressure transducers / unit_cost_gbp,unit_cost_gbp is required but not source-backed.,,,,cop,sensing_instrumentation,refrigerant_sensor_and_pressure_transducers,true,true,Admit source-backed supplier/manufacturer/MPN/unit-cost evidence before BoM can pass.
component_candidate:control_compute_communication_main_controller_heat_pump_controller_pcb,component_candidate,source_required,generated_model,Heat pump controller PCB,Heat pump controller PCB is an architecture-derived component candidate with quantity 1 candidate.,model:scratch_universal_architecture.heat_pump,,,cop,control_compute_communication,heat_pump_controller_pcb,true,true,"Admit source-backed supplier, manufacturer, MPN, unit cost and lead-time evidence through sourcing intake."
component_candidate:energy_conversion_transduction_compressor_inverter_stage_inverter_scroll_compressor,component_candidate,source_required,generated_model,Inverter scroll compressor,Inverter scroll compressor is an architecture-derived component candidate with quantity 1 candidate.,model:scratch_universal_architecture.heat_pump,,,thermal_output_kw; cop,energy_conversion_transduction,inverter_scroll_compressor,true,true,"Admit source-backed supplier, manufacturer, MPN, unit cost and lead-time evidence through sourcing intake."
component_candidate:energy_conversion_transduction_expansion_metering_stage_electronic_expansion_valve,component_candidate,source_required,generated_model,Electronic expansion valve,Electronic expansion valve is an architecture-derived component candidate with quantity 1 candidate.,model:scratch_universal_architecture.heat_pump,,,,energy_conversion_transduction,electronic_expansion_valve,true,true,"Admit source-backed supplier, manufacturer, MPN, unit cost and lead-time evidence through sourcing intake."
component_candidate:environmental_interface_fan_air_path_variable_speed_fan_assembly,component_candidate,source_required,generated_model,Variable-speed fan assembly,Variable-speed fan assembly is an architecture-derived component candidate with quantity 1 candidate.,model:scratch_universal_architecture.heat_pump,,,,environmental_interface,variable_speed_fan_assembly,true,true,"Admit source-backed supplier, manufacturer, MPN, unit cost and lead-time evidence through sourcing intake."
component_candidate:environmental_interface_outdoor_evaporator_outdoor_finned_evaporator_coil,component_candidate,source_required,generated_model,Outdoor finned evaporator coil,Outdoor finned evaporator coil is an architecture-derived component candidate with quantity 1 candidate.,model:scratch_universal_architecture.heat_pump,,,thermal_output_kw,environmental_interface,outdoor_finned_evaporator_coil,true,true,"Admit source-backed supplier, manufacturer, MPN, unit cost and lead-time evidence through sourcing intake."
component_candidate:mass_fluid_transport_process_circulation_pump_group_hydronic_circulation_pump,component_candidate,source_required,generated_model,Hydronic circulation pump,Hydronic circulation pump is an architecture-derived component candidate with quantity 1 candidate.,model:scratch_universal_architecture.heat_pump,,,,mass_fluid_transport_process,hydronic_circulation_pump,true,true,"Admit source-backed supplier, manufacturer, MPN, unit cost and lead-time evidence through sourcing intake."
component_candidate:mass_fluid_transport_process_condenser_heat_exchanger_brazed_plate_heat_exchanger,component_candidate,source_required,generated_model,Brazed plate heat exchanger,Brazed plate heat exchanger is an architecture-derived component candidate with quantity 1 candidate.,model:scratch_universal_architecture.heat_pump,,,thermal_output_kw,mass_fluid_transport_process,brazed_plate_heat_exchanger,true,true,"Admit source-backed supplier, manufacturer, MPN, unit cost and lead-time evidence through sourcing intake."
component_candidate:mass_fluid_transport_process_hydronic_safety_group_hydronic_safety_valve_kit,component_candidate,source_required,generated_model,Hydronic safety valve kit,Hydronic safety valve kit is an architecture-derived component candidate with quantity 1 candidate.,model:scratch_universal_architecture.heat_pump,,,,mass_fluid_transport_process,hydronic_safety_valve_kit,true,true,"Admit source-backed supplier, manufacturer, MPN, unit cost and lead-time evidence through sourcing intake."
component_candidate:sensing_instrumentation_refrigerant_sensing_refrigerant_sensor_and_pressure_transducers,component_candidate,source_required,generated_model,Refrigerant sensor and pressure transducers,Refrigerant sensor and pressure transducers is an architecture-derived component candidate with quantity 1 candidate.,model:scratch_universal_architecture.heat_pump,,,cop,sensing_instrumentation,refrigerant_sensor_and_pressure_transducers,true,true,"Admit source-backed supplier, manufacturer, MPN, unit cost and lead-time evidence through sourcing intake."
headline_metric:capex_gbp,headline_metric,source_required,assumption,Estimated CAPEX,Estimated CAPEX = 0 GBP.,formula:capex=sum(bom.totalCostGbp); class_pack:heat_pump.class_pack,,,,,,true,true,Admit source-backed BoM costs before treating this cost metric as a claim.
headline_metric:opex_annual_gbp,headline_metric,source_required,assumption,Estimated annual OPEX,Estimated annual OPEX = 0 GBP/year.,formula:opex=capex*0.04,,,,,,true,true,Admit source-backed BoM costs before treating this cost metric as a claim.
component_candidate:control_compute_communication_main_controller_controller_enclosure,component_candidate,generated_needs_review,generated_model,controller enclosure,controller enclosure is an architecture-derived component candidate with quantity 1 candidate.,model:scratch_universal_architecture.heat_pump,,,,control_compute_communication,controller_enclosure,false,true,"Review whether this is a unique physical item, shared component or separate installation instance."
component_candidate:control_compute_communication_main_controller_non_volatile_fault_memory,component_candidate,generated_needs_review,generated_model,non-volatile fault memory,non-volatile fault memory is an architecture-derived component candidate with quantity 1 candidate.,model:scratch_universal_architecture.heat_pump,,,,control_compute_communication,non_volatile_fault_memory,false,true,"Review whether this is a unique physical item, shared component or separate installation instance."
component_candidate:control_compute_communication_main_controller_real_time_clock_module,component_candidate,generated_needs_review,generated_model,real-time clock module,real-time clock module is an architecture-derived component candidate with quantity 1 candidate.,model:scratch_universal_architecture.heat_pump,,,,control_compute_communication,real_time_clock_module,false,true,"Review whether this is a unique physical item, shared component or separate installation instance."
component_candidate:control_compute_communication_power_driver_io_compressor_contactor,component_candidate,generated_needs_review,generated_model,compressor contactor,compressor contactor is an architecture-derived component candidate with quantity 1 candidate.,model:scratch_universal_architecture.heat_pump,,,,control_compute_communication,compressor_contactor,false,true,"Review whether this is a unique physical item, shared component or separate installation instance."
component_candidate:control_compute_communication_power_driver_io_fan_pwm_output_board,component_candidate,generated_needs_review,generated_model,fan PWM output board,fan PWM output board is an architecture-derived component candidate with quantity 1 candidate.,model:scratch_universal_architecture.heat_pump,,,,control_compute_communication,fan_pwm_output_board,false,true,"Review whether this is a unique physical item, shared component or separate installation instance."
component_candidate:control_compute_communication_power_driver_io_pump_relay_output,component_candidate,generated_needs_review,generated_model,pump relay output,pump relay output is an architecture-derived component candidate with quantity 1 candidate.,model:scratch_universal_architecture.heat_pump,,,,control_compute_communication,pump_relay_output,false,true,"Review whether this is a unique physical item, shared component or separate installation instance."
component_candidate:control_compute_communication_power_driver_io_safety_chain_input_terminal,component_candidate,generated_needs_review,generated_model,safety chain input terminal,safety chain input terminal is an architecture-derived component candidate with quantity 1 candidate.,model:scratch_universal_architecture.heat_pump,,,,control_compute_communication,safety_chain_input_terminal,false,true,"Review whether this is a unique physical item, shared component or separate installation instance."
component_candidate:control_compute_communication_service_communications_fault_led_stack,component_candidate,generated_needs_review,generated_model,fault LED stack,fault LED stack is an architecture-derived component candidate with quantity 1 candidate.,model:scratch_universal_architecture.heat_pump,,,,control_compute_communication,fault_led_stack,false,true,"Review whether this is a unique physical item, shared component or separate installation instance."
component_candidate:control_compute_communication_service_communications_installer_qr_code_label,component_candidate,generated_needs_review,generated_model,installer QR code label,installer QR code label is an architecture-derived component candidate with quantity 1 candidate.,model:scratch_universal_architecture.heat_pump,,,,control_compute_communication,installer_qr_code_label,false,true,"Review whether this is a unique physical item, shared component or separate installation instance."
component_candidate:control_compute_communication_service_communications_modbus_service_port,component_candidate,generated_needs_review,generated_model,Modbus service port,Modbus service port is an architecture-derived component candidate with quantity 1 candidate.,model:scratch_universal_architecture.heat_pump,,,,control_compute_communication,modbus_service_port,false,true,"Review whether this is a unique physical item, shared component or separate installation instance."
component_candidate:control_compute_communication_service_communications_usb_commissioning_adapter,component_candidate,generated_needs_review,generated_model,USB commissioning adapter,USB commissioning adapter is an architecture-derived component candidate with quantity 1 candidate.,model:scratch_universal_architecture.heat_pump,,,,control_compute_communication,usb_commissioning_adapter,false,true,"Review whether this is a unique physical item, shared component or separate installation instance."
component_candidate:energy_conversion_transduction_compressor_inverter_stage_compressor_inverter_drive,component_candidate,generated_needs_review,generated_model,compressor inverter drive,compressor inverter drive is an architecture-derived component candidate with quantity 1 candidate.,model:scratch_universal_architecture.heat_pump,,,,energy_conversion_transduction,compressor_inverter_drive,false,true,"Review whether this is a unique physical item, shared component or separate installation instance."
component_candidate:energy_conversion_transduction_compressor_inverter_stage_compressor_mounting_grommet_set,component_candidate,generated_needs_review,generated_model,compressor mounting grommet set,compressor mounting grommet set is an architecture-derived component candidate with quantity 1 candidate.,model:scratch_universal_architecture.heat_pump,,,,energy_conversion_transduction,compressor_mounting_grommet_set,false,true,"Review whether this is a unique physical item, shared component or separate installation instance."
component_candidate:energy_conversion_transduction_compressor_inverter_stage_crankcase_heater_band,component_candidate,generated_needs_review,generated_model,crankcase heater band,crankcase heater band is an architecture-derived component candidate with quantity 1 candidate.,model:scratch_universal_architecture.heat_pump,,,,energy_conversion_transduction,crankcase_heater_band,false,true,"Review whether this is a unique physical item, shared component or separate installation instance."
component_candidate:energy_conversion_transduction_condenser_coupling_boundary_condenser_insulation_sleeve,component_candidate,generated_needs_review,generated_model,condenser insulation sleeve,condenser insulation sleeve is an architecture-derived component candidate with quantity 1 candidate.,model:scratch_universal_architecture.heat_pump,,,,energy_conversion_transduction,condenser_insulation_sleeve,false,true,"Review whether this is a unique physical item, shared component or separate installation instance."
component_candidate:energy_conversion_transduction_condenser_coupling_boundary_hydronic_stub_out_pair,component_candidate,generated_needs_review,generated_model,hydronic stub-out pair,hydronic stub-out pair is an architecture-derived component candidate with quantity 1 candidate.,model:scratch_universal_architecture.heat_pump,,,,energy_conversion_transduction,hydronic_stub_out_pair,false,true,"Review whether this is a unique physical item, shared component or separate installation instance."
component_candidate:energy_conversion_transduction_condenser_coupling_boundary_plate_heat_exchanger_mounting_bracket,component_candidate,generated_needs_review,generated_model,plate heat exchanger mounting bracket,plate heat exchanger mounting bracket is an architecture-derived component candidate with quantity 1 candidate.,model:scratch_universal_architecture.heat_pump,,,,energy_conversion_transduction,plate_heat_exchanger_mounting_bracket,false,true,"Review whether this is a unique physical item, shared component or separate installation instance."
component_candidate:energy_conversion_transduction_condenser_coupling_boundary_refrigerant_stub_out_pair,component_candidate,generated_needs_review,generated_model,refrigerant stub-out pair,refrigerant stub-out pair is an architecture-derived component candidate with quantity 1 candidate.,model:scratch_universal_architecture.heat_pump,,,,energy_conversion_transduction,refrigerant_stub_out_pair,false,true,"Review whether this is a unique physical item, shared component or separate installation instance."
component_candidate:energy_conversion_transduction_expansion_metering_stage_eev_stepper_harness,component_candidate,generated_needs_review,generated_model,EEV stepper harness,EEV stepper harness is an architecture-derived component candidate with quantity 1 candidate.,model:scratch_universal_architecture.heat_pump,,,,energy_conversion_transduction,eev_stepper_harness,false,true,"Review whether this is a unique physical item, shared component or separate installation instance."
component_candidate:energy_conversion_transduction_expansion_metering_stage_liquid_line_filter_drier,component_candidate,generated_needs_review,generated_model,liquid-line filter drier,liquid-line filter drier is an architecture-derived component candidate with quantity 1 candidate.,model:scratch_universal_architecture.heat_pump,,,,energy_conversion_transduction,liquid_line_filter_drier,false,true,"Review whether this is a unique physical item, shared component or separate installation instance."
component_candidate:energy_conversion_transduction_expansion_metering_stage_sight_glass_indicator,component_candidate,generated_needs_review,generated_model,sight glass indicator,sight glass indicator is an architecture-derived component candidate with quantity 1 candidate.,model:scratch_universal_architecture.heat_pump,,,,energy_conversion_transduction,sight_glass_indicator,false,true,"Review whether this is a unique physical item, shared component or separate installation instance."
component_candidate:energy_conversion_transduction_refrigerant_manifold_brazed_joint_sleeve_set,component_candidate,generated_needs_review,generated_model,brazed joint sleeve set,brazed joint sleeve set is an architecture-derived component candidate with quantity 1 candidate.,model:scratch_universal_architecture.heat_pump,,,,energy_conversion_transduction,brazed_joint_sleeve_set,false,true,"Review whether this is a unique physical item, shared component or separate installation instance."
component_candidate:energy_conversion_transduction_refrigerant_manifold_copper_refrigerant_tube_set,component_candidate,generated_needs_review,generated_model,copper refrigerant tube set,copper refrigerant tube set is an architecture-derived component candidate with quantity 1 candidate.,model:scratch_universal_architecture.heat_pump,,,,energy_conversion_transduction,copper_refrigerant_tube_set,false,true,"Review whether this is a unique physical item, shared component or separate installation instance."
component_candidate:energy_conversion_transduction_refrigerant_manifold_refrigerant_charge_label,component_candidate,generated_needs_review,generated_model,refrigerant charge label,refrigerant charge label is an architecture-derived component candidate with quantity 1 candidate.,model:scratch_universal_architecture.heat_pump,,,,energy_conversion_transduction,refrigerant_charge_label,false,true,"Review whether this is a unique physical item, shared component or separate installation instance."
component_candidate:energy_conversion_transduction_refrigerant_manifold_service_valve_pair,component_candidate,generated_needs_review,generated_model,service valve pair,service valve pair is an architecture-derived component candidate with quantity 1 candidate.,model:scratch_universal_architecture.heat_pump,,,,energy_conversion_transduction,service_valve_pair,false,true,"Review whether this is a unique physical item, shared component or separate installation instance."
component_candidate:environmental_interface_defrost_condensate_condensate_drain_tray,component_candidate,generated_needs_review,generated_model,condensate drain tray,condensate drain tray is an architecture-derived component candidate with quantity 1 candidate.,model:scratch_universal_architecture.heat_pump,,,,environmental_interface,condensate_drain_tray,false,true,"Review whether this is a unique physical item, shared component or separate installation instance."
component_candidate:environmental_interface_defrost_condensate_defrost_temperature_probe,component_candidate,generated_needs_review,generated_model,defrost temperature probe,defrost temperature probe is an architecture-derived component candidate with quantity 1 candidate.,model:scratch_universal_architecture.heat_pump,,,,environmental_interface,defrost_temperature_probe,false,true,"Review whether this is a unique physical item, shared component or separate installation instance."
component_candidate:environmental_interface_defrost_condensate_drain_hose_barb,component_candidate,generated_needs_review,generated_model,drain hose barb,drain hose barb is an architecture-derived component candidate with quantity 1 candidate.,model:scratch_universal_architecture.heat_pump,,,,environmental_interface,drain_hose_barb,false,true,"Review whether this is a unique physical item, shared component or separate installation instance."
component_candidate:environmental_interface_defrost_condensate_trace_heater_cable,component_candidate,generated_needs_review,generated_model,trace heater cable,trace heater cable is an architecture-derived component candidate with quantity 1 candidate.,model:scratch_universal_architecture.heat_pump,,,,environmental_interface,trace_heater_cable,false,true,"Review whether this is a unique physical item, shared component or separate installation instance."
component_candidate:environmental_interface_fan_air_path_ec_fan_motor_controller,component_candidate,generated_needs_review,generated_model,EC fan motor controller,EC fan motor controller is an architecture-derived component candidate with quantity 1 candidate.,model:scratch_universal_architecture.heat_pump,,,,environmental_interface,ec_fan_motor_controller,false,true,"Review whether this is a unique physical item, shared component or separate installation instance."
component_candidate:environmental_interface_fan_air_path_fan_shroud,component_candidate,generated_needs_review,generated_model,fan shroud,fan shroud is an architecture-derived component candidate with quantity 1 candidate.,model:scratch_universal_architecture.heat_pump,,,,environmental_interface,fan_shroud,false,true,"Review whether this is a unique physical item, shared component or separate installation instance."
component_candidate:environmental_interface_fan_air_path_inlet_debris_screen,component_candidate,generated_needs_review,generated_model,inlet debris screen,inlet debris screen is an architecture-derived component candidate with quantity 1 candidate.,model:scratch_universal_architecture.heat_pump,,,,environmental_interface,inlet_debris_screen,false,true,"Review whether this is a unique physical item, shared component or separate installation instance."
component_candidate:environmental_interface_outdoor_evaporator_coil_guard_grille,component_candidate,generated_needs_review,generated_model,coil guard grille,coil guard grille is an architecture-derived component candidate with quantity 1 candidate.,model:scratch_universal_architecture.heat_pump,,,,environmental_interface,coil_guard_grille,false,true,"Review whether this is a unique physical item, shared component or separate installation instance."
component_candidate:environmental_interface_outdoor_evaporator_coil_temperature_sensor,component_candidate,generated_needs_review,generated_model,coil temperature sensor,coil temperature sensor is an architecture-derived component candidate with quantity 1 candidate.,model:scratch_universal_architecture.heat_pump,,,,environmental_interface,coil_temperature_sensor,false,true,"Review whether this is a unique physical item, shared component or separate installation instance."
component_candidate:environmental_interface_outdoor_evaporator_hydrophilic_fin_coating,component_candidate,generated_needs_review,generated_model,hydrophilic fin coating,hydrophilic fin coating is an architecture-derived component candidate with quantity 1 candidate.,model:scratch_universal_architecture.heat_pump,,,,environmental_interface,hydrophilic_fin_coating,false,true,"Review whether this is a unique physical item, shared component or separate installation instance."
component_candidate:hmi_ergonomics_alarm_and_user_guidance_alarm_relay_output,component_candidate,generated_needs_review,generated_model,alarm relay output,alarm relay output is an architecture-derived component candidate with quantity 1 candidate.,model:scratch_universal_architecture.heat_pump,,,,hmi_ergonomics,alarm_relay_output,false,true,"Review whether this is a unique physical item, shared component or separate installation instance."
component_candidate:hmi_ergonomics_alarm_and_user_guidance_fault_reset_button,component_candidate,generated_needs_review,generated_model,fault reset button,fault reset button is an architecture-derived component candidate with quantity 1 candidate.,model:scratch_universal_architecture.heat_pump,,,,hmi_ergonomics,fault_reset_button,false,true,"Review whether this is a unique physical item, shared component or separate installation instance."
component_candidate:hmi_ergonomics_alarm_and_user_guidance_qr_service_documentation_label,component_candidate,generated_needs_review,generated_model,QR service documentation label,QR service documentation label is an architecture-derived component candidate with quantity 1 candidate.,model:scratch_universal_architecture.heat_pump,,,,hmi_ergonomics,qr_service_documentation_label,false,true,"Review whether this is a unique physical item, shared component or separate installation instance."
component_candidate:hmi_ergonomics_alarm_and_user_guidance_user_quick_start_label,component_candidate,generated_needs_review,generated_model,user quick-start label,user quick-start label is an architecture-derived component candidate with quantity 1 candidate.,model:scratch_universal_architecture.heat_pump,,,,hmi_ergonomics,user_quick_start_label,false,true,"Review whether this is a unique physical item, shared component or separate installation instance."
component_candidate:hmi_ergonomics_local_display_lcd_status_display,component_candidate,generated_needs_review,generated_model,LCD status display,LCD status display is an architecture-derived component candidate with quantity 1 candidate.,model:scratch_universal_architecture.heat_pump,,,,hmi_ergonomics,lcd_status_display,false,true,"Review whether this is a unique physical item, shared component or separate installation instance."
component_candidate:hmi_ergonomics_local_display_menu_button_membrane,component_candidate,generated_needs_review,generated_model,menu button membrane,menu button membrane is an architecture-derived component candidate with quantity 1 candidate.,model:scratch_universal_architecture.heat_pump,,,,hmi_ergonomics,menu_button_membrane,false,true,"Review whether this is a unique physical item, shared component or separate installation instance."
component_candidate:hmi_ergonomics_local_display_mode_indicator_led_set,component_candidate,generated_needs_review,generated_model,mode indicator LED set,mode indicator LED set is an architecture-derived component candidate with quantity 1 candidate.,model:scratch_universal_architecture.heat_pump,,,,hmi_ergonomics,mode_indicator_led_set,false,true,"Review whether this is a unique physical item, shared component or separate installation instance."
component_candidate:hmi_ergonomics_local_display_weatherproof_display_window,component_candidate,generated_needs_review,generated_model,weatherproof display window,weatherproof display window is an architecture-derived component candidate with quantity 1 candidate.,model:scratch_universal_architecture.heat_pump,,,,hmi_ergonomics,weatherproof_display_window,false,true,"Review whether this is a unique physical item, shared component or separate installation instance."
component_candidate:hmi_ergonomics_remote_thermostat_interface_demand_signal_opto_isolator,component_candidate,generated_needs_review,generated_model,demand signal opto-isolator,demand signal opto-isolator is an architecture-derived component candidate with quantity 1 candidate.,model:scratch_universal_architecture.heat_pump,,,,hmi_ergonomics,demand_signal_opto_isolator,false,true,"Review whether this is a unique physical item, shared component or separate installation instance."
component_candidate:hmi_ergonomics_remote_thermostat_interface_installer_wiring_label,component_candidate,generated_needs_review,generated_model,installer wiring label,installer wiring label is an architecture-derived component candidate with quantity 1 candidate.,model:scratch_universal_architecture.heat_pump,,,,hmi_ergonomics,installer_wiring_label,false,true,"Review whether this is a unique physical item, shared component or separate installation instance."
component_candidate:hmi_ergonomics_remote_thermostat_interface_modbus_room_controller_link,component_candidate,generated_needs_review,generated_model,Modbus room controller link,Modbus room controller link is an architecture-derived component candidate with quantity 1 candidate.,model:scratch_universal_architecture.heat_pump,,,,hmi_ergonomics,modbus_room_controller_link,false,true,"Review whether this is a unique physical item, shared component or separate installation instance."
component_candidate:hmi_ergonomics_remote_thermostat_interface_thermostat_input_terminal,component_candidate,generated_needs_review,generated_model,thermostat input terminal,thermostat input terminal is an architecture-derived component candidate with quantity 1 candidate.,model:scratch_universal_architecture.heat_pump,,,,hmi_ergonomics,thermostat_input_terminal,false,true,"Review whether this is a unique physical item, shared component or separate installation instance."
component_candidate:maintenance_serviceability_commissioning_ports_commissioning_checklist_card,component_candidate,generated_needs_review,generated_model,commissioning checklist card,commissioning checklist card is an architecture-derived component candidate with quantity 1 candidate.,model:scratch_universal_architecture.heat_pump,,,,maintenance_serviceability,commissioning_checklist_card,false,true,"Review whether this is a unique physical item, shared component or separate installation instance."
component_candidate:maintenance_serviceability_commissioning_ports_hydronic_drain_cock,component_candidate,generated_needs_review,generated_model,hydronic drain cock,hydronic drain cock is an architecture-derived component candidate with quantity 1 candidate.,model:scratch_universal_architecture.heat_pump,,,,maintenance_serviceability,hydronic_drain_cock,false,true,"Review whether this is a unique physical item, shared component or separate installation instance."
component_candidate:maintenance_serviceability_commissioning_ports_pressure_gauge_pocket,component_candidate,generated_needs_review,generated_model,pressure gauge pocket,pressure gauge pocket is an architecture-derived component candidate with quantity 1 candidate.,model:scratch_universal_architecture.heat_pump,,,,maintenance_serviceability,pressure_gauge_pocket,false,true,"Review whether this is a unique physical item, shared component or separate installation instance."
component_candidate:maintenance_serviceability_commissioning_ports_refrigerant_service_port_cap_set,component_candidate,generated_needs_review,generated_model,refrigerant service port cap set,refrigerant service port cap set is an architecture-derived component candidate with quantity 1 candidate.,model:scratch_universal_architecture.heat_pump,,,,maintenance_serviceability,refrigerant_service_port_cap_set,false,true,"Review whether this is a unique physical item, shared component or separate installation instance."
component_candidate:maintenance_serviceability_diagnostic_access_data_log_export_button,component_candidate,generated_needs_review,generated_model,data log export button,data log export button is an architecture-derived component candidate with quantity 1 candidate.,model:scratch_universal_architecture.heat_pump,,,,maintenance_serviceability,data_log_export_button,false,true,"Review whether this is a unique physical item, shared component or separate installation instance."
component_candidate:maintenance_serviceability_diagnostic_access_diagnostic_test_header,component_candidate,generated_needs_review,generated_model,diagnostic test header,diagnostic test header is an architecture-derived component candidate with quantity 1 candidate.,model:scratch_universal_architecture.heat_pump,,,,maintenance_serviceability,diagnostic_test_header,false,true,"Review whether this is a unique physical item, shared component or separate installation instance."
component_candidate:maintenance_serviceability_diagnostic_access_fault_code_label,component_candidate,generated_needs_review,generated_model,fault code label,fault code label is an architecture-derived component candidate with quantity 1 candidate.,model:scratch_universal_architecture.heat_pump,,,,maintenance_serviceability,fault_code_label,false,true,"Review whether this is a unique physical item, shared component or separate installation instance."
component_candidate:maintenance_serviceability_diagnostic_access_installer_handover_record,component_candidate,generated_needs_review,generated_model,installer handover record,installer handover record is an architecture-derived component candidate with quantity 1 candidate.,model:scratch_universal_architecture.heat_pump,,,,maintenance_serviceability,installer_handover_record,false,true,"Review whether this is a unique physical item, shared component or separate installation instance."
component_candidate:maintenance_serviceability_filter_service_cleanable_y_strainer_basket,component_candidate,generated_needs_review,generated_model,cleanable Y-strainer basket,cleanable Y-strainer basket is an architecture-derived component candidate with quantity 1 candidate.,model:scratch_universal_architecture.heat_pump,,,,maintenance_serviceability,cleanable_y_strainer_basket,false,true,"Review whether this is a unique physical item, shared component or separate installation instance."
component_candidate:maintenance_serviceability_filter_service_coil_cleaning_access_cover,component_candidate,generated_needs_review,generated_model,coil cleaning access cover,coil cleaning access cover is an architecture-derived component candidate with quantity 1 candidate.,model:scratch_universal_architecture.heat_pump,,,,maintenance_serviceability,coil_cleaning_access_cover,false,true,"Review whether this is a unique physical item, shared component or separate installation instance."
component_candidate:maintenance_serviceability_filter_service_service_interval_label,component_candidate,generated_needs_review,generated_model,service interval label,service interval label is an architecture-derived component candidate with quantity 1 candidate.,model:scratch_universal_architecture.heat_pump,,,,maintenance_serviceability,service_interval_label,false,true,"Review whether this is a unique physical item, shared component or separate installation instance."
component_candidate:maintenance_serviceability_filter_service_spare_gasket_kit,component_candidate,generated_needs_review,generated_model,spare gasket kit,spare gasket kit is an architecture-derived component candidate with quantity 1 candidate.,model:scratch_universal_architecture.heat_pump,,,,maintenance_serviceability,spare_gasket_kit,false,true,"Review whether this is a unique physical item, shared component or separate installation instance."
component_candidate:mass_fluid_transport_process_circulation_pump_group_flow_proving_switch,component_candidate,generated_needs_review,generated_model,flow proving switch,flow proving switch is an architecture-derived component candidate with quantity 1 candidate.,model:scratch_universal_architecture.heat_pump,,,,mass_fluid_transport_process,flow_proving_switch,false,true,"Review whether this is a unique physical item, shared component or separate installation instance."
component_candidate:mass_fluid_transport_process_circulation_pump_group_pump_isolation_valve_pair,component_candidate,generated_needs_review,generated_model,pump isolation valve pair,pump isolation valve pair is an architecture-derived component candidate with quantity 1 candidate.,model:scratch_universal_architecture.heat_pump,,,,mass_fluid_transport_process,pump_isolation_valve_pair,false,true,"Review whether this is a unique physical item, shared component or separate installation instance."
component_candidate:mass_fluid_transport_process_circulation_pump_group_strainer_filter,component_candidate,generated_needs_review,generated_model,strainer filter,strainer filter is an architecture-derived component candidate with quantity 1 candidate.,model:scratch_universal_architecture.heat_pump,,,,mass_fluid_transport_process,strainer_filter,false,true,"Review whether this is a unique physical item, shared component or separate installation instance."
component_candidate:mass_fluid_transport_process_condenser_heat_exchanger_plate_exchanger_insulation_jacket,component_candidate,generated_needs_review,generated_model,plate exchanger insulation jacket,plate exchanger insulation jacket is an architecture-derived component candidate with quantity 1 candidate.,model:scratch_universal_architecture.heat_pump,,,,mass_fluid_transport_process,plate_exchanger_insulation_jacket,false,true,"Review whether this is a unique physical item, shared component or separate installation instance."
component_candidate:mass_fluid_transport_process_condenser_heat_exchanger_refrigerant_outlet_temperature_sensor,component_candidate,generated_needs_review,generated_model,refrigerant outlet temperature sensor,refrigerant outlet temperature sensor is an architecture-derived component candidate with quantity 1 candidate.,model:scratch_universal_architecture.heat_pump,,,,mass_fluid_transport_process,refrigerant_outlet_temperature_sensor,false,true,"Review whether this is a unique physical item, shared component or separate installation instance."
component_candidate:mass_fluid_transport_process_condenser_heat_exchanger_water_outlet_temperature_sensor,component_candidate,generated_needs_review,generated_model,water outlet temperature sensor,water outlet temperature sensor is an architecture-derived component candidate with quantity 1 candidate.,model:scratch_universal_architecture.heat_pump,,,,mass_fluid_transport_process,water_outlet_temperature_sensor,false,true,"Review whether this is a unique physical item, shared component or separate installation instance."
component_candidate:mass_fluid_transport_process_hydronic_safety_group_automatic_air_vent,component_candidate,generated_needs_review,generated_model,automatic air vent,automatic air vent is an architecture-derived component candidate with quantity 1 candidate.,model:scratch_universal_architecture.heat_pump,,,,mass_fluid_transport_process,automatic_air_vent,false,true,"Review whether this is a unique physical item, shared component or separate installation instance."
component_candidate:mass_fluid_transport_process_hydronic_safety_group_expansion_vessel,component_candidate,generated_needs_review,generated_model,expansion vessel,expansion vessel is an architecture-derived component candidate with quantity 1 candidate.,model:scratch_universal_architecture.heat_pump,,,,mass_fluid_transport_process,expansion_vessel,false,true,"Review whether this is a unique physical item, shared component or separate installation instance."
component_candidate:mass_fluid_transport_process_hydronic_safety_group_fill_and_drain_valve_set,component_candidate,generated_needs_review,generated_model,fill and drain valve set,fill and drain valve set is an architecture-derived component candidate with quantity 1 candidate.,model:scratch_universal_architecture.heat_pump,,,,mass_fluid_transport_process,fill_and_drain_valve_set,false,true,"Review whether this is a unique physical item, shared component or separate installation instance."
component_candidate:power_distribution_cable_management_emc_ferrite_clamp_set,component_candidate,generated_needs_review,generated_model,EMC ferrite clamp set,EMC ferrite clamp set is an architecture-derived component candidate with quantity 1 candidate.,model:scratch_universal_architecture.heat_pump,,,,power_distribution,emc_ferrite_clamp_set,false,true,"Review whether this is a unique physical item, shared component or separate installation instance."
component_candidate:power_distribution_cable_management_ip_rated_cable_gland_set,component_candidate,generated_needs_review,generated_model,IP-rated cable gland set,IP-rated cable gland set is an architecture-derived component candidate with quantity 1 candidate.,model:scratch_universal_architecture.heat_pump,,,,power_distribution,ip_rated_cable_gland_set,false,true,"Review whether this is a unique physical item, shared component or separate installation instance."
component_candidate:power_distribution_cable_management_segregated_cable_duct,component_candidate,generated_needs_review,generated_model,segregated cable duct,segregated cable duct is an architecture-derived component candidate with quantity 1 candidate.,model:scratch_universal_architecture.heat_pump,,,,power_distribution,segregated_cable_duct,false,true,"Review whether this is a unique physical item, shared component or separate installation instance."
component_candidate:power_distribution_cable_management_wiring_diagram_label,component_candidate,generated_needs_review,generated_model,wiring diagram label,wiring diagram label is an architecture-derived component candidate with quantity 1 candidate.,model:scratch_universal_architecture.heat_pump,,,,power_distribution,wiring_diagram_label,false,true,"Review whether this is a unique physical item, shared component or separate installation instance."
component_candidate:power_distribution_internal_power_rails_24_v_dc_power_supply,component_candidate,generated_needs_review,generated_model,24 V DC power supply,24 V DC power supply is an architecture-derived component candidate with quantity 1 candidate.,model:scratch_universal_architecture.heat_pump,,,,power_distribution,24_v_dc_power_supply,false,true,"Review whether this is a unique physical item, shared component or separate installation instance."
component_candidate:power_distribution_internal_power_rails_fused_auxiliary_terminal,component_candidate,generated_needs_review,generated_model,fused auxiliary terminal,fused auxiliary terminal is an architecture-derived component candidate with quantity 1 candidate.,model:scratch_universal_architecture.heat_pump,,,,power_distribution,fused_auxiliary_terminal,false,true,"Review whether this is a unique physical item, shared component or separate installation instance."
component_candidate:power_distribution_internal_power_rails_protective_earth_bar,component_candidate,generated_needs_review,generated_model,protective earth bar,protective earth bar is an architecture-derived component candidate with quantity 1 candidate.,model:scratch_universal_architecture.heat_pump,,,,power_distribution,protective_earth_bar,false,true,"Review whether this is a unique physical item, shared component or separate installation instance."
component_candidate:power_distribution_internal_power_rails_terminal_rail_assembly,component_candidate,generated_needs_review,generated_model,terminal rail assembly,terminal rail assembly is an architecture-derived component candidate with quantity 1 candidate.,model:scratch_universal_architecture.heat_pump,,,,power_distribution,terminal_rail_assembly,false,true,"Review whether this is a unique physical item, shared component or separate installation instance."
component_candidate:power_distribution_mains_input_protection_lockable_isolator_switch,component_candidate,generated_needs_review,generated_model,lockable isolator switch,lockable isolator switch is an architecture-derived component candidate with quantity 1 candidate.,model:scratch_universal_architecture.heat_pump,,,,power_distribution,lockable_isolator_switch,false,true,"Review whether this is a unique physical item, shared component or separate installation instance."
component_candidate:power_distribution_mains_input_protection_mcb_breaker_set,component_candidate,generated_needs_review,generated_model,MCB breaker set,MCB breaker set is an architecture-derived component candidate with quantity 1 candidate.,model:scratch_universal_architecture.heat_pump,,,,power_distribution,mcb_breaker_set,false,true,"Review whether this is a unique physical item, shared component or separate installation instance."
component_candidate:power_distribution_mains_input_protection_rcd_protection_device,component_candidate,generated_needs_review,generated_model,RCD protection device,RCD protection device is an architecture-derived component candidate with quantity 1 candidate.,model:scratch_universal_architecture.heat_pump,,,,power_distribution,rcd_protection_device,false,true,"Review whether this is a unique physical item, shared component or separate installation instance."
component_candidate:power_distribution_mains_input_protection_surge_protection_device,component_candidate,generated_needs_review,generated_model,surge protection device,surge protection device is an architecture-derived component candidate with quantity 1 candidate.,model:scratch_universal_architecture.heat_pump,,,,power_distribution,surge_protection_device,false,true,"Review whether this is a unique physical item, shared component or separate installation instance."
component_candidate:safety_protection_electrical_safety_earth_continuity_test_point,component_candidate,generated_needs_review,generated_model,earth continuity test point,earth continuity test point is an architecture-derived component candidate with quantity 1 candidate.,model:scratch_universal_architecture.heat_pump,,,,safety_protection,earth_continuity_test_point,false,true,"Review whether this is a unique physical item, shared component or separate installation instance."
component_candidate:safety_protection_electrical_safety_over_temperature_cut_out,component_candidate,generated_needs_review,generated_model,over-temperature cut-out,over-temperature cut-out is an architecture-derived component candidate with quantity 1 candidate.,model:scratch_universal_architecture.heat_pump,,,,safety_protection,over_temperature_cut_out,false,true,"Review whether this is a unique physical item, shared component or separate installation instance."
component_candidate:safety_protection_electrical_safety_safety_compliance_label,component_candidate,generated_needs_review,generated_model,safety compliance label,safety compliance label is an architecture-derived component candidate with quantity 1 candidate.,model:scratch_universal_architecture.heat_pump,,,,safety_protection,safety_compliance_label,false,true,"Review whether this is a unique physical item, shared component or separate installation instance."
component_candidate:safety_protection_electrical_safety_touch_safe_terminal_cover,component_candidate,generated_needs_review,generated_model,touch-safe terminal cover,touch-safe terminal cover is an architecture-derived component candidate with quantity 1 candidate.,model:scratch_universal_architecture.heat_pump,,,,safety_protection,touch_safe_terminal_cover,false,true,"Review whether this is a unique physical item, shared component or separate installation instance."
component_candidate:safety_protection_hydronic_freeze_protection_anti_freeze_thermostat,component_candidate,generated_needs_review,generated_model,anti-freeze thermostat,anti-freeze thermostat is an architecture-derived component candidate with quantity 1 candidate.,model:scratch_universal_architecture.heat_pump,,,,safety_protection,anti_freeze_thermostat,false,true,"Review whether this is a unique physical item, shared component or separate installation instance."
component_candidate:safety_protection_hydronic_freeze_protection_backup_immersion_heater_relay,component_candidate,generated_needs_review,generated_model,backup immersion heater relay,backup immersion heater relay is an architecture-derived component candidate with quantity 1 candidate.,model:scratch_universal_architecture.heat_pump,,,,safety_protection,backup_immersion_heater_relay,false,true,"Review whether this is a unique physical item, shared component or separate installation instance."
component_candidate:safety_protection_hydronic_freeze_protection_drain_down_instruction_label,component_candidate,generated_needs_review,generated_model,drain-down instruction label,drain-down instruction label is an architecture-derived component candidate with quantity 1 candidate.,model:scratch_universal_architecture.heat_pump,,,,safety_protection,drain_down_instruction_label,false,true,"Review whether this is a unique physical item, shared component or separate installation instance."
component_candidate:safety_protection_hydronic_freeze_protection_glycol_compatibility_tag,component_candidate,generated_needs_review,generated_model,glycol compatibility tag,glycol compatibility tag is an architecture-derived component candidate with quantity 1 candidate.,model:scratch_universal_architecture.heat_pump,,,,safety_protection,glycol_compatibility_tag,false,true,"Review whether this is a unique physical item, shared component or separate installation instance."
component_candidate:safety_protection_refrigerant_safety_high_pressure_cut_out_switch,component_candidate,generated_needs_review,generated_model,high-pressure cut-out switch,high-pressure cut-out switch is an architecture-derived component candidate with quantity 1 candidate.,model:scratch_universal_architecture.heat_pump,,,,safety_protection,high_pressure_cut_out_switch,false,true,"Review whether this is a unique physical item, shared component or separate installation instance."
component_candidate:safety_protection_refrigerant_safety_low_pressure_cut_out_switch,component_candidate,generated_needs_review,generated_model,low-pressure cut-out switch,low-pressure cut-out switch is an architecture-derived component candidate with quantity 1 candidate.,model:scratch_universal_architecture.heat_pump,,,,safety_protection,low_pressure_cut_out_switch,false,true,"Review whether this is a unique physical item, shared component or separate installation instance."
component_candidate:safety_protection_refrigerant_safety_refrigerant_leak_alarm_output,component_candidate,generated_needs_review,generated_model,refrigerant leak alarm output,refrigerant leak alarm output is an architecture-derived component candidate with quantity 1 candidate.,model:scratch_universal_architecture.heat_pump,,,,safety_protection,refrigerant_leak_alarm_output,false,true,"Review whether this is a unique physical item, shared component or separate installation instance."
component_candidate:safety_protection_refrigerant_safety_refrigerant_warning_label,component_candidate,generated_needs_review,generated_model,refrigerant warning label,refrigerant warning label is an architecture-derived component candidate with quantity 1 candidate.,model:scratch_universal_architecture.heat_pump,,,,safety_protection,refrigerant_warning_label,false,true,"Review whether this is a unique physical item, shared component or separate installation instance."
component_candidate:sensing_instrumentation_ambient_sensing_air_pressure_switch,component_candidate,generated_needs_review,generated_model,air pressure switch,air pressure switch is an architecture-derived component candidate with quantity 1 candidate.,model:scratch_universal_architecture.heat_pump,,,,sensing_instrumentation,air_pressure_switch,false,true,"Review whether this is a unique physical item, shared component or separate installation instance."
component_candidate:sensing_instrumentation_ambient_sensing_ambient_humidity_sensor,component_candidate,generated_needs_review,generated_model,ambient humidity sensor,ambient humidity sensor is an architecture-derived component candidate with quantity 1 candidate.,model:scratch_universal_architecture.heat_pump,,,,sensing_instrumentation,ambient_humidity_sensor,false,true,"Review whether this is a unique physical item, shared component or separate installation instance."
component_candidate:sensing_instrumentation_ambient_sensing_ambient_temperature_sensor,component_candidate,generated_needs_review,generated_model,ambient temperature sensor,ambient temperature sensor is an architecture-derived component candidate with quantity 1 candidate.,model:scratch_universal_architecture.heat_pump,,,,sensing_instrumentation,ambient_temperature_sensor,false,true,"Review whether this is a unique physical item, shared component or separate installation instance."
component_candidate:sensing_instrumentation_ambient_sensing_rain_ingress_sensor,component_candidate,generated_needs_review,generated_model,rain ingress sensor,rain ingress sensor is an architecture-derived component candidate with quantity 1 candidate.,model:scratch_universal_architecture.heat_pump,,,,sensing_instrumentation,rain_ingress_sensor,false,true,"Review whether this is a unique physical item, shared component or separate installation instance."
component_candidate:sensing_instrumentation_refrigerant_sensing_discharge_temperature_probe,component_candidate,generated_needs_review,generated_model,discharge temperature probe,discharge temperature probe is an architecture-derived component candidate with quantity 1 candidate.,model:scratch_universal_architecture.heat_pump,,,,sensing_instrumentation,discharge_temperature_probe,false,true,"Review whether this is a unique physical item, shared component or separate installation instance."
component_candidate:sensing_instrumentation_refrigerant_sensing_refrigerant_leak_sensor,component_candidate,generated_needs_review,generated_model,refrigerant leak sensor,refrigerant leak sensor is an architecture-derived component candidate with quantity 1 candidate.,model:scratch_universal_architecture.heat_pump,,,,sensing_instrumentation,refrigerant_leak_sensor,false,true,"Review whether this is a unique physical item, shared component or separate installation instance."
component_candidate:sensing_instrumentation_refrigerant_sensing_suction_temperature_probe,component_candidate,generated_needs_review,generated_model,suction temperature probe,suction temperature probe is an architecture-derived component candidate with quantity 1 candidate.,model:scratch_universal_architecture.heat_pump,,,,sensing_instrumentation,suction_temperature_probe,false,true,"Review whether this is a unique physical item, shared component or separate installation instance."
component_candidate:sensing_instrumentation_water_sensing_flow_meter_cartridge,component_candidate,generated_needs_review,generated_model,flow meter cartridge,flow meter cartridge is an architecture-derived component candidate with quantity 1 candidate.,model:scratch_universal_architecture.heat_pump,,,,sensing_instrumentation,flow_meter_cartridge,false,true,"Review whether this is a unique physical item, shared component or separate installation instance."
component_candidate:sensing_instrumentation_water_sensing_flow_temperature_sensor,component_candidate,generated_needs_review,generated_model,flow temperature sensor,flow temperature sensor is an architecture-derived component candidate with quantity 1 candidate.,model:scratch_universal_architecture.heat_pump,,,,sensing_instrumentation,flow_temperature_sensor,false,true,"Review whether this is a unique physical item, shared component or separate installation instance."
component_candidate:sensing_instrumentation_water_sensing_return_temperature_sensor,component_candidate,generated_needs_review,generated_model,return temperature sensor,return temperature sensor is an architecture-derived component candidate with quantity 1 candidate.,model:scratch_universal_architecture.heat_pump,,,,sensing_instrumentation,return_temperature_sensor,false,true,"Review whether this is a unique physical item, shared component or separate installation instance."
component_candidate:sensing_instrumentation_water_sensing_water_pressure_transducer,component_candidate,generated_needs_review,generated_model,water pressure transducer,water pressure transducer is an architecture-derived component candidate with quantity 1 candidate.,model:scratch_universal_architecture.heat_pump,,,,sensing_instrumentation,water_pressure_transducer,false,true,"Review whether this is a unique physical item, shared component or separate installation instance."
component_candidate:structure_containment_mounting_base_anti_vibration_foot_set,component_candidate,generated_needs_review,generated_model,anti-vibration foot set,anti-vibration foot set is an architecture-derived component candidate with quantity 1 candidate.,model:scratch_universal_architecture.heat_pump,,,,structure_containment,anti_vibration_foot_set,false,true,"Review whether this is a unique physical item, shared component or separate installation instance."
component_candidate:structure_containment_mounting_base_base_rail_pair,component_candidate,generated_needs_review,generated_model,base rail pair,base rail pair is an architecture-derived component candidate with quantity 1 candidate.,model:scratch_universal_architecture.heat_pump,,,,structure_containment,base_rail_pair,false,true,"Review whether this is a unique physical item, shared component or separate installation instance."
component_candidate:structure_containment_mounting_base_condensate_fall_spacer,component_candidate,generated_needs_review,generated_model,condensate fall spacer,condensate fall spacer is an architecture-derived component candidate with quantity 1 candidate.,model:scratch_universal_architecture.heat_pump,,,,structure_containment,condensate_fall_spacer,false,true,"Review whether this is a unique physical item, shared component or separate installation instance."
component_candidate:structure_containment_mounting_base_lifting_lug_set,component_candidate,generated_needs_review,generated_model,lifting lug set,lifting lug set is an architecture-derived component candidate with quantity 1 candidate.,model:scratch_universal_architecture.heat_pump,,,,structure_containment,lifting_lug_set,false,true,"Review whether this is a unique physical item, shared component or separate installation instance."
component_candidate:structure_containment_service_access_panels_hinged_controller_cover,component_candidate,generated_needs_review,generated_model,hinged controller cover,hinged controller cover is an architecture-derived component candidate with quantity 1 candidate.,model:scratch_universal_architecture.heat_pump,,,,structure_containment,hinged_controller_cover,false,true,"Review whether this is a unique physical item, shared component or separate installation instance."
component_candidate:structure_containment_service_access_panels_quarter_turn_latch_set,component_candidate,generated_needs_review,generated_model,quarter-turn latch set,quarter-turn latch set is an architecture-derived component candidate with quantity 1 candidate.,model:scratch_universal_architecture.heat_pump,,,,structure_containment,quarter_turn_latch_set,false,true,"Review whether this is a unique physical item, shared component or separate installation instance."
component_candidate:structure_containment_service_access_panels_removable_service_panel,component_candidate,generated_needs_review,generated_model,removable service panel,removable service panel is an architecture-derived component candidate with quantity 1 candidate.,model:scratch_universal_architecture.heat_pump,,,,structure_containment,removable_service_panel,false,true,"Review whether this is a unique physical item, shared component or separate installation instance."
component_candidate:structure_containment_service_access_panels_service_clearance_label,component_candidate,generated_needs_review,generated_model,service clearance label,service clearance label is an architecture-derived component candidate with quantity 1 candidate.,model:scratch_universal_architecture.heat_pump,,,,structure_containment,service_clearance_label,false,true,"Review whether this is a unique physical item, shared component or separate installation instance."
component_candidate:structure_containment_weatherproof_cabinet_epdm_door_gasket,component_candidate,generated_needs_review,generated_model,EPDM door gasket,EPDM door gasket is an architecture-derived component candidate with quantity 1 candidate.,model:scratch_universal_architecture.heat_pump,,,,structure_containment,epdm_door_gasket,false,true,"Review whether this is a unique physical item, shared component or separate installation instance."
component_candidate:structure_containment_weatherproof_cabinet_galvanised_steel_cabinet,component_candidate,generated_needs_review,generated_model,galvanised steel cabinet,galvanised steel cabinet is an architecture-derived component candidate with quantity 1 candidate.,model:scratch_universal_architecture.heat_pump,,,,structure_containment,galvanised_steel_cabinet,false,true,"Review whether this is a unique physical item, shared component or separate installation instance."
component_candidate:structure_containment_weatherproof_cabinet_ip_rated_fastener_set,component_candidate,generated_needs_review,generated_model,IP-rated fastener set,IP-rated fastener set is an architecture-derived component candidate with quantity 1 candidate.,model:scratch_universal_architecture.heat_pump,,,,structure_containment,ip_rated_fastener_set,false,true,"Review whether this is a unique physical item, shared component or separate installation instance."
component_candidate:structure_containment_weatherproof_cabinet_powder_coated_access_panel,component_candidate,generated_needs_review,generated_model,powder-coated access panel,powder-coated access panel is an architecture-derived component candidate with quantity 1 candidate.,model:scratch_universal_architecture.heat_pump,,,,structure_containment,powder_coated_access_panel,false,true,"Review whether this is a unique physical item, shared component or separate installation instance."
module_allocation:control_compute_communication,module_allocation,generated_needs_review,generated_model,Control Compute Communication,"Control Compute Communication is a top-level functional module: Coordinates refrigerant, fan, pump, defrost and user-demand states.",,,,cop,control_compute_communication,heat_pump_controller_pcb; controller_enclosure; real_time_clock_module; non_volatile_fault_memory; compressor_contactor; pump_relay_output; fan_pwm_output_board; safety_chain_input_terminal; modbus_service_port; usb_commissioning_adapter; fault_led_stack; installer_qr_code_label,false,true,"Accept, correct or reject the module allocation through engineering review."
module_allocation:energy_conversion_transduction,module_allocation,generated_needs_review,generated_model,Refrigerant Energy Conversion,Refrigerant Energy Conversion is a top-level functional module: Moves roughly 8 kW of useful heat with a target COP near 3.5.,,,,thermal_output_kw; cop,energy_conversion_transduction,inverter_scroll_compressor; compressor_inverter_drive; compressor_mounting_grommet_set; crankcase_heater_band; electronic_expansion_valve; eev_stepper_harness; liquid_line_filter_drier; sight_glass_indicator; copper_refrigerant_tube_set; service_valve_pair; brazed_joint_sleeve_set; refrigerant_charge_label; refrigerant_stub_out_pair; hydronic_stub_out_pair; plate_heat_exchanger_mounting_bracket; condenser_insulation_sleeve,false,true,"Accept, correct or reject the module allocation through engineering review."
module_allocation:environmental_interface,module_allocation,generated_needs_review,generated_model,Outdoor Air Interface,"Outdoor Air Interface is a top-level functional module: Extracts ambient heat while managing airflow, frost and condensate.",,,,thermal_output_kw,environmental_interface,outdoor_finned_evaporator_coil; coil_temperature_sensor; coil_guard_grille; hydrophilic_fin_coating; variable_speed_fan_assembly; ec_fan_motor_controller; fan_shroud; inlet_debris_screen; condensate_drain_tray; trace_heater_cable; defrost_temperature_probe; drain_hose_barb,false,true,"Accept, correct or reject the module allocation through engineering review."
module_allocation:hmi_ergonomics,module_allocation,generated_needs_review,generated_model,User And Installer Interface,"User And Installer Interface is a top-level functional module: Presents operating mode, alarms and service instructions to users and installers.",,,,,hmi_ergonomics,lcd_status_display; menu_button_membrane; weatherproof_display_window; mode_indicator_led_set; thermostat_input_terminal; modbus_room_controller_link; demand_signal_opto_isolator; installer_wiring_label; alarm_relay_output; user_quick_start_label; fault_reset_button; qr_service_documentation_label,false,true,"Accept, correct or reject the module allocation through engineering review."
module_allocation:maintenance_serviceability,module_allocation,generated_needs_review,generated_model,Maintenance And Commissioning,"Maintenance And Commissioning is a top-level functional module: Supports installation, refrigerant service, hydronic flushing and periodic inspection.",,,,,maintenance_serviceability,refrigerant_service_port_cap_set; hydronic_drain_cock; pressure_gauge_pocket; commissioning_checklist_card; cleanable_y_strainer_basket; coil_cleaning_access_cover; service_interval_label; spare_gasket_kit; diagnostic_test_header; fault_code_label; data_log_export_button; installer_handover_record,false,true,"Accept, correct or reject the module allocation through engineering review."
module_allocation:mass_fluid_transport_process,module_allocation,generated_needs_review,generated_model,Hydronic Heat Delivery,Hydronic Heat Delivery is a top-level functional module: Transfers condenser heat into the building water circuit with protected flow.,,,,thermal_output_kw,mass_fluid_transport_process,brazed_plate_heat_exchanger; plate_exchanger_insulation_jacket; water_outlet_temperature_sensor; refrigerant_outlet_temperature_sensor; hydronic_circulation_pump; pump_isolation_valve_pair; flow_proving_switch; strainer_filter; hydronic_safety_valve_kit; expansion_vessel; automatic_air_vent; fill_and_drain_valve_set,false,true,"Accept, correct or reject the module allocation through engineering review."
module_allocation:power_distribution,module_allocation,generated_needs_review,generated_model,Electrical Power Distribution,"Electrical Power Distribution is a top-level functional module: Distributes mains power to compressor, fan, pump, controller and auxiliaries.",,,,,power_distribution,lockable_isolator_switch; mcb_breaker_set; rcd_protection_device; surge_protection_device; 24_v_dc_power_supply; terminal_rail_assembly; fused_auxiliary_terminal; protective_earth_bar; segregated_cable_duct; ip_rated_cable_gland_set; emc_ferrite_clamp_set; wiring_diagram_label,false,true,"Accept, correct or reject the module allocation through engineering review."
module_allocation:safety_protection,module_allocation,generated_needs_review,generated_model,Safety Protection,"Safety Protection is a top-level functional module: Protects against refrigerant, pressure, electrical and freeze hazards.",,,,,safety_protection,high_pressure_cut_out_switch; low_pressure_cut_out_switch; refrigerant_leak_alarm_output; refrigerant_warning_label; anti_freeze_thermostat; backup_immersion_heater_relay; drain_down_instruction_label; glycol_compatibility_tag; earth_continuity_test_point; touch_safe_terminal_cover; over_temperature_cut_out; safety_compliance_label,false,true,"Accept, correct or reject the module allocation through engineering review."
module_allocation:sensing_instrumentation,module_allocation,generated_needs_review,generated_model,Sensing Instrumentation,"Sensing Instrumentation is a top-level functional module: Measures refrigerant, water and ambient state for safety and efficiency.",,,,cop,sensing_instrumentation,refrigerant_sensor_and_pressure_transducers; suction_temperature_probe; discharge_temperature_probe; refrigerant_leak_sensor; flow_temperature_sensor; return_temperature_sensor; flow_meter_cartridge; water_pressure_transducer; ambient_temperature_sensor; ambient_humidity_sensor; air_pressure_switch; rain_ingress_sensor,false,true,"Accept, correct or reject the module allocation through engineering review."
module_allocation:structure_containment,module_allocation,generated_needs_review,generated_model,Monobloc Structure And Containment,"Monobloc Structure And Containment is a top-level functional module: Contains the refrigeration system, controls airflow and supports outdoor mounting.",,,,,structure_containment,galvanised_steel_cabinet; powder_coated_access_panel; epdm_door_gasket; ip_rated_fastener_set; anti_vibration_foot_set; base_rail_pair; condensate_fall_spacer; lifting_lug_set; removable_service_panel; hinged_controller_cover; quarter_turn_latch_set; service_clearance_label,false,true,"Accept, correct or reject the module allocation through engineering review."
regulatory_standard:EN-14511,regulatory_standard,generated_needs_review,class_pack,EN-14511,EN-14511: Heat pump performance test conditions is relevant in UK/EU.,class_pack:heat_pump.class_pack,,,,,,false,true,"Capacity, COP and operating-point test evidence."
regulatory_standard:EN-378,regulatory_standard,generated_needs_review,class_pack,EN-378,EN-378: Refrigerating systems and heat pumps safety is relevant in UK/EU.,class_pack:heat_pump.class_pack,,,,,,false,true,"Refrigerant charge, pressure protection and safety assessment."
regulatory_standard:EN-60335-2-40,regulatory_standard,generated_needs_review,class_pack,EN-60335-2-40,EN-60335-2-40: Electrical safety for heat pumps and air conditioners is relevant in UK/EU.,class_pack:heat_pump.class_pack,,,,,,false,true,"Electrical safety, leakage, temperature and abnormal-operation evidence."
risk_hazard:1,risk_hazard,generated_needs_review,class_pack,Refrigerant leak or flammability hazard,"Refrigerant leak or flammability hazard has provisional RPN 108 with mitigation: Charge limit review, leak detection, ventilation path and ignition-source control.",,,,,,,false,true,"Review severity, occurrence, detection and mitigation with a domain reviewer before publication."
risk_hazard:2,risk_hazard,generated_needs_review,class_pack,Frozen outdoor coil reduces capacity,"Frozen outdoor coil reduces capacity has provisional RPN 120 with mitigation: Defrost control, coil temperature sensing and condensate drainage.",,,,,,,false,true,"Review severity, occurrence, detection and mitigation with a domain reviewer before publication."
risk_hazard:3,risk_hazard,generated_needs_review,class_pack,Hydronic overpressure or low flow,"Hydronic overpressure or low flow has provisional RPN 84 with mitigation: Flow proving, safety valve, expansion volume and pump feedback.",,,,,,,false,true,"Review severity, occurrence, detection and mitigation with a domain reviewer before publication."
submodule_allocation:control_compute_communication:main_controller,submodule_allocation,generated_needs_review,generated_model,Control Compute Communication / Main controller,"Main controller is allocated under Control Compute Communication: Runs heating, hot-water, anti-freeze and defrost state machines.",,,,cop,control_compute_communication,heat_pump_controller_pcb; controller_enclosure; real_time_clock_module; non_volatile_fault_memory,false,true,Review component candidates and interface carriers for this submodule.
submodule_allocation:control_compute_communication:power_driver_io,submodule_allocation,generated_needs_review,generated_model,Control Compute Communication / Power driver IO,Power driver IO is allocated under Control Compute Communication: Switches controlled loads and reads discrete safety inputs.,,,,cop,control_compute_communication,compressor_contactor; pump_relay_output; fan_pwm_output_board; safety_chain_input_terminal,false,true,Review component candidates and interface carriers for this submodule.
submodule_allocation:control_compute_communication:service_communications,submodule_allocation,generated_needs_review,generated_model,Control Compute Communication / Service communications,Service communications is allocated under Control Compute Communication: Exposes commissioning and diagnostics to installers.,,,,cop,control_compute_communication,modbus_service_port; usb_commissioning_adapter; fault_led_stack; installer_qr_code_label,false,true,Review component candidates and interface carriers for this submodule.
submodule_allocation:energy_conversion_transduction:compressor_inverter_stage,submodule_allocation,generated_needs_review,generated_model,Refrigerant Energy Conversion / Compressor inverter stage,Compressor inverter stage is allocated under Refrigerant Energy Conversion: Raises refrigerant pressure while modulating thermal output.,,,,thermal_output_kw; cop,energy_conversion_transduction,inverter_scroll_compressor; compressor_inverter_drive; compressor_mounting_grommet_set; crankcase_heater_band,false,true,Review component candidates and interface carriers for this submodule.
submodule_allocation:energy_conversion_transduction:condenser_coupling_boundary,submodule_allocation,generated_needs_review,generated_model,Refrigerant Energy Conversion / Condenser coupling boundary,Condenser coupling boundary is allocated under Refrigerant Energy Conversion: Defines the refrigerant-to-water handoff into the hydronic heat-delivery module.,,,,thermal_output_kw; cop,energy_conversion_transduction,refrigerant_stub_out_pair; hydronic_stub_out_pair; plate_heat_exchanger_mounting_bracket; condenser_insulation_sleeve,false,true,Review component candidates and interface carriers for this submodule.
submodule_allocation:energy_conversion_transduction:expansion_metering_stage,submodule_allocation,generated_needs_review,generated_model,Refrigerant Energy Conversion / Expansion metering stage,Expansion metering stage is allocated under Refrigerant Energy Conversion: Meters refrigerant into the outdoor coil across operating conditions.,,,,thermal_output_kw; cop,energy_conversion_transduction,electronic_expansion_valve; eev_stepper_harness; liquid_line_filter_drier; sight_glass_indicator,false,true,Review component candidates and interface carriers for this submodule.
submodule_allocation:energy_conversion_transduction:refrigerant_manifold,submodule_allocation,generated_needs_review,generated_model,Refrigerant Energy Conversion / Refrigerant manifold,"Refrigerant manifold is allocated under Refrigerant Energy Conversion: Routes refrigerant between compressor, evaporator, condenser and service points.",,,,thermal_output_kw; cop,energy_conversion_transduction,copper_refrigerant_tube_set; service_valve_pair; brazed_joint_sleeve_set; refrigerant_charge_label,false,true,Review component candidates and interface carriers for this submodule.
submodule_allocation:environmental_interface:defrost_condensate,submodule_allocation,generated_needs_review,generated_model,Outdoor Air Interface / Defrost and condensate path,Defrost and condensate path is allocated under Outdoor Air Interface: Controls frost meltwater and drainage away from the outdoor unit.,,,,thermal_output_kw,environmental_interface,condensate_drain_tray; trace_heater_cable; defrost_temperature_probe; drain_hose_barb,false,true,Review component candidates and interface carriers for this submodule.
submodule_allocation:environmental_interface:fan_air_path,submodule_allocation,generated_needs_review,generated_model,Outdoor Air Interface / Fan air path,Fan air path is allocated under Outdoor Air Interface: Drives controlled airflow through the coil face.,,,,thermal_output_kw,environmental_interface,variable_speed_fan_assembly; ec_fan_motor_controller; fan_shroud; inlet_debris_screen,false,true,Review component candidates and interface carriers for this submodule.
submodule_allocation:environmental_interface:outdoor_evaporator,submodule_allocation,generated_needs_review,generated_model,Outdoor Air Interface / Outdoor evaporator,Outdoor evaporator is allocated under Outdoor Air Interface: Transfers ambient heat into the refrigerant loop.,,,,thermal_output_kw,environmental_interface,outdoor_finned_evaporator_coil; coil_temperature_sensor; coil_guard_grille; hydrophilic_fin_coating,false,true,Review component candidates and interface carriers for this submodule.
submodule_allocation:hmi_ergonomics:alarm_and_user_guidance,submodule_allocation,generated_needs_review,generated_model,User And Installer Interface / Alarm and user guidance,Alarm and user guidance is allocated under User And Installer Interface: Communicates faults and safe user actions.,,,,,hmi_ergonomics,alarm_relay_output; user_quick_start_label; fault_reset_button; qr_service_documentation_label,false,true,Review component candidates and interface carriers for this submodule.
submodule_allocation:hmi_ergonomics:local_display,submodule_allocation,generated_needs_review,generated_model,User And Installer Interface / Local display,Local display is allocated under User And Installer Interface: Shows heat-pump status and permits basic configuration.,,,,,hmi_ergonomics,lcd_status_display; menu_button_membrane; weatherproof_display_window; mode_indicator_led_set,false,true,Review component candidates and interface carriers for this submodule.
submodule_allocation:hmi_ergonomics:remote_thermostat_interface,submodule_allocation,generated_needs_review,generated_model,User And Installer Interface / Remote thermostat interface,Remote thermostat interface is allocated under User And Installer Interface: Connects building demand to heat pump control.,,,,,hmi_ergonomics,thermostat_input_terminal; modbus_room_controller_link; demand_signal_opto_isolator; installer_wiring_label,false,true,Review component candidates and interface carriers for this submodule.
submodule_allocation:maintenance_serviceability:commissioning_ports,submodule_allocation,generated_needs_review,generated_model,Maintenance And Commissioning / Commissioning ports,Commissioning ports is allocated under Maintenance And Commissioning: Provides controlled access to refrigerant and water commissioning points.,,,,,maintenance_serviceability,refrigerant_service_port_cap_set; hydronic_drain_cock; pressure_gauge_pocket; commissioning_checklist_card,false,true,Review component candidates and interface carriers for this submodule.
submodule_allocation:maintenance_serviceability:diagnostic_access,submodule_allocation,generated_needs_review,generated_model,Maintenance And Commissioning / Diagnostic access,Diagnostic access is allocated under Maintenance And Commissioning: Lets technicians verify states without dismantling assemblies.,,,,,maintenance_serviceability,diagnostic_test_header; fault_code_label; data_log_export_button; installer_handover_record,false,true,Review component candidates and interface carriers for this submodule.
submodule_allocation:maintenance_serviceability:filter_service,submodule_allocation,generated_needs_review,generated_model,Maintenance And Commissioning / Filter service,Filter service is allocated under Maintenance And Commissioning: Keeps hydronic and air paths maintainable.,,,,,maintenance_serviceability,cleanable_y_strainer_basket; coil_cleaning_access_cover; service_interval_label; spare_gasket_kit,false,true,Review component candidates and interface carriers for this submodule.
submodule_allocation:mass_fluid_transport_process:circulation_pump_group,submodule_allocation,generated_needs_review,generated_model,Hydronic Heat Delivery / Circulation pump group,Circulation pump group is allocated under Hydronic Heat Delivery: Maintains water flow through the condenser and heating circuit.,,,,thermal_output_kw,mass_fluid_transport_process,hydronic_circulation_pump; pump_isolation_valve_pair; flow_proving_switch; strainer_filter,false,true,Review component candidates and interface carriers for this submodule.
submodule_allocation:mass_fluid_transport_process:condenser_heat_exchanger,submodule_allocation,generated_needs_review,generated_model,Hydronic Heat Delivery / Condenser heat exchanger,Condenser heat exchanger is allocated under Hydronic Heat Delivery: Transfers refrigerant heat to the water loop.,,,,thermal_output_kw,mass_fluid_transport_process,brazed_plate_heat_exchanger; plate_exchanger_insulation_jacket; water_outlet_temperature_sensor; refrigerant_outlet_temperature_sensor,false,true,Review component candidates and interface carriers for this submodule.
submodule_allocation:mass_fluid_transport_process:hydronic_safety_group,submodule_allocation,generated_needs_review,generated_model,Hydronic Heat Delivery / Hydronic safety group,Hydronic safety group is allocated under Hydronic Heat Delivery: Limits water pressure and allows commissioning service.,,,,thermal_output_kw,mass_fluid_transport_process,hydronic_safety_valve_kit; expansion_vessel; automatic_air_vent; fill_and_drain_valve_set,false,true,Review component candidates and interface carriers for this submodule.
submodule_allocation:power_distribution:cable_management,submodule_allocation,generated_needs_review,generated_model,Electrical Power Distribution / Cable management,"Cable management is allocated under Electrical Power Distribution: Separates mains, sensor and refrigerant-adjacent wiring.",,,,,power_distribution,segregated_cable_duct; ip_rated_cable_gland_set; emc_ferrite_clamp_set; wiring_diagram_label,false,true,Review component candidates and interface carriers for this submodule.
submodule_allocation:power_distribution:internal_power_rails,submodule_allocation,generated_needs_review,generated_model,Electrical Power Distribution / Internal power rails,Internal power rails is allocated under Electrical Power Distribution: Creates protected rails for control and auxiliary loads.,,,,,power_distribution,24_v_dc_power_supply; terminal_rail_assembly; fused_auxiliary_terminal; protective_earth_bar,false,true,Review component candidates and interface carriers for this submodule.
submodule_allocation:power_distribution:mains_input_protection,submodule_allocation,generated_needs_review,generated_model,Electrical Power Distribution / Mains input protection,Mains input protection is allocated under Electrical Power Distribution: Provides isolation and over-current protection at the unit boundary.,,,,,power_distribution,lockable_isolator_switch; mcb_breaker_set; rcd_protection_device; surge_protection_device,false,true,Review component candidates and interface carriers for this submodule.
submodule_allocation:safety_protection:electrical_safety,submodule_allocation,generated_needs_review,generated_model,Safety Protection / Electrical safety,Electrical safety is allocated under Safety Protection: Maintains protection and earthing integrity.,,,,,safety_protection,earth_continuity_test_point; touch_safe_terminal_cover; over_temperature_cut_out; safety_compliance_label,false,true,Review component candidates and interface carriers for this submodule.
submodule_allocation:safety_protection:hydronic_freeze_protection,submodule_allocation,generated_needs_review,generated_model,Safety Protection / Hydronic freeze protection,Hydronic freeze protection is allocated under Safety Protection: Prevents water-loop freeze damage in low ambient conditions.,,,,,safety_protection,anti_freeze_thermostat; backup_immersion_heater_relay; drain_down_instruction_label; glycol_compatibility_tag,false,true,Review component candidates and interface carriers for this submodule.
submodule_allocation:safety_protection:refrigerant_safety,submodule_allocation,generated_needs_review,generated_model,Safety Protection / Refrigerant safety,Refrigerant safety is allocated under Safety Protection: Detects abnormal refrigerant conditions and defines response paths.,,,,,safety_protection,high_pressure_cut_out_switch; low_pressure_cut_out_switch; refrigerant_leak_alarm_output; refrigerant_warning_label,false,true,Review component candidates and interface carriers for this submodule.
submodule_allocation:sensing_instrumentation:ambient_sensing,submodule_allocation,generated_needs_review,generated_model,Sensing Instrumentation / Ambient sensing,Ambient sensing is allocated under Sensing Instrumentation: Measures external conditions that affect capacity and defrost.,,,,cop,sensing_instrumentation,ambient_temperature_sensor; ambient_humidity_sensor; air_pressure_switch; rain_ingress_sensor,false,true,Review component candidates and interface carriers for this submodule.
submodule_allocation:sensing_instrumentation:refrigerant_sensing,submodule_allocation,generated_needs_review,generated_model,Sensing Instrumentation / Refrigerant sensing,Refrigerant sensing is allocated under Sensing Instrumentation: Measures pressure and temperature around the refrigerant circuit.,,,,cop,sensing_instrumentation,refrigerant_sensor_and_pressure_transducers; suction_temperature_probe; discharge_temperature_probe; refrigerant_leak_sensor,false,true,Review component candidates and interface carriers for this submodule.
submodule_allocation:sensing_instrumentation:water_sensing,submodule_allocation,generated_needs_review,generated_model,Sensing Instrumentation / Water sensing,Water sensing is allocated under Sensing Instrumentation: Measures water-loop temperatures and flow evidence.,,,,cop,sensing_instrumentation,flow_temperature_sensor; return_temperature_sensor; flow_meter_cartridge; water_pressure_transducer,false,true,Review component candidates and interface carriers for this submodule.
submodule_allocation:structure_containment:mounting_base,submodule_allocation,generated_needs_review,generated_model,Monobloc Structure And Containment / Mounting base,Mounting base is allocated under Monobloc Structure And Containment: Carries compressor mass and isolates installation vibration.,,,,,structure_containment,anti_vibration_foot_set; base_rail_pair; condensate_fall_spacer; lifting_lug_set,false,true,Review component candidates and interface carriers for this submodule.
submodule_allocation:structure_containment:service_access_panels,submodule_allocation,generated_needs_review,generated_model,Monobloc Structure And Containment / Service access panels,Service access panels is allocated under Monobloc Structure And Containment: Creates access for commissioning and repair without dismantling the unit.,,,,,structure_containment,removable_service_panel; hinged_controller_cover; quarter_turn_latch_set; service_clearance_label,false,true,Review component candidates and interface carriers for this submodule.
submodule_allocation:structure_containment:weatherproof_cabinet,submodule_allocation,generated_needs_review,generated_model,Monobloc Structure And Containment / Weatherproof cabinet,"Weatherproof cabinet is allocated under Monobloc Structure And Containment: Protects refrigerant, electrical and hydronic assemblies outdoors.",,,,,structure_containment,galvanised_steel_cabinet; powder_coated_access_panel; epdm_door_gasket; ip_rated_fastener_set,false,true,Review component candidates and interface carriers for this submodule.
engineering_calculation:heat_pump_cop_envelope,engineering_calculation,calculated_needs_review,calculation,Heat pump COP envelope,Heat pump COP envelope: 3.5 COP using cop.,,,,cop,energy_conversion_transduction; control_compute_communication; sensing_instrumentation,inverter_scroll_compressor; heat_pump_controller_pcb; refrigerant_sensor_and_pressure_transducers,false,false,"Confirm EN 14511 or local rating point, flow temperature, refrigerant and ambient condition."
engineering_calculation:heat_pump_electrical_input_kw,engineering_calculation,calculated_needs_review,calculation,Heat pump electrical input,Heat pump electrical input: 2.29 kW using thermal_output_kw / cop.,,,,thermal_output_kw; cop,energy_conversion_transduction; environmental_interface; mass_fluid_transport_process; control_compute_communication; sensing_instrumentation,inverter_scroll_compressor; outdoor_finned_evaporator_coil; brazed_plate_heat_exchanger; heat_pump_controller_pcb; refrigerant_sensor_and_pressure_transducers,false,false,"Confirm COP rating condition, compressor input power, pump/fan auxiliaries and defrost allowance."
headline_metric:headline_output,headline_metric,calculated_needs_review,calculation,Annual useful heat output,Annual useful heat output = 16000 kWh/year.,class_pack:heat_pump.class_pack; formula:thermal_output_kw * annual_full_load_hours,,,thermal_output_kw; cop,,,false,true,"Review the formula, input values and operating envelope before treating this metric as accepted."
brief_requirement:cop,brief_requirement,brief_supplied,brief,Coefficient of performance,Coefficient of performance = 3.5 COP.,brief:input.brief,,,cop,energy_conversion_transduction; control_compute_communication; sensing_instrumentation,inverter_scroll_compressor; heat_pump_controller_pcb; refrigerant_sensor_and_pressure_transducers,false,false,"Confirm requirement value, tolerance and acceptance condition with the project owner."
brief_requirement:thermal_output_kw,brief_requirement,brief_supplied,brief,Thermal output,Thermal output = 8 kW.,brief:input.brief,,,thermal_output_kw,energy_conversion_transduction; environmental_interface; mass_fluid_transport_process,inverter_scroll_compressor; outdoor_finned_evaporator_coil; brazed_plate_heat_exchanger,false,false,"Confirm requirement value, tolerance and acceptance condition with the project owner."
