lineId,componentWordId,description,critical,field,value,status,sourceRef,sourceQuote,retrievedAt,nextAction
skin_patient_interface_adhesive_patch_stack_adhesive_skin_patch,adhesive_skin_patch,Adhesive skin patch,true,supplier,,missing_source,,,,Admit source-backed supplier/manufacturer/MPN/unit-cost evidence before BoM can pass.
skin_patient_interface_adhesive_patch_stack_adhesive_skin_patch,adhesive_skin_patch,Adhesive skin patch,true,manufacturer,,missing_source,,,,Admit source-backed supplier/manufacturer/MPN/unit-cost evidence before BoM can pass.
skin_patient_interface_adhesive_patch_stack_adhesive_skin_patch,adhesive_skin_patch,Adhesive skin patch,true,mpn,,missing_source,,,,Admit source-backed supplier/manufacturer/MPN/unit-cost evidence before BoM can pass.
skin_patient_interface_adhesive_patch_stack_adhesive_skin_patch,adhesive_skin_patch,Adhesive skin patch,true,unit_cost_gbp,,missing_source,,,,Admit source-backed supplier/manufacturer/MPN/unit-cost evidence before BoM can pass.
skin_patient_interface_adhesive_patch_stack_adhesive_skin_patch,adhesive_skin_patch,Adhesive skin patch,true,lead_time_weeks,,not_claimed,,,,No claim is made for this field yet.
skin_patient_interface_adhesive_patch_stack_hydrocolloid_edge_seal,hydrocolloid_edge_seal,hydrocolloid edge seal,false,supplier,,not_claimed,,,,No claim is made for this field yet.
skin_patient_interface_adhesive_patch_stack_hydrocolloid_edge_seal,hydrocolloid_edge_seal,hydrocolloid edge seal,false,manufacturer,,not_claimed,,,,No claim is made for this field yet.
skin_patient_interface_adhesive_patch_stack_hydrocolloid_edge_seal,hydrocolloid_edge_seal,hydrocolloid edge seal,false,mpn,,not_claimed,,,,No claim is made for this field yet.
skin_patient_interface_adhesive_patch_stack_hydrocolloid_edge_seal,hydrocolloid_edge_seal,hydrocolloid edge seal,false,unit_cost_gbp,,not_claimed,,,,No claim is made for this field yet.
skin_patient_interface_adhesive_patch_stack_hydrocolloid_edge_seal,hydrocolloid_edge_seal,hydrocolloid edge seal,false,lead_time_weeks,,not_claimed,,,,No claim is made for this field yet.
skin_patient_interface_adhesive_patch_stack_breathable_backing_film,breathable_backing_film,breathable backing film,false,supplier,,not_claimed,,,,No claim is made for this field yet.
skin_patient_interface_adhesive_patch_stack_breathable_backing_film,breathable_backing_film,breathable backing film,false,manufacturer,,not_claimed,,,,No claim is made for this field yet.
skin_patient_interface_adhesive_patch_stack_breathable_backing_film,breathable_backing_film,breathable backing film,false,mpn,,not_claimed,,,,No claim is made for this field yet.
skin_patient_interface_adhesive_patch_stack_breathable_backing_film,breathable_backing_film,breathable backing film,false,unit_cost_gbp,,not_claimed,,,,No claim is made for this field yet.
skin_patient_interface_adhesive_patch_stack_breathable_backing_film,breathable_backing_film,breathable backing film,false,lead_time_weeks,,not_claimed,,,,No claim is made for this field yet.
skin_patient_interface_adhesive_patch_stack_pull_tab_liner,pull_tab_liner,pull tab liner,false,supplier,,not_claimed,,,,No claim is made for this field yet.
skin_patient_interface_adhesive_patch_stack_pull_tab_liner,pull_tab_liner,pull tab liner,false,manufacturer,,not_claimed,,,,No claim is made for this field yet.
skin_patient_interface_adhesive_patch_stack_pull_tab_liner,pull_tab_liner,pull tab liner,false,mpn,,not_claimed,,,,No claim is made for this field yet.
skin_patient_interface_adhesive_patch_stack_pull_tab_liner,pull_tab_liner,pull tab liner,false,unit_cost_gbp,,not_claimed,,,,No claim is made for this field yet.
skin_patient_interface_adhesive_patch_stack_pull_tab_liner,pull_tab_liner,pull tab liner,false,lead_time_weeks,,not_claimed,,,,No claim is made for this field yet.
skin_patient_interface_cannula_skin_contact_skin_contact_gasket,skin_contact_gasket,skin contact gasket,false,supplier,,not_claimed,,,,No claim is made for this field yet.
skin_patient_interface_cannula_skin_contact_skin_contact_gasket,skin_contact_gasket,skin contact gasket,false,manufacturer,,not_claimed,,,,No claim is made for this field yet.
skin_patient_interface_cannula_skin_contact_skin_contact_gasket,skin_contact_gasket,skin contact gasket,false,mpn,,not_claimed,,,,No claim is made for this field yet.
skin_patient_interface_cannula_skin_contact_skin_contact_gasket,skin_contact_gasket,skin contact gasket,false,unit_cost_gbp,,not_claimed,,,,No claim is made for this field yet.
skin_patient_interface_cannula_skin_contact_skin_contact_gasket,skin_contact_gasket,skin contact gasket,false,lead_time_weeks,,not_claimed,,,,No claim is made for this field yet.
skin_patient_interface_cannula_skin_contact_filament_entry_seal,filament_entry_seal,filament entry seal,false,supplier,,not_claimed,,,,No claim is made for this field yet.
skin_patient_interface_cannula_skin_contact_filament_entry_seal,filament_entry_seal,filament entry seal,false,manufacturer,,not_claimed,,,,No claim is made for this field yet.
skin_patient_interface_cannula_skin_contact_filament_entry_seal,filament_entry_seal,filament entry seal,false,mpn,,not_claimed,,,,No claim is made for this field yet.
skin_patient_interface_cannula_skin_contact_filament_entry_seal,filament_entry_seal,filament entry seal,false,unit_cost_gbp,,not_claimed,,,,No claim is made for this field yet.
skin_patient_interface_cannula_skin_contact_filament_entry_seal,filament_entry_seal,filament entry seal,false,lead_time_weeks,,not_claimed,,,,No claim is made for this field yet.
skin_patient_interface_cannula_skin_contact_antimicrobial_contact_pad,antimicrobial_contact_pad,antimicrobial contact pad,false,supplier,,not_claimed,,,,No claim is made for this field yet.
skin_patient_interface_cannula_skin_contact_antimicrobial_contact_pad,antimicrobial_contact_pad,antimicrobial contact pad,false,manufacturer,,not_claimed,,,,No claim is made for this field yet.
skin_patient_interface_cannula_skin_contact_antimicrobial_contact_pad,antimicrobial_contact_pad,antimicrobial contact pad,false,mpn,,not_claimed,,,,No claim is made for this field yet.
skin_patient_interface_cannula_skin_contact_antimicrobial_contact_pad,antimicrobial_contact_pad,antimicrobial contact pad,false,unit_cost_gbp,,not_claimed,,,,No claim is made for this field yet.
skin_patient_interface_cannula_skin_contact_antimicrobial_contact_pad,antimicrobial_contact_pad,antimicrobial contact pad,false,lead_time_weeks,,not_claimed,,,,No claim is made for this field yet.
skin_patient_interface_cannula_skin_contact_insertion_site_spacing_ring,insertion_site_spacing_ring,insertion site spacing ring,false,supplier,,not_claimed,,,,No claim is made for this field yet.
skin_patient_interface_cannula_skin_contact_insertion_site_spacing_ring,insertion_site_spacing_ring,insertion site spacing ring,false,manufacturer,,not_claimed,,,,No claim is made for this field yet.
skin_patient_interface_cannula_skin_contact_insertion_site_spacing_ring,insertion_site_spacing_ring,insertion site spacing ring,false,mpn,,not_claimed,,,,No claim is made for this field yet.
skin_patient_interface_cannula_skin_contact_insertion_site_spacing_ring,insertion_site_spacing_ring,insertion site spacing ring,false,unit_cost_gbp,,not_claimed,,,,No claim is made for this field yet.
skin_patient_interface_cannula_skin_contact_insertion_site_spacing_ring,insertion_site_spacing_ring,insertion site spacing ring,false,lead_time_weeks,,not_claimed,,,,No claim is made for this field yet.
skin_patient_interface_wear_comfort_retention_flex_relief_bridge,flex_relief_bridge,flex relief bridge,false,supplier,,not_claimed,,,,No claim is made for this field yet.
skin_patient_interface_wear_comfort_retention_flex_relief_bridge,flex_relief_bridge,flex relief bridge,false,manufacturer,,not_claimed,,,,No claim is made for this field yet.
skin_patient_interface_wear_comfort_retention_flex_relief_bridge,flex_relief_bridge,flex relief bridge,false,mpn,,not_claimed,,,,No claim is made for this field yet.
skin_patient_interface_wear_comfort_retention_flex_relief_bridge,flex_relief_bridge,flex relief bridge,false,unit_cost_gbp,,not_claimed,,,,No claim is made for this field yet.
skin_patient_interface_wear_comfort_retention_flex_relief_bridge,flex_relief_bridge,flex relief bridge,false,lead_time_weeks,,not_claimed,,,,No claim is made for this field yet.
skin_patient_interface_wear_comfort_retention_sweat_channel_texture,sweat_channel_texture,sweat channel texture,false,supplier,,not_claimed,,,,No claim is made for this field yet.
skin_patient_interface_wear_comfort_retention_sweat_channel_texture,sweat_channel_texture,sweat channel texture,false,manufacturer,,not_claimed,,,,No claim is made for this field yet.
skin_patient_interface_wear_comfort_retention_sweat_channel_texture,sweat_channel_texture,sweat channel texture,false,mpn,,not_claimed,,,,No claim is made for this field yet.
skin_patient_interface_wear_comfort_retention_sweat_channel_texture,sweat_channel_texture,sweat channel texture,false,unit_cost_gbp,,not_claimed,,,,No claim is made for this field yet.
skin_patient_interface_wear_comfort_retention_sweat_channel_texture,sweat_channel_texture,sweat channel texture,false,lead_time_weeks,,not_claimed,,,,No claim is made for this field yet.
skin_patient_interface_wear_comfort_retention_patch_stretch_zone,patch_stretch_zone,patch stretch zone,false,supplier,,not_claimed,,,,No claim is made for this field yet.
skin_patient_interface_wear_comfort_retention_patch_stretch_zone,patch_stretch_zone,patch stretch zone,false,manufacturer,,not_claimed,,,,No claim is made for this field yet.
skin_patient_interface_wear_comfort_retention_patch_stretch_zone,patch_stretch_zone,patch stretch zone,false,mpn,,not_claimed,,,,No claim is made for this field yet.
skin_patient_interface_wear_comfort_retention_patch_stretch_zone,patch_stretch_zone,patch stretch zone,false,unit_cost_gbp,,not_claimed,,,,No claim is made for this field yet.
skin_patient_interface_wear_comfort_retention_patch_stretch_zone,patch_stretch_zone,patch stretch zone,false,lead_time_weeks,,not_claimed,,,,No claim is made for this field yet.
skin_patient_interface_wear_comfort_retention_removal_aid_tab,removal_aid_tab,removal aid tab,false,supplier,,not_claimed,,,,No claim is made for this field yet.
skin_patient_interface_wear_comfort_retention_removal_aid_tab,removal_aid_tab,removal aid tab,false,manufacturer,,not_claimed,,,,No claim is made for this field yet.
skin_patient_interface_wear_comfort_retention_removal_aid_tab,removal_aid_tab,removal aid tab,false,mpn,,not_claimed,,,,No claim is made for this field yet.
skin_patient_interface_wear_comfort_retention_removal_aid_tab,removal_aid_tab,removal aid tab,false,unit_cost_gbp,,not_claimed,,,,No claim is made for this field yet.
skin_patient_interface_wear_comfort_retention_removal_aid_tab,removal_aid_tab,removal aid tab,false,lead_time_weeks,,not_claimed,,,,No claim is made for this field yet.
sensing_instrumentation_glucose_filament_stack_glucose_sensing_filament,glucose_sensing_filament,Glucose sensing filament,true,supplier,,missing_source,,,,Admit source-backed supplier/manufacturer/MPN/unit-cost evidence before BoM can pass.
sensing_instrumentation_glucose_filament_stack_glucose_sensing_filament,glucose_sensing_filament,Glucose sensing filament,true,manufacturer,,missing_source,,,,Admit source-backed supplier/manufacturer/MPN/unit-cost evidence before BoM can pass.
sensing_instrumentation_glucose_filament_stack_glucose_sensing_filament,glucose_sensing_filament,Glucose sensing filament,true,mpn,,missing_source,,,,Admit source-backed supplier/manufacturer/MPN/unit-cost evidence before BoM can pass.
sensing_instrumentation_glucose_filament_stack_glucose_sensing_filament,glucose_sensing_filament,Glucose sensing filament,true,unit_cost_gbp,,missing_source,,,,Admit source-backed supplier/manufacturer/MPN/unit-cost evidence before BoM can pass.
sensing_instrumentation_glucose_filament_stack_glucose_sensing_filament,glucose_sensing_filament,Glucose sensing filament,true,lead_time_weeks,,not_claimed,,,,No claim is made for this field yet.
sensing_instrumentation_glucose_filament_stack_enzyme_reagent_membrane,enzyme_reagent_membrane,Enzyme reagent membrane,true,supplier,,missing_source,,,,Admit source-backed supplier/manufacturer/MPN/unit-cost evidence before BoM can pass.
sensing_instrumentation_glucose_filament_stack_enzyme_reagent_membrane,enzyme_reagent_membrane,Enzyme reagent membrane,true,manufacturer,,missing_source,,,,Admit source-backed supplier/manufacturer/MPN/unit-cost evidence before BoM can pass.
sensing_instrumentation_glucose_filament_stack_enzyme_reagent_membrane,enzyme_reagent_membrane,Enzyme reagent membrane,true,mpn,,missing_source,,,,Admit source-backed supplier/manufacturer/MPN/unit-cost evidence before BoM can pass.
sensing_instrumentation_glucose_filament_stack_enzyme_reagent_membrane,enzyme_reagent_membrane,Enzyme reagent membrane,true,unit_cost_gbp,,missing_source,,,,Admit source-backed supplier/manufacturer/MPN/unit-cost evidence before BoM can pass.
sensing_instrumentation_glucose_filament_stack_enzyme_reagent_membrane,enzyme_reagent_membrane,Enzyme reagent membrane,true,lead_time_weeks,,not_claimed,,,,No claim is made for this field yet.
sensing_instrumentation_glucose_filament_stack_reference_electrode,reference_electrode,Reference electrode,true,supplier,,missing_source,,,,Admit source-backed supplier/manufacturer/MPN/unit-cost evidence before BoM can pass.
sensing_instrumentation_glucose_filament_stack_reference_electrode,reference_electrode,Reference electrode,true,manufacturer,,missing_source,,,,Admit source-backed supplier/manufacturer/MPN/unit-cost evidence before BoM can pass.
sensing_instrumentation_glucose_filament_stack_reference_electrode,reference_electrode,Reference electrode,true,mpn,,missing_source,,,,Admit source-backed supplier/manufacturer/MPN/unit-cost evidence before BoM can pass.
sensing_instrumentation_glucose_filament_stack_reference_electrode,reference_electrode,Reference electrode,true,unit_cost_gbp,,missing_source,,,,Admit source-backed supplier/manufacturer/MPN/unit-cost evidence before BoM can pass.
sensing_instrumentation_glucose_filament_stack_reference_electrode,reference_electrode,Reference electrode,true,lead_time_weeks,,not_claimed,,,,No claim is made for this field yet.
sensing_instrumentation_glucose_filament_stack_diffusion_limiting_membrane,diffusion_limiting_membrane,diffusion limiting membrane,false,supplier,,not_claimed,,,,No claim is made for this field yet.
sensing_instrumentation_glucose_filament_stack_diffusion_limiting_membrane,diffusion_limiting_membrane,diffusion limiting membrane,false,manufacturer,,not_claimed,,,,No claim is made for this field yet.
sensing_instrumentation_glucose_filament_stack_diffusion_limiting_membrane,diffusion_limiting_membrane,diffusion limiting membrane,false,mpn,,not_claimed,,,,No claim is made for this field yet.
sensing_instrumentation_glucose_filament_stack_diffusion_limiting_membrane,diffusion_limiting_membrane,diffusion limiting membrane,false,unit_cost_gbp,,not_claimed,,,,No claim is made for this field yet.
sensing_instrumentation_glucose_filament_stack_diffusion_limiting_membrane,diffusion_limiting_membrane,diffusion limiting membrane,false,lead_time_weeks,,not_claimed,,,,No claim is made for this field yet.
sensing_instrumentation_analog_front_end_potentiostat_afe,potentiostat_afe,potentiostat AFE,false,supplier,,not_claimed,,,,No claim is made for this field yet.
sensing_instrumentation_analog_front_end_potentiostat_afe,potentiostat_afe,potentiostat AFE,false,manufacturer,,not_claimed,,,,No claim is made for this field yet.
sensing_instrumentation_analog_front_end_potentiostat_afe,potentiostat_afe,potentiostat AFE,false,mpn,,not_claimed,,,,No claim is made for this field yet.
sensing_instrumentation_analog_front_end_potentiostat_afe,potentiostat_afe,potentiostat AFE,false,unit_cost_gbp,,not_claimed,,,,No claim is made for this field yet.
sensing_instrumentation_analog_front_end_potentiostat_afe,potentiostat_afe,potentiostat AFE,false,lead_time_weeks,,not_claimed,,,,No claim is made for this field yet.
sensing_instrumentation_analog_front_end_low_leakage_input_guard,low_leakage_input_guard,low-leakage input guard,false,supplier,,not_claimed,,,,No claim is made for this field yet.
sensing_instrumentation_analog_front_end_low_leakage_input_guard,low_leakage_input_guard,low-leakage input guard,false,manufacturer,,not_claimed,,,,No claim is made for this field yet.
sensing_instrumentation_analog_front_end_low_leakage_input_guard,low_leakage_input_guard,low-leakage input guard,false,mpn,,not_claimed,,,,No claim is made for this field yet.
sensing_instrumentation_analog_front_end_low_leakage_input_guard,low_leakage_input_guard,low-leakage input guard,false,unit_cost_gbp,,not_claimed,,,,No claim is made for this field yet.
sensing_instrumentation_analog_front_end_low_leakage_input_guard,low_leakage_input_guard,low-leakage input guard,false,lead_time_weeks,,not_claimed,,,,No claim is made for this field yet.
sensing_instrumentation_analog_front_end_electrode_flex_tail,electrode_flex_tail,electrode flex tail,false,supplier,,not_claimed,,,,No claim is made for this field yet.
sensing_instrumentation_analog_front_end_electrode_flex_tail,electrode_flex_tail,electrode flex tail,false,manufacturer,,not_claimed,,,,No claim is made for this field yet.
sensing_instrumentation_analog_front_end_electrode_flex_tail,electrode_flex_tail,electrode flex tail,false,mpn,,not_claimed,,,,No claim is made for this field yet.
sensing_instrumentation_analog_front_end_electrode_flex_tail,electrode_flex_tail,electrode flex tail,false,unit_cost_gbp,,not_claimed,,,,No claim is made for this field yet.
sensing_instrumentation_analog_front_end_electrode_flex_tail,electrode_flex_tail,electrode flex tail,false,lead_time_weeks,,not_claimed,,,,No claim is made for this field yet.
sensing_instrumentation_analog_front_end_sensor_bias_resistor_network,sensor_bias_resistor_network,sensor bias resistor network,false,supplier,,not_claimed,,,,No claim is made for this field yet.
sensing_instrumentation_analog_front_end_sensor_bias_resistor_network,sensor_bias_resistor_network,sensor bias resistor network,false,manufacturer,,not_claimed,,,,No claim is made for this field yet.
sensing_instrumentation_analog_front_end_sensor_bias_resistor_network,sensor_bias_resistor_network,sensor bias resistor network,false,mpn,,not_claimed,,,,No claim is made for this field yet.
sensing_instrumentation_analog_front_end_sensor_bias_resistor_network,sensor_bias_resistor_network,sensor bias resistor network,false,unit_cost_gbp,,not_claimed,,,,No claim is made for this field yet.
sensing_instrumentation_analog_front_end_sensor_bias_resistor_network,sensor_bias_resistor_network,sensor bias resistor network,false,lead_time_weeks,,not_claimed,,,,No claim is made for this field yet.
sensing_instrumentation_calibration_drift_monitoring_calibration_data_eeprom,calibration_data_eeprom,calibration data EEPROM,false,supplier,,not_claimed,,,,No claim is made for this field yet.
sensing_instrumentation_calibration_drift_monitoring_calibration_data_eeprom,calibration_data_eeprom,calibration data EEPROM,false,manufacturer,,not_claimed,,,,No claim is made for this field yet.
sensing_instrumentation_calibration_drift_monitoring_calibration_data_eeprom,calibration_data_eeprom,calibration data EEPROM,false,mpn,,not_claimed,,,,No claim is made for this field yet.
sensing_instrumentation_calibration_drift_monitoring_calibration_data_eeprom,calibration_data_eeprom,calibration data EEPROM,false,unit_cost_gbp,,not_claimed,,,,No claim is made for this field yet.
sensing_instrumentation_calibration_drift_monitoring_calibration_data_eeprom,calibration_data_eeprom,calibration data EEPROM,false,lead_time_weeks,,not_claimed,,,,No claim is made for this field yet.
sensing_instrumentation_calibration_drift_monitoring_drift_estimator_firmware_table,drift_estimator_firmware_table,drift estimator firmware table,false,supplier,,not_claimed,,,,No claim is made for this field yet.
sensing_instrumentation_calibration_drift_monitoring_drift_estimator_firmware_table,drift_estimator_firmware_table,drift estimator firmware table,false,manufacturer,,not_claimed,,,,No claim is made for this field yet.
sensing_instrumentation_calibration_drift_monitoring_drift_estimator_firmware_table,drift_estimator_firmware_table,drift estimator firmware table,false,mpn,,not_claimed,,,,No claim is made for this field yet.
sensing_instrumentation_calibration_drift_monitoring_drift_estimator_firmware_table,drift_estimator_firmware_table,drift estimator firmware table,false,unit_cost_gbp,,not_claimed,,,,No claim is made for this field yet.
sensing_instrumentation_calibration_drift_monitoring_drift_estimator_firmware_table,drift_estimator_firmware_table,drift estimator firmware table,false,lead_time_weeks,,not_claimed,,,,No claim is made for this field yet.
sensing_instrumentation_calibration_drift_monitoring_factory_calibration_code,factory_calibration_code,factory calibration code,false,supplier,,not_claimed,,,,No claim is made for this field yet.
sensing_instrumentation_calibration_drift_monitoring_factory_calibration_code,factory_calibration_code,factory calibration code,false,manufacturer,,not_claimed,,,,No claim is made for this field yet.
sensing_instrumentation_calibration_drift_monitoring_factory_calibration_code,factory_calibration_code,factory calibration code,false,mpn,,not_claimed,,,,No claim is made for this field yet.
sensing_instrumentation_calibration_drift_monitoring_factory_calibration_code,factory_calibration_code,factory calibration code,false,unit_cost_gbp,,not_claimed,,,,No claim is made for this field yet.
sensing_instrumentation_calibration_drift_monitoring_factory_calibration_code,factory_calibration_code,factory calibration code,false,lead_time_weeks,,not_claimed,,,,No claim is made for this field yet.
sensing_instrumentation_calibration_drift_monitoring_signal_integrity_test_pad,signal_integrity_test_pad,signal integrity test pad,false,supplier,,not_claimed,,,,No claim is made for this field yet.
sensing_instrumentation_calibration_drift_monitoring_signal_integrity_test_pad,signal_integrity_test_pad,signal integrity test pad,false,manufacturer,,not_claimed,,,,No claim is made for this field yet.
sensing_instrumentation_calibration_drift_monitoring_signal_integrity_test_pad,signal_integrity_test_pad,signal integrity test pad,false,mpn,,not_claimed,,,,No claim is made for this field yet.
sensing_instrumentation_calibration_drift_monitoring_signal_integrity_test_pad,signal_integrity_test_pad,signal integrity test pad,false,unit_cost_gbp,,not_claimed,,,,No claim is made for this field yet.
sensing_instrumentation_calibration_drift_monitoring_signal_integrity_test_pad,signal_integrity_test_pad,signal integrity test pad,false,lead_time_weeks,,not_claimed,,,,No claim is made for this field yet.
actuation_kinematics_disposable_applicator_disposable_applicator,disposable_applicator,Disposable applicator,true,supplier,,missing_source,,,,Admit source-backed supplier/manufacturer/MPN/unit-cost evidence before BoM can pass.
actuation_kinematics_disposable_applicator_disposable_applicator,disposable_applicator,Disposable applicator,true,manufacturer,,missing_source,,,,Admit source-backed supplier/manufacturer/MPN/unit-cost evidence before BoM can pass.
actuation_kinematics_disposable_applicator_disposable_applicator,disposable_applicator,Disposable applicator,true,mpn,,missing_source,,,,Admit source-backed supplier/manufacturer/MPN/unit-cost evidence before BoM can pass.
actuation_kinematics_disposable_applicator_disposable_applicator,disposable_applicator,Disposable applicator,true,unit_cost_gbp,,missing_source,,,,Admit source-backed supplier/manufacturer/MPN/unit-cost evidence before BoM can pass.
actuation_kinematics_disposable_applicator_disposable_applicator,disposable_applicator,Disposable applicator,true,lead_time_weeks,,not_claimed,,,,No claim is made for this field yet.
actuation_kinematics_disposable_applicator_spring_insertion_driver,spring_insertion_driver,spring insertion driver,false,supplier,,not_claimed,,,,No claim is made for this field yet.
actuation_kinematics_disposable_applicator_spring_insertion_driver,spring_insertion_driver,spring insertion driver,false,manufacturer,,not_claimed,,,,No claim is made for this field yet.
actuation_kinematics_disposable_applicator_spring_insertion_driver,spring_insertion_driver,spring insertion driver,false,mpn,,not_claimed,,,,No claim is made for this field yet.
actuation_kinematics_disposable_applicator_spring_insertion_driver,spring_insertion_driver,spring insertion driver,false,unit_cost_gbp,,not_claimed,,,,No claim is made for this field yet.
actuation_kinematics_disposable_applicator_spring_insertion_driver,spring_insertion_driver,spring insertion driver,false,lead_time_weeks,,not_claimed,,,,No claim is made for this field yet.
actuation_kinematics_disposable_applicator_trigger_button,trigger_button,trigger button,false,supplier,,not_claimed,,,,No claim is made for this field yet.
actuation_kinematics_disposable_applicator_trigger_button,trigger_button,trigger button,false,manufacturer,,not_claimed,,,,No claim is made for this field yet.
actuation_kinematics_disposable_applicator_trigger_button,trigger_button,trigger button,false,mpn,,not_claimed,,,,No claim is made for this field yet.
actuation_kinematics_disposable_applicator_trigger_button,trigger_button,trigger button,false,unit_cost_gbp,,not_claimed,,,,No claim is made for this field yet.
actuation_kinematics_disposable_applicator_trigger_button,trigger_button,trigger button,false,lead_time_weeks,,not_claimed,,,,No claim is made for this field yet.
actuation_kinematics_disposable_applicator_safety_cap,safety_cap,safety cap,false,supplier,,not_claimed,,,,No claim is made for this field yet.
actuation_kinematics_disposable_applicator_safety_cap,safety_cap,safety cap,false,manufacturer,,not_claimed,,,,No claim is made for this field yet.
actuation_kinematics_disposable_applicator_safety_cap,safety_cap,safety cap,false,mpn,,not_claimed,,,,No claim is made for this field yet.
actuation_kinematics_disposable_applicator_safety_cap,safety_cap,safety cap,false,unit_cost_gbp,,not_claimed,,,,No claim is made for this field yet.
actuation_kinematics_disposable_applicator_safety_cap,safety_cap,safety cap,false,lead_time_weeks,,not_claimed,,,,No claim is made for this field yet.
actuation_kinematics_insertion_mechanism_introducer_needle,introducer_needle,introducer needle,false,supplier,,not_claimed,,,,No claim is made for this field yet.
actuation_kinematics_insertion_mechanism_introducer_needle,introducer_needle,introducer needle,false,manufacturer,,not_claimed,,,,No claim is made for this field yet.
actuation_kinematics_insertion_mechanism_introducer_needle,introducer_needle,introducer needle,false,mpn,,not_claimed,,,,No claim is made for this field yet.
actuation_kinematics_insertion_mechanism_introducer_needle,introducer_needle,introducer needle,false,unit_cost_gbp,,not_claimed,,,,No claim is made for this field yet.
actuation_kinematics_insertion_mechanism_introducer_needle,introducer_needle,introducer needle,false,lead_time_weeks,,not_claimed,,,,No claim is made for this field yet.
actuation_kinematics_insertion_mechanism_filament_deployment_shuttle,filament_deployment_shuttle,filament deployment shuttle,false,supplier,,not_claimed,,,,No claim is made for this field yet.
actuation_kinematics_insertion_mechanism_filament_deployment_shuttle,filament_deployment_shuttle,filament deployment shuttle,false,manufacturer,,not_claimed,,,,No claim is made for this field yet.
actuation_kinematics_insertion_mechanism_filament_deployment_shuttle,filament_deployment_shuttle,filament deployment shuttle,false,mpn,,not_claimed,,,,No claim is made for this field yet.
actuation_kinematics_insertion_mechanism_filament_deployment_shuttle,filament_deployment_shuttle,filament deployment shuttle,false,unit_cost_gbp,,not_claimed,,,,No claim is made for this field yet.
actuation_kinematics_insertion_mechanism_filament_deployment_shuttle,filament_deployment_shuttle,filament deployment shuttle,false,lead_time_weeks,,not_claimed,,,,No claim is made for this field yet.
actuation_kinematics_insertion_mechanism_depth_stop_collar,depth_stop_collar,depth stop collar,false,supplier,,not_claimed,,,,No claim is made for this field yet.
actuation_kinematics_insertion_mechanism_depth_stop_collar,depth_stop_collar,depth stop collar,false,manufacturer,,not_claimed,,,,No claim is made for this field yet.
actuation_kinematics_insertion_mechanism_depth_stop_collar,depth_stop_collar,depth stop collar,false,mpn,,not_claimed,,,,No claim is made for this field yet.
actuation_kinematics_insertion_mechanism_depth_stop_collar,depth_stop_collar,depth stop collar,false,unit_cost_gbp,,not_claimed,,,,No claim is made for this field yet.
actuation_kinematics_insertion_mechanism_depth_stop_collar,depth_stop_collar,depth stop collar,false,lead_time_weeks,,not_claimed,,,,No claim is made for this field yet.
actuation_kinematics_insertion_mechanism_retraction_latch,retraction_latch,retraction latch,false,supplier,,not_claimed,,,,No claim is made for this field yet.
actuation_kinematics_insertion_mechanism_retraction_latch,retraction_latch,retraction latch,false,manufacturer,,not_claimed,,,,No claim is made for this field yet.
actuation_kinematics_insertion_mechanism_retraction_latch,retraction_latch,retraction latch,false,mpn,,not_claimed,,,,No claim is made for this field yet.
actuation_kinematics_insertion_mechanism_retraction_latch,retraction_latch,retraction latch,false,unit_cost_gbp,,not_claimed,,,,No claim is made for this field yet.
actuation_kinematics_insertion_mechanism_retraction_latch,retraction_latch,retraction latch,false,lead_time_weeks,,not_claimed,,,,No claim is made for this field yet.
actuation_kinematics_sharps_lockout_needle_shield,needle_shield,needle shield,false,supplier,,not_claimed,,,,No claim is made for this field yet.
actuation_kinematics_sharps_lockout_needle_shield,needle_shield,needle shield,false,manufacturer,,not_claimed,,,,No claim is made for this field yet.
actuation_kinematics_sharps_lockout_needle_shield,needle_shield,needle shield,false,mpn,,not_claimed,,,,No claim is made for this field yet.
actuation_kinematics_sharps_lockout_needle_shield,needle_shield,needle shield,false,unit_cost_gbp,,not_claimed,,,,No claim is made for this field yet.
actuation_kinematics_sharps_lockout_needle_shield,needle_shield,needle shield,false,lead_time_weeks,,not_claimed,,,,No claim is made for this field yet.
actuation_kinematics_sharps_lockout_post_use_lock_tab,post_use_lock_tab,post-use lock tab,false,supplier,,not_claimed,,,,No claim is made for this field yet.
actuation_kinematics_sharps_lockout_post_use_lock_tab,post_use_lock_tab,post-use lock tab,false,manufacturer,,not_claimed,,,,No claim is made for this field yet.
actuation_kinematics_sharps_lockout_post_use_lock_tab,post_use_lock_tab,post-use lock tab,false,mpn,,not_claimed,,,,No claim is made for this field yet.
actuation_kinematics_sharps_lockout_post_use_lock_tab,post_use_lock_tab,post-use lock tab,false,unit_cost_gbp,,not_claimed,,,,No claim is made for this field yet.
actuation_kinematics_sharps_lockout_post_use_lock_tab,post_use_lock_tab,post-use lock tab,false,lead_time_weeks,,not_claimed,,,,No claim is made for this field yet.
actuation_kinematics_sharps_lockout_applicator_status_window,applicator_status_window,applicator status window,false,supplier,,not_claimed,,,,No claim is made for this field yet.
actuation_kinematics_sharps_lockout_applicator_status_window,applicator_status_window,applicator status window,false,manufacturer,,not_claimed,,,,No claim is made for this field yet.
actuation_kinematics_sharps_lockout_applicator_status_window,applicator_status_window,applicator status window,false,mpn,,not_claimed,,,,No claim is made for this field yet.
actuation_kinematics_sharps_lockout_applicator_status_window,applicator_status_window,applicator status window,false,unit_cost_gbp,,not_claimed,,,,No claim is made for this field yet.
actuation_kinematics_sharps_lockout_applicator_status_window,applicator_status_window,applicator status window,false,lead_time_weeks,,not_claimed,,,,No claim is made for this field yet.
actuation_kinematics_sharps_lockout_trigger_interlock_spring,trigger_interlock_spring,trigger interlock spring,false,supplier,,not_claimed,,,,No claim is made for this field yet.
actuation_kinematics_sharps_lockout_trigger_interlock_spring,trigger_interlock_spring,trigger interlock spring,false,manufacturer,,not_claimed,,,,No claim is made for this field yet.
actuation_kinematics_sharps_lockout_trigger_interlock_spring,trigger_interlock_spring,trigger interlock spring,false,mpn,,not_claimed,,,,No claim is made for this field yet.
actuation_kinematics_sharps_lockout_trigger_interlock_spring,trigger_interlock_spring,trigger interlock spring,false,unit_cost_gbp,,not_claimed,,,,No claim is made for this field yet.
actuation_kinematics_sharps_lockout_trigger_interlock_spring,trigger_interlock_spring,trigger interlock spring,false,lead_time_weeks,,not_claimed,,,,No claim is made for this field yet.
structure_containment_transmitter_housing_protective_transmitter_housing,protective_transmitter_housing,Protective transmitter housing,true,supplier,,missing_source,,,,Admit source-backed supplier/manufacturer/MPN/unit-cost evidence before BoM can pass.
structure_containment_transmitter_housing_protective_transmitter_housing,protective_transmitter_housing,Protective transmitter housing,true,manufacturer,,missing_source,,,,Admit source-backed supplier/manufacturer/MPN/unit-cost evidence before BoM can pass.
structure_containment_transmitter_housing_protective_transmitter_housing,protective_transmitter_housing,Protective transmitter housing,true,mpn,,missing_source,,,,Admit source-backed supplier/manufacturer/MPN/unit-cost evidence before BoM can pass.
structure_containment_transmitter_housing_protective_transmitter_housing,protective_transmitter_housing,Protective transmitter housing,true,unit_cost_gbp,,missing_source,,,,Admit source-backed supplier/manufacturer/MPN/unit-cost evidence before BoM can pass.
structure_containment_transmitter_housing_protective_transmitter_housing,protective_transmitter_housing,Protective transmitter housing,true,lead_time_weeks,,not_claimed,,,,No claim is made for this field yet.
structure_containment_transmitter_housing_ultrasonic_weld_seam,ultrasonic_weld_seam,ultrasonic weld seam,false,supplier,,not_claimed,,,,No claim is made for this field yet.
structure_containment_transmitter_housing_ultrasonic_weld_seam,ultrasonic_weld_seam,ultrasonic weld seam,false,manufacturer,,not_claimed,,,,No claim is made for this field yet.
structure_containment_transmitter_housing_ultrasonic_weld_seam,ultrasonic_weld_seam,ultrasonic weld seam,false,mpn,,not_claimed,,,,No claim is made for this field yet.
structure_containment_transmitter_housing_ultrasonic_weld_seam,ultrasonic_weld_seam,ultrasonic weld seam,false,unit_cost_gbp,,not_claimed,,,,No claim is made for this field yet.
structure_containment_transmitter_housing_ultrasonic_weld_seam,ultrasonic_weld_seam,ultrasonic weld seam,false,lead_time_weeks,,not_claimed,,,,No claim is made for this field yet.
structure_containment_transmitter_housing_electronics_carrier_tray,electronics_carrier_tray,electronics carrier tray,false,supplier,,not_claimed,,,,No claim is made for this field yet.
structure_containment_transmitter_housing_electronics_carrier_tray,electronics_carrier_tray,electronics carrier tray,false,manufacturer,,not_claimed,,,,No claim is made for this field yet.
structure_containment_transmitter_housing_electronics_carrier_tray,electronics_carrier_tray,electronics carrier tray,false,mpn,,not_claimed,,,,No claim is made for this field yet.
structure_containment_transmitter_housing_electronics_carrier_tray,electronics_carrier_tray,electronics carrier tray,false,unit_cost_gbp,,not_claimed,,,,No claim is made for this field yet.
structure_containment_transmitter_housing_electronics_carrier_tray,electronics_carrier_tray,electronics carrier tray,false,lead_time_weeks,,not_claimed,,,,No claim is made for this field yet.
structure_containment_transmitter_housing_ingress_gasket,ingress_gasket,ingress gasket,false,supplier,,not_claimed,,,,No claim is made for this field yet.
structure_containment_transmitter_housing_ingress_gasket,ingress_gasket,ingress gasket,false,manufacturer,,not_claimed,,,,No claim is made for this field yet.
structure_containment_transmitter_housing_ingress_gasket,ingress_gasket,ingress gasket,false,mpn,,not_claimed,,,,No claim is made for this field yet.
structure_containment_transmitter_housing_ingress_gasket,ingress_gasket,ingress gasket,false,unit_cost_gbp,,not_claimed,,,,No claim is made for this field yet.
structure_containment_transmitter_housing_ingress_gasket,ingress_gasket,ingress gasket,false,lead_time_weeks,,not_claimed,,,,No claim is made for this field yet.
structure_containment_patch_mechanical_frame_flexible_patch_frame,flexible_patch_frame,flexible patch frame,false,supplier,,not_claimed,,,,No claim is made for this field yet.
structure_containment_patch_mechanical_frame_flexible_patch_frame,flexible_patch_frame,flexible patch frame,false,manufacturer,,not_claimed,,,,No claim is made for this field yet.
structure_containment_patch_mechanical_frame_flexible_patch_frame,flexible_patch_frame,flexible patch frame,false,mpn,,not_claimed,,,,No claim is made for this field yet.
structure_containment_patch_mechanical_frame_flexible_patch_frame,flexible_patch_frame,flexible patch frame,false,unit_cost_gbp,,not_claimed,,,,No claim is made for this field yet.
structure_containment_patch_mechanical_frame_flexible_patch_frame,flexible_patch_frame,flexible patch frame,false,lead_time_weeks,,not_claimed,,,,No claim is made for this field yet.
structure_containment_patch_mechanical_frame_sensor_port_boss,sensor_port_boss,sensor port boss,false,supplier,,not_claimed,,,,No claim is made for this field yet.
structure_containment_patch_mechanical_frame_sensor_port_boss,sensor_port_boss,sensor port boss,false,manufacturer,,not_claimed,,,,No claim is made for this field yet.
structure_containment_patch_mechanical_frame_sensor_port_boss,sensor_port_boss,sensor port boss,false,mpn,,not_claimed,,,,No claim is made for this field yet.
structure_containment_patch_mechanical_frame_sensor_port_boss,sensor_port_boss,sensor port boss,false,unit_cost_gbp,,not_claimed,,,,No claim is made for this field yet.
structure_containment_patch_mechanical_frame_sensor_port_boss,sensor_port_boss,sensor port boss,false,lead_time_weeks,,not_claimed,,,,No claim is made for this field yet.
structure_containment_patch_mechanical_frame_transmitter_latch_rail,transmitter_latch_rail,transmitter latch rail,false,supplier,,not_claimed,,,,No claim is made for this field yet.
structure_containment_patch_mechanical_frame_transmitter_latch_rail,transmitter_latch_rail,transmitter latch rail,false,manufacturer,,not_claimed,,,,No claim is made for this field yet.
structure_containment_patch_mechanical_frame_transmitter_latch_rail,transmitter_latch_rail,transmitter latch rail,false,mpn,,not_claimed,,,,No claim is made for this field yet.
structure_containment_patch_mechanical_frame_transmitter_latch_rail,transmitter_latch_rail,transmitter latch rail,false,unit_cost_gbp,,not_claimed,,,,No claim is made for this field yet.
structure_containment_patch_mechanical_frame_transmitter_latch_rail,transmitter_latch_rail,transmitter latch rail,false,lead_time_weeks,,not_claimed,,,,No claim is made for this field yet.
structure_containment_patch_mechanical_frame_strain_relief_web,strain_relief_web,strain relief web,false,supplier,,not_claimed,,,,No claim is made for this field yet.
structure_containment_patch_mechanical_frame_strain_relief_web,strain_relief_web,strain relief web,false,manufacturer,,not_claimed,,,,No claim is made for this field yet.
structure_containment_patch_mechanical_frame_strain_relief_web,strain_relief_web,strain relief web,false,mpn,,not_claimed,,,,No claim is made for this field yet.
structure_containment_patch_mechanical_frame_strain_relief_web,strain_relief_web,strain relief web,false,unit_cost_gbp,,not_claimed,,,,No claim is made for this field yet.
structure_containment_patch_mechanical_frame_strain_relief_web,strain_relief_web,strain relief web,false,lead_time_weeks,,not_claimed,,,,No claim is made for this field yet.
structure_containment_ingress_boundary_hydrophobic_vent_membrane,hydrophobic_vent_membrane,hydrophobic vent membrane,false,supplier,,not_claimed,,,,No claim is made for this field yet.
structure_containment_ingress_boundary_hydrophobic_vent_membrane,hydrophobic_vent_membrane,hydrophobic vent membrane,false,manufacturer,,not_claimed,,,,No claim is made for this field yet.
structure_containment_ingress_boundary_hydrophobic_vent_membrane,hydrophobic_vent_membrane,hydrophobic vent membrane,false,mpn,,not_claimed,,,,No claim is made for this field yet.
structure_containment_ingress_boundary_hydrophobic_vent_membrane,hydrophobic_vent_membrane,hydrophobic vent membrane,false,unit_cost_gbp,,not_claimed,,,,No claim is made for this field yet.
structure_containment_ingress_boundary_hydrophobic_vent_membrane,hydrophobic_vent_membrane,hydrophobic vent membrane,false,lead_time_weeks,,not_claimed,,,,No claim is made for this field yet.
structure_containment_ingress_boundary_ip_ingress_seal,ip_ingress_seal,IP ingress seal,false,supplier,,not_claimed,,,,No claim is made for this field yet.
structure_containment_ingress_boundary_ip_ingress_seal,ip_ingress_seal,IP ingress seal,false,manufacturer,,not_claimed,,,,No claim is made for this field yet.
structure_containment_ingress_boundary_ip_ingress_seal,ip_ingress_seal,IP ingress seal,false,mpn,,not_claimed,,,,No claim is made for this field yet.
structure_containment_ingress_boundary_ip_ingress_seal,ip_ingress_seal,IP ingress seal,false,unit_cost_gbp,,not_claimed,,,,No claim is made for this field yet.
structure_containment_ingress_boundary_ip_ingress_seal,ip_ingress_seal,IP ingress seal,false,lead_time_weeks,,not_claimed,,,,No claim is made for this field yet.
structure_containment_ingress_boundary_splash_shield_lip,splash_shield_lip,splash shield lip,false,supplier,,not_claimed,,,,No claim is made for this field yet.
structure_containment_ingress_boundary_splash_shield_lip,splash_shield_lip,splash shield lip,false,manufacturer,,not_claimed,,,,No claim is made for this field yet.
structure_containment_ingress_boundary_splash_shield_lip,splash_shield_lip,splash shield lip,false,mpn,,not_claimed,,,,No claim is made for this field yet.
structure_containment_ingress_boundary_splash_shield_lip,splash_shield_lip,splash shield lip,false,unit_cost_gbp,,not_claimed,,,,No claim is made for this field yet.
structure_containment_ingress_boundary_splash_shield_lip,splash_shield_lip,splash shield lip,false,lead_time_weeks,,not_claimed,,,,No claim is made for this field yet.
structure_containment_ingress_boundary_housing_serial_marking,housing_serial_marking,housing serial marking,false,supplier,,not_claimed,,,,No claim is made for this field yet.
structure_containment_ingress_boundary_housing_serial_marking,housing_serial_marking,housing serial marking,false,manufacturer,,not_claimed,,,,No claim is made for this field yet.
structure_containment_ingress_boundary_housing_serial_marking,housing_serial_marking,housing serial marking,false,mpn,,not_claimed,,,,No claim is made for this field yet.
structure_containment_ingress_boundary_housing_serial_marking,housing_serial_marking,housing serial marking,false,unit_cost_gbp,,not_claimed,,,,No claim is made for this field yet.
structure_containment_ingress_boundary_housing_serial_marking,housing_serial_marking,housing serial marking,false,lead_time_weeks,,not_claimed,,,,No claim is made for this field yet.
energy_storage_source_battery_cell_thin_film_battery,thin_film_battery,Thin-film battery,true,supplier,,missing_source,,,,Admit source-backed supplier/manufacturer/MPN/unit-cost evidence before BoM can pass.
energy_storage_source_battery_cell_thin_film_battery,thin_film_battery,Thin-film battery,true,manufacturer,,missing_source,,,,Admit source-backed supplier/manufacturer/MPN/unit-cost evidence before BoM can pass.
energy_storage_source_battery_cell_thin_film_battery,thin_film_battery,Thin-film battery,true,mpn,,missing_source,,,,Admit source-backed supplier/manufacturer/MPN/unit-cost evidence before BoM can pass.
energy_storage_source_battery_cell_thin_film_battery,thin_film_battery,Thin-film battery,true,unit_cost_gbp,,missing_source,,,,Admit source-backed supplier/manufacturer/MPN/unit-cost evidence before BoM can pass.
energy_storage_source_battery_cell_thin_film_battery,thin_film_battery,Thin-film battery,true,lead_time_weeks,,not_claimed,,,,No claim is made for this field yet.
energy_storage_source_battery_cell_battery_weld_tab,battery_weld_tab,battery weld tab,false,supplier,,not_claimed,,,,No claim is made for this field yet.
energy_storage_source_battery_cell_battery_weld_tab,battery_weld_tab,battery weld tab,false,manufacturer,,not_claimed,,,,No claim is made for this field yet.
energy_storage_source_battery_cell_battery_weld_tab,battery_weld_tab,battery weld tab,false,mpn,,not_claimed,,,,No claim is made for this field yet.
energy_storage_source_battery_cell_battery_weld_tab,battery_weld_tab,battery weld tab,false,unit_cost_gbp,,not_claimed,,,,No claim is made for this field yet.
energy_storage_source_battery_cell_battery_weld_tab,battery_weld_tab,battery weld tab,false,lead_time_weeks,,not_claimed,,,,No claim is made for this field yet.
energy_storage_source_battery_cell_battery_pouch_insulator,battery_pouch_insulator,battery pouch insulator,false,supplier,,not_claimed,,,,No claim is made for this field yet.
energy_storage_source_battery_cell_battery_pouch_insulator,battery_pouch_insulator,battery pouch insulator,false,manufacturer,,not_claimed,,,,No claim is made for this field yet.
energy_storage_source_battery_cell_battery_pouch_insulator,battery_pouch_insulator,battery pouch insulator,false,mpn,,not_claimed,,,,No claim is made for this field yet.
energy_storage_source_battery_cell_battery_pouch_insulator,battery_pouch_insulator,battery pouch insulator,false,unit_cost_gbp,,not_claimed,,,,No claim is made for this field yet.
energy_storage_source_battery_cell_battery_pouch_insulator,battery_pouch_insulator,battery pouch insulator,false,lead_time_weeks,,not_claimed,,,,No claim is made for this field yet.
energy_storage_source_battery_cell_state_of_charge_witness_pad,state_of_charge_witness_pad,state-of-charge witness pad,false,supplier,,not_claimed,,,,No claim is made for this field yet.
energy_storage_source_battery_cell_state_of_charge_witness_pad,state_of_charge_witness_pad,state-of-charge witness pad,false,manufacturer,,not_claimed,,,,No claim is made for this field yet.
energy_storage_source_battery_cell_state_of_charge_witness_pad,state_of_charge_witness_pad,state-of-charge witness pad,false,mpn,,not_claimed,,,,No claim is made for this field yet.
energy_storage_source_battery_cell_state_of_charge_witness_pad,state_of_charge_witness_pad,state-of-charge witness pad,false,unit_cost_gbp,,not_claimed,,,,No claim is made for this field yet.
energy_storage_source_battery_cell_state_of_charge_witness_pad,state_of_charge_witness_pad,state-of-charge witness pad,false,lead_time_weeks,,not_claimed,,,,No claim is made for this field yet.
energy_storage_source_power_reserve_brownout_hold_up_capacitor,brownout_hold_up_capacitor,brownout hold-up capacitor,false,supplier,,not_claimed,,,,No claim is made for this field yet.
energy_storage_source_power_reserve_brownout_hold_up_capacitor,brownout_hold_up_capacitor,brownout hold-up capacitor,false,manufacturer,,not_claimed,,,,No claim is made for this field yet.
energy_storage_source_power_reserve_brownout_hold_up_capacitor,brownout_hold_up_capacitor,brownout hold-up capacitor,false,mpn,,not_claimed,,,,No claim is made for this field yet.
energy_storage_source_power_reserve_brownout_hold_up_capacitor,brownout_hold_up_capacitor,brownout hold-up capacitor,false,unit_cost_gbp,,not_claimed,,,,No claim is made for this field yet.
energy_storage_source_power_reserve_brownout_hold_up_capacitor,brownout_hold_up_capacitor,brownout hold-up capacitor,false,lead_time_weeks,,not_claimed,,,,No claim is made for this field yet.
energy_storage_source_power_reserve_battery_cut_off_tab,battery_cut_off_tab,battery cut-off tab,false,supplier,,not_claimed,,,,No claim is made for this field yet.
energy_storage_source_power_reserve_battery_cut_off_tab,battery_cut_off_tab,battery cut-off tab,false,manufacturer,,not_claimed,,,,No claim is made for this field yet.
energy_storage_source_power_reserve_battery_cut_off_tab,battery_cut_off_tab,battery cut-off tab,false,mpn,,not_claimed,,,,No claim is made for this field yet.
energy_storage_source_power_reserve_battery_cut_off_tab,battery_cut_off_tab,battery cut-off tab,false,unit_cost_gbp,,not_claimed,,,,No claim is made for this field yet.
energy_storage_source_power_reserve_battery_cut_off_tab,battery_cut_off_tab,battery cut-off tab,false,lead_time_weeks,,not_claimed,,,,No claim is made for this field yet.
energy_storage_source_power_reserve_shelf_life_isolation_film,shelf_life_isolation_film,shelf-life isolation film,false,supplier,,not_claimed,,,,No claim is made for this field yet.
energy_storage_source_power_reserve_shelf_life_isolation_film,shelf_life_isolation_film,shelf-life isolation film,false,manufacturer,,not_claimed,,,,No claim is made for this field yet.
energy_storage_source_power_reserve_shelf_life_isolation_film,shelf_life_isolation_film,shelf-life isolation film,false,mpn,,not_claimed,,,,No claim is made for this field yet.
energy_storage_source_power_reserve_shelf_life_isolation_film,shelf_life_isolation_film,shelf-life isolation film,false,unit_cost_gbp,,not_claimed,,,,No claim is made for this field yet.
energy_storage_source_power_reserve_shelf_life_isolation_film,shelf_life_isolation_film,shelf-life isolation film,false,lead_time_weeks,,not_claimed,,,,No claim is made for this field yet.
energy_storage_source_power_reserve_activation_pull_strip,activation_pull_strip,activation pull strip,false,supplier,,not_claimed,,,,No claim is made for this field yet.
energy_storage_source_power_reserve_activation_pull_strip,activation_pull_strip,activation pull strip,false,manufacturer,,not_claimed,,,,No claim is made for this field yet.
energy_storage_source_power_reserve_activation_pull_strip,activation_pull_strip,activation pull strip,false,mpn,,not_claimed,,,,No claim is made for this field yet.
energy_storage_source_power_reserve_activation_pull_strip,activation_pull_strip,activation pull strip,false,unit_cost_gbp,,not_claimed,,,,No claim is made for this field yet.
energy_storage_source_power_reserve_activation_pull_strip,activation_pull_strip,activation pull strip,false,lead_time_weeks,,not_claimed,,,,No claim is made for this field yet.
energy_storage_source_battery_safety_battery_vent_clearance,battery_vent_clearance,battery vent clearance,false,supplier,,not_claimed,,,,No claim is made for this field yet.
energy_storage_source_battery_safety_battery_vent_clearance,battery_vent_clearance,battery vent clearance,false,manufacturer,,not_claimed,,,,No claim is made for this field yet.
energy_storage_source_battery_safety_battery_vent_clearance,battery_vent_clearance,battery vent clearance,false,mpn,,not_claimed,,,,No claim is made for this field yet.
energy_storage_source_battery_safety_battery_vent_clearance,battery_vent_clearance,battery vent clearance,false,unit_cost_gbp,,not_claimed,,,,No claim is made for this field yet.
energy_storage_source_battery_safety_battery_vent_clearance,battery_vent_clearance,battery vent clearance,false,lead_time_weeks,,not_claimed,,,,No claim is made for this field yet.
energy_storage_source_battery_safety_reverse_polarity_fuse,reverse_polarity_fuse,reverse polarity fuse,false,supplier,,not_claimed,,,,No claim is made for this field yet.
energy_storage_source_battery_safety_reverse_polarity_fuse,reverse_polarity_fuse,reverse polarity fuse,false,manufacturer,,not_claimed,,,,No claim is made for this field yet.
energy_storage_source_battery_safety_reverse_polarity_fuse,reverse_polarity_fuse,reverse polarity fuse,false,mpn,,not_claimed,,,,No claim is made for this field yet.
energy_storage_source_battery_safety_reverse_polarity_fuse,reverse_polarity_fuse,reverse polarity fuse,false,unit_cost_gbp,,not_claimed,,,,No claim is made for this field yet.
energy_storage_source_battery_safety_reverse_polarity_fuse,reverse_polarity_fuse,reverse polarity fuse,false,lead_time_weeks,,not_claimed,,,,No claim is made for this field yet.
energy_storage_source_battery_safety_pack_temperature_dot,pack_temperature_dot,pack temperature dot,false,supplier,,not_claimed,,,,No claim is made for this field yet.
energy_storage_source_battery_safety_pack_temperature_dot,pack_temperature_dot,pack temperature dot,false,manufacturer,,not_claimed,,,,No claim is made for this field yet.
energy_storage_source_battery_safety_pack_temperature_dot,pack_temperature_dot,pack temperature dot,false,mpn,,not_claimed,,,,No claim is made for this field yet.
energy_storage_source_battery_safety_pack_temperature_dot,pack_temperature_dot,pack temperature dot,false,unit_cost_gbp,,not_claimed,,,,No claim is made for this field yet.
energy_storage_source_battery_safety_pack_temperature_dot,pack_temperature_dot,pack temperature dot,false,lead_time_weeks,,not_claimed,,,,No claim is made for this field yet.
energy_storage_source_battery_safety_battery_lot_barcode,battery_lot_barcode,battery lot barcode,false,supplier,,not_claimed,,,,No claim is made for this field yet.
energy_storage_source_battery_safety_battery_lot_barcode,battery_lot_barcode,battery lot barcode,false,manufacturer,,not_claimed,,,,No claim is made for this field yet.
energy_storage_source_battery_safety_battery_lot_barcode,battery_lot_barcode,battery lot barcode,false,mpn,,not_claimed,,,,No claim is made for this field yet.
energy_storage_source_battery_safety_battery_lot_barcode,battery_lot_barcode,battery lot barcode,false,unit_cost_gbp,,not_claimed,,,,No claim is made for this field yet.
energy_storage_source_battery_safety_battery_lot_barcode,battery_lot_barcode,battery lot barcode,false,lead_time_weeks,,not_claimed,,,,No claim is made for this field yet.
power_distribution_low_power_rails_nanoamp_power_switch,nanoamp_power_switch,nanoamp power switch,false,supplier,,not_claimed,,,,No claim is made for this field yet.
power_distribution_low_power_rails_nanoamp_power_switch,nanoamp_power_switch,nanoamp power switch,false,manufacturer,,not_claimed,,,,No claim is made for this field yet.
power_distribution_low_power_rails_nanoamp_power_switch,nanoamp_power_switch,nanoamp power switch,false,mpn,,not_claimed,,,,No claim is made for this field yet.
power_distribution_low_power_rails_nanoamp_power_switch,nanoamp_power_switch,nanoamp power switch,false,unit_cost_gbp,,not_claimed,,,,No claim is made for this field yet.
power_distribution_low_power_rails_nanoamp_power_switch,nanoamp_power_switch,nanoamp power switch,false,lead_time_weeks,,not_claimed,,,,No claim is made for this field yet.
power_distribution_low_power_rails_digital_buck_regulator,digital_buck_regulator,digital buck regulator,false,supplier,,not_claimed,,,,No claim is made for this field yet.
power_distribution_low_power_rails_digital_buck_regulator,digital_buck_regulator,digital buck regulator,false,manufacturer,,not_claimed,,,,No claim is made for this field yet.
power_distribution_low_power_rails_digital_buck_regulator,digital_buck_regulator,digital buck regulator,false,mpn,,not_claimed,,,,No claim is made for this field yet.
power_distribution_low_power_rails_digital_buck_regulator,digital_buck_regulator,digital buck regulator,false,unit_cost_gbp,,not_claimed,,,,No claim is made for this field yet.
power_distribution_low_power_rails_digital_buck_regulator,digital_buck_regulator,digital buck regulator,false,lead_time_weeks,,not_claimed,,,,No claim is made for this field yet.
power_distribution_low_power_rails_rail_measurement_divider,rail_measurement_divider,rail measurement divider,false,supplier,,not_claimed,,,,No claim is made for this field yet.
power_distribution_low_power_rails_rail_measurement_divider,rail_measurement_divider,rail measurement divider,false,manufacturer,,not_claimed,,,,No claim is made for this field yet.
power_distribution_low_power_rails_rail_measurement_divider,rail_measurement_divider,rail measurement divider,false,mpn,,not_claimed,,,,No claim is made for this field yet.
power_distribution_low_power_rails_rail_measurement_divider,rail_measurement_divider,rail measurement divider,false,unit_cost_gbp,,not_claimed,,,,No claim is made for this field yet.
power_distribution_low_power_rails_rail_measurement_divider,rail_measurement_divider,rail measurement divider,false,lead_time_weeks,,not_claimed,,,,No claim is made for this field yet.
power_distribution_low_power_rails_wake_timer_oscillator,wake_timer_oscillator,wake timer oscillator,false,supplier,,not_claimed,,,,No claim is made for this field yet.
power_distribution_low_power_rails_wake_timer_oscillator,wake_timer_oscillator,wake timer oscillator,false,manufacturer,,not_claimed,,,,No claim is made for this field yet.
power_distribution_low_power_rails_wake_timer_oscillator,wake_timer_oscillator,wake timer oscillator,false,mpn,,not_claimed,,,,No claim is made for this field yet.
power_distribution_low_power_rails_wake_timer_oscillator,wake_timer_oscillator,wake timer oscillator,false,unit_cost_gbp,,not_claimed,,,,No claim is made for this field yet.
power_distribution_low_power_rails_wake_timer_oscillator,wake_timer_oscillator,wake timer oscillator,false,lead_time_weeks,,not_claimed,,,,No claim is made for this field yet.
power_distribution_analog_excitation_sensor_excitation_mux,sensor_excitation_mux,sensor excitation mux,false,supplier,,not_claimed,,,,No claim is made for this field yet.
power_distribution_analog_excitation_sensor_excitation_mux,sensor_excitation_mux,sensor excitation mux,false,manufacturer,,not_claimed,,,,No claim is made for this field yet.
power_distribution_analog_excitation_sensor_excitation_mux,sensor_excitation_mux,sensor excitation mux,false,mpn,,not_claimed,,,,No claim is made for this field yet.
power_distribution_analog_excitation_sensor_excitation_mux,sensor_excitation_mux,sensor excitation mux,false,unit_cost_gbp,,not_claimed,,,,No claim is made for this field yet.
power_distribution_analog_excitation_sensor_excitation_mux,sensor_excitation_mux,sensor excitation mux,false,lead_time_weeks,,not_claimed,,,,No claim is made for this field yet.
power_distribution_analog_excitation_analog_power_filter,analog_power_filter,analog power filter,false,supplier,,not_claimed,,,,No claim is made for this field yet.
power_distribution_analog_excitation_analog_power_filter,analog_power_filter,analog power filter,false,manufacturer,,not_claimed,,,,No claim is made for this field yet.
power_distribution_analog_excitation_analog_power_filter,analog_power_filter,analog power filter,false,mpn,,not_claimed,,,,No claim is made for this field yet.
power_distribution_analog_excitation_analog_power_filter,analog_power_filter,analog power filter,false,unit_cost_gbp,,not_claimed,,,,No claim is made for this field yet.
power_distribution_analog_excitation_analog_power_filter,analog_power_filter,analog power filter,false,lead_time_weeks,,not_claimed,,,,No claim is made for this field yet.
power_distribution_analog_excitation_electrode_guard_driver,electrode_guard_driver,electrode guard driver,false,supplier,,not_claimed,,,,No claim is made for this field yet.
power_distribution_analog_excitation_electrode_guard_driver,electrode_guard_driver,electrode guard driver,false,manufacturer,,not_claimed,,,,No claim is made for this field yet.
power_distribution_analog_excitation_electrode_guard_driver,electrode_guard_driver,electrode guard driver,false,mpn,,not_claimed,,,,No claim is made for this field yet.
power_distribution_analog_excitation_electrode_guard_driver,electrode_guard_driver,electrode guard driver,false,unit_cost_gbp,,not_claimed,,,,No claim is made for this field yet.
power_distribution_analog_excitation_electrode_guard_driver,electrode_guard_driver,electrode guard driver,false,lead_time_weeks,,not_claimed,,,,No claim is made for this field yet.
power_distribution_analog_excitation_afe_wake_timer,afe_wake_timer,AFE wake timer,false,supplier,,not_claimed,,,,No claim is made for this field yet.
power_distribution_analog_excitation_afe_wake_timer,afe_wake_timer,AFE wake timer,false,manufacturer,,not_claimed,,,,No claim is made for this field yet.
power_distribution_analog_excitation_afe_wake_timer,afe_wake_timer,AFE wake timer,false,mpn,,not_claimed,,,,No claim is made for this field yet.
power_distribution_analog_excitation_afe_wake_timer,afe_wake_timer,AFE wake timer,false,unit_cost_gbp,,not_claimed,,,,No claim is made for this field yet.
power_distribution_analog_excitation_afe_wake_timer,afe_wake_timer,AFE wake timer,false,lead_time_weeks,,not_claimed,,,,No claim is made for this field yet.
power_distribution_power_fault_handling_hardwired_reset_supervisor,hardwired_reset_supervisor,hardwired reset supervisor,false,supplier,,not_claimed,,,,No claim is made for this field yet.
power_distribution_power_fault_handling_hardwired_reset_supervisor,hardwired_reset_supervisor,hardwired reset supervisor,false,manufacturer,,not_claimed,,,,No claim is made for this field yet.
power_distribution_power_fault_handling_hardwired_reset_supervisor,hardwired_reset_supervisor,hardwired reset supervisor,false,mpn,,not_claimed,,,,No claim is made for this field yet.
power_distribution_power_fault_handling_hardwired_reset_supervisor,hardwired_reset_supervisor,hardwired reset supervisor,false,unit_cost_gbp,,not_claimed,,,,No claim is made for this field yet.
power_distribution_power_fault_handling_hardwired_reset_supervisor,hardwired_reset_supervisor,hardwired reset supervisor,false,lead_time_weeks,,not_claimed,,,,No claim is made for this field yet.
power_distribution_power_fault_handling_overcurrent_limiter,overcurrent_limiter,overcurrent limiter,false,supplier,,not_claimed,,,,No claim is made for this field yet.
power_distribution_power_fault_handling_overcurrent_limiter,overcurrent_limiter,overcurrent limiter,false,manufacturer,,not_claimed,,,,No claim is made for this field yet.
power_distribution_power_fault_handling_overcurrent_limiter,overcurrent_limiter,overcurrent limiter,false,mpn,,not_claimed,,,,No claim is made for this field yet.
power_distribution_power_fault_handling_overcurrent_limiter,overcurrent_limiter,overcurrent limiter,false,unit_cost_gbp,,not_claimed,,,,No claim is made for this field yet.
power_distribution_power_fault_handling_overcurrent_limiter,overcurrent_limiter,overcurrent limiter,false,lead_time_weeks,,not_claimed,,,,No claim is made for this field yet.
power_distribution_power_fault_handling_load_gate_transistor,load_gate_transistor,load gate transistor,false,supplier,,not_claimed,,,,No claim is made for this field yet.
power_distribution_power_fault_handling_load_gate_transistor,load_gate_transistor,load gate transistor,false,manufacturer,,not_claimed,,,,No claim is made for this field yet.
power_distribution_power_fault_handling_load_gate_transistor,load_gate_transistor,load gate transistor,false,mpn,,not_claimed,,,,No claim is made for this field yet.
power_distribution_power_fault_handling_load_gate_transistor,load_gate_transistor,load gate transistor,false,unit_cost_gbp,,not_claimed,,,,No claim is made for this field yet.
power_distribution_power_fault_handling_load_gate_transistor,load_gate_transistor,load gate transistor,false,lead_time_weeks,,not_claimed,,,,No claim is made for this field yet.
power_distribution_power_fault_handling_fault_latch,fault_latch,fault latch,false,supplier,,not_claimed,,,,No claim is made for this field yet.
power_distribution_power_fault_handling_fault_latch,fault_latch,fault latch,false,manufacturer,,not_claimed,,,,No claim is made for this field yet.
power_distribution_power_fault_handling_fault_latch,fault_latch,fault latch,false,mpn,,not_claimed,,,,No claim is made for this field yet.
power_distribution_power_fault_handling_fault_latch,fault_latch,fault latch,false,unit_cost_gbp,,not_claimed,,,,No claim is made for this field yet.
power_distribution_power_fault_handling_fault_latch,fault_latch,fault latch,false,lead_time_weeks,,not_claimed,,,,No claim is made for this field yet.
control_compute_communication_mcu_firmware_low_power_microcontroller,low_power_microcontroller,Low-power microcontroller,true,supplier,,missing_source,,,,Admit source-backed supplier/manufacturer/MPN/unit-cost evidence before BoM can pass.
control_compute_communication_mcu_firmware_low_power_microcontroller,low_power_microcontroller,Low-power microcontroller,true,manufacturer,,missing_source,,,,Admit source-backed supplier/manufacturer/MPN/unit-cost evidence before BoM can pass.
control_compute_communication_mcu_firmware_low_power_microcontroller,low_power_microcontroller,Low-power microcontroller,true,mpn,,missing_source,,,,Admit source-backed supplier/manufacturer/MPN/unit-cost evidence before BoM can pass.
control_compute_communication_mcu_firmware_low_power_microcontroller,low_power_microcontroller,Low-power microcontroller,true,unit_cost_gbp,,missing_source,,,,Admit source-backed supplier/manufacturer/MPN/unit-cost evidence before BoM can pass.
control_compute_communication_mcu_firmware_low_power_microcontroller,low_power_microcontroller,Low-power microcontroller,true,lead_time_weeks,,not_claimed,,,,No claim is made for this field yet.
control_compute_communication_mcu_firmware_firmware_image,firmware_image,firmware image,false,supplier,,not_claimed,,,,No claim is made for this field yet.
control_compute_communication_mcu_firmware_firmware_image,firmware_image,firmware image,false,manufacturer,,not_claimed,,,,No claim is made for this field yet.
control_compute_communication_mcu_firmware_firmware_image,firmware_image,firmware image,false,mpn,,not_claimed,,,,No claim is made for this field yet.
control_compute_communication_mcu_firmware_firmware_image,firmware_image,firmware image,false,unit_cost_gbp,,not_claimed,,,,No claim is made for this field yet.
control_compute_communication_mcu_firmware_firmware_image,firmware_image,firmware image,false,lead_time_weeks,,not_claimed,,,,No claim is made for this field yet.
control_compute_communication_mcu_firmware_secure_boot_key_store,secure_boot_key_store,secure boot key store,false,supplier,,not_claimed,,,,No claim is made for this field yet.
control_compute_communication_mcu_firmware_secure_boot_key_store,secure_boot_key_store,secure boot key store,false,manufacturer,,not_claimed,,,,No claim is made for this field yet.
control_compute_communication_mcu_firmware_secure_boot_key_store,secure_boot_key_store,secure boot key store,false,mpn,,not_claimed,,,,No claim is made for this field yet.
control_compute_communication_mcu_firmware_secure_boot_key_store,secure_boot_key_store,secure boot key store,false,unit_cost_gbp,,not_claimed,,,,No claim is made for this field yet.
control_compute_communication_mcu_firmware_secure_boot_key_store,secure_boot_key_store,secure boot key store,false,lead_time_weeks,,not_claimed,,,,No claim is made for this field yet.
control_compute_communication_mcu_firmware_real_time_clock,real_time_clock,real-time clock,false,supplier,,not_claimed,,,,No claim is made for this field yet.
control_compute_communication_mcu_firmware_real_time_clock,real_time_clock,real-time clock,false,manufacturer,,not_claimed,,,,No claim is made for this field yet.
control_compute_communication_mcu_firmware_real_time_clock,real_time_clock,real-time clock,false,mpn,,not_claimed,,,,No claim is made for this field yet.
control_compute_communication_mcu_firmware_real_time_clock,real_time_clock,real-time clock,false,unit_cost_gbp,,not_claimed,,,,No claim is made for this field yet.
control_compute_communication_mcu_firmware_real_time_clock,real_time_clock,real-time clock,false,lead_time_weeks,,not_claimed,,,,No claim is made for this field yet.
control_compute_communication_ble_telemetry_ble_radio_module,ble_radio_module,BLE radio module,true,supplier,,missing_source,,,,Admit source-backed supplier/manufacturer/MPN/unit-cost evidence before BoM can pass.
control_compute_communication_ble_telemetry_ble_radio_module,ble_radio_module,BLE radio module,true,manufacturer,,missing_source,,,,Admit source-backed supplier/manufacturer/MPN/unit-cost evidence before BoM can pass.
control_compute_communication_ble_telemetry_ble_radio_module,ble_radio_module,BLE radio module,true,mpn,,missing_source,,,,Admit source-backed supplier/manufacturer/MPN/unit-cost evidence before BoM can pass.
control_compute_communication_ble_telemetry_ble_radio_module,ble_radio_module,BLE radio module,true,unit_cost_gbp,,missing_source,,,,Admit source-backed supplier/manufacturer/MPN/unit-cost evidence before BoM can pass.
control_compute_communication_ble_telemetry_ble_radio_module,ble_radio_module,BLE radio module,true,lead_time_weeks,,not_claimed,,,,No claim is made for this field yet.
control_compute_communication_ble_telemetry_printed_antenna,printed_antenna,printed antenna,false,supplier,,not_claimed,,,,No claim is made for this field yet.
control_compute_communication_ble_telemetry_printed_antenna,printed_antenna,printed antenna,false,manufacturer,,not_claimed,,,,No claim is made for this field yet.
control_compute_communication_ble_telemetry_printed_antenna,printed_antenna,printed antenna,false,mpn,,not_claimed,,,,No claim is made for this field yet.
control_compute_communication_ble_telemetry_printed_antenna,printed_antenna,printed antenna,false,unit_cost_gbp,,not_claimed,,,,No claim is made for this field yet.
control_compute_communication_ble_telemetry_printed_antenna,printed_antenna,printed antenna,false,lead_time_weeks,,not_claimed,,,,No claim is made for this field yet.
control_compute_communication_ble_telemetry_pairing_button_pad,pairing_button_pad,pairing button pad,false,supplier,,not_claimed,,,,No claim is made for this field yet.
control_compute_communication_ble_telemetry_pairing_button_pad,pairing_button_pad,pairing button pad,false,manufacturer,,not_claimed,,,,No claim is made for this field yet.
control_compute_communication_ble_telemetry_pairing_button_pad,pairing_button_pad,pairing button pad,false,mpn,,not_claimed,,,,No claim is made for this field yet.
control_compute_communication_ble_telemetry_pairing_button_pad,pairing_button_pad,pairing button pad,false,unit_cost_gbp,,not_claimed,,,,No claim is made for this field yet.
control_compute_communication_ble_telemetry_pairing_button_pad,pairing_button_pad,pairing button pad,false,lead_time_weeks,,not_claimed,,,,No claim is made for this field yet.
control_compute_communication_ble_telemetry_encrypted_session_counter,encrypted_session_counter,encrypted session counter,false,supplier,,not_claimed,,,,No claim is made for this field yet.
control_compute_communication_ble_telemetry_encrypted_session_counter,encrypted_session_counter,encrypted session counter,false,manufacturer,,not_claimed,,,,No claim is made for this field yet.
control_compute_communication_ble_telemetry_encrypted_session_counter,encrypted_session_counter,encrypted session counter,false,mpn,,not_claimed,,,,No claim is made for this field yet.
control_compute_communication_ble_telemetry_encrypted_session_counter,encrypted_session_counter,encrypted session counter,false,unit_cost_gbp,,not_claimed,,,,No claim is made for this field yet.
control_compute_communication_ble_telemetry_encrypted_session_counter,encrypted_session_counter,encrypted session counter,false,lead_time_weeks,,not_claimed,,,,No claim is made for this field yet.
control_compute_communication_data_buffering_glucose_trend_buffer_flash,glucose_trend_buffer_flash,glucose trend buffer flash,false,supplier,,not_claimed,,,,No claim is made for this field yet.
control_compute_communication_data_buffering_glucose_trend_buffer_flash,glucose_trend_buffer_flash,glucose trend buffer flash,false,manufacturer,,not_claimed,,,,No claim is made for this field yet.
control_compute_communication_data_buffering_glucose_trend_buffer_flash,glucose_trend_buffer_flash,glucose trend buffer flash,false,mpn,,not_claimed,,,,No claim is made for this field yet.
control_compute_communication_data_buffering_glucose_trend_buffer_flash,glucose_trend_buffer_flash,glucose trend buffer flash,false,unit_cost_gbp,,not_claimed,,,,No claim is made for this field yet.
control_compute_communication_data_buffering_glucose_trend_buffer_flash,glucose_trend_buffer_flash,glucose trend buffer flash,false,lead_time_weeks,,not_claimed,,,,No claim is made for this field yet.
control_compute_communication_data_buffering_event_log_memory,event_log_memory,event log memory,false,supplier,,not_claimed,,,,No claim is made for this field yet.
control_compute_communication_data_buffering_event_log_memory,event_log_memory,event log memory,false,manufacturer,,not_claimed,,,,No claim is made for this field yet.
control_compute_communication_data_buffering_event_log_memory,event_log_memory,event log memory,false,mpn,,not_claimed,,,,No claim is made for this field yet.
control_compute_communication_data_buffering_event_log_memory,event_log_memory,event log memory,false,unit_cost_gbp,,not_claimed,,,,No claim is made for this field yet.
control_compute_communication_data_buffering_event_log_memory,event_log_memory,event log memory,false,lead_time_weeks,,not_claimed,,,,No claim is made for this field yet.
control_compute_communication_data_buffering_calibration_data_bus_bridge,calibration_data_bus_bridge,calibration data bus bridge,false,supplier,,not_claimed,,,,No claim is made for this field yet.
control_compute_communication_data_buffering_calibration_data_bus_bridge,calibration_data_bus_bridge,calibration data bus bridge,false,manufacturer,,not_claimed,,,,No claim is made for this field yet.
control_compute_communication_data_buffering_calibration_data_bus_bridge,calibration_data_bus_bridge,calibration data bus bridge,false,mpn,,not_claimed,,,,No claim is made for this field yet.
control_compute_communication_data_buffering_calibration_data_bus_bridge,calibration_data_bus_bridge,calibration data bus bridge,false,unit_cost_gbp,,not_claimed,,,,No claim is made for this field yet.
control_compute_communication_data_buffering_calibration_data_bus_bridge,calibration_data_bus_bridge,calibration data bus bridge,false,lead_time_weeks,,not_claimed,,,,No claim is made for this field yet.
control_compute_communication_data_buffering_clock_drift_compensator,clock_drift_compensator,clock drift compensator,false,supplier,,not_claimed,,,,No claim is made for this field yet.
control_compute_communication_data_buffering_clock_drift_compensator,clock_drift_compensator,clock drift compensator,false,manufacturer,,not_claimed,,,,No claim is made for this field yet.
control_compute_communication_data_buffering_clock_drift_compensator,clock_drift_compensator,clock drift compensator,false,mpn,,not_claimed,,,,No claim is made for this field yet.
control_compute_communication_data_buffering_clock_drift_compensator,clock_drift_compensator,clock drift compensator,false,unit_cost_gbp,,not_claimed,,,,No claim is made for this field yet.
control_compute_communication_data_buffering_clock_drift_compensator,clock_drift_compensator,clock drift compensator,false,lead_time_weeks,,not_claimed,,,,No claim is made for this field yet.
environmental_interface_temperature_compensation_temperature_sensor,temperature_sensor,Temperature sensor,true,supplier,,missing_source,,,,Admit source-backed supplier/manufacturer/MPN/unit-cost evidence before BoM can pass.
environmental_interface_temperature_compensation_temperature_sensor,temperature_sensor,Temperature sensor,true,manufacturer,,missing_source,,,,Admit source-backed supplier/manufacturer/MPN/unit-cost evidence before BoM can pass.
environmental_interface_temperature_compensation_temperature_sensor,temperature_sensor,Temperature sensor,true,mpn,,missing_source,,,,Admit source-backed supplier/manufacturer/MPN/unit-cost evidence before BoM can pass.
environmental_interface_temperature_compensation_temperature_sensor,temperature_sensor,Temperature sensor,true,unit_cost_gbp,,missing_source,,,,Admit source-backed supplier/manufacturer/MPN/unit-cost evidence before BoM can pass.
environmental_interface_temperature_compensation_temperature_sensor,temperature_sensor,Temperature sensor,true,lead_time_weeks,,not_claimed,,,,No claim is made for this field yet.
environmental_interface_temperature_compensation_thermal_model_table,thermal_model_table,thermal model table,false,supplier,,not_claimed,,,,No claim is made for this field yet.
environmental_interface_temperature_compensation_thermal_model_table,thermal_model_table,thermal model table,false,manufacturer,,not_claimed,,,,No claim is made for this field yet.
environmental_interface_temperature_compensation_thermal_model_table,thermal_model_table,thermal model table,false,mpn,,not_claimed,,,,No claim is made for this field yet.
environmental_interface_temperature_compensation_thermal_model_table,thermal_model_table,thermal model table,false,unit_cost_gbp,,not_claimed,,,,No claim is made for this field yet.
environmental_interface_temperature_compensation_thermal_model_table,thermal_model_table,thermal model table,false,lead_time_weeks,,not_claimed,,,,No claim is made for this field yet.
environmental_interface_temperature_compensation_skin_temperature_flex_tail,skin_temperature_flex_tail,skin temperature flex tail,false,supplier,,not_claimed,,,,No claim is made for this field yet.
environmental_interface_temperature_compensation_skin_temperature_flex_tail,skin_temperature_flex_tail,skin temperature flex tail,false,manufacturer,,not_claimed,,,,No claim is made for this field yet.
environmental_interface_temperature_compensation_skin_temperature_flex_tail,skin_temperature_flex_tail,skin temperature flex tail,false,mpn,,not_claimed,,,,No claim is made for this field yet.
environmental_interface_temperature_compensation_skin_temperature_flex_tail,skin_temperature_flex_tail,skin temperature flex tail,false,unit_cost_gbp,,not_claimed,,,,No claim is made for this field yet.
environmental_interface_temperature_compensation_skin_temperature_flex_tail,skin_temperature_flex_tail,skin temperature flex tail,false,lead_time_weeks,,not_claimed,,,,No claim is made for this field yet.
environmental_interface_temperature_compensation_cold_start_delay_flag,cold_start_delay_flag,cold-start delay flag,false,supplier,,not_claimed,,,,No claim is made for this field yet.
environmental_interface_temperature_compensation_cold_start_delay_flag,cold_start_delay_flag,cold-start delay flag,false,manufacturer,,not_claimed,,,,No claim is made for this field yet.
environmental_interface_temperature_compensation_cold_start_delay_flag,cold_start_delay_flag,cold-start delay flag,false,mpn,,not_claimed,,,,No claim is made for this field yet.
environmental_interface_temperature_compensation_cold_start_delay_flag,cold_start_delay_flag,cold-start delay flag,false,unit_cost_gbp,,not_claimed,,,,No claim is made for this field yet.
environmental_interface_temperature_compensation_cold_start_delay_flag,cold_start_delay_flag,cold-start delay flag,false,lead_time_weeks,,not_claimed,,,,No claim is made for this field yet.
environmental_interface_sweat_water_boundary_sweat_barrier_film,sweat_barrier_film,sweat barrier film,false,supplier,,not_claimed,,,,No claim is made for this field yet.
environmental_interface_sweat_water_boundary_sweat_barrier_film,sweat_barrier_film,sweat barrier film,false,manufacturer,,not_claimed,,,,No claim is made for this field yet.
environmental_interface_sweat_water_boundary_sweat_barrier_film,sweat_barrier_film,sweat barrier film,false,mpn,,not_claimed,,,,No claim is made for this field yet.
environmental_interface_sweat_water_boundary_sweat_barrier_film,sweat_barrier_film,sweat barrier film,false,unit_cost_gbp,,not_claimed,,,,No claim is made for this field yet.
environmental_interface_sweat_water_boundary_sweat_barrier_film,sweat_barrier_film,sweat barrier film,false,lead_time_weeks,,not_claimed,,,,No claim is made for this field yet.
environmental_interface_sweat_water_boundary_condensation_drain_groove,condensation_drain_groove,condensation drain groove,false,supplier,,not_claimed,,,,No claim is made for this field yet.
environmental_interface_sweat_water_boundary_condensation_drain_groove,condensation_drain_groove,condensation drain groove,false,manufacturer,,not_claimed,,,,No claim is made for this field yet.
environmental_interface_sweat_water_boundary_condensation_drain_groove,condensation_drain_groove,condensation drain groove,false,mpn,,not_claimed,,,,No claim is made for this field yet.
environmental_interface_sweat_water_boundary_condensation_drain_groove,condensation_drain_groove,condensation drain groove,false,unit_cost_gbp,,not_claimed,,,,No claim is made for this field yet.
environmental_interface_sweat_water_boundary_condensation_drain_groove,condensation_drain_groove,condensation drain groove,false,lead_time_weeks,,not_claimed,,,,No claim is made for this field yet.
environmental_interface_sweat_water_boundary_humidity_indicator_dot,humidity_indicator_dot,humidity indicator dot,false,supplier,,not_claimed,,,,No claim is made for this field yet.
environmental_interface_sweat_water_boundary_humidity_indicator_dot,humidity_indicator_dot,humidity indicator dot,false,manufacturer,,not_claimed,,,,No claim is made for this field yet.
environmental_interface_sweat_water_boundary_humidity_indicator_dot,humidity_indicator_dot,humidity indicator dot,false,mpn,,not_claimed,,,,No claim is made for this field yet.
environmental_interface_sweat_water_boundary_humidity_indicator_dot,humidity_indicator_dot,humidity indicator dot,false,unit_cost_gbp,,not_claimed,,,,No claim is made for this field yet.
environmental_interface_sweat_water_boundary_humidity_indicator_dot,humidity_indicator_dot,humidity indicator dot,false,lead_time_weeks,,not_claimed,,,,No claim is made for this field yet.
environmental_interface_sweat_water_boundary_ingress_exposure_witness,ingress_exposure_witness,ingress exposure witness,false,supplier,,not_claimed,,,,No claim is made for this field yet.
environmental_interface_sweat_water_boundary_ingress_exposure_witness,ingress_exposure_witness,ingress exposure witness,false,manufacturer,,not_claimed,,,,No claim is made for this field yet.
environmental_interface_sweat_water_boundary_ingress_exposure_witness,ingress_exposure_witness,ingress exposure witness,false,mpn,,not_claimed,,,,No claim is made for this field yet.
environmental_interface_sweat_water_boundary_ingress_exposure_witness,ingress_exposure_witness,ingress exposure witness,false,unit_cost_gbp,,not_claimed,,,,No claim is made for this field yet.
environmental_interface_sweat_water_boundary_ingress_exposure_witness,ingress_exposure_witness,ingress exposure witness,false,lead_time_weeks,,not_claimed,,,,No claim is made for this field yet.
environmental_interface_motion_pressure_motion_artefact_filter_table,motion_artefact_filter_table,motion artefact filter table,false,supplier,,not_claimed,,,,No claim is made for this field yet.
environmental_interface_motion_pressure_motion_artefact_filter_table,motion_artefact_filter_table,motion artefact filter table,false,manufacturer,,not_claimed,,,,No claim is made for this field yet.
environmental_interface_motion_pressure_motion_artefact_filter_table,motion_artefact_filter_table,motion artefact filter table,false,mpn,,not_claimed,,,,No claim is made for this field yet.
environmental_interface_motion_pressure_motion_artefact_filter_table,motion_artefact_filter_table,motion artefact filter table,false,unit_cost_gbp,,not_claimed,,,,No claim is made for this field yet.
environmental_interface_motion_pressure_motion_artefact_filter_table,motion_artefact_filter_table,motion artefact filter table,false,lead_time_weeks,,not_claimed,,,,No claim is made for this field yet.
environmental_interface_motion_pressure_patch_pressure_relief_slot,patch_pressure_relief_slot,patch pressure relief slot,false,supplier,,not_claimed,,,,No claim is made for this field yet.
environmental_interface_motion_pressure_patch_pressure_relief_slot,patch_pressure_relief_slot,patch pressure relief slot,false,manufacturer,,not_claimed,,,,No claim is made for this field yet.
environmental_interface_motion_pressure_patch_pressure_relief_slot,patch_pressure_relief_slot,patch pressure relief slot,false,mpn,,not_claimed,,,,No claim is made for this field yet.
environmental_interface_motion_pressure_patch_pressure_relief_slot,patch_pressure_relief_slot,patch pressure relief slot,false,unit_cost_gbp,,not_claimed,,,,No claim is made for this field yet.
environmental_interface_motion_pressure_patch_pressure_relief_slot,patch_pressure_relief_slot,patch pressure relief slot,false,lead_time_weeks,,not_claimed,,,,No claim is made for this field yet.
environmental_interface_motion_pressure_compression_warning_marker,compression_warning_marker,compression warning marker,false,supplier,,not_claimed,,,,No claim is made for this field yet.
environmental_interface_motion_pressure_compression_warning_marker,compression_warning_marker,compression warning marker,false,manufacturer,,not_claimed,,,,No claim is made for this field yet.
environmental_interface_motion_pressure_compression_warning_marker,compression_warning_marker,compression warning marker,false,mpn,,not_claimed,,,,No claim is made for this field yet.
environmental_interface_motion_pressure_compression_warning_marker,compression_warning_marker,compression warning marker,false,unit_cost_gbp,,not_claimed,,,,No claim is made for this field yet.
environmental_interface_motion_pressure_compression_warning_marker,compression_warning_marker,compression warning marker,false,lead_time_weeks,,not_claimed,,,,No claim is made for this field yet.
environmental_interface_motion_pressure_activity_context_accelerometer,activity_context_accelerometer,activity context accelerometer,false,supplier,,not_claimed,,,,No claim is made for this field yet.
environmental_interface_motion_pressure_activity_context_accelerometer,activity_context_accelerometer,activity context accelerometer,false,manufacturer,,not_claimed,,,,No claim is made for this field yet.
environmental_interface_motion_pressure_activity_context_accelerometer,activity_context_accelerometer,activity context accelerometer,false,mpn,,not_claimed,,,,No claim is made for this field yet.
environmental_interface_motion_pressure_activity_context_accelerometer,activity_context_accelerometer,activity context accelerometer,false,unit_cost_gbp,,not_claimed,,,,No claim is made for this field yet.
environmental_interface_motion_pressure_activity_context_accelerometer,activity_context_accelerometer,activity context accelerometer,false,lead_time_weeks,,not_claimed,,,,No claim is made for this field yet.
safety_protection_patient_alarm_logic_hypoglycaemia_alarm_state,hypoglycaemia_alarm_state,hypoglycaemia alarm state,false,supplier,,not_claimed,,,,No claim is made for this field yet.
safety_protection_patient_alarm_logic_hypoglycaemia_alarm_state,hypoglycaemia_alarm_state,hypoglycaemia alarm state,false,manufacturer,,not_claimed,,,,No claim is made for this field yet.
safety_protection_patient_alarm_logic_hypoglycaemia_alarm_state,hypoglycaemia_alarm_state,hypoglycaemia alarm state,false,mpn,,not_claimed,,,,No claim is made for this field yet.
safety_protection_patient_alarm_logic_hypoglycaemia_alarm_state,hypoglycaemia_alarm_state,hypoglycaemia alarm state,false,unit_cost_gbp,,not_claimed,,,,No claim is made for this field yet.
safety_protection_patient_alarm_logic_hypoglycaemia_alarm_state,hypoglycaemia_alarm_state,hypoglycaemia alarm state,false,lead_time_weeks,,not_claimed,,,,No claim is made for this field yet.
safety_protection_patient_alarm_logic_hyperglycaemia_alarm_state,hyperglycaemia_alarm_state,hyperglycaemia alarm state,false,supplier,,not_claimed,,,,No claim is made for this field yet.
safety_protection_patient_alarm_logic_hyperglycaemia_alarm_state,hyperglycaemia_alarm_state,hyperglycaemia alarm state,false,manufacturer,,not_claimed,,,,No claim is made for this field yet.
safety_protection_patient_alarm_logic_hyperglycaemia_alarm_state,hyperglycaemia_alarm_state,hyperglycaemia alarm state,false,mpn,,not_claimed,,,,No claim is made for this field yet.
safety_protection_patient_alarm_logic_hyperglycaemia_alarm_state,hyperglycaemia_alarm_state,hyperglycaemia alarm state,false,unit_cost_gbp,,not_claimed,,,,No claim is made for this field yet.
safety_protection_patient_alarm_logic_hyperglycaemia_alarm_state,hyperglycaemia_alarm_state,hyperglycaemia alarm state,false,lead_time_weeks,,not_claimed,,,,No claim is made for this field yet.
safety_protection_patient_alarm_logic_sensor_fault_classifier,sensor_fault_classifier,sensor fault classifier,false,supplier,,not_claimed,,,,No claim is made for this field yet.
safety_protection_patient_alarm_logic_sensor_fault_classifier,sensor_fault_classifier,sensor fault classifier,false,manufacturer,,not_claimed,,,,No claim is made for this field yet.
safety_protection_patient_alarm_logic_sensor_fault_classifier,sensor_fault_classifier,sensor fault classifier,false,mpn,,not_claimed,,,,No claim is made for this field yet.
safety_protection_patient_alarm_logic_sensor_fault_classifier,sensor_fault_classifier,sensor fault classifier,false,unit_cost_gbp,,not_claimed,,,,No claim is made for this field yet.
safety_protection_patient_alarm_logic_sensor_fault_classifier,sensor_fault_classifier,sensor fault classifier,false,lead_time_weeks,,not_claimed,,,,No claim is made for this field yet.
safety_protection_patient_alarm_logic_stale_data_lockout,stale_data_lockout,stale data lockout,false,supplier,,not_claimed,,,,No claim is made for this field yet.
safety_protection_patient_alarm_logic_stale_data_lockout,stale_data_lockout,stale data lockout,false,manufacturer,,not_claimed,,,,No claim is made for this field yet.
safety_protection_patient_alarm_logic_stale_data_lockout,stale_data_lockout,stale data lockout,false,mpn,,not_claimed,,,,No claim is made for this field yet.
safety_protection_patient_alarm_logic_stale_data_lockout,stale_data_lockout,stale data lockout,false,unit_cost_gbp,,not_claimed,,,,No claim is made for this field yet.
safety_protection_patient_alarm_logic_stale_data_lockout,stale_data_lockout,stale data lockout,false,lead_time_weeks,,not_claimed,,,,No claim is made for this field yet.
safety_protection_biocompatibility_controls_biocompatibility_material_record,biocompatibility_material_record,biocompatibility material record,false,supplier,,not_claimed,,,,No claim is made for this field yet.
safety_protection_biocompatibility_controls_biocompatibility_material_record,biocompatibility_material_record,biocompatibility material record,false,manufacturer,,not_claimed,,,,No claim is made for this field yet.
safety_protection_biocompatibility_controls_biocompatibility_material_record,biocompatibility_material_record,biocompatibility material record,false,mpn,,not_claimed,,,,No claim is made for this field yet.
safety_protection_biocompatibility_controls_biocompatibility_material_record,biocompatibility_material_record,biocompatibility material record,false,unit_cost_gbp,,not_claimed,,,,No claim is made for this field yet.
safety_protection_biocompatibility_controls_biocompatibility_material_record,biocompatibility_material_record,biocompatibility material record,false,lead_time_weeks,,not_claimed,,,,No claim is made for this field yet.
safety_protection_biocompatibility_controls_adhesive_irritation_limit_tag,adhesive_irritation_limit_tag,adhesive irritation limit tag,false,supplier,,not_claimed,,,,No claim is made for this field yet.
safety_protection_biocompatibility_controls_adhesive_irritation_limit_tag,adhesive_irritation_limit_tag,adhesive irritation limit tag,false,manufacturer,,not_claimed,,,,No claim is made for this field yet.
safety_protection_biocompatibility_controls_adhesive_irritation_limit_tag,adhesive_irritation_limit_tag,adhesive irritation limit tag,false,mpn,,not_claimed,,,,No claim is made for this field yet.
safety_protection_biocompatibility_controls_adhesive_irritation_limit_tag,adhesive_irritation_limit_tag,adhesive irritation limit tag,false,unit_cost_gbp,,not_claimed,,,,No claim is made for this field yet.
safety_protection_biocompatibility_controls_adhesive_irritation_limit_tag,adhesive_irritation_limit_tag,adhesive irritation limit tag,false,lead_time_weeks,,not_claimed,,,,No claim is made for this field yet.
safety_protection_biocompatibility_controls_latex_free_label,latex_free_label,latex-free label,false,supplier,,not_claimed,,,,No claim is made for this field yet.
safety_protection_biocompatibility_controls_latex_free_label,latex_free_label,latex-free label,false,manufacturer,,not_claimed,,,,No claim is made for this field yet.
safety_protection_biocompatibility_controls_latex_free_label,latex_free_label,latex-free label,false,mpn,,not_claimed,,,,No claim is made for this field yet.
safety_protection_biocompatibility_controls_latex_free_label,latex_free_label,latex-free label,false,unit_cost_gbp,,not_claimed,,,,No claim is made for this field yet.
safety_protection_biocompatibility_controls_latex_free_label,latex_free_label,latex-free label,false,lead_time_weeks,,not_claimed,,,,No claim is made for this field yet.
safety_protection_biocompatibility_controls_skin_contact_change_log,skin_contact_change_log,skin-contact change log,false,supplier,,not_claimed,,,,No claim is made for this field yet.
safety_protection_biocompatibility_controls_skin_contact_change_log,skin_contact_change_log,skin-contact change log,false,manufacturer,,not_claimed,,,,No claim is made for this field yet.
safety_protection_biocompatibility_controls_skin_contact_change_log,skin_contact_change_log,skin-contact change log,false,mpn,,not_claimed,,,,No claim is made for this field yet.
safety_protection_biocompatibility_controls_skin_contact_change_log,skin_contact_change_log,skin-contact change log,false,unit_cost_gbp,,not_claimed,,,,No claim is made for this field yet.
safety_protection_biocompatibility_controls_skin_contact_change_log,skin_contact_change_log,skin-contact change log,false,lead_time_weeks,,not_claimed,,,,No claim is made for this field yet.
safety_protection_sterile_sharps_safety_sterile_boundary_indicator,sterile_boundary_indicator,sterile boundary indicator,false,supplier,,not_claimed,,,,No claim is made for this field yet.
safety_protection_sterile_sharps_safety_sterile_boundary_indicator,sterile_boundary_indicator,sterile boundary indicator,false,manufacturer,,not_claimed,,,,No claim is made for this field yet.
safety_protection_sterile_sharps_safety_sterile_boundary_indicator,sterile_boundary_indicator,sterile boundary indicator,false,mpn,,not_claimed,,,,No claim is made for this field yet.
safety_protection_sterile_sharps_safety_sterile_boundary_indicator,sterile_boundary_indicator,sterile boundary indicator,false,unit_cost_gbp,,not_claimed,,,,No claim is made for this field yet.
safety_protection_sterile_sharps_safety_sterile_boundary_indicator,sterile_boundary_indicator,sterile boundary indicator,false,lead_time_weeks,,not_claimed,,,,No claim is made for this field yet.
safety_protection_sterile_sharps_safety_sharps_injury_warning_label,sharps_injury_warning_label,sharps injury warning label,false,supplier,,not_claimed,,,,No claim is made for this field yet.
safety_protection_sterile_sharps_safety_sharps_injury_warning_label,sharps_injury_warning_label,sharps injury warning label,false,manufacturer,,not_claimed,,,,No claim is made for this field yet.
safety_protection_sterile_sharps_safety_sharps_injury_warning_label,sharps_injury_warning_label,sharps injury warning label,false,mpn,,not_claimed,,,,No claim is made for this field yet.
safety_protection_sterile_sharps_safety_sharps_injury_warning_label,sharps_injury_warning_label,sharps injury warning label,false,unit_cost_gbp,,not_claimed,,,,No claim is made for this field yet.
safety_protection_sterile_sharps_safety_sharps_injury_warning_label,sharps_injury_warning_label,sharps injury warning label,false,lead_time_weeks,,not_claimed,,,,No claim is made for this field yet.
safety_protection_sterile_sharps_safety_applicator_disposal_instruction,applicator_disposal_instruction,applicator disposal instruction,false,supplier,,not_claimed,,,,No claim is made for this field yet.
safety_protection_sterile_sharps_safety_applicator_disposal_instruction,applicator_disposal_instruction,applicator disposal instruction,false,manufacturer,,not_claimed,,,,No claim is made for this field yet.
safety_protection_sterile_sharps_safety_applicator_disposal_instruction,applicator_disposal_instruction,applicator disposal instruction,false,mpn,,not_claimed,,,,No claim is made for this field yet.
safety_protection_sterile_sharps_safety_applicator_disposal_instruction,applicator_disposal_instruction,applicator disposal instruction,false,unit_cost_gbp,,not_claimed,,,,No claim is made for this field yet.
safety_protection_sterile_sharps_safety_applicator_disposal_instruction,applicator_disposal_instruction,applicator disposal instruction,false,lead_time_weeks,,not_claimed,,,,No claim is made for this field yet.
safety_protection_sterile_sharps_safety_tamper_evident_seal,tamper_evident_seal,tamper evident seal,false,supplier,,not_claimed,,,,No claim is made for this field yet.
safety_protection_sterile_sharps_safety_tamper_evident_seal,tamper_evident_seal,tamper evident seal,false,manufacturer,,not_claimed,,,,No claim is made for this field yet.
safety_protection_sterile_sharps_safety_tamper_evident_seal,tamper_evident_seal,tamper evident seal,false,mpn,,not_claimed,,,,No claim is made for this field yet.
safety_protection_sterile_sharps_safety_tamper_evident_seal,tamper_evident_seal,tamper evident seal,false,unit_cost_gbp,,not_claimed,,,,No claim is made for this field yet.
safety_protection_sterile_sharps_safety_tamper_evident_seal,tamper_evident_seal,tamper evident seal,false,lead_time_weeks,,not_claimed,,,,No claim is made for this field yet.
maintenance_serviceability_sterile_packaging_sterile_barrier_pouch,sterile_barrier_pouch,Sterile barrier pouch,true,supplier,,missing_source,,,,Admit source-backed supplier/manufacturer/MPN/unit-cost evidence before BoM can pass.
maintenance_serviceability_sterile_packaging_sterile_barrier_pouch,sterile_barrier_pouch,Sterile barrier pouch,true,manufacturer,,missing_source,,,,Admit source-backed supplier/manufacturer/MPN/unit-cost evidence before BoM can pass.
maintenance_serviceability_sterile_packaging_sterile_barrier_pouch,sterile_barrier_pouch,Sterile barrier pouch,true,mpn,,missing_source,,,,Admit source-backed supplier/manufacturer/MPN/unit-cost evidence before BoM can pass.
maintenance_serviceability_sterile_packaging_sterile_barrier_pouch,sterile_barrier_pouch,Sterile barrier pouch,true,unit_cost_gbp,,missing_source,,,,Admit source-backed supplier/manufacturer/MPN/unit-cost evidence before BoM can pass.
maintenance_serviceability_sterile_packaging_sterile_barrier_pouch,sterile_barrier_pouch,Sterile barrier pouch,true,lead_time_weeks,,not_claimed,,,,No claim is made for this field yet.
maintenance_serviceability_sterile_packaging_desiccant_sachet,desiccant_sachet,desiccant sachet,false,supplier,,not_claimed,,,,No claim is made for this field yet.
maintenance_serviceability_sterile_packaging_desiccant_sachet,desiccant_sachet,desiccant sachet,false,manufacturer,,not_claimed,,,,No claim is made for this field yet.
maintenance_serviceability_sterile_packaging_desiccant_sachet,desiccant_sachet,desiccant sachet,false,mpn,,not_claimed,,,,No claim is made for this field yet.
maintenance_serviceability_sterile_packaging_desiccant_sachet,desiccant_sachet,desiccant sachet,false,unit_cost_gbp,,not_claimed,,,,No claim is made for this field yet.
maintenance_serviceability_sterile_packaging_desiccant_sachet,desiccant_sachet,desiccant sachet,false,lead_time_weeks,,not_claimed,,,,No claim is made for this field yet.
maintenance_serviceability_sterile_packaging_pouch_seal_indicator,pouch_seal_indicator,pouch seal indicator,false,supplier,,not_claimed,,,,No claim is made for this field yet.
maintenance_serviceability_sterile_packaging_pouch_seal_indicator,pouch_seal_indicator,pouch seal indicator,false,manufacturer,,not_claimed,,,,No claim is made for this field yet.
maintenance_serviceability_sterile_packaging_pouch_seal_indicator,pouch_seal_indicator,pouch seal indicator,false,mpn,,not_claimed,,,,No claim is made for this field yet.
maintenance_serviceability_sterile_packaging_pouch_seal_indicator,pouch_seal_indicator,pouch seal indicator,false,unit_cost_gbp,,not_claimed,,,,No claim is made for this field yet.
maintenance_serviceability_sterile_packaging_pouch_seal_indicator,pouch_seal_indicator,pouch seal indicator,false,lead_time_weeks,,not_claimed,,,,No claim is made for this field yet.
maintenance_serviceability_sterile_packaging_expiry_date_label,expiry_date_label,expiry date label,false,supplier,,not_claimed,,,,No claim is made for this field yet.
maintenance_serviceability_sterile_packaging_expiry_date_label,expiry_date_label,expiry date label,false,manufacturer,,not_claimed,,,,No claim is made for this field yet.
maintenance_serviceability_sterile_packaging_expiry_date_label,expiry_date_label,expiry date label,false,mpn,,not_claimed,,,,No claim is made for this field yet.
maintenance_serviceability_sterile_packaging_expiry_date_label,expiry_date_label,expiry date label,false,unit_cost_gbp,,not_claimed,,,,No claim is made for this field yet.
maintenance_serviceability_sterile_packaging_expiry_date_label,expiry_date_label,expiry date label,false,lead_time_weeks,,not_claimed,,,,No claim is made for this field yet.
maintenance_serviceability_lot_traceability_udi_label_set,udi_label_set,UDI label set,true,supplier,,missing_source,,,,Admit source-backed supplier/manufacturer/MPN/unit-cost evidence before BoM can pass.
maintenance_serviceability_lot_traceability_udi_label_set,udi_label_set,UDI label set,true,manufacturer,,missing_source,,,,Admit source-backed supplier/manufacturer/MPN/unit-cost evidence before BoM can pass.
maintenance_serviceability_lot_traceability_udi_label_set,udi_label_set,UDI label set,true,mpn,,missing_source,,,,Admit source-backed supplier/manufacturer/MPN/unit-cost evidence before BoM can pass.
maintenance_serviceability_lot_traceability_udi_label_set,udi_label_set,UDI label set,true,unit_cost_gbp,,missing_source,,,,Admit source-backed supplier/manufacturer/MPN/unit-cost evidence before BoM can pass.
maintenance_serviceability_lot_traceability_udi_label_set,udi_label_set,UDI label set,true,lead_time_weeks,,not_claimed,,,,No claim is made for this field yet.
maintenance_serviceability_lot_traceability_ifu_leaflet,ifu_leaflet,IFU leaflet,false,supplier,,not_claimed,,,,No claim is made for this field yet.
maintenance_serviceability_lot_traceability_ifu_leaflet,ifu_leaflet,IFU leaflet,false,manufacturer,,not_claimed,,,,No claim is made for this field yet.
maintenance_serviceability_lot_traceability_ifu_leaflet,ifu_leaflet,IFU leaflet,false,mpn,,not_claimed,,,,No claim is made for this field yet.
maintenance_serviceability_lot_traceability_ifu_leaflet,ifu_leaflet,IFU leaflet,false,unit_cost_gbp,,not_claimed,,,,No claim is made for this field yet.
maintenance_serviceability_lot_traceability_ifu_leaflet,ifu_leaflet,IFU leaflet,false,lead_time_weeks,,not_claimed,,,,No claim is made for this field yet.
maintenance_serviceability_lot_traceability_lot_traceability_barcode,lot_traceability_barcode,lot traceability barcode,false,supplier,,not_claimed,,,,No claim is made for this field yet.
maintenance_serviceability_lot_traceability_lot_traceability_barcode,lot_traceability_barcode,lot traceability barcode,false,manufacturer,,not_claimed,,,,No claim is made for this field yet.
maintenance_serviceability_lot_traceability_lot_traceability_barcode,lot_traceability_barcode,lot traceability barcode,false,mpn,,not_claimed,,,,No claim is made for this field yet.
maintenance_serviceability_lot_traceability_lot_traceability_barcode,lot_traceability_barcode,lot traceability barcode,false,unit_cost_gbp,,not_claimed,,,,No claim is made for this field yet.
maintenance_serviceability_lot_traceability_lot_traceability_barcode,lot_traceability_barcode,lot traceability barcode,false,lead_time_weeks,,not_claimed,,,,No claim is made for this field yet.
maintenance_serviceability_lot_traceability_release_inspection_stamp,release_inspection_stamp,release inspection stamp,false,supplier,,not_claimed,,,,No claim is made for this field yet.
maintenance_serviceability_lot_traceability_release_inspection_stamp,release_inspection_stamp,release inspection stamp,false,manufacturer,,not_claimed,,,,No claim is made for this field yet.
maintenance_serviceability_lot_traceability_release_inspection_stamp,release_inspection_stamp,release inspection stamp,false,mpn,,not_claimed,,,,No claim is made for this field yet.
maintenance_serviceability_lot_traceability_release_inspection_stamp,release_inspection_stamp,release inspection stamp,false,unit_cost_gbp,,not_claimed,,,,No claim is made for this field yet.
maintenance_serviceability_lot_traceability_release_inspection_stamp,release_inspection_stamp,release inspection stamp,false,lead_time_weeks,,not_claimed,,,,No claim is made for this field yet.
maintenance_serviceability_user_setup_phone_pairing_qr_card,phone_pairing_qr_card,phone pairing QR card,false,supplier,,not_claimed,,,,No claim is made for this field yet.
maintenance_serviceability_user_setup_phone_pairing_qr_card,phone_pairing_qr_card,phone pairing QR card,false,manufacturer,,not_claimed,,,,No claim is made for this field yet.
maintenance_serviceability_user_setup_phone_pairing_qr_card,phone_pairing_qr_card,phone pairing QR card,false,mpn,,not_claimed,,,,No claim is made for this field yet.
maintenance_serviceability_user_setup_phone_pairing_qr_card,phone_pairing_qr_card,phone pairing QR card,false,unit_cost_gbp,,not_claimed,,,,No claim is made for this field yet.
maintenance_serviceability_user_setup_phone_pairing_qr_card,phone_pairing_qr_card,phone pairing QR card,false,lead_time_weeks,,not_claimed,,,,No claim is made for this field yet.
maintenance_serviceability_user_setup_applicator_instruction_card,applicator_instruction_card,applicator instruction card,false,supplier,,not_claimed,,,,No claim is made for this field yet.
maintenance_serviceability_user_setup_applicator_instruction_card,applicator_instruction_card,applicator instruction card,false,manufacturer,,not_claimed,,,,No claim is made for this field yet.
maintenance_serviceability_user_setup_applicator_instruction_card,applicator_instruction_card,applicator instruction card,false,mpn,,not_claimed,,,,No claim is made for this field yet.
maintenance_serviceability_user_setup_applicator_instruction_card,applicator_instruction_card,applicator instruction card,false,unit_cost_gbp,,not_claimed,,,,No claim is made for this field yet.
maintenance_serviceability_user_setup_applicator_instruction_card,applicator_instruction_card,applicator instruction card,false,lead_time_weeks,,not_claimed,,,,No claim is made for this field yet.
maintenance_serviceability_user_setup_sensor_warm_up_timer_label,sensor_warm_up_timer_label,sensor warm-up timer label,false,supplier,,not_claimed,,,,No claim is made for this field yet.
maintenance_serviceability_user_setup_sensor_warm_up_timer_label,sensor_warm_up_timer_label,sensor warm-up timer label,false,manufacturer,,not_claimed,,,,No claim is made for this field yet.
maintenance_serviceability_user_setup_sensor_warm_up_timer_label,sensor_warm_up_timer_label,sensor warm-up timer label,false,mpn,,not_claimed,,,,No claim is made for this field yet.
maintenance_serviceability_user_setup_sensor_warm_up_timer_label,sensor_warm_up_timer_label,sensor warm-up timer label,false,unit_cost_gbp,,not_claimed,,,,No claim is made for this field yet.
maintenance_serviceability_user_setup_sensor_warm_up_timer_label,sensor_warm_up_timer_label,sensor warm-up timer label,false,lead_time_weeks,,not_claimed,,,,No claim is made for this field yet.
maintenance_serviceability_user_setup_adhesive_removal_wipe,adhesive_removal_wipe,adhesive removal wipe,false,supplier,,not_claimed,,,,No claim is made for this field yet.
maintenance_serviceability_user_setup_adhesive_removal_wipe,adhesive_removal_wipe,adhesive removal wipe,false,manufacturer,,not_claimed,,,,No claim is made for this field yet.
maintenance_serviceability_user_setup_adhesive_removal_wipe,adhesive_removal_wipe,adhesive removal wipe,false,mpn,,not_claimed,,,,No claim is made for this field yet.
maintenance_serviceability_user_setup_adhesive_removal_wipe,adhesive_removal_wipe,adhesive removal wipe,false,unit_cost_gbp,,not_claimed,,,,No claim is made for this field yet.
maintenance_serviceability_user_setup_adhesive_removal_wipe,adhesive_removal_wipe,adhesive removal wipe,false,lead_time_weeks,,not_claimed,,,,No claim is made for this field yet.
