lineId,componentWordId,description,critical,field,value,status,sourceRef,sourceQuote,retrievedAt,nextAction
structure_containment_wing_primary_structure_high_aspect_ratio_wing_structure,high_aspect_ratio_wing_structure,High-aspect-ratio wing structure,true,supplier,,missing_source,,,,Admit source-backed supplier/manufacturer/MPN/unit-cost evidence before BoM can pass.
structure_containment_wing_primary_structure_high_aspect_ratio_wing_structure,high_aspect_ratio_wing_structure,High-aspect-ratio wing structure,true,manufacturer,,missing_source,,,,Admit source-backed supplier/manufacturer/MPN/unit-cost evidence before BoM can pass.
structure_containment_wing_primary_structure_high_aspect_ratio_wing_structure,high_aspect_ratio_wing_structure,High-aspect-ratio wing structure,true,mpn,,missing_source,,,,Admit source-backed supplier/manufacturer/MPN/unit-cost evidence before BoM can pass.
structure_containment_wing_primary_structure_high_aspect_ratio_wing_structure,high_aspect_ratio_wing_structure,High-aspect-ratio wing structure,true,unit_cost_gbp,,missing_source,,,,Admit source-backed supplier/manufacturer/MPN/unit-cost evidence before BoM can pass.
structure_containment_wing_primary_structure_high_aspect_ratio_wing_structure,high_aspect_ratio_wing_structure,High-aspect-ratio wing structure,true,lead_time_weeks,,not_claimed,,,,No claim is made for this field yet.
structure_containment_wing_primary_structure_carbon_spar_cap_set,carbon_spar_cap_set,carbon spar cap set,false,supplier,,not_claimed,,,,No claim is made for this field yet.
structure_containment_wing_primary_structure_carbon_spar_cap_set,carbon_spar_cap_set,carbon spar cap set,false,manufacturer,,not_claimed,,,,No claim is made for this field yet.
structure_containment_wing_primary_structure_carbon_spar_cap_set,carbon_spar_cap_set,carbon spar cap set,false,mpn,,not_claimed,,,,No claim is made for this field yet.
structure_containment_wing_primary_structure_carbon_spar_cap_set,carbon_spar_cap_set,carbon spar cap set,false,unit_cost_gbp,,not_claimed,,,,No claim is made for this field yet.
structure_containment_wing_primary_structure_carbon_spar_cap_set,carbon_spar_cap_set,carbon spar cap set,false,lead_time_weeks,,not_claimed,,,,No claim is made for this field yet.
structure_containment_wing_primary_structure_foam_rib_set,foam_rib_set,foam rib set,false,supplier,,not_claimed,,,,No claim is made for this field yet.
structure_containment_wing_primary_structure_foam_rib_set,foam_rib_set,foam rib set,false,manufacturer,,not_claimed,,,,No claim is made for this field yet.
structure_containment_wing_primary_structure_foam_rib_set,foam_rib_set,foam rib set,false,mpn,,not_claimed,,,,No claim is made for this field yet.
structure_containment_wing_primary_structure_foam_rib_set,foam_rib_set,foam rib set,false,unit_cost_gbp,,not_claimed,,,,No claim is made for this field yet.
structure_containment_wing_primary_structure_foam_rib_set,foam_rib_set,foam rib set,false,lead_time_weeks,,not_claimed,,,,No claim is made for this field yet.
structure_containment_wing_primary_structure_wing_joiner_sleeve,wing_joiner_sleeve,wing joiner sleeve,false,supplier,,not_claimed,,,,No claim is made for this field yet.
structure_containment_wing_primary_structure_wing_joiner_sleeve,wing_joiner_sleeve,wing joiner sleeve,false,manufacturer,,not_claimed,,,,No claim is made for this field yet.
structure_containment_wing_primary_structure_wing_joiner_sleeve,wing_joiner_sleeve,wing joiner sleeve,false,mpn,,not_claimed,,,,No claim is made for this field yet.
structure_containment_wing_primary_structure_wing_joiner_sleeve,wing_joiner_sleeve,wing joiner sleeve,false,unit_cost_gbp,,not_claimed,,,,No claim is made for this field yet.
structure_containment_wing_primary_structure_wing_joiner_sleeve,wing_joiner_sleeve,wing joiner sleeve,false,lead_time_weeks,,not_claimed,,,,No claim is made for this field yet.
structure_containment_tail_control_structure_tail_boom_assembly,tail_boom_assembly,tail boom assembly,false,supplier,,not_claimed,,,,No claim is made for this field yet.
structure_containment_tail_control_structure_tail_boom_assembly,tail_boom_assembly,tail boom assembly,false,manufacturer,,not_claimed,,,,No claim is made for this field yet.
structure_containment_tail_control_structure_tail_boom_assembly,tail_boom_assembly,tail boom assembly,false,mpn,,not_claimed,,,,No claim is made for this field yet.
structure_containment_tail_control_structure_tail_boom_assembly,tail_boom_assembly,tail boom assembly,false,unit_cost_gbp,,not_claimed,,,,No claim is made for this field yet.
structure_containment_tail_control_structure_tail_boom_assembly,tail_boom_assembly,tail boom assembly,false,lead_time_weeks,,not_claimed,,,,No claim is made for this field yet.
structure_containment_tail_control_structure_elevator_surface,elevator_surface,elevator surface,false,supplier,,not_claimed,,,,No claim is made for this field yet.
structure_containment_tail_control_structure_elevator_surface,elevator_surface,elevator surface,false,manufacturer,,not_claimed,,,,No claim is made for this field yet.
structure_containment_tail_control_structure_elevator_surface,elevator_surface,elevator surface,false,mpn,,not_claimed,,,,No claim is made for this field yet.
structure_containment_tail_control_structure_elevator_surface,elevator_surface,elevator surface,false,unit_cost_gbp,,not_claimed,,,,No claim is made for this field yet.
structure_containment_tail_control_structure_elevator_surface,elevator_surface,elevator surface,false,lead_time_weeks,,not_claimed,,,,No claim is made for this field yet.
structure_containment_tail_control_structure_rudder_surface,rudder_surface,rudder surface,false,supplier,,not_claimed,,,,No claim is made for this field yet.
structure_containment_tail_control_structure_rudder_surface,rudder_surface,rudder surface,false,manufacturer,,not_claimed,,,,No claim is made for this field yet.
structure_containment_tail_control_structure_rudder_surface,rudder_surface,rudder surface,false,mpn,,not_claimed,,,,No claim is made for this field yet.
structure_containment_tail_control_structure_rudder_surface,rudder_surface,rudder surface,false,unit_cost_gbp,,not_claimed,,,,No claim is made for this field yet.
structure_containment_tail_control_structure_rudder_surface,rudder_surface,rudder surface,false,lead_time_weeks,,not_claimed,,,,No claim is made for this field yet.
structure_containment_tail_control_structure_control_hinge_set,control_hinge_set,control hinge set,false,supplier,,not_claimed,,,,No claim is made for this field yet.
structure_containment_tail_control_structure_control_hinge_set,control_hinge_set,control hinge set,false,manufacturer,,not_claimed,,,,No claim is made for this field yet.
structure_containment_tail_control_structure_control_hinge_set,control_hinge_set,control hinge set,false,mpn,,not_claimed,,,,No claim is made for this field yet.
structure_containment_tail_control_structure_control_hinge_set,control_hinge_set,control hinge set,false,unit_cost_gbp,,not_claimed,,,,No claim is made for this field yet.
structure_containment_tail_control_structure_control_hinge_set,control_hinge_set,control hinge set,false,lead_time_weeks,,not_claimed,,,,No claim is made for this field yet.
structure_containment_payload_bay_structure_payload_bay_frame,payload_bay_frame,payload bay frame,false,supplier,,not_claimed,,,,No claim is made for this field yet.
structure_containment_payload_bay_structure_payload_bay_frame,payload_bay_frame,payload bay frame,false,manufacturer,,not_claimed,,,,No claim is made for this field yet.
structure_containment_payload_bay_structure_payload_bay_frame,payload_bay_frame,payload bay frame,false,mpn,,not_claimed,,,,No claim is made for this field yet.
structure_containment_payload_bay_structure_payload_bay_frame,payload_bay_frame,payload bay frame,false,unit_cost_gbp,,not_claimed,,,,No claim is made for this field yet.
structure_containment_payload_bay_structure_payload_bay_frame,payload_bay_frame,payload bay frame,false,lead_time_weeks,,not_claimed,,,,No claim is made for this field yet.
structure_containment_payload_bay_structure_avionics_tray,avionics_tray,avionics tray,false,supplier,,not_claimed,,,,No claim is made for this field yet.
structure_containment_payload_bay_structure_avionics_tray,avionics_tray,avionics tray,false,manufacturer,,not_claimed,,,,No claim is made for this field yet.
structure_containment_payload_bay_structure_avionics_tray,avionics_tray,avionics tray,false,mpn,,not_claimed,,,,No claim is made for this field yet.
structure_containment_payload_bay_structure_avionics_tray,avionics_tray,avionics tray,false,unit_cost_gbp,,not_claimed,,,,No claim is made for this field yet.
structure_containment_payload_bay_structure_avionics_tray,avionics_tray,avionics tray,false,lead_time_weeks,,not_claimed,,,,No claim is made for this field yet.
structure_containment_payload_bay_structure_access_panel_latch_set,access_panel_latch_set,access panel latch set,false,supplier,,not_claimed,,,,No claim is made for this field yet.
structure_containment_payload_bay_structure_access_panel_latch_set,access_panel_latch_set,access panel latch set,false,manufacturer,,not_claimed,,,,No claim is made for this field yet.
structure_containment_payload_bay_structure_access_panel_latch_set,access_panel_latch_set,access panel latch set,false,mpn,,not_claimed,,,,No claim is made for this field yet.
structure_containment_payload_bay_structure_access_panel_latch_set,access_panel_latch_set,access panel latch set,false,unit_cost_gbp,,not_claimed,,,,No claim is made for this field yet.
structure_containment_payload_bay_structure_access_panel_latch_set,access_panel_latch_set,access panel latch set,false,lead_time_weeks,,not_claimed,,,,No claim is made for this field yet.
structure_containment_payload_bay_structure_mass_balance_bracket,mass_balance_bracket,mass balance bracket,false,supplier,,not_claimed,,,,No claim is made for this field yet.
structure_containment_payload_bay_structure_mass_balance_bracket,mass_balance_bracket,mass balance bracket,false,manufacturer,,not_claimed,,,,No claim is made for this field yet.
structure_containment_payload_bay_structure_mass_balance_bracket,mass_balance_bracket,mass balance bracket,false,mpn,,not_claimed,,,,No claim is made for this field yet.
structure_containment_payload_bay_structure_mass_balance_bracket,mass_balance_bracket,mass balance bracket,false,unit_cost_gbp,,not_claimed,,,,No claim is made for this field yet.
structure_containment_payload_bay_structure_mass_balance_bracket,mass_balance_bracket,mass balance bracket,false,lead_time_weeks,,not_claimed,,,,No claim is made for this field yet.
energy_harvesting_solar_skin_array_solar_cell_array,solar_cell_array,Solar cell array,true,supplier,,missing_source,,,,Admit source-backed supplier/manufacturer/MPN/unit-cost evidence before BoM can pass.
energy_harvesting_solar_skin_array_solar_cell_array,solar_cell_array,Solar cell array,true,manufacturer,,missing_source,,,,Admit source-backed supplier/manufacturer/MPN/unit-cost evidence before BoM can pass.
energy_harvesting_solar_skin_array_solar_cell_array,solar_cell_array,Solar cell array,true,mpn,,missing_source,,,,Admit source-backed supplier/manufacturer/MPN/unit-cost evidence before BoM can pass.
energy_harvesting_solar_skin_array_solar_cell_array,solar_cell_array,Solar cell array,true,unit_cost_gbp,,missing_source,,,,Admit source-backed supplier/manufacturer/MPN/unit-cost evidence before BoM can pass.
energy_harvesting_solar_skin_array_solar_cell_array,solar_cell_array,Solar cell array,true,lead_time_weeks,,not_claimed,,,,No claim is made for this field yet.
energy_harvesting_solar_skin_array_cell_interconnect_ribbon,cell_interconnect_ribbon,cell interconnect ribbon,false,supplier,,not_claimed,,,,No claim is made for this field yet.
energy_harvesting_solar_skin_array_cell_interconnect_ribbon,cell_interconnect_ribbon,cell interconnect ribbon,false,manufacturer,,not_claimed,,,,No claim is made for this field yet.
energy_harvesting_solar_skin_array_cell_interconnect_ribbon,cell_interconnect_ribbon,cell interconnect ribbon,false,mpn,,not_claimed,,,,No claim is made for this field yet.
energy_harvesting_solar_skin_array_cell_interconnect_ribbon,cell_interconnect_ribbon,cell interconnect ribbon,false,unit_cost_gbp,,not_claimed,,,,No claim is made for this field yet.
energy_harvesting_solar_skin_array_cell_interconnect_ribbon,cell_interconnect_ribbon,cell interconnect ribbon,false,lead_time_weeks,,not_claimed,,,,No claim is made for this field yet.
energy_harvesting_solar_skin_array_transparent_encapsulation_film,transparent_encapsulation_film,transparent encapsulation film,false,supplier,,not_claimed,,,,No claim is made for this field yet.
energy_harvesting_solar_skin_array_transparent_encapsulation_film,transparent_encapsulation_film,transparent encapsulation film,false,manufacturer,,not_claimed,,,,No claim is made for this field yet.
energy_harvesting_solar_skin_array_transparent_encapsulation_film,transparent_encapsulation_film,transparent encapsulation film,false,mpn,,not_claimed,,,,No claim is made for this field yet.
energy_harvesting_solar_skin_array_transparent_encapsulation_film,transparent_encapsulation_film,transparent encapsulation film,false,unit_cost_gbp,,not_claimed,,,,No claim is made for this field yet.
energy_harvesting_solar_skin_array_transparent_encapsulation_film,transparent_encapsulation_film,transparent encapsulation film,false,lead_time_weeks,,not_claimed,,,,No claim is made for this field yet.
energy_harvesting_solar_skin_array_solar_string_bypass_diode,solar_string_bypass_diode,solar string bypass diode,false,supplier,,not_claimed,,,,No claim is made for this field yet.
energy_harvesting_solar_skin_array_solar_string_bypass_diode,solar_string_bypass_diode,solar string bypass diode,false,manufacturer,,not_claimed,,,,No claim is made for this field yet.
energy_harvesting_solar_skin_array_solar_string_bypass_diode,solar_string_bypass_diode,solar string bypass diode,false,mpn,,not_claimed,,,,No claim is made for this field yet.
energy_harvesting_solar_skin_array_solar_string_bypass_diode,solar_string_bypass_diode,solar string bypass diode,false,unit_cost_gbp,,not_claimed,,,,No claim is made for this field yet.
energy_harvesting_solar_skin_array_solar_string_bypass_diode,solar_string_bypass_diode,solar string bypass diode,false,lead_time_weeks,,not_claimed,,,,No claim is made for this field yet.
energy_harvesting_mppt_conversion_mppt_power_tracker,mppt_power_tracker,MPPT power tracker,true,supplier,,missing_source,,,,Admit source-backed supplier/manufacturer/MPN/unit-cost evidence before BoM can pass.
energy_harvesting_mppt_conversion_mppt_power_tracker,mppt_power_tracker,MPPT power tracker,true,manufacturer,,missing_source,,,,Admit source-backed supplier/manufacturer/MPN/unit-cost evidence before BoM can pass.
energy_harvesting_mppt_conversion_mppt_power_tracker,mppt_power_tracker,MPPT power tracker,true,mpn,,missing_source,,,,Admit source-backed supplier/manufacturer/MPN/unit-cost evidence before BoM can pass.
energy_harvesting_mppt_conversion_mppt_power_tracker,mppt_power_tracker,MPPT power tracker,true,unit_cost_gbp,,missing_source,,,,Admit source-backed supplier/manufacturer/MPN/unit-cost evidence before BoM can pass.
energy_harvesting_mppt_conversion_mppt_power_tracker,mppt_power_tracker,MPPT power tracker,true,lead_time_weeks,,not_claimed,,,,No claim is made for this field yet.
energy_harvesting_mppt_conversion_solar_input_current_sensor,solar_input_current_sensor,solar input current sensor,false,supplier,,not_claimed,,,,No claim is made for this field yet.
energy_harvesting_mppt_conversion_solar_input_current_sensor,solar_input_current_sensor,solar input current sensor,false,manufacturer,,not_claimed,,,,No claim is made for this field yet.
energy_harvesting_mppt_conversion_solar_input_current_sensor,solar_input_current_sensor,solar input current sensor,false,mpn,,not_claimed,,,,No claim is made for this field yet.
energy_harvesting_mppt_conversion_solar_input_current_sensor,solar_input_current_sensor,solar input current sensor,false,unit_cost_gbp,,not_claimed,,,,No claim is made for this field yet.
energy_harvesting_mppt_conversion_solar_input_current_sensor,solar_input_current_sensor,solar input current sensor,false,lead_time_weeks,,not_claimed,,,,No claim is made for this field yet.
energy_harvesting_mppt_conversion_solar_voltage_tap_loom,solar_voltage_tap_loom,solar voltage tap loom,false,supplier,,not_claimed,,,,No claim is made for this field yet.
energy_harvesting_mppt_conversion_solar_voltage_tap_loom,solar_voltage_tap_loom,solar voltage tap loom,false,manufacturer,,not_claimed,,,,No claim is made for this field yet.
energy_harvesting_mppt_conversion_solar_voltage_tap_loom,solar_voltage_tap_loom,solar voltage tap loom,false,mpn,,not_claimed,,,,No claim is made for this field yet.
energy_harvesting_mppt_conversion_solar_voltage_tap_loom,solar_voltage_tap_loom,solar voltage tap loom,false,unit_cost_gbp,,not_claimed,,,,No claim is made for this field yet.
energy_harvesting_mppt_conversion_solar_voltage_tap_loom,solar_voltage_tap_loom,solar voltage tap loom,false,lead_time_weeks,,not_claimed,,,,No claim is made for this field yet.
energy_harvesting_mppt_conversion_mppt_heat_spreader,mppt_heat_spreader,MPPT heat spreader,false,supplier,,not_claimed,,,,No claim is made for this field yet.
energy_harvesting_mppt_conversion_mppt_heat_spreader,mppt_heat_spreader,MPPT heat spreader,false,manufacturer,,not_claimed,,,,No claim is made for this field yet.
energy_harvesting_mppt_conversion_mppt_heat_spreader,mppt_heat_spreader,MPPT heat spreader,false,mpn,,not_claimed,,,,No claim is made for this field yet.
energy_harvesting_mppt_conversion_mppt_heat_spreader,mppt_heat_spreader,MPPT heat spreader,false,unit_cost_gbp,,not_claimed,,,,No claim is made for this field yet.
energy_harvesting_mppt_conversion_mppt_heat_spreader,mppt_heat_spreader,MPPT heat spreader,false,lead_time_weeks,,not_claimed,,,,No claim is made for this field yet.
energy_harvesting_solar_health_monitoring_solar_string_monitor_board,solar_string_monitor_board,solar string monitor board,false,supplier,,not_claimed,,,,No claim is made for this field yet.
energy_harvesting_solar_health_monitoring_solar_string_monitor_board,solar_string_monitor_board,solar string monitor board,false,manufacturer,,not_claimed,,,,No claim is made for this field yet.
energy_harvesting_solar_health_monitoring_solar_string_monitor_board,solar_string_monitor_board,solar string monitor board,false,mpn,,not_claimed,,,,No claim is made for this field yet.
energy_harvesting_solar_health_monitoring_solar_string_monitor_board,solar_string_monitor_board,solar string monitor board,false,unit_cost_gbp,,not_claimed,,,,No claim is made for this field yet.
energy_harvesting_solar_health_monitoring_solar_string_monitor_board,solar_string_monitor_board,solar string monitor board,false,lead_time_weeks,,not_claimed,,,,No claim is made for this field yet.
energy_harvesting_solar_health_monitoring_uv_exposure_witness_coupon,uv_exposure_witness_coupon,UV exposure witness coupon,false,supplier,,not_claimed,,,,No claim is made for this field yet.
energy_harvesting_solar_health_monitoring_uv_exposure_witness_coupon,uv_exposure_witness_coupon,UV exposure witness coupon,false,manufacturer,,not_claimed,,,,No claim is made for this field yet.
energy_harvesting_solar_health_monitoring_uv_exposure_witness_coupon,uv_exposure_witness_coupon,UV exposure witness coupon,false,mpn,,not_claimed,,,,No claim is made for this field yet.
energy_harvesting_solar_health_monitoring_uv_exposure_witness_coupon,uv_exposure_witness_coupon,UV exposure witness coupon,false,unit_cost_gbp,,not_claimed,,,,No claim is made for this field yet.
energy_harvesting_solar_health_monitoring_uv_exposure_witness_coupon,uv_exposure_witness_coupon,UV exposure witness coupon,false,lead_time_weeks,,not_claimed,,,,No claim is made for this field yet.
energy_harvesting_solar_health_monitoring_wing_surface_temperature_sensor,wing_surface_temperature_sensor,wing surface temperature sensor,false,supplier,,not_claimed,,,,No claim is made for this field yet.
energy_harvesting_solar_health_monitoring_wing_surface_temperature_sensor,wing_surface_temperature_sensor,wing surface temperature sensor,false,manufacturer,,not_claimed,,,,No claim is made for this field yet.
energy_harvesting_solar_health_monitoring_wing_surface_temperature_sensor,wing_surface_temperature_sensor,wing surface temperature sensor,false,mpn,,not_claimed,,,,No claim is made for this field yet.
energy_harvesting_solar_health_monitoring_wing_surface_temperature_sensor,wing_surface_temperature_sensor,wing surface temperature sensor,false,unit_cost_gbp,,not_claimed,,,,No claim is made for this field yet.
energy_harvesting_solar_health_monitoring_wing_surface_temperature_sensor,wing_surface_temperature_sensor,wing surface temperature sensor,false,lead_time_weeks,,not_claimed,,,,No claim is made for this field yet.
energy_harvesting_solar_health_monitoring_solar_inspection_connector,solar_inspection_connector,solar inspection connector,false,supplier,,not_claimed,,,,No claim is made for this field yet.
energy_harvesting_solar_health_monitoring_solar_inspection_connector,solar_inspection_connector,solar inspection connector,false,manufacturer,,not_claimed,,,,No claim is made for this field yet.
energy_harvesting_solar_health_monitoring_solar_inspection_connector,solar_inspection_connector,solar inspection connector,false,mpn,,not_claimed,,,,No claim is made for this field yet.
energy_harvesting_solar_health_monitoring_solar_inspection_connector,solar_inspection_connector,solar inspection connector,false,unit_cost_gbp,,not_claimed,,,,No claim is made for this field yet.
energy_harvesting_solar_health_monitoring_solar_inspection_connector,solar_inspection_connector,solar inspection connector,false,lead_time_weeks,,not_claimed,,,,No claim is made for this field yet.
energy_storage_source_stratospheric_battery_pack_stratospheric_battery_pack,stratospheric_battery_pack,Stratospheric battery pack,true,supplier,,missing_source,,,,Admit source-backed supplier/manufacturer/MPN/unit-cost evidence before BoM can pass.
energy_storage_source_stratospheric_battery_pack_stratospheric_battery_pack,stratospheric_battery_pack,Stratospheric battery pack,true,manufacturer,,missing_source,,,,Admit source-backed supplier/manufacturer/MPN/unit-cost evidence before BoM can pass.
energy_storage_source_stratospheric_battery_pack_stratospheric_battery_pack,stratospheric_battery_pack,Stratospheric battery pack,true,mpn,,missing_source,,,,Admit source-backed supplier/manufacturer/MPN/unit-cost evidence before BoM can pass.
energy_storage_source_stratospheric_battery_pack_stratospheric_battery_pack,stratospheric_battery_pack,Stratospheric battery pack,true,unit_cost_gbp,,missing_source,,,,Admit source-backed supplier/manufacturer/MPN/unit-cost evidence before BoM can pass.
energy_storage_source_stratospheric_battery_pack_stratospheric_battery_pack,stratospheric_battery_pack,Stratospheric battery pack,true,lead_time_weeks,,not_claimed,,,,No claim is made for this field yet.
energy_storage_source_stratospheric_battery_pack_battery_management_board,battery_management_board,battery management board,false,supplier,,not_claimed,,,,No claim is made for this field yet.
energy_storage_source_stratospheric_battery_pack_battery_management_board,battery_management_board,battery management board,false,manufacturer,,not_claimed,,,,No claim is made for this field yet.
energy_storage_source_stratospheric_battery_pack_battery_management_board,battery_management_board,battery management board,false,mpn,,not_claimed,,,,No claim is made for this field yet.
energy_storage_source_stratospheric_battery_pack_battery_management_board,battery_management_board,battery management board,false,unit_cost_gbp,,not_claimed,,,,No claim is made for this field yet.
energy_storage_source_stratospheric_battery_pack_battery_management_board,battery_management_board,battery management board,false,lead_time_weeks,,not_claimed,,,,No claim is made for this field yet.
energy_storage_source_stratospheric_battery_pack_lightweight_battery_enclosure,lightweight_battery_enclosure,lightweight battery enclosure,false,supplier,,not_claimed,,,,No claim is made for this field yet.
energy_storage_source_stratospheric_battery_pack_lightweight_battery_enclosure,lightweight_battery_enclosure,lightweight battery enclosure,false,manufacturer,,not_claimed,,,,No claim is made for this field yet.
energy_storage_source_stratospheric_battery_pack_lightweight_battery_enclosure,lightweight_battery_enclosure,lightweight battery enclosure,false,mpn,,not_claimed,,,,No claim is made for this field yet.
energy_storage_source_stratospheric_battery_pack_lightweight_battery_enclosure,lightweight_battery_enclosure,lightweight battery enclosure,false,unit_cost_gbp,,not_claimed,,,,No claim is made for this field yet.
energy_storage_source_stratospheric_battery_pack_lightweight_battery_enclosure,lightweight_battery_enclosure,lightweight battery enclosure,false,lead_time_weeks,,not_claimed,,,,No claim is made for this field yet.
energy_storage_source_stratospheric_battery_pack_cell_heater_film,cell_heater_film,cell heater film,false,supplier,,not_claimed,,,,No claim is made for this field yet.
energy_storage_source_stratospheric_battery_pack_cell_heater_film,cell_heater_film,cell heater film,false,manufacturer,,not_claimed,,,,No claim is made for this field yet.
energy_storage_source_stratospheric_battery_pack_cell_heater_film,cell_heater_film,cell heater film,false,mpn,,not_claimed,,,,No claim is made for this field yet.
energy_storage_source_stratospheric_battery_pack_cell_heater_film,cell_heater_film,cell heater film,false,unit_cost_gbp,,not_claimed,,,,No claim is made for this field yet.
energy_storage_source_stratospheric_battery_pack_cell_heater_film,cell_heater_film,cell heater film,false,lead_time_weeks,,not_claimed,,,,No claim is made for this field yet.
energy_storage_source_battery_thermal_zone_battery_insulation_sleeve,battery_insulation_sleeve,battery insulation sleeve,false,supplier,,not_claimed,,,,No claim is made for this field yet.
energy_storage_source_battery_thermal_zone_battery_insulation_sleeve,battery_insulation_sleeve,battery insulation sleeve,false,manufacturer,,not_claimed,,,,No claim is made for this field yet.
energy_storage_source_battery_thermal_zone_battery_insulation_sleeve,battery_insulation_sleeve,battery insulation sleeve,false,mpn,,not_claimed,,,,No claim is made for this field yet.
energy_storage_source_battery_thermal_zone_battery_insulation_sleeve,battery_insulation_sleeve,battery insulation sleeve,false,unit_cost_gbp,,not_claimed,,,,No claim is made for this field yet.
energy_storage_source_battery_thermal_zone_battery_insulation_sleeve,battery_insulation_sleeve,battery insulation sleeve,false,lead_time_weeks,,not_claimed,,,,No claim is made for this field yet.
energy_storage_source_battery_thermal_zone_phase_change_thermal_buffer,phase_change_thermal_buffer,phase-change thermal buffer,false,supplier,,not_claimed,,,,No claim is made for this field yet.
energy_storage_source_battery_thermal_zone_phase_change_thermal_buffer,phase_change_thermal_buffer,phase-change thermal buffer,false,manufacturer,,not_claimed,,,,No claim is made for this field yet.
energy_storage_source_battery_thermal_zone_phase_change_thermal_buffer,phase_change_thermal_buffer,phase-change thermal buffer,false,mpn,,not_claimed,,,,No claim is made for this field yet.
energy_storage_source_battery_thermal_zone_phase_change_thermal_buffer,phase_change_thermal_buffer,phase-change thermal buffer,false,unit_cost_gbp,,not_claimed,,,,No claim is made for this field yet.
energy_storage_source_battery_thermal_zone_phase_change_thermal_buffer,phase_change_thermal_buffer,phase-change thermal buffer,false,lead_time_weeks,,not_claimed,,,,No claim is made for this field yet.
energy_storage_source_battery_thermal_zone_battery_temperature_sensor_harness,battery_temperature_sensor_harness,battery temperature sensor harness,false,supplier,,not_claimed,,,,No claim is made for this field yet.
energy_storage_source_battery_thermal_zone_battery_temperature_sensor_harness,battery_temperature_sensor_harness,battery temperature sensor harness,false,manufacturer,,not_claimed,,,,No claim is made for this field yet.
energy_storage_source_battery_thermal_zone_battery_temperature_sensor_harness,battery_temperature_sensor_harness,battery temperature sensor harness,false,mpn,,not_claimed,,,,No claim is made for this field yet.
energy_storage_source_battery_thermal_zone_battery_temperature_sensor_harness,battery_temperature_sensor_harness,battery temperature sensor harness,false,unit_cost_gbp,,not_claimed,,,,No claim is made for this field yet.
energy_storage_source_battery_thermal_zone_battery_temperature_sensor_harness,battery_temperature_sensor_harness,battery temperature sensor harness,false,lead_time_weeks,,not_claimed,,,,No claim is made for this field yet.
energy_storage_source_battery_thermal_zone_battery_vent_path,battery_vent_path,battery vent path,false,supplier,,not_claimed,,,,No claim is made for this field yet.
energy_storage_source_battery_thermal_zone_battery_vent_path,battery_vent_path,battery vent path,false,manufacturer,,not_claimed,,,,No claim is made for this field yet.
energy_storage_source_battery_thermal_zone_battery_vent_path,battery_vent_path,battery vent path,false,mpn,,not_claimed,,,,No claim is made for this field yet.
energy_storage_source_battery_thermal_zone_battery_vent_path,battery_vent_path,battery vent path,false,unit_cost_gbp,,not_claimed,,,,No claim is made for this field yet.
energy_storage_source_battery_thermal_zone_battery_vent_path,battery_vent_path,battery vent path,false,lead_time_weeks,,not_claimed,,,,No claim is made for this field yet.
energy_storage_source_energy_reserve_monitoring_coulomb_counter_module,coulomb_counter_module,coulomb counter module,false,supplier,,not_claimed,,,,No claim is made for this field yet.
energy_storage_source_energy_reserve_monitoring_coulomb_counter_module,coulomb_counter_module,coulomb counter module,false,manufacturer,,not_claimed,,,,No claim is made for this field yet.
energy_storage_source_energy_reserve_monitoring_coulomb_counter_module,coulomb_counter_module,coulomb counter module,false,mpn,,not_claimed,,,,No claim is made for this field yet.
energy_storage_source_energy_reserve_monitoring_coulomb_counter_module,coulomb_counter_module,coulomb counter module,false,unit_cost_gbp,,not_claimed,,,,No claim is made for this field yet.
energy_storage_source_energy_reserve_monitoring_coulomb_counter_module,coulomb_counter_module,coulomb counter module,false,lead_time_weeks,,not_claimed,,,,No claim is made for this field yet.
energy_storage_source_energy_reserve_monitoring_reserve_energy_estimator,reserve_energy_estimator,reserve energy estimator,false,supplier,,not_claimed,,,,No claim is made for this field yet.
energy_storage_source_energy_reserve_monitoring_reserve_energy_estimator,reserve_energy_estimator,reserve energy estimator,false,manufacturer,,not_claimed,,,,No claim is made for this field yet.
energy_storage_source_energy_reserve_monitoring_reserve_energy_estimator,reserve_energy_estimator,reserve energy estimator,false,mpn,,not_claimed,,,,No claim is made for this field yet.
energy_storage_source_energy_reserve_monitoring_reserve_energy_estimator,reserve_energy_estimator,reserve energy estimator,false,unit_cost_gbp,,not_claimed,,,,No claim is made for this field yet.
energy_storage_source_energy_reserve_monitoring_reserve_energy_estimator,reserve_energy_estimator,reserve energy estimator,false,lead_time_weeks,,not_claimed,,,,No claim is made for this field yet.
energy_storage_source_energy_reserve_monitoring_battery_isolation_contactor,battery_isolation_contactor,battery isolation contactor,false,supplier,,not_claimed,,,,No claim is made for this field yet.
energy_storage_source_energy_reserve_monitoring_battery_isolation_contactor,battery_isolation_contactor,battery isolation contactor,false,manufacturer,,not_claimed,,,,No claim is made for this field yet.
energy_storage_source_energy_reserve_monitoring_battery_isolation_contactor,battery_isolation_contactor,battery isolation contactor,false,mpn,,not_claimed,,,,No claim is made for this field yet.
energy_storage_source_energy_reserve_monitoring_battery_isolation_contactor,battery_isolation_contactor,battery isolation contactor,false,unit_cost_gbp,,not_claimed,,,,No claim is made for this field yet.
energy_storage_source_energy_reserve_monitoring_battery_isolation_contactor,battery_isolation_contactor,battery isolation contactor,false,lead_time_weeks,,not_claimed,,,,No claim is made for this field yet.
energy_storage_source_energy_reserve_monitoring_night_cycle_test_connector,night_cycle_test_connector,night-cycle test connector,false,supplier,,not_claimed,,,,No claim is made for this field yet.
energy_storage_source_energy_reserve_monitoring_night_cycle_test_connector,night_cycle_test_connector,night-cycle test connector,false,manufacturer,,not_claimed,,,,No claim is made for this field yet.
energy_storage_source_energy_reserve_monitoring_night_cycle_test_connector,night_cycle_test_connector,night-cycle test connector,false,mpn,,not_claimed,,,,No claim is made for this field yet.
energy_storage_source_energy_reserve_monitoring_night_cycle_test_connector,night_cycle_test_connector,night-cycle test connector,false,unit_cost_gbp,,not_claimed,,,,No claim is made for this field yet.
energy_storage_source_energy_reserve_monitoring_night_cycle_test_connector,night_cycle_test_connector,night-cycle test connector,false,lead_time_weeks,,not_claimed,,,,No claim is made for this field yet.
power_distribution_solar_battery_power_management_solar_battery_charge_controller,solar_battery_charge_controller,solar battery charge controller,false,supplier,,not_claimed,,,,No claim is made for this field yet.
power_distribution_solar_battery_power_management_solar_battery_charge_controller,solar_battery_charge_controller,solar battery charge controller,false,manufacturer,,not_claimed,,,,No claim is made for this field yet.
power_distribution_solar_battery_power_management_solar_battery_charge_controller,solar_battery_charge_controller,solar battery charge controller,false,mpn,,not_claimed,,,,No claim is made for this field yet.
power_distribution_solar_battery_power_management_solar_battery_charge_controller,solar_battery_charge_controller,solar battery charge controller,false,unit_cost_gbp,,not_claimed,,,,No claim is made for this field yet.
power_distribution_solar_battery_power_management_solar_battery_charge_controller,solar_battery_charge_controller,solar battery charge controller,false,lead_time_weeks,,not_claimed,,,,No claim is made for this field yet.
power_distribution_solar_battery_power_management_main_dc_bus_board,main_dc_bus_board,main DC bus board,false,supplier,,not_claimed,,,,No claim is made for this field yet.
power_distribution_solar_battery_power_management_main_dc_bus_board,main_dc_bus_board,main DC bus board,false,manufacturer,,not_claimed,,,,No claim is made for this field yet.
power_distribution_solar_battery_power_management_main_dc_bus_board,main_dc_bus_board,main DC bus board,false,mpn,,not_claimed,,,,No claim is made for this field yet.
power_distribution_solar_battery_power_management_main_dc_bus_board,main_dc_bus_board,main DC bus board,false,unit_cost_gbp,,not_claimed,,,,No claim is made for this field yet.
power_distribution_solar_battery_power_management_main_dc_bus_board,main_dc_bus_board,main DC bus board,false,lead_time_weeks,,not_claimed,,,,No claim is made for this field yet.
power_distribution_solar_battery_power_management_payload_power_switch,payload_power_switch,payload power switch,false,supplier,,not_claimed,,,,No claim is made for this field yet.
power_distribution_solar_battery_power_management_payload_power_switch,payload_power_switch,payload power switch,false,manufacturer,,not_claimed,,,,No claim is made for this field yet.
power_distribution_solar_battery_power_management_payload_power_switch,payload_power_switch,payload power switch,false,mpn,,not_claimed,,,,No claim is made for this field yet.
power_distribution_solar_battery_power_management_payload_power_switch,payload_power_switch,payload power switch,false,unit_cost_gbp,,not_claimed,,,,No claim is made for this field yet.
power_distribution_solar_battery_power_management_payload_power_switch,payload_power_switch,payload power switch,false,lead_time_weeks,,not_claimed,,,,No claim is made for this field yet.
power_distribution_solar_battery_power_management_propulsion_bus_fuse_set,propulsion_bus_fuse_set,propulsion bus fuse set,false,supplier,,not_claimed,,,,No claim is made for this field yet.
power_distribution_solar_battery_power_management_propulsion_bus_fuse_set,propulsion_bus_fuse_set,propulsion bus fuse set,false,manufacturer,,not_claimed,,,,No claim is made for this field yet.
power_distribution_solar_battery_power_management_propulsion_bus_fuse_set,propulsion_bus_fuse_set,propulsion bus fuse set,false,mpn,,not_claimed,,,,No claim is made for this field yet.
power_distribution_solar_battery_power_management_propulsion_bus_fuse_set,propulsion_bus_fuse_set,propulsion bus fuse set,false,unit_cost_gbp,,not_claimed,,,,No claim is made for this field yet.
power_distribution_solar_battery_power_management_propulsion_bus_fuse_set,propulsion_bus_fuse_set,propulsion bus fuse set,false,lead_time_weeks,,not_claimed,,,,No claim is made for this field yet.
power_distribution_low_voltage_distribution_avionics_dc_converter,avionics_dc_converter,avionics DC converter,false,supplier,,not_claimed,,,,No claim is made for this field yet.
power_distribution_low_voltage_distribution_avionics_dc_converter,avionics_dc_converter,avionics DC converter,false,manufacturer,,not_claimed,,,,No claim is made for this field yet.
power_distribution_low_voltage_distribution_avionics_dc_converter,avionics_dc_converter,avionics DC converter,false,mpn,,not_claimed,,,,No claim is made for this field yet.
power_distribution_low_voltage_distribution_avionics_dc_converter,avionics_dc_converter,avionics DC converter,false,unit_cost_gbp,,not_claimed,,,,No claim is made for this field yet.
power_distribution_low_voltage_distribution_avionics_dc_converter,avionics_dc_converter,avionics DC converter,false,lead_time_weeks,,not_claimed,,,,No claim is made for this field yet.
power_distribution_low_voltage_distribution_servo_power_rail,servo_power_rail,servo power rail,false,supplier,,not_claimed,,,,No claim is made for this field yet.
power_distribution_low_voltage_distribution_servo_power_rail,servo_power_rail,servo power rail,false,manufacturer,,not_claimed,,,,No claim is made for this field yet.
power_distribution_low_voltage_distribution_servo_power_rail,servo_power_rail,servo power rail,false,mpn,,not_claimed,,,,No claim is made for this field yet.
power_distribution_low_voltage_distribution_servo_power_rail,servo_power_rail,servo power rail,false,unit_cost_gbp,,not_claimed,,,,No claim is made for this field yet.
power_distribution_low_voltage_distribution_servo_power_rail,servo_power_rail,servo power rail,false,lead_time_weeks,,not_claimed,,,,No claim is made for this field yet.
power_distribution_low_voltage_distribution_communications_dc_converter,communications_dc_converter,communications DC converter,false,supplier,,not_claimed,,,,No claim is made for this field yet.
power_distribution_low_voltage_distribution_communications_dc_converter,communications_dc_converter,communications DC converter,false,manufacturer,,not_claimed,,,,No claim is made for this field yet.
power_distribution_low_voltage_distribution_communications_dc_converter,communications_dc_converter,communications DC converter,false,mpn,,not_claimed,,,,No claim is made for this field yet.
power_distribution_low_voltage_distribution_communications_dc_converter,communications_dc_converter,communications DC converter,false,unit_cost_gbp,,not_claimed,,,,No claim is made for this field yet.
power_distribution_low_voltage_distribution_communications_dc_converter,communications_dc_converter,communications DC converter,false,lead_time_weeks,,not_claimed,,,,No claim is made for this field yet.
power_distribution_low_voltage_distribution_low_voltage_harness_loom,low_voltage_harness_loom,low-voltage harness loom,false,supplier,,not_claimed,,,,No claim is made for this field yet.
power_distribution_low_voltage_distribution_low_voltage_harness_loom,low_voltage_harness_loom,low-voltage harness loom,false,manufacturer,,not_claimed,,,,No claim is made for this field yet.
power_distribution_low_voltage_distribution_low_voltage_harness_loom,low_voltage_harness_loom,low-voltage harness loom,false,mpn,,not_claimed,,,,No claim is made for this field yet.
power_distribution_low_voltage_distribution_low_voltage_harness_loom,low_voltage_harness_loom,low-voltage harness loom,false,unit_cost_gbp,,not_claimed,,,,No claim is made for this field yet.
power_distribution_low_voltage_distribution_low_voltage_harness_loom,low_voltage_harness_loom,low-voltage harness loom,false,lead_time_weeks,,not_claimed,,,,No claim is made for this field yet.
power_distribution_load_shed_protection_load_shed_relay_set,load_shed_relay_set,load shed relay set,false,supplier,,not_claimed,,,,No claim is made for this field yet.
power_distribution_load_shed_protection_load_shed_relay_set,load_shed_relay_set,load shed relay set,false,manufacturer,,not_claimed,,,,No claim is made for this field yet.
power_distribution_load_shed_protection_load_shed_relay_set,load_shed_relay_set,load shed relay set,false,mpn,,not_claimed,,,,No claim is made for this field yet.
power_distribution_load_shed_protection_load_shed_relay_set,load_shed_relay_set,load shed relay set,false,unit_cost_gbp,,not_claimed,,,,No claim is made for this field yet.
power_distribution_load_shed_protection_load_shed_relay_set,load_shed_relay_set,load shed relay set,false,lead_time_weeks,,not_claimed,,,,No claim is made for this field yet.
power_distribution_load_shed_protection_brownout_supervisor,brownout_supervisor,brownout supervisor,false,supplier,,not_claimed,,,,No claim is made for this field yet.
power_distribution_load_shed_protection_brownout_supervisor,brownout_supervisor,brownout supervisor,false,manufacturer,,not_claimed,,,,No claim is made for this field yet.
power_distribution_load_shed_protection_brownout_supervisor,brownout_supervisor,brownout supervisor,false,mpn,,not_claimed,,,,No claim is made for this field yet.
power_distribution_load_shed_protection_brownout_supervisor,brownout_supervisor,brownout supervisor,false,unit_cost_gbp,,not_claimed,,,,No claim is made for this field yet.
power_distribution_load_shed_protection_brownout_supervisor,brownout_supervisor,brownout supervisor,false,lead_time_weeks,,not_claimed,,,,No claim is made for this field yet.
power_distribution_load_shed_protection_energy_priority_controller,energy_priority_controller,energy priority controller,false,supplier,,not_claimed,,,,No claim is made for this field yet.
power_distribution_load_shed_protection_energy_priority_controller,energy_priority_controller,energy priority controller,false,manufacturer,,not_claimed,,,,No claim is made for this field yet.
power_distribution_load_shed_protection_energy_priority_controller,energy_priority_controller,energy priority controller,false,mpn,,not_claimed,,,,No claim is made for this field yet.
power_distribution_load_shed_protection_energy_priority_controller,energy_priority_controller,energy priority controller,false,unit_cost_gbp,,not_claimed,,,,No claim is made for this field yet.
power_distribution_load_shed_protection_energy_priority_controller,energy_priority_controller,energy priority controller,false,lead_time_weeks,,not_claimed,,,,No claim is made for this field yet.
power_distribution_load_shed_protection_fault_latch_indicator,fault_latch_indicator,fault latch indicator,false,supplier,,not_claimed,,,,No claim is made for this field yet.
power_distribution_load_shed_protection_fault_latch_indicator,fault_latch_indicator,fault latch indicator,false,manufacturer,,not_claimed,,,,No claim is made for this field yet.
power_distribution_load_shed_protection_fault_latch_indicator,fault_latch_indicator,fault latch indicator,false,mpn,,not_claimed,,,,No claim is made for this field yet.
power_distribution_load_shed_protection_fault_latch_indicator,fault_latch_indicator,fault latch indicator,false,unit_cost_gbp,,not_claimed,,,,No claim is made for this field yet.
power_distribution_load_shed_protection_fault_latch_indicator,fault_latch_indicator,fault latch indicator,false,lead_time_weeks,,not_claimed,,,,No claim is made for this field yet.
actuation_kinematics_electric_propulsion_pods_electric_propulsion_pod,electric_propulsion_pod,Electric propulsion pod,true,supplier,,missing_source,,,,Admit source-backed supplier/manufacturer/MPN/unit-cost evidence before BoM can pass.
actuation_kinematics_electric_propulsion_pods_electric_propulsion_pod,electric_propulsion_pod,Electric propulsion pod,true,manufacturer,,missing_source,,,,Admit source-backed supplier/manufacturer/MPN/unit-cost evidence before BoM can pass.
actuation_kinematics_electric_propulsion_pods_electric_propulsion_pod,electric_propulsion_pod,Electric propulsion pod,true,mpn,,missing_source,,,,Admit source-backed supplier/manufacturer/MPN/unit-cost evidence before BoM can pass.
actuation_kinematics_electric_propulsion_pods_electric_propulsion_pod,electric_propulsion_pod,Electric propulsion pod,true,unit_cost_gbp,,missing_source,,,,Admit source-backed supplier/manufacturer/MPN/unit-cost evidence before BoM can pass.
actuation_kinematics_electric_propulsion_pods_electric_propulsion_pod,electric_propulsion_pod,Electric propulsion pod,true,lead_time_weeks,,not_claimed,,,,No claim is made for this field yet.
actuation_kinematics_electric_propulsion_pods_high_altitude_propeller_set,high_altitude_propeller_set,high-altitude propeller set,false,supplier,,not_claimed,,,,No claim is made for this field yet.
actuation_kinematics_electric_propulsion_pods_high_altitude_propeller_set,high_altitude_propeller_set,high-altitude propeller set,false,manufacturer,,not_claimed,,,,No claim is made for this field yet.
actuation_kinematics_electric_propulsion_pods_high_altitude_propeller_set,high_altitude_propeller_set,high-altitude propeller set,false,mpn,,not_claimed,,,,No claim is made for this field yet.
actuation_kinematics_electric_propulsion_pods_high_altitude_propeller_set,high_altitude_propeller_set,high-altitude propeller set,false,unit_cost_gbp,,not_claimed,,,,No claim is made for this field yet.
actuation_kinematics_electric_propulsion_pods_high_altitude_propeller_set,high_altitude_propeller_set,high-altitude propeller set,false,lead_time_weeks,,not_claimed,,,,No claim is made for this field yet.
actuation_kinematics_electric_propulsion_pods_motor_controller_module,motor_controller_module,motor controller module,false,supplier,,not_claimed,,,,No claim is made for this field yet.
actuation_kinematics_electric_propulsion_pods_motor_controller_module,motor_controller_module,motor controller module,false,manufacturer,,not_claimed,,,,No claim is made for this field yet.
actuation_kinematics_electric_propulsion_pods_motor_controller_module,motor_controller_module,motor controller module,false,mpn,,not_claimed,,,,No claim is made for this field yet.
actuation_kinematics_electric_propulsion_pods_motor_controller_module,motor_controller_module,motor controller module,false,unit_cost_gbp,,not_claimed,,,,No claim is made for this field yet.
actuation_kinematics_electric_propulsion_pods_motor_controller_module,motor_controller_module,motor controller module,false,lead_time_weeks,,not_claimed,,,,No claim is made for this field yet.
actuation_kinematics_electric_propulsion_pods_propulsion_pod_fairing,propulsion_pod_fairing,propulsion pod fairing,false,supplier,,not_claimed,,,,No claim is made for this field yet.
actuation_kinematics_electric_propulsion_pods_propulsion_pod_fairing,propulsion_pod_fairing,propulsion pod fairing,false,manufacturer,,not_claimed,,,,No claim is made for this field yet.
actuation_kinematics_electric_propulsion_pods_propulsion_pod_fairing,propulsion_pod_fairing,propulsion pod fairing,false,mpn,,not_claimed,,,,No claim is made for this field yet.
actuation_kinematics_electric_propulsion_pods_propulsion_pod_fairing,propulsion_pod_fairing,propulsion pod fairing,false,unit_cost_gbp,,not_claimed,,,,No claim is made for this field yet.
actuation_kinematics_electric_propulsion_pods_propulsion_pod_fairing,propulsion_pod_fairing,propulsion pod fairing,false,lead_time_weeks,,not_claimed,,,,No claim is made for this field yet.
actuation_kinematics_control_surface_actuation_low_temperature_servo_actuator,low_temperature_servo_actuator,low-temperature servo actuator,false,supplier,,not_claimed,,,,No claim is made for this field yet.
actuation_kinematics_control_surface_actuation_low_temperature_servo_actuator,low_temperature_servo_actuator,low-temperature servo actuator,false,manufacturer,,not_claimed,,,,No claim is made for this field yet.
actuation_kinematics_control_surface_actuation_low_temperature_servo_actuator,low_temperature_servo_actuator,low-temperature servo actuator,false,mpn,,not_claimed,,,,No claim is made for this field yet.
actuation_kinematics_control_surface_actuation_low_temperature_servo_actuator,low_temperature_servo_actuator,low-temperature servo actuator,false,unit_cost_gbp,,not_claimed,,,,No claim is made for this field yet.
actuation_kinematics_control_surface_actuation_low_temperature_servo_actuator,low_temperature_servo_actuator,low-temperature servo actuator,false,lead_time_weeks,,not_claimed,,,,No claim is made for this field yet.
actuation_kinematics_control_surface_actuation_control_linkage_rod_set,control_linkage_rod_set,control linkage rod set,false,supplier,,not_claimed,,,,No claim is made for this field yet.
actuation_kinematics_control_surface_actuation_control_linkage_rod_set,control_linkage_rod_set,control linkage rod set,false,manufacturer,,not_claimed,,,,No claim is made for this field yet.
actuation_kinematics_control_surface_actuation_control_linkage_rod_set,control_linkage_rod_set,control linkage rod set,false,mpn,,not_claimed,,,,No claim is made for this field yet.
actuation_kinematics_control_surface_actuation_control_linkage_rod_set,control_linkage_rod_set,control linkage rod set,false,unit_cost_gbp,,not_claimed,,,,No claim is made for this field yet.
actuation_kinematics_control_surface_actuation_control_linkage_rod_set,control_linkage_rod_set,control linkage rod set,false,lead_time_weeks,,not_claimed,,,,No claim is made for this field yet.
actuation_kinematics_control_surface_actuation_surface_position_sensor,surface_position_sensor,surface position sensor,false,supplier,,not_claimed,,,,No claim is made for this field yet.
actuation_kinematics_control_surface_actuation_surface_position_sensor,surface_position_sensor,surface position sensor,false,manufacturer,,not_claimed,,,,No claim is made for this field yet.
actuation_kinematics_control_surface_actuation_surface_position_sensor,surface_position_sensor,surface position sensor,false,mpn,,not_claimed,,,,No claim is made for this field yet.
actuation_kinematics_control_surface_actuation_surface_position_sensor,surface_position_sensor,surface position sensor,false,unit_cost_gbp,,not_claimed,,,,No claim is made for this field yet.
actuation_kinematics_control_surface_actuation_surface_position_sensor,surface_position_sensor,surface position sensor,false,lead_time_weeks,,not_claimed,,,,No claim is made for this field yet.
actuation_kinematics_control_surface_actuation_servo_heater_trace,servo_heater_trace,servo heater trace,false,supplier,,not_claimed,,,,No claim is made for this field yet.
actuation_kinematics_control_surface_actuation_servo_heater_trace,servo_heater_trace,servo heater trace,false,manufacturer,,not_claimed,,,,No claim is made for this field yet.
actuation_kinematics_control_surface_actuation_servo_heater_trace,servo_heater_trace,servo heater trace,false,mpn,,not_claimed,,,,No claim is made for this field yet.
actuation_kinematics_control_surface_actuation_servo_heater_trace,servo_heater_trace,servo heater trace,false,unit_cost_gbp,,not_claimed,,,,No claim is made for this field yet.
actuation_kinematics_control_surface_actuation_servo_heater_trace,servo_heater_trace,servo heater trace,false,lead_time_weeks,,not_claimed,,,,No claim is made for this field yet.
actuation_kinematics_station_keeping_trim_trim_schedule_table,trim_schedule_table,trim schedule table,false,supplier,,not_claimed,,,,No claim is made for this field yet.
actuation_kinematics_station_keeping_trim_trim_schedule_table,trim_schedule_table,trim schedule table,false,manufacturer,,not_claimed,,,,No claim is made for this field yet.
actuation_kinematics_station_keeping_trim_trim_schedule_table,trim_schedule_table,trim schedule table,false,mpn,,not_claimed,,,,No claim is made for this field yet.
actuation_kinematics_station_keeping_trim_trim_schedule_table,trim_schedule_table,trim schedule table,false,unit_cost_gbp,,not_claimed,,,,No claim is made for this field yet.
actuation_kinematics_station_keeping_trim_trim_schedule_table,trim_schedule_table,trim schedule table,false,lead_time_weeks,,not_claimed,,,,No claim is made for this field yet.
actuation_kinematics_station_keeping_trim_gust_load_estimator,gust_load_estimator,gust load estimator,false,supplier,,not_claimed,,,,No claim is made for this field yet.
actuation_kinematics_station_keeping_trim_gust_load_estimator,gust_load_estimator,gust load estimator,false,manufacturer,,not_claimed,,,,No claim is made for this field yet.
actuation_kinematics_station_keeping_trim_gust_load_estimator,gust_load_estimator,gust load estimator,false,mpn,,not_claimed,,,,No claim is made for this field yet.
actuation_kinematics_station_keeping_trim_gust_load_estimator,gust_load_estimator,gust load estimator,false,unit_cost_gbp,,not_claimed,,,,No claim is made for this field yet.
actuation_kinematics_station_keeping_trim_gust_load_estimator,gust_load_estimator,gust load estimator,false,lead_time_weeks,,not_claimed,,,,No claim is made for this field yet.
actuation_kinematics_station_keeping_trim_airspeed_setpoint_manager,airspeed_setpoint_manager,airspeed setpoint manager,false,supplier,,not_claimed,,,,No claim is made for this field yet.
actuation_kinematics_station_keeping_trim_airspeed_setpoint_manager,airspeed_setpoint_manager,airspeed setpoint manager,false,manufacturer,,not_claimed,,,,No claim is made for this field yet.
actuation_kinematics_station_keeping_trim_airspeed_setpoint_manager,airspeed_setpoint_manager,airspeed setpoint manager,false,mpn,,not_claimed,,,,No claim is made for this field yet.
actuation_kinematics_station_keeping_trim_airspeed_setpoint_manager,airspeed_setpoint_manager,airspeed setpoint manager,false,unit_cost_gbp,,not_claimed,,,,No claim is made for this field yet.
actuation_kinematics_station_keeping_trim_airspeed_setpoint_manager,airspeed_setpoint_manager,airspeed setpoint manager,false,lead_time_weeks,,not_claimed,,,,No claim is made for this field yet.
actuation_kinematics_station_keeping_trim_propulsion_calibration_record,propulsion_calibration_record,propulsion calibration record,false,supplier,,not_claimed,,,,No claim is made for this field yet.
actuation_kinematics_station_keeping_trim_propulsion_calibration_record,propulsion_calibration_record,propulsion calibration record,false,manufacturer,,not_claimed,,,,No claim is made for this field yet.
actuation_kinematics_station_keeping_trim_propulsion_calibration_record,propulsion_calibration_record,propulsion calibration record,false,mpn,,not_claimed,,,,No claim is made for this field yet.
actuation_kinematics_station_keeping_trim_propulsion_calibration_record,propulsion_calibration_record,propulsion calibration record,false,unit_cost_gbp,,not_claimed,,,,No claim is made for this field yet.
actuation_kinematics_station_keeping_trim_propulsion_calibration_record,propulsion_calibration_record,propulsion calibration record,false,lead_time_weeks,,not_claimed,,,,No claim is made for this field yet.
control_compute_communication_flight_control_computer_flight_control_computer,flight_control_computer,Flight control computer,true,supplier,,missing_source,,,,Admit source-backed supplier/manufacturer/MPN/unit-cost evidence before BoM can pass.
control_compute_communication_flight_control_computer_flight_control_computer,flight_control_computer,Flight control computer,true,manufacturer,,missing_source,,,,Admit source-backed supplier/manufacturer/MPN/unit-cost evidence before BoM can pass.
control_compute_communication_flight_control_computer_flight_control_computer,flight_control_computer,Flight control computer,true,mpn,,missing_source,,,,Admit source-backed supplier/manufacturer/MPN/unit-cost evidence before BoM can pass.
control_compute_communication_flight_control_computer_flight_control_computer,flight_control_computer,Flight control computer,true,unit_cost_gbp,,missing_source,,,,Admit source-backed supplier/manufacturer/MPN/unit-cost evidence before BoM can pass.
control_compute_communication_flight_control_computer_flight_control_computer,flight_control_computer,Flight control computer,true,lead_time_weeks,,not_claimed,,,,No claim is made for this field yet.
control_compute_communication_flight_control_computer_autopilot_io_board,autopilot_io_board,autopilot IO board,false,supplier,,not_claimed,,,,No claim is made for this field yet.
control_compute_communication_flight_control_computer_autopilot_io_board,autopilot_io_board,autopilot IO board,false,manufacturer,,not_claimed,,,,No claim is made for this field yet.
control_compute_communication_flight_control_computer_autopilot_io_board,autopilot_io_board,autopilot IO board,false,mpn,,not_claimed,,,,No claim is made for this field yet.
control_compute_communication_flight_control_computer_autopilot_io_board,autopilot_io_board,autopilot IO board,false,unit_cost_gbp,,not_claimed,,,,No claim is made for this field yet.
control_compute_communication_flight_control_computer_autopilot_io_board,autopilot_io_board,autopilot IO board,false,lead_time_weeks,,not_claimed,,,,No claim is made for this field yet.
control_compute_communication_flight_control_computer_flight_software_image,flight_software_image,flight software image,false,supplier,,not_claimed,,,,No claim is made for this field yet.
control_compute_communication_flight_control_computer_flight_software_image,flight_software_image,flight software image,false,manufacturer,,not_claimed,,,,No claim is made for this field yet.
control_compute_communication_flight_control_computer_flight_software_image,flight_software_image,flight software image,false,mpn,,not_claimed,,,,No claim is made for this field yet.
control_compute_communication_flight_control_computer_flight_software_image,flight_software_image,flight software image,false,unit_cost_gbp,,not_claimed,,,,No claim is made for this field yet.
control_compute_communication_flight_control_computer_flight_software_image,flight_software_image,flight software image,false,lead_time_weeks,,not_claimed,,,,No claim is made for this field yet.
control_compute_communication_flight_control_computer_watchdog_supervisor,watchdog_supervisor,watchdog supervisor,false,supplier,,not_claimed,,,,No claim is made for this field yet.
control_compute_communication_flight_control_computer_watchdog_supervisor,watchdog_supervisor,watchdog supervisor,false,manufacturer,,not_claimed,,,,No claim is made for this field yet.
control_compute_communication_flight_control_computer_watchdog_supervisor,watchdog_supervisor,watchdog supervisor,false,mpn,,not_claimed,,,,No claim is made for this field yet.
control_compute_communication_flight_control_computer_watchdog_supervisor,watchdog_supervisor,watchdog supervisor,false,unit_cost_gbp,,not_claimed,,,,No claim is made for this field yet.
control_compute_communication_flight_control_computer_watchdog_supervisor,watchdog_supervisor,watchdog supervisor,false,lead_time_weeks,,not_claimed,,,,No claim is made for this field yet.
control_compute_communication_ground_command_link_ground_control_link,ground_control_link,Ground control link,true,supplier,,missing_source,,,,Admit source-backed supplier/manufacturer/MPN/unit-cost evidence before BoM can pass.
control_compute_communication_ground_command_link_ground_control_link,ground_control_link,Ground control link,true,manufacturer,,missing_source,,,,Admit source-backed supplier/manufacturer/MPN/unit-cost evidence before BoM can pass.
control_compute_communication_ground_command_link_ground_control_link,ground_control_link,Ground control link,true,mpn,,missing_source,,,,Admit source-backed supplier/manufacturer/MPN/unit-cost evidence before BoM can pass.
control_compute_communication_ground_command_link_ground_control_link,ground_control_link,Ground control link,true,unit_cost_gbp,,missing_source,,,,Admit source-backed supplier/manufacturer/MPN/unit-cost evidence before BoM can pass.
control_compute_communication_ground_command_link_ground_control_link,ground_control_link,Ground control link,true,lead_time_weeks,,not_claimed,,,,No claim is made for this field yet.
control_compute_communication_ground_command_link_telemetry_transceiver,telemetry_transceiver,telemetry transceiver,false,supplier,,not_claimed,,,,No claim is made for this field yet.
control_compute_communication_ground_command_link_telemetry_transceiver,telemetry_transceiver,telemetry transceiver,false,manufacturer,,not_claimed,,,,No claim is made for this field yet.
control_compute_communication_ground_command_link_telemetry_transceiver,telemetry_transceiver,telemetry transceiver,false,mpn,,not_claimed,,,,No claim is made for this field yet.
control_compute_communication_ground_command_link_telemetry_transceiver,telemetry_transceiver,telemetry transceiver,false,unit_cost_gbp,,not_claimed,,,,No claim is made for this field yet.
control_compute_communication_ground_command_link_telemetry_transceiver,telemetry_transceiver,telemetry transceiver,false,lead_time_weeks,,not_claimed,,,,No claim is made for this field yet.
control_compute_communication_ground_command_link_command_authentication_module,command_authentication_module,command authentication module,false,supplier,,not_claimed,,,,No claim is made for this field yet.
control_compute_communication_ground_command_link_command_authentication_module,command_authentication_module,command authentication module,false,manufacturer,,not_claimed,,,,No claim is made for this field yet.
control_compute_communication_ground_command_link_command_authentication_module,command_authentication_module,command authentication module,false,mpn,,not_claimed,,,,No claim is made for this field yet.
control_compute_communication_ground_command_link_command_authentication_module,command_authentication_module,command authentication module,false,unit_cost_gbp,,not_claimed,,,,No claim is made for this field yet.
control_compute_communication_ground_command_link_command_authentication_module,command_authentication_module,command authentication module,false,lead_time_weeks,,not_claimed,,,,No claim is made for this field yet.
control_compute_communication_ground_command_link_mission_log_recorder,mission_log_recorder,mission log recorder,false,supplier,,not_claimed,,,,No claim is made for this field yet.
control_compute_communication_ground_command_link_mission_log_recorder,mission_log_recorder,mission log recorder,false,manufacturer,,not_claimed,,,,No claim is made for this field yet.
control_compute_communication_ground_command_link_mission_log_recorder,mission_log_recorder,mission log recorder,false,mpn,,not_claimed,,,,No claim is made for this field yet.
control_compute_communication_ground_command_link_mission_log_recorder,mission_log_recorder,mission log recorder,false,unit_cost_gbp,,not_claimed,,,,No claim is made for this field yet.
control_compute_communication_ground_command_link_mission_log_recorder,mission_log_recorder,mission log recorder,false,lead_time_weeks,,not_claimed,,,,No claim is made for this field yet.
control_compute_communication_energy_aware_autonomy_solar_forecast_model,solar_forecast_model,solar forecast model,false,supplier,,not_claimed,,,,No claim is made for this field yet.
control_compute_communication_energy_aware_autonomy_solar_forecast_model,solar_forecast_model,solar forecast model,false,manufacturer,,not_claimed,,,,No claim is made for this field yet.
control_compute_communication_energy_aware_autonomy_solar_forecast_model,solar_forecast_model,solar forecast model,false,mpn,,not_claimed,,,,No claim is made for this field yet.
control_compute_communication_energy_aware_autonomy_solar_forecast_model,solar_forecast_model,solar forecast model,false,unit_cost_gbp,,not_claimed,,,,No claim is made for this field yet.
control_compute_communication_energy_aware_autonomy_solar_forecast_model,solar_forecast_model,solar forecast model,false,lead_time_weeks,,not_claimed,,,,No claim is made for this field yet.
control_compute_communication_energy_aware_autonomy_wind_field_route_planner,wind_field_route_planner,wind field route planner,false,supplier,,not_claimed,,,,No claim is made for this field yet.
control_compute_communication_energy_aware_autonomy_wind_field_route_planner,wind_field_route_planner,wind field route planner,false,manufacturer,,not_claimed,,,,No claim is made for this field yet.
control_compute_communication_energy_aware_autonomy_wind_field_route_planner,wind_field_route_planner,wind field route planner,false,mpn,,not_claimed,,,,No claim is made for this field yet.
control_compute_communication_energy_aware_autonomy_wind_field_route_planner,wind_field_route_planner,wind field route planner,false,unit_cost_gbp,,not_claimed,,,,No claim is made for this field yet.
control_compute_communication_energy_aware_autonomy_wind_field_route_planner,wind_field_route_planner,wind field route planner,false,lead_time_weeks,,not_claimed,,,,No claim is made for this field yet.
control_compute_communication_energy_aware_autonomy_payload_duty_cycle_controller,payload_duty_cycle_controller,payload duty-cycle controller,false,supplier,,not_claimed,,,,No claim is made for this field yet.
control_compute_communication_energy_aware_autonomy_payload_duty_cycle_controller,payload_duty_cycle_controller,payload duty-cycle controller,false,manufacturer,,not_claimed,,,,No claim is made for this field yet.
control_compute_communication_energy_aware_autonomy_payload_duty_cycle_controller,payload_duty_cycle_controller,payload duty-cycle controller,false,mpn,,not_claimed,,,,No claim is made for this field yet.
control_compute_communication_energy_aware_autonomy_payload_duty_cycle_controller,payload_duty_cycle_controller,payload duty-cycle controller,false,unit_cost_gbp,,not_claimed,,,,No claim is made for this field yet.
control_compute_communication_energy_aware_autonomy_payload_duty_cycle_controller,payload_duty_cycle_controller,payload duty-cycle controller,false,lead_time_weeks,,not_claimed,,,,No claim is made for this field yet.
control_compute_communication_energy_aware_autonomy_return_corridor_manager,return_corridor_manager,return corridor manager,false,supplier,,not_claimed,,,,No claim is made for this field yet.
control_compute_communication_energy_aware_autonomy_return_corridor_manager,return_corridor_manager,return corridor manager,false,manufacturer,,not_claimed,,,,No claim is made for this field yet.
control_compute_communication_energy_aware_autonomy_return_corridor_manager,return_corridor_manager,return corridor manager,false,mpn,,not_claimed,,,,No claim is made for this field yet.
control_compute_communication_energy_aware_autonomy_return_corridor_manager,return_corridor_manager,return corridor manager,false,unit_cost_gbp,,not_claimed,,,,No claim is made for this field yet.
control_compute_communication_energy_aware_autonomy_return_corridor_manager,return_corridor_manager,return corridor manager,false,lead_time_weeks,,not_claimed,,,,No claim is made for this field yet.
sensing_instrumentation_navigation_suite_gnss_ins_navigation_unit,gnss_ins_navigation_unit,GNSS INS navigation unit,true,supplier,,missing_source,,,,Admit source-backed supplier/manufacturer/MPN/unit-cost evidence before BoM can pass.
sensing_instrumentation_navigation_suite_gnss_ins_navigation_unit,gnss_ins_navigation_unit,GNSS INS navigation unit,true,manufacturer,,missing_source,,,,Admit source-backed supplier/manufacturer/MPN/unit-cost evidence before BoM can pass.
sensing_instrumentation_navigation_suite_gnss_ins_navigation_unit,gnss_ins_navigation_unit,GNSS INS navigation unit,true,mpn,,missing_source,,,,Admit source-backed supplier/manufacturer/MPN/unit-cost evidence before BoM can pass.
sensing_instrumentation_navigation_suite_gnss_ins_navigation_unit,gnss_ins_navigation_unit,GNSS INS navigation unit,true,unit_cost_gbp,,missing_source,,,,Admit source-backed supplier/manufacturer/MPN/unit-cost evidence before BoM can pass.
sensing_instrumentation_navigation_suite_gnss_ins_navigation_unit,gnss_ins_navigation_unit,GNSS INS navigation unit,true,lead_time_weeks,,not_claimed,,,,No claim is made for this field yet.
sensing_instrumentation_navigation_suite_barometric_altitude_sensor,barometric_altitude_sensor,barometric altitude sensor,false,supplier,,not_claimed,,,,No claim is made for this field yet.
sensing_instrumentation_navigation_suite_barometric_altitude_sensor,barometric_altitude_sensor,barometric altitude sensor,false,manufacturer,,not_claimed,,,,No claim is made for this field yet.
sensing_instrumentation_navigation_suite_barometric_altitude_sensor,barometric_altitude_sensor,barometric altitude sensor,false,mpn,,not_claimed,,,,No claim is made for this field yet.
sensing_instrumentation_navigation_suite_barometric_altitude_sensor,barometric_altitude_sensor,barometric altitude sensor,false,unit_cost_gbp,,not_claimed,,,,No claim is made for this field yet.
sensing_instrumentation_navigation_suite_barometric_altitude_sensor,barometric_altitude_sensor,barometric altitude sensor,false,lead_time_weeks,,not_claimed,,,,No claim is made for this field yet.
sensing_instrumentation_navigation_suite_sun_sensor_pair,sun_sensor_pair,sun sensor pair,false,supplier,,not_claimed,,,,No claim is made for this field yet.
sensing_instrumentation_navigation_suite_sun_sensor_pair,sun_sensor_pair,sun sensor pair,false,manufacturer,,not_claimed,,,,No claim is made for this field yet.
sensing_instrumentation_navigation_suite_sun_sensor_pair,sun_sensor_pair,sun sensor pair,false,mpn,,not_claimed,,,,No claim is made for this field yet.
sensing_instrumentation_navigation_suite_sun_sensor_pair,sun_sensor_pair,sun sensor pair,false,unit_cost_gbp,,not_claimed,,,,No claim is made for this field yet.
sensing_instrumentation_navigation_suite_sun_sensor_pair,sun_sensor_pair,sun sensor pair,false,lead_time_weeks,,not_claimed,,,,No claim is made for this field yet.
sensing_instrumentation_navigation_suite_precision_timebase_module,precision_timebase_module,precision timebase module,false,supplier,,not_claimed,,,,No claim is made for this field yet.
sensing_instrumentation_navigation_suite_precision_timebase_module,precision_timebase_module,precision timebase module,false,manufacturer,,not_claimed,,,,No claim is made for this field yet.
sensing_instrumentation_navigation_suite_precision_timebase_module,precision_timebase_module,precision timebase module,false,mpn,,not_claimed,,,,No claim is made for this field yet.
sensing_instrumentation_navigation_suite_precision_timebase_module,precision_timebase_module,precision timebase module,false,unit_cost_gbp,,not_claimed,,,,No claim is made for this field yet.
sensing_instrumentation_navigation_suite_precision_timebase_module,precision_timebase_module,precision timebase module,false,lead_time_weeks,,not_claimed,,,,No claim is made for this field yet.
sensing_instrumentation_airdata_weather_sensors_pitot_static_probe,pitot_static_probe,pitot static probe,false,supplier,,not_claimed,,,,No claim is made for this field yet.
sensing_instrumentation_airdata_weather_sensors_pitot_static_probe,pitot_static_probe,pitot static probe,false,manufacturer,,not_claimed,,,,No claim is made for this field yet.
sensing_instrumentation_airdata_weather_sensors_pitot_static_probe,pitot_static_probe,pitot static probe,false,mpn,,not_claimed,,,,No claim is made for this field yet.
sensing_instrumentation_airdata_weather_sensors_pitot_static_probe,pitot_static_probe,pitot static probe,false,unit_cost_gbp,,not_claimed,,,,No claim is made for this field yet.
sensing_instrumentation_airdata_weather_sensors_pitot_static_probe,pitot_static_probe,pitot static probe,false,lead_time_weeks,,not_claimed,,,,No claim is made for this field yet.
sensing_instrumentation_airdata_weather_sensors_outside_air_temperature_probe,outside_air_temperature_probe,outside air temperature probe,false,supplier,,not_claimed,,,,No claim is made for this field yet.
sensing_instrumentation_airdata_weather_sensors_outside_air_temperature_probe,outside_air_temperature_probe,outside air temperature probe,false,manufacturer,,not_claimed,,,,No claim is made for this field yet.
sensing_instrumentation_airdata_weather_sensors_outside_air_temperature_probe,outside_air_temperature_probe,outside air temperature probe,false,mpn,,not_claimed,,,,No claim is made for this field yet.
sensing_instrumentation_airdata_weather_sensors_outside_air_temperature_probe,outside_air_temperature_probe,outside air temperature probe,false,unit_cost_gbp,,not_claimed,,,,No claim is made for this field yet.
sensing_instrumentation_airdata_weather_sensors_outside_air_temperature_probe,outside_air_temperature_probe,outside air temperature probe,false,lead_time_weeks,,not_claimed,,,,No claim is made for this field yet.
sensing_instrumentation_airdata_weather_sensors_wind_estimation_filter,wind_estimation_filter,wind estimation filter,false,supplier,,not_claimed,,,,No claim is made for this field yet.
sensing_instrumentation_airdata_weather_sensors_wind_estimation_filter,wind_estimation_filter,wind estimation filter,false,manufacturer,,not_claimed,,,,No claim is made for this field yet.
sensing_instrumentation_airdata_weather_sensors_wind_estimation_filter,wind_estimation_filter,wind estimation filter,false,mpn,,not_claimed,,,,No claim is made for this field yet.
sensing_instrumentation_airdata_weather_sensors_wind_estimation_filter,wind_estimation_filter,wind estimation filter,false,unit_cost_gbp,,not_claimed,,,,No claim is made for this field yet.
sensing_instrumentation_airdata_weather_sensors_wind_estimation_filter,wind_estimation_filter,wind estimation filter,false,lead_time_weeks,,not_claimed,,,,No claim is made for this field yet.
sensing_instrumentation_airdata_weather_sensors_humidity_frost_sensor,humidity_frost_sensor,humidity frost sensor,false,supplier,,not_claimed,,,,No claim is made for this field yet.
sensing_instrumentation_airdata_weather_sensors_humidity_frost_sensor,humidity_frost_sensor,humidity frost sensor,false,manufacturer,,not_claimed,,,,No claim is made for this field yet.
sensing_instrumentation_airdata_weather_sensors_humidity_frost_sensor,humidity_frost_sensor,humidity frost sensor,false,mpn,,not_claimed,,,,No claim is made for this field yet.
sensing_instrumentation_airdata_weather_sensors_humidity_frost_sensor,humidity_frost_sensor,humidity frost sensor,false,unit_cost_gbp,,not_claimed,,,,No claim is made for this field yet.
sensing_instrumentation_airdata_weather_sensors_humidity_frost_sensor,humidity_frost_sensor,humidity frost sensor,false,lead_time_weeks,,not_claimed,,,,No claim is made for this field yet.
sensing_instrumentation_structural_health_sensing_wing_strain_gauge_strip,wing_strain_gauge_strip,wing strain gauge strip,false,supplier,,not_claimed,,,,No claim is made for this field yet.
sensing_instrumentation_structural_health_sensing_wing_strain_gauge_strip,wing_strain_gauge_strip,wing strain gauge strip,false,manufacturer,,not_claimed,,,,No claim is made for this field yet.
sensing_instrumentation_structural_health_sensing_wing_strain_gauge_strip,wing_strain_gauge_strip,wing strain gauge strip,false,mpn,,not_claimed,,,,No claim is made for this field yet.
sensing_instrumentation_structural_health_sensing_wing_strain_gauge_strip,wing_strain_gauge_strip,wing strain gauge strip,false,unit_cost_gbp,,not_claimed,,,,No claim is made for this field yet.
sensing_instrumentation_structural_health_sensing_wing_strain_gauge_strip,wing_strain_gauge_strip,wing strain gauge strip,false,lead_time_weeks,,not_claimed,,,,No claim is made for this field yet.
sensing_instrumentation_structural_health_sensing_spar_temperature_sensor,spar_temperature_sensor,spar temperature sensor,false,supplier,,not_claimed,,,,No claim is made for this field yet.
sensing_instrumentation_structural_health_sensing_spar_temperature_sensor,spar_temperature_sensor,spar temperature sensor,false,manufacturer,,not_claimed,,,,No claim is made for this field yet.
sensing_instrumentation_structural_health_sensing_spar_temperature_sensor,spar_temperature_sensor,spar temperature sensor,false,mpn,,not_claimed,,,,No claim is made for this field yet.
sensing_instrumentation_structural_health_sensing_spar_temperature_sensor,spar_temperature_sensor,spar temperature sensor,false,unit_cost_gbp,,not_claimed,,,,No claim is made for this field yet.
sensing_instrumentation_structural_health_sensing_spar_temperature_sensor,spar_temperature_sensor,spar temperature sensor,false,lead_time_weeks,,not_claimed,,,,No claim is made for this field yet.
sensing_instrumentation_structural_health_sensing_vibration_accelerometer,vibration_accelerometer,vibration accelerometer,false,supplier,,not_claimed,,,,No claim is made for this field yet.
sensing_instrumentation_structural_health_sensing_vibration_accelerometer,vibration_accelerometer,vibration accelerometer,false,manufacturer,,not_claimed,,,,No claim is made for this field yet.
sensing_instrumentation_structural_health_sensing_vibration_accelerometer,vibration_accelerometer,vibration accelerometer,false,mpn,,not_claimed,,,,No claim is made for this field yet.
sensing_instrumentation_structural_health_sensing_vibration_accelerometer,vibration_accelerometer,vibration accelerometer,false,unit_cost_gbp,,not_claimed,,,,No claim is made for this field yet.
sensing_instrumentation_structural_health_sensing_vibration_accelerometer,vibration_accelerometer,vibration accelerometer,false,lead_time_weeks,,not_claimed,,,,No claim is made for this field yet.
sensing_instrumentation_structural_health_sensing_structural_health_recorder,structural_health_recorder,structural health recorder,false,supplier,,not_claimed,,,,No claim is made for this field yet.
sensing_instrumentation_structural_health_sensing_structural_health_recorder,structural_health_recorder,structural health recorder,false,manufacturer,,not_claimed,,,,No claim is made for this field yet.
sensing_instrumentation_structural_health_sensing_structural_health_recorder,structural_health_recorder,structural health recorder,false,mpn,,not_claimed,,,,No claim is made for this field yet.
sensing_instrumentation_structural_health_sensing_structural_health_recorder,structural_health_recorder,structural health recorder,false,unit_cost_gbp,,not_claimed,,,,No claim is made for this field yet.
sensing_instrumentation_structural_health_sensing_structural_health_recorder,structural_health_recorder,structural health recorder,false,lead_time_weeks,,not_claimed,,,,No claim is made for this field yet.
payload_communication_payload_radio_stratospheric_communications_payload,stratospheric_communications_payload,Stratospheric communications payload,true,supplier,,missing_source,,,,Admit source-backed supplier/manufacturer/MPN/unit-cost evidence before BoM can pass.
payload_communication_payload_radio_stratospheric_communications_payload,stratospheric_communications_payload,Stratospheric communications payload,true,manufacturer,,missing_source,,,,Admit source-backed supplier/manufacturer/MPN/unit-cost evidence before BoM can pass.
payload_communication_payload_radio_stratospheric_communications_payload,stratospheric_communications_payload,Stratospheric communications payload,true,mpn,,missing_source,,,,Admit source-backed supplier/manufacturer/MPN/unit-cost evidence before BoM can pass.
payload_communication_payload_radio_stratospheric_communications_payload,stratospheric_communications_payload,Stratospheric communications payload,true,unit_cost_gbp,,missing_source,,,,Admit source-backed supplier/manufacturer/MPN/unit-cost evidence before BoM can pass.
payload_communication_payload_radio_stratospheric_communications_payload,stratospheric_communications_payload,Stratospheric communications payload,true,lead_time_weeks,,not_claimed,,,,No claim is made for this field yet.
payload_communication_payload_radio_payload_modem_board,payload_modem_board,payload modem board,false,supplier,,not_claimed,,,,No claim is made for this field yet.
payload_communication_payload_radio_payload_modem_board,payload_modem_board,payload modem board,false,manufacturer,,not_claimed,,,,No claim is made for this field yet.
payload_communication_payload_radio_payload_modem_board,payload_modem_board,payload modem board,false,mpn,,not_claimed,,,,No claim is made for this field yet.
payload_communication_payload_radio_payload_modem_board,payload_modem_board,payload modem board,false,unit_cost_gbp,,not_claimed,,,,No claim is made for this field yet.
payload_communication_payload_radio_payload_modem_board,payload_modem_board,payload modem board,false,lead_time_weeks,,not_claimed,,,,No claim is made for this field yet.
payload_communication_payload_radio_payload_rf_power_amplifier,payload_rf_power_amplifier,payload RF power amplifier,false,supplier,,not_claimed,,,,No claim is made for this field yet.
payload_communication_payload_radio_payload_rf_power_amplifier,payload_rf_power_amplifier,payload RF power amplifier,false,manufacturer,,not_claimed,,,,No claim is made for this field yet.
payload_communication_payload_radio_payload_rf_power_amplifier,payload_rf_power_amplifier,payload RF power amplifier,false,mpn,,not_claimed,,,,No claim is made for this field yet.
payload_communication_payload_radio_payload_rf_power_amplifier,payload_rf_power_amplifier,payload RF power amplifier,false,unit_cost_gbp,,not_claimed,,,,No claim is made for this field yet.
payload_communication_payload_radio_payload_rf_power_amplifier,payload_rf_power_amplifier,payload RF power amplifier,false,lead_time_weeks,,not_claimed,,,,No claim is made for this field yet.
payload_communication_payload_radio_payload_processor_module,payload_processor_module,payload processor module,false,supplier,,not_claimed,,,,No claim is made for this field yet.
payload_communication_payload_radio_payload_processor_module,payload_processor_module,payload processor module,false,manufacturer,,not_claimed,,,,No claim is made for this field yet.
payload_communication_payload_radio_payload_processor_module,payload_processor_module,payload processor module,false,mpn,,not_claimed,,,,No claim is made for this field yet.
payload_communication_payload_radio_payload_processor_module,payload_processor_module,payload processor module,false,unit_cost_gbp,,not_claimed,,,,No claim is made for this field yet.
payload_communication_payload_radio_payload_processor_module,payload_processor_module,payload processor module,false,lead_time_weeks,,not_claimed,,,,No claim is made for this field yet.
payload_communication_antenna_aperture_payload_antenna_array,payload_antenna_array,Payload antenna array,true,supplier,,missing_source,,,,Admit source-backed supplier/manufacturer/MPN/unit-cost evidence before BoM can pass.
payload_communication_antenna_aperture_payload_antenna_array,payload_antenna_array,Payload antenna array,true,manufacturer,,missing_source,,,,Admit source-backed supplier/manufacturer/MPN/unit-cost evidence before BoM can pass.
payload_communication_antenna_aperture_payload_antenna_array,payload_antenna_array,Payload antenna array,true,mpn,,missing_source,,,,Admit source-backed supplier/manufacturer/MPN/unit-cost evidence before BoM can pass.
payload_communication_antenna_aperture_payload_antenna_array,payload_antenna_array,Payload antenna array,true,unit_cost_gbp,,missing_source,,,,Admit source-backed supplier/manufacturer/MPN/unit-cost evidence before BoM can pass.
payload_communication_antenna_aperture_payload_antenna_array,payload_antenna_array,Payload antenna array,true,lead_time_weeks,,not_claimed,,,,No claim is made for this field yet.
payload_communication_antenna_aperture_antenna_ground_plane_film,antenna_ground_plane_film,antenna ground plane film,false,supplier,,not_claimed,,,,No claim is made for this field yet.
payload_communication_antenna_aperture_antenna_ground_plane_film,antenna_ground_plane_film,antenna ground plane film,false,manufacturer,,not_claimed,,,,No claim is made for this field yet.
payload_communication_antenna_aperture_antenna_ground_plane_film,antenna_ground_plane_film,antenna ground plane film,false,mpn,,not_claimed,,,,No claim is made for this field yet.
payload_communication_antenna_aperture_antenna_ground_plane_film,antenna_ground_plane_film,antenna ground plane film,false,unit_cost_gbp,,not_claimed,,,,No claim is made for this field yet.
payload_communication_antenna_aperture_antenna_ground_plane_film,antenna_ground_plane_film,antenna ground plane film,false,lead_time_weeks,,not_claimed,,,,No claim is made for this field yet.
payload_communication_antenna_aperture_antenna_feed_harness,antenna_feed_harness,antenna feed harness,false,supplier,,not_claimed,,,,No claim is made for this field yet.
payload_communication_antenna_aperture_antenna_feed_harness,antenna_feed_harness,antenna feed harness,false,manufacturer,,not_claimed,,,,No claim is made for this field yet.
payload_communication_antenna_aperture_antenna_feed_harness,antenna_feed_harness,antenna feed harness,false,mpn,,not_claimed,,,,No claim is made for this field yet.
payload_communication_antenna_aperture_antenna_feed_harness,antenna_feed_harness,antenna feed harness,false,unit_cost_gbp,,not_claimed,,,,No claim is made for this field yet.
payload_communication_antenna_aperture_antenna_feed_harness,antenna_feed_harness,antenna feed harness,false,lead_time_weeks,,not_claimed,,,,No claim is made for this field yet.
payload_communication_antenna_aperture_beam_pointing_calibration_target,beam_pointing_calibration_target,beam pointing calibration target,false,supplier,,not_claimed,,,,No claim is made for this field yet.
payload_communication_antenna_aperture_beam_pointing_calibration_target,beam_pointing_calibration_target,beam pointing calibration target,false,manufacturer,,not_claimed,,,,No claim is made for this field yet.
payload_communication_antenna_aperture_beam_pointing_calibration_target,beam_pointing_calibration_target,beam pointing calibration target,false,mpn,,not_claimed,,,,No claim is made for this field yet.
payload_communication_antenna_aperture_beam_pointing_calibration_target,beam_pointing_calibration_target,beam pointing calibration target,false,unit_cost_gbp,,not_claimed,,,,No claim is made for this field yet.
payload_communication_antenna_aperture_beam_pointing_calibration_target,beam_pointing_calibration_target,beam pointing calibration target,false,lead_time_weeks,,not_claimed,,,,No claim is made for this field yet.
payload_communication_payload_integration_payload_isolation_mount,payload_isolation_mount,payload isolation mount,false,supplier,,not_claimed,,,,No claim is made for this field yet.
payload_communication_payload_integration_payload_isolation_mount,payload_isolation_mount,payload isolation mount,false,manufacturer,,not_claimed,,,,No claim is made for this field yet.
payload_communication_payload_integration_payload_isolation_mount,payload_isolation_mount,payload isolation mount,false,mpn,,not_claimed,,,,No claim is made for this field yet.
payload_communication_payload_integration_payload_isolation_mount,payload_isolation_mount,payload isolation mount,false,unit_cost_gbp,,not_claimed,,,,No claim is made for this field yet.
payload_communication_payload_integration_payload_isolation_mount,payload_isolation_mount,payload isolation mount,false,lead_time_weeks,,not_claimed,,,,No claim is made for this field yet.
payload_communication_payload_integration_payload_thermal_strap,payload_thermal_strap,payload thermal strap,false,supplier,,not_claimed,,,,No claim is made for this field yet.
payload_communication_payload_integration_payload_thermal_strap,payload_thermal_strap,payload thermal strap,false,manufacturer,,not_claimed,,,,No claim is made for this field yet.
payload_communication_payload_integration_payload_thermal_strap,payload_thermal_strap,payload thermal strap,false,mpn,,not_claimed,,,,No claim is made for this field yet.
payload_communication_payload_integration_payload_thermal_strap,payload_thermal_strap,payload thermal strap,false,unit_cost_gbp,,not_claimed,,,,No claim is made for this field yet.
payload_communication_payload_integration_payload_thermal_strap,payload_thermal_strap,payload thermal strap,false,lead_time_weeks,,not_claimed,,,,No claim is made for this field yet.
payload_communication_payload_integration_payload_access_hatch,payload_access_hatch,payload access hatch,false,supplier,,not_claimed,,,,No claim is made for this field yet.
payload_communication_payload_integration_payload_access_hatch,payload_access_hatch,payload access hatch,false,manufacturer,,not_claimed,,,,No claim is made for this field yet.
payload_communication_payload_integration_payload_access_hatch,payload_access_hatch,payload access hatch,false,mpn,,not_claimed,,,,No claim is made for this field yet.
payload_communication_payload_integration_payload_access_hatch,payload_access_hatch,payload access hatch,false,unit_cost_gbp,,not_claimed,,,,No claim is made for this field yet.
payload_communication_payload_integration_payload_access_hatch,payload_access_hatch,payload access hatch,false,lead_time_weeks,,not_claimed,,,,No claim is made for this field yet.
payload_communication_payload_integration_payload_configuration_tag,payload_configuration_tag,payload configuration tag,false,supplier,,not_claimed,,,,No claim is made for this field yet.
payload_communication_payload_integration_payload_configuration_tag,payload_configuration_tag,payload configuration tag,false,manufacturer,,not_claimed,,,,No claim is made for this field yet.
payload_communication_payload_integration_payload_configuration_tag,payload_configuration_tag,payload configuration tag,false,mpn,,not_claimed,,,,No claim is made for this field yet.
payload_communication_payload_integration_payload_configuration_tag,payload_configuration_tag,payload configuration tag,false,unit_cost_gbp,,not_claimed,,,,No claim is made for this field yet.
payload_communication_payload_integration_payload_configuration_tag,payload_configuration_tag,payload configuration tag,false,lead_time_weeks,,not_claimed,,,,No claim is made for this field yet.
environmental_interface_thermal_protection_thermal_insulation_blanket,thermal_insulation_blanket,Thermal insulation blanket,true,supplier,,missing_source,,,,Admit source-backed supplier/manufacturer/MPN/unit-cost evidence before BoM can pass.
environmental_interface_thermal_protection_thermal_insulation_blanket,thermal_insulation_blanket,Thermal insulation blanket,true,manufacturer,,missing_source,,,,Admit source-backed supplier/manufacturer/MPN/unit-cost evidence before BoM can pass.
environmental_interface_thermal_protection_thermal_insulation_blanket,thermal_insulation_blanket,Thermal insulation blanket,true,mpn,,missing_source,,,,Admit source-backed supplier/manufacturer/MPN/unit-cost evidence before BoM can pass.
environmental_interface_thermal_protection_thermal_insulation_blanket,thermal_insulation_blanket,Thermal insulation blanket,true,unit_cost_gbp,,missing_source,,,,Admit source-backed supplier/manufacturer/MPN/unit-cost evidence before BoM can pass.
environmental_interface_thermal_protection_thermal_insulation_blanket,thermal_insulation_blanket,Thermal insulation blanket,true,lead_time_weeks,,not_claimed,,,,No claim is made for this field yet.
environmental_interface_thermal_protection_multi_layer_insulation_patch,multi_layer_insulation_patch,multi-layer insulation patch,false,supplier,,not_claimed,,,,No claim is made for this field yet.
environmental_interface_thermal_protection_multi_layer_insulation_patch,multi_layer_insulation_patch,multi-layer insulation patch,false,manufacturer,,not_claimed,,,,No claim is made for this field yet.
environmental_interface_thermal_protection_multi_layer_insulation_patch,multi_layer_insulation_patch,multi-layer insulation patch,false,mpn,,not_claimed,,,,No claim is made for this field yet.
environmental_interface_thermal_protection_multi_layer_insulation_patch,multi_layer_insulation_patch,multi-layer insulation patch,false,unit_cost_gbp,,not_claimed,,,,No claim is made for this field yet.
environmental_interface_thermal_protection_multi_layer_insulation_patch,multi_layer_insulation_patch,multi-layer insulation patch,false,lead_time_weeks,,not_claimed,,,,No claim is made for this field yet.
environmental_interface_thermal_protection_lightweight_thermal_strap,lightweight_thermal_strap,lightweight thermal strap,false,supplier,,not_claimed,,,,No claim is made for this field yet.
environmental_interface_thermal_protection_lightweight_thermal_strap,lightweight_thermal_strap,lightweight thermal strap,false,manufacturer,,not_claimed,,,,No claim is made for this field yet.
environmental_interface_thermal_protection_lightweight_thermal_strap,lightweight_thermal_strap,lightweight thermal strap,false,mpn,,not_claimed,,,,No claim is made for this field yet.
environmental_interface_thermal_protection_lightweight_thermal_strap,lightweight_thermal_strap,lightweight thermal strap,false,unit_cost_gbp,,not_claimed,,,,No claim is made for this field yet.
environmental_interface_thermal_protection_lightweight_thermal_strap,lightweight_thermal_strap,lightweight thermal strap,false,lead_time_weeks,,not_claimed,,,,No claim is made for this field yet.
environmental_interface_thermal_protection_thermal_witness_label,thermal_witness_label,thermal witness label,false,supplier,,not_claimed,,,,No claim is made for this field yet.
environmental_interface_thermal_protection_thermal_witness_label,thermal_witness_label,thermal witness label,false,manufacturer,,not_claimed,,,,No claim is made for this field yet.
environmental_interface_thermal_protection_thermal_witness_label,thermal_witness_label,thermal witness label,false,mpn,,not_claimed,,,,No claim is made for this field yet.
environmental_interface_thermal_protection_thermal_witness_label,thermal_witness_label,thermal witness label,false,unit_cost_gbp,,not_claimed,,,,No claim is made for this field yet.
environmental_interface_thermal_protection_thermal_witness_label,thermal_witness_label,thermal witness label,false,lead_time_weeks,,not_claimed,,,,No claim is made for this field yet.
environmental_interface_uv_surface_protection_uv_protective_film,uv_protective_film,UV protective film,false,supplier,,not_claimed,,,,No claim is made for this field yet.
environmental_interface_uv_surface_protection_uv_protective_film,uv_protective_film,UV protective film,false,manufacturer,,not_claimed,,,,No claim is made for this field yet.
environmental_interface_uv_surface_protection_uv_protective_film,uv_protective_film,UV protective film,false,mpn,,not_claimed,,,,No claim is made for this field yet.
environmental_interface_uv_surface_protection_uv_protective_film,uv_protective_film,UV protective film,false,unit_cost_gbp,,not_claimed,,,,No claim is made for this field yet.
environmental_interface_uv_surface_protection_uv_protective_film,uv_protective_film,UV protective film,false,lead_time_weeks,,not_claimed,,,,No claim is made for this field yet.
environmental_interface_uv_surface_protection_leading_edge_erosion_tape,leading_edge_erosion_tape,leading edge erosion tape,false,supplier,,not_claimed,,,,No claim is made for this field yet.
environmental_interface_uv_surface_protection_leading_edge_erosion_tape,leading_edge_erosion_tape,leading edge erosion tape,false,manufacturer,,not_claimed,,,,No claim is made for this field yet.
environmental_interface_uv_surface_protection_leading_edge_erosion_tape,leading_edge_erosion_tape,leading edge erosion tape,false,mpn,,not_claimed,,,,No claim is made for this field yet.
environmental_interface_uv_surface_protection_leading_edge_erosion_tape,leading_edge_erosion_tape,leading edge erosion tape,false,unit_cost_gbp,,not_claimed,,,,No claim is made for this field yet.
environmental_interface_uv_surface_protection_leading_edge_erosion_tape,leading_edge_erosion_tape,leading edge erosion tape,false,lead_time_weeks,,not_claimed,,,,No claim is made for this field yet.
environmental_interface_uv_surface_protection_surface_contamination_wipe_kit,surface_contamination_wipe_kit,surface contamination wipe kit,false,supplier,,not_claimed,,,,No claim is made for this field yet.
environmental_interface_uv_surface_protection_surface_contamination_wipe_kit,surface_contamination_wipe_kit,surface contamination wipe kit,false,manufacturer,,not_claimed,,,,No claim is made for this field yet.
environmental_interface_uv_surface_protection_surface_contamination_wipe_kit,surface_contamination_wipe_kit,surface contamination wipe kit,false,mpn,,not_claimed,,,,No claim is made for this field yet.
environmental_interface_uv_surface_protection_surface_contamination_wipe_kit,surface_contamination_wipe_kit,surface contamination wipe kit,false,unit_cost_gbp,,not_claimed,,,,No claim is made for this field yet.
environmental_interface_uv_surface_protection_surface_contamination_wipe_kit,surface_contamination_wipe_kit,surface contamination wipe kit,false,lead_time_weeks,,not_claimed,,,,No claim is made for this field yet.
environmental_interface_uv_surface_protection_coating_inspection_marker,coating_inspection_marker,coating inspection marker,false,supplier,,not_claimed,,,,No claim is made for this field yet.
environmental_interface_uv_surface_protection_coating_inspection_marker,coating_inspection_marker,coating inspection marker,false,manufacturer,,not_claimed,,,,No claim is made for this field yet.
environmental_interface_uv_surface_protection_coating_inspection_marker,coating_inspection_marker,coating inspection marker,false,mpn,,not_claimed,,,,No claim is made for this field yet.
environmental_interface_uv_surface_protection_coating_inspection_marker,coating_inspection_marker,coating inspection marker,false,unit_cost_gbp,,not_claimed,,,,No claim is made for this field yet.
environmental_interface_uv_surface_protection_coating_inspection_marker,coating_inspection_marker,coating inspection marker,false,lead_time_weeks,,not_claimed,,,,No claim is made for this field yet.
environmental_interface_low_pressure_management_low_pressure_vent_path,low_pressure_vent_path,low-pressure vent path,false,supplier,,not_claimed,,,,No claim is made for this field yet.
environmental_interface_low_pressure_management_low_pressure_vent_path,low_pressure_vent_path,low-pressure vent path,false,manufacturer,,not_claimed,,,,No claim is made for this field yet.
environmental_interface_low_pressure_management_low_pressure_vent_path,low_pressure_vent_path,low-pressure vent path,false,mpn,,not_claimed,,,,No claim is made for this field yet.
environmental_interface_low_pressure_management_low_pressure_vent_path,low_pressure_vent_path,low-pressure vent path,false,unit_cost_gbp,,not_claimed,,,,No claim is made for this field yet.
environmental_interface_low_pressure_management_low_pressure_vent_path,low_pressure_vent_path,low-pressure vent path,false,lead_time_weeks,,not_claimed,,,,No claim is made for this field yet.
environmental_interface_low_pressure_management_conformal_coating_set,conformal_coating_set,conformal coating set,false,supplier,,not_claimed,,,,No claim is made for this field yet.
environmental_interface_low_pressure_management_conformal_coating_set,conformal_coating_set,conformal coating set,false,manufacturer,,not_claimed,,,,No claim is made for this field yet.
environmental_interface_low_pressure_management_conformal_coating_set,conformal_coating_set,conformal coating set,false,mpn,,not_claimed,,,,No claim is made for this field yet.
environmental_interface_low_pressure_management_conformal_coating_set,conformal_coating_set,conformal coating set,false,unit_cost_gbp,,not_claimed,,,,No claim is made for this field yet.
environmental_interface_low_pressure_management_conformal_coating_set,conformal_coating_set,conformal coating set,false,lead_time_weeks,,not_claimed,,,,No claim is made for this field yet.
environmental_interface_low_pressure_management_high_altitude_creepage_spacer,high_altitude_creepage_spacer,high-altitude creepage spacer,false,supplier,,not_claimed,,,,No claim is made for this field yet.
environmental_interface_low_pressure_management_high_altitude_creepage_spacer,high_altitude_creepage_spacer,high-altitude creepage spacer,false,manufacturer,,not_claimed,,,,No claim is made for this field yet.
environmental_interface_low_pressure_management_high_altitude_creepage_spacer,high_altitude_creepage_spacer,high-altitude creepage spacer,false,mpn,,not_claimed,,,,No claim is made for this field yet.
environmental_interface_low_pressure_management_high_altitude_creepage_spacer,high_altitude_creepage_spacer,high-altitude creepage spacer,false,unit_cost_gbp,,not_claimed,,,,No claim is made for this field yet.
environmental_interface_low_pressure_management_high_altitude_creepage_spacer,high_altitude_creepage_spacer,high-altitude creepage spacer,false,lead_time_weeks,,not_claimed,,,,No claim is made for this field yet.
environmental_interface_low_pressure_management_desiccant_cartridge,desiccant_cartridge,desiccant cartridge,false,supplier,,not_claimed,,,,No claim is made for this field yet.
environmental_interface_low_pressure_management_desiccant_cartridge,desiccant_cartridge,desiccant cartridge,false,manufacturer,,not_claimed,,,,No claim is made for this field yet.
environmental_interface_low_pressure_management_desiccant_cartridge,desiccant_cartridge,desiccant cartridge,false,mpn,,not_claimed,,,,No claim is made for this field yet.
environmental_interface_low_pressure_management_desiccant_cartridge,desiccant_cartridge,desiccant cartridge,false,unit_cost_gbp,,not_claimed,,,,No claim is made for this field yet.
environmental_interface_low_pressure_management_desiccant_cartridge,desiccant_cartridge,desiccant cartridge,false,lead_time_weeks,,not_claimed,,,,No claim is made for this field yet.
safety_protection_abort_recovery_recovery_parachute_system,recovery_parachute_system,Recovery parachute system,true,supplier,,missing_source,,,,Admit source-backed supplier/manufacturer/MPN/unit-cost evidence before BoM can pass.
safety_protection_abort_recovery_recovery_parachute_system,recovery_parachute_system,Recovery parachute system,true,manufacturer,,missing_source,,,,Admit source-backed supplier/manufacturer/MPN/unit-cost evidence before BoM can pass.
safety_protection_abort_recovery_recovery_parachute_system,recovery_parachute_system,Recovery parachute system,true,mpn,,missing_source,,,,Admit source-backed supplier/manufacturer/MPN/unit-cost evidence before BoM can pass.
safety_protection_abort_recovery_recovery_parachute_system,recovery_parachute_system,Recovery parachute system,true,unit_cost_gbp,,missing_source,,,,Admit source-backed supplier/manufacturer/MPN/unit-cost evidence before BoM can pass.
safety_protection_abort_recovery_recovery_parachute_system,recovery_parachute_system,Recovery parachute system,true,lead_time_weeks,,not_claimed,,,,No claim is made for this field yet.
safety_protection_abort_recovery_parachute_deployment_controller,parachute_deployment_controller,parachute deployment controller,false,supplier,,not_claimed,,,,No claim is made for this field yet.
safety_protection_abort_recovery_parachute_deployment_controller,parachute_deployment_controller,parachute deployment controller,false,manufacturer,,not_claimed,,,,No claim is made for this field yet.
safety_protection_abort_recovery_parachute_deployment_controller,parachute_deployment_controller,parachute deployment controller,false,mpn,,not_claimed,,,,No claim is made for this field yet.
safety_protection_abort_recovery_parachute_deployment_controller,parachute_deployment_controller,parachute deployment controller,false,unit_cost_gbp,,not_claimed,,,,No claim is made for this field yet.
safety_protection_abort_recovery_parachute_deployment_controller,parachute_deployment_controller,parachute deployment controller,false,lead_time_weeks,,not_claimed,,,,No claim is made for this field yet.
safety_protection_abort_recovery_recovery_beacon,recovery_beacon,recovery beacon,false,supplier,,not_claimed,,,,No claim is made for this field yet.
safety_protection_abort_recovery_recovery_beacon,recovery_beacon,recovery beacon,false,manufacturer,,not_claimed,,,,No claim is made for this field yet.
safety_protection_abort_recovery_recovery_beacon,recovery_beacon,recovery beacon,false,mpn,,not_claimed,,,,No claim is made for this field yet.
safety_protection_abort_recovery_recovery_beacon,recovery_beacon,recovery beacon,false,unit_cost_gbp,,not_claimed,,,,No claim is made for this field yet.
safety_protection_abort_recovery_recovery_beacon,recovery_beacon,recovery beacon,false,lead_time_weeks,,not_claimed,,,,No claim is made for this field yet.
safety_protection_abort_recovery_safe_descent_mode_logic,safe_descent_mode_logic,safe descent mode logic,false,supplier,,not_claimed,,,,No claim is made for this field yet.
safety_protection_abort_recovery_safe_descent_mode_logic,safe_descent_mode_logic,safe descent mode logic,false,manufacturer,,not_claimed,,,,No claim is made for this field yet.
safety_protection_abort_recovery_safe_descent_mode_logic,safe_descent_mode_logic,safe descent mode logic,false,mpn,,not_claimed,,,,No claim is made for this field yet.
safety_protection_abort_recovery_safe_descent_mode_logic,safe_descent_mode_logic,safe descent mode logic,false,unit_cost_gbp,,not_claimed,,,,No claim is made for this field yet.
safety_protection_abort_recovery_safe_descent_mode_logic,safe_descent_mode_logic,safe descent mode logic,false,lead_time_weeks,,not_claimed,,,,No claim is made for this field yet.
safety_protection_airspace_safety_geofence_database,geofence_database,geofence database,false,supplier,,not_claimed,,,,No claim is made for this field yet.
safety_protection_airspace_safety_geofence_database,geofence_database,geofence database,false,manufacturer,,not_claimed,,,,No claim is made for this field yet.
safety_protection_airspace_safety_geofence_database,geofence_database,geofence database,false,mpn,,not_claimed,,,,No claim is made for this field yet.
safety_protection_airspace_safety_geofence_database,geofence_database,geofence database,false,unit_cost_gbp,,not_claimed,,,,No claim is made for this field yet.
safety_protection_airspace_safety_geofence_database,geofence_database,geofence database,false,lead_time_weeks,,not_claimed,,,,No claim is made for this field yet.
safety_protection_airspace_safety_lost_link_failsafe,lost_link_failsafe,lost-link failsafe,false,supplier,,not_claimed,,,,No claim is made for this field yet.
safety_protection_airspace_safety_lost_link_failsafe,lost_link_failsafe,lost-link failsafe,false,manufacturer,,not_claimed,,,,No claim is made for this field yet.
safety_protection_airspace_safety_lost_link_failsafe,lost_link_failsafe,lost-link failsafe,false,mpn,,not_claimed,,,,No claim is made for this field yet.
safety_protection_airspace_safety_lost_link_failsafe,lost_link_failsafe,lost-link failsafe,false,unit_cost_gbp,,not_claimed,,,,No claim is made for this field yet.
safety_protection_airspace_safety_lost_link_failsafe,lost_link_failsafe,lost-link failsafe,false,lead_time_weeks,,not_claimed,,,,No claim is made for this field yet.
safety_protection_airspace_safety_flight_termination_relay,flight_termination_relay,flight termination relay,false,supplier,,not_claimed,,,,No claim is made for this field yet.
safety_protection_airspace_safety_flight_termination_relay,flight_termination_relay,flight termination relay,false,manufacturer,,not_claimed,,,,No claim is made for this field yet.
safety_protection_airspace_safety_flight_termination_relay,flight_termination_relay,flight termination relay,false,mpn,,not_claimed,,,,No claim is made for this field yet.
safety_protection_airspace_safety_flight_termination_relay,flight_termination_relay,flight termination relay,false,unit_cost_gbp,,not_claimed,,,,No claim is made for this field yet.
safety_protection_airspace_safety_flight_termination_relay,flight_termination_relay,flight termination relay,false,lead_time_weeks,,not_claimed,,,,No claim is made for this field yet.
safety_protection_airspace_safety_airspace_transponder_module,airspace_transponder_module,airspace transponder module,false,supplier,,not_claimed,,,,No claim is made for this field yet.
safety_protection_airspace_safety_airspace_transponder_module,airspace_transponder_module,airspace transponder module,false,manufacturer,,not_claimed,,,,No claim is made for this field yet.
safety_protection_airspace_safety_airspace_transponder_module,airspace_transponder_module,airspace transponder module,false,mpn,,not_claimed,,,,No claim is made for this field yet.
safety_protection_airspace_safety_airspace_transponder_module,airspace_transponder_module,airspace transponder module,false,unit_cost_gbp,,not_claimed,,,,No claim is made for this field yet.
safety_protection_airspace_safety_airspace_transponder_module,airspace_transponder_module,airspace transponder module,false,lead_time_weeks,,not_claimed,,,,No claim is made for this field yet.
safety_protection_ground_handling_safety_launch_arming_interlock,launch_arming_interlock,launch arming interlock,false,supplier,,not_claimed,,,,No claim is made for this field yet.
safety_protection_ground_handling_safety_launch_arming_interlock,launch_arming_interlock,launch arming interlock,false,manufacturer,,not_claimed,,,,No claim is made for this field yet.
safety_protection_ground_handling_safety_launch_arming_interlock,launch_arming_interlock,launch arming interlock,false,mpn,,not_claimed,,,,No claim is made for this field yet.
safety_protection_ground_handling_safety_launch_arming_interlock,launch_arming_interlock,launch arming interlock,false,unit_cost_gbp,,not_claimed,,,,No claim is made for this field yet.
safety_protection_ground_handling_safety_launch_arming_interlock,launch_arming_interlock,launch arming interlock,false,lead_time_weeks,,not_claimed,,,,No claim is made for this field yet.
safety_protection_ground_handling_safety_propulsion_safety_pin_set,propulsion_safety_pin_set,propulsion safety pin set,false,supplier,,not_claimed,,,,No claim is made for this field yet.
safety_protection_ground_handling_safety_propulsion_safety_pin_set,propulsion_safety_pin_set,propulsion safety pin set,false,manufacturer,,not_claimed,,,,No claim is made for this field yet.
safety_protection_ground_handling_safety_propulsion_safety_pin_set,propulsion_safety_pin_set,propulsion safety pin set,false,mpn,,not_claimed,,,,No claim is made for this field yet.
safety_protection_ground_handling_safety_propulsion_safety_pin_set,propulsion_safety_pin_set,propulsion safety pin set,false,unit_cost_gbp,,not_claimed,,,,No claim is made for this field yet.
safety_protection_ground_handling_safety_propulsion_safety_pin_set,propulsion_safety_pin_set,propulsion safety pin set,false,lead_time_weeks,,not_claimed,,,,No claim is made for this field yet.
safety_protection_ground_handling_safety_battery_handling_placard,battery_handling_placard,battery handling placard,false,supplier,,not_claimed,,,,No claim is made for this field yet.
safety_protection_ground_handling_safety_battery_handling_placard,battery_handling_placard,battery handling placard,false,manufacturer,,not_claimed,,,,No claim is made for this field yet.
safety_protection_ground_handling_safety_battery_handling_placard,battery_handling_placard,battery handling placard,false,mpn,,not_claimed,,,,No claim is made for this field yet.
safety_protection_ground_handling_safety_battery_handling_placard,battery_handling_placard,battery handling placard,false,unit_cost_gbp,,not_claimed,,,,No claim is made for this field yet.
safety_protection_ground_handling_safety_battery_handling_placard,battery_handling_placard,battery handling placard,false,lead_time_weeks,,not_claimed,,,,No claim is made for this field yet.
safety_protection_ground_handling_safety_recovery_inspection_checklist,recovery_inspection_checklist,recovery inspection checklist,false,supplier,,not_claimed,,,,No claim is made for this field yet.
safety_protection_ground_handling_safety_recovery_inspection_checklist,recovery_inspection_checklist,recovery inspection checklist,false,manufacturer,,not_claimed,,,,No claim is made for this field yet.
safety_protection_ground_handling_safety_recovery_inspection_checklist,recovery_inspection_checklist,recovery inspection checklist,false,mpn,,not_claimed,,,,No claim is made for this field yet.
safety_protection_ground_handling_safety_recovery_inspection_checklist,recovery_inspection_checklist,recovery inspection checklist,false,unit_cost_gbp,,not_claimed,,,,No claim is made for this field yet.
safety_protection_ground_handling_safety_recovery_inspection_checklist,recovery_inspection_checklist,recovery inspection checklist,false,lead_time_weeks,,not_claimed,,,,No claim is made for this field yet.
maintenance_serviceability_wing_assembly_service_wing_assembly_jig,wing_assembly_jig,wing assembly jig,false,supplier,,not_claimed,,,,No claim is made for this field yet.
maintenance_serviceability_wing_assembly_service_wing_assembly_jig,wing_assembly_jig,wing assembly jig,false,manufacturer,,not_claimed,,,,No claim is made for this field yet.
maintenance_serviceability_wing_assembly_service_wing_assembly_jig,wing_assembly_jig,wing assembly jig,false,mpn,,not_claimed,,,,No claim is made for this field yet.
maintenance_serviceability_wing_assembly_service_wing_assembly_jig,wing_assembly_jig,wing assembly jig,false,unit_cost_gbp,,not_claimed,,,,No claim is made for this field yet.
maintenance_serviceability_wing_assembly_service_wing_assembly_jig,wing_assembly_jig,wing assembly jig,false,lead_time_weeks,,not_claimed,,,,No claim is made for this field yet.
maintenance_serviceability_wing_assembly_service_spar_pin_torque_tool,spar_pin_torque_tool,spar pin torque tool,false,supplier,,not_claimed,,,,No claim is made for this field yet.
maintenance_serviceability_wing_assembly_service_spar_pin_torque_tool,spar_pin_torque_tool,spar pin torque tool,false,manufacturer,,not_claimed,,,,No claim is made for this field yet.
maintenance_serviceability_wing_assembly_service_spar_pin_torque_tool,spar_pin_torque_tool,spar pin torque tool,false,mpn,,not_claimed,,,,No claim is made for this field yet.
maintenance_serviceability_wing_assembly_service_spar_pin_torque_tool,spar_pin_torque_tool,spar pin torque tool,false,unit_cost_gbp,,not_claimed,,,,No claim is made for this field yet.
maintenance_serviceability_wing_assembly_service_spar_pin_torque_tool,spar_pin_torque_tool,spar pin torque tool,false,lead_time_weeks,,not_claimed,,,,No claim is made for this field yet.
maintenance_serviceability_wing_assembly_service_solar_skin_protection_mat,solar_skin_protection_mat,solar skin protection mat,false,supplier,,not_claimed,,,,No claim is made for this field yet.
maintenance_serviceability_wing_assembly_service_solar_skin_protection_mat,solar_skin_protection_mat,solar skin protection mat,false,manufacturer,,not_claimed,,,,No claim is made for this field yet.
maintenance_serviceability_wing_assembly_service_solar_skin_protection_mat,solar_skin_protection_mat,solar skin protection mat,false,mpn,,not_claimed,,,,No claim is made for this field yet.
maintenance_serviceability_wing_assembly_service_solar_skin_protection_mat,solar_skin_protection_mat,solar skin protection mat,false,unit_cost_gbp,,not_claimed,,,,No claim is made for this field yet.
maintenance_serviceability_wing_assembly_service_solar_skin_protection_mat,solar_skin_protection_mat,solar skin protection mat,false,lead_time_weeks,,not_claimed,,,,No claim is made for this field yet.
maintenance_serviceability_wing_assembly_service_assembly_witness_mark_set,assembly_witness_mark_set,assembly witness mark set,false,supplier,,not_claimed,,,,No claim is made for this field yet.
maintenance_serviceability_wing_assembly_service_assembly_witness_mark_set,assembly_witness_mark_set,assembly witness mark set,false,manufacturer,,not_claimed,,,,No claim is made for this field yet.
maintenance_serviceability_wing_assembly_service_assembly_witness_mark_set,assembly_witness_mark_set,assembly witness mark set,false,mpn,,not_claimed,,,,No claim is made for this field yet.
maintenance_serviceability_wing_assembly_service_assembly_witness_mark_set,assembly_witness_mark_set,assembly witness mark set,false,unit_cost_gbp,,not_claimed,,,,No claim is made for this field yet.
maintenance_serviceability_wing_assembly_service_assembly_witness_mark_set,assembly_witness_mark_set,assembly witness mark set,false,lead_time_weeks,,not_claimed,,,,No claim is made for this field yet.
maintenance_serviceability_launch_recovery_equipment_launch_dolly_interface,launch_dolly_interface,launch dolly interface,false,supplier,,not_claimed,,,,No claim is made for this field yet.
maintenance_serviceability_launch_recovery_equipment_launch_dolly_interface,launch_dolly_interface,launch dolly interface,false,manufacturer,,not_claimed,,,,No claim is made for this field yet.
maintenance_serviceability_launch_recovery_equipment_launch_dolly_interface,launch_dolly_interface,launch dolly interface,false,mpn,,not_claimed,,,,No claim is made for this field yet.
maintenance_serviceability_launch_recovery_equipment_launch_dolly_interface,launch_dolly_interface,launch dolly interface,false,unit_cost_gbp,,not_claimed,,,,No claim is made for this field yet.
maintenance_serviceability_launch_recovery_equipment_launch_dolly_interface,launch_dolly_interface,launch dolly interface,false,lead_time_weeks,,not_claimed,,,,No claim is made for this field yet.
maintenance_serviceability_launch_recovery_equipment_wingtip_handling_fixture,wingtip_handling_fixture,wingtip handling fixture,false,supplier,,not_claimed,,,,No claim is made for this field yet.
maintenance_serviceability_launch_recovery_equipment_wingtip_handling_fixture,wingtip_handling_fixture,wingtip handling fixture,false,manufacturer,,not_claimed,,,,No claim is made for this field yet.
maintenance_serviceability_launch_recovery_equipment_wingtip_handling_fixture,wingtip_handling_fixture,wingtip handling fixture,false,mpn,,not_claimed,,,,No claim is made for this field yet.
maintenance_serviceability_launch_recovery_equipment_wingtip_handling_fixture,wingtip_handling_fixture,wingtip handling fixture,false,unit_cost_gbp,,not_claimed,,,,No claim is made for this field yet.
maintenance_serviceability_launch_recovery_equipment_wingtip_handling_fixture,wingtip_handling_fixture,wingtip handling fixture,false,lead_time_weeks,,not_claimed,,,,No claim is made for this field yet.
maintenance_serviceability_launch_recovery_equipment_recovery_cradle,recovery_cradle,recovery cradle,false,supplier,,not_claimed,,,,No claim is made for this field yet.
maintenance_serviceability_launch_recovery_equipment_recovery_cradle,recovery_cradle,recovery cradle,false,manufacturer,,not_claimed,,,,No claim is made for this field yet.
maintenance_serviceability_launch_recovery_equipment_recovery_cradle,recovery_cradle,recovery cradle,false,mpn,,not_claimed,,,,No claim is made for this field yet.
maintenance_serviceability_launch_recovery_equipment_recovery_cradle,recovery_cradle,recovery cradle,false,unit_cost_gbp,,not_claimed,,,,No claim is made for this field yet.
maintenance_serviceability_launch_recovery_equipment_recovery_cradle,recovery_cradle,recovery cradle,false,lead_time_weeks,,not_claimed,,,,No claim is made for this field yet.
maintenance_serviceability_launch_recovery_equipment_ground_wind_limit_placard,ground_wind_limit_placard,ground wind limit placard,false,supplier,,not_claimed,,,,No claim is made for this field yet.
maintenance_serviceability_launch_recovery_equipment_ground_wind_limit_placard,ground_wind_limit_placard,ground wind limit placard,false,manufacturer,,not_claimed,,,,No claim is made for this field yet.
maintenance_serviceability_launch_recovery_equipment_ground_wind_limit_placard,ground_wind_limit_placard,ground wind limit placard,false,mpn,,not_claimed,,,,No claim is made for this field yet.
maintenance_serviceability_launch_recovery_equipment_ground_wind_limit_placard,ground_wind_limit_placard,ground wind limit placard,false,unit_cost_gbp,,not_claimed,,,,No claim is made for this field yet.
maintenance_serviceability_launch_recovery_equipment_ground_wind_limit_placard,ground_wind_limit_placard,ground wind limit placard,false,lead_time_weeks,,not_claimed,,,,No claim is made for this field yet.
maintenance_serviceability_payload_checkout_payload_checkout_cable,payload_checkout_cable,payload checkout cable,false,supplier,,not_claimed,,,,No claim is made for this field yet.
maintenance_serviceability_payload_checkout_payload_checkout_cable,payload_checkout_cable,payload checkout cable,false,manufacturer,,not_claimed,,,,No claim is made for this field yet.
maintenance_serviceability_payload_checkout_payload_checkout_cable,payload_checkout_cable,payload checkout cable,false,mpn,,not_claimed,,,,No claim is made for this field yet.
maintenance_serviceability_payload_checkout_payload_checkout_cable,payload_checkout_cable,payload checkout cable,false,unit_cost_gbp,,not_claimed,,,,No claim is made for this field yet.
maintenance_serviceability_payload_checkout_payload_checkout_cable,payload_checkout_cable,payload checkout cable,false,lead_time_weeks,,not_claimed,,,,No claim is made for this field yet.
maintenance_serviceability_payload_checkout_rf_load_test_adapter,rf_load_test_adapter,RF load test adapter,false,supplier,,not_claimed,,,,No claim is made for this field yet.
maintenance_serviceability_payload_checkout_rf_load_test_adapter,rf_load_test_adapter,RF load test adapter,false,manufacturer,,not_claimed,,,,No claim is made for this field yet.
maintenance_serviceability_payload_checkout_rf_load_test_adapter,rf_load_test_adapter,RF load test adapter,false,mpn,,not_claimed,,,,No claim is made for this field yet.
maintenance_serviceability_payload_checkout_rf_load_test_adapter,rf_load_test_adapter,RF load test adapter,false,unit_cost_gbp,,not_claimed,,,,No claim is made for this field yet.
maintenance_serviceability_payload_checkout_rf_load_test_adapter,rf_load_test_adapter,RF load test adapter,false,lead_time_weeks,,not_claimed,,,,No claim is made for this field yet.
maintenance_serviceability_payload_checkout_telemetry_ground_terminal,telemetry_ground_terminal,telemetry ground terminal,false,supplier,,not_claimed,,,,No claim is made for this field yet.
maintenance_serviceability_payload_checkout_telemetry_ground_terminal,telemetry_ground_terminal,telemetry ground terminal,false,manufacturer,,not_claimed,,,,No claim is made for this field yet.
maintenance_serviceability_payload_checkout_telemetry_ground_terminal,telemetry_ground_terminal,telemetry ground terminal,false,mpn,,not_claimed,,,,No claim is made for this field yet.
maintenance_serviceability_payload_checkout_telemetry_ground_terminal,telemetry_ground_terminal,telemetry ground terminal,false,unit_cost_gbp,,not_claimed,,,,No claim is made for this field yet.
maintenance_serviceability_payload_checkout_telemetry_ground_terminal,telemetry_ground_terminal,telemetry ground terminal,false,lead_time_weeks,,not_claimed,,,,No claim is made for this field yet.
maintenance_serviceability_payload_checkout_preflight_log_card,preflight_log_card,preflight log card,false,supplier,,not_claimed,,,,No claim is made for this field yet.
maintenance_serviceability_payload_checkout_preflight_log_card,preflight_log_card,preflight log card,false,manufacturer,,not_claimed,,,,No claim is made for this field yet.
maintenance_serviceability_payload_checkout_preflight_log_card,preflight_log_card,preflight log card,false,mpn,,not_claimed,,,,No claim is made for this field yet.
maintenance_serviceability_payload_checkout_preflight_log_card,preflight_log_card,preflight log card,false,unit_cost_gbp,,not_claimed,,,,No claim is made for this field yet.
maintenance_serviceability_payload_checkout_preflight_log_card,preflight_log_card,preflight log card,false,lead_time_weeks,,not_claimed,,,,No claim is made for this field yet.
