id,kind,status,basis,scope,claim,provenanceRefs,sourceRefs,reviewerEvidenceRefs,linkedRequirementIds,linkedModuleIds,linkedComponentWordIds,blocksBom,blocksPublish,nextAction
bom_source_field:actuation_kinematics_disposable_applicator_disposable_applicator:manufacturer,bom_source_field,source_required,assumption,Disposable applicator / manufacturer,manufacturer is required but not source-backed.,,,,,actuation_kinematics,disposable_applicator,true,true,Admit source-backed supplier/manufacturer/MPN/unit-cost evidence before BoM can pass.
bom_source_field:actuation_kinematics_disposable_applicator_disposable_applicator:mpn,bom_source_field,source_required,assumption,Disposable applicator / mpn,mpn is required but not source-backed.,,,,,actuation_kinematics,disposable_applicator,true,true,Admit source-backed supplier/manufacturer/MPN/unit-cost evidence before BoM can pass.
bom_source_field:actuation_kinematics_disposable_applicator_disposable_applicator:supplier,bom_source_field,source_required,assumption,Disposable applicator / supplier,supplier is required but not source-backed.,,,,,actuation_kinematics,disposable_applicator,true,true,Admit source-backed supplier/manufacturer/MPN/unit-cost evidence before BoM can pass.
bom_source_field:actuation_kinematics_disposable_applicator_disposable_applicator:unit_cost_gbp,bom_source_field,source_required,assumption,Disposable applicator / unit_cost_gbp,unit_cost_gbp is required but not source-backed.,,,,,actuation_kinematics,disposable_applicator,true,true,Admit source-backed supplier/manufacturer/MPN/unit-cost evidence before BoM can pass.
bom_source_field:control_compute_communication_ble_telemetry_ble_radio_module:manufacturer,bom_source_field,source_required,assumption,BLE radio module / manufacturer,manufacturer is required but not source-backed.,,,,,control_compute_communication,ble_radio_module,true,true,Admit source-backed supplier/manufacturer/MPN/unit-cost evidence before BoM can pass.
bom_source_field:control_compute_communication_ble_telemetry_ble_radio_module:mpn,bom_source_field,source_required,assumption,BLE radio module / mpn,mpn is required but not source-backed.,,,,,control_compute_communication,ble_radio_module,true,true,Admit source-backed supplier/manufacturer/MPN/unit-cost evidence before BoM can pass.
bom_source_field:control_compute_communication_ble_telemetry_ble_radio_module:supplier,bom_source_field,source_required,assumption,BLE radio module / supplier,supplier is required but not source-backed.,,,,,control_compute_communication,ble_radio_module,true,true,Admit source-backed supplier/manufacturer/MPN/unit-cost evidence before BoM can pass.
bom_source_field:control_compute_communication_ble_telemetry_ble_radio_module:unit_cost_gbp,bom_source_field,source_required,assumption,BLE radio module / unit_cost_gbp,unit_cost_gbp is required but not source-backed.,,,,,control_compute_communication,ble_radio_module,true,true,Admit source-backed supplier/manufacturer/MPN/unit-cost evidence before BoM can pass.
bom_source_field:control_compute_communication_mcu_firmware_low_power_microcontroller:manufacturer,bom_source_field,source_required,assumption,Low-power microcontroller / manufacturer,manufacturer is required but not source-backed.,,,,reading_interval_minutes; mard_percent,control_compute_communication,low_power_microcontroller,true,true,Admit source-backed supplier/manufacturer/MPN/unit-cost evidence before BoM can pass.
bom_source_field:control_compute_communication_mcu_firmware_low_power_microcontroller:mpn,bom_source_field,source_required,assumption,Low-power microcontroller / mpn,mpn is required but not source-backed.,,,,reading_interval_minutes; mard_percent,control_compute_communication,low_power_microcontroller,true,true,Admit source-backed supplier/manufacturer/MPN/unit-cost evidence before BoM can pass.
bom_source_field:control_compute_communication_mcu_firmware_low_power_microcontroller:supplier,bom_source_field,source_required,assumption,Low-power microcontroller / supplier,supplier is required but not source-backed.,,,,reading_interval_minutes; mard_percent,control_compute_communication,low_power_microcontroller,true,true,Admit source-backed supplier/manufacturer/MPN/unit-cost evidence before BoM can pass.
bom_source_field:control_compute_communication_mcu_firmware_low_power_microcontroller:unit_cost_gbp,bom_source_field,source_required,assumption,Low-power microcontroller / unit_cost_gbp,unit_cost_gbp is required but not source-backed.,,,,reading_interval_minutes; mard_percent,control_compute_communication,low_power_microcontroller,true,true,Admit source-backed supplier/manufacturer/MPN/unit-cost evidence before BoM can pass.
bom_source_field:energy_storage_source_battery_cell_thin_film_battery:manufacturer,bom_source_field,source_required,assumption,Thin-film battery / manufacturer,manufacturer is required but not source-backed.,,,,wear_days,energy_storage_source,thin_film_battery,true,true,Admit source-backed supplier/manufacturer/MPN/unit-cost evidence before BoM can pass.
bom_source_field:energy_storage_source_battery_cell_thin_film_battery:mpn,bom_source_field,source_required,assumption,Thin-film battery / mpn,mpn is required but not source-backed.,,,,wear_days,energy_storage_source,thin_film_battery,true,true,Admit source-backed supplier/manufacturer/MPN/unit-cost evidence before BoM can pass.
bom_source_field:energy_storage_source_battery_cell_thin_film_battery:supplier,bom_source_field,source_required,assumption,Thin-film battery / supplier,supplier is required but not source-backed.,,,,wear_days,energy_storage_source,thin_film_battery,true,true,Admit source-backed supplier/manufacturer/MPN/unit-cost evidence before BoM can pass.
bom_source_field:energy_storage_source_battery_cell_thin_film_battery:unit_cost_gbp,bom_source_field,source_required,assumption,Thin-film battery / unit_cost_gbp,unit_cost_gbp is required but not source-backed.,,,,wear_days,energy_storage_source,thin_film_battery,true,true,Admit source-backed supplier/manufacturer/MPN/unit-cost evidence before BoM can pass.
bom_source_field:environmental_interface_temperature_compensation_temperature_sensor:manufacturer,bom_source_field,source_required,assumption,Temperature sensor / manufacturer,manufacturer is required but not source-backed.,,,,wear_days; mard_percent,environmental_interface,temperature_sensor,true,true,Admit source-backed supplier/manufacturer/MPN/unit-cost evidence before BoM can pass.
bom_source_field:environmental_interface_temperature_compensation_temperature_sensor:mpn,bom_source_field,source_required,assumption,Temperature sensor / mpn,mpn is required but not source-backed.,,,,wear_days; mard_percent,environmental_interface,temperature_sensor,true,true,Admit source-backed supplier/manufacturer/MPN/unit-cost evidence before BoM can pass.
bom_source_field:environmental_interface_temperature_compensation_temperature_sensor:supplier,bom_source_field,source_required,assumption,Temperature sensor / supplier,supplier is required but not source-backed.,,,,wear_days; mard_percent,environmental_interface,temperature_sensor,true,true,Admit source-backed supplier/manufacturer/MPN/unit-cost evidence before BoM can pass.
bom_source_field:environmental_interface_temperature_compensation_temperature_sensor:unit_cost_gbp,bom_source_field,source_required,assumption,Temperature sensor / unit_cost_gbp,unit_cost_gbp is required but not source-backed.,,,,wear_days; mard_percent,environmental_interface,temperature_sensor,true,true,Admit source-backed supplier/manufacturer/MPN/unit-cost evidence before BoM can pass.
bom_source_field:maintenance_serviceability_lot_traceability_udi_label_set:manufacturer,bom_source_field,source_required,assumption,UDI label set / manufacturer,manufacturer is required but not source-backed.,,,,,maintenance_serviceability,udi_label_set,true,true,Admit source-backed supplier/manufacturer/MPN/unit-cost evidence before BoM can pass.
bom_source_field:maintenance_serviceability_lot_traceability_udi_label_set:mpn,bom_source_field,source_required,assumption,UDI label set / mpn,mpn is required but not source-backed.,,,,,maintenance_serviceability,udi_label_set,true,true,Admit source-backed supplier/manufacturer/MPN/unit-cost evidence before BoM can pass.
bom_source_field:maintenance_serviceability_lot_traceability_udi_label_set:supplier,bom_source_field,source_required,assumption,UDI label set / supplier,supplier is required but not source-backed.,,,,,maintenance_serviceability,udi_label_set,true,true,Admit source-backed supplier/manufacturer/MPN/unit-cost evidence before BoM can pass.
bom_source_field:maintenance_serviceability_lot_traceability_udi_label_set:unit_cost_gbp,bom_source_field,source_required,assumption,UDI label set / unit_cost_gbp,unit_cost_gbp is required but not source-backed.,,,,,maintenance_serviceability,udi_label_set,true,true,Admit source-backed supplier/manufacturer/MPN/unit-cost evidence before BoM can pass.
bom_source_field:maintenance_serviceability_sterile_packaging_sterile_barrier_pouch:manufacturer,bom_source_field,source_required,assumption,Sterile barrier pouch / manufacturer,manufacturer is required but not source-backed.,,,,,maintenance_serviceability,sterile_barrier_pouch,true,true,Admit source-backed supplier/manufacturer/MPN/unit-cost evidence before BoM can pass.
bom_source_field:maintenance_serviceability_sterile_packaging_sterile_barrier_pouch:mpn,bom_source_field,source_required,assumption,Sterile barrier pouch / mpn,mpn is required but not source-backed.,,,,,maintenance_serviceability,sterile_barrier_pouch,true,true,Admit source-backed supplier/manufacturer/MPN/unit-cost evidence before BoM can pass.
bom_source_field:maintenance_serviceability_sterile_packaging_sterile_barrier_pouch:supplier,bom_source_field,source_required,assumption,Sterile barrier pouch / supplier,supplier is required but not source-backed.,,,,,maintenance_serviceability,sterile_barrier_pouch,true,true,Admit source-backed supplier/manufacturer/MPN/unit-cost evidence before BoM can pass.
bom_source_field:maintenance_serviceability_sterile_packaging_sterile_barrier_pouch:unit_cost_gbp,bom_source_field,source_required,assumption,Sterile barrier pouch / unit_cost_gbp,unit_cost_gbp is required but not source-backed.,,,,,maintenance_serviceability,sterile_barrier_pouch,true,true,Admit source-backed supplier/manufacturer/MPN/unit-cost evidence before BoM can pass.
bom_source_field:sensing_instrumentation_glucose_filament_stack_enzyme_reagent_membrane:manufacturer,bom_source_field,source_required,assumption,Enzyme reagent membrane / manufacturer,manufacturer is required but not source-backed.,,,,,sensing_instrumentation,enzyme_reagent_membrane,true,true,Admit source-backed supplier/manufacturer/MPN/unit-cost evidence before BoM can pass.
bom_source_field:sensing_instrumentation_glucose_filament_stack_enzyme_reagent_membrane:mpn,bom_source_field,source_required,assumption,Enzyme reagent membrane / mpn,mpn is required but not source-backed.,,,,,sensing_instrumentation,enzyme_reagent_membrane,true,true,Admit source-backed supplier/manufacturer/MPN/unit-cost evidence before BoM can pass.
bom_source_field:sensing_instrumentation_glucose_filament_stack_enzyme_reagent_membrane:supplier,bom_source_field,source_required,assumption,Enzyme reagent membrane / supplier,supplier is required but not source-backed.,,,,,sensing_instrumentation,enzyme_reagent_membrane,true,true,Admit source-backed supplier/manufacturer/MPN/unit-cost evidence before BoM can pass.
bom_source_field:sensing_instrumentation_glucose_filament_stack_enzyme_reagent_membrane:unit_cost_gbp,bom_source_field,source_required,assumption,Enzyme reagent membrane / unit_cost_gbp,unit_cost_gbp is required but not source-backed.,,,,,sensing_instrumentation,enzyme_reagent_membrane,true,true,Admit source-backed supplier/manufacturer/MPN/unit-cost evidence before BoM can pass.
bom_source_field:sensing_instrumentation_glucose_filament_stack_glucose_sensing_filament:manufacturer,bom_source_field,source_required,assumption,Glucose sensing filament / manufacturer,manufacturer is required but not source-backed.,,,,reading_interval_minutes; mard_percent,sensing_instrumentation,glucose_sensing_filament,true,true,Admit source-backed supplier/manufacturer/MPN/unit-cost evidence before BoM can pass.
bom_source_field:sensing_instrumentation_glucose_filament_stack_glucose_sensing_filament:mpn,bom_source_field,source_required,assumption,Glucose sensing filament / mpn,mpn is required but not source-backed.,,,,reading_interval_minutes; mard_percent,sensing_instrumentation,glucose_sensing_filament,true,true,Admit source-backed supplier/manufacturer/MPN/unit-cost evidence before BoM can pass.
bom_source_field:sensing_instrumentation_glucose_filament_stack_glucose_sensing_filament:supplier,bom_source_field,source_required,assumption,Glucose sensing filament / supplier,supplier is required but not source-backed.,,,,reading_interval_minutes; mard_percent,sensing_instrumentation,glucose_sensing_filament,true,true,Admit source-backed supplier/manufacturer/MPN/unit-cost evidence before BoM can pass.
bom_source_field:sensing_instrumentation_glucose_filament_stack_glucose_sensing_filament:unit_cost_gbp,bom_source_field,source_required,assumption,Glucose sensing filament / unit_cost_gbp,unit_cost_gbp is required but not source-backed.,,,,reading_interval_minutes; mard_percent,sensing_instrumentation,glucose_sensing_filament,true,true,Admit source-backed supplier/manufacturer/MPN/unit-cost evidence before BoM can pass.
bom_source_field:sensing_instrumentation_glucose_filament_stack_reference_electrode:manufacturer,bom_source_field,source_required,assumption,Reference electrode / manufacturer,manufacturer is required but not source-backed.,,,,,sensing_instrumentation,reference_electrode,true,true,Admit source-backed supplier/manufacturer/MPN/unit-cost evidence before BoM can pass.
bom_source_field:sensing_instrumentation_glucose_filament_stack_reference_electrode:mpn,bom_source_field,source_required,assumption,Reference electrode / mpn,mpn is required but not source-backed.,,,,,sensing_instrumentation,reference_electrode,true,true,Admit source-backed supplier/manufacturer/MPN/unit-cost evidence before BoM can pass.
bom_source_field:sensing_instrumentation_glucose_filament_stack_reference_electrode:supplier,bom_source_field,source_required,assumption,Reference electrode / supplier,supplier is required but not source-backed.,,,,,sensing_instrumentation,reference_electrode,true,true,Admit source-backed supplier/manufacturer/MPN/unit-cost evidence before BoM can pass.
bom_source_field:sensing_instrumentation_glucose_filament_stack_reference_electrode:unit_cost_gbp,bom_source_field,source_required,assumption,Reference electrode / unit_cost_gbp,unit_cost_gbp is required but not source-backed.,,,,,sensing_instrumentation,reference_electrode,true,true,Admit source-backed supplier/manufacturer/MPN/unit-cost evidence before BoM can pass.
bom_source_field:skin_patient_interface_adhesive_patch_stack_adhesive_skin_patch:manufacturer,bom_source_field,source_required,assumption,Adhesive skin patch / manufacturer,manufacturer is required but not source-backed.,,,,wear_days,skin_patient_interface,adhesive_skin_patch,true,true,Admit source-backed supplier/manufacturer/MPN/unit-cost evidence before BoM can pass.
bom_source_field:skin_patient_interface_adhesive_patch_stack_adhesive_skin_patch:mpn,bom_source_field,source_required,assumption,Adhesive skin patch / mpn,mpn is required but not source-backed.,,,,wear_days,skin_patient_interface,adhesive_skin_patch,true,true,Admit source-backed supplier/manufacturer/MPN/unit-cost evidence before BoM can pass.
bom_source_field:skin_patient_interface_adhesive_patch_stack_adhesive_skin_patch:supplier,bom_source_field,source_required,assumption,Adhesive skin patch / supplier,supplier is required but not source-backed.,,,,wear_days,skin_patient_interface,adhesive_skin_patch,true,true,Admit source-backed supplier/manufacturer/MPN/unit-cost evidence before BoM can pass.
bom_source_field:skin_patient_interface_adhesive_patch_stack_adhesive_skin_patch:unit_cost_gbp,bom_source_field,source_required,assumption,Adhesive skin patch / unit_cost_gbp,unit_cost_gbp is required but not source-backed.,,,,wear_days,skin_patient_interface,adhesive_skin_patch,true,true,Admit source-backed supplier/manufacturer/MPN/unit-cost evidence before BoM can pass.
bom_source_field:structure_containment_transmitter_housing_protective_transmitter_housing:manufacturer,bom_source_field,source_required,assumption,Protective transmitter housing / manufacturer,manufacturer is required but not source-backed.,,,,,structure_containment,protective_transmitter_housing,true,true,Admit source-backed supplier/manufacturer/MPN/unit-cost evidence before BoM can pass.
bom_source_field:structure_containment_transmitter_housing_protective_transmitter_housing:mpn,bom_source_field,source_required,assumption,Protective transmitter housing / mpn,mpn is required but not source-backed.,,,,,structure_containment,protective_transmitter_housing,true,true,Admit source-backed supplier/manufacturer/MPN/unit-cost evidence before BoM can pass.
bom_source_field:structure_containment_transmitter_housing_protective_transmitter_housing:supplier,bom_source_field,source_required,assumption,Protective transmitter housing / supplier,supplier is required but not source-backed.,,,,,structure_containment,protective_transmitter_housing,true,true,Admit source-backed supplier/manufacturer/MPN/unit-cost evidence before BoM can pass.
bom_source_field:structure_containment_transmitter_housing_protective_transmitter_housing:unit_cost_gbp,bom_source_field,source_required,assumption,Protective transmitter housing / unit_cost_gbp,unit_cost_gbp is required but not source-backed.,,,,,structure_containment,protective_transmitter_housing,true,true,Admit source-backed supplier/manufacturer/MPN/unit-cost evidence before BoM can pass.
component_candidate:actuation_kinematics_disposable_applicator_disposable_applicator,component_candidate,source_required,generated_model,Disposable applicator,Disposable applicator is an architecture-derived component candidate with quantity 1 candidate.,model:scratch_universal_architecture.cgm,,,,actuation_kinematics,disposable_applicator,true,true,"Admit source-backed supplier, manufacturer, MPN, unit cost and lead-time evidence through sourcing intake."
component_candidate:control_compute_communication_ble_telemetry_ble_radio_module,component_candidate,source_required,generated_model,BLE radio module,BLE radio module is an architecture-derived component candidate with quantity 1 candidate.,model:scratch_universal_architecture.cgm,,,,control_compute_communication,ble_radio_module,true,true,"Admit source-backed supplier, manufacturer, MPN, unit cost and lead-time evidence through sourcing intake."
component_candidate:control_compute_communication_mcu_firmware_low_power_microcontroller,component_candidate,source_required,generated_model,Low-power microcontroller,Low-power microcontroller is an architecture-derived component candidate with quantity 1 candidate.,model:scratch_universal_architecture.cgm,,,reading_interval_minutes; mard_percent,control_compute_communication,low_power_microcontroller,true,true,"Admit source-backed supplier, manufacturer, MPN, unit cost and lead-time evidence through sourcing intake."
component_candidate:energy_storage_source_battery_cell_thin_film_battery,component_candidate,source_required,generated_model,Thin-film battery,Thin-film battery is an architecture-derived component candidate with quantity 1 candidate.,model:scratch_universal_architecture.cgm,,,wear_days,energy_storage_source,thin_film_battery,true,true,"Admit source-backed supplier, manufacturer, MPN, unit cost and lead-time evidence through sourcing intake."
component_candidate:environmental_interface_temperature_compensation_temperature_sensor,component_candidate,source_required,generated_model,Temperature sensor,Temperature sensor is an architecture-derived component candidate with quantity 1 candidate.,model:scratch_universal_architecture.cgm,,,wear_days; mard_percent,environmental_interface,temperature_sensor,true,true,"Admit source-backed supplier, manufacturer, MPN, unit cost and lead-time evidence through sourcing intake."
component_candidate:maintenance_serviceability_lot_traceability_udi_label_set,component_candidate,source_required,generated_model,UDI label set,UDI label set is an architecture-derived component candidate with quantity 1 candidate.,model:scratch_universal_architecture.cgm,,,,maintenance_serviceability,udi_label_set,true,true,"Admit source-backed supplier, manufacturer, MPN, unit cost and lead-time evidence through sourcing intake."
component_candidate:maintenance_serviceability_sterile_packaging_sterile_barrier_pouch,component_candidate,source_required,generated_model,Sterile barrier pouch,Sterile barrier pouch is an architecture-derived component candidate with quantity 1 candidate.,model:scratch_universal_architecture.cgm,,,,maintenance_serviceability,sterile_barrier_pouch,true,true,"Admit source-backed supplier, manufacturer, MPN, unit cost and lead-time evidence through sourcing intake."
component_candidate:sensing_instrumentation_glucose_filament_stack_enzyme_reagent_membrane,component_candidate,source_required,generated_model,Enzyme reagent membrane,Enzyme reagent membrane is an architecture-derived component candidate with quantity 1 candidate.,model:scratch_universal_architecture.cgm,,,,sensing_instrumentation,enzyme_reagent_membrane,true,true,"Admit source-backed supplier, manufacturer, MPN, unit cost and lead-time evidence through sourcing intake."
component_candidate:sensing_instrumentation_glucose_filament_stack_glucose_sensing_filament,component_candidate,source_required,generated_model,Glucose sensing filament,Glucose sensing filament is an architecture-derived component candidate with quantity 1 candidate.,model:scratch_universal_architecture.cgm,,,reading_interval_minutes; mard_percent,sensing_instrumentation,glucose_sensing_filament,true,true,"Admit source-backed supplier, manufacturer, MPN, unit cost and lead-time evidence through sourcing intake."
component_candidate:sensing_instrumentation_glucose_filament_stack_reference_electrode,component_candidate,source_required,generated_model,Reference electrode,Reference electrode is an architecture-derived component candidate with quantity 1 candidate.,model:scratch_universal_architecture.cgm,,,,sensing_instrumentation,reference_electrode,true,true,"Admit source-backed supplier, manufacturer, MPN, unit cost and lead-time evidence through sourcing intake."
component_candidate:skin_patient_interface_adhesive_patch_stack_adhesive_skin_patch,component_candidate,source_required,generated_model,Adhesive skin patch,Adhesive skin patch is an architecture-derived component candidate with quantity 1 candidate.,model:scratch_universal_architecture.cgm,,,wear_days,skin_patient_interface,adhesive_skin_patch,true,true,"Admit source-backed supplier, manufacturer, MPN, unit cost and lead-time evidence through sourcing intake."
component_candidate:structure_containment_transmitter_housing_protective_transmitter_housing,component_candidate,source_required,generated_model,Protective transmitter housing,Protective transmitter housing is an architecture-derived component candidate with quantity 1 candidate.,model:scratch_universal_architecture.cgm,,,,structure_containment,protective_transmitter_housing,true,true,"Admit source-backed supplier, manufacturer, MPN, unit cost and lead-time evidence through sourcing intake."
headline_metric:capex_gbp,headline_metric,source_required,assumption,Estimated CAPEX,Estimated CAPEX = 0 GBP.,formula:capex=sum(bom.totalCostGbp); class_pack:cgm.class_pack,,,,,,true,true,Admit source-backed BoM costs before treating this cost metric as a claim.
headline_metric:opex_annual_gbp,headline_metric,source_required,assumption,Estimated annual OPEX,Estimated annual OPEX = 0 GBP/year.,formula:opex=capex*0.04,,,,,,true,true,Admit source-backed BoM costs before treating this cost metric as a claim.
component_candidate:actuation_kinematics_disposable_applicator_safety_cap,component_candidate,generated_needs_review,generated_model,safety cap,safety cap is an architecture-derived component candidate with quantity 1 candidate.,model:scratch_universal_architecture.cgm,,,,actuation_kinematics,safety_cap,false,true,"Review whether this is a unique physical item, shared component or separate installation instance."
component_candidate:actuation_kinematics_disposable_applicator_spring_insertion_driver,component_candidate,generated_needs_review,generated_model,spring insertion driver,spring insertion driver is an architecture-derived component candidate with quantity 1 candidate.,model:scratch_universal_architecture.cgm,,,,actuation_kinematics,spring_insertion_driver,false,true,"Review whether this is a unique physical item, shared component or separate installation instance."
component_candidate:actuation_kinematics_disposable_applicator_trigger_button,component_candidate,generated_needs_review,generated_model,trigger button,trigger button is an architecture-derived component candidate with quantity 1 candidate.,model:scratch_universal_architecture.cgm,,,,actuation_kinematics,trigger_button,false,true,"Review whether this is a unique physical item, shared component or separate installation instance."
component_candidate:actuation_kinematics_insertion_mechanism_depth_stop_collar,component_candidate,generated_needs_review,generated_model,depth stop collar,depth stop collar is an architecture-derived component candidate with quantity 1 candidate.,model:scratch_universal_architecture.cgm,,,,actuation_kinematics,depth_stop_collar,false,true,"Review whether this is a unique physical item, shared component or separate installation instance."
component_candidate:actuation_kinematics_insertion_mechanism_filament_deployment_shuttle,component_candidate,generated_needs_review,generated_model,filament deployment shuttle,filament deployment shuttle is an architecture-derived component candidate with quantity 1 candidate.,model:scratch_universal_architecture.cgm,,,,actuation_kinematics,filament_deployment_shuttle,false,true,"Review whether this is a unique physical item, shared component or separate installation instance."
component_candidate:actuation_kinematics_insertion_mechanism_introducer_needle,component_candidate,generated_needs_review,generated_model,introducer needle,introducer needle is an architecture-derived component candidate with quantity 1 candidate.,model:scratch_universal_architecture.cgm,,,,actuation_kinematics,introducer_needle,false,true,"Review whether this is a unique physical item, shared component or separate installation instance."
component_candidate:actuation_kinematics_insertion_mechanism_retraction_latch,component_candidate,generated_needs_review,generated_model,retraction latch,retraction latch is an architecture-derived component candidate with quantity 1 candidate.,model:scratch_universal_architecture.cgm,,,,actuation_kinematics,retraction_latch,false,true,"Review whether this is a unique physical item, shared component or separate installation instance."
component_candidate:actuation_kinematics_sharps_lockout_applicator_status_window,component_candidate,generated_needs_review,generated_model,applicator status window,applicator status window is an architecture-derived component candidate with quantity 1 candidate.,model:scratch_universal_architecture.cgm,,,,actuation_kinematics,applicator_status_window,false,true,"Review whether this is a unique physical item, shared component or separate installation instance."
component_candidate:actuation_kinematics_sharps_lockout_needle_shield,component_candidate,generated_needs_review,generated_model,needle shield,needle shield is an architecture-derived component candidate with quantity 1 candidate.,model:scratch_universal_architecture.cgm,,,,actuation_kinematics,needle_shield,false,true,"Review whether this is a unique physical item, shared component or separate installation instance."
component_candidate:actuation_kinematics_sharps_lockout_post_use_lock_tab,component_candidate,generated_needs_review,generated_model,post-use lock tab,post-use lock tab is an architecture-derived component candidate with quantity 1 candidate.,model:scratch_universal_architecture.cgm,,,,actuation_kinematics,post_use_lock_tab,false,true,"Review whether this is a unique physical item, shared component or separate installation instance."
component_candidate:actuation_kinematics_sharps_lockout_trigger_interlock_spring,component_candidate,generated_needs_review,generated_model,trigger interlock spring,trigger interlock spring is an architecture-derived component candidate with quantity 1 candidate.,model:scratch_universal_architecture.cgm,,,,actuation_kinematics,trigger_interlock_spring,false,true,"Review whether this is a unique physical item, shared component or separate installation instance."
component_candidate:control_compute_communication_ble_telemetry_encrypted_session_counter,component_candidate,generated_needs_review,generated_model,encrypted session counter,encrypted session counter is an architecture-derived component candidate with quantity 1 candidate.,model:scratch_universal_architecture.cgm,,,,control_compute_communication,encrypted_session_counter,false,true,"Review whether this is a unique physical item, shared component or separate installation instance."
component_candidate:control_compute_communication_ble_telemetry_pairing_button_pad,component_candidate,generated_needs_review,generated_model,pairing button pad,pairing button pad is an architecture-derived component candidate with quantity 1 candidate.,model:scratch_universal_architecture.cgm,,,,control_compute_communication,pairing_button_pad,false,true,"Review whether this is a unique physical item, shared component or separate installation instance."
component_candidate:control_compute_communication_ble_telemetry_printed_antenna,component_candidate,generated_needs_review,generated_model,printed antenna,printed antenna is an architecture-derived component candidate with quantity 1 candidate.,model:scratch_universal_architecture.cgm,,,,control_compute_communication,printed_antenna,false,true,"Review whether this is a unique physical item, shared component or separate installation instance."
component_candidate:control_compute_communication_data_buffering_calibration_data_bus_bridge,component_candidate,generated_needs_review,generated_model,calibration data bus bridge,calibration data bus bridge is an architecture-derived component candidate with quantity 1 candidate.,model:scratch_universal_architecture.cgm,,,,control_compute_communication,calibration_data_bus_bridge,false,true,"Review whether this is a unique physical item, shared component or separate installation instance."
component_candidate:control_compute_communication_data_buffering_clock_drift_compensator,component_candidate,generated_needs_review,generated_model,clock drift compensator,clock drift compensator is an architecture-derived component candidate with quantity 1 candidate.,model:scratch_universal_architecture.cgm,,,,control_compute_communication,clock_drift_compensator,false,true,"Review whether this is a unique physical item, shared component or separate installation instance."
component_candidate:control_compute_communication_data_buffering_event_log_memory,component_candidate,generated_needs_review,generated_model,event log memory,event log memory is an architecture-derived component candidate with quantity 1 candidate.,model:scratch_universal_architecture.cgm,,,,control_compute_communication,event_log_memory,false,true,"Review whether this is a unique physical item, shared component or separate installation instance."
component_candidate:control_compute_communication_data_buffering_glucose_trend_buffer_flash,component_candidate,generated_needs_review,generated_model,glucose trend buffer flash,glucose trend buffer flash is an architecture-derived component candidate with quantity 1 candidate.,model:scratch_universal_architecture.cgm,,,,control_compute_communication,glucose_trend_buffer_flash,false,true,"Review whether this is a unique physical item, shared component or separate installation instance."
component_candidate:control_compute_communication_mcu_firmware_firmware_image,component_candidate,generated_needs_review,generated_model,firmware image,firmware image is an architecture-derived component candidate with quantity 1 candidate.,model:scratch_universal_architecture.cgm,,,,control_compute_communication,firmware_image,false,true,"Review whether this is a unique physical item, shared component or separate installation instance."
component_candidate:control_compute_communication_mcu_firmware_real_time_clock,component_candidate,generated_needs_review,generated_model,real-time clock,real-time clock is an architecture-derived component candidate with quantity 1 candidate.,model:scratch_universal_architecture.cgm,,,,control_compute_communication,real_time_clock,false,true,"Review whether this is a unique physical item, shared component or separate installation instance."
component_candidate:control_compute_communication_mcu_firmware_secure_boot_key_store,component_candidate,generated_needs_review,generated_model,secure boot key store,secure boot key store is an architecture-derived component candidate with quantity 1 candidate.,model:scratch_universal_architecture.cgm,,,,control_compute_communication,secure_boot_key_store,false,true,"Review whether this is a unique physical item, shared component or separate installation instance."
component_candidate:energy_storage_source_battery_cell_battery_pouch_insulator,component_candidate,generated_needs_review,generated_model,battery pouch insulator,battery pouch insulator is an architecture-derived component candidate with quantity 1 candidate.,model:scratch_universal_architecture.cgm,,,,energy_storage_source,battery_pouch_insulator,false,true,"Review whether this is a unique physical item, shared component or separate installation instance."
component_candidate:energy_storage_source_battery_cell_battery_weld_tab,component_candidate,generated_needs_review,generated_model,battery weld tab,battery weld tab is an architecture-derived component candidate with quantity 1 candidate.,model:scratch_universal_architecture.cgm,,,,energy_storage_source,battery_weld_tab,false,true,"Review whether this is a unique physical item, shared component or separate installation instance."
component_candidate:energy_storage_source_battery_cell_state_of_charge_witness_pad,component_candidate,generated_needs_review,generated_model,state-of-charge witness pad,state-of-charge witness pad is an architecture-derived component candidate with quantity 1 candidate.,model:scratch_universal_architecture.cgm,,,,energy_storage_source,state_of_charge_witness_pad,false,true,"Review whether this is a unique physical item, shared component or separate installation instance."
component_candidate:energy_storage_source_battery_safety_battery_lot_barcode,component_candidate,generated_needs_review,generated_model,battery lot barcode,battery lot barcode is an architecture-derived component candidate with quantity 1 candidate.,model:scratch_universal_architecture.cgm,,,,energy_storage_source,battery_lot_barcode,false,true,"Review whether this is a unique physical item, shared component or separate installation instance."
component_candidate:energy_storage_source_battery_safety_battery_vent_clearance,component_candidate,generated_needs_review,generated_model,battery vent clearance,battery vent clearance is an architecture-derived component candidate with quantity 1 candidate.,model:scratch_universal_architecture.cgm,,,,energy_storage_source,battery_vent_clearance,false,true,"Review whether this is a unique physical item, shared component or separate installation instance."
component_candidate:energy_storage_source_battery_safety_pack_temperature_dot,component_candidate,generated_needs_review,generated_model,pack temperature dot,pack temperature dot is an architecture-derived component candidate with quantity 1 candidate.,model:scratch_universal_architecture.cgm,,,,energy_storage_source,pack_temperature_dot,false,true,"Review whether this is a unique physical item, shared component or separate installation instance."
component_candidate:energy_storage_source_battery_safety_reverse_polarity_fuse,component_candidate,generated_needs_review,generated_model,reverse polarity fuse,reverse polarity fuse is an architecture-derived component candidate with quantity 1 candidate.,model:scratch_universal_architecture.cgm,,,,energy_storage_source,reverse_polarity_fuse,false,true,"Review whether this is a unique physical item, shared component or separate installation instance."
component_candidate:energy_storage_source_power_reserve_activation_pull_strip,component_candidate,generated_needs_review,generated_model,activation pull strip,activation pull strip is an architecture-derived component candidate with quantity 1 candidate.,model:scratch_universal_architecture.cgm,,,,energy_storage_source,activation_pull_strip,false,true,"Review whether this is a unique physical item, shared component or separate installation instance."
component_candidate:energy_storage_source_power_reserve_battery_cut_off_tab,component_candidate,generated_needs_review,generated_model,battery cut-off tab,battery cut-off tab is an architecture-derived component candidate with quantity 1 candidate.,model:scratch_universal_architecture.cgm,,,,energy_storage_source,battery_cut_off_tab,false,true,"Review whether this is a unique physical item, shared component or separate installation instance."
component_candidate:energy_storage_source_power_reserve_brownout_hold_up_capacitor,component_candidate,generated_needs_review,generated_model,brownout hold-up capacitor,brownout hold-up capacitor is an architecture-derived component candidate with quantity 1 candidate.,model:scratch_universal_architecture.cgm,,,,energy_storage_source,brownout_hold_up_capacitor,false,true,"Review whether this is a unique physical item, shared component or separate installation instance."
component_candidate:energy_storage_source_power_reserve_shelf_life_isolation_film,component_candidate,generated_needs_review,generated_model,shelf-life isolation film,shelf-life isolation film is an architecture-derived component candidate with quantity 1 candidate.,model:scratch_universal_architecture.cgm,,,,energy_storage_source,shelf_life_isolation_film,false,true,"Review whether this is a unique physical item, shared component or separate installation instance."
component_candidate:environmental_interface_motion_pressure_activity_context_accelerometer,component_candidate,generated_needs_review,generated_model,activity context accelerometer,activity context accelerometer is an architecture-derived component candidate with quantity 1 candidate.,model:scratch_universal_architecture.cgm,,,,environmental_interface,activity_context_accelerometer,false,true,"Review whether this is a unique physical item, shared component or separate installation instance."
component_candidate:environmental_interface_motion_pressure_compression_warning_marker,component_candidate,generated_needs_review,generated_model,compression warning marker,compression warning marker is an architecture-derived component candidate with quantity 1 candidate.,model:scratch_universal_architecture.cgm,,,,environmental_interface,compression_warning_marker,false,true,"Review whether this is a unique physical item, shared component or separate installation instance."
component_candidate:environmental_interface_motion_pressure_motion_artefact_filter_table,component_candidate,generated_needs_review,generated_model,motion artefact filter table,motion artefact filter table is an architecture-derived component candidate with quantity 1 candidate.,model:scratch_universal_architecture.cgm,,,,environmental_interface,motion_artefact_filter_table,false,true,"Review whether this is a unique physical item, shared component or separate installation instance."
component_candidate:environmental_interface_motion_pressure_patch_pressure_relief_slot,component_candidate,generated_needs_review,generated_model,patch pressure relief slot,patch pressure relief slot is an architecture-derived component candidate with quantity 1 candidate.,model:scratch_universal_architecture.cgm,,,,environmental_interface,patch_pressure_relief_slot,false,true,"Review whether this is a unique physical item, shared component or separate installation instance."
component_candidate:environmental_interface_sweat_water_boundary_condensation_drain_groove,component_candidate,generated_needs_review,generated_model,condensation drain groove,condensation drain groove is an architecture-derived component candidate with quantity 1 candidate.,model:scratch_universal_architecture.cgm,,,,environmental_interface,condensation_drain_groove,false,true,"Review whether this is a unique physical item, shared component or separate installation instance."
component_candidate:environmental_interface_sweat_water_boundary_humidity_indicator_dot,component_candidate,generated_needs_review,generated_model,humidity indicator dot,humidity indicator dot is an architecture-derived component candidate with quantity 1 candidate.,model:scratch_universal_architecture.cgm,,,,environmental_interface,humidity_indicator_dot,false,true,"Review whether this is a unique physical item, shared component or separate installation instance."
component_candidate:environmental_interface_sweat_water_boundary_ingress_exposure_witness,component_candidate,generated_needs_review,generated_model,ingress exposure witness,ingress exposure witness is an architecture-derived component candidate with quantity 1 candidate.,model:scratch_universal_architecture.cgm,,,,environmental_interface,ingress_exposure_witness,false,true,"Review whether this is a unique physical item, shared component or separate installation instance."
component_candidate:environmental_interface_sweat_water_boundary_sweat_barrier_film,component_candidate,generated_needs_review,generated_model,sweat barrier film,sweat barrier film is an architecture-derived component candidate with quantity 1 candidate.,model:scratch_universal_architecture.cgm,,,,environmental_interface,sweat_barrier_film,false,true,"Review whether this is a unique physical item, shared component or separate installation instance."
component_candidate:environmental_interface_temperature_compensation_cold_start_delay_flag,component_candidate,generated_needs_review,generated_model,cold-start delay flag,cold-start delay flag is an architecture-derived component candidate with quantity 1 candidate.,model:scratch_universal_architecture.cgm,,,,environmental_interface,cold_start_delay_flag,false,true,"Review whether this is a unique physical item, shared component or separate installation instance."
component_candidate:environmental_interface_temperature_compensation_skin_temperature_flex_tail,component_candidate,generated_needs_review,generated_model,skin temperature flex tail,skin temperature flex tail is an architecture-derived component candidate with quantity 1 candidate.,model:scratch_universal_architecture.cgm,,,,environmental_interface,skin_temperature_flex_tail,false,true,"Review whether this is a unique physical item, shared component or separate installation instance."
component_candidate:environmental_interface_temperature_compensation_thermal_model_table,component_candidate,generated_needs_review,generated_model,thermal model table,thermal model table is an architecture-derived component candidate with quantity 1 candidate.,model:scratch_universal_architecture.cgm,,,,environmental_interface,thermal_model_table,false,true,"Review whether this is a unique physical item, shared component or separate installation instance."
component_candidate:maintenance_serviceability_lot_traceability_ifu_leaflet,component_candidate,generated_needs_review,generated_model,IFU leaflet,IFU leaflet is an architecture-derived component candidate with quantity 1 candidate.,model:scratch_universal_architecture.cgm,,,,maintenance_serviceability,ifu_leaflet,false,true,"Review whether this is a unique physical item, shared component or separate installation instance."
component_candidate:maintenance_serviceability_lot_traceability_lot_traceability_barcode,component_candidate,generated_needs_review,generated_model,lot traceability barcode,lot traceability barcode is an architecture-derived component candidate with quantity 1 candidate.,model:scratch_universal_architecture.cgm,,,,maintenance_serviceability,lot_traceability_barcode,false,true,"Review whether this is a unique physical item, shared component or separate installation instance."
component_candidate:maintenance_serviceability_lot_traceability_release_inspection_stamp,component_candidate,generated_needs_review,generated_model,release inspection stamp,release inspection stamp is an architecture-derived component candidate with quantity 1 candidate.,model:scratch_universal_architecture.cgm,,,,maintenance_serviceability,release_inspection_stamp,false,true,"Review whether this is a unique physical item, shared component or separate installation instance."
component_candidate:maintenance_serviceability_sterile_packaging_desiccant_sachet,component_candidate,generated_needs_review,generated_model,desiccant sachet,desiccant sachet is an architecture-derived component candidate with quantity 1 candidate.,model:scratch_universal_architecture.cgm,,,,maintenance_serviceability,desiccant_sachet,false,true,"Review whether this is a unique physical item, shared component or separate installation instance."
component_candidate:maintenance_serviceability_sterile_packaging_expiry_date_label,component_candidate,generated_needs_review,generated_model,expiry date label,expiry date label is an architecture-derived component candidate with quantity 1 candidate.,model:scratch_universal_architecture.cgm,,,,maintenance_serviceability,expiry_date_label,false,true,"Review whether this is a unique physical item, shared component or separate installation instance."
component_candidate:maintenance_serviceability_sterile_packaging_pouch_seal_indicator,component_candidate,generated_needs_review,generated_model,pouch seal indicator,pouch seal indicator is an architecture-derived component candidate with quantity 1 candidate.,model:scratch_universal_architecture.cgm,,,,maintenance_serviceability,pouch_seal_indicator,false,true,"Review whether this is a unique physical item, shared component or separate installation instance."
component_candidate:maintenance_serviceability_user_setup_adhesive_removal_wipe,component_candidate,generated_needs_review,generated_model,adhesive removal wipe,adhesive removal wipe is an architecture-derived component candidate with quantity 1 candidate.,model:scratch_universal_architecture.cgm,,,,maintenance_serviceability,adhesive_removal_wipe,false,true,"Review whether this is a unique physical item, shared component or separate installation instance."
component_candidate:maintenance_serviceability_user_setup_applicator_instruction_card,component_candidate,generated_needs_review,generated_model,applicator instruction card,applicator instruction card is an architecture-derived component candidate with quantity 1 candidate.,model:scratch_universal_architecture.cgm,,,,maintenance_serviceability,applicator_instruction_card,false,true,"Review whether this is a unique physical item, shared component or separate installation instance."
component_candidate:maintenance_serviceability_user_setup_phone_pairing_qr_card,component_candidate,generated_needs_review,generated_model,phone pairing QR card,phone pairing QR card is an architecture-derived component candidate with quantity 1 candidate.,model:scratch_universal_architecture.cgm,,,,maintenance_serviceability,phone_pairing_qr_card,false,true,"Review whether this is a unique physical item, shared component or separate installation instance."
component_candidate:maintenance_serviceability_user_setup_sensor_warm_up_timer_label,component_candidate,generated_needs_review,generated_model,sensor warm-up timer label,sensor warm-up timer label is an architecture-derived component candidate with quantity 1 candidate.,model:scratch_universal_architecture.cgm,,,,maintenance_serviceability,sensor_warm_up_timer_label,false,true,"Review whether this is a unique physical item, shared component or separate installation instance."
component_candidate:power_distribution_analog_excitation_afe_wake_timer,component_candidate,generated_needs_review,generated_model,AFE wake timer,AFE wake timer is an architecture-derived component candidate with quantity 1 candidate.,model:scratch_universal_architecture.cgm,,,,power_distribution,afe_wake_timer,false,true,"Review whether this is a unique physical item, shared component or separate installation instance."
component_candidate:power_distribution_analog_excitation_analog_power_filter,component_candidate,generated_needs_review,generated_model,analog power filter,analog power filter is an architecture-derived component candidate with quantity 1 candidate.,model:scratch_universal_architecture.cgm,,,,power_distribution,analog_power_filter,false,true,"Review whether this is a unique physical item, shared component or separate installation instance."
component_candidate:power_distribution_analog_excitation_electrode_guard_driver,component_candidate,generated_needs_review,generated_model,electrode guard driver,electrode guard driver is an architecture-derived component candidate with quantity 1 candidate.,model:scratch_universal_architecture.cgm,,,,power_distribution,electrode_guard_driver,false,true,"Review whether this is a unique physical item, shared component or separate installation instance."
component_candidate:power_distribution_analog_excitation_sensor_excitation_mux,component_candidate,generated_needs_review,generated_model,sensor excitation mux,sensor excitation mux is an architecture-derived component candidate with quantity 1 candidate.,model:scratch_universal_architecture.cgm,,,,power_distribution,sensor_excitation_mux,false,true,"Review whether this is a unique physical item, shared component or separate installation instance."
component_candidate:power_distribution_low_power_rails_digital_buck_regulator,component_candidate,generated_needs_review,generated_model,digital buck regulator,digital buck regulator is an architecture-derived component candidate with quantity 1 candidate.,model:scratch_universal_architecture.cgm,,,,power_distribution,digital_buck_regulator,false,true,"Review whether this is a unique physical item, shared component or separate installation instance."
component_candidate:power_distribution_low_power_rails_nanoamp_power_switch,component_candidate,generated_needs_review,generated_model,nanoamp power switch,nanoamp power switch is an architecture-derived component candidate with quantity 1 candidate.,model:scratch_universal_architecture.cgm,,,reading_interval_minutes,power_distribution,nanoamp_power_switch,false,true,"Review whether this is a unique physical item, shared component or separate installation instance."
component_candidate:power_distribution_low_power_rails_rail_measurement_divider,component_candidate,generated_needs_review,generated_model,rail measurement divider,rail measurement divider is an architecture-derived component candidate with quantity 1 candidate.,model:scratch_universal_architecture.cgm,,,,power_distribution,rail_measurement_divider,false,true,"Review whether this is a unique physical item, shared component or separate installation instance."
component_candidate:power_distribution_low_power_rails_wake_timer_oscillator,component_candidate,generated_needs_review,generated_model,wake timer oscillator,wake timer oscillator is an architecture-derived component candidate with quantity 1 candidate.,model:scratch_universal_architecture.cgm,,,,power_distribution,wake_timer_oscillator,false,true,"Review whether this is a unique physical item, shared component or separate installation instance."
component_candidate:power_distribution_power_fault_handling_fault_latch,component_candidate,generated_needs_review,generated_model,fault latch,fault latch is an architecture-derived component candidate with quantity 1 candidate.,model:scratch_universal_architecture.cgm,,,,power_distribution,fault_latch,false,true,"Review whether this is a unique physical item, shared component or separate installation instance."
component_candidate:power_distribution_power_fault_handling_hardwired_reset_supervisor,component_candidate,generated_needs_review,generated_model,hardwired reset supervisor,hardwired reset supervisor is an architecture-derived component candidate with quantity 1 candidate.,model:scratch_universal_architecture.cgm,,,,power_distribution,hardwired_reset_supervisor,false,true,"Review whether this is a unique physical item, shared component or separate installation instance."
component_candidate:power_distribution_power_fault_handling_load_gate_transistor,component_candidate,generated_needs_review,generated_model,load gate transistor,load gate transistor is an architecture-derived component candidate with quantity 1 candidate.,model:scratch_universal_architecture.cgm,,,,power_distribution,load_gate_transistor,false,true,"Review whether this is a unique physical item, shared component or separate installation instance."
component_candidate:power_distribution_power_fault_handling_overcurrent_limiter,component_candidate,generated_needs_review,generated_model,overcurrent limiter,overcurrent limiter is an architecture-derived component candidate with quantity 1 candidate.,model:scratch_universal_architecture.cgm,,,,power_distribution,overcurrent_limiter,false,true,"Review whether this is a unique physical item, shared component or separate installation instance."
component_candidate:safety_protection_biocompatibility_controls_adhesive_irritation_limit_tag,component_candidate,generated_needs_review,generated_model,adhesive irritation limit tag,adhesive irritation limit tag is an architecture-derived component candidate with quantity 1 candidate.,model:scratch_universal_architecture.cgm,,,,safety_protection,adhesive_irritation_limit_tag,false,true,"Review whether this is a unique physical item, shared component or separate installation instance."
component_candidate:safety_protection_biocompatibility_controls_biocompatibility_material_record,component_candidate,generated_needs_review,generated_model,biocompatibility material record,biocompatibility material record is an architecture-derived component candidate with quantity 1 candidate.,model:scratch_universal_architecture.cgm,,,,safety_protection,biocompatibility_material_record,false,true,"Review whether this is a unique physical item, shared component or separate installation instance."
component_candidate:safety_protection_biocompatibility_controls_latex_free_label,component_candidate,generated_needs_review,generated_model,latex-free label,latex-free label is an architecture-derived component candidate with quantity 1 candidate.,model:scratch_universal_architecture.cgm,,,,safety_protection,latex_free_label,false,true,"Review whether this is a unique physical item, shared component or separate installation instance."
component_candidate:safety_protection_biocompatibility_controls_skin_contact_change_log,component_candidate,generated_needs_review,generated_model,skin-contact change log,skin-contact change log is an architecture-derived component candidate with quantity 1 candidate.,model:scratch_universal_architecture.cgm,,,,safety_protection,skin_contact_change_log,false,true,"Review whether this is a unique physical item, shared component or separate installation instance."
component_candidate:safety_protection_patient_alarm_logic_hyperglycaemia_alarm_state,component_candidate,generated_needs_review,generated_model,hyperglycaemia alarm state,hyperglycaemia alarm state is an architecture-derived component candidate with quantity 1 candidate.,model:scratch_universal_architecture.cgm,,,,safety_protection,hyperglycaemia_alarm_state,false,true,"Review whether this is a unique physical item, shared component or separate installation instance."
component_candidate:safety_protection_patient_alarm_logic_hypoglycaemia_alarm_state,component_candidate,generated_needs_review,generated_model,hypoglycaemia alarm state,hypoglycaemia alarm state is an architecture-derived component candidate with quantity 1 candidate.,model:scratch_universal_architecture.cgm,,,wear_days,safety_protection,hypoglycaemia_alarm_state,false,true,"Review whether this is a unique physical item, shared component or separate installation instance."
component_candidate:safety_protection_patient_alarm_logic_sensor_fault_classifier,component_candidate,generated_needs_review,generated_model,sensor fault classifier,sensor fault classifier is an architecture-derived component candidate with quantity 1 candidate.,model:scratch_universal_architecture.cgm,,,,safety_protection,sensor_fault_classifier,false,true,"Review whether this is a unique physical item, shared component or separate installation instance."
component_candidate:safety_protection_patient_alarm_logic_stale_data_lockout,component_candidate,generated_needs_review,generated_model,stale data lockout,stale data lockout is an architecture-derived component candidate with quantity 1 candidate.,model:scratch_universal_architecture.cgm,,,,safety_protection,stale_data_lockout,false,true,"Review whether this is a unique physical item, shared component or separate installation instance."
component_candidate:safety_protection_sterile_sharps_safety_applicator_disposal_instruction,component_candidate,generated_needs_review,generated_model,applicator disposal instruction,applicator disposal instruction is an architecture-derived component candidate with quantity 1 candidate.,model:scratch_universal_architecture.cgm,,,,safety_protection,applicator_disposal_instruction,false,true,"Review whether this is a unique physical item, shared component or separate installation instance."
component_candidate:safety_protection_sterile_sharps_safety_sharps_injury_warning_label,component_candidate,generated_needs_review,generated_model,sharps injury warning label,sharps injury warning label is an architecture-derived component candidate with quantity 1 candidate.,model:scratch_universal_architecture.cgm,,,,safety_protection,sharps_injury_warning_label,false,true,"Review whether this is a unique physical item, shared component or separate installation instance."
component_candidate:safety_protection_sterile_sharps_safety_sterile_boundary_indicator,component_candidate,generated_needs_review,generated_model,sterile boundary indicator,sterile boundary indicator is an architecture-derived component candidate with quantity 1 candidate.,model:scratch_universal_architecture.cgm,,,,safety_protection,sterile_boundary_indicator,false,true,"Review whether this is a unique physical item, shared component or separate installation instance."
component_candidate:safety_protection_sterile_sharps_safety_tamper_evident_seal,component_candidate,generated_needs_review,generated_model,tamper evident seal,tamper evident seal is an architecture-derived component candidate with quantity 1 candidate.,model:scratch_universal_architecture.cgm,,,,safety_protection,tamper_evident_seal,false,true,"Review whether this is a unique physical item, shared component or separate installation instance."
component_candidate:sensing_instrumentation_analog_front_end_electrode_flex_tail,component_candidate,generated_needs_review,generated_model,electrode flex tail,electrode flex tail is an architecture-derived component candidate with quantity 1 candidate.,model:scratch_universal_architecture.cgm,,,,sensing_instrumentation,electrode_flex_tail,false,true,"Review whether this is a unique physical item, shared component or separate installation instance."
component_candidate:sensing_instrumentation_analog_front_end_low_leakage_input_guard,component_candidate,generated_needs_review,generated_model,low-leakage input guard,low-leakage input guard is an architecture-derived component candidate with quantity 1 candidate.,model:scratch_universal_architecture.cgm,,,,sensing_instrumentation,low_leakage_input_guard,false,true,"Review whether this is a unique physical item, shared component or separate installation instance."
component_candidate:sensing_instrumentation_analog_front_end_potentiostat_afe,component_candidate,generated_needs_review,generated_model,potentiostat AFE,potentiostat AFE is an architecture-derived component candidate with quantity 1 candidate.,model:scratch_universal_architecture.cgm,,,,sensing_instrumentation,potentiostat_afe,false,true,"Review whether this is a unique physical item, shared component or separate installation instance."
component_candidate:sensing_instrumentation_analog_front_end_sensor_bias_resistor_network,component_candidate,generated_needs_review,generated_model,sensor bias resistor network,sensor bias resistor network is an architecture-derived component candidate with quantity 1 candidate.,model:scratch_universal_architecture.cgm,,,,sensing_instrumentation,sensor_bias_resistor_network,false,true,"Review whether this is a unique physical item, shared component or separate installation instance."
component_candidate:sensing_instrumentation_calibration_drift_monitoring_calibration_data_eeprom,component_candidate,generated_needs_review,generated_model,calibration data EEPROM,calibration data EEPROM is an architecture-derived component candidate with quantity 1 candidate.,model:scratch_universal_architecture.cgm,,,,sensing_instrumentation,calibration_data_eeprom,false,true,"Review whether this is a unique physical item, shared component or separate installation instance."
component_candidate:sensing_instrumentation_calibration_drift_monitoring_drift_estimator_firmware_table,component_candidate,generated_needs_review,generated_model,drift estimator firmware table,drift estimator firmware table is an architecture-derived component candidate with quantity 1 candidate.,model:scratch_universal_architecture.cgm,,,,sensing_instrumentation,drift_estimator_firmware_table,false,true,"Review whether this is a unique physical item, shared component or separate installation instance."
component_candidate:sensing_instrumentation_calibration_drift_monitoring_factory_calibration_code,component_candidate,generated_needs_review,generated_model,factory calibration code,factory calibration code is an architecture-derived component candidate with quantity 1 candidate.,model:scratch_universal_architecture.cgm,,,,sensing_instrumentation,factory_calibration_code,false,true,"Review whether this is a unique physical item, shared component or separate installation instance."
component_candidate:sensing_instrumentation_calibration_drift_monitoring_signal_integrity_test_pad,component_candidate,generated_needs_review,generated_model,signal integrity test pad,signal integrity test pad is an architecture-derived component candidate with quantity 1 candidate.,model:scratch_universal_architecture.cgm,,,,sensing_instrumentation,signal_integrity_test_pad,false,true,"Review whether this is a unique physical item, shared component or separate installation instance."
component_candidate:sensing_instrumentation_glucose_filament_stack_diffusion_limiting_membrane,component_candidate,generated_needs_review,generated_model,diffusion limiting membrane,diffusion limiting membrane is an architecture-derived component candidate with quantity 1 candidate.,model:scratch_universal_architecture.cgm,,,,sensing_instrumentation,diffusion_limiting_membrane,false,true,"Review whether this is a unique physical item, shared component or separate installation instance."
component_candidate:skin_patient_interface_adhesive_patch_stack_breathable_backing_film,component_candidate,generated_needs_review,generated_model,breathable backing film,breathable backing film is an architecture-derived component candidate with quantity 1 candidate.,model:scratch_universal_architecture.cgm,,,,skin_patient_interface,breathable_backing_film,false,true,"Review whether this is a unique physical item, shared component or separate installation instance."
component_candidate:skin_patient_interface_adhesive_patch_stack_hydrocolloid_edge_seal,component_candidate,generated_needs_review,generated_model,hydrocolloid edge seal,hydrocolloid edge seal is an architecture-derived component candidate with quantity 1 candidate.,model:scratch_universal_architecture.cgm,,,,skin_patient_interface,hydrocolloid_edge_seal,false,true,"Review whether this is a unique physical item, shared component or separate installation instance."
component_candidate:skin_patient_interface_adhesive_patch_stack_pull_tab_liner,component_candidate,generated_needs_review,generated_model,pull tab liner,pull tab liner is an architecture-derived component candidate with quantity 1 candidate.,model:scratch_universal_architecture.cgm,,,,skin_patient_interface,pull_tab_liner,false,true,"Review whether this is a unique physical item, shared component or separate installation instance."
component_candidate:skin_patient_interface_cannula_skin_contact_antimicrobial_contact_pad,component_candidate,generated_needs_review,generated_model,antimicrobial contact pad,antimicrobial contact pad is an architecture-derived component candidate with quantity 1 candidate.,model:scratch_universal_architecture.cgm,,,,skin_patient_interface,antimicrobial_contact_pad,false,true,"Review whether this is a unique physical item, shared component or separate installation instance."
component_candidate:skin_patient_interface_cannula_skin_contact_filament_entry_seal,component_candidate,generated_needs_review,generated_model,filament entry seal,filament entry seal is an architecture-derived component candidate with quantity 1 candidate.,model:scratch_universal_architecture.cgm,,,,skin_patient_interface,filament_entry_seal,false,true,"Review whether this is a unique physical item, shared component or separate installation instance."
component_candidate:skin_patient_interface_cannula_skin_contact_insertion_site_spacing_ring,component_candidate,generated_needs_review,generated_model,insertion site spacing ring,insertion site spacing ring is an architecture-derived component candidate with quantity 1 candidate.,model:scratch_universal_architecture.cgm,,,,skin_patient_interface,insertion_site_spacing_ring,false,true,"Review whether this is a unique physical item, shared component or separate installation instance."
component_candidate:skin_patient_interface_cannula_skin_contact_skin_contact_gasket,component_candidate,generated_needs_review,generated_model,skin contact gasket,skin contact gasket is an architecture-derived component candidate with quantity 1 candidate.,model:scratch_universal_architecture.cgm,,,,skin_patient_interface,skin_contact_gasket,false,true,"Review whether this is a unique physical item, shared component or separate installation instance."
component_candidate:skin_patient_interface_wear_comfort_retention_flex_relief_bridge,component_candidate,generated_needs_review,generated_model,flex relief bridge,flex relief bridge is an architecture-derived component candidate with quantity 1 candidate.,model:scratch_universal_architecture.cgm,,,,skin_patient_interface,flex_relief_bridge,false,true,"Review whether this is a unique physical item, shared component or separate installation instance."
component_candidate:skin_patient_interface_wear_comfort_retention_patch_stretch_zone,component_candidate,generated_needs_review,generated_model,patch stretch zone,patch stretch zone is an architecture-derived component candidate with quantity 1 candidate.,model:scratch_universal_architecture.cgm,,,,skin_patient_interface,patch_stretch_zone,false,true,"Review whether this is a unique physical item, shared component or separate installation instance."
component_candidate:skin_patient_interface_wear_comfort_retention_removal_aid_tab,component_candidate,generated_needs_review,generated_model,removal aid tab,removal aid tab is an architecture-derived component candidate with quantity 1 candidate.,model:scratch_universal_architecture.cgm,,,,skin_patient_interface,removal_aid_tab,false,true,"Review whether this is a unique physical item, shared component or separate installation instance."
component_candidate:skin_patient_interface_wear_comfort_retention_sweat_channel_texture,component_candidate,generated_needs_review,generated_model,sweat channel texture,sweat channel texture is an architecture-derived component candidate with quantity 1 candidate.,model:scratch_universal_architecture.cgm,,,,skin_patient_interface,sweat_channel_texture,false,true,"Review whether this is a unique physical item, shared component or separate installation instance."
component_candidate:structure_containment_ingress_boundary_housing_serial_marking,component_candidate,generated_needs_review,generated_model,housing serial marking,housing serial marking is an architecture-derived component candidate with quantity 1 candidate.,model:scratch_universal_architecture.cgm,,,,structure_containment,housing_serial_marking,false,true,"Review whether this is a unique physical item, shared component or separate installation instance."
component_candidate:structure_containment_ingress_boundary_hydrophobic_vent_membrane,component_candidate,generated_needs_review,generated_model,hydrophobic vent membrane,hydrophobic vent membrane is an architecture-derived component candidate with quantity 1 candidate.,model:scratch_universal_architecture.cgm,,,,structure_containment,hydrophobic_vent_membrane,false,true,"Review whether this is a unique physical item, shared component or separate installation instance."
component_candidate:structure_containment_ingress_boundary_ip_ingress_seal,component_candidate,generated_needs_review,generated_model,IP ingress seal,IP ingress seal is an architecture-derived component candidate with quantity 1 candidate.,model:scratch_universal_architecture.cgm,,,,structure_containment,ip_ingress_seal,false,true,"Review whether this is a unique physical item, shared component or separate installation instance."
component_candidate:structure_containment_ingress_boundary_splash_shield_lip,component_candidate,generated_needs_review,generated_model,splash shield lip,splash shield lip is an architecture-derived component candidate with quantity 1 candidate.,model:scratch_universal_architecture.cgm,,,,structure_containment,splash_shield_lip,false,true,"Review whether this is a unique physical item, shared component or separate installation instance."
component_candidate:structure_containment_patch_mechanical_frame_flexible_patch_frame,component_candidate,generated_needs_review,generated_model,flexible patch frame,flexible patch frame is an architecture-derived component candidate with quantity 1 candidate.,model:scratch_universal_architecture.cgm,,,,structure_containment,flexible_patch_frame,false,true,"Review whether this is a unique physical item, shared component or separate installation instance."
component_candidate:structure_containment_patch_mechanical_frame_sensor_port_boss,component_candidate,generated_needs_review,generated_model,sensor port boss,sensor port boss is an architecture-derived component candidate with quantity 1 candidate.,model:scratch_universal_architecture.cgm,,,,structure_containment,sensor_port_boss,false,true,"Review whether this is a unique physical item, shared component or separate installation instance."
component_candidate:structure_containment_patch_mechanical_frame_strain_relief_web,component_candidate,generated_needs_review,generated_model,strain relief web,strain relief web is an architecture-derived component candidate with quantity 1 candidate.,model:scratch_universal_architecture.cgm,,,,structure_containment,strain_relief_web,false,true,"Review whether this is a unique physical item, shared component or separate installation instance."
component_candidate:structure_containment_patch_mechanical_frame_transmitter_latch_rail,component_candidate,generated_needs_review,generated_model,transmitter latch rail,transmitter latch rail is an architecture-derived component candidate with quantity 1 candidate.,model:scratch_universal_architecture.cgm,,,,structure_containment,transmitter_latch_rail,false,true,"Review whether this is a unique physical item, shared component or separate installation instance."
component_candidate:structure_containment_transmitter_housing_electronics_carrier_tray,component_candidate,generated_needs_review,generated_model,electronics carrier tray,electronics carrier tray is an architecture-derived component candidate with quantity 1 candidate.,model:scratch_universal_architecture.cgm,,,,structure_containment,electronics_carrier_tray,false,true,"Review whether this is a unique physical item, shared component or separate installation instance."
component_candidate:structure_containment_transmitter_housing_ingress_gasket,component_candidate,generated_needs_review,generated_model,ingress gasket,ingress gasket is an architecture-derived component candidate with quantity 1 candidate.,model:scratch_universal_architecture.cgm,,,,structure_containment,ingress_gasket,false,true,"Review whether this is a unique physical item, shared component or separate installation instance."
component_candidate:structure_containment_transmitter_housing_ultrasonic_weld_seam,component_candidate,generated_needs_review,generated_model,ultrasonic weld seam,ultrasonic weld seam is an architecture-derived component candidate with quantity 1 candidate.,model:scratch_universal_architecture.cgm,,,,structure_containment,ultrasonic_weld_seam,false,true,"Review whether this is a unique physical item, shared component or separate installation instance."
module_allocation:actuation_kinematics,module_allocation,generated_needs_review,generated_model,Applicator Insertion Mechanism,Applicator Insertion Mechanism is a top-level functional module: Inserts the filament to a controlled depth and locks out the used sharps path.,,,,,actuation_kinematics,disposable_applicator; spring_insertion_driver; trigger_button; safety_cap; introducer_needle; filament_deployment_shuttle; depth_stop_collar; retraction_latch; needle_shield; post_use_lock_tab; applicator_status_window; trigger_interlock_spring,false,true,"Accept, correct or reject the module allocation through engineering review."
module_allocation:control_compute_communication,module_allocation,generated_needs_review,generated_model,Control Compute Communication,Control Compute Communication is a top-level functional module: Processes glucose data at roughly 5 minute intervals and transmits encrypted readings.,,,,reading_interval_minutes; mard_percent,control_compute_communication,low_power_microcontroller; firmware_image; secure_boot_key_store; real_time_clock; ble_radio_module; printed_antenna; pairing_button_pad; encrypted_session_counter; glucose_trend_buffer_flash; event_log_memory; calibration_data_bus_bridge; clock_drift_compensator,false,true,"Accept, correct or reject the module allocation through engineering review."
module_allocation:energy_storage_source,module_allocation,generated_needs_review,generated_model,Wearable Energy Source,Wearable Energy Source is a top-level functional module: Stores enough energy for 14 days of measurement and BLE telemetry.,,,,wear_days,energy_storage_source,thin_film_battery; battery_weld_tab; battery_pouch_insulator; state_of_charge_witness_pad; brownout_hold_up_capacitor; battery_cut_off_tab; shelf_life_isolation_film; activation_pull_strip; battery_vent_clearance; reverse_polarity_fuse; pack_temperature_dot; battery_lot_barcode,false,true,"Accept, correct or reject the module allocation through engineering review."
module_allocation:environmental_interface,module_allocation,generated_needs_review,generated_model,Wear Environment Compensation,"Wear Environment Compensation is a top-level functional module: Accounts for body temperature, sweat, ingress and movement that can bias sensor readings.",,,,wear_days; mard_percent,environmental_interface,temperature_sensor; thermal_model_table; skin_temperature_flex_tail; cold_start_delay_flag; sweat_barrier_film; condensation_drain_groove; humidity_indicator_dot; ingress_exposure_witness; motion_artefact_filter_table; patch_pressure_relief_slot; compression_warning_marker; activity_context_accelerometer,false,true,"Accept, correct or reject the module allocation through engineering review."
module_allocation:maintenance_serviceability,module_allocation,generated_needs_review,generated_model,Packaging Traceability Serviceability,"Packaging Traceability Serviceability is a top-level functional module: Preserves sterility, setup clarity, UDI traceability and release records until application.",,,,,maintenance_serviceability,sterile_barrier_pouch; desiccant_sachet; pouch_seal_indicator; expiry_date_label; udi_label_set; ifu_leaflet; lot_traceability_barcode; release_inspection_stamp; phone_pairing_qr_card; applicator_instruction_card; sensor_warm_up_timer_label; adhesive_removal_wipe,false,true,"Accept, correct or reject the module allocation through engineering review."
module_allocation:power_distribution,module_allocation,generated_needs_review,generated_model,Low-Power Distribution,"Low-Power Distribution is a top-level functional module: Duty-cycles sensor, MCU and radio loads while protecting the patient-contact electronics.",,,,reading_interval_minutes,power_distribution,nanoamp_power_switch; digital_buck_regulator; rail_measurement_divider; wake_timer_oscillator; sensor_excitation_mux; analog_power_filter; electrode_guard_driver; afe_wake_timer; hardwired_reset_supervisor; overcurrent_limiter; load_gate_transistor; fault_latch,false,true,"Accept, correct or reject the module allocation through engineering review."
module_allocation:safety_protection,module_allocation,generated_needs_review,generated_model,Patient Safety Protection,"Patient Safety Protection is a top-level functional module: Controls alarms, stale data lockout, patient-contact evidence and applicator warnings.",,,,wear_days,safety_protection,hypoglycaemia_alarm_state; hyperglycaemia_alarm_state; sensor_fault_classifier; stale_data_lockout; biocompatibility_material_record; adhesive_irritation_limit_tag; latex_free_label; skin_contact_change_log; sterile_boundary_indicator; sharps_injury_warning_label; applicator_disposal_instruction; tamper_evident_seal,false,true,"Accept, correct or reject the module allocation through engineering review."
module_allocation:sensing_instrumentation,module_allocation,generated_needs_review,generated_model,Glucose Sensing Instrumentation,Glucose Sensing Instrumentation is a top-level functional module: Measures interstitial glucose and supports a target MARD near 9% before clinical validation.,,,,reading_interval_minutes; mard_percent,sensing_instrumentation,glucose_sensing_filament; enzyme_reagent_membrane; reference_electrode; diffusion_limiting_membrane; potentiostat_afe; low_leakage_input_guard; electrode_flex_tail; sensor_bias_resistor_network; calibration_data_eeprom; drift_estimator_firmware_table; factory_calibration_code; signal_integrity_test_pad,false,true,"Accept, correct or reject the module allocation through engineering review."
module_allocation:skin_patient_interface,module_allocation,generated_needs_review,generated_model,Skin Patient Interface,"Skin Patient Interface is a top-level functional module: Maintains adhesive, sterile and comfort boundaries for roughly 14 days of continuous wear.",,,,wear_days,skin_patient_interface,adhesive_skin_patch; hydrocolloid_edge_seal; breathable_backing_film; pull_tab_liner; skin_contact_gasket; filament_entry_seal; antimicrobial_contact_pad; insertion_site_spacing_ring; flex_relief_bridge; sweat_channel_texture; patch_stretch_zone; removal_aid_tab,false,true,"Accept, correct or reject the module allocation through engineering review."
module_allocation:structure_containment,module_allocation,generated_needs_review,generated_model,Transmitter Housing Structure,"Transmitter Housing Structure is a top-level functional module: Carries electronics, antenna, battery and seals inside a low-profile wearable transmitter.",,,,,structure_containment,protective_transmitter_housing; ultrasonic_weld_seam; electronics_carrier_tray; ingress_gasket; flexible_patch_frame; sensor_port_boss; transmitter_latch_rail; strain_relief_web; hydrophobic_vent_membrane; ip_ingress_seal; splash_shield_lip; housing_serial_marking,false,true,"Accept, correct or reject the module allocation through engineering review."
regulatory_standard:IEC-60601-1,regulatory_standard,generated_needs_review,class_pack,IEC-60601-1,IEC-60601-1: Medical electrical equipment safety reference is relevant in Global / medical device.,class_pack:cgm.class_pack,,,,,,false,true,"Electrical safety, leakage, power source and abnormal-operation evidence tailored to wearable use."
regulatory_standard:IEC-62304,regulatory_standard,generated_needs_review,class_pack,IEC-62304,IEC-62304: Medical-device software lifecycle is relevant in Global / medical device.,class_pack:cgm.class_pack,,,,,,false,true,"Software architecture, risk class, verification and release evidence."
regulatory_standard:ISO-10993,regulatory_standard,generated_needs_review,class_pack,ISO-10993,ISO-10993: Biological evaluation of patient-contacting materials is relevant in Global / medical device.,class_pack:cgm.class_pack,,,,,,false,true,"Skin-contact material, adhesive and wear-duration biocompatibility evidence."
regulatory_standard:ISO-14971,regulatory_standard,generated_needs_review,class_pack,ISO-14971,ISO-14971: Medical-device risk management is relevant in Global / medical device.,class_pack:cgm.class_pack,,,,,,false,true,"Hazard analysis, risk controls and residual-risk acceptability."
risk_hazard:1,risk_hazard,generated_needs_review,class_pack,Incorrect glucose reading drives unsafe therapy decision,"Incorrect glucose reading drives unsafe therapy decision has provisional RPN 200 with mitigation: Sensor chemistry validation, calibration evidence, trend confidence and stale-data lockout.",,,,,,,false,true,"Review severity, occurrence, detection and mitigation with a domain reviewer before publication."
risk_hazard:2,risk_hazard,generated_needs_review,class_pack,Skin irritation or adhesive injury during extended wear,"Skin irritation or adhesive injury during extended wear has provisional RPN 112 with mitigation: Biocompatibility testing, adhesive edge design and user removal guidance.",,,,,,,false,true,"Review severity, occurrence, detection and mitigation with a domain reviewer before publication."
risk_hazard:3,risk_hazard,generated_needs_review,class_pack,Applicator needle or filament insertion injury,"Applicator needle or filament insertion injury has provisional RPN 96 with mitigation: Insertion depth stop, post-use lockout, sterile barrier and sharps warnings.",,,,,,,false,true,"Review severity, occurrence, detection and mitigation with a domain reviewer before publication."
risk_hazard:4,risk_hazard,generated_needs_review,class_pack,Telemetry or battery failure hides a clinically relevant trend,"Telemetry or battery failure hides a clinically relevant trend has provisional RPN 128 with mitigation: Battery reserve margin, local buffering, alarm-state telemetry and phone-link monitoring.",,,,,,,false,true,"Review severity, occurrence, detection and mitigation with a domain reviewer before publication."
submodule_allocation:actuation_kinematics:disposable_applicator,submodule_allocation,generated_needs_review,generated_model,Applicator Insertion Mechanism / Disposable applicator,Disposable applicator is allocated under Applicator Insertion Mechanism: Presents the sensor and insertion action to the user.,,,,,actuation_kinematics,disposable_applicator; spring_insertion_driver; trigger_button; safety_cap,false,true,Review component candidates and interface carriers for this submodule.
submodule_allocation:actuation_kinematics:insertion_mechanism,submodule_allocation,generated_needs_review,generated_model,Applicator Insertion Mechanism / Insertion mechanism,Insertion mechanism is allocated under Applicator Insertion Mechanism: Guides filament placement and retracts introducer hardware.,,,,,actuation_kinematics,introducer_needle; filament_deployment_shuttle; depth_stop_collar; retraction_latch,false,true,Review component candidates and interface carriers for this submodule.
submodule_allocation:actuation_kinematics:sharps_lockout,submodule_allocation,generated_needs_review,generated_model,Applicator Insertion Mechanism / Sharps lockout,Sharps lockout is allocated under Applicator Insertion Mechanism: Prevents reuse and shields the needle after application.,,,,,actuation_kinematics,needle_shield; post_use_lock_tab; applicator_status_window; trigger_interlock_spring,false,true,Review component candidates and interface carriers for this submodule.
submodule_allocation:control_compute_communication:ble_telemetry,submodule_allocation,generated_needs_review,generated_model,Control Compute Communication / BLE telemetry,BLE telemetry is allocated under Control Compute Communication: Pairs with a reader or phone and sends trend data.,,,,reading_interval_minutes; mard_percent,control_compute_communication,ble_radio_module; printed_antenna; pairing_button_pad; encrypted_session_counter,false,true,Review component candidates and interface carriers for this submodule.
submodule_allocation:control_compute_communication:data_buffering,submodule_allocation,generated_needs_review,generated_model,Control Compute Communication / Data buffering,Data buffering is allocated under Control Compute Communication: Stores recent readings and diagnostic events between connections.,,,,reading_interval_minutes; mard_percent,control_compute_communication,glucose_trend_buffer_flash; event_log_memory; calibration_data_bus_bridge; clock_drift_compensator,false,true,Review component candidates and interface carriers for this submodule.
submodule_allocation:control_compute_communication:mcu_firmware,submodule_allocation,generated_needs_review,generated_model,Control Compute Communication / MCU firmware,"MCU firmware is allocated under Control Compute Communication: Runs sampling, compensation, filtering and device-state logic.",,,,reading_interval_minutes; mard_percent,control_compute_communication,low_power_microcontroller; firmware_image; secure_boot_key_store; real_time_clock,false,true,Review component candidates and interface carriers for this submodule.
submodule_allocation:energy_storage_source:battery_cell,submodule_allocation,generated_needs_review,generated_model,Wearable Energy Source / Battery cell,Battery cell is allocated under Wearable Energy Source: Provides compact stored energy for the wear period.,,,,wear_days,energy_storage_source,thin_film_battery; battery_weld_tab; battery_pouch_insulator; state_of_charge_witness_pad,false,true,Review component candidates and interface carriers for this submodule.
submodule_allocation:energy_storage_source:battery_safety,submodule_allocation,generated_needs_review,generated_model,Wearable Energy Source / Battery safety,"Battery safety is allocated under Wearable Energy Source: Controls battery fault, traceability and shelf handling hazards.",,,,wear_days,energy_storage_source,battery_vent_clearance; reverse_polarity_fuse; pack_temperature_dot; battery_lot_barcode,false,true,Review component candidates and interface carriers for this submodule.
submodule_allocation:energy_storage_source:power_reserve,submodule_allocation,generated_needs_review,generated_model,Wearable Energy Source / Power reserve,Power reserve is allocated under Wearable Energy Source: Preserves operation during radio bursts and end-of-wear reserve.,,,,wear_days,energy_storage_source,brownout_hold_up_capacitor; battery_cut_off_tab; shelf_life_isolation_film; activation_pull_strip,false,true,Review component candidates and interface carriers for this submodule.
submodule_allocation:environmental_interface:motion_pressure,submodule_allocation,generated_needs_review,generated_model,Wear Environment Compensation / Motion and pressure artefact control,Motion and pressure artefact control is allocated under Wear Environment Compensation: Flags physical conditions that can create signal artefacts.,,,,wear_days; mard_percent,environmental_interface,motion_artefact_filter_table; patch_pressure_relief_slot; compression_warning_marker; activity_context_accelerometer,false,true,Review component candidates and interface carriers for this submodule.
submodule_allocation:environmental_interface:sweat_water_boundary,submodule_allocation,generated_needs_review,generated_model,Wear Environment Compensation / Sweat and water boundary,Sweat and water boundary is allocated under Wear Environment Compensation: Surfaces exposure conditions that can threaten patch reliability.,,,,wear_days; mard_percent,environmental_interface,sweat_barrier_film; condensation_drain_groove; humidity_indicator_dot; ingress_exposure_witness,false,true,Review component candidates and interface carriers for this submodule.
submodule_allocation:environmental_interface:temperature_compensation,submodule_allocation,generated_needs_review,generated_model,Wear Environment Compensation / Temperature compensation,Temperature compensation is allocated under Wear Environment Compensation: Measures skin-side temperature for chemistry compensation.,,,,wear_days; mard_percent,environmental_interface,temperature_sensor; thermal_model_table; skin_temperature_flex_tail; cold_start_delay_flag,false,true,Review component candidates and interface carriers for this submodule.
submodule_allocation:maintenance_serviceability:lot_traceability,submodule_allocation,generated_needs_review,generated_model,Packaging Traceability Serviceability / Lot traceability,"Lot traceability is allocated under Packaging Traceability Serviceability: Links device, sensor chemistry and packaging to regulated release records.",,,,,maintenance_serviceability,udi_label_set; ifu_leaflet; lot_traceability_barcode; release_inspection_stamp,false,true,Review component candidates and interface carriers for this submodule.
submodule_allocation:maintenance_serviceability:sterile_packaging,submodule_allocation,generated_needs_review,generated_model,Packaging Traceability Serviceability / Sterile packaging,"Sterile packaging is allocated under Packaging Traceability Serviceability: Protects sensor, adhesive and applicator until use.",,,,,maintenance_serviceability,sterile_barrier_pouch; desiccant_sachet; pouch_seal_indicator; expiry_date_label,false,true,Review component candidates and interface carriers for this submodule.
submodule_allocation:maintenance_serviceability:user_setup,submodule_allocation,generated_needs_review,generated_model,Packaging Traceability Serviceability / User setup,"User setup is allocated under Packaging Traceability Serviceability: Supports pairing, warm-up and safe removal instructions.",,,,,maintenance_serviceability,phone_pairing_qr_card; applicator_instruction_card; sensor_warm_up_timer_label; adhesive_removal_wipe,false,true,Review component candidates and interface carriers for this submodule.
submodule_allocation:power_distribution:analog_excitation,submodule_allocation,generated_needs_review,generated_model,Low-Power Distribution / Analog excitation,Analog excitation is allocated under Low-Power Distribution: Feeds low-noise power to electrochemical sensing.,,,,reading_interval_minutes,power_distribution,sensor_excitation_mux; analog_power_filter; electrode_guard_driver; afe_wake_timer,false,true,Review component candidates and interface carriers for this submodule.
submodule_allocation:power_distribution:low_power_rails,submodule_allocation,generated_needs_review,generated_model,Low-Power Distribution / Low-power rails,Low-power rails is allocated under Low-Power Distribution: Creates efficient rails for digital control and BLE telemetry.,,,,reading_interval_minutes,power_distribution,nanoamp_power_switch; digital_buck_regulator; rail_measurement_divider; wake_timer_oscillator,false,true,Review component candidates and interface carriers for this submodule.
submodule_allocation:power_distribution:power_fault_handling,submodule_allocation,generated_needs_review,generated_model,Low-Power Distribution / Power fault handling,Power fault handling is allocated under Low-Power Distribution: Protects against rail collapse or unsafe current draw.,,,,reading_interval_minutes,power_distribution,hardwired_reset_supervisor; overcurrent_limiter; load_gate_transistor; fault_latch,false,true,Review component candidates and interface carriers for this submodule.
submodule_allocation:safety_protection:biocompatibility_controls,submodule_allocation,generated_needs_review,generated_model,Patient Safety Protection / Biocompatibility controls,Biocompatibility controls is allocated under Patient Safety Protection: Connects material and adhesive choices to patient-contact review.,,,,wear_days,safety_protection,biocompatibility_material_record; adhesive_irritation_limit_tag; latex_free_label; skin_contact_change_log,false,true,Review component candidates and interface carriers for this submodule.
submodule_allocation:safety_protection:patient_alarm_logic,submodule_allocation,generated_needs_review,generated_model,Patient Safety Protection / Patient alarm logic,Patient alarm logic is allocated under Patient Safety Protection: Classifies clinically relevant sensor and telemetry states.,,,,wear_days,safety_protection,hypoglycaemia_alarm_state; hyperglycaemia_alarm_state; sensor_fault_classifier; stale_data_lockout,false,true,Review component candidates and interface carriers for this submodule.
submodule_allocation:safety_protection:sterile_sharps_safety,submodule_allocation,generated_needs_review,generated_model,Patient Safety Protection / Sterile and sharps safety,"Sterile and sharps safety is allocated under Patient Safety Protection: Controls sterile path, warnings and disposal state.",,,,wear_days,safety_protection,sterile_boundary_indicator; sharps_injury_warning_label; applicator_disposal_instruction; tamper_evident_seal,false,true,Review component candidates and interface carriers for this submodule.
submodule_allocation:sensing_instrumentation:analog_front_end,submodule_allocation,generated_needs_review,generated_model,Glucose Sensing Instrumentation / Analog front end,"Analog front end is allocated under Glucose Sensing Instrumentation: Biases, reads and filters the electrochemical sensor signal.",,,,reading_interval_minutes; mard_percent,sensing_instrumentation,potentiostat_afe; low_leakage_input_guard; electrode_flex_tail; sensor_bias_resistor_network,false,true,Review component candidates and interface carriers for this submodule.
submodule_allocation:sensing_instrumentation:calibration_drift_monitoring,submodule_allocation,generated_needs_review,generated_model,Glucose Sensing Instrumentation / Calibration and drift monitoring,Calibration and drift monitoring is allocated under Glucose Sensing Instrumentation: Stores factory calibration and tracks signal quality.,,,,reading_interval_minutes; mard_percent,sensing_instrumentation,calibration_data_eeprom; drift_estimator_firmware_table; factory_calibration_code; signal_integrity_test_pad,false,true,Review component candidates and interface carriers for this submodule.
submodule_allocation:sensing_instrumentation:glucose_filament_stack,submodule_allocation,generated_needs_review,generated_model,Glucose Sensing Instrumentation / Glucose filament stack,Glucose filament stack is allocated under Glucose Sensing Instrumentation: Combines electrochemical layers into the patient-contact sensing path.,,,,reading_interval_minutes; mard_percent,sensing_instrumentation,glucose_sensing_filament; enzyme_reagent_membrane; reference_electrode; diffusion_limiting_membrane,false,true,Review component candidates and interface carriers for this submodule.
submodule_allocation:skin_patient_interface:adhesive_patch_stack,submodule_allocation,generated_needs_review,generated_model,Skin Patient Interface / Adhesive patch stack,Adhesive patch stack is allocated under Skin Patient Interface: Keeps the patch attached while preserving skin comfort and fluid access.,,,,wear_days,skin_patient_interface,adhesive_skin_patch; hydrocolloid_edge_seal; breathable_backing_film; pull_tab_liner,false,true,Review component candidates and interface carriers for this submodule.
submodule_allocation:skin_patient_interface:cannula_skin_contact,submodule_allocation,generated_needs_review,generated_model,Skin Patient Interface / Sensor skin contact,Sensor skin contact is allocated under Skin Patient Interface: Positions the filament entry site and protects the skin boundary.,,,,wear_days,skin_patient_interface,skin_contact_gasket; filament_entry_seal; antimicrobial_contact_pad; insertion_site_spacing_ring,false,true,Review component candidates and interface carriers for this submodule.
submodule_allocation:skin_patient_interface:wear_comfort_retention,submodule_allocation,generated_needs_review,generated_model,Skin Patient Interface / Wear comfort and retention,"Wear comfort and retention is allocated under Skin Patient Interface: Controls patch flex, sweat movement and user removal.",,,,wear_days,skin_patient_interface,flex_relief_bridge; sweat_channel_texture; patch_stretch_zone; removal_aid_tab,false,true,Review component candidates and interface carriers for this submodule.
submodule_allocation:structure_containment:ingress_boundary,submodule_allocation,generated_needs_review,generated_model,Transmitter Housing Structure / Ingress boundary,"Ingress boundary is allocated under Transmitter Housing Structure: Controls sweat, splash and cleaning exposure around the electronics.",,,,,structure_containment,hydrophobic_vent_membrane; ip_ingress_seal; splash_shield_lip; housing_serial_marking,false,true,Review component candidates and interface carriers for this submodule.
submodule_allocation:structure_containment:patch_mechanical_frame,submodule_allocation,generated_needs_review,generated_model,Transmitter Housing Structure / Patch mechanical frame,"Patch mechanical frame is allocated under Transmitter Housing Structure: Links adhesive patch, sensor port and transmitter latch features.",,,,,structure_containment,flexible_patch_frame; sensor_port_boss; transmitter_latch_rail; strain_relief_web,false,true,Review component candidates and interface carriers for this submodule.
submodule_allocation:structure_containment:transmitter_housing,submodule_allocation,generated_needs_review,generated_model,Transmitter Housing Structure / Transmitter housing,Transmitter housing is allocated under Transmitter Housing Structure: Protects electronics while staying wearable under clothing.,,,,,structure_containment,protective_transmitter_housing; ultrasonic_weld_seam; electronics_carrier_tray; ingress_gasket,false,true,Review component candidates and interface carriers for this submodule.
engineering_calculation:cgm_mard_margin_to_10_percent,engineering_calculation,calculated_needs_review,calculation,CGM MARD margin to 10%,CGM MARD margin to 10%: 1 percentage points using 10 - mard_percent.,,,,mard_percent,sensing_instrumentation; environmental_interface; control_compute_communication,glucose_sensing_filament; temperature_sensor; low_power_microcontroller,false,false,"Confirm clinical protocol, comparator, calibration method, population mix and error-grid analysis."
engineering_calculation:cgm_readings_per_day,engineering_calculation,calculated_needs_review,calculation,CGM readings per day,"CGM readings per day: 288 readings/day using 1,440 / reading_interval_minutes.",,,,reading_interval_minutes,sensing_instrumentation; control_compute_communication; power_distribution,glucose_sensing_filament; low_power_microcontroller; nanoamp_power_switch,false,false,"Confirm sensor settling, BLE duty cycle, local buffering, timestamping and battery budget."
engineering_calculation:cgm_total_wear_readings,engineering_calculation,calculated_needs_review,calculation,CGM total wear readings,"CGM total wear readings: 4032 readings/wear using wear_days * (1,440 / reading_interval_minutes).",,,,wear_days; reading_interval_minutes,skin_patient_interface; energy_storage_source; environmental_interface; safety_protection; sensing_instrumentation; control_compute_communication; power_distribution,adhesive_skin_patch; thin_film_battery; temperature_sensor; hypoglycaemia_alarm_state; glucose_sensing_filament; low_power_microcontroller; nanoamp_power_switch,false,true,"Confirm memory, telemetry retries, battery capacity, sensor drift and calibration strategy."
headline_metric:headline_output,headline_metric,calculated_needs_review,calculation,Sensor wear duration,Sensor wear duration = 14 days.,class_pack:cgm.class_pack; formula:wear_days,,,wear_days,,,false,true,"Review the formula, input values and operating envelope before treating this metric as accepted."
brief_requirement:mard_percent,brief_requirement,brief_supplied,brief,MARD target,MARD target = 9 %.,brief:input.brief,,,mard_percent,sensing_instrumentation; environmental_interface; control_compute_communication,glucose_sensing_filament; temperature_sensor; low_power_microcontroller,false,false,"Confirm requirement value, tolerance and acceptance condition with the project owner."
brief_requirement:reading_interval_minutes,brief_requirement,brief_supplied,brief,Reading interval,Reading interval = 5 minutes.,brief:input.brief,,,reading_interval_minutes,sensing_instrumentation; control_compute_communication; power_distribution,glucose_sensing_filament; low_power_microcontroller; nanoamp_power_switch,false,false,"Confirm requirement value, tolerance and acceptance condition with the project owner."
brief_requirement:wear_days,brief_requirement,brief_supplied,brief,Wear duration,Wear duration = 14 days.,brief:input.brief,,,wear_days,skin_patient_interface; energy_storage_source; environmental_interface; safety_protection,adhesive_skin_patch; thin_film_battery; temperature_sensor; hypoglycaemia_alarm_state,false,false,"Confirm requirement value, tolerance and acceptance condition with the project owner."
