id,kind,status,basis,scope,claim,provenanceRefs,sourceRefs,reviewerEvidenceRefs,linkedRequirementIds,linkedModuleIds,linkedComponentWordIds,blocksBom,blocksPublish,nextAction
bom_source_field:actuation_kinematics_electric_propulsion_pods_electric_propulsion_pod:manufacturer,bom_source_field,source_required,assumption,Electric propulsion pod / manufacturer,manufacturer is required but not source-backed.,,,,wingspan_m; endurance_days,actuation_kinematics,electric_propulsion_pod,true,true,Admit source-backed supplier/manufacturer/MPN/unit-cost evidence before BoM can pass.
bom_source_field:actuation_kinematics_electric_propulsion_pods_electric_propulsion_pod:mpn,bom_source_field,source_required,assumption,Electric propulsion pod / mpn,mpn is required but not source-backed.,,,,wingspan_m; endurance_days,actuation_kinematics,electric_propulsion_pod,true,true,Admit source-backed supplier/manufacturer/MPN/unit-cost evidence before BoM can pass.
bom_source_field:actuation_kinematics_electric_propulsion_pods_electric_propulsion_pod:supplier,bom_source_field,source_required,assumption,Electric propulsion pod / supplier,supplier is required but not source-backed.,,,,wingspan_m; endurance_days,actuation_kinematics,electric_propulsion_pod,true,true,Admit source-backed supplier/manufacturer/MPN/unit-cost evidence before BoM can pass.
bom_source_field:actuation_kinematics_electric_propulsion_pods_electric_propulsion_pod:unit_cost_gbp,bom_source_field,source_required,assumption,Electric propulsion pod / unit_cost_gbp,unit_cost_gbp is required but not source-backed.,,,,wingspan_m; endurance_days,actuation_kinematics,electric_propulsion_pod,true,true,Admit source-backed supplier/manufacturer/MPN/unit-cost evidence before BoM can pass.
bom_source_field:control_compute_communication_flight_control_computer_flight_control_computer:manufacturer,bom_source_field,source_required,assumption,Flight control computer / manufacturer,manufacturer is required but not source-backed.,,,,endurance_days; altitude_km,control_compute_communication,flight_control_computer,true,true,Admit source-backed supplier/manufacturer/MPN/unit-cost evidence before BoM can pass.
bom_source_field:control_compute_communication_flight_control_computer_flight_control_computer:mpn,bom_source_field,source_required,assumption,Flight control computer / mpn,mpn is required but not source-backed.,,,,endurance_days; altitude_km,control_compute_communication,flight_control_computer,true,true,Admit source-backed supplier/manufacturer/MPN/unit-cost evidence before BoM can pass.
bom_source_field:control_compute_communication_flight_control_computer_flight_control_computer:supplier,bom_source_field,source_required,assumption,Flight control computer / supplier,supplier is required but not source-backed.,,,,endurance_days; altitude_km,control_compute_communication,flight_control_computer,true,true,Admit source-backed supplier/manufacturer/MPN/unit-cost evidence before BoM can pass.
bom_source_field:control_compute_communication_flight_control_computer_flight_control_computer:unit_cost_gbp,bom_source_field,source_required,assumption,Flight control computer / unit_cost_gbp,unit_cost_gbp is required but not source-backed.,,,,endurance_days; altitude_km,control_compute_communication,flight_control_computer,true,true,Admit source-backed supplier/manufacturer/MPN/unit-cost evidence before BoM can pass.
bom_source_field:control_compute_communication_ground_command_link_ground_control_link:manufacturer,bom_source_field,source_required,assumption,Ground control link / manufacturer,manufacturer is required but not source-backed.,,,,,control_compute_communication,ground_control_link,true,true,Admit source-backed supplier/manufacturer/MPN/unit-cost evidence before BoM can pass.
bom_source_field:control_compute_communication_ground_command_link_ground_control_link:mpn,bom_source_field,source_required,assumption,Ground control link / mpn,mpn is required but not source-backed.,,,,,control_compute_communication,ground_control_link,true,true,Admit source-backed supplier/manufacturer/MPN/unit-cost evidence before BoM can pass.
bom_source_field:control_compute_communication_ground_command_link_ground_control_link:supplier,bom_source_field,source_required,assumption,Ground control link / supplier,supplier is required but not source-backed.,,,,,control_compute_communication,ground_control_link,true,true,Admit source-backed supplier/manufacturer/MPN/unit-cost evidence before BoM can pass.
bom_source_field:control_compute_communication_ground_command_link_ground_control_link:unit_cost_gbp,bom_source_field,source_required,assumption,Ground control link / unit_cost_gbp,unit_cost_gbp is required but not source-backed.,,,,,control_compute_communication,ground_control_link,true,true,Admit source-backed supplier/manufacturer/MPN/unit-cost evidence before BoM can pass.
bom_source_field:energy_harvesting_mppt_conversion_mppt_power_tracker:manufacturer,bom_source_field,source_required,assumption,MPPT power tracker / manufacturer,manufacturer is required but not source-backed.,,,,,energy_harvesting,mppt_power_tracker,true,true,Admit source-backed supplier/manufacturer/MPN/unit-cost evidence before BoM can pass.
bom_source_field:energy_harvesting_mppt_conversion_mppt_power_tracker:mpn,bom_source_field,source_required,assumption,MPPT power tracker / mpn,mpn is required but not source-backed.,,,,,energy_harvesting,mppt_power_tracker,true,true,Admit source-backed supplier/manufacturer/MPN/unit-cost evidence before BoM can pass.
bom_source_field:energy_harvesting_mppt_conversion_mppt_power_tracker:supplier,bom_source_field,source_required,assumption,MPPT power tracker / supplier,supplier is required but not source-backed.,,,,,energy_harvesting,mppt_power_tracker,true,true,Admit source-backed supplier/manufacturer/MPN/unit-cost evidence before BoM can pass.
bom_source_field:energy_harvesting_mppt_conversion_mppt_power_tracker:unit_cost_gbp,bom_source_field,source_required,assumption,MPPT power tracker / unit_cost_gbp,unit_cost_gbp is required but not source-backed.,,,,,energy_harvesting,mppt_power_tracker,true,true,Admit source-backed supplier/manufacturer/MPN/unit-cost evidence before BoM can pass.
bom_source_field:energy_harvesting_solar_skin_array_solar_cell_array:manufacturer,bom_source_field,source_required,assumption,Solar cell array / manufacturer,manufacturer is required but not source-backed.,,,,wingspan_m; endurance_days,energy_harvesting,solar_cell_array,true,true,Admit source-backed supplier/manufacturer/MPN/unit-cost evidence before BoM can pass.
bom_source_field:energy_harvesting_solar_skin_array_solar_cell_array:mpn,bom_source_field,source_required,assumption,Solar cell array / mpn,mpn is required but not source-backed.,,,,wingspan_m; endurance_days,energy_harvesting,solar_cell_array,true,true,Admit source-backed supplier/manufacturer/MPN/unit-cost evidence before BoM can pass.
bom_source_field:energy_harvesting_solar_skin_array_solar_cell_array:supplier,bom_source_field,source_required,assumption,Solar cell array / supplier,supplier is required but not source-backed.,,,,wingspan_m; endurance_days,energy_harvesting,solar_cell_array,true,true,Admit source-backed supplier/manufacturer/MPN/unit-cost evidence before BoM can pass.
bom_source_field:energy_harvesting_solar_skin_array_solar_cell_array:unit_cost_gbp,bom_source_field,source_required,assumption,Solar cell array / unit_cost_gbp,unit_cost_gbp is required but not source-backed.,,,,wingspan_m; endurance_days,energy_harvesting,solar_cell_array,true,true,Admit source-backed supplier/manufacturer/MPN/unit-cost evidence before BoM can pass.
bom_source_field:energy_storage_source_stratospheric_battery_pack_stratospheric_battery_pack:manufacturer,bom_source_field,source_required,assumption,Stratospheric battery pack / manufacturer,manufacturer is required but not source-backed.,,,,endurance_days,energy_storage_source,stratospheric_battery_pack,true,true,Admit source-backed supplier/manufacturer/MPN/unit-cost evidence before BoM can pass.
bom_source_field:energy_storage_source_stratospheric_battery_pack_stratospheric_battery_pack:mpn,bom_source_field,source_required,assumption,Stratospheric battery pack / mpn,mpn is required but not source-backed.,,,,endurance_days,energy_storage_source,stratospheric_battery_pack,true,true,Admit source-backed supplier/manufacturer/MPN/unit-cost evidence before BoM can pass.
bom_source_field:energy_storage_source_stratospheric_battery_pack_stratospheric_battery_pack:supplier,bom_source_field,source_required,assumption,Stratospheric battery pack / supplier,supplier is required but not source-backed.,,,,endurance_days,energy_storage_source,stratospheric_battery_pack,true,true,Admit source-backed supplier/manufacturer/MPN/unit-cost evidence before BoM can pass.
bom_source_field:energy_storage_source_stratospheric_battery_pack_stratospheric_battery_pack:unit_cost_gbp,bom_source_field,source_required,assumption,Stratospheric battery pack / unit_cost_gbp,unit_cost_gbp is required but not source-backed.,,,,endurance_days,energy_storage_source,stratospheric_battery_pack,true,true,Admit source-backed supplier/manufacturer/MPN/unit-cost evidence before BoM can pass.
bom_source_field:environmental_interface_thermal_protection_thermal_insulation_blanket:manufacturer,bom_source_field,source_required,assumption,Thermal insulation blanket / manufacturer,manufacturer is required but not source-backed.,,,,altitude_km,environmental_interface,thermal_insulation_blanket,true,true,Admit source-backed supplier/manufacturer/MPN/unit-cost evidence before BoM can pass.
bom_source_field:environmental_interface_thermal_protection_thermal_insulation_blanket:mpn,bom_source_field,source_required,assumption,Thermal insulation blanket / mpn,mpn is required but not source-backed.,,,,altitude_km,environmental_interface,thermal_insulation_blanket,true,true,Admit source-backed supplier/manufacturer/MPN/unit-cost evidence before BoM can pass.
bom_source_field:environmental_interface_thermal_protection_thermal_insulation_blanket:supplier,bom_source_field,source_required,assumption,Thermal insulation blanket / supplier,supplier is required but not source-backed.,,,,altitude_km,environmental_interface,thermal_insulation_blanket,true,true,Admit source-backed supplier/manufacturer/MPN/unit-cost evidence before BoM can pass.
bom_source_field:environmental_interface_thermal_protection_thermal_insulation_blanket:unit_cost_gbp,bom_source_field,source_required,assumption,Thermal insulation blanket / unit_cost_gbp,unit_cost_gbp is required but not source-backed.,,,,altitude_km,environmental_interface,thermal_insulation_blanket,true,true,Admit source-backed supplier/manufacturer/MPN/unit-cost evidence before BoM can pass.
bom_source_field:payload_communication_antenna_aperture_payload_antenna_array:manufacturer,bom_source_field,source_required,assumption,Payload antenna array / manufacturer,manufacturer is required but not source-backed.,,,,,payload_communication,payload_antenna_array,true,true,Admit source-backed supplier/manufacturer/MPN/unit-cost evidence before BoM can pass.
bom_source_field:payload_communication_antenna_aperture_payload_antenna_array:mpn,bom_source_field,source_required,assumption,Payload antenna array / mpn,mpn is required but not source-backed.,,,,,payload_communication,payload_antenna_array,true,true,Admit source-backed supplier/manufacturer/MPN/unit-cost evidence before BoM can pass.
bom_source_field:payload_communication_antenna_aperture_payload_antenna_array:supplier,bom_source_field,source_required,assumption,Payload antenna array / supplier,supplier is required but not source-backed.,,,,,payload_communication,payload_antenna_array,true,true,Admit source-backed supplier/manufacturer/MPN/unit-cost evidence before BoM can pass.
bom_source_field:payload_communication_antenna_aperture_payload_antenna_array:unit_cost_gbp,bom_source_field,source_required,assumption,Payload antenna array / unit_cost_gbp,unit_cost_gbp is required but not source-backed.,,,,,payload_communication,payload_antenna_array,true,true,Admit source-backed supplier/manufacturer/MPN/unit-cost evidence before BoM can pass.
bom_source_field:payload_communication_payload_radio_stratospheric_communications_payload:manufacturer,bom_source_field,source_required,assumption,Stratospheric communications payload / manufacturer,manufacturer is required but not source-backed.,,,,,payload_communication,stratospheric_communications_payload,true,true,Admit source-backed supplier/manufacturer/MPN/unit-cost evidence before BoM can pass.
bom_source_field:payload_communication_payload_radio_stratospheric_communications_payload:mpn,bom_source_field,source_required,assumption,Stratospheric communications payload / mpn,mpn is required but not source-backed.,,,,,payload_communication,stratospheric_communications_payload,true,true,Admit source-backed supplier/manufacturer/MPN/unit-cost evidence before BoM can pass.
bom_source_field:payload_communication_payload_radio_stratospheric_communications_payload:supplier,bom_source_field,source_required,assumption,Stratospheric communications payload / supplier,supplier is required but not source-backed.,,,,,payload_communication,stratospheric_communications_payload,true,true,Admit source-backed supplier/manufacturer/MPN/unit-cost evidence before BoM can pass.
bom_source_field:payload_communication_payload_radio_stratospheric_communications_payload:unit_cost_gbp,bom_source_field,source_required,assumption,Stratospheric communications payload / unit_cost_gbp,unit_cost_gbp is required but not source-backed.,,,,,payload_communication,stratospheric_communications_payload,true,true,Admit source-backed supplier/manufacturer/MPN/unit-cost evidence before BoM can pass.
bom_source_field:safety_protection_abort_recovery_recovery_parachute_system:manufacturer,bom_source_field,source_required,assumption,Recovery parachute system / manufacturer,manufacturer is required but not source-backed.,,,,altitude_km,safety_protection,recovery_parachute_system,true,true,Admit source-backed supplier/manufacturer/MPN/unit-cost evidence before BoM can pass.
bom_source_field:safety_protection_abort_recovery_recovery_parachute_system:mpn,bom_source_field,source_required,assumption,Recovery parachute system / mpn,mpn is required but not source-backed.,,,,altitude_km,safety_protection,recovery_parachute_system,true,true,Admit source-backed supplier/manufacturer/MPN/unit-cost evidence before BoM can pass.
bom_source_field:safety_protection_abort_recovery_recovery_parachute_system:supplier,bom_source_field,source_required,assumption,Recovery parachute system / supplier,supplier is required but not source-backed.,,,,altitude_km,safety_protection,recovery_parachute_system,true,true,Admit source-backed supplier/manufacturer/MPN/unit-cost evidence before BoM can pass.
bom_source_field:safety_protection_abort_recovery_recovery_parachute_system:unit_cost_gbp,bom_source_field,source_required,assumption,Recovery parachute system / unit_cost_gbp,unit_cost_gbp is required but not source-backed.,,,,altitude_km,safety_protection,recovery_parachute_system,true,true,Admit source-backed supplier/manufacturer/MPN/unit-cost evidence before BoM can pass.
bom_source_field:sensing_instrumentation_navigation_suite_gnss_ins_navigation_unit:manufacturer,bom_source_field,source_required,assumption,GNSS INS navigation unit / manufacturer,manufacturer is required but not source-backed.,,,,altitude_km,sensing_instrumentation,gnss_ins_navigation_unit,true,true,Admit source-backed supplier/manufacturer/MPN/unit-cost evidence before BoM can pass.
bom_source_field:sensing_instrumentation_navigation_suite_gnss_ins_navigation_unit:mpn,bom_source_field,source_required,assumption,GNSS INS navigation unit / mpn,mpn is required but not source-backed.,,,,altitude_km,sensing_instrumentation,gnss_ins_navigation_unit,true,true,Admit source-backed supplier/manufacturer/MPN/unit-cost evidence before BoM can pass.
bom_source_field:sensing_instrumentation_navigation_suite_gnss_ins_navigation_unit:supplier,bom_source_field,source_required,assumption,GNSS INS navigation unit / supplier,supplier is required but not source-backed.,,,,altitude_km,sensing_instrumentation,gnss_ins_navigation_unit,true,true,Admit source-backed supplier/manufacturer/MPN/unit-cost evidence before BoM can pass.
bom_source_field:sensing_instrumentation_navigation_suite_gnss_ins_navigation_unit:unit_cost_gbp,bom_source_field,source_required,assumption,GNSS INS navigation unit / unit_cost_gbp,unit_cost_gbp is required but not source-backed.,,,,altitude_km,sensing_instrumentation,gnss_ins_navigation_unit,true,true,Admit source-backed supplier/manufacturer/MPN/unit-cost evidence before BoM can pass.
bom_source_field:structure_containment_wing_primary_structure_high_aspect_ratio_wing_structure:manufacturer,bom_source_field,source_required,assumption,High-aspect-ratio wing structure / manufacturer,manufacturer is required but not source-backed.,,,,wingspan_m,structure_containment,high_aspect_ratio_wing_structure,true,true,Admit source-backed supplier/manufacturer/MPN/unit-cost evidence before BoM can pass.
bom_source_field:structure_containment_wing_primary_structure_high_aspect_ratio_wing_structure:mpn,bom_source_field,source_required,assumption,High-aspect-ratio wing structure / mpn,mpn is required but not source-backed.,,,,wingspan_m,structure_containment,high_aspect_ratio_wing_structure,true,true,Admit source-backed supplier/manufacturer/MPN/unit-cost evidence before BoM can pass.
bom_source_field:structure_containment_wing_primary_structure_high_aspect_ratio_wing_structure:supplier,bom_source_field,source_required,assumption,High-aspect-ratio wing structure / supplier,supplier is required but not source-backed.,,,,wingspan_m,structure_containment,high_aspect_ratio_wing_structure,true,true,Admit source-backed supplier/manufacturer/MPN/unit-cost evidence before BoM can pass.
bom_source_field:structure_containment_wing_primary_structure_high_aspect_ratio_wing_structure:unit_cost_gbp,bom_source_field,source_required,assumption,High-aspect-ratio wing structure / unit_cost_gbp,unit_cost_gbp is required but not source-backed.,,,,wingspan_m,structure_containment,high_aspect_ratio_wing_structure,true,true,Admit source-backed supplier/manufacturer/MPN/unit-cost evidence before BoM can pass.
component_candidate:actuation_kinematics_electric_propulsion_pods_electric_propulsion_pod,component_candidate,source_required,generated_model,Electric propulsion pod,Electric propulsion pod is an architecture-derived component candidate with quantity 4 each.,model:scratch_universal_architecture.haps,,,wingspan_m; endurance_days,actuation_kinematics,electric_propulsion_pod,true,true,"Admit source-backed supplier, manufacturer, MPN, unit cost and lead-time evidence through sourcing intake."
component_candidate:control_compute_communication_flight_control_computer_flight_control_computer,component_candidate,source_required,generated_model,Flight control computer,Flight control computer is an architecture-derived component candidate with quantity 1 candidate.,model:scratch_universal_architecture.haps,,,endurance_days; altitude_km,control_compute_communication,flight_control_computer,true,true,"Admit source-backed supplier, manufacturer, MPN, unit cost and lead-time evidence through sourcing intake."
component_candidate:control_compute_communication_ground_command_link_ground_control_link,component_candidate,source_required,generated_model,Ground control link,Ground control link is an architecture-derived component candidate with quantity 1 candidate.,model:scratch_universal_architecture.haps,,,,control_compute_communication,ground_control_link,true,true,"Admit source-backed supplier, manufacturer, MPN, unit cost and lead-time evidence through sourcing intake."
component_candidate:energy_harvesting_mppt_conversion_mppt_power_tracker,component_candidate,source_required,generated_model,MPPT power tracker,MPPT power tracker is an architecture-derived component candidate with quantity 1 candidate.,model:scratch_universal_architecture.haps,,,,energy_harvesting,mppt_power_tracker,true,true,"Admit source-backed supplier, manufacturer, MPN, unit cost and lead-time evidence through sourcing intake."
component_candidate:energy_harvesting_solar_skin_array_solar_cell_array,component_candidate,source_required,generated_model,Solar cell array,Solar cell array is an architecture-derived component candidate with quantity 1 candidate.,model:scratch_universal_architecture.haps,,,wingspan_m; endurance_days,energy_harvesting,solar_cell_array,true,true,"Admit source-backed supplier, manufacturer, MPN, unit cost and lead-time evidence through sourcing intake."
component_candidate:energy_storage_source_stratospheric_battery_pack_stratospheric_battery_pack,component_candidate,source_required,generated_model,Stratospheric battery pack,Stratospheric battery pack is an architecture-derived component candidate with quantity 1 candidate.,model:scratch_universal_architecture.haps,,,endurance_days,energy_storage_source,stratospheric_battery_pack,true,true,"Admit source-backed supplier, manufacturer, MPN, unit cost and lead-time evidence through sourcing intake."
component_candidate:environmental_interface_thermal_protection_thermal_insulation_blanket,component_candidate,source_required,generated_model,Thermal insulation blanket,Thermal insulation blanket is an architecture-derived component candidate with quantity 1 candidate.,model:scratch_universal_architecture.haps,,,altitude_km,environmental_interface,thermal_insulation_blanket,true,true,"Admit source-backed supplier, manufacturer, MPN, unit cost and lead-time evidence through sourcing intake."
component_candidate:payload_communication_antenna_aperture_payload_antenna_array,component_candidate,source_required,generated_model,Payload antenna array,Payload antenna array is an architecture-derived component candidate with quantity 1 candidate.,model:scratch_universal_architecture.haps,,,,payload_communication,payload_antenna_array,true,true,"Admit source-backed supplier, manufacturer, MPN, unit cost and lead-time evidence through sourcing intake."
component_candidate:payload_communication_payload_radio_stratospheric_communications_payload,component_candidate,source_required,generated_model,Stratospheric communications payload,Stratospheric communications payload is an architecture-derived component candidate with quantity 1 candidate.,model:scratch_universal_architecture.haps,,,,payload_communication,stratospheric_communications_payload,true,true,"Admit source-backed supplier, manufacturer, MPN, unit cost and lead-time evidence through sourcing intake."
component_candidate:safety_protection_abort_recovery_recovery_parachute_system,component_candidate,source_required,generated_model,Recovery parachute system,Recovery parachute system is an architecture-derived component candidate with quantity 1 candidate.,model:scratch_universal_architecture.haps,,,altitude_km,safety_protection,recovery_parachute_system,true,true,"Admit source-backed supplier, manufacturer, MPN, unit cost and lead-time evidence through sourcing intake."
component_candidate:sensing_instrumentation_navigation_suite_gnss_ins_navigation_unit,component_candidate,source_required,generated_model,GNSS INS navigation unit,GNSS INS navigation unit is an architecture-derived component candidate with quantity 1 candidate.,model:scratch_universal_architecture.haps,,,altitude_km,sensing_instrumentation,gnss_ins_navigation_unit,true,true,"Admit source-backed supplier, manufacturer, MPN, unit cost and lead-time evidence through sourcing intake."
component_candidate:structure_containment_wing_primary_structure_high_aspect_ratio_wing_structure,component_candidate,source_required,generated_model,High-aspect-ratio wing structure,High-aspect-ratio wing structure is an architecture-derived component candidate with quantity 1 candidate.,model:scratch_universal_architecture.haps,,,wingspan_m,structure_containment,high_aspect_ratio_wing_structure,true,true,"Admit source-backed supplier, manufacturer, MPN, unit cost and lead-time evidence through sourcing intake."
headline_metric:capex_gbp,headline_metric,source_required,assumption,Estimated CAPEX,Estimated CAPEX = 0 GBP.,formula:capex=sum(bom.totalCostGbp); class_pack:haps.class_pack,,,,,,true,true,Admit source-backed BoM costs before treating this cost metric as a claim.
headline_metric:opex_annual_gbp,headline_metric,source_required,assumption,Estimated annual OPEX,Estimated annual OPEX = 0 GBP/year.,formula:opex=capex*0.04,,,,,,true,true,Admit source-backed BoM costs before treating this cost metric as a claim.
component_candidate:actuation_kinematics_control_surface_actuation_control_linkage_rod_set,component_candidate,generated_needs_review,generated_model,control linkage rod set,control linkage rod set is an architecture-derived component candidate with quantity 1 candidate.,model:scratch_universal_architecture.haps,,,,actuation_kinematics,control_linkage_rod_set,false,true,"Review whether this is a unique physical item, shared component or separate installation instance."
component_candidate:actuation_kinematics_control_surface_actuation_low_temperature_servo_actuator,component_candidate,generated_needs_review,generated_model,low-temperature servo actuator,low-temperature servo actuator is an architecture-derived component candidate with quantity 1 candidate.,model:scratch_universal_architecture.haps,,,,actuation_kinematics,low_temperature_servo_actuator,false,true,"Review whether this is a unique physical item, shared component or separate installation instance."
component_candidate:actuation_kinematics_control_surface_actuation_servo_heater_trace,component_candidate,generated_needs_review,generated_model,servo heater trace,servo heater trace is an architecture-derived component candidate with quantity 1 candidate.,model:scratch_universal_architecture.haps,,,,actuation_kinematics,servo_heater_trace,false,true,"Review whether this is a unique physical item, shared component or separate installation instance."
component_candidate:actuation_kinematics_control_surface_actuation_surface_position_sensor,component_candidate,generated_needs_review,generated_model,surface position sensor,surface position sensor is an architecture-derived component candidate with quantity 1 candidate.,model:scratch_universal_architecture.haps,,,,actuation_kinematics,surface_position_sensor,false,true,"Review whether this is a unique physical item, shared component or separate installation instance."
component_candidate:actuation_kinematics_electric_propulsion_pods_high_altitude_propeller_set,component_candidate,generated_needs_review,generated_model,high-altitude propeller set,high-altitude propeller set is an architecture-derived component candidate with quantity 1 candidate.,model:scratch_universal_architecture.haps,,,,actuation_kinematics,high_altitude_propeller_set,false,true,"Review whether this is a unique physical item, shared component or separate installation instance."
component_candidate:actuation_kinematics_electric_propulsion_pods_motor_controller_module,component_candidate,generated_needs_review,generated_model,motor controller module,motor controller module is an architecture-derived component candidate with quantity 1 candidate.,model:scratch_universal_architecture.haps,,,,actuation_kinematics,motor_controller_module,false,true,"Review whether this is a unique physical item, shared component or separate installation instance."
component_candidate:actuation_kinematics_electric_propulsion_pods_propulsion_pod_fairing,component_candidate,generated_needs_review,generated_model,propulsion pod fairing,propulsion pod fairing is an architecture-derived component candidate with quantity 1 candidate.,model:scratch_universal_architecture.haps,,,,actuation_kinematics,propulsion_pod_fairing,false,true,"Review whether this is a unique physical item, shared component or separate installation instance."
component_candidate:actuation_kinematics_station_keeping_trim_airspeed_setpoint_manager,component_candidate,generated_needs_review,generated_model,airspeed setpoint manager,airspeed setpoint manager is an architecture-derived component candidate with quantity 1 candidate.,model:scratch_universal_architecture.haps,,,,actuation_kinematics,airspeed_setpoint_manager,false,true,"Review whether this is a unique physical item, shared component or separate installation instance."
component_candidate:actuation_kinematics_station_keeping_trim_gust_load_estimator,component_candidate,generated_needs_review,generated_model,gust load estimator,gust load estimator is an architecture-derived component candidate with quantity 1 candidate.,model:scratch_universal_architecture.haps,,,,actuation_kinematics,gust_load_estimator,false,true,"Review whether this is a unique physical item, shared component or separate installation instance."
component_candidate:actuation_kinematics_station_keeping_trim_propulsion_calibration_record,component_candidate,generated_needs_review,generated_model,propulsion calibration record,propulsion calibration record is an architecture-derived component candidate with quantity 1 candidate.,model:scratch_universal_architecture.haps,,,,actuation_kinematics,propulsion_calibration_record,false,true,"Review whether this is a unique physical item, shared component or separate installation instance."
component_candidate:actuation_kinematics_station_keeping_trim_trim_schedule_table,component_candidate,generated_needs_review,generated_model,trim schedule table,trim schedule table is an architecture-derived component candidate with quantity 1 candidate.,model:scratch_universal_architecture.haps,,,,actuation_kinematics,trim_schedule_table,false,true,"Review whether this is a unique physical item, shared component or separate installation instance."
component_candidate:control_compute_communication_energy_aware_autonomy_payload_duty_cycle_controller,component_candidate,generated_needs_review,generated_model,payload duty-cycle controller,payload duty-cycle controller is an architecture-derived component candidate with quantity 1 candidate.,model:scratch_universal_architecture.haps,,,,control_compute_communication,payload_duty_cycle_controller,false,true,"Review whether this is a unique physical item, shared component or separate installation instance."
component_candidate:control_compute_communication_energy_aware_autonomy_return_corridor_manager,component_candidate,generated_needs_review,generated_model,return corridor manager,return corridor manager is an architecture-derived component candidate with quantity 1 candidate.,model:scratch_universal_architecture.haps,,,,control_compute_communication,return_corridor_manager,false,true,"Review whether this is a unique physical item, shared component or separate installation instance."
component_candidate:control_compute_communication_energy_aware_autonomy_solar_forecast_model,component_candidate,generated_needs_review,generated_model,solar forecast model,solar forecast model is an architecture-derived component candidate with quantity 1 candidate.,model:scratch_universal_architecture.haps,,,,control_compute_communication,solar_forecast_model,false,true,"Review whether this is a unique physical item, shared component or separate installation instance."
component_candidate:control_compute_communication_energy_aware_autonomy_wind_field_route_planner,component_candidate,generated_needs_review,generated_model,wind field route planner,wind field route planner is an architecture-derived component candidate with quantity 1 candidate.,model:scratch_universal_architecture.haps,,,,control_compute_communication,wind_field_route_planner,false,true,"Review whether this is a unique physical item, shared component or separate installation instance."
component_candidate:control_compute_communication_flight_control_computer_autopilot_io_board,component_candidate,generated_needs_review,generated_model,autopilot IO board,autopilot IO board is an architecture-derived component candidate with quantity 1 candidate.,model:scratch_universal_architecture.haps,,,,control_compute_communication,autopilot_io_board,false,true,"Review whether this is a unique physical item, shared component or separate installation instance."
component_candidate:control_compute_communication_flight_control_computer_flight_software_image,component_candidate,generated_needs_review,generated_model,flight software image,flight software image is an architecture-derived component candidate with quantity 1 candidate.,model:scratch_universal_architecture.haps,,,,control_compute_communication,flight_software_image,false,true,"Review whether this is a unique physical item, shared component or separate installation instance."
component_candidate:control_compute_communication_flight_control_computer_watchdog_supervisor,component_candidate,generated_needs_review,generated_model,watchdog supervisor,watchdog supervisor is an architecture-derived component candidate with quantity 1 candidate.,model:scratch_universal_architecture.haps,,,,control_compute_communication,watchdog_supervisor,false,true,"Review whether this is a unique physical item, shared component or separate installation instance."
component_candidate:control_compute_communication_ground_command_link_command_authentication_module,component_candidate,generated_needs_review,generated_model,command authentication module,command authentication module is an architecture-derived component candidate with quantity 1 candidate.,model:scratch_universal_architecture.haps,,,,control_compute_communication,command_authentication_module,false,true,"Review whether this is a unique physical item, shared component or separate installation instance."
component_candidate:control_compute_communication_ground_command_link_mission_log_recorder,component_candidate,generated_needs_review,generated_model,mission log recorder,mission log recorder is an architecture-derived component candidate with quantity 1 candidate.,model:scratch_universal_architecture.haps,,,,control_compute_communication,mission_log_recorder,false,true,"Review whether this is a unique physical item, shared component or separate installation instance."
component_candidate:control_compute_communication_ground_command_link_telemetry_transceiver,component_candidate,generated_needs_review,generated_model,telemetry transceiver,telemetry transceiver is an architecture-derived component candidate with quantity 1 candidate.,model:scratch_universal_architecture.haps,,,,control_compute_communication,telemetry_transceiver,false,true,"Review whether this is a unique physical item, shared component or separate installation instance."
component_candidate:energy_harvesting_mppt_conversion_mppt_heat_spreader,component_candidate,generated_needs_review,generated_model,MPPT heat spreader,MPPT heat spreader is an architecture-derived component candidate with quantity 1 candidate.,model:scratch_universal_architecture.haps,,,,energy_harvesting,mppt_heat_spreader,false,true,"Review whether this is a unique physical item, shared component or separate installation instance."
component_candidate:energy_harvesting_mppt_conversion_solar_input_current_sensor,component_candidate,generated_needs_review,generated_model,solar input current sensor,solar input current sensor is an architecture-derived component candidate with quantity 1 candidate.,model:scratch_universal_architecture.haps,,,,energy_harvesting,solar_input_current_sensor,false,true,"Review whether this is a unique physical item, shared component or separate installation instance."
component_candidate:energy_harvesting_mppt_conversion_solar_voltage_tap_loom,component_candidate,generated_needs_review,generated_model,solar voltage tap loom,solar voltage tap loom is an architecture-derived component candidate with quantity 1 candidate.,model:scratch_universal_architecture.haps,,,,energy_harvesting,solar_voltage_tap_loom,false,true,"Review whether this is a unique physical item, shared component or separate installation instance."
component_candidate:energy_harvesting_solar_health_monitoring_solar_inspection_connector,component_candidate,generated_needs_review,generated_model,solar inspection connector,solar inspection connector is an architecture-derived component candidate with quantity 1 candidate.,model:scratch_universal_architecture.haps,,,,energy_harvesting,solar_inspection_connector,false,true,"Review whether this is a unique physical item, shared component or separate installation instance."
component_candidate:energy_harvesting_solar_health_monitoring_solar_string_monitor_board,component_candidate,generated_needs_review,generated_model,solar string monitor board,solar string monitor board is an architecture-derived component candidate with quantity 1 candidate.,model:scratch_universal_architecture.haps,,,,energy_harvesting,solar_string_monitor_board,false,true,"Review whether this is a unique physical item, shared component or separate installation instance."
component_candidate:energy_harvesting_solar_health_monitoring_uv_exposure_witness_coupon,component_candidate,generated_needs_review,generated_model,UV exposure witness coupon,UV exposure witness coupon is an architecture-derived component candidate with quantity 1 candidate.,model:scratch_universal_architecture.haps,,,,energy_harvesting,uv_exposure_witness_coupon,false,true,"Review whether this is a unique physical item, shared component or separate installation instance."
component_candidate:energy_harvesting_solar_health_monitoring_wing_surface_temperature_sensor,component_candidate,generated_needs_review,generated_model,wing surface temperature sensor,wing surface temperature sensor is an architecture-derived component candidate with quantity 1 candidate.,model:scratch_universal_architecture.haps,,,,energy_harvesting,wing_surface_temperature_sensor,false,true,"Review whether this is a unique physical item, shared component or separate installation instance."
component_candidate:energy_harvesting_solar_skin_array_cell_interconnect_ribbon,component_candidate,generated_needs_review,generated_model,cell interconnect ribbon,cell interconnect ribbon is an architecture-derived component candidate with quantity 1 candidate.,model:scratch_universal_architecture.haps,,,,energy_harvesting,cell_interconnect_ribbon,false,true,"Review whether this is a unique physical item, shared component or separate installation instance."
component_candidate:energy_harvesting_solar_skin_array_solar_string_bypass_diode,component_candidate,generated_needs_review,generated_model,solar string bypass diode,solar string bypass diode is an architecture-derived component candidate with quantity 1 candidate.,model:scratch_universal_architecture.haps,,,,energy_harvesting,solar_string_bypass_diode,false,true,"Review whether this is a unique physical item, shared component or separate installation instance."
component_candidate:energy_harvesting_solar_skin_array_transparent_encapsulation_film,component_candidate,generated_needs_review,generated_model,transparent encapsulation film,transparent encapsulation film is an architecture-derived component candidate with quantity 1 candidate.,model:scratch_universal_architecture.haps,,,,energy_harvesting,transparent_encapsulation_film,false,true,"Review whether this is a unique physical item, shared component or separate installation instance."
component_candidate:energy_storage_source_battery_thermal_zone_battery_insulation_sleeve,component_candidate,generated_needs_review,generated_model,battery insulation sleeve,battery insulation sleeve is an architecture-derived component candidate with quantity 1 candidate.,model:scratch_universal_architecture.haps,,,,energy_storage_source,battery_insulation_sleeve,false,true,"Review whether this is a unique physical item, shared component or separate installation instance."
component_candidate:energy_storage_source_battery_thermal_zone_battery_temperature_sensor_harness,component_candidate,generated_needs_review,generated_model,battery temperature sensor harness,battery temperature sensor harness is an architecture-derived component candidate with quantity 1 candidate.,model:scratch_universal_architecture.haps,,,,energy_storage_source,battery_temperature_sensor_harness,false,true,"Review whether this is a unique physical item, shared component or separate installation instance."
component_candidate:energy_storage_source_battery_thermal_zone_battery_vent_path,component_candidate,generated_needs_review,generated_model,battery vent path,battery vent path is an architecture-derived component candidate with quantity 1 candidate.,model:scratch_universal_architecture.haps,,,,energy_storage_source,battery_vent_path,false,true,"Review whether this is a unique physical item, shared component or separate installation instance."
component_candidate:energy_storage_source_battery_thermal_zone_phase_change_thermal_buffer,component_candidate,generated_needs_review,generated_model,phase-change thermal buffer,phase-change thermal buffer is an architecture-derived component candidate with quantity 1 candidate.,model:scratch_universal_architecture.haps,,,,energy_storage_source,phase_change_thermal_buffer,false,true,"Review whether this is a unique physical item, shared component or separate installation instance."
component_candidate:energy_storage_source_energy_reserve_monitoring_battery_isolation_contactor,component_candidate,generated_needs_review,generated_model,battery isolation contactor,battery isolation contactor is an architecture-derived component candidate with quantity 1 candidate.,model:scratch_universal_architecture.haps,,,,energy_storage_source,battery_isolation_contactor,false,true,"Review whether this is a unique physical item, shared component or separate installation instance."
component_candidate:energy_storage_source_energy_reserve_monitoring_coulomb_counter_module,component_candidate,generated_needs_review,generated_model,coulomb counter module,coulomb counter module is an architecture-derived component candidate with quantity 1 candidate.,model:scratch_universal_architecture.haps,,,,energy_storage_source,coulomb_counter_module,false,true,"Review whether this is a unique physical item, shared component or separate installation instance."
component_candidate:energy_storage_source_energy_reserve_monitoring_night_cycle_test_connector,component_candidate,generated_needs_review,generated_model,night-cycle test connector,night-cycle test connector is an architecture-derived component candidate with quantity 1 candidate.,model:scratch_universal_architecture.haps,,,,energy_storage_source,night_cycle_test_connector,false,true,"Review whether this is a unique physical item, shared component or separate installation instance."
component_candidate:energy_storage_source_energy_reserve_monitoring_reserve_energy_estimator,component_candidate,generated_needs_review,generated_model,reserve energy estimator,reserve energy estimator is an architecture-derived component candidate with quantity 1 candidate.,model:scratch_universal_architecture.haps,,,,energy_storage_source,reserve_energy_estimator,false,true,"Review whether this is a unique physical item, shared component or separate installation instance."
component_candidate:energy_storage_source_stratospheric_battery_pack_battery_management_board,component_candidate,generated_needs_review,generated_model,battery management board,battery management board is an architecture-derived component candidate with quantity 1 candidate.,model:scratch_universal_architecture.haps,,,,energy_storage_source,battery_management_board,false,true,"Review whether this is a unique physical item, shared component or separate installation instance."
component_candidate:energy_storage_source_stratospheric_battery_pack_cell_heater_film,component_candidate,generated_needs_review,generated_model,cell heater film,cell heater film is an architecture-derived component candidate with quantity 1 candidate.,model:scratch_universal_architecture.haps,,,,energy_storage_source,cell_heater_film,false,true,"Review whether this is a unique physical item, shared component or separate installation instance."
component_candidate:energy_storage_source_stratospheric_battery_pack_lightweight_battery_enclosure,component_candidate,generated_needs_review,generated_model,lightweight battery enclosure,lightweight battery enclosure is an architecture-derived component candidate with quantity 1 candidate.,model:scratch_universal_architecture.haps,,,,energy_storage_source,lightweight_battery_enclosure,false,true,"Review whether this is a unique physical item, shared component or separate installation instance."
component_candidate:environmental_interface_low_pressure_management_conformal_coating_set,component_candidate,generated_needs_review,generated_model,conformal coating set,conformal coating set is an architecture-derived component candidate with quantity 1 candidate.,model:scratch_universal_architecture.haps,,,,environmental_interface,conformal_coating_set,false,true,"Review whether this is a unique physical item, shared component or separate installation instance."
component_candidate:environmental_interface_low_pressure_management_desiccant_cartridge,component_candidate,generated_needs_review,generated_model,desiccant cartridge,desiccant cartridge is an architecture-derived component candidate with quantity 1 candidate.,model:scratch_universal_architecture.haps,,,,environmental_interface,desiccant_cartridge,false,true,"Review whether this is a unique physical item, shared component or separate installation instance."
component_candidate:environmental_interface_low_pressure_management_high_altitude_creepage_spacer,component_candidate,generated_needs_review,generated_model,high-altitude creepage spacer,high-altitude creepage spacer is an architecture-derived component candidate with quantity 1 candidate.,model:scratch_universal_architecture.haps,,,,environmental_interface,high_altitude_creepage_spacer,false,true,"Review whether this is a unique physical item, shared component or separate installation instance."
component_candidate:environmental_interface_low_pressure_management_low_pressure_vent_path,component_candidate,generated_needs_review,generated_model,low-pressure vent path,low-pressure vent path is an architecture-derived component candidate with quantity 1 candidate.,model:scratch_universal_architecture.haps,,,,environmental_interface,low_pressure_vent_path,false,true,"Review whether this is a unique physical item, shared component or separate installation instance."
component_candidate:environmental_interface_thermal_protection_lightweight_thermal_strap,component_candidate,generated_needs_review,generated_model,lightweight thermal strap,lightweight thermal strap is an architecture-derived component candidate with quantity 1 candidate.,model:scratch_universal_architecture.haps,,,,environmental_interface,lightweight_thermal_strap,false,true,"Review whether this is a unique physical item, shared component or separate installation instance."
component_candidate:environmental_interface_thermal_protection_multi_layer_insulation_patch,component_candidate,generated_needs_review,generated_model,multi-layer insulation patch,multi-layer insulation patch is an architecture-derived component candidate with quantity 1 candidate.,model:scratch_universal_architecture.haps,,,,environmental_interface,multi_layer_insulation_patch,false,true,"Review whether this is a unique physical item, shared component or separate installation instance."
component_candidate:environmental_interface_thermal_protection_thermal_witness_label,component_candidate,generated_needs_review,generated_model,thermal witness label,thermal witness label is an architecture-derived component candidate with quantity 1 candidate.,model:scratch_universal_architecture.haps,,,,environmental_interface,thermal_witness_label,false,true,"Review whether this is a unique physical item, shared component or separate installation instance."
component_candidate:environmental_interface_uv_surface_protection_coating_inspection_marker,component_candidate,generated_needs_review,generated_model,coating inspection marker,coating inspection marker is an architecture-derived component candidate with quantity 1 candidate.,model:scratch_universal_architecture.haps,,,,environmental_interface,coating_inspection_marker,false,true,"Review whether this is a unique physical item, shared component or separate installation instance."
component_candidate:environmental_interface_uv_surface_protection_leading_edge_erosion_tape,component_candidate,generated_needs_review,generated_model,leading edge erosion tape,leading edge erosion tape is an architecture-derived component candidate with quantity 1 candidate.,model:scratch_universal_architecture.haps,,,,environmental_interface,leading_edge_erosion_tape,false,true,"Review whether this is a unique physical item, shared component or separate installation instance."
component_candidate:environmental_interface_uv_surface_protection_surface_contamination_wipe_kit,component_candidate,generated_needs_review,generated_model,surface contamination wipe kit,surface contamination wipe kit is an architecture-derived component candidate with quantity 1 candidate.,model:scratch_universal_architecture.haps,,,,environmental_interface,surface_contamination_wipe_kit,false,true,"Review whether this is a unique physical item, shared component or separate installation instance."
component_candidate:environmental_interface_uv_surface_protection_uv_protective_film,component_candidate,generated_needs_review,generated_model,UV protective film,UV protective film is an architecture-derived component candidate with quantity 1 candidate.,model:scratch_universal_architecture.haps,,,,environmental_interface,uv_protective_film,false,true,"Review whether this is a unique physical item, shared component or separate installation instance."
component_candidate:maintenance_serviceability_launch_recovery_equipment_ground_wind_limit_placard,component_candidate,generated_needs_review,generated_model,ground wind limit placard,ground wind limit placard is an architecture-derived component candidate with quantity 1 candidate.,model:scratch_universal_architecture.haps,,,,maintenance_serviceability,ground_wind_limit_placard,false,true,"Review whether this is a unique physical item, shared component or separate installation instance."
component_candidate:maintenance_serviceability_launch_recovery_equipment_launch_dolly_interface,component_candidate,generated_needs_review,generated_model,launch dolly interface,launch dolly interface is an architecture-derived component candidate with quantity 1 candidate.,model:scratch_universal_architecture.haps,,,,maintenance_serviceability,launch_dolly_interface,false,true,"Review whether this is a unique physical item, shared component or separate installation instance."
component_candidate:maintenance_serviceability_launch_recovery_equipment_recovery_cradle,component_candidate,generated_needs_review,generated_model,recovery cradle,recovery cradle is an architecture-derived component candidate with quantity 1 candidate.,model:scratch_universal_architecture.haps,,,,maintenance_serviceability,recovery_cradle,false,true,"Review whether this is a unique physical item, shared component or separate installation instance."
component_candidate:maintenance_serviceability_launch_recovery_equipment_wingtip_handling_fixture,component_candidate,generated_needs_review,generated_model,wingtip handling fixture,wingtip handling fixture is an architecture-derived component candidate with quantity 1 candidate.,model:scratch_universal_architecture.haps,,,,maintenance_serviceability,wingtip_handling_fixture,false,true,"Review whether this is a unique physical item, shared component or separate installation instance."
component_candidate:maintenance_serviceability_payload_checkout_payload_checkout_cable,component_candidate,generated_needs_review,generated_model,payload checkout cable,payload checkout cable is an architecture-derived component candidate with quantity 1 candidate.,model:scratch_universal_architecture.haps,,,,maintenance_serviceability,payload_checkout_cable,false,true,"Review whether this is a unique physical item, shared component or separate installation instance."
component_candidate:maintenance_serviceability_payload_checkout_preflight_log_card,component_candidate,generated_needs_review,generated_model,preflight log card,preflight log card is an architecture-derived component candidate with quantity 1 candidate.,model:scratch_universal_architecture.haps,,,,maintenance_serviceability,preflight_log_card,false,true,"Review whether this is a unique physical item, shared component or separate installation instance."
component_candidate:maintenance_serviceability_payload_checkout_rf_load_test_adapter,component_candidate,generated_needs_review,generated_model,RF load test adapter,RF load test adapter is an architecture-derived component candidate with quantity 1 candidate.,model:scratch_universal_architecture.haps,,,,maintenance_serviceability,rf_load_test_adapter,false,true,"Review whether this is a unique physical item, shared component or separate installation instance."
component_candidate:maintenance_serviceability_payload_checkout_telemetry_ground_terminal,component_candidate,generated_needs_review,generated_model,telemetry ground terminal,telemetry ground terminal is an architecture-derived component candidate with quantity 1 candidate.,model:scratch_universal_architecture.haps,,,,maintenance_serviceability,telemetry_ground_terminal,false,true,"Review whether this is a unique physical item, shared component or separate installation instance."
component_candidate:maintenance_serviceability_wing_assembly_service_assembly_witness_mark_set,component_candidate,generated_needs_review,generated_model,assembly witness mark set,assembly witness mark set is an architecture-derived component candidate with quantity 1 candidate.,model:scratch_universal_architecture.haps,,,,maintenance_serviceability,assembly_witness_mark_set,false,true,"Review whether this is a unique physical item, shared component or separate installation instance."
component_candidate:maintenance_serviceability_wing_assembly_service_solar_skin_protection_mat,component_candidate,generated_needs_review,generated_model,solar skin protection mat,solar skin protection mat is an architecture-derived component candidate with quantity 1 candidate.,model:scratch_universal_architecture.haps,,,,maintenance_serviceability,solar_skin_protection_mat,false,true,"Review whether this is a unique physical item, shared component or separate installation instance."
component_candidate:maintenance_serviceability_wing_assembly_service_spar_pin_torque_tool,component_candidate,generated_needs_review,generated_model,spar pin torque tool,spar pin torque tool is an architecture-derived component candidate with quantity 1 candidate.,model:scratch_universal_architecture.haps,,,,maintenance_serviceability,spar_pin_torque_tool,false,true,"Review whether this is a unique physical item, shared component or separate installation instance."
component_candidate:maintenance_serviceability_wing_assembly_service_wing_assembly_jig,component_candidate,generated_needs_review,generated_model,wing assembly jig,wing assembly jig is an architecture-derived component candidate with quantity 1 candidate.,model:scratch_universal_architecture.haps,,,wingspan_m,maintenance_serviceability,wing_assembly_jig,false,true,"Review whether this is a unique physical item, shared component or separate installation instance."
component_candidate:payload_communication_antenna_aperture_antenna_feed_harness,component_candidate,generated_needs_review,generated_model,antenna feed harness,antenna feed harness is an architecture-derived component candidate with quantity 1 candidate.,model:scratch_universal_architecture.haps,,,,payload_communication,antenna_feed_harness,false,true,"Review whether this is a unique physical item, shared component or separate installation instance."
component_candidate:payload_communication_antenna_aperture_antenna_ground_plane_film,component_candidate,generated_needs_review,generated_model,antenna ground plane film,antenna ground plane film is an architecture-derived component candidate with quantity 1 candidate.,model:scratch_universal_architecture.haps,,,,payload_communication,antenna_ground_plane_film,false,true,"Review whether this is a unique physical item, shared component or separate installation instance."
component_candidate:payload_communication_antenna_aperture_beam_pointing_calibration_target,component_candidate,generated_needs_review,generated_model,beam pointing calibration target,beam pointing calibration target is an architecture-derived component candidate with quantity 1 candidate.,model:scratch_universal_architecture.haps,,,,payload_communication,beam_pointing_calibration_target,false,true,"Review whether this is a unique physical item, shared component or separate installation instance."
component_candidate:payload_communication_payload_integration_payload_access_hatch,component_candidate,generated_needs_review,generated_model,payload access hatch,payload access hatch is an architecture-derived component candidate with quantity 1 candidate.,model:scratch_universal_architecture.haps,,,,payload_communication,payload_access_hatch,false,true,"Review whether this is a unique physical item, shared component or separate installation instance."
component_candidate:payload_communication_payload_integration_payload_configuration_tag,component_candidate,generated_needs_review,generated_model,payload configuration tag,payload configuration tag is an architecture-derived component candidate with quantity 1 candidate.,model:scratch_universal_architecture.haps,,,,payload_communication,payload_configuration_tag,false,true,"Review whether this is a unique physical item, shared component or separate installation instance."
component_candidate:payload_communication_payload_integration_payload_isolation_mount,component_candidate,generated_needs_review,generated_model,payload isolation mount,payload isolation mount is an architecture-derived component candidate with quantity 1 candidate.,model:scratch_universal_architecture.haps,,,,payload_communication,payload_isolation_mount,false,true,"Review whether this is a unique physical item, shared component or separate installation instance."
component_candidate:payload_communication_payload_integration_payload_thermal_strap,component_candidate,generated_needs_review,generated_model,payload thermal strap,payload thermal strap is an architecture-derived component candidate with quantity 1 candidate.,model:scratch_universal_architecture.haps,,,,payload_communication,payload_thermal_strap,false,true,"Review whether this is a unique physical item, shared component or separate installation instance."
component_candidate:payload_communication_payload_radio_payload_modem_board,component_candidate,generated_needs_review,generated_model,payload modem board,payload modem board is an architecture-derived component candidate with quantity 1 candidate.,model:scratch_universal_architecture.haps,,,,payload_communication,payload_modem_board,false,true,"Review whether this is a unique physical item, shared component or separate installation instance."
component_candidate:payload_communication_payload_radio_payload_processor_module,component_candidate,generated_needs_review,generated_model,payload processor module,payload processor module is an architecture-derived component candidate with quantity 1 candidate.,model:scratch_universal_architecture.haps,,,,payload_communication,payload_processor_module,false,true,"Review whether this is a unique physical item, shared component or separate installation instance."
component_candidate:payload_communication_payload_radio_payload_rf_power_amplifier,component_candidate,generated_needs_review,generated_model,payload RF power amplifier,payload RF power amplifier is an architecture-derived component candidate with quantity 1 candidate.,model:scratch_universal_architecture.haps,,,,payload_communication,payload_rf_power_amplifier,false,true,"Review whether this is a unique physical item, shared component or separate installation instance."
component_candidate:power_distribution_load_shed_protection_brownout_supervisor,component_candidate,generated_needs_review,generated_model,brownout supervisor,brownout supervisor is an architecture-derived component candidate with quantity 1 candidate.,model:scratch_universal_architecture.haps,,,,power_distribution,brownout_supervisor,false,true,"Review whether this is a unique physical item, shared component or separate installation instance."
component_candidate:power_distribution_load_shed_protection_energy_priority_controller,component_candidate,generated_needs_review,generated_model,energy priority controller,energy priority controller is an architecture-derived component candidate with quantity 1 candidate.,model:scratch_universal_architecture.haps,,,,power_distribution,energy_priority_controller,false,true,"Review whether this is a unique physical item, shared component or separate installation instance."
component_candidate:power_distribution_load_shed_protection_fault_latch_indicator,component_candidate,generated_needs_review,generated_model,fault latch indicator,fault latch indicator is an architecture-derived component candidate with quantity 1 candidate.,model:scratch_universal_architecture.haps,,,,power_distribution,fault_latch_indicator,false,true,"Review whether this is a unique physical item, shared component or separate installation instance."
component_candidate:power_distribution_load_shed_protection_load_shed_relay_set,component_candidate,generated_needs_review,generated_model,load shed relay set,load shed relay set is an architecture-derived component candidate with quantity 1 candidate.,model:scratch_universal_architecture.haps,,,,power_distribution,load_shed_relay_set,false,true,"Review whether this is a unique physical item, shared component or separate installation instance."
component_candidate:power_distribution_low_voltage_distribution_avionics_dc_converter,component_candidate,generated_needs_review,generated_model,avionics DC converter,avionics DC converter is an architecture-derived component candidate with quantity 1 candidate.,model:scratch_universal_architecture.haps,,,,power_distribution,avionics_dc_converter,false,true,"Review whether this is a unique physical item, shared component or separate installation instance."
component_candidate:power_distribution_low_voltage_distribution_communications_dc_converter,component_candidate,generated_needs_review,generated_model,communications DC converter,communications DC converter is an architecture-derived component candidate with quantity 1 candidate.,model:scratch_universal_architecture.haps,,,,power_distribution,communications_dc_converter,false,true,"Review whether this is a unique physical item, shared component or separate installation instance."
component_candidate:power_distribution_low_voltage_distribution_low_voltage_harness_loom,component_candidate,generated_needs_review,generated_model,low-voltage harness loom,low-voltage harness loom is an architecture-derived component candidate with quantity 1 candidate.,model:scratch_universal_architecture.haps,,,,power_distribution,low_voltage_harness_loom,false,true,"Review whether this is a unique physical item, shared component or separate installation instance."
component_candidate:power_distribution_low_voltage_distribution_servo_power_rail,component_candidate,generated_needs_review,generated_model,servo power rail,servo power rail is an architecture-derived component candidate with quantity 1 candidate.,model:scratch_universal_architecture.haps,,,,power_distribution,servo_power_rail,false,true,"Review whether this is a unique physical item, shared component or separate installation instance."
component_candidate:power_distribution_solar_battery_power_management_main_dc_bus_board,component_candidate,generated_needs_review,generated_model,main DC bus board,main DC bus board is an architecture-derived component candidate with quantity 1 candidate.,model:scratch_universal_architecture.haps,,,,power_distribution,main_dc_bus_board,false,true,"Review whether this is a unique physical item, shared component or separate installation instance."
component_candidate:power_distribution_solar_battery_power_management_payload_power_switch,component_candidate,generated_needs_review,generated_model,payload power switch,payload power switch is an architecture-derived component candidate with quantity 1 candidate.,model:scratch_universal_architecture.haps,,,,power_distribution,payload_power_switch,false,true,"Review whether this is a unique physical item, shared component or separate installation instance."
component_candidate:power_distribution_solar_battery_power_management_propulsion_bus_fuse_set,component_candidate,generated_needs_review,generated_model,propulsion bus fuse set,propulsion bus fuse set is an architecture-derived component candidate with quantity 1 candidate.,model:scratch_universal_architecture.haps,,,,power_distribution,propulsion_bus_fuse_set,false,true,"Review whether this is a unique physical item, shared component or separate installation instance."
component_candidate:power_distribution_solar_battery_power_management_solar_battery_charge_controller,component_candidate,generated_needs_review,generated_model,solar battery charge controller,solar battery charge controller is an architecture-derived component candidate with quantity 1 candidate.,model:scratch_universal_architecture.haps,,,endurance_days,power_distribution,solar_battery_charge_controller,false,true,"Review whether this is a unique physical item, shared component or separate installation instance."
component_candidate:safety_protection_abort_recovery_parachute_deployment_controller,component_candidate,generated_needs_review,generated_model,parachute deployment controller,parachute deployment controller is an architecture-derived component candidate with quantity 1 candidate.,model:scratch_universal_architecture.haps,,,,safety_protection,parachute_deployment_controller,false,true,"Review whether this is a unique physical item, shared component or separate installation instance."
component_candidate:safety_protection_abort_recovery_recovery_beacon,component_candidate,generated_needs_review,generated_model,recovery beacon,recovery beacon is an architecture-derived component candidate with quantity 1 candidate.,model:scratch_universal_architecture.haps,,,,safety_protection,recovery_beacon,false,true,"Review whether this is a unique physical item, shared component or separate installation instance."
component_candidate:safety_protection_abort_recovery_safe_descent_mode_logic,component_candidate,generated_needs_review,generated_model,safe descent mode logic,safe descent mode logic is an architecture-derived component candidate with quantity 1 candidate.,model:scratch_universal_architecture.haps,,,,safety_protection,safe_descent_mode_logic,false,true,"Review whether this is a unique physical item, shared component or separate installation instance."
component_candidate:safety_protection_airspace_safety_airspace_transponder_module,component_candidate,generated_needs_review,generated_model,airspace transponder module,airspace transponder module is an architecture-derived component candidate with quantity 1 candidate.,model:scratch_universal_architecture.haps,,,,safety_protection,airspace_transponder_module,false,true,"Review whether this is a unique physical item, shared component or separate installation instance."
component_candidate:safety_protection_airspace_safety_flight_termination_relay,component_candidate,generated_needs_review,generated_model,flight termination relay,flight termination relay is an architecture-derived component candidate with quantity 1 candidate.,model:scratch_universal_architecture.haps,,,,safety_protection,flight_termination_relay,false,true,"Review whether this is a unique physical item, shared component or separate installation instance."
component_candidate:safety_protection_airspace_safety_geofence_database,component_candidate,generated_needs_review,generated_model,geofence database,geofence database is an architecture-derived component candidate with quantity 1 candidate.,model:scratch_universal_architecture.haps,,,,safety_protection,geofence_database,false,true,"Review whether this is a unique physical item, shared component or separate installation instance."
component_candidate:safety_protection_airspace_safety_lost_link_failsafe,component_candidate,generated_needs_review,generated_model,lost-link failsafe,lost-link failsafe is an architecture-derived component candidate with quantity 1 candidate.,model:scratch_universal_architecture.haps,,,,safety_protection,lost_link_failsafe,false,true,"Review whether this is a unique physical item, shared component or separate installation instance."
component_candidate:safety_protection_ground_handling_safety_battery_handling_placard,component_candidate,generated_needs_review,generated_model,battery handling placard,battery handling placard is an architecture-derived component candidate with quantity 1 candidate.,model:scratch_universal_architecture.haps,,,,safety_protection,battery_handling_placard,false,true,"Review whether this is a unique physical item, shared component or separate installation instance."
component_candidate:safety_protection_ground_handling_safety_launch_arming_interlock,component_candidate,generated_needs_review,generated_model,launch arming interlock,launch arming interlock is an architecture-derived component candidate with quantity 1 candidate.,model:scratch_universal_architecture.haps,,,,safety_protection,launch_arming_interlock,false,true,"Review whether this is a unique physical item, shared component or separate installation instance."
component_candidate:safety_protection_ground_handling_safety_propulsion_safety_pin_set,component_candidate,generated_needs_review,generated_model,propulsion safety pin set,propulsion safety pin set is an architecture-derived component candidate with quantity 1 candidate.,model:scratch_universal_architecture.haps,,,,safety_protection,propulsion_safety_pin_set,false,true,"Review whether this is a unique physical item, shared component or separate installation instance."
component_candidate:safety_protection_ground_handling_safety_recovery_inspection_checklist,component_candidate,generated_needs_review,generated_model,recovery inspection checklist,recovery inspection checklist is an architecture-derived component candidate with quantity 1 candidate.,model:scratch_universal_architecture.haps,,,,safety_protection,recovery_inspection_checklist,false,true,"Review whether this is a unique physical item, shared component or separate installation instance."
component_candidate:sensing_instrumentation_airdata_weather_sensors_humidity_frost_sensor,component_candidate,generated_needs_review,generated_model,humidity frost sensor,humidity frost sensor is an architecture-derived component candidate with quantity 1 candidate.,model:scratch_universal_architecture.haps,,,,sensing_instrumentation,humidity_frost_sensor,false,true,"Review whether this is a unique physical item, shared component or separate installation instance."
component_candidate:sensing_instrumentation_airdata_weather_sensors_outside_air_temperature_probe,component_candidate,generated_needs_review,generated_model,outside air temperature probe,outside air temperature probe is an architecture-derived component candidate with quantity 1 candidate.,model:scratch_universal_architecture.haps,,,,sensing_instrumentation,outside_air_temperature_probe,false,true,"Review whether this is a unique physical item, shared component or separate installation instance."
component_candidate:sensing_instrumentation_airdata_weather_sensors_pitot_static_probe,component_candidate,generated_needs_review,generated_model,pitot static probe,pitot static probe is an architecture-derived component candidate with quantity 1 candidate.,model:scratch_universal_architecture.haps,,,,sensing_instrumentation,pitot_static_probe,false,true,"Review whether this is a unique physical item, shared component or separate installation instance."
component_candidate:sensing_instrumentation_airdata_weather_sensors_wind_estimation_filter,component_candidate,generated_needs_review,generated_model,wind estimation filter,wind estimation filter is an architecture-derived component candidate with quantity 1 candidate.,model:scratch_universal_architecture.haps,,,,sensing_instrumentation,wind_estimation_filter,false,true,"Review whether this is a unique physical item, shared component or separate installation instance."
component_candidate:sensing_instrumentation_navigation_suite_barometric_altitude_sensor,component_candidate,generated_needs_review,generated_model,barometric altitude sensor,barometric altitude sensor is an architecture-derived component candidate with quantity 1 candidate.,model:scratch_universal_architecture.haps,,,,sensing_instrumentation,barometric_altitude_sensor,false,true,"Review whether this is a unique physical item, shared component or separate installation instance."
component_candidate:sensing_instrumentation_navigation_suite_precision_timebase_module,component_candidate,generated_needs_review,generated_model,precision timebase module,precision timebase module is an architecture-derived component candidate with quantity 1 candidate.,model:scratch_universal_architecture.haps,,,,sensing_instrumentation,precision_timebase_module,false,true,"Review whether this is a unique physical item, shared component or separate installation instance."
component_candidate:sensing_instrumentation_navigation_suite_sun_sensor_pair,component_candidate,generated_needs_review,generated_model,sun sensor pair,sun sensor pair is an architecture-derived component candidate with quantity 1 candidate.,model:scratch_universal_architecture.haps,,,,sensing_instrumentation,sun_sensor_pair,false,true,"Review whether this is a unique physical item, shared component or separate installation instance."
component_candidate:sensing_instrumentation_structural_health_sensing_spar_temperature_sensor,component_candidate,generated_needs_review,generated_model,spar temperature sensor,spar temperature sensor is an architecture-derived component candidate with quantity 1 candidate.,model:scratch_universal_architecture.haps,,,,sensing_instrumentation,spar_temperature_sensor,false,true,"Review whether this is a unique physical item, shared component or separate installation instance."
component_candidate:sensing_instrumentation_structural_health_sensing_structural_health_recorder,component_candidate,generated_needs_review,generated_model,structural health recorder,structural health recorder is an architecture-derived component candidate with quantity 1 candidate.,model:scratch_universal_architecture.haps,,,,sensing_instrumentation,structural_health_recorder,false,true,"Review whether this is a unique physical item, shared component or separate installation instance."
component_candidate:sensing_instrumentation_structural_health_sensing_vibration_accelerometer,component_candidate,generated_needs_review,generated_model,vibration accelerometer,vibration accelerometer is an architecture-derived component candidate with quantity 1 candidate.,model:scratch_universal_architecture.haps,,,,sensing_instrumentation,vibration_accelerometer,false,true,"Review whether this is a unique physical item, shared component or separate installation instance."
component_candidate:sensing_instrumentation_structural_health_sensing_wing_strain_gauge_strip,component_candidate,generated_needs_review,generated_model,wing strain gauge strip,wing strain gauge strip is an architecture-derived component candidate with quantity 1 candidate.,model:scratch_universal_architecture.haps,,,,sensing_instrumentation,wing_strain_gauge_strip,false,true,"Review whether this is a unique physical item, shared component or separate installation instance."
component_candidate:structure_containment_payload_bay_structure_access_panel_latch_set,component_candidate,generated_needs_review,generated_model,access panel latch set,access panel latch set is an architecture-derived component candidate with quantity 1 candidate.,model:scratch_universal_architecture.haps,,,,structure_containment,access_panel_latch_set,false,true,"Review whether this is a unique physical item, shared component or separate installation instance."
component_candidate:structure_containment_payload_bay_structure_avionics_tray,component_candidate,generated_needs_review,generated_model,avionics tray,avionics tray is an architecture-derived component candidate with quantity 1 candidate.,model:scratch_universal_architecture.haps,,,,structure_containment,avionics_tray,false,true,"Review whether this is a unique physical item, shared component or separate installation instance."
component_candidate:structure_containment_payload_bay_structure_mass_balance_bracket,component_candidate,generated_needs_review,generated_model,mass balance bracket,mass balance bracket is an architecture-derived component candidate with quantity 1 candidate.,model:scratch_universal_architecture.haps,,,,structure_containment,mass_balance_bracket,false,true,"Review whether this is a unique physical item, shared component or separate installation instance."
component_candidate:structure_containment_payload_bay_structure_payload_bay_frame,component_candidate,generated_needs_review,generated_model,payload bay frame,payload bay frame is an architecture-derived component candidate with quantity 1 candidate.,model:scratch_universal_architecture.haps,,,,structure_containment,payload_bay_frame,false,true,"Review whether this is a unique physical item, shared component or separate installation instance."
component_candidate:structure_containment_tail_control_structure_control_hinge_set,component_candidate,generated_needs_review,generated_model,control hinge set,control hinge set is an architecture-derived component candidate with quantity 1 candidate.,model:scratch_universal_architecture.haps,,,,structure_containment,control_hinge_set,false,true,"Review whether this is a unique physical item, shared component or separate installation instance."
component_candidate:structure_containment_tail_control_structure_elevator_surface,component_candidate,generated_needs_review,generated_model,elevator surface,elevator surface is an architecture-derived component candidate with quantity 1 candidate.,model:scratch_universal_architecture.haps,,,,structure_containment,elevator_surface,false,true,"Review whether this is a unique physical item, shared component or separate installation instance."
component_candidate:structure_containment_tail_control_structure_rudder_surface,component_candidate,generated_needs_review,generated_model,rudder surface,rudder surface is an architecture-derived component candidate with quantity 1 candidate.,model:scratch_universal_architecture.haps,,,,structure_containment,rudder_surface,false,true,"Review whether this is a unique physical item, shared component or separate installation instance."
component_candidate:structure_containment_tail_control_structure_tail_boom_assembly,component_candidate,generated_needs_review,generated_model,tail boom assembly,tail boom assembly is an architecture-derived component candidate with quantity 1 candidate.,model:scratch_universal_architecture.haps,,,,structure_containment,tail_boom_assembly,false,true,"Review whether this is a unique physical item, shared component or separate installation instance."
component_candidate:structure_containment_wing_primary_structure_carbon_spar_cap_set,component_candidate,generated_needs_review,generated_model,carbon spar cap set,carbon spar cap set is an architecture-derived component candidate with quantity 1 candidate.,model:scratch_universal_architecture.haps,,,,structure_containment,carbon_spar_cap_set,false,true,"Review whether this is a unique physical item, shared component or separate installation instance."
component_candidate:structure_containment_wing_primary_structure_foam_rib_set,component_candidate,generated_needs_review,generated_model,foam rib set,foam rib set is an architecture-derived component candidate with quantity 1 candidate.,model:scratch_universal_architecture.haps,,,,structure_containment,foam_rib_set,false,true,"Review whether this is a unique physical item, shared component or separate installation instance."
component_candidate:structure_containment_wing_primary_structure_wing_joiner_sleeve,component_candidate,generated_needs_review,generated_model,wing joiner sleeve,wing joiner sleeve is an architecture-derived component candidate with quantity 1 candidate.,model:scratch_universal_architecture.haps,,,,structure_containment,wing_joiner_sleeve,false,true,"Review whether this is a unique physical item, shared component or separate installation instance."
module_allocation:actuation_kinematics,module_allocation,generated_needs_review,generated_model,Propulsion And Control Surfaces,Propulsion And Control Surfaces is a top-level functional module: Generates efficient station-keeping thrust and aerodynamic trim in thin stratospheric air.,,,,wingspan_m; endurance_days,actuation_kinematics,electric_propulsion_pod; high_altitude_propeller_set; motor_controller_module; propulsion_pod_fairing; low_temperature_servo_actuator; control_linkage_rod_set; surface_position_sensor; servo_heater_trace; trim_schedule_table; gust_load_estimator; airspeed_setpoint_manager; propulsion_calibration_record,false,true,"Accept, correct or reject the module allocation through engineering review."
module_allocation:control_compute_communication,module_allocation,generated_needs_review,generated_model,Autonomy Control Communication,"Autonomy Control Communication is a top-level functional module: Runs autonomous station keeping, energy management, payload coordination and ground command links.",,,,endurance_days; altitude_km,control_compute_communication,flight_control_computer; autopilot_io_board; flight_software_image; watchdog_supervisor; ground_control_link; telemetry_transceiver; command_authentication_module; mission_log_recorder; solar_forecast_model; wind_field_route_planner; payload_duty_cycle_controller; return_corridor_manager,false,true,"Accept, correct or reject the module allocation through engineering review."
module_allocation:energy_harvesting,module_allocation,generated_needs_review,generated_model,Solar Energy Harvesting,Solar Energy Harvesting is a top-level functional module: Converts daytime stratospheric sunlight into regulated electrical energy.,,,,wingspan_m; endurance_days,energy_harvesting,solar_cell_array; cell_interconnect_ribbon; transparent_encapsulation_film; solar_string_bypass_diode; mppt_power_tracker; solar_input_current_sensor; solar_voltage_tap_loom; mppt_heat_spreader; solar_string_monitor_board; uv_exposure_witness_coupon; wing_surface_temperature_sensor; solar_inspection_connector,false,true,"Accept, correct or reject the module allocation through engineering review."
module_allocation:energy_storage_source,module_allocation,generated_needs_review,generated_model,Night-Cycle Energy Storage,Night-Cycle Energy Storage is a top-level functional module: Stores enough solar energy for night operation during a 30 day station-keeping target.,,,,endurance_days,energy_storage_source,stratospheric_battery_pack; battery_management_board; lightweight_battery_enclosure; cell_heater_film; battery_insulation_sleeve; phase_change_thermal_buffer; battery_temperature_sensor_harness; battery_vent_path; coulomb_counter_module; reserve_energy_estimator; battery_isolation_contactor; night_cycle_test_connector,false,true,"Accept, correct or reject the module allocation through engineering review."
module_allocation:environmental_interface,module_allocation,generated_needs_review,generated_model,Stratospheric Environmental Interface,"Stratospheric Environmental Interface is a top-level functional module: Protects systems from low pressure, cold soak, UV exposure and thermal cycling near 20 km altitude.",,,,altitude_km,environmental_interface,thermal_insulation_blanket; multi_layer_insulation_patch; lightweight_thermal_strap; thermal_witness_label; uv_protective_film; leading_edge_erosion_tape; surface_contamination_wipe_kit; coating_inspection_marker; low_pressure_vent_path; conformal_coating_set; high_altitude_creepage_spacer; desiccant_cartridge,false,true,"Accept, correct or reject the module allocation through engineering review."
module_allocation:maintenance_serviceability,module_allocation,generated_needs_review,generated_model,Ground Handling Serviceability,"Ground Handling Serviceability is a top-level functional module: Supports wing assembly, launch preparation, payload checkout and recovery inspection.",,,,wingspan_m,maintenance_serviceability,wing_assembly_jig; spar_pin_torque_tool; solar_skin_protection_mat; assembly_witness_mark_set; launch_dolly_interface; wingtip_handling_fixture; recovery_cradle; ground_wind_limit_placard; payload_checkout_cable; rf_load_test_adapter; telemetry_ground_terminal; preflight_log_card,false,true,"Accept, correct or reject the module allocation through engineering review."
module_allocation:payload_communication,module_allocation,generated_needs_review,generated_model,Communications Payload,"Communications Payload is a top-level functional module: Provides relay or observation service payload with controlled power, RF and data interfaces.",,,,,payload_communication,stratospheric_communications_payload; payload_modem_board; payload_rf_power_amplifier; payload_processor_module; payload_antenna_array; antenna_ground_plane_film; antenna_feed_harness; beam_pointing_calibration_target; payload_isolation_mount; payload_thermal_strap; payload_access_hatch; payload_configuration_tag,false,true,"Accept, correct or reject the module allocation through engineering review."
module_allocation:power_distribution,module_allocation,generated_needs_review,generated_model,Flight Power Distribution,"Flight Power Distribution is a top-level functional module: Balances solar input, battery storage and protected load rails for propulsion, avionics and payload.",,,,endurance_days,power_distribution,solar_battery_charge_controller; main_dc_bus_board; payload_power_switch; propulsion_bus_fuse_set; avionics_dc_converter; servo_power_rail; communications_dc_converter; low_voltage_harness_loom; load_shed_relay_set; brownout_supervisor; energy_priority_controller; fault_latch_indicator,false,true,"Accept, correct or reject the module allocation through engineering review."
module_allocation:safety_protection,module_allocation,generated_needs_review,generated_model,Flight Safety And Recovery,"Flight Safety And Recovery is a top-level functional module: Protects airspace, ground risk and vehicle hardware during energy faults, lost-link and descent.",,,,altitude_km,safety_protection,recovery_parachute_system; parachute_deployment_controller; recovery_beacon; safe_descent_mode_logic; geofence_database; lost_link_failsafe; flight_termination_relay; airspace_transponder_module; launch_arming_interlock; propulsion_safety_pin_set; battery_handling_placard; recovery_inspection_checklist,false,true,"Accept, correct or reject the module allocation through engineering review."
module_allocation:sensing_instrumentation,module_allocation,generated_needs_review,generated_model,Navigation And Airdata Sensing,"Navigation And Airdata Sensing is a top-level functional module: Measures navigation, airdata, structural loads and energy state for closed-loop autonomy.",,,,altitude_km,sensing_instrumentation,gnss_ins_navigation_unit; barometric_altitude_sensor; sun_sensor_pair; precision_timebase_module; pitot_static_probe; outside_air_temperature_probe; wind_estimation_filter; humidity_frost_sensor; wing_strain_gauge_strip; spar_temperature_sensor; vibration_accelerometer; structural_health_recorder,false,true,"Accept, correct or reject the module allocation through engineering review."
module_allocation:structure_containment,module_allocation,generated_needs_review,generated_model,Ultra-Light Wing Structure,"Ultra-Light Wing Structure is a top-level functional module: Carries a roughly 35 m high-aspect-ratio wing, solar skin, propulsion pods and payload loads.",,,,wingspan_m,structure_containment,high_aspect_ratio_wing_structure; carbon_spar_cap_set; foam_rib_set; wing_joiner_sleeve; tail_boom_assembly; elevator_surface; rudder_surface; control_hinge_set; payload_bay_frame; avionics_tray; access_panel_latch_set; mass_balance_bracket,false,true,"Accept, correct or reject the module allocation through engineering review."
regulatory_standard:CAA-UAS-OPS,regulatory_standard,generated_needs_review,class_pack,CAA-UAS-OPS,CAA-UAS-OPS: High-altitude unmanned aircraft operational safety case is relevant in UK / aviation authority review.,class_pack:haps.class_pack,,,,,,false,true,"Airspace concept of operations, detect-and-avoid assumptions, command link and recovery evidence."
regulatory_standard:DO-160-ENV,regulatory_standard,generated_needs_review,class_pack,DO-160-ENV,DO-160-ENV: Airborne equipment environmental conditions is relevant in Aviation engineering reference.,class_pack:haps.class_pack,,,,,,false,true,"Temperature, vibration, electrical power and EMC environmental evidence tailored to stratospheric operation."
regulatory_standard:SOLAR-ENERGY-BALANCE-REVIEW,regulatory_standard,generated_needs_review,class_pack,SOLAR-ENERGY-BALANCE-REVIEW,SOLAR-ENERGY-BALANCE-REVIEW: Solar day/night energy balance review is relevant in Project engineering gate.,class_pack:haps.class_pack,,,,,,false,true,"Solar collection, battery night-cycle, propulsion load and station-keeping wind model evidence."
risk_hazard:1,risk_hazard,generated_needs_review,class_pack,Energy-negative overnight operation,"Energy-negative overnight operation has provisional RPN 200 with mitigation: Solar/battery energy balance, night-cycle reserve and wind-aware station-keeping plan.",,,,,,,false,true,"Review severity, occurrence, detection and mitigation with a domain reviewer before publication."
risk_hazard:2,risk_hazard,generated_needs_review,class_pack,Wing structural failure in gust or launch handling,"Wing structural failure in gust or launch handling has provisional RPN 135 with mitigation: Aeroelastic analysis, ground load test and launch/recovery handling limits.",,,,,,,false,true,"Review severity, occurrence, detection and mitigation with a domain reviewer before publication."
risk_hazard:3,risk_hazard,generated_needs_review,class_pack,Lost command link or uncontrolled descent,"Lost command link or uncontrolled descent has provisional RPN 120 with mitigation: Redundant telemetry, autonomous return/loiter logic, geofence and recovery parachute.",,,,,,,false,true,"Review severity, occurrence, detection and mitigation with a domain reviewer before publication."
submodule_allocation:actuation_kinematics:control_surface_actuation,submodule_allocation,generated_needs_review,generated_model,Propulsion And Control Surfaces / Control surface actuation,Control surface actuation is allocated under Propulsion And Control Surfaces: Moves trim surfaces with low power and reliable feedback.,,,,wingspan_m; endurance_days,actuation_kinematics,low_temperature_servo_actuator; control_linkage_rod_set; surface_position_sensor; servo_heater_trace,false,true,Review component candidates and interface carriers for this submodule.
submodule_allocation:actuation_kinematics:electric_propulsion_pods,submodule_allocation,generated_needs_review,generated_model,Propulsion And Control Surfaces / Electric propulsion pods,Electric propulsion pods is allocated under Propulsion And Control Surfaces: Provides distributed propulsive thrust along the wing.,,,,wingspan_m; endurance_days,actuation_kinematics,electric_propulsion_pod; high_altitude_propeller_set; motor_controller_module; propulsion_pod_fairing,false,true,Review component candidates and interface carriers for this submodule.
submodule_allocation:actuation_kinematics:station_keeping_trim,submodule_allocation,generated_needs_review,generated_model,Propulsion And Control Surfaces / Station-keeping trim,Station-keeping trim is allocated under Propulsion And Control Surfaces: Supports efficient loiter in variable stratospheric winds.,,,,wingspan_m; endurance_days,actuation_kinematics,trim_schedule_table; gust_load_estimator; airspeed_setpoint_manager; propulsion_calibration_record,false,true,Review component candidates and interface carriers for this submodule.
submodule_allocation:control_compute_communication:energy_aware_autonomy,submodule_allocation,generated_needs_review,generated_model,Autonomy Control Communication / Energy-aware autonomy,"Energy-aware autonomy is allocated under Autonomy Control Communication: Coordinates route, payload duty cycle and energy reserve.",,,,endurance_days; altitude_km,control_compute_communication,solar_forecast_model; wind_field_route_planner; payload_duty_cycle_controller; return_corridor_manager,false,true,Review component candidates and interface carriers for this submodule.
submodule_allocation:control_compute_communication:flight_control_computer,submodule_allocation,generated_needs_review,generated_model,Autonomy Control Communication / Flight control computer,"Flight control computer is allocated under Autonomy Control Communication: Executes flight stabilisation, energy-aware routing and station keeping.",,,,endurance_days; altitude_km,control_compute_communication,flight_control_computer; autopilot_io_board; flight_software_image; watchdog_supervisor,false,true,Review component candidates and interface carriers for this submodule.
submodule_allocation:control_compute_communication:ground_command_link,submodule_allocation,generated_needs_review,generated_model,Autonomy Control Communication / Ground command link,"Ground command link is allocated under Autonomy Control Communication: Maintains command, telemetry and mission supervision.",,,,endurance_days; altitude_km,control_compute_communication,ground_control_link; telemetry_transceiver; command_authentication_module; mission_log_recorder,false,true,Review component candidates and interface carriers for this submodule.
submodule_allocation:energy_harvesting:mppt_conversion,submodule_allocation,generated_needs_review,generated_model,Solar Energy Harvesting / MPPT conversion,MPPT conversion is allocated under Solar Energy Harvesting: Tracks photovoltaic maximum power and feeds the flight DC bus.,,,,wingspan_m; endurance_days,energy_harvesting,mppt_power_tracker; solar_input_current_sensor; solar_voltage_tap_loom; mppt_heat_spreader,false,true,Review component candidates and interface carriers for this submodule.
submodule_allocation:energy_harvesting:solar_health_monitoring,submodule_allocation,generated_needs_review,generated_model,Solar Energy Harvesting / Solar health monitoring,Solar health monitoring is allocated under Solar Energy Harvesting: Detects string degradation and weathering across long endurance missions.,,,,wingspan_m; endurance_days,energy_harvesting,solar_string_monitor_board; uv_exposure_witness_coupon; wing_surface_temperature_sensor; solar_inspection_connector,false,true,Review component candidates and interface carriers for this submodule.
submodule_allocation:energy_harvesting:solar_skin_array,submodule_allocation,generated_needs_review,generated_model,Solar Energy Harvesting / Solar skin array,Solar skin array is allocated under Solar Energy Harvesting: Distributes photovoltaic cells over wing surfaces.,,,,wingspan_m; endurance_days,energy_harvesting,solar_cell_array; cell_interconnect_ribbon; transparent_encapsulation_film; solar_string_bypass_diode,false,true,Review component candidates and interface carriers for this submodule.
submodule_allocation:energy_storage_source:battery_thermal_zone,submodule_allocation,generated_needs_review,generated_model,Night-Cycle Energy Storage / Battery thermal zone,"Battery thermal zone is allocated under Night-Cycle Energy Storage: Protects battery capacity in low-pressure, cold stratospheric conditions.",,,,endurance_days,energy_storage_source,battery_insulation_sleeve; phase_change_thermal_buffer; battery_temperature_sensor_harness; battery_vent_path,false,true,Review component candidates and interface carriers for this submodule.
submodule_allocation:energy_storage_source:energy_reserve_monitoring,submodule_allocation,generated_needs_review,generated_model,Night-Cycle Energy Storage / Energy reserve monitoring,Energy reserve monitoring is allocated under Night-Cycle Energy Storage: Tracks day/night balance and mission abort reserve.,,,,endurance_days,energy_storage_source,coulomb_counter_module; reserve_energy_estimator; battery_isolation_contactor; night_cycle_test_connector,false,true,Review component candidates and interface carriers for this submodule.
submodule_allocation:energy_storage_source:stratospheric_battery_pack,submodule_allocation,generated_needs_review,generated_model,Night-Cycle Energy Storage / Stratospheric battery pack,Stratospheric battery pack is allocated under Night-Cycle Energy Storage: Stores night-cycle and transient propulsion energy.,,,,endurance_days,energy_storage_source,stratospheric_battery_pack; battery_management_board; lightweight_battery_enclosure; cell_heater_film,false,true,Review component candidates and interface carriers for this submodule.
submodule_allocation:environmental_interface:low_pressure_management,submodule_allocation,generated_needs_review,generated_model,Stratospheric Environmental Interface / Low-pressure electronics management,Low-pressure electronics management is allocated under Stratospheric Environmental Interface: Accounts for low pressure cooling and electrical spacing.,,,,altitude_km,environmental_interface,low_pressure_vent_path; conformal_coating_set; high_altitude_creepage_spacer; desiccant_cartridge,false,true,Review component candidates and interface carriers for this submodule.
submodule_allocation:environmental_interface:thermal_protection,submodule_allocation,generated_needs_review,generated_model,Stratospheric Environmental Interface / Thermal protection,"Thermal protection is allocated under Stratospheric Environmental Interface: Controls cold-soak and daytime heating across batteries, avionics and payload.",,,,altitude_km,environmental_interface,thermal_insulation_blanket; multi_layer_insulation_patch; lightweight_thermal_strap; thermal_witness_label,false,true,Review component candidates and interface carriers for this submodule.
submodule_allocation:environmental_interface:uv_surface_protection,submodule_allocation,generated_needs_review,generated_model,Stratospheric Environmental Interface / UV and surface protection,"UV and surface protection is allocated under Stratospheric Environmental Interface: Protects solar skin and airframe surface from UV, ozone and abrasion.",,,,altitude_km,environmental_interface,uv_protective_film; leading_edge_erosion_tape; surface_contamination_wipe_kit; coating_inspection_marker,false,true,Review component candidates and interface carriers for this submodule.
submodule_allocation:maintenance_serviceability:launch_recovery_equipment,submodule_allocation,generated_needs_review,generated_model,Ground Handling Serviceability / Launch and recovery equipment,Launch and recovery equipment is allocated under Ground Handling Serviceability: Supports low-speed launch and controlled recovery handling.,,,,wingspan_m,maintenance_serviceability,launch_dolly_interface; wingtip_handling_fixture; recovery_cradle; ground_wind_limit_placard,false,true,Review component candidates and interface carriers for this submodule.
submodule_allocation:maintenance_serviceability:payload_checkout,submodule_allocation,generated_needs_review,generated_model,Ground Handling Serviceability / Payload checkout,Payload checkout is allocated under Ground Handling Serviceability: Verifies communications payload and telemetry before launch.,,,,wingspan_m,maintenance_serviceability,payload_checkout_cable; rf_load_test_adapter; telemetry_ground_terminal; preflight_log_card,false,true,Review component candidates and interface carriers for this submodule.
submodule_allocation:maintenance_serviceability:wing_assembly_service,submodule_allocation,generated_needs_review,generated_model,Ground Handling Serviceability / Wing assembly service,Wing assembly service is allocated under Ground Handling Serviceability: Makes distributed wing sections inspectable and assembled repeatably.,,,,wingspan_m,maintenance_serviceability,wing_assembly_jig; spar_pin_torque_tool; solar_skin_protection_mat; assembly_witness_mark_set,false,true,Review component candidates and interface carriers for this submodule.
submodule_allocation:payload_communication:antenna_aperture,submodule_allocation,generated_needs_review,generated_model,Communications Payload / Antenna aperture,Antenna aperture is allocated under Communications Payload: Provides RF aperture and beam orientation support.,,,,,payload_communication,payload_antenna_array; antenna_ground_plane_film; antenna_feed_harness; beam_pointing_calibration_target,false,true,Review component candidates and interface carriers for this submodule.
submodule_allocation:payload_communication:payload_integration,submodule_allocation,generated_needs_review,generated_model,Communications Payload / Payload integration,"Payload integration is allocated under Communications Payload: Controls payload mounting, thermal coupling and service access.",,,,,payload_communication,payload_isolation_mount; payload_thermal_strap; payload_access_hatch; payload_configuration_tag,false,true,Review component candidates and interface carriers for this submodule.
submodule_allocation:payload_communication:payload_radio,submodule_allocation,generated_needs_review,generated_model,Communications Payload / Payload radio,Payload radio is allocated under Communications Payload: Carries communications relay payload electronics.,,,,,payload_communication,stratospheric_communications_payload; payload_modem_board; payload_rf_power_amplifier; payload_processor_module,false,true,Review component candidates and interface carriers for this submodule.
submodule_allocation:power_distribution:load_shed_protection,submodule_allocation,generated_needs_review,generated_model,Flight Power Distribution / Load-shed protection,Load-shed protection is allocated under Flight Power Distribution: Protects mission reserve during energy-negative conditions.,,,,endurance_days,power_distribution,load_shed_relay_set; brownout_supervisor; energy_priority_controller; fault_latch_indicator,false,true,Review component candidates and interface carriers for this submodule.
submodule_allocation:power_distribution:low_voltage_distribution,submodule_allocation,generated_needs_review,generated_model,Flight Power Distribution / Low-voltage distribution,"Low-voltage distribution is allocated under Flight Power Distribution: Feeds avionics, sensors, servos and communications loads.",,,,endurance_days,power_distribution,avionics_dc_converter; servo_power_rail; communications_dc_converter; low_voltage_harness_loom,false,true,Review component candidates and interface carriers for this submodule.
submodule_allocation:power_distribution:solar_battery_power_management,submodule_allocation,generated_needs_review,generated_model,Flight Power Distribution / Solar and battery power management,Solar and battery power management is allocated under Flight Power Distribution: Combines harvested and stored energy into mission load rails.,,,,endurance_days,power_distribution,solar_battery_charge_controller; main_dc_bus_board; payload_power_switch; propulsion_bus_fuse_set,false,true,Review component candidates and interface carriers for this submodule.
submodule_allocation:safety_protection:abort_recovery,submodule_allocation,generated_needs_review,generated_model,Flight Safety And Recovery / Abort and recovery,Abort and recovery is allocated under Flight Safety And Recovery: Provides controlled descent and recovery location after mission abort.,,,,altitude_km,safety_protection,recovery_parachute_system; parachute_deployment_controller; recovery_beacon; safe_descent_mode_logic,false,true,Review component candidates and interface carriers for this submodule.
submodule_allocation:safety_protection:airspace_safety,submodule_allocation,generated_needs_review,generated_model,Flight Safety And Recovery / Airspace safety,"Airspace safety is allocated under Flight Safety And Recovery: Maintains geofence, lost-link and flight termination policies.",,,,altitude_km,safety_protection,geofence_database; lost_link_failsafe; flight_termination_relay; airspace_transponder_module,false,true,Review component candidates and interface carriers for this submodule.
submodule_allocation:safety_protection:ground_handling_safety,submodule_allocation,generated_needs_review,generated_model,Flight Safety And Recovery / Ground handling safety,"Ground handling safety is allocated under Flight Safety And Recovery: Controls launch, recovery and battery handling hazards.",,,,altitude_km,safety_protection,launch_arming_interlock; propulsion_safety_pin_set; battery_handling_placard; recovery_inspection_checklist,false,true,Review component candidates and interface carriers for this submodule.
submodule_allocation:sensing_instrumentation:airdata_weather_sensors,submodule_allocation,generated_needs_review,generated_model,Navigation And Airdata Sensing / Airdata and weather sensors,Airdata and weather sensors is allocated under Navigation And Airdata Sensing: Measures local atmosphere and flight condition.,,,,altitude_km,sensing_instrumentation,pitot_static_probe; outside_air_temperature_probe; wind_estimation_filter; humidity_frost_sensor,false,true,Review component candidates and interface carriers for this submodule.
submodule_allocation:sensing_instrumentation:navigation_suite,submodule_allocation,generated_needs_review,generated_model,Navigation And Airdata Sensing / Navigation suite,"Navigation suite is allocated under Navigation And Airdata Sensing: Provides position, attitude and timing references.",,,,altitude_km,sensing_instrumentation,gnss_ins_navigation_unit; barometric_altitude_sensor; sun_sensor_pair; precision_timebase_module,false,true,Review component candidates and interface carriers for this submodule.
submodule_allocation:sensing_instrumentation:structural_health_sensing,submodule_allocation,generated_needs_review,generated_model,Navigation And Airdata Sensing / Structural health sensing,Structural health sensing is allocated under Navigation And Airdata Sensing: Tracks load and deformation over long-span flight.,,,,altitude_km,sensing_instrumentation,wing_strain_gauge_strip; spar_temperature_sensor; vibration_accelerometer; structural_health_recorder,false,true,Review component candidates and interface carriers for this submodule.
submodule_allocation:structure_containment:payload_bay_structure,submodule_allocation,generated_needs_review,generated_model,Ultra-Light Wing Structure / Payload bay structure,"Payload bay structure is allocated under Ultra-Light Wing Structure: Supports payload, avionics and access panels while preserving aerodynamic form.",,,,wingspan_m,structure_containment,payload_bay_frame; avionics_tray; access_panel_latch_set; mass_balance_bracket,false,true,Review component candidates and interface carriers for this submodule.
submodule_allocation:structure_containment:tail_control_structure,submodule_allocation,generated_needs_review,generated_model,Ultra-Light Wing Structure / Tail and control structure,Tail and control structure is allocated under Ultra-Light Wing Structure: Provides static stability and trim surfaces.,,,,wingspan_m,structure_containment,tail_boom_assembly; elevator_surface; rudder_surface; control_hinge_set,false,true,Review component candidates and interface carriers for this submodule.
submodule_allocation:structure_containment:wing_primary_structure,submodule_allocation,generated_needs_review,generated_model,Ultra-Light Wing Structure / Wing primary structure,Wing primary structure is allocated under Ultra-Light Wing Structure: Provides the long-span lift structure and distributed payload mounting.,,,,wingspan_m,structure_containment,high_aspect_ratio_wing_structure; carbon_spar_cap_set; foam_rib_set; wing_joiner_sleeve,false,true,Review component candidates and interface carriers for this submodule.
engineering_calculation:haps_altitude_ft,engineering_calculation,calculated_needs_review,calculation,HAPS altitude conversion,"HAPS altitude conversion: 65616.8 ft using altitude_km * 3,280.84.",,,,altitude_km,environmental_interface; sensing_instrumentation; control_compute_communication; safety_protection,thermal_insulation_blanket; gnss_ins_navigation_unit; flight_control_computer; recovery_parachute_system,false,false,"Confirm operating altitude, airspace permissions, atmospheric density, thermal envelope and wind model."
engineering_calculation:haps_endurance_hours,engineering_calculation,calculated_needs_review,calculation,HAPS endurance hours,HAPS endurance hours: 720 h using endurance_days * 24.,,,,endurance_days,energy_harvesting; energy_storage_source; power_distribution; actuation_kinematics; control_compute_communication,solar_cell_array; stratospheric_battery_pack; solar_battery_charge_controller; electric_propulsion_pod; flight_control_computer,false,true,"Confirm solar resource, battery reserve, wind field, degradation, payload power and recovery plan."
engineering_calculation:haps_wingspan_to_altitude_ratio,engineering_calculation,calculated_needs_review,calculation,HAPS wingspan-to-altitude marker,HAPS wingspan-to-altitude marker: 1.75 m/km using wingspan_m / altitude_km.,,,,wingspan_m; altitude_km,structure_containment; energy_harvesting; actuation_kinematics; maintenance_serviceability; environmental_interface; sensing_instrumentation; control_compute_communication; safety_protection,high_aspect_ratio_wing_structure; solar_cell_array; electric_propulsion_pod; wing_assembly_jig; thermal_insulation_blanket; gnss_ins_navigation_unit; flight_control_computer; recovery_parachute_system,false,true,"Confirm wing area, mass budget, airfoil, aeroelastic margin, launch loads and transport constraints."
headline_metric:headline_output,headline_metric,calculated_needs_review,calculation,Station-keeping endurance,Station-keeping endurance = 30 days.,class_pack:haps.class_pack; formula:endurance_days,,,endurance_days,,,false,true,"Review the formula, input values and operating envelope before treating this metric as accepted."
brief_requirement:altitude_km,brief_requirement,brief_supplied,brief,Operating altitude,Operating altitude = 20 km.,brief:input.brief,,,altitude_km,environmental_interface; sensing_instrumentation; control_compute_communication; safety_protection,thermal_insulation_blanket; gnss_ins_navigation_unit; flight_control_computer; recovery_parachute_system,false,false,"Confirm requirement value, tolerance and acceptance condition with the project owner."
brief_requirement:endurance_days,brief_requirement,brief_supplied,brief,Endurance,Endurance = 30 days.,brief:input.brief,,,endurance_days,energy_harvesting; energy_storage_source; power_distribution; actuation_kinematics; control_compute_communication,solar_cell_array; stratospheric_battery_pack; solar_battery_charge_controller; electric_propulsion_pod; flight_control_computer,false,false,"Confirm requirement value, tolerance and acceptance condition with the project owner."
brief_requirement:wingspan_m,brief_requirement,brief_supplied,brief,Wingspan,Wingspan = 35 m.,brief:input.brief,,,wingspan_m,structure_containment; energy_harvesting; actuation_kinematics; maintenance_serviceability,high_aspect_ratio_wing_structure; solar_cell_array; electric_propulsion_pod; wing_assembly_jig,false,false,"Confirm requirement value, tolerance and acceptance condition with the project owner."
