id,kind,status,basis,scope,claim,provenanceRefs,sourceRefs,reviewerEvidenceRefs,linkedRequirementIds,linkedModuleIds,linkedComponentWordIds,blocksBom,blocksPublish,nextAction
bom_source_field:control_compute_communication_bms_master_bms_master_controller:manufacturer,bom_source_field,source_required,assumption,BMS master controller / manufacturer,manufacturer is required but not source-backed.,,,,power_mw,control_compute_communication,bms_master_controller,true,true,Admit source-backed supplier/manufacturer/MPN/unit-cost evidence before BoM can pass.
bom_source_field:control_compute_communication_bms_master_bms_master_controller:mpn,bom_source_field,source_required,assumption,BMS master controller / mpn,mpn is required but not source-backed.,,,,power_mw,control_compute_communication,bms_master_controller,true,true,Admit source-backed supplier/manufacturer/MPN/unit-cost evidence before BoM can pass.
bom_source_field:control_compute_communication_bms_master_bms_master_controller:supplier,bom_source_field,source_required,assumption,BMS master controller / supplier,supplier is required but not source-backed.,,,,power_mw,control_compute_communication,bms_master_controller,true,true,Admit source-backed supplier/manufacturer/MPN/unit-cost evidence before BoM can pass.
bom_source_field:control_compute_communication_bms_master_bms_master_controller:unit_cost_gbp,bom_source_field,source_required,assumption,BMS master controller / unit_cost_gbp,unit_cost_gbp is required but not source-backed.,,,,power_mw,control_compute_communication,bms_master_controller,true,true,Admit source-backed supplier/manufacturer/MPN/unit-cost evidence before BoM can pass.
bom_source_field:energy_conversion_transduction_pcs_inverter_pcs_inverter:manufacturer,bom_source_field,source_required,assumption,PCS inverter / manufacturer,manufacturer is required but not source-backed.,,,,capacity_mwh; power_mw,energy_conversion_transduction,pcs_inverter,true,true,Admit source-backed supplier/manufacturer/MPN/unit-cost evidence before BoM can pass.
bom_source_field:energy_conversion_transduction_pcs_inverter_pcs_inverter:mpn,bom_source_field,source_required,assumption,PCS inverter / mpn,mpn is required but not source-backed.,,,,capacity_mwh; power_mw,energy_conversion_transduction,pcs_inverter,true,true,Admit source-backed supplier/manufacturer/MPN/unit-cost evidence before BoM can pass.
bom_source_field:energy_conversion_transduction_pcs_inverter_pcs_inverter:supplier,bom_source_field,source_required,assumption,PCS inverter / supplier,supplier is required but not source-backed.,,,,capacity_mwh; power_mw,energy_conversion_transduction,pcs_inverter,true,true,Admit source-backed supplier/manufacturer/MPN/unit-cost evidence before BoM can pass.
bom_source_field:energy_conversion_transduction_pcs_inverter_pcs_inverter:unit_cost_gbp,bom_source_field,source_required,assumption,PCS inverter / unit_cost_gbp,unit_cost_gbp is required but not source-backed.,,,,capacity_mwh; power_mw,energy_conversion_transduction,pcs_inverter,true,true,Admit source-backed supplier/manufacturer/MPN/unit-cost evidence before BoM can pass.
bom_source_field:energy_storage_source_cell_string_lfp_prismatic_cells:manufacturer,bom_source_field,source_required,assumption,LFP prismatic cells / manufacturer,manufacturer is required but not source-backed.,,,,capacity_mwh,energy_storage_source,lfp_prismatic_cells,true,true,Admit source-backed supplier/manufacturer/MPN/unit-cost evidence before BoM can pass.
bom_source_field:energy_storage_source_cell_string_lfp_prismatic_cells:mpn,bom_source_field,source_required,assumption,LFP prismatic cells / mpn,mpn is required but not source-backed.,,,,capacity_mwh,energy_storage_source,lfp_prismatic_cells,true,true,Admit source-backed supplier/manufacturer/MPN/unit-cost evidence before BoM can pass.
bom_source_field:energy_storage_source_cell_string_lfp_prismatic_cells:supplier,bom_source_field,source_required,assumption,LFP prismatic cells / supplier,supplier is required but not source-backed.,,,,capacity_mwh,energy_storage_source,lfp_prismatic_cells,true,true,Admit source-backed supplier/manufacturer/MPN/unit-cost evidence before BoM can pass.
bom_source_field:energy_storage_source_cell_string_lfp_prismatic_cells:unit_cost_gbp,bom_source_field,source_required,assumption,LFP prismatic cells / unit_cost_gbp,unit_cost_gbp is required but not source-backed.,,,,capacity_mwh,energy_storage_source,lfp_prismatic_cells,true,true,Admit source-backed supplier/manufacturer/MPN/unit-cost evidence before BoM can pass.
bom_source_field:energy_storage_source_dc_string_output_dc_contactor_or_breaker:manufacturer,bom_source_field,source_required,assumption,DC contactor or breaker / manufacturer,manufacturer is required but not source-backed.,,,,,energy_storage_source,dc_contactor_or_breaker,true,true,Admit source-backed supplier/manufacturer/MPN/unit-cost evidence before BoM can pass.
bom_source_field:energy_storage_source_dc_string_output_dc_contactor_or_breaker:mpn,bom_source_field,source_required,assumption,DC contactor or breaker / mpn,mpn is required but not source-backed.,,,,,energy_storage_source,dc_contactor_or_breaker,true,true,Admit source-backed supplier/manufacturer/MPN/unit-cost evidence before BoM can pass.
bom_source_field:energy_storage_source_dc_string_output_dc_contactor_or_breaker:supplier,bom_source_field,source_required,assumption,DC contactor or breaker / supplier,supplier is required but not source-backed.,,,,,energy_storage_source,dc_contactor_or_breaker,true,true,Admit source-backed supplier/manufacturer/MPN/unit-cost evidence before BoM can pass.
bom_source_field:energy_storage_source_dc_string_output_dc_contactor_or_breaker:unit_cost_gbp,bom_source_field,source_required,assumption,DC contactor or breaker / unit_cost_gbp,unit_cost_gbp is required but not source-backed.,,,,,energy_storage_source,dc_contactor_or_breaker,true,true,Admit source-backed supplier/manufacturer/MPN/unit-cost evidence before BoM can pass.
bom_source_field:mass_fluid_transport_process_pump_station_thermal_management_loop:manufacturer,bom_source_field,source_required,assumption,Thermal management loop / manufacturer,manufacturer is required but not source-backed.,,,,,mass_fluid_transport_process,thermal_management_loop,true,true,Admit source-backed supplier/manufacturer/MPN/unit-cost evidence before BoM can pass.
bom_source_field:mass_fluid_transport_process_pump_station_thermal_management_loop:mpn,bom_source_field,source_required,assumption,Thermal management loop / mpn,mpn is required but not source-backed.,,,,,mass_fluid_transport_process,thermal_management_loop,true,true,Admit source-backed supplier/manufacturer/MPN/unit-cost evidence before BoM can pass.
bom_source_field:mass_fluid_transport_process_pump_station_thermal_management_loop:supplier,bom_source_field,source_required,assumption,Thermal management loop / supplier,supplier is required but not source-backed.,,,,,mass_fluid_transport_process,thermal_management_loop,true,true,Admit source-backed supplier/manufacturer/MPN/unit-cost evidence before BoM can pass.
bom_source_field:mass_fluid_transport_process_pump_station_thermal_management_loop:unit_cost_gbp,bom_source_field,source_required,assumption,Thermal management loop / unit_cost_gbp,unit_cost_gbp is required but not source-backed.,,,,,mass_fluid_transport_process,thermal_management_loop,true,true,Admit source-backed supplier/manufacturer/MPN/unit-cost evidence before BoM can pass.
bom_source_field:safety_protection_fire_suppression_fire_detection_suppression:manufacturer,bom_source_field,source_required,assumption,Fire detection/suppression / manufacturer,manufacturer is required but not source-backed.,,,,,safety_protection,fire_detection_suppression,true,true,Admit source-backed supplier/manufacturer/MPN/unit-cost evidence before BoM can pass.
bom_source_field:safety_protection_fire_suppression_fire_detection_suppression:mpn,bom_source_field,source_required,assumption,Fire detection/suppression / mpn,mpn is required but not source-backed.,,,,,safety_protection,fire_detection_suppression,true,true,Admit source-backed supplier/manufacturer/MPN/unit-cost evidence before BoM can pass.
bom_source_field:safety_protection_fire_suppression_fire_detection_suppression:supplier,bom_source_field,source_required,assumption,Fire detection/suppression / supplier,supplier is required but not source-backed.,,,,,safety_protection,fire_detection_suppression,true,true,Admit source-backed supplier/manufacturer/MPN/unit-cost evidence before BoM can pass.
bom_source_field:safety_protection_fire_suppression_fire_detection_suppression:unit_cost_gbp,bom_source_field,source_required,assumption,Fire detection/suppression / unit_cost_gbp,unit_cost_gbp is required but not source-backed.,,,,,safety_protection,fire_detection_suppression,true,true,Admit source-backed supplier/manufacturer/MPN/unit-cost evidence before BoM can pass.
component_candidate:control_compute_communication_bms_master_bms_master_controller,component_candidate,source_required,generated_model,BMS master controller,BMS master controller is an architecture-derived component candidate with quantity 1 candidate.,model:scratch_universal_architecture.energy_storage,,,power_mw,control_compute_communication,bms_master_controller,true,true,"Admit source-backed supplier, manufacturer, MPN, unit cost and lead-time evidence through sourcing intake."
component_candidate:energy_conversion_transduction_pcs_inverter_pcs_inverter,component_candidate,source_required,generated_model,PCS inverter,PCS inverter is an architecture-derived component candidate with quantity 1 candidate.,model:scratch_universal_architecture.energy_storage,,,capacity_mwh; power_mw,energy_conversion_transduction,pcs_inverter,true,true,"Admit source-backed supplier, manufacturer, MPN, unit cost and lead-time evidence through sourcing intake."
component_candidate:energy_storage_source_cell_string_lfp_prismatic_cells,component_candidate,source_required,generated_model,LFP prismatic cells,LFP prismatic cells is an architecture-derived component candidate with quantity 1 candidate.,model:scratch_universal_architecture.energy_storage,,,capacity_mwh,energy_storage_source,lfp_prismatic_cells,true,true,"Admit source-backed supplier, manufacturer, MPN, unit cost and lead-time evidence through sourcing intake."
component_candidate:energy_storage_source_dc_string_output_dc_contactor_or_breaker,component_candidate,source_required,generated_model,DC contactor or breaker,DC contactor or breaker is an architecture-derived component candidate with quantity 1 candidate.,model:scratch_universal_architecture.energy_storage,,,,energy_storage_source,dc_contactor_or_breaker,true,true,"Admit source-backed supplier, manufacturer, MPN, unit cost and lead-time evidence through sourcing intake."
component_candidate:mass_fluid_transport_process_pump_station_thermal_management_loop,component_candidate,source_required,generated_model,Thermal management loop,Thermal management loop is an architecture-derived component candidate with quantity 1 candidate.,model:scratch_universal_architecture.energy_storage,,,,mass_fluid_transport_process,thermal_management_loop,true,true,"Admit source-backed supplier, manufacturer, MPN, unit cost and lead-time evidence through sourcing intake."
component_candidate:safety_protection_fire_suppression_fire_detection_suppression,component_candidate,source_required,generated_model,Fire detection/suppression,Fire detection/suppression is an architecture-derived component candidate with quantity 1 candidate.,model:scratch_universal_architecture.energy_storage,,,,safety_protection,fire_detection_suppression,true,true,"Admit source-backed supplier, manufacturer, MPN, unit cost and lead-time evidence through sourcing intake."
headline_metric:capex_gbp,headline_metric,source_required,assumption,Estimated CAPEX,Estimated CAPEX = 0 GBP.,formula:capex=sum(bom.totalCostGbp); class_pack:energy_storage.class_pack,,,,,,true,true,Admit source-backed BoM costs before treating this cost metric as a claim.
headline_metric:opex_annual_gbp,headline_metric,source_required,assumption,Estimated annual OPEX,Estimated annual OPEX = 0 GBP/year.,formula:opex=capex*0.04,,,,,,true,true,Admit source-backed BoM costs before treating this cost metric as a claim.
component_candidate:control_compute_communication_bms_master_contactor_driver_output,component_candidate,generated_needs_review,generated_model,contactor driver output,contactor driver output is an architecture-derived component candidate with quantity 1 candidate.,model:scratch_universal_architecture.energy_storage,,,,control_compute_communication,contactor_driver_output,false,true,"Review whether this is a unique physical item, shared component or separate installation instance."
component_candidate:control_compute_communication_bms_master_isolation_interface,component_candidate,generated_needs_review,generated_model,isolation interface,isolation interface is an architecture-derived component candidate with quantity 1 candidate.,model:scratch_universal_architecture.energy_storage,,,,control_compute_communication,isolation_interface,false,true,"Review whether this is a unique physical item, shared component or separate installation instance."
component_candidate:control_compute_communication_bms_master_soc_estimation_firmware,component_candidate,generated_needs_review,generated_model,SOC estimation firmware,SOC estimation firmware is an architecture-derived component candidate with quantity 1 candidate.,model:scratch_universal_architecture.energy_storage,,,,control_compute_communication,soc_estimation_firmware,false,true,"Review whether this is a unique physical item, shared component or separate installation instance."
component_candidate:control_compute_communication_communications_gateway_cybersecurity_firewall,component_candidate,generated_needs_review,generated_model,cybersecurity firewall,cybersecurity firewall is an architecture-derived component candidate with quantity 1 candidate.,model:scratch_universal_architecture.energy_storage,,,,control_compute_communication,cybersecurity_firewall,false,true,"Review whether this is a unique physical item, shared component or separate installation instance."
component_candidate:control_compute_communication_communications_gateway_modbus_tcp_gateway,component_candidate,generated_needs_review,generated_model,Modbus TCP gateway,Modbus TCP gateway is an architecture-derived component candidate with quantity 1 candidate.,model:scratch_universal_architecture.energy_storage,,,,control_compute_communication,modbus_tcp_gateway,false,true,"Review whether this is a unique physical item, shared component or separate installation instance."
component_candidate:control_compute_communication_communications_gateway_scada_protocol_adapter,component_candidate,generated_needs_review,generated_model,SCADA protocol adapter,SCADA protocol adapter is an architecture-derived component candidate with quantity 1 candidate.,model:scratch_universal_architecture.energy_storage,,,,control_compute_communication,scada_protocol_adapter,false,true,"Review whether this is a unique physical item, shared component or separate installation instance."
component_candidate:control_compute_communication_communications_gateway_time_synchronisation_module,component_candidate,generated_needs_review,generated_model,time synchronisation module,time synchronisation module is an architecture-derived component candidate with quantity 1 candidate.,model:scratch_universal_architecture.energy_storage,,,,control_compute_communication,time_synchronisation_module,false,true,"Review whether this is a unique physical item, shared component or separate installation instance."
component_candidate:control_compute_communication_cybersecurity_monitoring_account_key_switch,component_candidate,generated_needs_review,generated_model,account key switch,account key switch is an architecture-derived component candidate with quantity 1 candidate.,model:scratch_universal_architecture.energy_storage,,,,control_compute_communication,account_key_switch,false,true,"Review whether this is a unique physical item, shared component or separate installation instance."
component_candidate:control_compute_communication_cybersecurity_monitoring_configuration_backup_module,component_candidate,generated_needs_review,generated_model,configuration backup module,configuration backup module is an architecture-derived component candidate with quantity 1 candidate.,model:scratch_universal_architecture.energy_storage,,,,control_compute_communication,configuration_backup_module,false,true,"Review whether this is a unique physical item, shared component or separate installation instance."
component_candidate:control_compute_communication_cybersecurity_monitoring_firmware_escrow_tag,component_candidate,generated_needs_review,generated_model,firmware escrow tag,firmware escrow tag is an architecture-derived component candidate with quantity 1 candidate.,model:scratch_universal_architecture.energy_storage,,,,control_compute_communication,firmware_escrow_tag,false,true,"Review whether this is a unique physical item, shared component or separate installation instance."
component_candidate:control_compute_communication_cybersecurity_monitoring_syslog_collector,component_candidate,generated_needs_review,generated_model,syslog collector,syslog collector is an architecture-derived component candidate with quantity 1 candidate.,model:scratch_universal_architecture.energy_storage,,,,control_compute_communication,syslog_collector,false,true,"Review whether this is a unique physical item, shared component or separate installation instance."
component_candidate:control_compute_communication_cybersecurity_monitoring_vpn_access_appliance,component_candidate,generated_needs_review,generated_model,VPN access appliance,VPN access appliance is an architecture-derived component candidate with quantity 1 candidate.,model:scratch_universal_architecture.energy_storage,,,,control_compute_communication,vpn_access_appliance,false,true,"Review whether this is a unique physical item, shared component or separate installation instance."
component_candidate:control_compute_communication_ems_controller_cellular_router,component_candidate,generated_needs_review,generated_model,cellular router,cellular router is an architecture-derived component candidate with quantity 1 candidate.,model:scratch_universal_architecture.energy_storage,,,,control_compute_communication,cellular_router,false,true,"Review whether this is a unique physical item, shared component or separate installation instance."
component_candidate:control_compute_communication_ems_controller_i_o_expansion_module,component_candidate,generated_needs_review,generated_model,I/O expansion module,I/O expansion module is an architecture-derived component candidate with quantity 1 candidate.,model:scratch_universal_architecture.energy_storage,,,,control_compute_communication,i_o_expansion_module,false,true,"Review whether this is a unique physical item, shared component or separate installation instance."
component_candidate:control_compute_communication_ems_controller_industrial_controller,component_candidate,generated_needs_review,generated_model,industrial controller,industrial controller is an architecture-derived component candidate with quantity 1 candidate.,model:scratch_universal_architecture.energy_storage,,,,control_compute_communication,industrial_controller,false,true,"Review whether this is a unique physical item, shared component or separate installation instance."
component_candidate:control_compute_communication_ems_controller_network_switch,component_candidate,generated_needs_review,generated_model,network switch,network switch is an architecture-derived component candidate with quantity 1 candidate.,model:scratch_universal_architecture.energy_storage,,,,control_compute_communication,network_switch,false,true,"Review whether this is a unique physical item, shared component or separate installation instance."
component_candidate:energy_conversion_transduction_grid_filter_ac_filter_capacitor,component_candidate,generated_needs_review,generated_model,AC filter capacitor,AC filter capacitor is an architecture-derived component candidate with quantity 1 candidate.,model:scratch_universal_architecture.energy_storage,,,,energy_conversion_transduction,ac_filter_capacitor,false,true,"Review whether this is a unique physical item, shared component or separate installation instance."
component_candidate:energy_conversion_transduction_grid_filter_emi_filter_assembly,component_candidate,generated_needs_review,generated_model,EMI filter assembly,EMI filter assembly is an architecture-derived component candidate with quantity 1 candidate.,model:scratch_universal_architecture.energy_storage,,,,energy_conversion_transduction,emi_filter_assembly,false,true,"Review whether this is a unique physical item, shared component or separate installation instance."
component_candidate:energy_conversion_transduction_grid_filter_grid_filter_choke,component_candidate,generated_needs_review,generated_model,grid filter choke,grid filter choke is an architecture-derived component candidate with quantity 1 candidate.,model:scratch_universal_architecture.energy_storage,,,,energy_conversion_transduction,grid_filter_choke,false,true,"Review whether this is a unique physical item, shared component or separate installation instance."
component_candidate:energy_conversion_transduction_grid_filter_protective_earth_bar,component_candidate,generated_needs_review,generated_model,protective earth bar,protective earth bar is an architecture-derived component candidate with quantity 1 candidate.,model:scratch_universal_architecture.energy_storage,,,,energy_conversion_transduction,protective_earth_bar,false,true,"Review whether this is a unique physical item, shared component or separate installation instance."
component_candidate:energy_conversion_transduction_grid_protection_relay_g99_settings_label,component_candidate,generated_needs_review,generated_model,G99 settings label,G99 settings label is an architecture-derived component candidate with quantity 1 candidate.,model:scratch_universal_architecture.energy_storage,,,,energy_conversion_transduction,g99_settings_label,false,true,"Review whether this is a unique physical item, shared component or separate installation instance."
component_candidate:energy_conversion_transduction_grid_protection_relay_grid_protection_relay,component_candidate,generated_needs_review,generated_model,grid protection relay,grid protection relay is an architecture-derived component candidate with quantity 1 candidate.,model:scratch_universal_architecture.energy_storage,,,,energy_conversion_transduction,grid_protection_relay,false,true,"Review whether this is a unique physical item, shared component or separate installation instance."
component_candidate:energy_conversion_transduction_grid_protection_relay_relay_test_block,component_candidate,generated_needs_review,generated_model,relay test block,relay test block is an architecture-derived component candidate with quantity 1 candidate.,model:scratch_universal_architecture.energy_storage,,,,energy_conversion_transduction,relay_test_block,false,true,"Review whether this is a unique physical item, shared component or separate installation instance."
component_candidate:energy_conversion_transduction_grid_protection_relay_trip_circuit_monitor,component_candidate,generated_needs_review,generated_model,trip circuit monitor,trip circuit monitor is an architecture-derived component candidate with quantity 1 candidate.,model:scratch_universal_architecture.energy_storage,,,,energy_conversion_transduction,trip_circuit_monitor,false,true,"Review whether this is a unique physical item, shared component or separate installation instance."
component_candidate:energy_conversion_transduction_grid_protection_relay_voltage_sensing_fuse_set,component_candidate,generated_needs_review,generated_model,voltage sensing fuse set,voltage sensing fuse set is an architecture-derived component candidate with quantity 1 candidate.,model:scratch_universal_architecture.energy_storage,,,,energy_conversion_transduction,voltage_sensing_fuse_set,false,true,"Review whether this is a unique physical item, shared component or separate installation instance."
component_candidate:energy_conversion_transduction_pcs_inverter_dc_link_capacitor_bank,component_candidate,generated_needs_review,generated_model,DC link capacitor bank,DC link capacitor bank is an architecture-derived component candidate with quantity 1 candidate.,model:scratch_universal_architecture.energy_storage,,,,energy_conversion_transduction,dc_link_capacitor_bank,false,true,"Review whether this is a unique physical item, shared component or separate installation instance."
component_candidate:energy_conversion_transduction_pcs_inverter_gate_driver_board,component_candidate,generated_needs_review,generated_model,gate driver board,gate driver board is an architecture-derived component candidate with quantity 1 candidate.,model:scratch_universal_architecture.energy_storage,,,,energy_conversion_transduction,gate_driver_board,false,true,"Review whether this is a unique physical item, shared component or separate installation instance."
component_candidate:energy_conversion_transduction_pcs_inverter_igbt_power_module,component_candidate,generated_needs_review,generated_model,IGBT power module,IGBT power module is an architecture-derived component candidate with quantity 1 candidate.,model:scratch_universal_architecture.energy_storage,,,,energy_conversion_transduction,igbt_power_module,false,true,"Review whether this is a unique physical item, shared component or separate installation instance."
component_candidate:energy_conversion_transduction_pcs_inverter_inverter_control_board,component_candidate,generated_needs_review,generated_model,inverter control board,inverter control board is an architecture-derived component candidate with quantity 1 candidate.,model:scratch_universal_architecture.energy_storage,,,,energy_conversion_transduction,inverter_control_board,false,true,"Review whether this is a unique physical item, shared component or separate installation instance."
component_candidate:energy_conversion_transduction_pcs_inverter_liquid_cooled_heatsink,component_candidate,generated_needs_review,generated_model,liquid-cooled heatsink,liquid-cooled heatsink is an architecture-derived component candidate with quantity 1 candidate.,model:scratch_universal_architecture.energy_storage,,,,energy_conversion_transduction,liquid_cooled_heatsink,false,true,"Review whether this is a unique physical item, shared component or separate installation instance."
component_candidate:energy_conversion_transduction_transformer_stage_anti_vibration_mount,component_candidate,generated_needs_review,generated_model,anti-vibration mount,anti-vibration mount is an architecture-derived component candidate with quantity 1 candidate.,model:scratch_universal_architecture.energy_storage,,,,energy_conversion_transduction,anti_vibration_mount,false,true,"Review whether this is a unique physical item, shared component or separate installation instance."
component_candidate:energy_conversion_transduction_transformer_stage_cast_resin_transformer,component_candidate,generated_needs_review,generated_model,cast resin transformer,cast resin transformer is an architecture-derived component candidate with quantity 1 candidate.,model:scratch_universal_architecture.energy_storage,,,,energy_conversion_transduction,cast_resin_transformer,false,true,"Review whether this is a unique physical item, shared component or separate installation instance."
component_candidate:energy_conversion_transduction_transformer_stage_hv_winding,component_candidate,generated_needs_review,generated_model,HV winding,HV winding is an architecture-derived component candidate with quantity 1 candidate.,model:scratch_universal_architecture.energy_storage,,,,energy_conversion_transduction,hv_winding,false,true,"Review whether this is a unique physical item, shared component or separate installation instance."
component_candidate:energy_conversion_transduction_transformer_stage_lv_winding,component_candidate,generated_needs_review,generated_model,LV winding,LV winding is an architecture-derived component candidate with quantity 1 candidate.,model:scratch_universal_architecture.energy_storage,,,,energy_conversion_transduction,lv_winding,false,true,"Review whether this is a unique physical item, shared component or separate installation instance."
component_candidate:energy_conversion_transduction_transformer_stage_temperature_probe,component_candidate,generated_needs_review,generated_model,temperature probe,temperature probe is an architecture-derived component candidate with quantity 1 candidate.,model:scratch_universal_architecture.energy_storage,,,,energy_conversion_transduction,temperature_probe,false,true,"Review whether this is a unique physical item, shared component or separate installation instance."
component_candidate:energy_storage_source_bms_slave_afe_monitor_ic,component_candidate,generated_needs_review,generated_model,AFE monitor IC,AFE monitor IC is an architecture-derived component candidate with quantity 1 candidate.,model:scratch_universal_architecture.energy_storage,,,,energy_storage_source,afe_monitor_ic,false,true,"Review whether this is a unique physical item, shared component or separate installation instance."
component_candidate:energy_storage_source_bms_slave_bms_slave_pcb,component_candidate,generated_needs_review,generated_model,BMS slave PCB,BMS slave PCB is an architecture-derived component candidate with quantity 1 candidate.,model:scratch_universal_architecture.energy_storage,,,,energy_storage_source,bms_slave_pcb,false,true,"Review whether this is a unique physical item, shared component or separate installation instance."
component_candidate:energy_storage_source_bms_slave_conformal_coating,component_candidate,generated_needs_review,generated_model,conformal coating,conformal coating is an architecture-derived component candidate with quantity 1 candidate.,model:scratch_universal_architecture.energy_storage,,,,energy_storage_source,conformal_coating,false,true,"Review whether this is a unique physical item, shared component or separate installation instance."
component_candidate:energy_storage_source_bms_slave_isolated_can_transceiver,component_candidate,generated_needs_review,generated_model,isolated CAN transceiver,isolated CAN transceiver is an architecture-derived component candidate with quantity 1 candidate.,model:scratch_universal_architecture.energy_storage,,,,energy_storage_source,isolated_can_transceiver,false,true,"Review whether this is a unique physical item, shared component or separate installation instance."
component_candidate:energy_storage_source_bms_slave_ntc_thermistor_harness,component_candidate,generated_needs_review,generated_model,NTC thermistor harness,NTC thermistor harness is an architecture-derived component candidate with quantity 1 candidate.,model:scratch_universal_architecture.energy_storage,,,,energy_storage_source,ntc_thermistor_harness,false,true,"Review whether this is a unique physical item, shared component or separate installation instance."
component_candidate:energy_storage_source_cell_string_cell_insulation_pad,component_candidate,generated_needs_review,generated_model,cell insulation pad,cell insulation pad is an architecture-derived component candidate with quantity 1 candidate.,model:scratch_universal_architecture.energy_storage,,,,energy_storage_source,cell_insulation_pad,false,true,"Review whether this is a unique physical item, shared component or separate installation instance."
component_candidate:energy_storage_source_cell_string_cell_terminal_hardware_set,component_candidate,generated_needs_review,generated_model,cell terminal hardware set,cell terminal hardware set is an architecture-derived component candidate with quantity 1 candidate.,model:scratch_universal_architecture.energy_storage,,,,energy_storage_source,cell_terminal_hardware_set,false,true,"Review whether this is a unique physical item, shared component or separate installation instance."
component_candidate:energy_storage_source_cell_string_cell_to_cell_busbar,component_candidate,generated_needs_review,generated_model,cell-to-cell busbar,cell-to-cell busbar is an architecture-derived component candidate with quantity 1 candidate.,model:scratch_universal_architecture.energy_storage,,,,energy_storage_source,cell_to_cell_busbar,false,true,"Review whether this is a unique physical item, shared component or separate installation instance."
component_candidate:energy_storage_source_cell_string_module_fuse,component_candidate,generated_needs_review,generated_model,module fuse,module fuse is an architecture-derived component candidate with quantity 1 candidate.,model:scratch_universal_architecture.energy_storage,,,,energy_storage_source,module_fuse,false,true,"Review whether this is a unique physical item, shared component or separate installation instance."
component_candidate:energy_storage_source_dc_string_output_hv_fuse_holder,component_candidate,generated_needs_review,generated_model,HV fuse holder,HV fuse holder is an architecture-derived component candidate with quantity 1 candidate.,model:scratch_universal_architecture.energy_storage,,,,energy_storage_source,hv_fuse_holder,false,true,"Review whether this is a unique physical item, shared component or separate installation instance."
component_candidate:energy_storage_source_dc_string_output_pack_current_sensor,component_candidate,generated_needs_review,generated_model,pack current sensor,pack current sensor is an architecture-derived component candidate with quantity 1 candidate.,model:scratch_universal_architecture.energy_storage,,,,energy_storage_source,pack_current_sensor,false,true,"Review whether this is a unique physical item, shared component or separate installation instance."
component_candidate:energy_storage_source_dc_string_output_precharge_resistor,component_candidate,generated_needs_review,generated_model,precharge resistor,precharge resistor is an architecture-derived component candidate with quantity 1 candidate.,model:scratch_universal_architecture.energy_storage,,,,energy_storage_source,precharge_resistor,false,true,"Review whether this is a unique physical item, shared component or separate installation instance."
component_candidate:energy_storage_source_dc_string_output_service_disconnect,component_candidate,generated_needs_review,generated_model,service disconnect,service disconnect is an architecture-derived component candidate with quantity 1 candidate.,model:scratch_universal_architecture.energy_storage,,,,energy_storage_source,service_disconnect,false,true,"Review whether this is a unique physical item, shared component or separate installation instance."
component_candidate:energy_storage_source_module_interconnect_harness_cell_voltage_sense_loom,component_candidate,generated_needs_review,generated_model,cell voltage sense loom,cell voltage sense loom is an architecture-derived component candidate with quantity 1 candidate.,model:scratch_universal_architecture.energy_storage,,,,energy_storage_source,cell_voltage_sense_loom,false,true,"Review whether this is a unique physical item, shared component or separate installation instance."
component_candidate:energy_storage_source_module_interconnect_harness_harness_strain_relief_rail,component_candidate,generated_needs_review,generated_model,harness strain relief rail,harness strain relief rail is an architecture-derived component candidate with quantity 1 candidate.,model:scratch_universal_architecture.energy_storage,,,,energy_storage_source,harness_strain_relief_rail,false,true,"Review whether this is a unique physical item, shared component or separate installation instance."
component_candidate:energy_storage_source_module_interconnect_harness_low_smoke_cable_sleeve,component_candidate,generated_needs_review,generated_model,low-smoke cable sleeve,low-smoke cable sleeve is an architecture-derived component candidate with quantity 1 candidate.,model:scratch_universal_architecture.energy_storage,,,,energy_storage_source,low_smoke_cable_sleeve,false,true,"Review whether this is a unique physical item, shared component or separate installation instance."
component_candidate:energy_storage_source_module_interconnect_harness_rack_can_drop_cable,component_candidate,generated_needs_review,generated_model,rack CAN drop cable,rack CAN drop cable is an architecture-derived component candidate with quantity 1 candidate.,model:scratch_universal_architecture.energy_storage,,,,energy_storage_source,rack_can_drop_cable,false,true,"Review whether this is a unique physical item, shared component or separate installation instance."
component_candidate:energy_storage_source_rack_structure_compression_plate,component_candidate,generated_needs_review,generated_model,compression plate,compression plate is an architecture-derived component candidate with quantity 1 candidate.,model:scratch_universal_architecture.energy_storage,,,,energy_storage_source,compression_plate,false,true,"Review whether this is a unique physical item, shared component or separate installation instance."
component_candidate:energy_storage_source_rack_structure_compression_tie_rod_set,component_candidate,generated_needs_review,generated_model,compression tie rod set,compression tie rod set is an architecture-derived component candidate with quantity 1 candidate.,model:scratch_universal_architecture.energy_storage,,,,energy_storage_source,compression_tie_rod_set,false,true,"Review whether this is a unique physical item, shared component or separate installation instance."
component_candidate:energy_storage_source_rack_structure_module_steel_frame,component_candidate,generated_needs_review,generated_model,module steel frame,module steel frame is an architecture-derived component candidate with quantity 1 candidate.,model:scratch_universal_architecture.energy_storage,,,,energy_storage_source,module_steel_frame,false,true,"Review whether this is a unique physical item, shared component or separate installation instance."
component_candidate:energy_storage_source_rack_structure_module_top_cover,component_candidate,generated_needs_review,generated_model,module top cover,module top cover is an architecture-derived component candidate with quantity 1 candidate.,model:scratch_universal_architecture.energy_storage,,,,energy_storage_source,module_top_cover,false,true,"Review whether this is a unique physical item, shared component or separate installation instance."
component_candidate:energy_storage_source_rack_structure_rack_label_plate,component_candidate,generated_needs_review,generated_model,rack label plate,rack label plate is an architecture-derived component candidate with quantity 1 candidate.,model:scratch_universal_architecture.energy_storage,,,,energy_storage_source,rack_label_plate,false,true,"Review whether this is a unique physical item, shared component or separate installation instance."
component_candidate:energy_storage_source_rack_thermal_interface_coolant_quick_connector_pair,component_candidate,generated_needs_review,generated_model,coolant quick connector pair,coolant quick connector pair is an architecture-derived component candidate with quantity 1 candidate.,model:scratch_universal_architecture.energy_storage,,,,energy_storage_source,coolant_quick_connector_pair,false,true,"Review whether this is a unique physical item, shared component or separate installation instance."
component_candidate:energy_storage_source_rack_thermal_interface_leak_detection_rope,component_candidate,generated_needs_review,generated_model,leak detection rope,leak detection rope is an architecture-derived component candidate with quantity 1 candidate.,model:scratch_universal_architecture.energy_storage,,,,energy_storage_source,leak_detection_rope,false,true,"Review whether this is a unique physical item, shared component or separate installation instance."
component_candidate:energy_storage_source_rack_thermal_interface_rack_cold_plate_manifold,component_candidate,generated_needs_review,generated_model,rack cold plate manifold,rack cold plate manifold is an architecture-derived component candidate with quantity 1 candidate.,model:scratch_universal_architecture.energy_storage,,,,energy_storage_source,rack_cold_plate_manifold,false,true,"Review whether this is a unique physical item, shared component or separate installation instance."
component_candidate:energy_storage_source_rack_thermal_interface_rack_drip_tray,component_candidate,generated_needs_review,generated_model,rack drip tray,rack drip tray is an architecture-derived component candidate with quantity 1 candidate.,model:scratch_universal_architecture.energy_storage,,,,energy_storage_source,rack_drip_tray,false,true,"Review whether this is a unique physical item, shared component or separate installation instance."
component_candidate:energy_storage_source_rack_thermal_interface_thermally_conductive_gap_pad,component_candidate,generated_needs_review,generated_model,thermally conductive gap pad,thermally conductive gap pad is an architecture-derived component candidate with quantity 1 candidate.,model:scratch_universal_architecture.energy_storage,,,,energy_storage_source,thermally_conductive_gap_pad,false,true,"Review whether this is a unique physical item, shared component or separate installation instance."
component_candidate:environmental_interface_heat_rejection_coil_coil_guard_grille,component_candidate,generated_needs_review,generated_model,coil guard grille,coil guard grille is an architecture-derived component candidate with quantity 1 candidate.,model:scratch_universal_architecture.energy_storage,,,,environmental_interface,coil_guard_grille,false,true,"Review whether this is a unique physical item, shared component or separate installation instance."
component_candidate:environmental_interface_heat_rejection_coil_drain_safe_condensate_pan,component_candidate,generated_needs_review,generated_model,drain-safe condensate pan,drain-safe condensate pan is an architecture-derived component candidate with quantity 1 candidate.,model:scratch_universal_architecture.energy_storage,,,,environmental_interface,drain_safe_condensate_pan,false,true,"Review whether this is a unique physical item, shared component or separate installation instance."
component_candidate:environmental_interface_heat_rejection_coil_dry_cooler_coil,component_candidate,generated_needs_review,generated_model,dry cooler coil,dry cooler coil is an architecture-derived component candidate with quantity 1 candidate.,model:scratch_universal_architecture.energy_storage,,,,environmental_interface,dry_cooler_coil,false,true,"Review whether this is a unique physical item, shared component or separate installation instance."
component_candidate:environmental_interface_heat_rejection_coil_ec_condenser_fan,component_candidate,generated_needs_review,generated_model,EC condenser fan,EC condenser fan is an architecture-derived component candidate with quantity 1 candidate.,model:scratch_universal_architecture.energy_storage,,,,environmental_interface,ec_condenser_fan,false,true,"Review whether this is a unique physical item, shared component or separate installation instance."
component_candidate:environmental_interface_heat_rejection_coil_fan_contactor,component_candidate,generated_needs_review,generated_model,fan contactor,fan contactor is an architecture-derived component candidate with quantity 1 candidate.,model:scratch_universal_architecture.energy_storage,,,,environmental_interface,fan_contactor,false,true,"Review whether this is a unique physical item, shared component or separate installation instance."
component_candidate:environmental_interface_hvac_unit_air_filter_element,component_candidate,generated_needs_review,generated_model,air filter element,air filter element is an architecture-derived component candidate with quantity 1 candidate.,model:scratch_universal_architecture.energy_storage,,,,environmental_interface,air_filter_element,false,true,"Review whether this is a unique physical item, shared component or separate installation instance."
component_candidate:environmental_interface_hvac_unit_condensate_drain_kit,component_candidate,generated_needs_review,generated_model,condensate drain kit,condensate drain kit is an architecture-derived component candidate with quantity 1 candidate.,model:scratch_universal_architecture.energy_storage,,,,environmental_interface,condensate_drain_kit,false,true,"Review whether this is a unique physical item, shared component or separate installation instance."
component_candidate:environmental_interface_hvac_unit_container_hvac_unit,component_candidate,generated_needs_review,generated_model,container HVAC unit,container HVAC unit is an architecture-derived component candidate with quantity 1 candidate.,model:scratch_universal_architecture.energy_storage,,,,environmental_interface,container_hvac_unit,false,true,"Review whether this is a unique physical item, shared component or separate installation instance."
component_candidate:environmental_interface_hvac_unit_hvac_controller,component_candidate,generated_needs_review,generated_model,HVAC controller,HVAC controller is an architecture-derived component candidate with quantity 1 candidate.,model:scratch_universal_architecture.energy_storage,,,,environmental_interface,hvac_controller,false,true,"Review whether this is a unique physical item, shared component or separate installation instance."
component_candidate:environmental_interface_thermal_insulation_insulation_panel,component_candidate,generated_needs_review,generated_model,insulation panel,insulation panel is an architecture-derived component candidate with quantity 1 candidate.,model:scratch_universal_architecture.energy_storage,,,,environmental_interface,insulation_panel,false,true,"Review whether this is a unique physical item, shared component or separate installation instance."
component_candidate:environmental_interface_thermal_insulation_seal_gasket_set,component_candidate,generated_needs_review,generated_model,seal gasket set,seal gasket set is an architecture-derived component candidate with quantity 1 candidate.,model:scratch_universal_architecture.energy_storage,,,,environmental_interface,seal_gasket_set,false,true,"Review whether this is a unique physical item, shared component or separate installation instance."
component_candidate:environmental_interface_thermal_insulation_thermal_break_strip,component_candidate,generated_needs_review,generated_model,thermal break strip,thermal break strip is an architecture-derived component candidate with quantity 1 candidate.,model:scratch_universal_architecture.energy_storage,,,,environmental_interface,thermal_break_strip,false,true,"Review whether this is a unique physical item, shared component or separate installation instance."
component_candidate:environmental_interface_thermal_insulation_vapour_barrier_film,component_candidate,generated_needs_review,generated_model,vapour barrier film,vapour barrier film is an architecture-derived component candidate with quantity 1 candidate.,model:scratch_universal_architecture.energy_storage,,,,environmental_interface,vapour_barrier_film,false,true,"Review whether this is a unique physical item, shared component or separate installation instance."
component_candidate:environmental_interface_ventilation_path_airflow_baffle,component_candidate,generated_needs_review,generated_model,airflow baffle,airflow baffle is an architecture-derived component candidate with quantity 1 candidate.,model:scratch_universal_architecture.energy_storage,,,,environmental_interface,airflow_baffle,false,true,"Review whether this is a unique physical item, shared component or separate installation instance."
component_candidate:environmental_interface_ventilation_path_ec_fan_assembly,component_candidate,generated_needs_review,generated_model,EC fan assembly,EC fan assembly is an architecture-derived component candidate with quantity 1 candidate.,model:scratch_universal_architecture.energy_storage,,,,environmental_interface,ec_fan_assembly,false,true,"Review whether this is a unique physical item, shared component or separate installation instance."
component_candidate:environmental_interface_ventilation_path_exhaust_louvre,component_candidate,generated_needs_review,generated_model,exhaust louvre,exhaust louvre is an architecture-derived component candidate with quantity 1 candidate.,model:scratch_universal_architecture.energy_storage,,,,environmental_interface,exhaust_louvre,false,true,"Review whether this is a unique physical item, shared component or separate installation instance."
component_candidate:environmental_interface_ventilation_path_intake_louvre,component_candidate,generated_needs_review,generated_model,intake louvre,intake louvre is an architecture-derived component candidate with quantity 1 candidate.,model:scratch_universal_architecture.energy_storage,,,,environmental_interface,intake_louvre,false,true,"Review whether this is a unique physical item, shared component or separate installation instance."
component_candidate:hmi_ergonomics_external_labelling_arc_flash_boundary_label,component_candidate,generated_needs_review,generated_model,arc flash boundary label,arc flash boundary label is an architecture-derived component candidate with quantity 1 candidate.,model:scratch_universal_architecture.energy_storage,,,,hmi_ergonomics,arc_flash_boundary_label,false,true,"Review whether this is a unique physical item, shared component or separate installation instance."
component_candidate:hmi_ergonomics_external_labelling_asset_qr_label,component_candidate,generated_needs_review,generated_model,asset QR label,asset QR label is an architecture-derived component candidate with quantity 1 candidate.,model:scratch_universal_architecture.energy_storage,,,,hmi_ergonomics,asset_qr_label,false,true,"Review whether this is a unique physical item, shared component or separate installation instance."
component_candidate:hmi_ergonomics_external_labelling_fire_suppression_instruction_placard,component_candidate,generated_needs_review,generated_model,fire suppression instruction placard,fire suppression instruction placard is an architecture-derived component candidate with quantity 1 candidate.,model:scratch_universal_architecture.energy_storage,,,,hmi_ergonomics,fire_suppression_instruction_placard,false,true,"Review whether this is a unique physical item, shared component or separate installation instance."
component_candidate:hmi_ergonomics_external_labelling_high_voltage_warning_label,component_candidate,generated_needs_review,generated_model,high voltage warning label,high voltage warning label is an architecture-derived component candidate with quantity 1 candidate.,model:scratch_universal_architecture.energy_storage,,,,hmi_ergonomics,high_voltage_warning_label,false,true,"Review whether this is a unique physical item, shared component or separate installation instance."
component_candidate:hmi_ergonomics_local_hmi_alarm_buzzer_beacon,component_candidate,generated_needs_review,generated_model,alarm buzzer beacon,alarm buzzer beacon is an architecture-derived component candidate with quantity 1 candidate.,model:scratch_universal_architecture.energy_storage,,,,hmi_ergonomics,alarm_buzzer_beacon,false,true,"Review whether this is a unique physical item, shared component or separate installation instance."
component_candidate:hmi_ergonomics_local_hmi_industrial_touchscreen,component_candidate,generated_needs_review,generated_model,industrial touchscreen,industrial touchscreen is an architecture-derived component candidate with quantity 1 candidate.,model:scratch_universal_architecture.energy_storage,,,,hmi_ergonomics,industrial_touchscreen,false,true,"Review whether this is a unique physical item, shared component or separate installation instance."
component_candidate:hmi_ergonomics_local_hmi_key_switch,component_candidate,generated_needs_review,generated_model,key switch,key switch is an architecture-derived component candidate with quantity 1 candidate.,model:scratch_universal_architecture.energy_storage,,,,hmi_ergonomics,key_switch,false,true,"Review whether this is a unique physical item, shared component or separate installation instance."
component_candidate:hmi_ergonomics_local_hmi_panel_pc,component_candidate,generated_needs_review,generated_model,panel PC,panel PC is an architecture-derived component candidate with quantity 1 candidate.,model:scratch_universal_architecture.energy_storage,,,,hmi_ergonomics,panel_pc,false,true,"Review whether this is a unique physical item, shared component or separate installation instance."
component_candidate:hmi_ergonomics_operator_workflow_inspection_log_holder,component_candidate,generated_needs_review,generated_model,inspection log holder,inspection log holder is an architecture-derived component candidate with quantity 1 candidate.,model:scratch_universal_architecture.energy_storage,,,,hmi_ergonomics,inspection_log_holder,false,true,"Review whether this is a unique physical item, shared component or separate installation instance."
component_candidate:hmi_ergonomics_operator_workflow_laminated_isolation_checklist,component_candidate,generated_needs_review,generated_model,laminated isolation checklist,laminated isolation checklist is an architecture-derived component candidate with quantity 1 candidate.,model:scratch_universal_architecture.energy_storage,,,,hmi_ergonomics,laminated_isolation_checklist,false,true,"Review whether this is a unique physical item, shared component or separate installation instance."
component_candidate:hmi_ergonomics_operator_workflow_manual_reset_station,component_candidate,generated_needs_review,generated_model,manual reset station,manual reset station is an architecture-derived component candidate with quantity 1 candidate.,model:scratch_universal_architecture.energy_storage,,,,hmi_ergonomics,manual_reset_station,false,true,"Review whether this is a unique physical item, shared component or separate installation instance."
component_candidate:hmi_ergonomics_operator_workflow_status_stack_light,component_candidate,generated_needs_review,generated_model,status stack light,status stack light is an architecture-derived component candidate with quantity 1 candidate.,model:scratch_universal_architecture.energy_storage,,,,hmi_ergonomics,status_stack_light,false,true,"Review whether this is a unique physical item, shared component or separate installation instance."
component_candidate:hmi_ergonomics_remote_notification_alarm_acknowledgement_button,component_candidate,generated_needs_review,generated_model,alarm acknowledgement button,alarm acknowledgement button is an architecture-derived component candidate with quantity 1 candidate.,model:scratch_universal_architecture.energy_storage,,,,hmi_ergonomics,alarm_acknowledgement_button,false,true,"Review whether this is a unique physical item, shared component or separate installation instance."
component_candidate:hmi_ergonomics_remote_notification_escalation_contact_label,component_candidate,generated_needs_review,generated_model,escalation contact label,escalation contact label is an architecture-derived component candidate with quantity 1 candidate.,model:scratch_universal_architecture.energy_storage,,,,hmi_ergonomics,escalation_contact_label,false,true,"Review whether this is a unique physical item, shared component or separate installation instance."
component_candidate:hmi_ergonomics_remote_notification_operator_notification_relay,component_candidate,generated_needs_review,generated_model,operator notification relay,operator notification relay is an architecture-derived component candidate with quantity 1 candidate.,model:scratch_universal_architecture.energy_storage,,,,hmi_ergonomics,operator_notification_relay,false,true,"Review whether this is a unique physical item, shared component or separate installation instance."
component_candidate:hmi_ergonomics_remote_notification_remote_reset_inhibit_relay,component_candidate,generated_needs_review,generated_model,remote reset inhibit relay,remote reset inhibit relay is an architecture-derived component candidate with quantity 1 candidate.,model:scratch_universal_architecture.energy_storage,,,,hmi_ergonomics,remote_reset_inhibit_relay,false,true,"Review whether this is a unique physical item, shared component or separate installation instance."
component_candidate:hmi_ergonomics_remote_notification_sms_alarm_output_module,component_candidate,generated_needs_review,generated_model,SMS alarm output module,SMS alarm output module is an architecture-derived component candidate with quantity 1 candidate.,model:scratch_universal_architecture.energy_storage,,,,hmi_ergonomics,sms_alarm_output_module,false,true,"Review whether this is a unique physical item, shared component or separate installation instance."
component_candidate:maintenance_serviceability_access_doors_door_seal_gasket,component_candidate,generated_needs_review,generated_model,door seal gasket,door seal gasket is an architecture-derived component candidate with quantity 1 candidate.,model:scratch_universal_architecture.energy_storage,,,,maintenance_serviceability,door_seal_gasket,false,true,"Review whether this is a unique physical item, shared component or separate installation instance."
component_candidate:maintenance_serviceability_access_doors_door_stay_arm,component_candidate,generated_needs_review,generated_model,door stay arm,door stay arm is an architecture-derived component candidate with quantity 1 candidate.,model:scratch_universal_architecture.energy_storage,,,,maintenance_serviceability,door_stay_arm,false,true,"Review whether this is a unique physical item, shared component or separate installation instance."
component_candidate:maintenance_serviceability_access_doors_lockable_access_door,component_candidate,generated_needs_review,generated_model,lockable access door,lockable access door is an architecture-derived component candidate with quantity 1 candidate.,model:scratch_universal_architecture.energy_storage,,,mass_kg,maintenance_serviceability,lockable_access_door,false,true,"Review whether this is a unique physical item, shared component or separate installation instance."
component_candidate:maintenance_serviceability_access_doors_panic_release_latch,component_candidate,generated_needs_review,generated_model,panic release latch,panic release latch is an architecture-derived component candidate with quantity 1 candidate.,model:scratch_universal_architecture.energy_storage,,,,maintenance_serviceability,panic_release_latch,false,true,"Review whether this is a unique physical item, shared component or separate installation instance."
component_candidate:maintenance_serviceability_commissioning_ports_commissioning_torque_log_plate,component_candidate,generated_needs_review,generated_model,commissioning torque log plate,commissioning torque log plate is an architecture-derived component candidate with quantity 1 candidate.,model:scratch_universal_architecture.energy_storage,,,,maintenance_serviceability,commissioning_torque_log_plate,false,true,"Review whether this is a unique physical item, shared component or separate installation instance."
component_candidate:maintenance_serviceability_commissioning_ports_coolant_sampling_port,component_candidate,generated_needs_review,generated_model,coolant sampling port,coolant sampling port is an architecture-derived component candidate with quantity 1 candidate.,model:scratch_universal_architecture.energy_storage,,,,maintenance_serviceability,coolant_sampling_port,false,true,"Review whether this is a unique physical item, shared component or separate installation instance."
component_candidate:maintenance_serviceability_commissioning_ports_insulated_test_socket,component_candidate,generated_needs_review,generated_model,insulated test socket,insulated test socket is an architecture-derived component candidate with quantity 1 candidate.,model:scratch_universal_architecture.energy_storage,,,,maintenance_serviceability,insulated_test_socket,false,true,"Review whether this is a unique physical item, shared component or separate installation instance."
component_candidate:maintenance_serviceability_commissioning_ports_laptop_service_port,component_candidate,generated_needs_review,generated_model,laptop service port,laptop service port is an architecture-derived component candidate with quantity 1 candidate.,model:scratch_universal_architecture.energy_storage,,,,maintenance_serviceability,laptop_service_port,false,true,"Review whether this is a unique physical item, shared component or separate installation instance."
component_candidate:maintenance_serviceability_commissioning_ports_lockout_hasp_rail,component_candidate,generated_needs_review,generated_model,lockout hasp rail,lockout hasp rail is an architecture-derived component candidate with quantity 1 candidate.,model:scratch_universal_architecture.energy_storage,,,,maintenance_serviceability,lockout_hasp_rail,false,true,"Review whether this is a unique physical item, shared component or separate installation instance."
component_candidate:maintenance_serviceability_lifting_handling_certified_lifting_lug,component_candidate,generated_needs_review,generated_model,certified lifting lug,certified lifting lug is an architecture-derived component candidate with quantity 1 candidate.,model:scratch_universal_architecture.energy_storage,,,,maintenance_serviceability,certified_lifting_lug,false,true,"Review whether this is a unique physical item, shared component or separate installation instance."
component_candidate:maintenance_serviceability_lifting_handling_forklift_pocket_reinforcement,component_candidate,generated_needs_review,generated_model,forklift pocket reinforcement,forklift pocket reinforcement is an architecture-derived component candidate with quantity 1 candidate.,model:scratch_universal_architecture.energy_storage,,,,maintenance_serviceability,forklift_pocket_reinforcement,false,true,"Review whether this is a unique physical item, shared component or separate installation instance."
component_candidate:maintenance_serviceability_lifting_handling_removable_rack_guide,component_candidate,generated_needs_review,generated_model,removable rack guide,removable rack guide is an architecture-derived component candidate with quantity 1 candidate.,model:scratch_universal_architecture.energy_storage,,,,maintenance_serviceability,removable_rack_guide,false,true,"Review whether this is a unique physical item, shared component or separate installation instance."
component_candidate:maintenance_serviceability_lifting_handling_service_trolley_interface,component_candidate,generated_needs_review,generated_model,service trolley interface,service trolley interface is an architecture-derived component candidate with quantity 1 candidate.,model:scratch_universal_architecture.energy_storage,,,,maintenance_serviceability,service_trolley_interface,false,true,"Review whether this is a unique physical item, shared component or separate installation instance."
component_candidate:maintenance_serviceability_service_lighting_emergency_light_fitting,component_candidate,generated_needs_review,generated_model,emergency light fitting,emergency light fitting is an architecture-derived component candidate with quantity 1 candidate.,model:scratch_universal_architecture.energy_storage,,,,maintenance_serviceability,emergency_light_fitting,false,true,"Review whether this is a unique physical item, shared component or separate installation instance."
component_candidate:maintenance_serviceability_service_lighting_led_service_luminaire,component_candidate,generated_needs_review,generated_model,LED service luminaire,LED service luminaire is an architecture-derived component candidate with quantity 1 candidate.,model:scratch_universal_architecture.energy_storage,,,,maintenance_serviceability,led_service_luminaire,false,true,"Review whether this is a unique physical item, shared component or separate installation instance."
component_candidate:maintenance_serviceability_service_lighting_lighting_switchgear,component_candidate,generated_needs_review,generated_model,lighting switchgear,lighting switchgear is an architecture-derived component candidate with quantity 1 candidate.,model:scratch_universal_architecture.energy_storage,,,,maintenance_serviceability,lighting_switchgear,false,true,"Review whether this is a unique physical item, shared component or separate installation instance."
component_candidate:maintenance_serviceability_service_lighting_maintenance_receptacle,component_candidate,generated_needs_review,generated_model,maintenance receptacle,maintenance receptacle is an architecture-derived component candidate with quantity 1 candidate.,model:scratch_universal_architecture.energy_storage,,,,maintenance_serviceability,maintenance_receptacle,false,true,"Review whether this is a unique physical item, shared component or separate installation instance."
component_candidate:mass_fluid_transport_process_expansion_air_removal_automatic_air_vent,component_candidate,generated_needs_review,generated_model,automatic air vent,automatic air vent is an architecture-derived component candidate with quantity 1 candidate.,model:scratch_universal_architecture.energy_storage,,,,mass_fluid_transport_process,automatic_air_vent,false,true,"Review whether this is a unique physical item, shared component or separate installation instance."
component_candidate:mass_fluid_transport_process_expansion_air_removal_expansion_vessel,component_candidate,generated_needs_review,generated_model,expansion vessel,expansion vessel is an architecture-derived component candidate with quantity 1 candidate.,model:scratch_universal_architecture.energy_storage,,,,mass_fluid_transport_process,expansion_vessel,false,true,"Review whether this is a unique physical item, shared component or separate installation instance."
component_candidate:mass_fluid_transport_process_expansion_air_removal_low_pressure_switch,component_candidate,generated_needs_review,generated_model,low pressure switch,low pressure switch is an architecture-derived component candidate with quantity 1 candidate.,model:scratch_universal_architecture.energy_storage,,,,mass_fluid_transport_process,low_pressure_switch,false,true,"Review whether this is a unique physical item, shared component or separate installation instance."
component_candidate:mass_fluid_transport_process_expansion_air_removal_pressure_relief_valve,component_candidate,generated_needs_review,generated_model,pressure relief valve,pressure relief valve is an architecture-derived component candidate with quantity 1 candidate.,model:scratch_universal_architecture.energy_storage,,,,mass_fluid_transport_process,pressure_relief_valve,false,true,"Review whether this is a unique physical item, shared component or separate installation instance."
component_candidate:mass_fluid_transport_process_filtration_treatment_coolant_filter_housing,component_candidate,generated_needs_review,generated_model,coolant filter housing,coolant filter housing is an architecture-derived component candidate with quantity 1 candidate.,model:scratch_universal_architecture.energy_storage,,,,mass_fluid_transport_process,coolant_filter_housing,false,true,"Review whether this is a unique physical item, shared component or separate installation instance."
component_candidate:mass_fluid_transport_process_filtration_treatment_fill_and_drain_manifold,component_candidate,generated_needs_review,generated_model,fill and drain manifold,fill and drain manifold is an architecture-derived component candidate with quantity 1 candidate.,model:scratch_universal_architecture.energy_storage,,,,mass_fluid_transport_process,fill_and_drain_manifold,false,true,"Review whether this is a unique physical item, shared component or separate installation instance."
component_candidate:mass_fluid_transport_process_filtration_treatment_glycol_concentration_sensor,component_candidate,generated_needs_review,generated_model,glycol concentration sensor,glycol concentration sensor is an architecture-derived component candidate with quantity 1 candidate.,model:scratch_universal_architecture.energy_storage,,,,mass_fluid_transport_process,glycol_concentration_sensor,false,true,"Review whether this is a unique physical item, shared component or separate installation instance."
component_candidate:mass_fluid_transport_process_filtration_treatment_replaceable_filter_cartridge,component_candidate,generated_needs_review,generated_model,replaceable filter cartridge,replaceable filter cartridge is an architecture-derived component candidate with quantity 1 candidate.,model:scratch_universal_architecture.energy_storage,,,,mass_fluid_transport_process,replaceable_filter_cartridge,false,true,"Review whether this is a unique physical item, shared component or separate installation instance."
component_candidate:mass_fluid_transport_process_heat_exchanger_manifold_insulated_hose_set,component_candidate,generated_needs_review,generated_model,insulated hose set,insulated hose set is an architecture-derived component candidate with quantity 1 candidate.,model:scratch_universal_architecture.energy_storage,,,,mass_fluid_transport_process,insulated_hose_set,false,true,"Review whether this is a unique physical item, shared component or separate installation instance."
component_candidate:mass_fluid_transport_process_heat_exchanger_manifold_plate_heat_exchanger,component_candidate,generated_needs_review,generated_model,plate heat exchanger,plate heat exchanger is an architecture-derived component candidate with quantity 1 candidate.,model:scratch_universal_architecture.energy_storage,,,,mass_fluid_transport_process,plate_heat_exchanger,false,true,"Review whether this is a unique physical item, shared component or separate installation instance."
component_candidate:mass_fluid_transport_process_heat_exchanger_manifold_purge_valve_set,component_candidate,generated_needs_review,generated_model,purge valve set,purge valve set is an architecture-derived component candidate with quantity 1 candidate.,model:scratch_universal_architecture.energy_storage,,,,mass_fluid_transport_process,purge_valve_set,false,true,"Review whether this is a unique physical item, shared component or separate installation instance."
component_candidate:mass_fluid_transport_process_heat_exchanger_manifold_service_bypass_loop,component_candidate,generated_needs_review,generated_model,service bypass loop,service bypass loop is an architecture-derived component candidate with quantity 1 candidate.,model:scratch_universal_architecture.energy_storage,,,,mass_fluid_transport_process,service_bypass_loop,false,true,"Review whether this is a unique physical item, shared component or separate installation instance."
component_candidate:mass_fluid_transport_process_heat_exchanger_manifold_temperature_balancing_valve,component_candidate,generated_needs_review,generated_model,temperature balancing valve,temperature balancing valve is an architecture-derived component candidate with quantity 1 candidate.,model:scratch_universal_architecture.energy_storage,,,,mass_fluid_transport_process,temperature_balancing_valve,false,true,"Review whether this is a unique physical item, shared component or separate installation instance."
component_candidate:mass_fluid_transport_process_pump_station_check_valve,component_candidate,generated_needs_review,generated_model,check valve,check valve is an architecture-derived component candidate with quantity 1 candidate.,model:scratch_universal_architecture.energy_storage,,,,mass_fluid_transport_process,check_valve,false,true,"Review whether this is a unique physical item, shared component or separate installation instance."
component_candidate:mass_fluid_transport_process_pump_station_coolant_circulation_pump,component_candidate,generated_needs_review,generated_model,coolant circulation pump,coolant circulation pump is an architecture-derived component candidate with quantity 1 candidate.,model:scratch_universal_architecture.energy_storage,,,,mass_fluid_transport_process,coolant_circulation_pump,false,true,"Review whether this is a unique physical item, shared component or separate installation instance."
component_candidate:mass_fluid_transport_process_pump_station_isolation_valve,component_candidate,generated_needs_review,generated_model,isolation valve,isolation valve is an architecture-derived component candidate with quantity 1 candidate.,model:scratch_universal_architecture.energy_storage,,,,mass_fluid_transport_process,isolation_valve,false,true,"Review whether this is a unique physical item, shared component or separate installation instance."
component_candidate:mass_fluid_transport_process_pump_station_pump_vfd,component_candidate,generated_needs_review,generated_model,pump VFD,pump VFD is an architecture-derived component candidate with quantity 1 candidate.,model:scratch_universal_architecture.energy_storage,,,,mass_fluid_transport_process,pump_vfd,false,true,"Review whether this is a unique physical item, shared component or separate installation instance."
component_candidate:power_distribution_ac_switchgear_ac_contactor,component_candidate,generated_needs_review,generated_model,AC contactor,AC contactor is an architecture-derived component candidate with quantity 1 candidate.,model:scratch_universal_architecture.energy_storage,,,,power_distribution,ac_contactor,false,true,"Review whether this is a unique physical item, shared component or separate installation instance."
component_candidate:power_distribution_ac_switchgear_metering_ct_set,component_candidate,generated_needs_review,generated_model,metering CT set,metering CT set is an architecture-derived component candidate with quantity 1 candidate.,model:scratch_universal_architecture.energy_storage,,,,power_distribution,metering_ct_set,false,true,"Review whether this is a unique physical item, shared component or separate installation instance."
component_candidate:power_distribution_ac_switchgear_moulded_case_circuit_breaker,component_candidate,generated_needs_review,generated_model,moulded-case circuit breaker,moulded-case circuit breaker is an architecture-derived component candidate with quantity 1 candidate.,model:scratch_universal_architecture.energy_storage,,,,power_distribution,moulded_case_circuit_breaker,false,true,"Review whether this is a unique physical item, shared component or separate installation instance."
component_candidate:power_distribution_ac_switchgear_terminal_block_assembly,component_candidate,generated_needs_review,generated_model,terminal block assembly,terminal block assembly is an architecture-derived component candidate with quantity 1 candidate.,model:scratch_universal_architecture.energy_storage,,,,power_distribution,terminal_block_assembly,false,true,"Review whether this is a unique physical item, shared component or separate installation instance."
component_candidate:power_distribution_auxiliary_power_24_v_dc_power_supply,component_candidate,generated_needs_review,generated_model,24 V DC power supply,24 V DC power supply is an architecture-derived component candidate with quantity 1 candidate.,model:scratch_universal_architecture.energy_storage,,,,power_distribution,24_v_dc_power_supply,false,true,"Review whether this is a unique physical item, shared component or separate installation instance."
component_candidate:power_distribution_auxiliary_power_auxiliary_transformer,component_candidate,generated_needs_review,generated_model,auxiliary transformer,auxiliary transformer is an architecture-derived component candidate with quantity 1 candidate.,model:scratch_universal_architecture.energy_storage,,,,power_distribution,auxiliary_transformer,false,true,"Review whether this is a unique physical item, shared component or separate installation instance."
component_candidate:power_distribution_auxiliary_power_miniature_circuit_breaker_bank,component_candidate,generated_needs_review,generated_model,miniature circuit breaker bank,miniature circuit breaker bank is an architecture-derived component candidate with quantity 1 candidate.,model:scratch_universal_architecture.energy_storage,,,,power_distribution,miniature_circuit_breaker_bank,false,true,"Review whether this is a unique physical item, shared component or separate installation instance."
component_candidate:power_distribution_auxiliary_power_ups_module,component_candidate,generated_needs_review,generated_model,UPS module,UPS module is an architecture-derived component candidate with quantity 1 candidate.,model:scratch_universal_architecture.energy_storage,,,,power_distribution,ups_module,false,true,"Review whether this is a unique physical item, shared component or separate installation instance."
component_candidate:power_distribution_dc_busbars_busbar_shroud,component_candidate,generated_needs_review,generated_model,busbar shroud,busbar shroud is an architecture-derived component candidate with quantity 1 candidate.,model:scratch_universal_architecture.energy_storage,,,,power_distribution,busbar_shroud,false,true,"Review whether this is a unique physical item, shared component or separate installation instance."
component_candidate:power_distribution_dc_busbars_busbar_support_insulator,component_candidate,generated_needs_review,generated_model,busbar support insulator,busbar support insulator is an architecture-derived component candidate with quantity 1 candidate.,model:scratch_universal_architecture.energy_storage,,,,power_distribution,busbar_support_insulator,false,true,"Review whether this is a unique physical item, shared component or separate installation instance."
component_candidate:power_distribution_dc_busbars_copper_dc_busbar,component_candidate,generated_needs_review,generated_model,copper DC busbar,copper DC busbar is an architecture-derived component candidate with quantity 1 candidate.,model:scratch_universal_architecture.energy_storage,,,capacity_mwh; power_mw,power_distribution,copper_dc_busbar,false,true,"Review whether this is a unique physical item, shared component or separate installation instance."
component_candidate:power_distribution_dc_busbars_torque_witness_marker,component_candidate,generated_needs_review,generated_model,torque witness marker,torque witness marker is an architecture-derived component candidate with quantity 1 candidate.,model:scratch_universal_architecture.energy_storage,,,,power_distribution,torque_witness_marker,false,true,"Review whether this is a unique physical item, shared component or separate installation instance."
component_candidate:power_distribution_earthing_lightning_earth_continuity_test_point,component_candidate,generated_needs_review,generated_model,earth continuity test point,earth continuity test point is an architecture-derived component candidate with quantity 1 candidate.,model:scratch_universal_architecture.energy_storage,,,,power_distribution,earth_continuity_test_point,false,true,"Review whether this is a unique physical item, shared component or separate installation instance."
component_candidate:power_distribution_earthing_lightning_earth_stud_array,component_candidate,generated_needs_review,generated_model,earth stud array,earth stud array is an architecture-derived component candidate with quantity 1 candidate.,model:scratch_universal_architecture.energy_storage,,,,power_distribution,earth_stud_array,false,true,"Review whether this is a unique physical item, shared component or separate installation instance."
component_candidate:power_distribution_earthing_lightning_equipotential_bonding_strap,component_candidate,generated_needs_review,generated_model,equipotential bonding strap,equipotential bonding strap is an architecture-derived component candidate with quantity 1 candidate.,model:scratch_universal_architecture.energy_storage,,,,power_distribution,equipotential_bonding_strap,false,true,"Review whether this is a unique physical item, shared component or separate installation instance."
component_candidate:power_distribution_earthing_lightning_lightning_surge_counter,component_candidate,generated_needs_review,generated_model,lightning surge counter,lightning surge counter is an architecture-derived component candidate with quantity 1 candidate.,model:scratch_universal_architecture.energy_storage,,,,power_distribution,lightning_surge_counter,false,true,"Review whether this is a unique physical item, shared component or separate installation instance."
component_candidate:power_distribution_earthing_lightning_main_earth_bar,component_candidate,generated_needs_review,generated_model,main earth bar,main earth bar is an architecture-derived component candidate with quantity 1 candidate.,model:scratch_universal_architecture.energy_storage,,,,power_distribution,main_earth_bar,false,true,"Review whether this is a unique physical item, shared component or separate installation instance."
component_candidate:safety_protection_deflagration_venting_flame_arrestor_mesh,component_candidate,generated_needs_review,generated_model,flame arrestor mesh,flame arrestor mesh is an architecture-derived component candidate with quantity 1 candidate.,model:scratch_universal_architecture.energy_storage,,,,safety_protection,flame_arrestor_mesh,false,true,"Review whether this is a unique physical item, shared component or separate installation instance."
component_candidate:safety_protection_deflagration_venting_post_event_inspection_tag,component_candidate,generated_needs_review,generated_model,post-event inspection tag,post-event inspection tag is an architecture-derived component candidate with quantity 1 candidate.,model:scratch_universal_architecture.energy_storage,,,,safety_protection,post_event_inspection_tag,false,true,"Review whether this is a unique physical item, shared component or separate installation instance."
component_candidate:safety_protection_deflagration_venting_pressure_relief_vent_panel,component_candidate,generated_needs_review,generated_model,pressure relief vent panel,pressure relief vent panel is an architecture-derived component candidate with quantity 1 candidate.,model:scratch_universal_architecture.energy_storage,,,,safety_protection,pressure_relief_vent_panel,false,true,"Review whether this is a unique physical item, shared component or separate installation instance."
component_candidate:safety_protection_deflagration_venting_vent_microswitch,component_candidate,generated_needs_review,generated_model,vent microswitch,vent microswitch is an architecture-derived component candidate with quantity 1 candidate.,model:scratch_universal_architecture.energy_storage,,,,safety_protection,vent_microswitch,false,true,"Review whether this is a unique physical item, shared component or separate installation instance."
component_candidate:safety_protection_deflagration_venting_vent_weather_hood,component_candidate,generated_needs_review,generated_model,vent weather hood,vent weather hood is an architecture-derived component candidate with quantity 1 candidate.,model:scratch_universal_architecture.energy_storage,,,,safety_protection,vent_weather_hood,false,true,"Review whether this is a unique physical item, shared component or separate installation instance."
component_candidate:safety_protection_emergency_stop_ac_breaker_trip_coil,component_candidate,generated_needs_review,generated_model,AC breaker trip coil,AC breaker trip coil is an architecture-derived component candidate with quantity 1 candidate.,model:scratch_universal_architecture.energy_storage,,,,safety_protection,ac_breaker_trip_coil,false,true,"Review whether this is a unique physical item, shared component or separate installation instance."
component_candidate:safety_protection_emergency_stop_dc_shunt_trip_output,component_candidate,generated_needs_review,generated_model,DC shunt trip output,DC shunt trip output is an architecture-derived component candidate with quantity 1 candidate.,model:scratch_universal_architecture.energy_storage,,,,safety_protection,dc_shunt_trip_output,false,true,"Review whether this is a unique physical item, shared component or separate installation instance."
component_candidate:safety_protection_emergency_stop_e_stop_mushroom_button,component_candidate,generated_needs_review,generated_model,E-stop mushroom button,E-stop mushroom button is an architecture-derived component candidate with quantity 1 candidate.,model:scratch_universal_architecture.energy_storage,,,,safety_protection,e_stop_mushroom_button,false,true,"Review whether this is a unique physical item, shared component or separate installation instance."
component_candidate:safety_protection_emergency_stop_safety_relay,component_candidate,generated_needs_review,generated_model,safety relay,safety relay is an architecture-derived component candidate with quantity 1 candidate.,model:scratch_universal_architecture.energy_storage,,,,safety_protection,safety_relay,false,true,"Review whether this is a unique physical item, shared component or separate installation instance."
component_candidate:safety_protection_fire_suppression_clean_agent_cylinder,component_candidate,generated_needs_review,generated_model,clean-agent cylinder,clean-agent cylinder is an architecture-derived component candidate with quantity 1 candidate.,model:scratch_universal_architecture.energy_storage,,,,safety_protection,clean_agent_cylinder,false,true,"Review whether this is a unique physical item, shared component or separate installation instance."
component_candidate:safety_protection_fire_suppression_nozzle_pipework,component_candidate,generated_needs_review,generated_model,nozzle pipework,nozzle pipework is an architecture-derived component candidate with quantity 1 candidate.,model:scratch_universal_architecture.energy_storage,,,,safety_protection,nozzle_pipework,false,true,"Review whether this is a unique physical item, shared component or separate installation instance."
component_candidate:safety_protection_fire_suppression_pressure_switch,component_candidate,generated_needs_review,generated_model,pressure switch,pressure switch is an architecture-derived component candidate with quantity 1 candidate.,model:scratch_universal_architecture.energy_storage,,,,safety_protection,pressure_switch,false,true,"Review whether this is a unique physical item, shared component or separate installation instance."
component_candidate:safety_protection_fire_suppression_release_solenoid,component_candidate,generated_needs_review,generated_model,release solenoid,release solenoid is an architecture-derived component candidate with quantity 1 candidate.,model:scratch_universal_architecture.energy_storage,,,,safety_protection,release_solenoid,false,true,"Review whether this is a unique physical item, shared component or separate installation instance."
component_candidate:safety_protection_surge_fault_protection_ac_surge_protection_device,component_candidate,generated_needs_review,generated_model,AC surge protection device,AC surge protection device is an architecture-derived component candidate with quantity 1 candidate.,model:scratch_universal_architecture.energy_storage,,,,safety_protection,ac_surge_protection_device,false,true,"Review whether this is a unique physical item, shared component or separate installation instance."
component_candidate:safety_protection_surge_fault_protection_arc_flash_label_set,component_candidate,generated_needs_review,generated_model,arc flash label set,arc flash label set is an architecture-derived component candidate with quantity 1 candidate.,model:scratch_universal_architecture.energy_storage,,,,safety_protection,arc_flash_label_set,false,true,"Review whether this is a unique physical item, shared component or separate installation instance."
component_candidate:safety_protection_surge_fault_protection_dc_surge_protection_device,component_candidate,generated_needs_review,generated_model,DC surge protection device,DC surge protection device is an architecture-derived component candidate with quantity 1 candidate.,model:scratch_universal_architecture.energy_storage,,,,safety_protection,dc_surge_protection_device,false,true,"Review whether this is a unique physical item, shared component or separate installation instance."
component_candidate:safety_protection_surge_fault_protection_protective_earth_bonding_kit,component_candidate,generated_needs_review,generated_model,protective earth bonding kit,protective earth bonding kit is an architecture-derived component candidate with quantity 1 candidate.,model:scratch_universal_architecture.energy_storage,,,,safety_protection,protective_earth_bonding_kit,false,true,"Review whether this is a unique physical item, shared component or separate installation instance."
component_candidate:sensing_instrumentation_electrical_measurement_auxiliary_metering_transducer,component_candidate,generated_needs_review,generated_model,auxiliary metering transducer,auxiliary metering transducer is an architecture-derived component candidate with quantity 1 candidate.,model:scratch_universal_architecture.energy_storage,,,,sensing_instrumentation,auxiliary_metering_transducer,false,true,"Review whether this is a unique physical item, shared component or separate installation instance."
component_candidate:sensing_instrumentation_electrical_measurement_dc_voltage_transducer,component_candidate,generated_needs_review,generated_model,DC voltage transducer,DC voltage transducer is an architecture-derived component candidate with quantity 1 candidate.,model:scratch_universal_architecture.energy_storage,,,,sensing_instrumentation,dc_voltage_transducer,false,true,"Review whether this is a unique physical item, shared component or separate installation instance."
component_candidate:sensing_instrumentation_electrical_measurement_hall_current_sensor,component_candidate,generated_needs_review,generated_model,Hall current sensor,Hall current sensor is an architecture-derived component candidate with quantity 1 candidate.,model:scratch_universal_architecture.energy_storage,,,,sensing_instrumentation,hall_current_sensor,false,true,"Review whether this is a unique physical item, shared component or separate installation instance."
component_candidate:sensing_instrumentation_electrical_measurement_insulation_monitoring_device,component_candidate,generated_needs_review,generated_model,insulation monitoring device,insulation monitoring device is an architecture-derived component candidate with quantity 1 candidate.,model:scratch_universal_architecture.energy_storage,,,,sensing_instrumentation,insulation_monitoring_device,false,true,"Review whether this is a unique physical item, shared component or separate installation instance."
component_candidate:sensing_instrumentation_environmental_sensors_door_position_switch,component_candidate,generated_needs_review,generated_model,door position switch,door position switch is an architecture-derived component candidate with quantity 1 candidate.,model:scratch_universal_architecture.energy_storage,,,,sensing_instrumentation,door_position_switch,false,true,"Review whether this is a unique physical item, shared component or separate installation instance."
component_candidate:sensing_instrumentation_environmental_sensors_hydrogen_detector,component_candidate,generated_needs_review,generated_model,hydrogen detector,hydrogen detector is an architecture-derived component candidate with quantity 1 candidate.,model:scratch_universal_architecture.energy_storage,,,,sensing_instrumentation,hydrogen_detector,false,true,"Review whether this is a unique physical item, shared component or separate installation instance."
component_candidate:sensing_instrumentation_environmental_sensors_smoke_aspirating_detector,component_candidate,generated_needs_review,generated_model,smoke aspirating detector,smoke aspirating detector is an architecture-derived component candidate with quantity 1 candidate.,model:scratch_universal_architecture.energy_storage,,,,sensing_instrumentation,smoke_aspirating_detector,false,true,"Review whether this is a unique physical item, shared component or separate installation instance."
component_candidate:sensing_instrumentation_environmental_sensors_temperature_humidity_sensor,component_candidate,generated_needs_review,generated_model,temperature humidity sensor,temperature humidity sensor is an architecture-derived component candidate with quantity 1 candidate.,model:scratch_universal_architecture.energy_storage,,,,sensing_instrumentation,temperature_humidity_sensor,false,true,"Review whether this is a unique physical item, shared component or separate installation instance."
component_candidate:sensing_instrumentation_event_recording_calibration_certificate_holder,component_candidate,generated_needs_review,generated_model,calibration certificate holder,calibration certificate holder is an architecture-derived component candidate with quantity 1 candidate.,model:scratch_universal_architecture.energy_storage,,,,sensing_instrumentation,calibration_certificate_holder,false,true,"Review whether this is a unique physical item, shared component or separate installation instance."
component_candidate:sensing_instrumentation_event_recording_digital_input_card,component_candidate,generated_needs_review,generated_model,digital input card,digital input card is an architecture-derived component candidate with quantity 1 candidate.,model:scratch_universal_architecture.energy_storage,,,,sensing_instrumentation,digital_input_card,false,true,"Review whether this is a unique physical item, shared component or separate installation instance."
component_candidate:sensing_instrumentation_event_recording_event_timestamp_logger,component_candidate,generated_needs_review,generated_model,event timestamp logger,event timestamp logger is an architecture-derived component candidate with quantity 1 candidate.,model:scratch_universal_architecture.energy_storage,,,,sensing_instrumentation,event_timestamp_logger,false,true,"Review whether this is a unique physical item, shared component or separate installation instance."
component_candidate:sensing_instrumentation_event_recording_fault_recorder_module,component_candidate,generated_needs_review,generated_model,fault recorder module,fault recorder module is an architecture-derived component candidate with quantity 1 candidate.,model:scratch_universal_architecture.energy_storage,,,,sensing_instrumentation,fault_recorder_module,false,true,"Review whether this is a unique physical item, shared component or separate installation instance."
component_candidate:sensing_instrumentation_event_recording_local_historian_buffer,component_candidate,generated_needs_review,generated_model,local historian buffer,local historian buffer is an architecture-derived component candidate with quantity 1 candidate.,model:scratch_universal_architecture.energy_storage,,,,sensing_instrumentation,local_historian_buffer,false,true,"Review whether this is a unique physical item, shared component or separate installation instance."
component_candidate:sensing_instrumentation_thermal_sensors_coolant_inlet_thermistor,component_candidate,generated_needs_review,generated_model,coolant inlet thermistor,coolant inlet thermistor is an architecture-derived component candidate with quantity 1 candidate.,model:scratch_universal_architecture.energy_storage,,,,sensing_instrumentation,coolant_inlet_thermistor,false,true,"Review whether this is a unique physical item, shared component or separate installation instance."
component_candidate:sensing_instrumentation_thermal_sensors_coolant_outlet_thermistor,component_candidate,generated_needs_review,generated_model,coolant outlet thermistor,coolant outlet thermistor is an architecture-derived component candidate with quantity 1 candidate.,model:scratch_universal_architecture.energy_storage,,,,sensing_instrumentation,coolant_outlet_thermistor,false,true,"Review whether this is a unique physical item, shared component or separate installation instance."
component_candidate:sensing_instrumentation_thermal_sensors_flow_meter,component_candidate,generated_needs_review,generated_model,flow meter,flow meter is an architecture-derived component candidate with quantity 1 candidate.,model:scratch_universal_architecture.energy_storage,,,,sensing_instrumentation,flow_meter,false,true,"Review whether this is a unique physical item, shared component or separate installation instance."
component_candidate:sensing_instrumentation_thermal_sensors_pressure_transducer,component_candidate,generated_needs_review,generated_model,pressure transducer,pressure transducer is an architecture-derived component candidate with quantity 1 candidate.,model:scratch_universal_architecture.energy_storage,,,,sensing_instrumentation,pressure_transducer,false,true,"Review whether this is a unique physical item, shared component or separate installation instance."
component_candidate:structure_containment_cable_penetration_sealing_emc_cable_gland,component_candidate,generated_needs_review,generated_model,EMC cable gland,EMC cable gland is an architecture-derived component candidate with quantity 1 candidate.,model:scratch_universal_architecture.energy_storage,,,,structure_containment,emc_cable_gland,false,true,"Review whether this is a unique physical item, shared component or separate installation instance."
component_candidate:structure_containment_cable_penetration_sealing_firestop_collar_set,component_candidate,generated_needs_review,generated_model,firestop collar set,firestop collar set is an architecture-derived component candidate with quantity 1 candidate.,model:scratch_universal_architecture.energy_storage,,,,structure_containment,firestop_collar_set,false,true,"Review whether this is a unique physical item, shared component or separate installation instance."
component_candidate:structure_containment_cable_penetration_sealing_gland_plate_assembly,component_candidate,generated_needs_review,generated_model,gland plate assembly,gland plate assembly is an architecture-derived component candidate with quantity 1 candidate.,model:scratch_universal_architecture.energy_storage,,,,structure_containment,gland_plate_assembly,false,true,"Review whether this is a unique physical item, shared component or separate installation instance."
component_candidate:structure_containment_cable_penetration_sealing_penetration_schedule_label,component_candidate,generated_needs_review,generated_model,penetration schedule label,penetration schedule label is an architecture-derived component candidate with quantity 1 candidate.,model:scratch_universal_architecture.energy_storage,,,,structure_containment,penetration_schedule_label,false,true,"Review whether this is a unique physical item, shared component or separate installation instance."
component_candidate:structure_containment_cable_penetration_sealing_rain_drip_shield,component_candidate,generated_needs_review,generated_model,rain drip shield,rain drip shield is an architecture-derived component candidate with quantity 1 candidate.,model:scratch_universal_architecture.energy_storage,,,,structure_containment,rain_drip_shield,false,true,"Review whether this is a unique physical item, shared component or separate installation instance."
component_candidate:structure_containment_container_shell_corner_casting,component_candidate,generated_needs_review,generated_model,corner casting,corner casting is an architecture-derived component candidate with quantity 1 candidate.,model:scratch_universal_architecture.energy_storage,,,,structure_containment,corner_casting,false,true,"Review whether this is a unique physical item, shared component or separate installation instance."
component_candidate:structure_containment_container_shell_corten_steel_side_panel,component_candidate,generated_needs_review,generated_model,corten steel side panel,corten steel side panel is an architecture-derived component candidate with quantity 1 candidate.,model:scratch_universal_architecture.energy_storage,,,mass_kg,structure_containment,corten_steel_side_panel,false,true,"Review whether this is a unique physical item, shared component or separate installation instance."
component_candidate:structure_containment_container_shell_marine_plywood_floor,component_candidate,generated_needs_review,generated_model,marine plywood floor,marine plywood floor is an architecture-derived component candidate with quantity 1 candidate.,model:scratch_universal_architecture.energy_storage,,,,structure_containment,marine_plywood_floor,false,true,"Review whether this is a unique physical item, shared component or separate installation instance."
component_candidate:structure_containment_container_shell_roof_panel,component_candidate,generated_needs_review,generated_model,roof panel,roof panel is an architecture-derived component candidate with quantity 1 candidate.,model:scratch_universal_architecture.energy_storage,,,,structure_containment,roof_panel,false,true,"Review whether this is a unique physical item, shared component or separate installation instance."
component_candidate:structure_containment_internal_partitions_fire_rated_board,component_candidate,generated_needs_review,generated_model,fire-rated board,fire-rated board is an architecture-derived component candidate with quantity 1 candidate.,model:scratch_universal_architecture.energy_storage,,,,structure_containment,fire_rated_board,false,true,"Review whether this is a unique physical item, shared component or separate installation instance."
component_candidate:structure_containment_internal_partitions_intumescent_sealant,component_candidate,generated_needs_review,generated_model,intumescent sealant,intumescent sealant is an architecture-derived component candidate with quantity 1 candidate.,model:scratch_universal_architecture.energy_storage,,,,structure_containment,intumescent_sealant,false,true,"Review whether this is a unique physical item, shared component or separate installation instance."
component_candidate:structure_containment_internal_partitions_mineral_wool_insulation,component_candidate,generated_needs_review,generated_model,mineral wool insulation,mineral wool insulation is an architecture-derived component candidate with quantity 1 candidate.,model:scratch_universal_architecture.energy_storage,,,,structure_containment,mineral_wool_insulation,false,true,"Review whether this is a unique physical item, shared component or separate installation instance."
component_candidate:structure_containment_internal_partitions_steel_stud_frame,component_candidate,generated_needs_review,generated_model,steel stud frame,steel stud frame is an architecture-derived component candidate with quantity 1 candidate.,model:scratch_universal_architecture.energy_storage,,,,structure_containment,steel_stud_frame,false,true,"Review whether this is a unique physical item, shared component or separate installation instance."
component_candidate:structure_containment_rack_mounting_anchor_bolt_set,component_candidate,generated_needs_review,generated_model,anchor bolt set,anchor bolt set is an architecture-derived component candidate with quantity 1 candidate.,model:scratch_universal_architecture.energy_storage,,,,structure_containment,anchor_bolt_set,false,true,"Review whether this is a unique physical item, shared component or separate installation instance."
component_candidate:structure_containment_rack_mounting_floor_reinforcement_plate,component_candidate,generated_needs_review,generated_model,floor reinforcement plate,floor reinforcement plate is an architecture-derived component candidate with quantity 1 candidate.,model:scratch_universal_architecture.energy_storage,,,,structure_containment,floor_reinforcement_plate,false,true,"Review whether this is a unique physical item, shared component or separate installation instance."
component_candidate:structure_containment_rack_mounting_rack_mounting_rail,component_candidate,generated_needs_review,generated_model,rack mounting rail,rack mounting rail is an architecture-derived component candidate with quantity 1 candidate.,model:scratch_universal_architecture.energy_storage,,,,structure_containment,rack_mounting_rail,false,true,"Review whether this is a unique physical item, shared component or separate installation instance."
component_candidate:structure_containment_rack_mounting_vibration_isolator,component_candidate,generated_needs_review,generated_model,vibration isolator,vibration isolator is an architecture-derived component candidate with quantity 1 candidate.,model:scratch_universal_architecture.energy_storage,,,,structure_containment,vibration_isolator,false,true,"Review whether this is a unique physical item, shared component or separate installation instance."
module_allocation:control_compute_communication,module_allocation,generated_needs_review,generated_model,Control Compute And Communication,"Control Compute And Communication is a top-level functional module: Coordinates BMS, PCS, auxiliaries and site-level dispatch.",,,,power_mw,control_compute_communication,bms_master_controller; isolation_interface; contactor_driver_output; soc_estimation_firmware; industrial_controller; i_o_expansion_module; network_switch; cellular_router; modbus_tcp_gateway; scada_protocol_adapter; time_synchronisation_module; cybersecurity_firewall; vpn_access_appliance; syslog_collector; account_key_switch; firmware_escrow_tag; configuration_backup_module,false,true,"Accept, correct or reject the module allocation through engineering review."
module_allocation:energy_conversion_transduction,module_allocation,generated_needs_review,generated_model,Power Conversion System,Power Conversion System is a top-level functional module: Converts the battery DC bus into 1 MW grid-compatible AC output.,,,,capacity_mwh; power_mw,energy_conversion_transduction,pcs_inverter; igbt_power_module; dc_link_capacitor_bank; gate_driver_board; inverter_control_board; liquid_cooled_heatsink; cast_resin_transformer; hv_winding; lv_winding; temperature_probe; anti_vibration_mount; grid_filter_choke; ac_filter_capacitor; emi_filter_assembly; protective_earth_bar; grid_protection_relay; voltage_sensing_fuse_set; relay_test_block; trip_circuit_monitor; g99_settings_label,false,true,"Accept, correct or reject the module allocation through engineering review."
module_allocation:energy_storage_source,module_allocation,generated_needs_review,generated_model,Energy Storage Source,Energy Storage Source is a top-level functional module: Stores roughly 3.5 MWh usable energy in rack-mounted LFP cell assemblies.,,,,capacity_mwh,energy_storage_source,lfp_prismatic_cells; cell_to_cell_busbar; cell_terminal_hardware_set; cell_insulation_pad; module_fuse; module_steel_frame; compression_plate; compression_tie_rod_set; module_top_cover; rack_label_plate; bms_slave_pcb; afe_monitor_ic; ntc_thermistor_harness; isolated_can_transceiver; conformal_coating; dc_contactor_or_breaker; precharge_resistor; hv_fuse_holder; pack_current_sensor; service_disconnect; cell_voltage_sense_loom; rack_can_drop_cable; harness_strain_relief_rail; low_smoke_cable_sleeve; rack_cold_plate_manifold; thermally_conductive_gap_pad; coolant_quick_connector_pair; rack_drip_tray; leak_detection_rope,false,true,"Accept, correct or reject the module allocation through engineering review."
module_allocation:environmental_interface,module_allocation,generated_needs_review,generated_model,Environmental Interface,Environmental Interface is a top-level functional module: Maintains the container operating envelope across weather and heat loads.,,,,,environmental_interface,container_hvac_unit; air_filter_element; condensate_drain_kit; hvac_controller; intake_louvre; exhaust_louvre; ec_fan_assembly; airflow_baffle; insulation_panel; vapour_barrier_film; thermal_break_strip; seal_gasket_set; dry_cooler_coil; ec_condenser_fan; fan_contactor; coil_guard_grille; drain_safe_condensate_pan,false,true,"Accept, correct or reject the module allocation through engineering review."
module_allocation:hmi_ergonomics,module_allocation,generated_needs_review,generated_model,Operator HMI And Labelling,"Operator HMI And Labelling is a top-level functional module: Presents system status, controls access and communicates hazards to operators.",,,,,hmi_ergonomics,industrial_touchscreen; panel_pc; key_switch; alarm_buzzer_beacon; high_voltage_warning_label; arc_flash_boundary_label; fire_suppression_instruction_placard; asset_qr_label; laminated_isolation_checklist; inspection_log_holder; status_stack_light; manual_reset_station; operator_notification_relay; sms_alarm_output_module; alarm_acknowledgement_button; escalation_contact_label; remote_reset_inhibit_relay,false,true,"Accept, correct or reject the module allocation through engineering review."
module_allocation:maintenance_serviceability,module_allocation,generated_needs_review,generated_model,Maintenance And Serviceability,"Maintenance And Serviceability is a top-level functional module: Lets technicians inspect, isolate, lift and replace internal assemblies safely.",,,,mass_kg,maintenance_serviceability,lockable_access_door; door_seal_gasket; panic_release_latch; door_stay_arm; led_service_luminaire; emergency_light_fitting; maintenance_receptacle; lighting_switchgear; certified_lifting_lug; forklift_pocket_reinforcement; removable_rack_guide; service_trolley_interface; insulated_test_socket; coolant_sampling_port; laptop_service_port; lockout_hasp_rail; commissioning_torque_log_plate,false,true,"Accept, correct or reject the module allocation through engineering review."
module_allocation:mass_fluid_transport_process,module_allocation,generated_needs_review,generated_model,Coolant Circulation Process,"Coolant Circulation Process is a top-level functional module: Moves coolant through battery racks, heat exchangers and serviceable filters.",,,,,mass_fluid_transport_process,thermal_management_loop; coolant_circulation_pump; pump_vfd; check_valve; isolation_valve; coolant_filter_housing; replaceable_filter_cartridge; glycol_concentration_sensor; fill_and_drain_manifold; expansion_vessel; automatic_air_vent; pressure_relief_valve; low_pressure_switch; plate_heat_exchanger; temperature_balancing_valve; purge_valve_set; service_bypass_loop; insulated_hose_set,false,true,"Accept, correct or reject the module allocation through engineering review."
module_allocation:power_distribution,module_allocation,generated_needs_review,generated_model,DC And AC Power Distribution,"DC And AC Power Distribution is a top-level functional module: Routes high-voltage DC, grid AC and auxiliary power through protected paths.",,,,capacity_mwh; power_mw,power_distribution,copper_dc_busbar; busbar_support_insulator; busbar_shroud; torque_witness_marker; moulded_case_circuit_breaker; ac_contactor; metering_ct_set; terminal_block_assembly; auxiliary_transformer; 24_v_dc_power_supply; miniature_circuit_breaker_bank; ups_module; main_earth_bar; earth_stud_array; lightning_surge_counter; equipotential_bonding_strap; earth_continuity_test_point,false,true,"Accept, correct or reject the module allocation through engineering review."
module_allocation:safety_protection,module_allocation,generated_needs_review,generated_model,Safety Protection And Interlocks,Safety Protection And Interlocks is a top-level functional module: Detects unsafe conditions and forces the system into a protected state.,,,,,safety_protection,fire_detection_suppression; clean_agent_cylinder; release_solenoid; nozzle_pipework; pressure_switch; e_stop_mushroom_button; safety_relay; dc_shunt_trip_output; ac_breaker_trip_coil; dc_surge_protection_device; ac_surge_protection_device; arc_flash_label_set; protective_earth_bonding_kit; pressure_relief_vent_panel; vent_microswitch; flame_arrestor_mesh; vent_weather_hood; post_event_inspection_tag,false,true,"Accept, correct or reject the module allocation through engineering review."
module_allocation:sensing_instrumentation,module_allocation,generated_needs_review,generated_model,Sensing And Instrumentation,"Sensing And Instrumentation is a top-level functional module: Measures electrical, thermal and environmental state for operation and safety.",,,,,sensing_instrumentation,dc_voltage_transducer; hall_current_sensor; insulation_monitoring_device; auxiliary_metering_transducer; temperature_humidity_sensor; hydrogen_detector; smoke_aspirating_detector; door_position_switch; coolant_inlet_thermistor; coolant_outlet_thermistor; flow_meter; pressure_transducer; fault_recorder_module; event_timestamp_logger; digital_input_card; local_historian_buffer; calibration_certificate_holder,false,true,"Accept, correct or reject the module allocation through engineering review."
module_allocation:structure_containment,module_allocation,generated_needs_review,generated_model,Container Structure And Fit-Out,"Container Structure And Fit-Out is a top-level functional module: Provides weatherproof containment, transport structure and internal segregation.",,,,mass_kg,structure_containment,corten_steel_side_panel; corner_casting; marine_plywood_floor; roof_panel; steel_stud_frame; fire_rated_board; mineral_wool_insulation; intumescent_sealant; floor_reinforcement_plate; rack_mounting_rail; vibration_isolator; anchor_bolt_set; gland_plate_assembly; firestop_collar_set; emc_cable_gland; rain_drip_shield; penetration_schedule_label,false,true,"Accept, correct or reject the module allocation through engineering review."
regulatory_standard:G99,regulatory_standard,generated_needs_review,class_pack,G99,G99: UK grid connection requirements is relevant in UK.,class_pack:energy_storage.class_pack,,,,,,false,true,"Protection settings, relay test certificates and commissioning records."
regulatory_standard:IEC-62619,regulatory_standard,generated_needs_review,class_pack,IEC-62619,IEC-62619: Industrial lithium battery safety is relevant in Global / UK-adopted.,class_pack:energy_storage.class_pack,,,,,,false,true,Cell certificates and pack-level safety validation.
regulatory_standard:UL-9540A,regulatory_standard,generated_needs_review,class_pack,UL-9540A,UL-9540A: Thermal runaway fire propagation test is relevant in US / investor diligence.,class_pack:energy_storage.class_pack,,,,,,false,true,"Cell, module and unit-level propagation evidence."
risk_hazard:1,risk_hazard,generated_needs_review,class_pack,Thermal runaway propagation,"Thermal runaway propagation has provisional RPN 120 with mitigation: Cell spacing, thermal monitoring and clean-agent suppression.",,,,,,,false,true,"Review severity, occurrence, detection and mitigation with a domain reviewer before publication."
risk_hazard:2,risk_hazard,generated_needs_review,class_pack,DC arc fault,"DC arc fault has provisional RPN 108 with mitigation: Arc detection, contactor isolation and maintenance access controls.",,,,,,,false,true,"Review severity, occurrence, detection and mitigation with a domain reviewer before publication."
submodule_allocation:control_compute_communication:bms_master,submodule_allocation,generated_needs_review,generated_model,Control Compute And Communication / BMS master controller,BMS master controller is allocated under Control Compute And Communication: Supervises pack state and protective limits.,,,,power_mw,control_compute_communication,bms_master_controller; isolation_interface; contactor_driver_output; soc_estimation_firmware,false,true,Review component candidates and interface carriers for this submodule.
submodule_allocation:control_compute_communication:communications_gateway,submodule_allocation,generated_needs_review,generated_model,Control Compute And Communication / Communications gateway,Communications gateway is allocated under Control Compute And Communication: Bridges local controls to site and remote systems.,,,,power_mw,control_compute_communication,modbus_tcp_gateway; scada_protocol_adapter; time_synchronisation_module; cybersecurity_firewall,false,true,Review component candidates and interface carriers for this submodule.
submodule_allocation:control_compute_communication:cybersecurity_monitoring,submodule_allocation,generated_needs_review,generated_model,Control Compute And Communication / Cybersecurity monitoring,"Cybersecurity monitoring is allocated under Control Compute And Communication: Manages secure access, logging and recovery data for remote operation.",,,,power_mw,control_compute_communication,vpn_access_appliance; syslog_collector; account_key_switch; firmware_escrow_tag; configuration_backup_module,false,true,Review component candidates and interface carriers for this submodule.
submodule_allocation:control_compute_communication:ems_controller,submodule_allocation,generated_needs_review,generated_model,Control Compute And Communication / EMS controller,EMS controller is allocated under Control Compute And Communication: Dispatches power and monitors system state.,,,,power_mw,control_compute_communication,industrial_controller; i_o_expansion_module; network_switch; cellular_router,false,true,Review component candidates and interface carriers for this submodule.
submodule_allocation:energy_conversion_transduction:grid_filter,submodule_allocation,generated_needs_review,generated_model,Power Conversion System / Grid filter,Grid filter is allocated under Power Conversion System: Controls harmonics and conducted emissions.,,,,capacity_mwh; power_mw,energy_conversion_transduction,grid_filter_choke; ac_filter_capacitor; emi_filter_assembly; protective_earth_bar,false,true,Review component candidates and interface carriers for this submodule.
submodule_allocation:energy_conversion_transduction:grid_protection_relay,submodule_allocation,generated_needs_review,generated_model,Power Conversion System / Grid protection relay,"Grid protection relay is allocated under Power Conversion System: Supervises grid voltage, frequency and trip settings at the point of connection.",,,,capacity_mwh; power_mw,energy_conversion_transduction,grid_protection_relay; voltage_sensing_fuse_set; relay_test_block; trip_circuit_monitor; g99_settings_label,false,true,Review component candidates and interface carriers for this submodule.
submodule_allocation:energy_conversion_transduction:pcs_inverter,submodule_allocation,generated_needs_review,generated_model,Power Conversion System / PCS inverter bridge,PCS inverter bridge is allocated under Power Conversion System: Performs bidirectional DC/AC conversion.,,,,capacity_mwh; power_mw,energy_conversion_transduction,pcs_inverter; igbt_power_module; dc_link_capacitor_bank; gate_driver_board; inverter_control_board; liquid_cooled_heatsink,false,true,Review component candidates and interface carriers for this submodule.
submodule_allocation:energy_conversion_transduction:transformer_stage,submodule_allocation,generated_needs_review,generated_model,Power Conversion System / Transformer stage,Transformer stage is allocated under Power Conversion System: Adapts PCS output voltage to site connection voltage.,,,,capacity_mwh; power_mw,energy_conversion_transduction,cast_resin_transformer; hv_winding; lv_winding; temperature_probe; anti_vibration_mount,false,true,Review component candidates and interface carriers for this submodule.
submodule_allocation:energy_storage_source:bms_slave,submodule_allocation,generated_needs_review,generated_model,Energy Storage Source / BMS slave board,BMS slave board is allocated under Energy Storage Source: Measures cell voltage and temperature at rack level.,,,,capacity_mwh,energy_storage_source,bms_slave_pcb; afe_monitor_ic; ntc_thermistor_harness; isolated_can_transceiver; conformal_coating,false,true,Review component candidates and interface carriers for this submodule.
submodule_allocation:energy_storage_source:cell_string,submodule_allocation,generated_needs_review,generated_model,Energy Storage Source / Cell string,Cell string is allocated under Energy Storage Source: Electrochemical storage path assembled from series/parallel LFP cells.,,,,capacity_mwh,energy_storage_source,lfp_prismatic_cells; cell_to_cell_busbar; cell_terminal_hardware_set; cell_insulation_pad; module_fuse,false,true,Review component candidates and interface carriers for this submodule.
submodule_allocation:energy_storage_source:dc_string_output,submodule_allocation,generated_needs_review,generated_model,Energy Storage Source / DC string output,DC string output is allocated under Energy Storage Source: Combines rack outputs into a protected high-voltage DC path.,,,,capacity_mwh,energy_storage_source,dc_contactor_or_breaker; precharge_resistor; hv_fuse_holder; pack_current_sensor; service_disconnect,false,true,Review component candidates and interface carriers for this submodule.
submodule_allocation:energy_storage_source:module_interconnect_harness,submodule_allocation,generated_needs_review,generated_model,Energy Storage Source / Module interconnect harness,"Module interconnect harness is allocated under Energy Storage Source: Routes low-voltage sensing, communications and temperature signals across rack assemblies.",,,,capacity_mwh,energy_storage_source,cell_voltage_sense_loom; rack_can_drop_cable; harness_strain_relief_rail; low_smoke_cable_sleeve,false,true,Review component candidates and interface carriers for this submodule.
submodule_allocation:energy_storage_source:rack_structure,submodule_allocation,generated_needs_review,generated_model,Energy Storage Source / Rack structure,"Rack structure is allocated under Energy Storage Source: Constrains cell modules during transport, vibration and cycling expansion.",,,,capacity_mwh,energy_storage_source,module_steel_frame; compression_plate; compression_tie_rod_set; module_top_cover; rack_label_plate,false,true,Review component candidates and interface carriers for this submodule.
submodule_allocation:energy_storage_source:rack_thermal_interface,submodule_allocation,generated_needs_review,generated_model,Energy Storage Source / Rack thermal interface,Rack thermal interface is allocated under Energy Storage Source: Couples cell modules to the container thermal loop while preserving service replacement access.,,,,capacity_mwh,energy_storage_source,rack_cold_plate_manifold; thermally_conductive_gap_pad; coolant_quick_connector_pair; rack_drip_tray; leak_detection_rope,false,true,Review component candidates and interface carriers for this submodule.
submodule_allocation:environmental_interface:heat_rejection_coil,submodule_allocation,generated_needs_review,generated_model,Environmental Interface / Heat rejection coil,Heat rejection coil is allocated under Environmental Interface: Rejects battery and PCS heat from the coolant loop to outdoor air.,,,,,environmental_interface,dry_cooler_coil; ec_condenser_fan; fan_contactor; coil_guard_grille; drain_safe_condensate_pan,false,true,Review component candidates and interface carriers for this submodule.
submodule_allocation:environmental_interface:hvac_unit,submodule_allocation,generated_needs_review,generated_model,Environmental Interface / HVAC unit,HVAC unit is allocated under Environmental Interface: Controls air temperature and humidity inside compartments.,,,,,environmental_interface,container_hvac_unit; air_filter_element; condensate_drain_kit; hvac_controller,false,true,Review component candidates and interface carriers for this submodule.
submodule_allocation:environmental_interface:thermal_insulation,submodule_allocation,generated_needs_review,generated_model,Environmental Interface / Thermal insulation,Thermal insulation is allocated under Environmental Interface: Reduces ambient heat transfer into the container.,,,,,environmental_interface,insulation_panel; vapour_barrier_film; thermal_break_strip; seal_gasket_set,false,true,Review component candidates and interface carriers for this submodule.
submodule_allocation:environmental_interface:ventilation_path,submodule_allocation,generated_needs_review,generated_model,Environmental Interface / Ventilation path,"Ventilation path is allocated under Environmental Interface: Directs airflow around PCS, controls and service areas.",,,,,environmental_interface,intake_louvre; exhaust_louvre; ec_fan_assembly; airflow_baffle,false,true,Review component candidates and interface carriers for this submodule.
submodule_allocation:hmi_ergonomics:external_labelling,submodule_allocation,generated_needs_review,generated_model,Operator HMI And Labelling / External labelling,External labelling is allocated under Operator HMI And Labelling: Communicates hazards and service instructions.,,,,,hmi_ergonomics,high_voltage_warning_label; arc_flash_boundary_label; fire_suppression_instruction_placard; asset_qr_label,false,true,Review component candidates and interface carriers for this submodule.
submodule_allocation:hmi_ergonomics:local_hmi,submodule_allocation,generated_needs_review,generated_model,Operator HMI And Labelling / Local HMI panel,"Local HMI panel is allocated under Operator HMI And Labelling: Provides local status, alarms and manual controls.",,,,,hmi_ergonomics,industrial_touchscreen; panel_pc; key_switch; alarm_buzzer_beacon,false,true,Review component candidates and interface carriers for this submodule.
submodule_allocation:hmi_ergonomics:operator_workflow,submodule_allocation,generated_needs_review,generated_model,Operator HMI And Labelling / Operator workflow aids,Operator workflow aids is allocated under Operator HMI And Labelling: Supports safe inspection and reset actions.,,,,,hmi_ergonomics,laminated_isolation_checklist; inspection_log_holder; status_stack_light; manual_reset_station,false,true,Review component candidates and interface carriers for this submodule.
submodule_allocation:hmi_ergonomics:remote_notification,submodule_allocation,generated_needs_review,generated_model,Operator HMI And Labelling / Remote notification interface,Remote notification interface is allocated under Operator HMI And Labelling: Routes actionable alarms to the site operator while preventing unsafe remote reset.,,,,,hmi_ergonomics,operator_notification_relay; sms_alarm_output_module; alarm_acknowledgement_button; escalation_contact_label; remote_reset_inhibit_relay,false,true,Review component candidates and interface carriers for this submodule.
submodule_allocation:maintenance_serviceability:access_doors,submodule_allocation,generated_needs_review,generated_model,Maintenance And Serviceability / Access doors and hardware,Access doors and hardware is allocated under Maintenance And Serviceability: Provides controlled entry to service zones.,,,,mass_kg,maintenance_serviceability,lockable_access_door; door_seal_gasket; panic_release_latch; door_stay_arm,false,true,Review component candidates and interface carriers for this submodule.
submodule_allocation:maintenance_serviceability:commissioning_ports,submodule_allocation,generated_needs_review,generated_model,Maintenance And Serviceability / Commissioning ports,"Commissioning ports is allocated under Maintenance And Serviceability: Provides controlled access points for electrical, coolant and controller commissioning checks.",,,,mass_kg,maintenance_serviceability,insulated_test_socket; coolant_sampling_port; laptop_service_port; lockout_hasp_rail; commissioning_torque_log_plate,false,true,Review component candidates and interface carriers for this submodule.
submodule_allocation:maintenance_serviceability:lifting_handling,submodule_allocation,generated_needs_review,generated_model,Maintenance And Serviceability / Lifting and handling points,"Lifting and handling points is allocated under Maintenance And Serviceability: Supports transport, installation and module replacement.",,,,mass_kg,maintenance_serviceability,certified_lifting_lug; forklift_pocket_reinforcement; removable_rack_guide; service_trolley_interface,false,true,Review component candidates and interface carriers for this submodule.
submodule_allocation:maintenance_serviceability:service_lighting,submodule_allocation,generated_needs_review,generated_model,Maintenance And Serviceability / Service lighting,Service lighting is allocated under Maintenance And Serviceability: Illuminates work zones during inspection.,,,,mass_kg,maintenance_serviceability,led_service_luminaire; emergency_light_fitting; maintenance_receptacle; lighting_switchgear,false,true,Review component candidates and interface carriers for this submodule.
submodule_allocation:mass_fluid_transport_process:expansion_air_removal,submodule_allocation,generated_needs_review,generated_model,Coolant Circulation Process / Expansion and air removal,Expansion and air removal is allocated under Coolant Circulation Process: Accommodates fluid expansion and removes trapped air.,,,,,mass_fluid_transport_process,expansion_vessel; automatic_air_vent; pressure_relief_valve; low_pressure_switch,false,true,Review component candidates and interface carriers for this submodule.
submodule_allocation:mass_fluid_transport_process:filtration_treatment,submodule_allocation,generated_needs_review,generated_model,Coolant Circulation Process / Filtration and treatment,Filtration and treatment is allocated under Coolant Circulation Process: Maintains coolant cleanliness and chemistry.,,,,,mass_fluid_transport_process,coolant_filter_housing; replaceable_filter_cartridge; glycol_concentration_sensor; fill_and_drain_manifold,false,true,Review component candidates and interface carriers for this submodule.
submodule_allocation:mass_fluid_transport_process:heat_exchanger_manifold,submodule_allocation,generated_needs_review,generated_model,Coolant Circulation Process / Heat exchanger manifold,Heat exchanger manifold is allocated under Coolant Circulation Process: Transfers rack heat into the outdoor heat rejection path while preserving service bypass options.,,,,,mass_fluid_transport_process,plate_heat_exchanger; temperature_balancing_valve; purge_valve_set; service_bypass_loop; insulated_hose_set,false,true,Review component candidates and interface carriers for this submodule.
submodule_allocation:mass_fluid_transport_process:pump_station,submodule_allocation,generated_needs_review,generated_model,Coolant Circulation Process / Coolant pump station,Coolant pump station is allocated under Coolant Circulation Process: Circulates coolant through rack cold plates.,,,,,mass_fluid_transport_process,thermal_management_loop; coolant_circulation_pump; pump_vfd; check_valve; isolation_valve,false,true,Review component candidates and interface carriers for this submodule.
submodule_allocation:power_distribution:ac_switchgear,submodule_allocation,generated_needs_review,generated_model,DC And AC Power Distribution / AC switchgear,AC switchgear is allocated under DC And AC Power Distribution: Connects PCS output to site AC connection.,,,,capacity_mwh; power_mw,power_distribution,moulded_case_circuit_breaker; ac_contactor; metering_ct_set; terminal_block_assembly,false,true,Review component candidates and interface carriers for this submodule.
submodule_allocation:power_distribution:auxiliary_power,submodule_allocation,generated_needs_review,generated_model,DC And AC Power Distribution / Auxiliary power distribution,"Auxiliary power distribution is allocated under DC And AC Power Distribution: Supplies controls, HVAC, pumps and service loads.",,,,capacity_mwh; power_mw,power_distribution,auxiliary_transformer; 24_v_dc_power_supply; miniature_circuit_breaker_bank; ups_module,false,true,Review component candidates and interface carriers for this submodule.
submodule_allocation:power_distribution:dc_busbars,submodule_allocation,generated_needs_review,generated_model,DC And AC Power Distribution / Main DC busbars,Main DC busbars is allocated under DC And AC Power Distribution: Carries pack current from racks to PCS.,,,,capacity_mwh; power_mw,power_distribution,copper_dc_busbar; busbar_support_insulator; busbar_shroud; torque_witness_marker,false,true,Review component candidates and interface carriers for this submodule.
submodule_allocation:power_distribution:earthing_lightning,submodule_allocation,generated_needs_review,generated_model,DC And AC Power Distribution / Earthing and lightning protection,Earthing and lightning protection is allocated under DC And AC Power Distribution: Bonds exposed metalwork and surge devices to a verifiable protective-earth network.,,,,capacity_mwh; power_mw,power_distribution,main_earth_bar; earth_stud_array; lightning_surge_counter; equipotential_bonding_strap; earth_continuity_test_point,false,true,Review component candidates and interface carriers for this submodule.
submodule_allocation:safety_protection:deflagration_venting,submodule_allocation,generated_needs_review,generated_model,Safety Protection And Interlocks / Deflagration venting,Deflagration venting is allocated under Safety Protection And Interlocks: Provides a controlled pressure relief path if battery off-gas ignition occurs.,,,,,safety_protection,pressure_relief_vent_panel; vent_microswitch; flame_arrestor_mesh; vent_weather_hood; post_event_inspection_tag,false,true,Review component candidates and interface carriers for this submodule.
submodule_allocation:safety_protection:emergency_stop,submodule_allocation,generated_needs_review,generated_model,Safety Protection And Interlocks / Emergency stop chain,Emergency stop chain is allocated under Safety Protection And Interlocks: Trips high-energy paths through hardwired safety logic.,,,,,safety_protection,e_stop_mushroom_button; safety_relay; dc_shunt_trip_output; ac_breaker_trip_coil,false,true,Review component candidates and interface carriers for this submodule.
submodule_allocation:safety_protection:fire_suppression,submodule_allocation,generated_needs_review,generated_model,Safety Protection And Interlocks / Fire suppression system,Fire suppression system is allocated under Safety Protection And Interlocks: Detects and suppresses incipient battery-container fire.,,,,,safety_protection,fire_detection_suppression; clean_agent_cylinder; release_solenoid; nozzle_pipework; pressure_switch,false,true,Review component candidates and interface carriers for this submodule.
submodule_allocation:safety_protection:surge_fault_protection,submodule_allocation,generated_needs_review,generated_model,Safety Protection And Interlocks / Surge and fault protection,Surge and fault protection is allocated under Safety Protection And Interlocks: Limits transient and overcurrent damage.,,,,,safety_protection,dc_surge_protection_device; ac_surge_protection_device; arc_flash_label_set; protective_earth_bonding_kit,false,true,Review component candidates and interface carriers for this submodule.
submodule_allocation:sensing_instrumentation:electrical_measurement,submodule_allocation,generated_needs_review,generated_model,Sensing And Instrumentation / Electrical measurement,"Electrical measurement is allocated under Sensing And Instrumentation: Measures voltage, current and insulation state.",,,,,sensing_instrumentation,dc_voltage_transducer; hall_current_sensor; insulation_monitoring_device; auxiliary_metering_transducer,false,true,Review component candidates and interface carriers for this submodule.
submodule_allocation:sensing_instrumentation:environmental_sensors,submodule_allocation,generated_needs_review,generated_model,Sensing And Instrumentation / Environmental sensors,Environmental sensors is allocated under Sensing And Instrumentation: Measures container air conditions and gas hazards.,,,,,sensing_instrumentation,temperature_humidity_sensor; hydrogen_detector; smoke_aspirating_detector; door_position_switch,false,true,Review component candidates and interface carriers for this submodule.
submodule_allocation:sensing_instrumentation:event_recording,submodule_allocation,generated_needs_review,generated_model,Sensing And Instrumentation / Event recording,"Event recording is allocated under Sensing And Instrumentation: Captures timestamped trips, alarms and measurements for engineering review.",,,,,sensing_instrumentation,fault_recorder_module; event_timestamp_logger; digital_input_card; local_historian_buffer; calibration_certificate_holder,false,true,Review component candidates and interface carriers for this submodule.
submodule_allocation:sensing_instrumentation:thermal_sensors,submodule_allocation,generated_needs_review,generated_model,Sensing And Instrumentation / Thermal sensors,Thermal sensors is allocated under Sensing And Instrumentation: Tracks coolant and heat exchanger temperatures.,,,,,sensing_instrumentation,coolant_inlet_thermistor; coolant_outlet_thermistor; flow_meter; pressure_transducer,false,true,Review component candidates and interface carriers for this submodule.
submodule_allocation:structure_containment:cable_penetration_sealing,submodule_allocation,generated_needs_review,generated_model,Container Structure And Fit-Out / Cable penetration sealing,"Cable penetration sealing is allocated under Container Structure And Fit-Out: Seals power, control and auxiliary cable entries through container fire and weather boundaries.",,,,mass_kg,structure_containment,gland_plate_assembly; firestop_collar_set; emc_cable_gland; rain_drip_shield; penetration_schedule_label,false,true,Review component candidates and interface carriers for this submodule.
submodule_allocation:structure_containment:container_shell,submodule_allocation,generated_needs_review,generated_model,Container Structure And Fit-Out / ISO container shell,ISO container shell is allocated under Container Structure And Fit-Out: Forms the weather-tight transportable enclosure.,,,,mass_kg,structure_containment,corten_steel_side_panel; corner_casting; marine_plywood_floor; roof_panel,false,true,Review component candidates and interface carriers for this submodule.
submodule_allocation:structure_containment:internal_partitions,submodule_allocation,generated_needs_review,generated_model,Container Structure And Fit-Out / Internal partitions,"Internal partitions is allocated under Container Structure And Fit-Out: Separates battery, PCS, controls and service zones.",,,,mass_kg,structure_containment,steel_stud_frame; fire_rated_board; mineral_wool_insulation; intumescent_sealant,false,true,Review component candidates and interface carriers for this submodule.
submodule_allocation:structure_containment:rack_mounting,submodule_allocation,generated_needs_review,generated_model,Container Structure And Fit-Out / Rack mounting rails,Rack mounting rails is allocated under Container Structure And Fit-Out: Anchors battery racks against transport and seismic loads.,,,,mass_kg,structure_containment,floor_reinforcement_plate; rack_mounting_rail; vibration_isolator; anchor_bolt_set,false,true,Review component candidates and interface carriers for this submodule.
engineering_calculation:bess_discharge_duration_h,engineering_calculation,calculated_needs_review,calculation,BESS discharge duration,BESS discharge duration: 3.5 h using capacity_mwh / power_mw.,,,,capacity_mwh; power_mw,energy_storage_source; energy_conversion_transduction; power_distribution; control_compute_communication,lfp_prismatic_cells; pcs_inverter; copper_dc_busbar; bms_master_controller,false,false,"Confirm use case, PCS rating, usable energy window, C-rate limits and warranty throughput."
engineering_calculation:bess_nameplate_annual_throughput_mwh,engineering_calculation,calculated_needs_review,calculation,BESS annual nameplate throughput,BESS annual nameplate throughput: 1277.5 MWh/year using capacity_mwh * 365.,,,,capacity_mwh,energy_storage_source; energy_conversion_transduction; power_distribution,lfp_prismatic_cells; pcs_inverter; copper_dc_busbar,false,true,"Confirm cycles per year, usable depth of discharge, round-trip efficiency and degradation assumptions."
engineering_calculation:bess_system_energy_density_wh_per_kg,engineering_calculation,calculated_needs_review,calculation,BESS system energy density,"BESS system energy density: 125 Wh/kg using (capacity_mwh * 1,000,000) / mass_kg.",,,,capacity_mwh; mass_kg,energy_storage_source; energy_conversion_transduction; power_distribution; structure_containment; maintenance_serviceability,lfp_prismatic_cells; pcs_inverter; copper_dc_busbar; corten_steel_side_panel; lockable_access_door,false,false,"Review cell mass, racks, enclosure, HVAC, fire protection, transformer/PCS boundary and shipping mass allowance."
headline_metric:headline_output,headline_metric,calculated_needs_review,calculation,Annual MWh delivered,Annual MWh delivered = 1277.5 MWh/year.,class_pack:energy_storage.class_pack; formula:capacity_mwh * cycles_per_year * efficiency,,,capacity_mwh,,,false,true,"Review the formula, input values and operating envelope before treating this metric as accepted."
brief_requirement:capacity_mwh,brief_requirement,brief_supplied,brief,Energy capacity,Energy capacity = 3.5 MWh.,brief:input.brief,,,capacity_mwh,energy_storage_source; energy_conversion_transduction; power_distribution,lfp_prismatic_cells; pcs_inverter; copper_dc_busbar,false,false,"Confirm requirement value, tolerance and acceptance condition with the project owner."
brief_requirement:mass_kg,brief_requirement,brief_supplied,brief,Mass constraint,Mass constraint = 28000 kg.,brief:input.brief,,,mass_kg,structure_containment; maintenance_serviceability,corten_steel_side_panel; lockable_access_door,false,false,"Confirm requirement value, tolerance and acceptance condition with the project owner."
brief_requirement:power_mw,brief_requirement,brief_supplied,brief,Power rating,Power rating = 1 MW.,brief:input.brief,,,power_mw,energy_conversion_transduction; power_distribution; control_compute_communication,pcs_inverter; copper_dc_busbar; bms_master_controller,false,false,"Confirm requirement value, tolerance and acceptance condition with the project owner."
