
                        S T E P       1


                                INCREMENT     1


 stresses (elem, integ.pnt.,sxx,syy,szz,sxy,sxz,syz) for set SOLID and time  0.1000000E+01

         1   1  3.693930E+00  2.247388E+02  1.125031E+01 -7.729126E+00  6.968278E-02  1.833493E-03
         1   2  1.837339E-02  2.161695E+02  7.589386E+00 -7.558010E+00  7.675880E-02  1.980211E-03
         1   3  4.309708E+00  2.241230E+02  1.125031E+01 -1.398124E+01  6.952695E-02  5.005444E-03
         1   4  6.205184E-01  2.155674E+02  7.589385E+00 -1.367171E+01  7.658328E-02  5.553004E-03
         1   5  3.901022E+00  2.248559E+02  1.134755E+01 -7.725977E+00  1.070806E-01  3.670738E-03
         1   6  2.269658E-01  2.162900E+02  7.688119E+00 -7.554931E+00  1.141566E-01  3.817457E-03
         1   7  4.516548E+00  2.242403E+02  1.134755E+01 -1.397554E+01  1.069248E-01  6.842690E-03
         1   8  8.288655E-01  2.156881E+02  7.688118E+00 -1.366614E+01  1.139811E-01  7.390249E-03
         2   1  5.879785E+00  2.138193E+02  8.660173E+00 -7.270882E+00  1.060039E-01  3.285578E-03
         2   2  2.563514E+00  2.060695E+02  5.375392E+00 -7.115855E+00  1.115674E-01  3.400935E-03
         2   3  6.459057E+00  2.132401E+02  8.660173E+00 -1.315232E+01  1.058155E-01  7.120446E-03
         2   4  3.130434E+00  2.055026E+02  5.375392E+00 -1.287189E+01  1.113635E-01  7.550964E-03
         2   5  6.048191E+00  2.139243E+02  8.742196E+00 -7.268665E+00  2.106613E-01  8.427076E-03
         2   6  2.732937E+00  2.061769E+02  5.458431E+00 -7.113686E+00  2.162248E-01  8.542431E-03
         2   7  6.627285E+00  2.133453E+02  8.742196E+00 -1.314831E+01  2.104729E-01  1.226194E-02
         2   8  3.299684E+00  2.056101E+02  5.458430E+00 -1.286797E+01  2.160209E-01  1.269246E-02
         3   1  7.130056E+00  2.036133E+02  6.040235E+00 -6.870298E+00  1.328618E-01  4.356097E-03
         3   2  4.119440E+00  1.965626E+02  3.073444E+00 -6.729030E+00  1.360511E-01  4.422228E-03
         3   3  7.677410E+00  2.030660E+02  6.040233E+00 -1.242771E+01  1.326490E-01  8.687615E-03
         3   4  4.655539E+00  1.960265E+02  3.073442E+00 -1.217216E+01  1.358295E-01  8.934418E-03
         3   5  7.235464E+00  2.036942E+02  6.096110E+00 -6.869439E+00  2.869435E-01  1.192566E-02
         3   6  4.225228E+00  1.966443E+02  3.129699E+00 -6.728188E+00  2.901329E-01  1.199179E-02
         3   7  7.782749E+00  2.031469E+02  6.096108E+00 -1.242615E+01  2.867307E-01  1.625717E-02
         3   8  4.761260E+00  1.961083E+02  3.129697E+00 -1.217064E+01  2.899112E-01  1.650398E-02
         4   1  7.547955E+00  1.940025E+02  3.374761E+00 -6.519629E+00  1.464686E-01  4.893599E-03
         4   2  4.796496E+00  1.875489E+02  6.731146E-01 -6.390181E+00  1.471675E-01  4.908089E-03
         4   3  8.067376E+00  1.934830E+02  3.374762E+00 -1.179338E+01  1.462430E-01  9.486410E-03
         4   4  5.305604E+00  1.870398E+02  6.731154E-01 -1.155922E+01  1.469399E-01  9.540489E-03
         4   5  7.586112E+00  1.940552E+02  3.402045E+00 -6.520141E+00  3.251232E-01  1.367035E-02
         4   6  4.834435E+00  1.876012E+02  7.001802E-01 -6.390683E+00  3.258221E-01  1.368484E-02
         4   7  8.105575E+00  1.935358E+02  3.402046E+00 -1.179431E+01  3.248976E-01  1.826316E-02
         4   8  5.343583E+00  1.870921E+02  7.001810E-01 -1.156013E+01  3.255945E-01  1.831724E-02
         5   1  7.223715E+00  1.848885E+02  6.467292E-01 -6.212285E+00  1.460948E-01  4.866311E-03
         5   2  4.691486E+00  1.789460E+02 -1.836469E+00 -6.093041E+00  1.443454E-01  4.830039E-03
         5   3  7.718644E+00  1.843936E+02  6.467270E-01 -1.123742E+01  1.458683E-01  9.476928E-03
         5   4  5.176915E+00  1.784606E+02 -1.836471E+00 -1.102172E+01  1.441238E-01  9.341558E-03
         5   5  7.194762E+00  1.849114E+02  6.449051E-01 -6.214097E+00  3.228694E-01  1.355070E-02
         5   6  4.661784E+00  1.789671E+02 -1.839041E+00 -6.094818E+00  3.211200E-01  1.351443E-02
         5   7  7.689835E+00  1.844163E+02  6.449030E-01 -1.124070E+01  3.226429E-01  1.816132E-02
         5   8  5.147354E+00  1.784815E+02 -1.839043E+00 -1.102494E+01  3.208984E-01  1.802595E-02
         6   1  6.234725E+00  1.761891E+02 -2.160606E+00 -5.942682E+00  1.320333E-01  4.286556E-03
         6   2  3.887508E+00  1.706846E+02 -4.466196E+00 -5.832282E+00  1.278771E-01  4.200379E-03
         6   3  6.708182E+00  1.757157E+02 -2.160605E+00 -1.074974E+01  1.318177E-01  8.675625E-03
         6   4  4.352170E+00  1.702200E+02 -4.466195E+00 -1.055004E+01  1.276730E-01  8.354006E-03
         6   5  6.138889E+00  1.761805E+02 -2.191950E+00 -5.945730E+00  2.810762E-01  1.160858E-02
         6   6  3.790454E+00  1.706731E+02 -4.498757E+00 -5.835274E+00  2.769200E-01  1.152240E-02
         6   7  6.612590E+00  1.757068E+02 -2.191949E+00 -1.075525E+01  2.808606E-01  1.599765E-02
         6   8  4.255354E+00  1.702082E+02 -4.498756E+00 -1.055545E+01  2.767159E-01  1.567603E-02
         7   1  4.645766E+00  1.678345E+02 -5.063406E+00 -5.706111E+00  1.054816E-01  3.209582E-03
         7   2  2.454466E+00  1.627061E+02 -7.226357E+00 -5.603411E+00  9.910852E-02  3.077440E-03
         7   3  5.100374E+00  1.673799E+02 -5.063405E+00 -1.032180E+01  1.052882E-01  7.144889E-03
         7   4  2.900892E+00  1.622597E+02 -7.226356E+00 -1.013603E+01  9.893293E-02  6.651727E-03
         7   5  4.487429E+00  1.677948E+02 -5.122837E+00 -5.710257E+00  2.038681E-01  8.043016E-03
         7   6  2.294524E+00  1.626626E+02 -7.287392E+00 -5.607482E+00  1.974951E-01  7.910875E-03
         7   7  4.942368E+00  1.673398E+02 -5.122837E+00 -1.032930E+01  2.036748E-01  1.197832E-02
         7   8  2.741274E+00  1.622159E+02 -7.287392E+00 -1.014340E+01  1.973195E-01  1.148516E-02
         8   1  2.507004E+00  1.597637E+02 -8.077119E+00 -5.498690E+00  7.029622E-02  1.807657E-03
         8   2  4.479386E-01  1.549599E+02 -1.012471E+01 -5.402715E+00  6.265164E-02  1.649151E-03
         8   3  2.945080E+00  1.593256E+02 -8.077122E+00 -9.946600E+00  7.013491E-02  5.091295E-03
         8   4  8.783682E-01  1.545294E+02 -1.012471E+01 -9.772991E+00  6.251160E-02  4.499741E-03
         8   5  2.311271E+00  1.597025E+02 -8.154207E+00 -5.503393E+00  1.039838E-01  3.462630E-03
         8   6  2.504385E-01  1.548945E+02 -1.020356E+01 -5.407337E+00  9.633918E-02  3.304126E-03
         8   7  2.749722E+00  1.592640E+02 -8.154209E+00 -9.955108E+00  1.038225E-01  6.746268E-03
         8   8  6.812363E-01  1.544637E+02 -1.020356E+01 -9.781351E+00  9.619915E-02  6.154716E-03
         9   1  7.325466E+00  2.211073E+02  1.125032E+01 -2.914247E+01  6.916752E-02  8.654780E-03
         9   2  3.569507E+00  2.126184E+02  7.589388E+00 -2.849728E+01  7.619509E-02  9.494363E-03
         9   3  9.149141E+00  2.192836E+02  1.125032E+01 -3.515432E+01  6.870154E-02  1.179618E-02
         9   4  5.352808E+00  2.108351E+02  7.589388E+00 -3.437604E+01  7.567022E-02  1.303275E-02
         9   5  7.531078E+00  2.212258E+02  1.134756E+01 -2.913060E+01  1.062052E-01  1.414884E-02
         9   6  3.776653E+00  2.127404E+02  7.688122E+00 -2.848567E+01  1.132328E-01  1.498842E-02
         9   7  9.354010E+00  2.194029E+02  1.134756E+01 -3.514000E+01  1.057392E-01  1.729024E-02
         9   8  5.559226E+00  2.109578E+02  7.688122E+00 -3.436203E+01  1.127079E-01  1.852681E-02
        10   1  9.296015E+00  2.104031E+02  8.660176E+00 -2.741467E+01  1.051714E-01  1.365996E-02
        10   2  5.906903E+00  2.027261E+02  5.375393E+00 -2.683015E+01  1.106968E-01  1.432008E-02
        10   3  1.101158E+01  2.086876E+02  8.660181E+00 -3.307009E+01  1.046080E-01  1.745790E-02
        10   4  7.585887E+00  2.010471E+02  5.375397E+00 -3.236499E+01  1.100872E-01  1.843015E-02
        10   5  9.463379E+00  2.105092E+02  8.742199E+00 -2.740631E+01  2.088209E-01  2.903494E-02
        10   6  6.075306E+00  2.028345E+02  5.458432E+00 -2.682197E+01  2.143463E-01  2.969507E-02
        10   7  1.117842E+01  2.087941E+02  8.742203E+00 -3.306001E+01  2.082575E-01  3.283288E-02
        10   8  7.753778E+00  2.011560E+02  5.458436E+00 -3.235512E+01  2.137366E-01  3.380513E-02
        11   1  1.035808E+01  2.003853E+02  6.040238E+00 -2.590428E+01  1.317950E-01  1.735786E-02
        11   2  7.281084E+00  1.934009E+02  3.073446E+00 -2.537163E+01  1.349626E-01  1.773629E-02
        11   3  1.197911E+01  1.987643E+02  6.040236E+00 -3.124812E+01  1.311587E-01  2.164766E-02
        11   4  8.868784E+00  1.918132E+02  3.073444E+00 -3.060559E+01  1.342997E-01  2.220502E-02
        11   5  1.046308E+01  2.004666E+02  6.096113E+00 -2.590104E+01  2.843928E-01  3.999364E-02
        11   6  7.386476E+00  1.934831E+02  3.129701E+00 -2.536846E+01  2.875604E-01  4.037207E-02
        11   7  1.208391E+01  1.988457E+02  6.096111E+00 -3.124421E+01  2.837565E-01  4.428344E-02
        11   8  8.973978E+00  1.918956E+02  3.129699E+00 -3.060176E+01  2.868975E-01  4.484081E-02
        12   1  1.061121E+01  1.909392E+02  3.374761E+00 -2.458209E+01  1.452837E-01  1.922648E-02
        12   2  7.798927E+00  1.845465E+02  6.731144E-01 -2.409401E+01  1.459777E-01  1.930940E-02
        12   3  1.214951E+01  1.894009E+02  3.374765E+00 -2.965317E+01  1.446090E-01  2.377506E-02
        12   4  9.306689E+00  1.830387E+02  6.731181E-01 -2.906441E+01  1.452972E-01  2.389719E-02
        12   5  1.064961E+01  1.909918E+02  3.402045E+00 -2.458402E+01  3.222177E-01  4.547220E-02
        12   6  7.837102E+00  1.845985E+02  7.001800E-01 -2.409590E+01  3.229118E-01  4.555512E-02
        12   7  1.218803E+01  1.894533E+02  3.402049E+00 -2.965550E+01  3.215430E-01  5.002078E-02
        12   8  9.344982E+00  1.830907E+02  7.001837E-01 -2.906669E+01  3.222313E-01  5.014291E-02
        13   1  1.014256E+01  1.819696E+02  6.467301E-01 -2.342326E+01  1.449143E-01  1.916268E-02
        13   2  7.554308E+00  1.760832E+02 -1.836469E+00 -2.297365E+01  1.431769E-01  1.895512E-02
        13   3  1.160835E+01  1.805039E+02  6.467311E-01 -2.825528E+01  1.442370E-01  2.372890E-02
        13   4  8.991953E+00  1.746455E+02 -1.836467E+00 -2.771292E+01  1.425142E-01  2.342319E-02
        13   5  1.011446E+01  1.819917E+02  6.449061E-01 -2.343009E+01  3.199865E-01  4.513222E-02
        13   6  7.525441E+00  1.761035E+02 -1.839040E+00 -2.298035E+01  3.182491E-01  4.492466E-02
        13   7  1.158067E+01  1.805255E+02  6.449070E-01 -2.826352E+01  3.193092E-01  4.969844E-02
        13   8  8.963506E+00  1.746654E+02 -1.839039E+00 -2.772101E+01  3.175863E-01  4.939273E-02
        14   1  9.026896E+00  1.733969E+02 -2.160608E+00 -2.240672E+01  1.309774E-01  1.720745E-02
        14   2  6.627809E+00  1.679443E+02 -4.466197E+00 -2.199047E+01  1.268496E-01  1.671431E-02
        14   3  1.042906E+01  1.719948E+02 -2.160606E+00 -2.702905E+01  1.303326E-01  2.155425E-02
        14   4  8.003929E+00  1.665682E+02 -4.466196E+00 -2.652692E+01  1.262394E-01  2.082793E-02
        14   5  8.932493E+00  1.733869E+02 -2.191952E+00 -2.241822E+01  2.785849E-01  3.910300E-02
        14   6  6.532160E+00  1.679314E+02 -4.498758E+00 -2.200175E+01  2.744571E-01  3.860985E-02
        14   7  1.033538E+01  1.719840E+02 -2.191950E+00 -2.704291E+01  2.779401E-01  4.344980E-02
        14   8  7.908986E+00  1.665546E+02 -4.498757E+00 -2.654053E+01  2.738469E-01  4.272348E-02
        15   1  7.326784E+00  1.651535E+02 -5.063407E+00 -2.151474E+01  1.046591E-01  1.353314E-02
        15   2  5.087231E+00  1.600733E+02 -7.226359E+00 -2.112752E+01  9.832964E-02  1.277697E-02
        15   3  8.673137E+00  1.638072E+02 -5.063405E+00 -2.595306E+01  1.040809E-01  1.743055E-02
        15   4  6.409351E+00  1.587512E+02 -7.226356E+00 -2.548595E+01  9.780454E-02  1.631683E-02
        15   5  7.170396E+00  1.651118E+02 -5.122839E+00 -2.153038E+01  2.020981E-01  2.798690E-02
        15   6  4.929201E+00  1.600279E+02 -7.287394E+00 -2.114287E+01  1.957687E-01  2.723073E-02
        15   7  8.517726E+00  1.637645E+02 -5.122836E+00 -2.597192E+01  2.015200E-01  3.188431E-02
        15   8  6.252282E+00  1.587049E+02 -7.287392E+00 -2.550447E+01  1.952436E-01  3.077059E-02
        16   1  5.090568E+00  1.571802E+02 -8.077120E+00 -2.073267E+01  6.978054E-02  8.689205E-03
        16   2  2.986409E+00  1.524214E+02 -1.012471E+01 -2.037080E+01  6.218831E-02  7.782162E-03
        16   3  6.387976E+00  1.558828E+02 -8.077119E+00 -2.500964E+01  6.929814E-02  1.194122E-02
        16   4  4.261172E+00  1.511467E+02 -1.012470E+01 -2.457312E+01  6.176953E-02  1.060530E-02
        16   5  4.897044E+00  1.571167E+02 -8.154207E+00 -2.075040E+01  1.031437E-01  1.363820E-02
        16   6  2.791080E+00  1.523539E+02 -1.020356E+01 -2.038822E+01  9.555142E-02  1.273116E-02
        16   7  6.195563E+00  1.558182E+02 -8.154206E+00 -2.503104E+01  1.026613E-01  1.689021E-02
        16   8  4.066934E+00  1.510781E+02 -1.020356E+01 -2.459414E+01  9.513264E-02  1.555429E-02
        17   1  1.506477E+01  2.133680E+02  1.125033E+01 -4.943590E+01  6.798615E-02  1.539271E-02
        17   2  1.113746E+01  2.050505E+02  7.589392E+00 -4.834142E+01  7.489758E-02  1.691707E-02
        17   3  1.802627E+01  2.104066E+02  1.125033E+01 -5.497646E+01  6.721449E-02  1.847331E-02
        17   4  1.403340E+01  2.021545E+02  7.589394E+00 -5.375933E+01  7.402841E-02  2.038697E-02
        17   5  1.526723E+01  2.134897E+02  1.134757E+01 -4.941575E+01  1.043070E-01  2.449065E-02
        17   6  1.134152E+01  2.051755E+02  7.688126E+00 -4.832173E+01  1.112184E-01  2.601502E-02
        17   7  1.822752E+01  2.105294E+02  1.134757E+01 -5.495406E+01  1.035353E-01  2.757125E-02
        17   8  1.423628E+01  2.022808E+02  7.688128E+00 -5.373742E+01  1.103492E-01  2.948492E-02
        18   1  1.657647E+01  2.031227E+02  8.660181E+00 -4.650493E+01  1.033261E-01  2.390279E-02
        18   2  1.303212E+01  1.956009E+02  5.375397E+00 -4.551337E+01  1.087602E-01  2.510132E-02
        18   3  1.936238E+01  2.003368E+02  8.660180E+00 -5.171700E+01  1.023931E-01  2.762722E-02
        18   4  1.575863E+01  1.928744E+02  5.375395E+00 -5.061431E+01  1.077506E-01  2.913184E-02
        18   5  1.674161E+01  2.032310E+02  8.742203E+00 -4.649075E+01  2.049694E-01  4.936318E-02
        18   6  1.319835E+01  1.957114E+02  5.458435E+00 -4.549949E+01  2.104036E-01  5.056171E-02
        18   7  1.952667E+01  2.004459E+02  8.742202E+00 -5.170123E+01  2.040365E-01  5.308761E-02
        18   8  1.592403E+01  1.929858E+02  5.458434E+00 -5.059888E+01  2.093940E-01  5.459223E-02
        19   1  1.723741E+01  1.935060E+02  6.040240E+00 -4.394277E+01  1.294590E-01  3.019245E-02
        19   2  1.401897E+01  1.866631E+02  3.073449E+00 -4.303921E+01  1.325742E-01  3.087953E-02
        19   3  1.986983E+01  1.908736E+02  6.040240E+00 -4.886768E+01  1.284053E-01  3.439923E-02
        19   4  1.659726E+01  1.840848E+02  3.073448E+00 -4.786286E+01  1.314765E-01  3.526178E-02
        19   5  1.734156E+01  1.935881E+02  6.096116E+00 -4.393728E+01  2.791034E-01  6.767646E-02
        19   6  1.412352E+01  1.867460E+02  3.129703E+00 -4.303383E+01  2.822186E-01  6.836354E-02
        19   7  1.997365E+01  1.909560E+02  6.096115E+00 -4.886157E+01  2.780496E-01  7.188324E-02
        19   8  1.670149E+01  1.841681E+02  3.129703E+00 -4.785687E+01  2.811209E-01  7.274578E-02
        20   1  1.713942E+01  1.844110E+02  3.374763E+00 -4.169987E+01  1.426996E-01  3.337420E-02
        20   2  1.419752E+01  1.781479E+02  6.731166E-01 -4.087192E+01  1.433822E-01  3.352475E-02
        20   3  1.963747E+01  1.819129E+02  3.374762E+00 -4.637341E+01  1.415823E-01  3.783474E-02
        20   4  1.664597E+01  1.756995E+02  6.731162E-01 -4.545266E+01  1.422552E-01  3.802374E-02
        20   5  1.717833E+01  1.844630E+02  3.402047E+00 -4.170315E+01  3.162091E-01  7.683613E-02
        20   6  1.423619E+01  1.781995E+02  7.001822E-01 -4.087513E+01  3.168917E-01  7.698668E-02
        20   7  1.967658E+01  1.819648E+02  3.402046E+00 -4.637705E+01  3.150918E-01  8.129668E-02
        20   8  1.668484E+01  1.757508E+02  7.001818E-01 -4.545623E+01  3.157648E-01  8.148568E-02
        21   1  1.636301E+01  1.757492E+02  6.467287E-01 -3.973408E+01  1.423383E-01  3.327451E-02
        21   2  1.365536E+01  1.699821E+02 -1.836470E+00 -3.897139E+01  1.406296E-01  3.289764E-02
        21   3  1.874332E+01  1.733689E+02  6.467318E-01 -4.418730E+01  1.412166E-01  3.775234E-02
        21   4  1.598997E+01  1.676475E+02 -1.836467E+00 -4.333913E+01  1.395320E-01  3.727924E-02
        21   5  1.633673E+01  1.757694E+02  6.449046E-01 -3.974567E+01  3.140220E-01  7.627909E-02
        21   6  1.362827E+01  1.700006E+02 -1.839041E+00 -3.898276E+01  3.123133E-01  7.590223E-02
        21   7  1.871772E+01  1.733884E+02  6.449077E-01 -4.420019E+01  3.129003E-01  8.075693E-02
        21   8  1.596356E+01  1.676653E+02 -1.839039E+00 -4.335177E+01  3.112157E-01  8.028381E-02
        22   1  1.497740E+01  1.674465E+02 -2.160604E+00 -3.800968E+01  1.286600E-01  2.996263E-02
        22   2  1.246777E+01  1.621044E+02 -4.466194E+00 -3.730357E+01  1.246005E-01  2.906727E-02
        22   3  1.725439E+01  1.651695E+02 -2.160607E+00 -4.226964E+01  1.275923E-01  3.422530E-02
        22   4  1.470246E+01  1.598697E+02 -4.466197E+00 -4.148439E+01  1.235900E-01  3.310127E-02
        22   5  1.488605E+01  1.674333E+02 -2.191948E+00 -3.802918E+01  2.734107E-01  6.622082E-02
        22   6  1.237512E+01  1.620885E+02 -4.498755E+00 -3.732270E+01  2.693511E-01  6.532546E-02
        22   7  1.716421E+01  1.651552E+02 -2.191951E+00 -4.229133E+01  2.723429E-01  7.048349E-02
        22   8  1.461095E+01  1.598526E+02 -4.498758E+00 -4.150567E+01  2.683406E-01  6.935947E-02
        23   1  1.304040E+01  1.594399E+02 -5.063406E+00 -3.649658E+01  1.028286E-01  2.372637E-02
        23   2  1.069801E+01  1.544626E+02 -7.226357E+00 -3.583970E+01  9.660378E-02  2.235344E-02
        23   3  1.522676E+01  1.572535E+02 -5.063405E+00 -4.058695E+01  1.018712E-01  2.754834E-02
        23   4  1.284502E+01  1.523156E+02 -7.226355E+00 -3.985646E+01  9.573425E-02  2.582479E-02
        23   5  1.288816E+01  1.593940E+02 -5.122838E+00 -3.652309E+01  1.983817E-01  4.766124E-02
        23   6  1.054406E+01  1.544131E+02 -7.287393E+00 -3.586574E+01  1.921569E-01  4.628831E-02
        23   7  1.507611E+01  1.572061E+02 -5.122836E+00 -4.061644E+01  1.974244E-01  5.148321E-02
        23   8  1.269263E+01  1.522645E+02 -7.287390E+00 -3.988541E+01  1.912874E-01  4.975966E-02
        24   1  1.059649E+01  1.516742E+02 -8.077121E+00 -3.516990E+01  6.859283E-02  1.548706E-02
        24   2  8.396224E+00  1.470116E+02 -1.012471E+01 -3.455604E+01  6.112606E-02  1.384022E-02
        24   3  1.270336E+01  1.495674E+02 -8.077122E+00 -3.911159E+01  6.779400E-02  1.867613E-02
        24   4  1.046632E+01  1.449415E+02 -1.012471E+01 -3.842893E+01  6.043258E-02  1.660871E-02
        24   5  1.040767E+01  1.516061E+02 -8.154209E+00 -3.519998E+01  1.013102E-01  2.368239E-02
        24   6  8.205523E+00  1.469395E+02 -1.020356E+01 -3.458559E+01  9.384343E-02  2.203555E-02
        24   7  1.251635E+01  1.494974E+02 -8.154209E+00 -3.914504E+01  1.005114E-01  2.687146E-02
        24   8  1.027739E+01  1.448676E+02 -1.020356E+01 -3.846180E+01  9.314996E-02  2.480404E-02
        25   1  2.661439E+01  2.018184E+02  1.125032E+01 -6.782953E+01  6.615002E-02  2.198240E-02
        25   2  2.243140E+01  1.937565E+02  7.589384E+00 -6.632784E+01  7.287876E-02  2.417686E-02
        25   3  3.059990E+01  1.978329E+02  1.125032E+01 -7.268586E+01  6.508013E-02  2.497253E-02
        25   4  2.632866E+01  1.898592E+02  7.589389E+00 -7.107666E+01  7.167366E-02  2.754486E-02
        25   5  2.681215E+01  2.019447E+02  1.134755E+01 -6.780189E+01  1.014042E-01  3.459660E-02
        25   6  2.263086E+01  1.938862E+02  7.688118E+00 -6.630081E+01  1.081329E-01  3.679107E-02
        25   7  3.079603E+01  1.979609E+02  1.134756E+01 -7.265625E+01  1.003343E-01  3.758674E-02
        25   8  2.652654E+01  1.899905E+02  7.688123E+00 -7.104770E+01  1.069279E-01  4.015906E-02
        26   1  2.744135E+01  1.922578E+02  8.660179E+00 -6.380803E+01  1.004856E-01  3.391542E-02
        26   2  2.366535E+01  1.849677E+02  5.375396E+00 -6.244754E+01  1.057761E-01  3.564082E-02
        26   3  3.119054E+01  1.885086E+02  8.660175E+00 -6.837645E+01  9.919215E-02  3.753047E-02
        26   4  2.733460E+01  1.812984E+02  5.375393E+00 -6.691856E+01  1.043763E-01  3.955297E-02
        26   5  2.760318E+01  1.923694E+02  8.742202E+00 -6.378858E+01  1.991440E-01  6.921602E-02
        26   6  2.382834E+01  1.850815E+02  5.458435E+00 -6.242850E+01  2.044345E-01  7.094142E-02
        26   7  3.135123E+01  1.886213E+02  8.742198E+00 -6.835560E+01  1.978505E-01  7.283107E-02
        26   8  2.749647E+01  1.814133E+02  5.458432E+00 -6.689815E+01  2.030347E-01  7.485357E-02
        27   1  2.750369E+01  1.832397E+02  6.040235E+00 -6.029257E+01  1.258763E-01  4.273628E-02
        27   2  2.407414E+01  1.766079E+02  3.073443E+00 -5.905282E+01  1.289091E-01  4.372539E-02
        27   3  3.104633E+01  1.796971E+02  6.040237E+00 -6.460929E+01  1.244153E-01  4.681951E-02
        27   4  2.754395E+01  1.731381E+02  3.073446E+00 -6.328078E+01  1.273872E-01  4.797894E-02
        27   5  2.760655E+01  1.833231E+02  6.096110E+00 -6.028503E+01  2.711259E-01  9.470751E-02
        27   6  2.417744E+01  1.766921E+02  3.129698E+00 -5.904544E+01  2.741588E-01  9.569663E-02
        27   7  3.114875E+01  1.797809E+02  6.096113E+00 -6.460121E+01  2.696650E-01  9.879075E-02
        27   8  2.764681E+01  1.732227E+02  3.129701E+00 -6.327287E+01  2.726369E-01  9.995018E-02
        28   1  2.688170E+01  1.746687E+02  3.374764E+00 -5.721515E+01  1.387412E-01  4.720050E-02
        28   2  2.374636E+01  1.685991E+02  6.731184E-01 -5.607914E+01  1.394057E-01  4.741723E-02
        28   3  3.024351E+01  1.713069E+02  3.374762E+00 -6.131154E+01  1.371920E-01  5.153005E-02
        28   4  2.704143E+01  1.653040E+02  6.731160E-01 -6.009420E+01  1.378432E-01  5.178410E-02
        28   5  2.692137E+01  1.747200E+02  3.402048E+00 -5.721964E+01  3.071552E-01  1.074601E-01
        28   6  2.378579E+01  1.686499E+02  7.001840E-01 -5.608354E+01  3.078198E-01  1.076768E-01
        28   7  3.028345E+01  1.713579E+02  3.402046E+00 -6.131635E+01  3.056061E-01  1.117896E-01
        28   8  2.708112E+01  1.653545E+02  7.001816E-01 -6.009891E+01  3.062573E-01  1.120437E-01
        29   1  2.564603E+01  1.664662E+02  6.467299E-01 -5.451795E+01  1.383914E-01  4.706588E-02
        29   2  2.276019E+01  1.608773E+02 -1.836468E+00 -5.347148E+01  1.367279E-01  4.652335E-02
        29   3  2.884937E+01  1.632628E+02  6.467287E-01 -5.842123E+01  1.368362E-01  5.141221E-02
        29   4  2.590204E+01  1.577354E+02 -1.836469E+00 -5.729984E+01  1.352061E-01  5.077626E-02
        29   5  2.562245E+01  1.664837E+02  6.449059E-01 -5.453385E+01  3.050332E-01  1.066913E-01
        29   6  2.273576E+01  1.608931E+02 -1.839040E+00 -5.348708E+01  3.033697E-01  1.061488E-01
        29   7  2.882672E+01  1.632794E+02  6.449046E-01 -5.843827E+01  3.034781E-01  1.110377E-01
        29   8  2.587852E+01  1.577504E+02 -1.839041E+00 -5.731655E+01  3.018479E-01  1.104017E-01
        30   1  2.385754E+01  1.585663E+02 -2.160604E+00 -5.215196E+01  1.251037E-01  4.242925E-02
        30   2  2.118294E+01  1.533892E+02 -4.466193E+00 -5.118311E+01  1.211514E-01  4.114029E-02
        30   3  2.692186E+01  1.555020E+02 -2.160604E+00 -5.588584E+01  1.236232E-01  4.656673E-02
        30   4  2.419033E+01  1.503818E+02 -4.466194E+00 -5.484763E+01  1.197504E-01  4.505582E-02
        30   5  2.377075E+01  1.585486E+02 -2.191948E+00 -5.217871E+01  2.656033E-01  9.270091E-02
        30   6  2.109476E+01  1.533688E+02 -4.498755E+00 -5.120937E+01  2.616511E-01  9.141195E-02
        30   7  2.683664E+01  1.554827E+02 -2.191948E+00 -5.591451E+01  2.641229E-01  9.683839E-02
        30   8  2.410370E+01  1.503599E+02 -4.498755E+00 -5.487577E+01  2.602501E-01  9.532749E-02
        31   1  2.156704E+01  1.509132E+02 -5.063405E+00 -5.007586E+01  1.000079E-01  3.369109E-02
        31   2  1.907119E+01  1.460894E+02 -7.226356E+00 -4.917459E+01  9.394758E-02  3.171464E-02
        31   3  2.450937E+01  1.479709E+02 -5.063406E+00 -5.366111E+01  9.868049E-02  3.740082E-02
        31   4  2.196056E+01  1.432000E+02 -7.226356E+00 -5.269530E+01  9.274198E-02  3.508404E-02
        31   5  2.142100E+01  1.508612E+02 -5.122837E+00 -5.011225E+01  1.927549E-01  6.687657E-02
        31   6  1.892332E+01  1.460338E+02 -7.287392E+00 -4.921032E+01  1.866946E-01  6.490012E-02
        31   7  2.436547E+01  1.479167E+02 -5.122837E+00 -5.370009E+01  1.914275E-01  7.058630E-02
        31   8  2.181479E+01  1.431423E+02 -7.287392E+00 -5.273359E+01  1.854890E-01  6.826952E-02
        32   1  1.881318E+01  1.434576E+02 -8.077117E+00 -4.825557E+01  6.674453E-02  2.213576E-02
        32   2  1.646951E+01  1.389383E+02 -1.012470E+01 -4.741332E+01  5.947513E-02  1.976498E-02
        32   3  2.164855E+01  1.406222E+02 -8.077119E+00 -5.171048E+01  6.563696E-02  2.523118E-02
        32   4  1.925539E+01  1.361524E+02 -1.012470E+01 -5.080793E+01  5.851363E-02  2.245217E-02
        32   5  1.863140E+01  1.433824E+02 -8.154204E+00 -4.829685E+01  9.850107E-02  3.349852E-02
        32   6  1.628572E+01  1.388593E+02 -1.020355E+01 -4.745387E+01  9.123168E-02  3.112773E-02
        32   7  2.146919E+01  1.405446E+02 -8.154206E+00 -5.175471E+01  9.739351E-02  3.659393E-02
        32   8  1.907398E+01  1.360710E+02 -1.020355E+01 -5.085138E+01  9.027018E-02  3.381492E-02
        33   1  4.153052E+01  1.869022E+02  1.125031E+01 -8.361649E+01  6.367683E-02  2.836038E-02
        33   2  3.701730E+01  1.791706E+02  7.589383E+00 -8.176530E+01  7.015807E-02  3.120381E-02
        33   3  4.638686E+01  1.820459E+02  1.125031E+01 -8.760198E+01  6.231901E-02  3.123125E-02
        33   4  4.176612E+01  1.744218E+02  7.589385E+00 -8.566255E+01  6.862866E-02  3.443747E-02
        33   5  4.172220E+01  1.870347E+02  1.134755E+01 -8.358242E+01  9.752487E-02  4.436937E-02
        33   6  3.721081E+01  1.793062E+02  7.688116E+00 -8.173198E+01  1.040061E-01  4.721280E-02
        33   7  4.657655E+01  1.821803E+02  1.134755E+01 -8.756629E+01  9.616705E-02  4.724024E-02
        33   8  4.195770E+01  1.745593E+02  7.688119E+00 -8.562765E+01  1.024767E-01  5.044647E-02
        34   1  4.147312E+01  1.782260E+02  8.660173E+00 -7.865903E+01  9.667747E-02  4.360142E-02
        34   2  3.739794E+01  1.712350E+02  5.375392E+00 -7.698189E+01  1.017734E-01  4.583707E-02
        34   3  4.604153E+01  1.736576E+02  8.660172E+00 -8.240823E+01  9.503588E-02  4.707228E-02
        34   4  4.186895E+01  1.667640E+02  5.375391E+00 -8.065115E+01  9.999684E-02  4.959317E-02
        34   5  4.163067E+01  1.783419E+02  8.742196E+00 -7.863504E+01  1.914007E-01  8.840225E-02
        34   6  3.755674E+01  1.713530E+02  5.458431E+00 -7.695842E+01  1.964966E-01  9.063790E-02
        34   7  4.619769E+01  1.737748E+02  8.742195E+00 -8.238310E+01  1.897591E-01  9.187311E-02
        34   8  4.202639E+01  1.668834E+02  5.458429E+00 -8.062656E+01  1.947201E-01  9.439401E-02
        35   1  4.076240E+01  1.699810E+02  6.040234E+00 -7.432536E+01  1.210812E-01  5.486852E-02
        35   2  3.706023E+01  1.636218E+02  3.073442E+00 -7.279707E+01  1.240025E-01  5.615014E-02
        35   3  4.507912E+01  1.656643E+02  6.040235E+00 -7.786800E+01  1.192270E-01  5.878888E-02
        35   4  4.128819E+01  1.593938E+02  3.073443E+00 -7.626686E+01  1.220710E-01  6.023403E-02
        35   5  4.086360E+01  1.700660E+02  6.096109E+00 -7.431607E+01  2.605375E-01  1.208265E-01
        35   6  3.716189E+01  1.637076E+02  3.129697E+00 -7.278797E+01  2.634588E-01  1.221081E-01
        35   7  4.517978E+01  1.657498E+02  6.096110E+00 -7.785826E+01  2.586833E-01  1.247468E-01
        35   8  4.138933E+01  1.594802E+02  3.129698E+00 -7.625733E+01  2.615272E-01  1.261920E-01
        36   1  3.946366E+01  1.620868E+02  3.374760E+00 -7.053169E+01  1.334467E-01  6.057223E-02
        36   2  3.607851E+01  1.562669E+02  6.731141E-01 -6.913128E+01  1.340868E-01  6.085306E-02
        36   3  4.356005E+01  1.579904E+02  3.374761E+00 -7.389351E+01  1.314806E-01  6.472909E-02
        36   4  4.009357E+01  1.522519E+02  6.731162E-01 -7.242635E+01  1.321038E-01  6.504574E-02
        36   5  3.950432E+01  1.621370E+02  3.402044E+00 -7.053723E+01  2.951433E-01  1.370491E-01
        36   6  3.611890E+01  1.563167E+02  7.001796E-01 -6.913671E+01  2.957834E-01  1.373299E-01
        36   7  4.360103E+01  1.580403E+02  3.402045E+00 -7.389931E+01  2.931772E-01  1.412060E-01
        36   8  4.013428E+01  1.523014E+02  7.001817E-01 -7.243203E+01  2.938004E-01  1.415226E-01
        37   1  3.763487E+01  1.544773E+02  6.467299E-01 -6.720673E+01  1.331117E-01  6.040397E-02
        37   2  3.451890E+01  1.491186E+02 -1.836467E+00 -6.591670E+01  1.315094E-01  5.970100E-02
        37   3  4.153814E+01  1.505741E+02  6.467288E-01 -7.041007E+01  1.311381E-01  6.457694E-02
        37   4  3.834725E+01  1.452902E+02 -1.836469E+00 -6.905855E+01  1.295781E-01  6.378428E-02
        37   5  3.761478E+01  1.544913E+02  6.449058E-01 -6.722633E+01  2.931068E-01  1.360761E-01
        37   6  3.449790E+01  1.491310E+02 -1.839039E+00 -6.593593E+01  2.915045E-01  1.353731E-01
        37   7  4.151920E+01  1.505869E+02  6.449048E-01 -7.043061E+01  2.911331E-01  1.402491E-01
        37   8  3.832737E+01  1.453015E+02 -1.839041E+00 -6.907869E+01  2.895732E-01  1.394564E-01
        38   1  3.532608E+01  1.470978E+02 -2.160607E+00 -6.429006E+01  1.203424E-01  5.448724E-02
        38   2  3.243842E+01  1.421337E+02 -4.466196E+00 -6.309572E+01  1.165356E-01  5.281710E-02
        38   3  3.905996E+01  1.433639E+02 -2.160605E+00 -6.735438E+01  1.184636E-01  5.845969E-02
        38   4  3.610294E+01  1.384692E+02 -4.466195E+00 -6.610312E+01  1.147575E-01  5.657646E-02
        38   5  3.524517E+01  1.470742E+02 -2.191951E+00 -6.432304E+01  2.552381E-01  1.182882E-01
        38   6  3.235601E+01  1.421076E+02 -4.498758E+00 -6.312809E+01  2.514312E-01  1.166181E-01
        38   7  3.898097E+01  1.433384E+02 -2.191949E+00 -6.738894E+01  2.533593E-01  1.222607E-01
        38   8  3.602241E+01  1.384412E+02 -4.498756E+00 -6.613703E+01  2.496532E-01  1.203774E-01
        39   1  3.257904E+01  1.399013E+02 -5.063404E+00 -6.173076E+01  9.622398E-02  4.333134E-02
        39   2  2.988499E+01  1.352756E+02 -7.226355E+00 -6.061972E+01  9.038661E-02  4.077040E-02
        39   3  3.616428E+01  1.363160E+02 -5.063406E+00 -6.467310E+01  9.453939E-02  4.689311E-02
        39   4  3.340570E+01  1.317549E+02 -7.226357E+00 -6.350910E+01  8.885657E-02  4.400541E-02
        39   5  3.244099E+01  1.398412E+02 -5.122835E+00 -6.177562E+01  1.852716E-01  8.544784E-02
        39   6  2.974498E+01  1.352122E+02 -7.287390E+00 -6.066377E+01  1.794343E-01  8.288690E-02
        39   7  3.602884E+01  1.362533E+02 -5.122837E+00 -6.472009E+01  1.835871E-01  8.900960E-02
        39   8  3.326825E+01  1.316889E+02 -7.287392E+00 -6.355524E+01  1.779042E-01  8.612191E-02
        40   1  2.942487E+01  1.328459E+02 -8.077120E+00 -5.948681E+01  6.425344E-02  2.857129E-02
        40   2  2.689598E+01  1.285118E+02 -1.012471E+01 -5.844852E+01  5.725143E-02  2.549940E-02
        40   3  3.287979E+01  1.293909E+02 -8.077119E+00 -6.232218E+01  6.284782E-02  3.154324E-02
        40   4  3.029060E+01  1.251172E+02 -1.012470E+01 -6.123441E+01  5.603117E-02  2.807940E-02
        40   5  2.925216E+01  1.327616E+02 -8.154208E+00 -5.953769E+01  9.474334E-02  4.299202E-02
        40   6  2.672110E+01  1.284239E+02 -1.020356E+01 -5.849851E+01  8.774133E-02  3.992013E-02
        40   7  3.271004E+01  1.293037E+02 -8.154207E+00 -6.237549E+01  9.333773E-02  4.596398E-02
        40   8  3.011862E+01  1.250264E+02 -1.020356E+01 -6.128678E+01  8.652108E-02  4.250014E-02
        41   1  5.923993E+01  1.691928E+02  1.125032E+01 -9.619013E+01  6.059041E-02  3.446524E-02
        41   2  5.433463E+01  1.618533E+02  7.589387E+00 -9.406056E+01  6.676173E-02  3.793024E-02
        41   3  6.478049E+01  1.636523E+02  1.125032E+01 -9.915162E+01  5.895772E-02  3.718919E-02
        41   4  5.975252E+01  1.564354E+02  7.589385E+00 -9.695649E+01  6.492273E-02  4.099842E-02
        41   5  5.942439E+01  1.693325E+02  1.134755E+01 -9.615094E+01  9.270631E-02  5.371483E-02
        41   6  5.452109E+01  1.619959E+02  7.688121E+00 -9.402224E+01  9.887764E-02  5.717983E-02
        41   7  6.496269E+01  1.637942E+02  1.134755E+01 -9.911122E+01  9.107362E-02  5.643878E-02
        41   8  5.993677E+01  1.565802E+02  7.688118E+00 -9.691698E+01  9.703863E-02  6.024801E-02
        42   1  5.813257E+01  1.615666E+02  8.660176E+00 -9.048720E+01  9.193826E-02  5.286752E-02
        42   2  5.370219E+01  1.549308E+02  5.375393E+00 -8.855787E+01  9.679047E-02  5.559188E-02
        42   3  6.334464E+01  1.563545E+02  8.660176E+00 -9.327310E+01  8.996436E-02  5.616076E-02
        42   4  5.880313E+01  1.498299E+02  5.375394E+00 -9.128438E+01  9.465435E-02  5.915577E-02
        42   5  5.828505E+01  1.616875E+02  8.742198E+00 -9.045961E+01  1.818142E-01  1.067371E-01
        42   6  5.385602E+01  1.550538E+02  5.458432E+00 -8.853087E+01  1.866664E-01  1.094615E-01
        42   7  6.349552E+01  1.564770E+02  8.742198E+00 -9.324466E+01  1.798403E-01  1.100304E-01
        42   8  5.895540E+01  1.499544E+02  5.458433E+00 -9.125654E+01  1.845303E-01  1.130254E-01
        43   1  5.650401E+01  1.542394E+02  6.040234E+00 -8.550186E+01  1.151201E-01  6.647234E-02
        43   2  5.247815E+01  1.482039E+02  3.073444E+00 -8.374376E+01  1.179018E-01  6.803413E-02
        43   3  6.142892E+01  1.493145E+02  6.040235E+00 -8.813428E+01  1.128906E-01  7.019209E-02
        43   4  5.730180E+01  1.433802E+02  3.073444E+00 -8.632205E+01  1.155792E-01  7.190903E-02
        43   5  5.660324E+01  1.543264E+02  6.096110E+00 -8.549118E+01  2.474398E-01  1.457818E-01
        43   6  5.257790E+01  1.482916E+02  3.129699E+00 -8.373329E+01  2.502215E-01  1.473436E-01
        43   7  6.152754E+01  1.494021E+02  6.096111E+00 -8.812327E+01  2.452103E-01  1.495015E-01
        43   8  5.740094E+01  1.434686E+02  3.129699E+00 -8.631126E+01  2.478989E-01  1.512185E-01
        44   1  5.440179E+01  1.471486E+02  3.374761E+00 -8.113774E+01  1.268670E-01  7.336061E-02
        44   2  5.072005E+01  1.416254E+02  6.731140E-01 -7.952674E+01  1.274764E-01  7.370283E-02
        44   3  5.907533E+01  1.424751E+02  3.374760E+00 -8.363579E+01  1.245029E-01  7.730475E-02
        44   4  5.530079E+01  1.370446E+02  6.731135E-01 -8.197520E+01  1.250920E-01  7.768096E-02
        44   5  5.444363E+01  1.471977E+02  3.402045E+00 -8.114410E+01  2.802889E-01  1.653183E-01
        44   6  5.076159E+01  1.416741E+02  7.001795E-01 -7.953298E+01  2.808984E-01  1.656605E-01
        44   7  5.911753E+01  1.425238E+02  3.402044E+00 -8.364236E+01  2.779249E-01  1.692624E-01
        44   8  5.534269E+01  1.370929E+02  7.001791E-01 -8.198163E+01  2.785140E-01  1.696386E-01
        45   1  5.186880E+01  1.402434E+02  6.467281E-01 -7.731279E+01  1.265501E-01  7.316034E-02
        45   2  4.847961E+01  1.351579E+02 -1.836469E+00 -7.582877E+01  1.250244E-01  7.230369E-02
        45   3  5.632202E+01  1.357902E+02  6.467280E-01 -7.969308E+01  1.241769E-01  7.711976E-02
        45   4  5.284735E+01  1.307901E+02 -1.836469E+00 -7.816338E+01  1.227022E-01  7.617801E-02
        45   5  5.185287E+01  1.402533E+02  6.449040E-01 -7.733534E+01  2.783576E-01  1.641503E-01
        45   6  4.846268E+01  1.351662E+02 -1.839041E+00 -7.585089E+01  2.768319E-01  1.632937E-01
        45   7  5.630738E+01  1.357987E+02  6.449040E-01 -7.971633E+01  2.759845E-01  1.681097E-01
        45   8  5.283169E+01  1.307972E+02 -1.839041E+00 -7.818618E+01  2.745097E-01  1.671680E-01
        46   1  4.894228E+01  1.334816E+02 -2.160606E+00 -7.395753E+01  1.144223E-01  6.602049E-02
        46   2  4.580167E+01  1.287704E+02 -4.466196E+00 -7.258360E+01  1.107974E-01  6.398525E-02
        46   3  5.320224E+01  1.292216E+02 -2.160605E+00 -7.623453E+01  1.121631E-01  6.978965E-02
        46   4  4.998249E+01  1.245896E+02 -4.466195E+00 -7.481829E+01  1.086595E-01  6.755223E-02
        46   5  4.886835E+01  1.334510E+02 -2.191950E+00 -7.399547E+01  2.424148E-01  1.427363E-01
        46   6  4.572612E+01  1.287375E+02 -4.498758E+00 -7.262084E+01  2.387900E-01  1.407011E-01
        46   7  5.313050E+01  1.291889E+02 -2.191949E+00 -7.627364E+01  2.401557E-01  1.465055E-01
        46   8  4.990909E+01  1.245545E+02 -4.498756E+00 -7.485668E+01  2.366520E-01  1.442681E-01
        47   1  4.565319E+01  1.268271E+02 -5.063406E+00 -7.101339E+01  9.151343E-02  5.255429E-02
        47   2  4.272383E+01  1.224368E+02 -7.226356E+00 -6.973528E+01  8.595518E-02  4.943351E-02
        47   3  4.974356E+01  1.227367E+02 -5.063406E+00 -7.319974E+01  8.948784E-02  5.593378E-02
        47   4  4.674059E+01  1.184200E+02 -7.226357E+00 -7.188228E+01  8.411542E-02  5.250297E-02
        47   5  4.552465E+01  1.267575E+02 -5.122837E+00 -7.106498E+01  1.760042E-01  1.031962E-01
        47   6  4.259315E+01  1.223640E+02 -7.287392E+00 -6.978594E+01  1.704459E-01  1.000754E-01
        47   7  4.961799E+01  1.226642E+02 -5.122838E+00 -7.325292E+01  1.739786E-01  1.065757E-01
        47   8  4.661282E+01  1.183443E+02 -7.287392E+00 -7.193450E+01  1.686062E-01  1.031449E-01
        48   1  4.202378E+01  1.202469E+02 -8.077120E+00 -6.843200E+01  6.114357E-02  3.473164E-02
        48   2  3.927498E+01  1.161328E+02 -1.012471E+01 -6.723758E+01  5.447637E-02  3.098822E-02
        48   3  4.596546E+01  1.163053E+02 -8.077119E+00 -7.053887E+01  5.945341E-02  3.755150E-02
        48   4  4.314787E+01  1.122599E+02 -1.012471E+01 -6.930768E+01  5.300911E-02  3.343619E-02
        48   5  4.186184E+01  1.201519E+02 -8.154207E+00 -6.849053E+01  9.007321E-02  5.207147E-02
        48   6  3.911069E+01  1.160343E+02 -1.020356E+01 -6.729509E+01  8.340601E-02  4.832806E-02
        48   7  4.580690E+01  1.162069E+02 -8.154207E+00 -7.059921E+01  8.838305E-02  5.489133E-02
        48   8  4.298689E+01  1.121581E+02 -1.020356E+01 -6.936696E+01  8.193875E-02  5.077603E-02
        49   1  7.906206E+01  1.493707E+02  1.125032E+01 -1.050672E+02  5.692046E-02  4.023817E-02
        49   2  7.371791E+01  1.424700E+02  7.589389E+00 -1.027411E+02  6.272244E-02  4.429138E-02
        49   3  8.507392E+01  1.433589E+02  1.125032E+01 -1.068909E+02  5.502865E-02  4.278898E-02
        49   4  7.959667E+01  1.365912E+02  7.589388E+00 -1.045244E+02  6.059156E-02  4.716454E-02
        49   5  7.923844E+01  1.495185E+02  1.134756E+01 -1.050244E+02  8.699493E-02  6.254296E-02
        49   6  7.389647E+01  1.426205E+02  7.688123E+00 -1.026993E+02  9.279691E-02  6.659618E-02
        49   7  8.524785E+01  1.435091E+02  1.134756E+01 -1.068474E+02  8.510312E-02  6.509377E-02
        49   8  7.977284E+01  1.367442E+02  7.688122E+00 -1.044819E+02  9.066603E-02  6.946933E-02
        50   1  7.677948E+01  1.429197E+02  8.660177E+00 -9.883800E+01  8.631362E-02  6.162446E-02
        50   2  7.195151E+01  1.366815E+02  5.375392E+00 -9.673062E+01  9.087544E-02  6.481131E-02
        50   3  8.243490E+01  1.372642E+02  8.660178E+00 -1.005536E+02  8.402644E-02  6.470837E-02
        50   4  7.748635E+01  1.311466E+02  5.375394E+00 -9.840959E+01  8.840028E-02  6.814866E-02
        50   5  7.692626E+01  1.430463E+02  8.742199E+00 -9.880786E+01  1.704766E-01  1.240440E-01
        50   6  7.209977E+01  1.368100E+02  5.458431E+00 -9.670112E+01  1.750384E-01  1.272309E-01
        50   7  8.257997E+01  1.373926E+02  8.742201E+00 -1.005229E+02  1.681894E-01  1.271280E-01
        50   8  7.763293E+01  1.312769E+02  5.458433E+00 -9.837959E+01  1.725633E-01  1.305682E-01
        51   1  7.412357E+01  1.366198E+02  6.040236E+00 -9.339258E+01  1.080504E-01  7.743600E-02
        51   2  6.973542E+01  1.309466E+02  3.073445E+00 -9.147222E+01  1.106655E-01  7.926291E-02
        51   3  7.946741E+01  1.312760E+02  6.040235E+00 -9.501362E+01  1.054670E-01  8.091930E-02
        51   4  7.496938E+01  1.257126E+02  3.073444E+00 -9.305993E+01  1.079744E-01  8.289151E-02
        51   5  7.422061E+01  1.367090E+02  6.096111E+00 -9.338090E+01  2.319593E-01  1.693331E-01
        51   6  6.983301E+01  1.310365E+02  3.129700E+00 -9.146079E+01  2.345744E-01  1.711600E-01
        51   7  7.956378E+01  1.313659E+02  6.096110E+00 -9.500174E+01  2.293759E-01  1.728164E-01
        51   8  7.506631E+01  1.258032E+02  3.129699E+00 -9.304829E+01  2.318832E-01  1.747886E-01
        52   1  7.112204E+01  1.304284E+02  3.374763E+00 -8.862570E+01  1.190655E-01  8.544249E-02
        52   2  6.710831E+01  1.252371E+02  6.731156E-01 -8.686603E+01  1.196385E-01  8.584280E-02
        52   3  7.619312E+01  1.253573E+02  3.374762E+00 -9.016400E+01  1.163262E-01  8.913592E-02
        52   4  7.207870E+01  1.202667E+02  6.731146E-01 -8.837378E+01  1.168756E-01  8.956806E-02
        52   5  7.116518E+01  1.304762E+02  3.402047E+00 -8.863265E+01  2.627353E-01  1.919953E-01
        52   6  6.715114E+01  1.252845E+02  7.001812E-01 -8.687284E+01  2.633083E-01  1.923956E-01
        52   7  7.623666E+01  1.254047E+02  3.402046E+00 -9.017107E+01  2.599960E-01  1.956888E-01
        52   8  7.212192E+01  1.203137E+02  7.001802E-01 -8.838072E+01  2.605454E-01  1.961209E-01
        53   1  6.780082E+01  1.243114E+02  6.467281E-01 -8.444776E+01  1.187698E-01  8.521213E-02
        53   2  6.410582E+01  1.195317E+02 -1.836470E+00 -8.282679E+01  1.173354E-01  8.421006E-02
        53   3  7.263284E+01  1.194794E+02  6.467279E-01 -8.591354E+01  1.160199E-01  8.891987E-02
        53   4  6.884509E+01  1.147924E+02 -1.836469E+00 -8.426443E+01  1.146446E-01  8.783811E-02
        53   5  6.778954E+01  1.243166E+02  6.449040E-01 -8.447239E+01  2.609278E-01  1.906437E-01
        53   6  6.409345E+01  1.195355E+02 -1.839042E+00 -8.285095E+01  2.594933E-01  1.896416E-01
        53   7  7.262297E+01  1.194831E+02  6.449039E-01 -8.593860E+01  2.581779E-01  1.943514E-01
        53   8  6.883410E+01  1.147948E+02 -1.839041E+00 -8.428901E+01  2.568026E-01  1.932697E-01
        54   1  6.418287E+01  1.182410E+02 -2.160608E+00 -8.078286E+01  1.074002E-01  7.691792E-02
        54   2  6.075914E+01  1.138130E+02 -4.466197E+00 -7.928213E+01  1.039923E-01  7.453719E-02
        54   3  6.880520E+01  1.136186E+02 -2.160607E+00 -8.218502E+01  1.047825E-01  8.044750E-02
        54   4  6.529559E+01  1.092765E+02 -4.466197E+00 -8.065825E+01  1.015150E-01  7.787743E-02
        54   5  6.411677E+01  1.182026E+02 -2.191952E+00 -8.082430E+01  2.272569E-01  1.658098E-01
        54   6  6.069126E+01  1.137723E+02 -4.498759E+00 -7.932280E+01  2.238490E-01  1.634291E-01
        54   7  6.874146E+01  1.135779E+02 -2.191951E+00 -8.222719E+01  2.246392E-01  1.693394E-01
        54   8  6.523004E+01  1.092335E+02 -4.498759E+00 -8.069962E+01  2.213717E-01  1.667693E-01
        55   1  6.028708E+01  1.121932E+02 -5.063406E+00 -7.756701E+01  8.592155E-02  6.127110E-02
        55   2  5.709434E+01  1.080662E+02 -7.226357E+00 -7.617094E+01  8.069596E-02  5.762055E-02
        55   3  6.472540E+01  1.077549E+02 -5.063406E+00 -7.891335E+01  8.357447E-02  6.443578E-02
        55   4  6.145277E+01  1.037078E+02 -7.226356E+00 -7.749306E+01  7.856419E-02  6.049490E-02
        55   5  6.016917E+01  1.121130E+02 -5.122838E+00 -7.762336E+01  1.650417E-01  1.199507E-01
        55   6  5.697410E+01  1.079830E+02 -7.287393E+00 -7.622628E+01  1.598161E-01  1.163001E-01
        55   7  6.461071E+01  1.076715E+02 -5.122837E+00 -7.897069E+01  1.626946E-01  1.231154E-01
        55   8  6.133570E+01  1.036214E+02 -7.287392E+00 -7.754936E+01  1.576844E-01  1.191745E-01
        56   1  5.612571E+01  1.061450E+02 -8.077122E+00 -7.474739E+01  5.744486E-02  4.055751E-02
        56   2  5.313078E+01  1.022770E+02 -1.012471E+01 -7.344274E+01  5.117668E-02  3.617862E-02
        56   3  6.040269E+01  1.018680E+02 -8.077119E+00 -7.604479E+01  5.548644E-02  4.319812E-02
        56   4  5.733311E+01  9.807471E+01 -1.012470E+01 -7.471750E+01  4.947654E-02  3.847098E-02
        56   5  5.597584E+01  1.060379E+02 -8.154209E+00 -7.481132E+01  8.453560E-02  6.064944E-02
        56   6  5.297834E+01  1.021666E+02 -1.020356E+01 -7.350556E+01  7.826742E-02  5.627055E-02
        56   7  6.025648E+01  1.017573E+02 -8.154207E+00 -7.610984E+01  8.257718E-02  6.329006E-02
        56   8  5.718427E+01  9.796072E+01 -1.020356E+01 -7.478141E+01  7.656728E-02  5.856292E-02
        57   1  1.002351E+02  1.281976E+02  1.125032E+01 -1.099067E+02  5.270234E-02  4.562358E-02
        57   2  9.442224E+01  1.217657E+02  7.589386E+00 -1.074734E+02  5.807910E-02  5.022598E-02
        57   3  1.064873E+02  1.219455E+02  1.125032E+01 -1.105225E+02  5.056962E-02  4.797668E-02
        57   4  1.005359E+02  1.156520E+02  7.589386E+00 -1.080756E+02  5.567687E-02  5.287644E-02
        57   5  1.004029E+02  1.283540E+02  1.134755E+01 -1.098619E+02  8.044577E-02  7.076877E-02
        57   6  9.459237E+01  1.219246E+02  7.688120E+00 -1.074296E+02  8.582252E-02  7.537117E-02
        57   7  1.066525E+02  1.221044E+02  1.134755E+01 -1.104774E+02  7.831306E-02  7.312187E-02
        57   8  1.007036E+02  1.158134E+02  7.688120E+00 -1.080315E+02  8.342030E-02  7.802163E-02
        58   1  9.669724E+01  1.230019E+02  8.660175E+00 -1.033905E+02  7.985775E-02  6.978793E-02
        58   2  9.144460E+01  1.171884E+02  5.375392E+00 -1.011861E+02  8.408523E-02  7.340657E-02
        58   3  1.025787E+02  1.171205E+02  8.660175E+00 -1.039698E+02  7.727931E-02  7.263281E-02
        58   4  9.720064E+01  1.114324E+02  5.375392E+00 -1.017530E+02  8.129488E-02  7.648525E-02
        58   5  9.683796E+01  1.231346E+02  8.742197E+00 -1.033590E+02  1.574973E-01  1.401563E-01
        58   6  9.158692E+01  1.173229E+02  5.458430E+00 -1.011552E+02  1.617248E-01  1.437750E-01
        58   7  1.027176E+02  1.172549E+02  8.742198E+00 -1.039381E+02  1.549189E-01  1.430012E-01
        58   8  9.734121E+01  1.115686E+02  5.458431E+00 -1.017220E+02  1.589345E-01  1.468537E-01
        59   1  9.294399E+01  1.177994E+02  6.040235E+00 -9.769427E+01  9.994004E-02  8.765391E-02
        59   2  8.816884E+01  1.125132E+02  3.073444E+00 -9.568546E+01  1.023635E-01  8.972835E-02
        59   3  9.850139E+01  1.122420E+02  6.040234E+00 -9.824163E+01  9.702766E-02  9.086722E-02
        59   4  9.361198E+01  1.070700E+02  3.073443E+00 -9.622157E+01  9.932966E-02  9.307570E-02
        59   5  9.303866E+01  1.178910E+02  6.096111E+00 -9.768206E+01  2.142448E-01  1.912537E-01
        59   6  8.826412E+01  1.126054E+02  3.129699E+00 -9.567350E+01  2.166683E-01  1.933282E-01
        59   7  9.859538E+01  1.123343E+02  6.096110E+00 -9.822935E+01  2.113324E-01  1.944670E-01
        59   8  9.370658E+01  1.071630E+02  3.129698E+00 -9.620954E+01  2.136344E-01  1.966755E-01
        60   1  8.898182E+01  1.125686E+02  3.374759E+00 -9.270783E+01  1.101173E-01  9.670151E-02
        60   2  8.461349E+01  1.077319E+02  6.731142E-01 -9.086711E+01  1.106483E-01  9.715605E-02
        60   3  9.425558E+01  1.072948E+02  3.374761E+00 -9.322725E+01  1.070292E-01  1.001087E-01
        60   4  8.978253E+01  1.025629E+02  6.731144E-01 -9.137621E+01  1.075336E-01  1.005926E-01
        60   5  8.902637E+01  1.126150E+02  3.402043E+00 -9.271510E+01  2.426513E-01  2.168234E-01
        60   6  8.465769E+01  1.077779E+02  7.001797E-01 -9.087424E+01  2.431823E-01  2.172779E-01
        60   7  9.430054E+01  1.073408E+02  3.402045E+00 -9.323456E+01  2.395633E-01  2.202305E-01
        60   8  8.982714E+01  1.026085E+02  7.001799E-01 -9.138338E+01  2.400677E-01  2.207144E-01
        61   1  8.481867E+01  1.072935E+02  6.467283E-01 -8.833745E+01  1.098457E-01  9.644327E-02
        61   2  8.079701E+01  1.028405E+02 -1.836471E+00 -8.664181E+01  1.085164E-01  9.530543E-02
        61   3  8.984381E+01  1.022684E+02  6.467278E-01 -8.883238E+01  1.067456E-01  9.986363E-02
        61   4  8.572569E+01  9.791177E+01 -1.836471E+00 -8.712725E+01  1.054830E-01  9.865227E-02
        61   5  8.481236E+01  1.072938E+02  6.449042E-01 -8.836322E+01  2.409850E-01  2.153011E-01
        61   6  8.078951E+01  1.028394E+02 -1.839042E+00 -8.666709E+01  2.396557E-01  2.141632E-01
        61   7  8.983896E+01  1.022672E+02  6.449038E-01 -8.885830E+01  2.378850E-01  2.187214E-01
        61   8  8.571963E+01  9.790926E+01 -1.839043E+00 -8.715266E+01  2.366223E-01  2.175101E-01
        62   1  8.046219E+01  1.019617E+02 -2.160606E+00 -8.450374E+01  9.934375E-02  8.707459E-02
        62   2  7.673602E+01  9.783609E+01 -4.466196E+00 -8.293389E+01  9.618560E-02  8.437128E-02
        62   3  8.526924E+01  9.715460E+01 -2.160608E+00 -8.497719E+01  9.639268E-02  9.033059E-02
        62   4  8.145377E+01  9.311833E+01 -4.466198E+00 -8.339855E+01  9.339283E-02  8.745262E-02
        62   5  8.040443E+01  1.019149E+02 -2.191950E+00 -8.454709E+01  2.099105E-01  1.872864E-01
        62   6  7.667634E+01  9.778723E+01 -4.498758E+00 -8.297643E+01  2.067523E-01  1.845831E-01
        62   7  8.521395E+01  9.710541E+01 -2.191952E+00 -8.502079E+01  2.069594E-01  1.905425E-01
        62   8  8.139651E+01  9.306706E+01 -4.498759E+00 -8.344133E+01  2.039596E-01  1.876645E-01
        63   1  7.591833E+01  9.656194E+01 -5.063408E+00 -8.113977E+01  7.950220E-02  6.939784E-02
        63   2  7.244425E+01  9.271632E+01 -7.226361E+00 -7.967940E+01  7.465959E-02  6.525267E-02
        63   3  8.053403E+01  9.194625E+01 -5.063408E+00 -8.159437E+01  7.685623E-02  7.231722E-02
        63   4  7.697688E+01  8.818370E+01 -7.226360E+00 -8.012582E+01  7.225636E-02  6.790422E-02
        63   5  7.581178E+01  9.647039E+01 -5.122840E+00 -8.119872E+01  1.524898E-01  1.355500E-01
        63   6  7.233516E+01  9.262196E+01 -7.287396E+00 -7.973729E+01  1.476472E-01  1.314048E-01
        63   7  8.043083E+01  9.185134E+01 -5.122839E+00 -8.165366E+01  1.498438E-01  1.384694E-01
        63   8  7.687108E+01  8.808604E+01 -7.287395E+00 -8.018404E+01  1.452440E-01  1.340564E-01
        64   1  7.118875E+01  9.108196E+01 -8.077124E+00 -7.819027E+01  5.319292E-02  4.599278E-02
        64   2  6.793090E+01  8.747689E+01 -1.012471E+01 -7.682553E+01  4.738413E-02  4.102058E-02
        64   3  7.563667E+01  8.663405E+01 -8.077123E+00 -7.862835E+01  5.098511E-02  4.842872E-02
        64   4  7.230119E+01  8.310662E+01 -1.012471E+01 -7.725596E+01  4.546749E-02  4.313526E-02
        64   5  7.105176E+01  9.096199E+01 -8.154212E+00 -7.825715E+01  7.818389E-02  6.864330E-02
        64   6  6.779113E+01  8.735383E+01 -1.020356E+01 -7.689124E+01  7.237510E-02  6.367110E-02
        64   7  7.550348E+01  8.651027E+01 -8.154211E+00 -7.869561E+01  7.597608E-02  7.107924E-02
        64   8  7.216515E+01  8.297982E+01 -1.020356E+01 -7.732204E+01  7.045846E-02  6.578579E-02
        65   1  1.219455E+02  1.064873E+02  1.125032E+01 -1.105225E+02  4.797668E-02  5.056962E-02
        65   2  1.156520E+02  1.005359E+02  7.589386E+00 -1.080756E+02  5.287644E-02  5.567687E-02
        65   3  1.281976E+02  1.002351E+02  1.125032E+01 -1.099067E+02  4.562358E-02  5.270234E-02
        65   4  1.217657E+02  9.442224E+01  7.589386E+00 -1.074734E+02  5.022598E-02  5.807910E-02
        65   5  1.221044E+02  1.066525E+02  1.134755E+01 -1.104774E+02  7.312187E-02  7.831306E-02
        65   6  1.158134E+02  1.007036E+02  7.688120E+00 -1.080315E+02  7.802163E-02  8.342030E-02
        65   7  1.283540E+02  1.004029E+02  1.134755E+01 -1.098619E+02  7.076877E-02  8.044577E-02
        65   8  1.219246E+02  9.459237E+01  7.688120E+00 -1.074296E+02  7.537117E-02  8.582252E-02
        66   1  1.171205E+02  1.025787E+02  8.660175E+00 -1.039698E+02  7.263281E-02  7.727931E-02
        66   2  1.114324E+02  9.720064E+01  5.375392E+00 -1.017530E+02  7.648525E-02  8.129488E-02
        66   3  1.230019E+02  9.669724E+01  8.660175E+00 -1.033905E+02  6.978793E-02  7.985775E-02
        66   4  1.171884E+02  9.144460E+01  5.375392E+00 -1.011861E+02  7.340657E-02  8.408523E-02
        66   5  1.172549E+02  1.027176E+02  8.742198E+00 -1.039381E+02  1.430012E-01  1.549189E-01
        66   6  1.115686E+02  9.734121E+01  5.458431E+00 -1.017220E+02  1.468537E-01  1.589345E-01
        66   7  1.231346E+02  9.683796E+01  8.742197E+00 -1.033590E+02  1.401563E-01  1.574973E-01
        66   8  1.173229E+02  9.158692E+01  5.458430E+00 -1.011552E+02  1.437750E-01  1.617248E-01
        67   1  1.122420E+02  9.850139E+01  6.040234E+00 -9.824163E+01  9.086722E-02  9.702766E-02
        67   2  1.070700E+02  9.361198E+01  3.073443E+00 -9.622157E+01  9.307570E-02  9.932966E-02
        67   3  1.177994E+02  9.294399E+01  6.040235E+00 -9.769427E+01  8.765391E-02  9.994004E-02
        67   4  1.125132E+02  8.816884E+01  3.073444E+00 -9.568546E+01  8.972835E-02  1.023635E-01
        67   5  1.123343E+02  9.859538E+01  6.096110E+00 -9.822935E+01  1.944670E-01  2.113324E-01
        67   6  1.071630E+02  9.370658E+01  3.129698E+00 -9.620954E+01  1.966755E-01  2.136344E-01
        67   7  1.178910E+02  9.303866E+01  6.096111E+00 -9.768206E+01  1.912537E-01  2.142448E-01
        67   8  1.126054E+02  8.826412E+01  3.129699E+00 -9.567350E+01  1.933282E-01  2.166683E-01
        68   1  1.072948E+02  9.425558E+01  3.374761E+00 -9.322725E+01  1.001087E-01  1.070292E-01
        68   2  1.025629E+02  8.978253E+01  6.731144E-01 -9.137621E+01  1.005926E-01  1.075336E-01
        68   3  1.125686E+02  8.898182E+01  3.374759E+00 -9.270783E+01  9.670151E-02  1.101173E-01
        68   4  1.077319E+02  8.461349E+01  6.731142E-01 -9.086711E+01  9.715605E-02  1.106483E-01
        68   5  1.073408E+02  9.430054E+01  3.402045E+00 -9.323456E+01  2.202305E-01  2.395633E-01
        68   6  1.026085E+02  8.982714E+01  7.001799E-01 -9.138338E+01  2.207144E-01  2.400677E-01
        68   7  1.126150E+02  8.902637E+01  3.402043E+00 -9.271510E+01  2.168234E-01  2.426513E-01
        68   8  1.077779E+02  8.465769E+01  7.001797E-01 -9.087424E+01  2.172779E-01  2.431823E-01
        69   1  1.022684E+02  8.984381E+01  6.467278E-01 -8.883238E+01  9.986363E-02  1.067456E-01
        69   2  9.791177E+01  8.572569E+01 -1.836471E+00 -8.712725E+01  9.865227E-02  1.054830E-01
        69   3  1.072935E+02  8.481867E+01  6.467283E-01 -8.833745E+01  9.644327E-02  1.098457E-01
        69   4  1.028405E+02  8.079701E+01 -1.836471E+00 -8.664181E+01  9.530543E-02  1.085164E-01
        69   5  1.022672E+02  8.983896E+01  6.449038E-01 -8.885830E+01  2.187214E-01  2.378850E-01
        69   6  9.790926E+01  8.571963E+01 -1.839043E+00 -8.715266E+01  2.175101E-01  2.366223E-01
        69   7  1.072938E+02  8.481236E+01  6.449042E-01 -8.836322E+01  2.153011E-01  2.409850E-01
        69   8  1.028394E+02  8.078951E+01 -1.839042E+00 -8.666709E+01  2.141632E-01  2.396557E-01
        70   1  9.715460E+01  8.526924E+01 -2.160608E+00 -8.497719E+01  9.033059E-02  9.639268E-02
        70   2  9.311833E+01  8.145377E+01 -4.466198E+00 -8.339855E+01  8.745262E-02  9.339283E-02
        70   3  1.019617E+02  8.046219E+01 -2.160606E+00 -8.450374E+01  8.707459E-02  9.934375E-02
        70   4  9.783609E+01  7.673602E+01 -4.466196E+00 -8.293389E+01  8.437128E-02  9.618560E-02
        70   5  9.710541E+01  8.521395E+01 -2.191952E+00 -8.502079E+01  1.905425E-01  2.069594E-01
        70   6  9.306706E+01  8.139651E+01 -4.498759E+00 -8.344133E+01  1.876645E-01  2.039596E-01
        70   7  1.019149E+02  8.040443E+01 -2.191950E+00 -8.454709E+01  1.872864E-01  2.099105E-01
        70   8  9.778723E+01  7.667634E+01 -4.498758E+00 -8.297643E+01  1.845831E-01  2.067523E-01
        71   1  9.194625E+01  8.053403E+01 -5.063408E+00 -8.159437E+01  7.231722E-02  7.685623E-02
        71   2  8.818370E+01  7.697688E+01 -7.226360E+00 -8.012582E+01  6.790422E-02  7.225636E-02
        71   3  9.656194E+01  7.591833E+01 -5.063408E+00 -8.113977E+01  6.939784E-02  7.950220E-02
        71   4  9.271632E+01  7.244425E+01 -7.226361E+00 -7.967940E+01  6.525267E-02  7.465959E-02
        71   5  9.185134E+01  8.043083E+01 -5.122839E+00 -8.165366E+01  1.384694E-01  1.498438E-01
        71   6  8.808604E+01  7.687108E+01 -7.287395E+00 -8.018404E+01  1.340564E-01  1.452440E-01
        71   7  9.647039E+01  7.581178E+01 -5.122840E+00 -8.119872E+01  1.355500E-01  1.524898E-01
        71   8  9.262196E+01  7.233516E+01 -7.287396E+00 -7.973729E+01  1.314048E-01  1.476472E-01
        72   1  8.663405E+01  7.563667E+01 -8.077123E+00 -7.862835E+01  4.842872E-02  5.098511E-02
        72   2  8.310662E+01  7.230119E+01 -1.012471E+01 -7.725596E+01  4.313526E-02  4.546749E-02
        72   3  9.108196E+01  7.118875E+01 -8.077124E+00 -7.819027E+01  4.599278E-02  5.319292E-02
        72   4  8.747689E+01  6.793090E+01 -1.012471E+01 -7.682553E+01  4.102058E-02  4.738413E-02
        72   5  8.651027E+01  7.550348E+01 -8.154211E+00 -7.869561E+01  7.107924E-02  7.597608E-02
        72   6  8.297982E+01  7.216515E+01 -1.020356E+01 -7.732204E+01  6.578579E-02  7.045846E-02
        72   7  9.096199E+01  7.105176E+01 -8.154212E+00 -7.825715E+01  6.864330E-02  7.818389E-02
        72   8  8.735383E+01  6.779113E+01 -1.020356E+01 -7.689124E+01  6.367110E-02  7.237510E-02
        73   1  1.433589E+02  8.507392E+01  1.125032E+01 -1.068909E+02  4.278898E-02  5.502865E-02
        73   2  1.365912E+02  7.959667E+01  7.589388E+00 -1.045244E+02  4.716454E-02  6.059156E-02
        73   3  1.493707E+02  7.906206E+01  1.125032E+01 -1.050672E+02  4.023817E-02  5.692046E-02
        73   4  1.424700E+02  7.371791E+01  7.589389E+00 -1.027411E+02  4.429138E-02  6.272244E-02
        73   5  1.435091E+02  8.524785E+01  1.134756E+01 -1.068474E+02  6.509377E-02  8.510312E-02
        73   6  1.367442E+02  7.977284E+01  7.688122E+00 -1.044819E+02  6.946933E-02  9.066603E-02
        73   7  1.495185E+02  7.923844E+01  1.134756E+01 -1.050244E+02  6.254296E-02  8.699493E-02
        73   8  1.426205E+02  7.389647E+01  7.688123E+00 -1.026993E+02  6.659618E-02  9.279691E-02
        74   1  1.372642E+02  8.243490E+01  8.660178E+00 -1.005536E+02  6.470837E-02  8.402644E-02
        74   2  1.311466E+02  7.748635E+01  5.375394E+00 -9.840959E+01  6.814866E-02  8.840028E-02
        74   3  1.429197E+02  7.677948E+01  8.660177E+00 -9.883800E+01  6.162446E-02  8.631362E-02
        74   4  1.366815E+02  7.195151E+01  5.375392E+00 -9.673062E+01  6.481131E-02  9.087544E-02
        74   5  1.373926E+02  8.257997E+01  8.742201E+00 -1.005229E+02  1.271280E-01  1.681894E-01
        74   6  1.312769E+02  7.763293E+01  5.458433E+00 -9.837959E+01  1.305682E-01  1.725633E-01
        74   7  1.430463E+02  7.692626E+01  8.742199E+00 -9.880786E+01  1.240440E-01  1.704766E-01
        74   8  1.368100E+02  7.209977E+01  5.458431E+00 -9.670112E+01  1.272309E-01  1.750384E-01
        75   1  1.312760E+02  7.946741E+01  6.040235E+00 -9.501362E+01  8.091930E-02  1.054670E-01
        75   2  1.257126E+02  7.496938E+01  3.073444E+00 -9.305993E+01  8.289151E-02  1.079744E-01
        75   3  1.366198E+02  7.412357E+01  6.040236E+00 -9.339258E+01  7.743600E-02  1.080504E-01
        75   4  1.309466E+02  6.973542E+01  3.073445E+00 -9.147222E+01  7.926291E-02  1.106655E-01
        75   5  1.313659E+02  7.956378E+01  6.096110E+00 -9.500174E+01  1.728164E-01  2.293759E-01
        75   6  1.258032E+02  7.506631E+01  3.129699E+00 -9.304829E+01  1.747886E-01  2.318832E-01
        75   7  1.367090E+02  7.422061E+01  6.096111E+00 -9.338090E+01  1.693331E-01  2.319593E-01
        75   8  1.310365E+02  6.983301E+01  3.129700E+00 -9.146079E+01  1.711600E-01  2.345744E-01
        76   1  1.253573E+02  7.619312E+01  3.374762E+00 -9.016400E+01  8.913592E-02  1.163262E-01
        76   2  1.202667E+02  7.207870E+01  6.731146E-01 -8.837378E+01  8.956806E-02  1.168756E-01
        76   3  1.304284E+02  7.112204E+01  3.374763E+00 -8.862570E+01  8.544249E-02  1.190655E-01
        76   4  1.252371E+02  6.710831E+01  6.731156E-01 -8.686603E+01  8.584280E-02  1.196385E-01
        76   5  1.254047E+02  7.623666E+01  3.402046E+00 -9.017107E+01  1.956888E-01  2.599960E-01
        76   6  1.203137E+02  7.212192E+01  7.001802E-01 -8.838072E+01  1.961209E-01  2.605454E-01
        76   7  1.304762E+02  7.116518E+01  3.402047E+00 -8.863265E+01  1.919953E-01  2.627353E-01
        76   8  1.252845E+02  6.715114E+01  7.001812E-01 -8.687284E+01  1.923956E-01  2.633083E-01
        77   1  1.194794E+02  7.263284E+01  6.467279E-01 -8.591354E+01  8.891987E-02  1.160199E-01
        77   2  1.147924E+02  6.884509E+01 -1.836469E+00 -8.426443E+01  8.783811E-02  1.146446E-01
        77   3  1.243114E+02  6.780082E+01  6.467281E-01 -8.444776E+01  8.521213E-02  1.187698E-01
        77   4  1.195317E+02  6.410582E+01 -1.836470E+00 -8.282679E+01  8.421006E-02  1.173354E-01
        77   5  1.194831E+02  7.262297E+01  6.449039E-01 -8.593860E+01  1.943514E-01  2.581779E-01
        77   6  1.147948E+02  6.883410E+01 -1.839041E+00 -8.428901E+01  1.932697E-01  2.568026E-01
        77   7  1.243166E+02  6.778954E+01  6.449040E-01 -8.447239E+01  1.906437E-01  2.609278E-01
        77   8  1.195355E+02  6.409345E+01 -1.839042E+00 -8.285095E+01  1.896416E-01  2.594933E-01
        78   1  1.136186E+02  6.880520E+01 -2.160607E+00 -8.218502E+01  8.044750E-02  1.047825E-01
        78   2  1.092765E+02  6.529559E+01 -4.466197E+00 -8.065825E+01  7.787743E-02  1.015150E-01
        78   3  1.182410E+02  6.418287E+01 -2.160608E+00 -8.078286E+01  7.691792E-02  1.074002E-01
        78   4  1.138130E+02  6.075914E+01 -4.466197E+00 -7.928213E+01  7.453719E-02  1.039923E-01
        78   5  1.135779E+02  6.874146E+01 -2.191951E+00 -8.222719E+01  1.693394E-01  2.246392E-01
        78   6  1.092335E+02  6.523004E+01 -4.498759E+00 -8.069962E+01  1.667693E-01  2.213717E-01
        78   7  1.182026E+02  6.411677E+01 -2.191952E+00 -8.082430E+01  1.658098E-01  2.272569E-01
        78   8  1.137723E+02  6.069126E+01 -4.498759E+00 -7.932280E+01  1.634291E-01  2.238490E-01
        79   1  1.077549E+02  6.472540E+01 -5.063406E+00 -7.891335E+01  6.443578E-02  8.357447E-02
        79   2  1.037078E+02  6.145277E+01 -7.226356E+00 -7.749306E+01  6.049490E-02  7.856419E-02
        79   3  1.121932E+02  6.028708E+01 -5.063406E+00 -7.756701E+01  6.127110E-02  8.592155E-02
        79   4  1.080662E+02  5.709434E+01 -7.226357E+00 -7.617094E+01  5.762055E-02  8.069596E-02
        79   5  1.076715E+02  6.461071E+01 -5.122837E+00 -7.897069E+01  1.231154E-01  1.626946E-01
        79   6  1.036214E+02  6.133570E+01 -7.287392E+00 -7.754936E+01  1.191745E-01  1.576844E-01
        79   7  1.121130E+02  6.016917E+01 -5.122838E+00 -7.762336E+01  1.199507E-01  1.650417E-01
        79   8  1.079830E+02  5.697410E+01 -7.287393E+00 -7.622628E+01  1.163001E-01  1.598161E-01
        80   1  1.018680E+02  6.040269E+01 -8.077119E+00 -7.604479E+01  4.319812E-02  5.548644E-02
        80   2  9.807471E+01  5.733311E+01 -1.012470E+01 -7.471750E+01  3.847098E-02  4.947654E-02
        80   3  1.061450E+02  5.612571E+01 -8.077122E+00 -7.474739E+01  4.055751E-02  5.744486E-02
        80   4  1.022770E+02  5.313078E+01 -1.012471E+01 -7.344274E+01  3.617862E-02  5.117668E-02
        80   5  1.017573E+02  6.025648E+01 -8.154207E+00 -7.610984E+01  6.329006E-02  8.257718E-02
        80   6  9.796072E+01  5.718427E+01 -1.020356E+01 -7.478141E+01  5.856292E-02  7.656728E-02
        80   7  1.060379E+02  5.597584E+01 -8.154209E+00 -7.481132E+01  6.064944E-02  8.453560E-02
        80   8  1.021666E+02  5.297834E+01 -1.020356E+01 -7.350556E+01  5.627055E-02  7.826742E-02
        81   1  1.636523E+02  6.478049E+01  1.125032E+01 -9.915162E+01  3.718919E-02  5.895772E-02
        81   2  1.564354E+02  5.975252E+01  7.589385E+00 -9.695649E+01  4.099842E-02  6.492273E-02
        81   3  1.691928E+02  5.923993E+01  1.125032E+01 -9.619013E+01  3.446524E-02  6.059041E-02
        81   4  1.618533E+02  5.433463E+01  7.589387E+00 -9.406056E+01  3.793024E-02  6.676173E-02
        81   5  1.637942E+02  6.496269E+01  1.134755E+01 -9.911122E+01  5.643878E-02  9.107362E-02
        81   6  1.565802E+02  5.993677E+01  7.688118E+00 -9.691698E+01  6.024801E-02  9.703863E-02
        81   7  1.693325E+02  5.942439E+01  1.134755E+01 -9.615094E+01  5.371483E-02  9.270631E-02
        81   8  1.619959E+02  5.452109E+01  7.688121E+00 -9.402224E+01  5.717983E-02  9.887764E-02
        82   1  1.563545E+02  6.334464E+01  8.660176E+00 -9.327310E+01  5.616076E-02  8.996436E-02
        82   2  1.498299E+02  5.880313E+01  5.375394E+00 -9.128438E+01  5.915577E-02  9.465435E-02
        82   3  1.615666E+02  5.813257E+01  8.660176E+00 -9.048720E+01  5.286752E-02  9.193826E-02
        82   4  1.549308E+02  5.370219E+01  5.375393E+00 -8.855787E+01  5.559188E-02  9.679047E-02
        82   5  1.564770E+02  6.349552E+01  8.742198E+00 -9.324466E+01  1.100304E-01  1.798403E-01
        82   6  1.499544E+02  5.895540E+01  5.458433E+00 -9.125654E+01  1.130254E-01  1.845303E-01
        82   7  1.616875E+02  5.828505E+01  8.742198E+00 -9.045961E+01  1.067371E-01  1.818142E-01
        82   8  1.550538E+02  5.385602E+01  5.458432E+00 -8.853087E+01  1.094615E-01  1.866664E-01
        83   1  1.493145E+02  6.142892E+01  6.040235E+00 -8.813428E+01  7.019209E-02  1.128906E-01
        83   2  1.433802E+02  5.730180E+01  3.073444E+00 -8.632205E+01  7.190903E-02  1.155792E-01
        83   3  1.542394E+02  5.650401E+01  6.040234E+00 -8.550186E+01  6.647234E-02  1.151201E-01
        83   4  1.482039E+02  5.247815E+01  3.073444E+00 -8.374376E+01  6.803413E-02  1.179018E-01
        83   5  1.494021E+02  6.152754E+01  6.096111E+00 -8.812327E+01  1.495015E-01  2.452103E-01
        83   6  1.434686E+02  5.740094E+01  3.129699E+00 -8.631126E+01  1.512185E-01  2.478989E-01
        83   7  1.543264E+02  5.660324E+01  6.096110E+00 -8.549118E+01  1.457818E-01  2.474398E-01
        83   8  1.482916E+02  5.257790E+01  3.129699E+00 -8.373329E+01  1.473436E-01  2.502215E-01
        84   1  1.424751E+02  5.907533E+01  3.374760E+00 -8.363579E+01  7.730475E-02  1.245029E-01
        84   2  1.370446E+02  5.530079E+01  6.731135E-01 -8.197520E+01  7.768096E-02  1.250920E-01
        84   3  1.471486E+02  5.440179E+01  3.374761E+00 -8.113774E+01  7.336061E-02  1.268670E-01
        84   4  1.416254E+02  5.072005E+01  6.731140E-01 -7.952674E+01  7.370283E-02  1.274764E-01
        84   5  1.425238E+02  5.911753E+01  3.402044E+00 -8.364236E+01  1.692624E-01  2.779249E-01
        84   6  1.370929E+02  5.534269E+01  7.001791E-01 -8.198163E+01  1.696386E-01  2.785140E-01
        84   7  1.471977E+02  5.444363E+01  3.402045E+00 -8.114410E+01  1.653183E-01  2.802889E-01
        84   8  1.416741E+02  5.076159E+01  7.001795E-01 -7.953298E+01  1.656605E-01  2.808984E-01
        85   1  1.357902E+02  5.632202E+01  6.467280E-01 -7.969308E+01  7.711976E-02  1.241769E-01
        85   2  1.307901E+02  5.284735E+01 -1.836469E+00 -7.816338E+01  7.617801E-02  1.227022E-01
        85   3  1.402434E+02  5.186880E+01  6.467281E-01 -7.731279E+01  7.316034E-02  1.265501E-01
        85   4  1.351579E+02  4.847961E+01 -1.836469E+00 -7.582877E+01  7.230369E-02  1.250244E-01
        85   5  1.357987E+02  5.630738E+01  6.449040E-01 -7.971633E+01  1.681097E-01  2.759845E-01
        85   6  1.307972E+02  5.283169E+01 -1.839041E+00 -7.818618E+01  1.671680E-01  2.745097E-01
        85   7  1.402533E+02  5.185287E+01  6.449040E-01 -7.733534E+01  1.641503E-01  2.783576E-01
        85   8  1.351662E+02  4.846268E+01 -1.839041E+00 -7.585089E+01  1.632937E-01  2.768319E-01
        86   1  1.292216E+02  5.320224E+01 -2.160605E+00 -7.623453E+01  6.978965E-02  1.121631E-01
        86   2  1.245896E+02  4.998249E+01 -4.466195E+00 -7.481829E+01  6.755223E-02  1.086595E-01
        86   3  1.334816E+02  4.894228E+01 -2.160606E+00 -7.395753E+01  6.602049E-02  1.144223E-01
        86   4  1.287704E+02  4.580167E+01 -4.466196E+00 -7.258360E+01  6.398525E-02  1.107974E-01
        86   5  1.291889E+02  5.313050E+01 -2.191949E+00 -7.627364E+01  1.465055E-01  2.401557E-01
        86   6  1.245545E+02  4.990909E+01 -4.498756E+00 -7.485668E+01  1.442681E-01  2.366520E-01
        86   7  1.334510E+02  4.886835E+01 -2.191950E+00 -7.399547E+01  1.427363E-01  2.424148E-01
        86   8  1.287375E+02  4.572612E+01 -4.498758E+00 -7.262084E+01  1.407011E-01  2.387900E-01
        87   1  1.227367E+02  4.974356E+01 -5.063406E+00 -7.319974E+01  5.593378E-02  8.948784E-02
        87   2  1.184200E+02  4.674059E+01 -7.226357E+00 -7.188228E+01  5.250297E-02  8.411542E-02
        87   3  1.268271E+02  4.565319E+01 -5.063406E+00 -7.101339E+01  5.255429E-02  9.151343E-02
        87   4  1.224368E+02  4.272383E+01 -7.226356E+00 -6.973528E+01  4.943351E-02  8.595518E-02
        87   5  1.226642E+02  4.961799E+01 -5.122838E+00 -7.325292E+01  1.065757E-01  1.739786E-01
        87   6  1.183443E+02  4.661282E+01 -7.287392E+00 -7.193450E+01  1.031449E-01  1.686062E-01
        87   7  1.267575E+02  4.552465E+01 -5.122837E+00 -7.106498E+01  1.031962E-01  1.760042E-01
        87   8  1.223640E+02  4.259315E+01 -7.287392E+00 -6.978594E+01  1.000754E-01  1.704459E-01
        88   1  1.163053E+02  4.596546E+01 -8.077119E+00 -7.053887E+01  3.755150E-02  5.945341E-02
        88   2  1.122599E+02  4.314787E+01 -1.012471E+01 -6.930768E+01  3.343619E-02  5.300911E-02
        88   3  1.202469E+02  4.202378E+01 -8.077120E+00 -6.843200E+01  3.473164E-02  6.114357E-02
        88   4  1.161328E+02  3.927498E+01 -1.012471E+01 -6.723758E+01  3.098822E-02  5.447637E-02
        88   5  1.162069E+02  4.580690E+01 -8.154207E+00 -7.059921E+01  5.489133E-02  8.838305E-02
        88   6  1.121581E+02  4.298689E+01 -1.020356E+01 -6.936696E+01  5.077603E-02  8.193875E-02
        88   7  1.201519E+02  4.186184E+01 -8.154207E+00 -6.849053E+01  5.207147E-02  9.007321E-02
        88   8  1.160343E+02  3.911069E+01 -1.020356E+01 -6.729509E+01  4.832806E-02  8.340601E-02
        89   1  1.820459E+02  4.638686E+01  1.125031E+01 -8.760198E+01  3.123125E-02  6.231901E-02
        89   2  1.744218E+02  4.176612E+01  7.589385E+00 -8.566255E+01  3.443747E-02  6.862866E-02
        89   3  1.869022E+02  4.153052E+01  1.125031E+01 -8.361649E+01  2.836038E-02  6.367683E-02
        89   4  1.791706E+02  3.701730E+01  7.589383E+00 -8.176530E+01  3.120381E-02  7.015807E-02
        89   5  1.821803E+02  4.657655E+01  1.134755E+01 -8.756629E+01  4.724024E-02  9.616705E-02
        89   6  1.745593E+02  4.195770E+01  7.688119E+00 -8.562765E+01  5.044647E-02  1.024767E-01
        89   7  1.870347E+02  4.172220E+01  1.134755E+01 -8.358242E+01  4.436937E-02  9.752487E-02
        89   8  1.793062E+02  3.721081E+01  7.688116E+00 -8.173198E+01  4.721280E-02  1.040061E-01
        90   1  1.736576E+02  4.604153E+01  8.660172E+00 -8.240823E+01  4.707228E-02  9.503588E-02
        90   2  1.667640E+02  4.186895E+01  5.375391E+00 -8.065115E+01  4.959317E-02  9.999684E-02
        90   3  1.782260E+02  4.147312E+01  8.660173E+00 -7.865903E+01  4.360142E-02  9.667747E-02
        90   4  1.712350E+02  3.739794E+01  5.375392E+00 -7.698189E+01  4.583707E-02  1.017734E-01
        90   5  1.737748E+02  4.619769E+01  8.742195E+00 -8.238310E+01  9.187311E-02  1.897591E-01
        90   6  1.668834E+02  4.202639E+01  5.458429E+00 -8.062656E+01  9.439401E-02  1.947201E-01
        90   7  1.783419E+02  4.163067E+01  8.742196E+00 -7.863504E+01  8.840225E-02  1.914007E-01
        90   8  1.713530E+02  3.755674E+01  5.458431E+00 -7.695842E+01  9.063790E-02  1.964966E-01
        91   1  1.656643E+02  4.507912E+01  6.040235E+00 -7.786800E+01  5.878888E-02  1.192270E-01
        91   2  1.593938E+02  4.128819E+01  3.073443E+00 -7.626686E+01  6.023403E-02  1.220710E-01
        91   3  1.699810E+02  4.076240E+01  6.040234E+00 -7.432536E+01  5.486852E-02  1.210812E-01
        91   4  1.636218E+02  3.706023E+01  3.073442E+00 -7.279707E+01  5.615014E-02  1.240025E-01
        91   5  1.657498E+02  4.517978E+01  6.096110E+00 -7.785826E+01  1.247468E-01  2.586833E-01
        91   6  1.594802E+02  4.138933E+01  3.129698E+00 -7.625733E+01  1.261920E-01  2.615272E-01
        91   7  1.700660E+02  4.086360E+01  6.096109E+00 -7.431607E+01  1.208265E-01  2.605375E-01
        91   8  1.637076E+02  3.716189E+01  3.129697E+00 -7.278797E+01  1.221081E-01  2.634588E-01
        92   1  1.579904E+02  4.356005E+01  3.374761E+00 -7.389351E+01  6.472909E-02  1.314806E-01
        92   2  1.522519E+02  4.009357E+01  6.731162E-01 -7.242635E+01  6.504574E-02  1.321038E-01
        92   3  1.620868E+02  3.946366E+01  3.374760E+00 -7.053169E+01  6.057223E-02  1.334467E-01
        92   4  1.562669E+02  3.607851E+01  6.731141E-01 -6.913128E+01  6.085306E-02  1.340868E-01
        92   5  1.580403E+02  4.360103E+01  3.402045E+00 -7.389931E+01  1.412060E-01  2.931772E-01
        92   6  1.523014E+02  4.013428E+01  7.001817E-01 -7.243203E+01  1.415226E-01  2.938004E-01
        92   7  1.621370E+02  3.950432E+01  3.402044E+00 -7.053723E+01  1.370491E-01  2.951433E-01
        92   8  1.563167E+02  3.611890E+01  7.001796E-01 -6.913671E+01  1.373299E-01  2.957834E-01
        93   1  1.505741E+02  4.153814E+01  6.467288E-01 -7.041007E+01  6.457694E-02  1.311381E-01
        93   2  1.452902E+02  3.834725E+01 -1.836469E+00 -6.905855E+01  6.378428E-02  1.295781E-01
        93   3  1.544773E+02  3.763487E+01  6.467299E-01 -6.720673E+01  6.040397E-02  1.331117E-01
        93   4  1.491186E+02  3.451890E+01 -1.836467E+00 -6.591670E+01  5.970100E-02  1.315094E-01
        93   5  1.505869E+02  4.151920E+01  6.449048E-01 -7.043061E+01  1.402491E-01  2.911331E-01
        93   6  1.453015E+02  3.832737E+01 -1.839041E+00 -6.907869E+01  1.394564E-01  2.895732E-01
        93   7  1.544913E+02  3.761478E+01  6.449058E-01 -6.722633E+01  1.360761E-01  2.931068E-01
        93   8  1.491310E+02  3.449790E+01 -1.839039E+00 -6.593593E+01  1.353731E-01  2.915045E-01
        94   1  1.433639E+02  3.905996E+01 -2.160605E+00 -6.735438E+01  5.845969E-02  1.184636E-01
        94   2  1.384692E+02  3.610294E+01 -4.466195E+00 -6.610312E+01  5.657646E-02  1.147575E-01
        94   3  1.470978E+02  3.532608E+01 -2.160607E+00 -6.429006E+01  5.448724E-02  1.203424E-01
        94   4  1.421337E+02  3.243842E+01 -4.466196E+00 -6.309572E+01  5.281710E-02  1.165356E-01
        94   5  1.433384E+02  3.898097E+01 -2.191949E+00 -6.738894E+01  1.222607E-01  2.533593E-01
        94   6  1.384412E+02  3.602241E+01 -4.498756E+00 -6.613703E+01  1.203774E-01  2.496532E-01
        94   7  1.470742E+02  3.524517E+01 -2.191951E+00 -6.432304E+01  1.182882E-01  2.552381E-01
        94   8  1.421076E+02  3.235601E+01 -4.498758E+00 -6.312809E+01  1.166181E-01  2.514312E-01
        95   1  1.363160E+02  3.616428E+01 -5.063406E+00 -6.467310E+01  4.689311E-02  9.453939E-02
        95   2  1.317549E+02  3.340570E+01 -7.226357E+00 -6.350910E+01  4.400541E-02  8.885657E-02
        95   3  1.399013E+02  3.257904E+01 -5.063404E+00 -6.173076E+01  4.333134E-02  9.622398E-02
        95   4  1.352756E+02  2.988499E+01 -7.226355E+00 -6.061972E+01  4.077040E-02  9.038661E-02
        95   5  1.362533E+02  3.602884E+01 -5.122837E+00 -6.472009E+01  8.900960E-02  1.835871E-01
        95   6  1.316889E+02  3.326825E+01 -7.287392E+00 -6.355524E+01  8.612191E-02  1.779042E-01
        95   7  1.398412E+02  3.244099E+01 -5.122835E+00 -6.177562E+01  8.544784E-02  1.852716E-01
        95   8  1.352122E+02  2.974498E+01 -7.287390E+00 -6.066377E+01  8.288690E-02  1.794343E-01
        96   1  1.293909E+02  3.287979E+01 -8.077119E+00 -6.232218E+01  3.154324E-02  6.284782E-02
        96   2  1.251172E+02  3.029060E+01 -1.012470E+01 -6.123441E+01  2.807940E-02  5.603117E-02
        96   3  1.328459E+02  2.942487E+01 -8.077120E+00 -5.948681E+01  2.857129E-02  6.425344E-02
        96   4  1.285118E+02  2.689598E+01 -1.012471E+01 -5.844852E+01  2.549940E-02  5.725143E-02
        96   5  1.293037E+02  3.271004E+01 -8.154207E+00 -6.237549E+01  4.596398E-02  9.333773E-02
        96   6  1.250264E+02  3.011862E+01 -1.020356E+01 -6.128678E+01  4.250014E-02  8.652108E-02
        96   7  1.327616E+02  2.925216E+01 -8.154208E+00 -5.953769E+01  4.299202E-02  9.474334E-02
        96   8  1.284239E+02  2.672110E+01 -1.020356E+01 -5.849851E+01  3.992013E-02  8.774133E-02
        97   1  1.978329E+02  3.059990E+01  1.125032E+01 -7.268586E+01  2.497253E-02  6.508013E-02
        97   2  1.898592E+02  2.632866E+01  7.589389E+00 -7.107666E+01  2.754486E-02  7.167366E-02
        97   3  2.018184E+02  2.661439E+01  1.125032E+01 -6.782953E+01  2.198240E-02  6.615002E-02
        97   4  1.937565E+02  2.243140E+01  7.589384E+00 -6.632784E+01  2.417686E-02  7.287876E-02
        97   5  1.979609E+02  3.079603E+01  1.134756E+01 -7.265625E+01  3.758674E-02  1.003343E-01
        97   6  1.899905E+02  2.652654E+01  7.688123E+00 -7.104770E+01  4.015906E-02  1.069279E-01
        97   7  2.019447E+02  2.681215E+01  1.134755E+01 -6.780189E+01  3.459660E-02  1.014042E-01
        97   8  1.938862E+02  2.263086E+01  7.688118E+00 -6.630081E+01  3.679107E-02  1.081329E-01
        98   1  1.885086E+02  3.119054E+01  8.660175E+00 -6.837645E+01  3.753047E-02  9.919215E-02
        98   2  1.812984E+02  2.733460E+01  5.375393E+00 -6.691856E+01  3.955297E-02  1.043763E-01
        98   3  1.922578E+02  2.744135E+01  8.660179E+00 -6.380803E+01  3.391542E-02  1.004856E-01
        98   4  1.849677E+02  2.366535E+01  5.375396E+00 -6.244754E+01  3.564082E-02  1.057761E-01
        98   5  1.886213E+02  3.135123E+01  8.742198E+00 -6.835560E+01  7.283107E-02  1.978505E-01
        98   6  1.814133E+02  2.749647E+01  5.458432E+00 -6.689815E+01  7.485357E-02  2.030347E-01
        98   7  1.923694E+02  2.760318E+01  8.742202E+00 -6.378858E+01  6.921602E-02  1.991440E-01
        98   8  1.850815E+02  2.382834E+01  5.458435E+00 -6.242850E+01  7.094142E-02  2.044345E-01
        99   1  1.796971E+02  3.104633E+01  6.040237E+00 -6.460929E+01  4.681951E-02  1.244153E-01
        99   2  1.731381E+02  2.754395E+01  3.073446E+00 -6.328078E+01  4.797894E-02  1.273872E-01
        99   3  1.832397E+02  2.750369E+01  6.040235E+00 -6.029257E+01  4.273628E-02  1.258763E-01
        99   4  1.766079E+02  2.407414E+01  3.073443E+00 -5.905282E+01  4.372539E-02  1.289091E-01
        99   5  1.797809E+02  3.114875E+01  6.096113E+00 -6.460121E+01  9.879075E-02  2.696650E-01
        99   6  1.732227E+02  2.764681E+01  3.129701E+00 -6.327287E+01  9.995018E-02  2.726369E-01
        99   7  1.833231E+02  2.760655E+01  6.096110E+00 -6.028503E+01  9.470751E-02  2.711259E-01
        99   8  1.766921E+02  2.417744E+01  3.129698E+00 -5.904544E+01  9.569663E-02  2.741588E-01
       100   1  1.713069E+02  3.024351E+01  3.374762E+00 -6.131154E+01  5.153005E-02  1.371920E-01
       100   2  1.653040E+02  2.704143E+01  6.731160E-01 -6.009420E+01  5.178410E-02  1.378432E-01
       100   3  1.746687E+02  2.688170E+01  3.374764E+00 -5.721515E+01  4.720050E-02  1.387412E-01
       100   4  1.685991E+02  2.374636E+01  6.731184E-01 -5.607914E+01  4.741723E-02  1.394057E-01
       100   5  1.713579E+02  3.028345E+01  3.402046E+00 -6.131635E+01  1.117896E-01  3.056061E-01
       100   6  1.653545E+02  2.708112E+01  7.001816E-01 -6.009891E+01  1.120437E-01  3.062573E-01
       100   7  1.747200E+02  2.692137E+01  3.402048E+00 -5.721964E+01  1.074601E-01  3.071552E-01
       100   8  1.686499E+02  2.378579E+01  7.001840E-01 -5.608354E+01  1.076768E-01  3.078198E-01
       101   1  1.632628E+02  2.884937E+01  6.467287E-01 -5.842123E+01  5.141221E-02  1.368362E-01
       101   2  1.577354E+02  2.590204E+01 -1.836469E+00 -5.729984E+01  5.077626E-02  1.352061E-01
       101   3  1.664662E+02  2.564603E+01  6.467299E-01 -5.451795E+01  4.706588E-02  1.383914E-01
       101   4  1.608773E+02  2.276019E+01 -1.836468E+00 -5.347148E+01  4.652335E-02  1.367279E-01
       101   5  1.632794E+02  2.882672E+01  6.449046E-01 -5.843827E+01  1.110377E-01  3.034781E-01
       101   6  1.577504E+02  2.587852E+01 -1.839041E+00 -5.731655E+01  1.104017E-01  3.018479E-01
       101   7  1.664837E+02  2.562245E+01  6.449059E-01 -5.453385E+01  1.066913E-01  3.050332E-01
       101   8  1.608931E+02  2.273576E+01 -1.839040E+00 -5.348708E+01  1.061488E-01  3.033697E-01
       102   1  1.555020E+02  2.692186E+01 -2.160604E+00 -5.588584E+01  4.656673E-02  1.236232E-01
       102   2  1.503818E+02  2.419033E+01 -4.466194E+00 -5.484763E+01  4.505582E-02  1.197504E-01
       102   3  1.585663E+02  2.385754E+01 -2.160604E+00 -5.215196E+01  4.242925E-02  1.251037E-01
       102   4  1.533892E+02  2.118294E+01 -4.466193E+00 -5.118311E+01  4.114029E-02  1.211514E-01
       102   5  1.554827E+02  2.683664E+01 -2.191948E+00 -5.591451E+01  9.683839E-02  2.641229E-01
       102   6  1.503599E+02  2.410370E+01 -4.498755E+00 -5.487577E+01  9.532749E-02  2.602501E-01
       102   7  1.585486E+02  2.377075E+01 -2.191948E+00 -5.217871E+01  9.270091E-02  2.656033E-01
       102   8  1.533688E+02  2.109476E+01 -4.498755E+00 -5.120937E+01  9.141195E-02  2.616511E-01
       103   1  1.479709E+02  2.450937E+01 -5.063406E+00 -5.366111E+01  3.740082E-02  9.868049E-02
       103   2  1.432000E+02  2.196056E+01 -7.226356E+00 -5.269530E+01  3.508404E-02  9.274198E-02
       103   3  1.509132E+02  2.156704E+01 -5.063405E+00 -5.007586E+01  3.369109E-02  1.000079E-01
       103   4  1.460894E+02  1.907119E+01 -7.226356E+00 -4.917459E+01  3.171464E-02  9.394758E-02
       103   5  1.479167E+02  2.436547E+01 -5.122837E+00 -5.370009E+01  7.058630E-02  1.914275E-01
       103   6  1.431423E+02  2.181479E+01 -7.287392E+00 -5.273359E+01  6.826952E-02  1.854890E-01
       103   7  1.508612E+02  2.142100E+01 -5.122837E+00 -5.011225E+01  6.687657E-02  1.927549E-01
       103   8  1.460338E+02  1.892332E+01 -7.287392E+00 -4.921032E+01  6.490012E-02  1.866946E-01
       104   1  1.406222E+02  2.164855E+01 -8.077119E+00 -5.171048E+01  2.523118E-02  6.563696E-02
       104   2  1.361524E+02  1.925539E+01 -1.012470E+01 -5.080793E+01  2.245217E-02  5.851363E-02
       104   3  1.434576E+02  1.881318E+01 -8.077117E+00 -4.825557E+01  2.213576E-02  6.674453E-02
       104   4  1.389383E+02  1.646951E+01 -1.012470E+01 -4.741332E+01  1.976498E-02  5.947513E-02
       104   5  1.405446E+02  2.146919E+01 -8.154206E+00 -5.175471E+01  3.659393E-02  9.739351E-02
       104   6  1.360710E+02  1.907398E+01 -1.020355E+01 -5.085138E+01  3.381492E-02  9.027018E-02
       104   7  1.433824E+02  1.863140E+01 -8.154204E+00 -4.829685E+01  3.349852E-02  9.850107E-02
       104   8  1.388593E+02  1.628572E+01 -1.020355E+01 -4.745387E+01  3.112773E-02  9.123168E-02
       105   1  2.104066E+02  1.802627E+01  1.125033E+01 -5.497646E+01  1.847331E-02  6.721449E-02
       105   2  2.021545E+02  1.403340E+01  7.589394E+00 -5.375933E+01  2.038697E-02  7.402841E-02
       105   3  2.133680E+02  1.506477E+01  1.125033E+01 -4.943590E+01  1.539271E-02  6.798615E-02
       105   4  2.050505E+02  1.113746E+01  7.589392E+00 -4.834142E+01  1.691707E-02  7.489758E-02
       105   5  2.105294E+02  1.822752E+01  1.134757E+01 -5.495406E+01  2.757125E-02  1.035353E-01
       105   6  2.022808E+02  1.423628E+01  7.688128E+00 -5.373742E+01  2.948492E-02  1.103492E-01
       105   7  2.134897E+02  1.526723E+01  1.134757E+01 -4.941575E+01  2.449065E-02  1.043070E-01
       105   8  2.051755E+02  1.134152E+01  7.688126E+00 -4.832173E+01  2.601502E-02  1.112184E-01
       106   1  2.003368E+02  1.936238E+01  8.660180E+00 -5.171700E+01  2.762722E-02  1.023931E-01
       106   2  1.928744E+02  1.575863E+01  5.375395E+00 -5.061431E+01  2.913184E-02  1.077506E-01
       106   3  2.031227E+02  1.657647E+01  8.660181E+00 -4.650493E+01  2.390279E-02  1.033261E-01
       106   4  1.956009E+02  1.303212E+01  5.375397E+00 -4.551337E+01  2.510132E-02  1.087602E-01
       106   5  2.004459E+02  1.952667E+01  8.742202E+00 -5.170123E+01  5.308761E-02  2.040365E-01
       106   6  1.929858E+02  1.592403E+01  5.458434E+00 -5.059888E+01  5.459223E-02  2.093940E-01
       106   7  2.032310E+02  1.674161E+01  8.742203E+00 -4.649075E+01  4.936318E-02  2.049694E-01
       106   8  1.957114E+02  1.319835E+01  5.458435E+00 -4.549949E+01  5.056171E-02  2.104036E-01
       107   1  1.908736E+02  1.986983E+01  6.040240E+00 -4.886768E+01  3.439923E-02  1.284053E-01
       107   2  1.840848E+02  1.659726E+01  3.073448E+00 -4.786286E+01  3.526178E-02  1.314765E-01
       107   3  1.935060E+02  1.723741E+01  6.040240E+00 -4.394277E+01  3.019245E-02  1.294590E-01
       107   4  1.866631E+02  1.401897E+01  3.073449E+00 -4.303921E+01  3.087953E-02  1.325742E-01
       107   5  1.909560E+02  1.997365E+01  6.096115E+00 -4.886157E+01  7.188324E-02  2.780496E-01
       107   6  1.841681E+02  1.670149E+01  3.129703E+00 -4.785687E+01  7.274578E-02  2.811209E-01
       107   7  1.935881E+02  1.734156E+01  6.096116E+00 -4.393728E+01  6.767646E-02  2.791034E-01
       107   8  1.867460E+02  1.412352E+01  3.129703E+00 -4.303383E+01  6.836354E-02  2.822186E-01
       108   1  1.819129E+02  1.963747E+01  3.374762E+00 -4.637341E+01  3.783474E-02  1.415823E-01
       108   2  1.756995E+02  1.664597E+01  6.731162E-01 -4.545266E+01  3.802374E-02  1.422552E-01
       108   3  1.844110E+02  1.713942E+01  3.374763E+00 -4.169987E+01  3.337420E-02  1.426996E-01
       108   4  1.781479E+02  1.419752E+01  6.731166E-01 -4.087192E+01  3.352475E-02  1.433822E-01
       108   5  1.819648E+02  1.967658E+01  3.402046E+00 -4.637705E+01  8.129668E-02  3.150918E-01
       108   6  1.757508E+02  1.668484E+01  7.001818E-01 -4.545623E+01  8.148568E-02  3.157648E-01
       108   7  1.844630E+02  1.717833E+01  3.402047E+00 -4.170315E+01  7.683613E-02  3.162091E-01
       108   8  1.781995E+02  1.423619E+01  7.001822E-01 -4.087513E+01  7.698668E-02  3.168917E-01
       109   1  1.733689E+02  1.874332E+01  6.467318E-01 -4.418730E+01  3.775234E-02  1.412166E-01
       109   2  1.676475E+02  1.598997E+01 -1.836467E+00 -4.333913E+01  3.727924E-02  1.395320E-01
       109   3  1.757492E+02  1.636301E+01  6.467287E-01 -3.973408E+01  3.327451E-02  1.423383E-01
       109   4  1.699821E+02  1.365536E+01 -1.836470E+00 -3.897139E+01  3.289764E-02  1.406296E-01
       109   5  1.733884E+02  1.871772E+01  6.449077E-01 -4.420019E+01  8.075693E-02  3.129003E-01
       109   6  1.676653E+02  1.596356E+01 -1.839039E+00 -4.335177E+01  8.028381E-02  3.112157E-01
       109   7  1.757694E+02  1.633673E+01  6.449046E-01 -3.974567E+01  7.627909E-02  3.140220E-01
       109   8  1.700006E+02  1.362827E+01 -1.839041E+00 -3.898276E+01  7.590223E-02  3.123133E-01
       110   1  1.651695E+02  1.725439E+01 -2.160607E+00 -4.226964E+01  3.422530E-02  1.275923E-01
       110   2  1.598697E+02  1.470246E+01 -4.466197E+00 -4.148439E+01  3.310127E-02  1.235900E-01
       110   3  1.674465E+02  1.497740E+01 -2.160604E+00 -3.800968E+01  2.996263E-02  1.286600E-01
       110   4  1.621044E+02  1.246777E+01 -4.466194E+00 -3.730357E+01  2.906727E-02  1.246005E-01
       110   5  1.651552E+02  1.716421E+01 -2.191951E+00 -4.229133E+01  7.048349E-02  2.723429E-01
       110   6  1.598526E+02  1.461095E+01 -4.498758E+00 -4.150567E+01  6.935947E-02  2.683406E-01
       110   7  1.674333E+02  1.488605E+01 -2.191948E+00 -3.802918E+01  6.622082E-02  2.734107E-01
       110   8  1.620885E+02  1.237512E+01 -4.498755E+00 -3.732270E+01  6.532546E-02  2.693511E-01
       111   1  1.572535E+02  1.522676E+01 -5.063405E+00 -4.058695E+01  2.754834E-02  1.018712E-01
       111   2  1.523156E+02  1.284502E+01 -7.226355E+00 -3.985646E+01  2.582479E-02  9.573425E-02
       111   3  1.594399E+02  1.304040E+01 -5.063406E+00 -3.649658E+01  2.372637E-02  1.028286E-01
       111   4  1.544626E+02  1.069801E+01 -7.226357E+00 -3.583970E+01  2.235344E-02  9.660378E-02
       111   5  1.572061E+02  1.507611E+01 -5.122836E+00 -4.061644E+01  5.148321E-02  1.974244E-01
       111   6  1.522645E+02  1.269263E+01 -7.287390E+00 -3.988541E+01  4.975966E-02  1.912874E-01
       111   7  1.593940E+02  1.288816E+01 -5.122838E+00 -3.652309E+01  4.766124E-02  1.983817E-01
       111   8  1.544131E+02  1.054406E+01 -7.287393E+00 -3.586574E+01  4.628831E-02  1.921569E-01
       112   1  1.495674E+02  1.270336E+01 -8.077122E+00 -3.911159E+01  1.867613E-02  6.779400E-02
       112   2  1.449415E+02  1.046632E+01 -1.012471E+01 -3.842893E+01  1.660871E-02  6.043258E-02
       112   3  1.516742E+02  1.059649E+01 -8.077121E+00 -3.516990E+01  1.548706E-02  6.859283E-02
       112   4  1.470116E+02  8.396224E+00 -1.012471E+01 -3.455604E+01  1.384022E-02  6.112606E-02
       112   5  1.494974E+02  1.251635E+01 -8.154209E+00 -3.914504E+01  2.687146E-02  1.005114E-01
       112   6  1.448676E+02  1.027739E+01 -1.020356E+01 -3.846180E+01  2.480404E-02  9.314996E-02
       112   7  1.516061E+02  1.040767E+01 -8.154209E+00 -3.519998E+01  2.368239E-02  1.013102E-01
       112   8  1.469395E+02  8.205523E+00 -1.020356E+01 -3.458559E+01  2.203555E-02  9.384343E-02
       113   1  2.192836E+02  9.149141E+00  1.125032E+01 -3.515432E+01  1.179618E-02  6.870154E-02
       113   2  2.108351E+02  5.352808E+00  7.589388E+00 -3.437604E+01  1.303275E-02  7.567022E-02
       113   3  2.211073E+02  7.325466E+00  1.125032E+01 -2.914247E+01  8.654780E-03  6.916752E-02
       113   4  2.126184E+02  3.569507E+00  7.589388E+00 -2.849728E+01  9.494363E-03  7.619509E-02
       113   5  2.194029E+02  9.354010E+00  1.134756E+01 -3.514000E+01  1.729024E-02  1.057392E-01
       113   6  2.109578E+02  5.559226E+00  7.688122E+00 -3.436203E+01  1.852681E-02  1.127079E-01
       113   7  2.212258E+02  7.531078E+00  1.134756E+01 -2.913060E+01  1.414884E-02  1.062052E-01
       113   8  2.127404E+02  3.776653E+00  7.688122E+00 -2.848567E+01  1.498842E-02  1.132328E-01
       114   1  2.086876E+02  1.101158E+01  8.660181E+00 -3.307009E+01  1.745790E-02  1.046080E-01
       114   2  2.010471E+02  7.585887E+00  5.375397E+00 -3.236499E+01  1.843015E-02  1.100872E-01
       114   3  2.104031E+02  9.296015E+00  8.660176E+00 -2.741467E+01  1.365996E-02  1.051714E-01
       114   4  2.027261E+02  5.906903E+00  5.375393E+00 -2.683015E+01  1.432008E-02  1.106968E-01
       114   5  2.087941E+02  1.117842E+01  8.742203E+00 -3.306001E+01  3.283288E-02  2.082575E-01
       114   6  2.011560E+02  7.753778E+00  5.458436E+00 -3.235512E+01  3.380513E-02  2.137366E-01
       114   7  2.105092E+02  9.463379E+00  8.742199E+00 -2.740631E+01  2.903494E-02  2.088209E-01
       114   8  2.028345E+02  6.075306E+00  5.458432E+00 -2.682197E+01  2.969507E-02  2.143463E-01
       115   1  1.987643E+02  1.197911E+01  6.040236E+00 -3.124812E+01  2.164766E-02  1.311587E-01
       115   2  1.918132E+02  8.868784E+00  3.073444E+00 -3.060559E+01  2.220502E-02  1.342997E-01
       115   3  2.003853E+02  1.035808E+01  6.040238E+00 -2.590428E+01  1.735786E-02  1.317950E-01
       115   4  1.934009E+02  7.281084E+00  3.073446E+00 -2.537163E+01  1.773629E-02  1.349626E-01
       115   5  1.988457E+02  1.208391E+01  6.096111E+00 -3.124421E+01  4.428344E-02  2.837565E-01
       115   6  1.918956E+02  8.973978E+00  3.129699E+00 -3.060176E+01  4.484081E-02  2.868975E-01
       115   7  2.004666E+02  1.046308E+01  6.096113E+00 -2.590104E+01  3.999364E-02  2.843928E-01
       115   8  1.934831E+02  7.386476E+00  3.129701E+00 -2.536846E+01  4.037207E-02  2.875604E-01
       116   1  1.894009E+02  1.214951E+01  3.374765E+00 -2.965317E+01  2.377506E-02  1.446090E-01
       116   2  1.830387E+02  9.306689E+00  6.731181E-01 -2.906441E+01  2.389719E-02  1.452972E-01
       116   3  1.909392E+02  1.061121E+01  3.374761E+00 -2.458209E+01  1.922648E-02  1.452837E-01
       116   4  1.845465E+02  7.798927E+00  6.731144E-01 -2.409401E+01  1.930940E-02  1.459777E-01
       116   5  1.894533E+02  1.218803E+01  3.402049E+00 -2.965550E+01  5.002078E-02  3.215430E-01
       116   6  1.830907E+02  9.344982E+00  7.001837E-01 -2.906669E+01  5.014291E-02  3.222313E-01
       116   7  1.909918E+02  1.064961E+01  3.402045E+00 -2.458402E+01  4.547220E-02  3.222177E-01
       116   8  1.845985E+02  7.837102E+00  7.001800E-01 -2.409590E+01  4.555512E-02  3.229118E-01
       117   1  1.805039E+02  1.160835E+01  6.467311E-01 -2.825528E+01  2.372890E-02  1.442370E-01
       117   2  1.746455E+02  8.991953E+00 -1.836467E+00 -2.771292E+01  2.342319E-02  1.425142E-01
       117   3  1.819696E+02  1.014256E+01  6.467301E-01 -2.342326E+01  1.916268E-02  1.449143E-01
       117   4  1.760832E+02  7.554308E+00 -1.836469E+00 -2.297365E+01  1.895512E-02  1.431769E-01
       117   5  1.805255E+02  1.158067E+01  6.449070E-01 -2.826352E+01  4.969844E-02  3.193092E-01
       117   6  1.746654E+02  8.963506E+00 -1.839039E+00 -2.772101E+01  4.939273E-02  3.175863E-01
       117   7  1.819917E+02  1.011446E+01  6.449061E-01 -2.343009E+01  4.513222E-02  3.199865E-01
       117   8  1.761035E+02  7.525441E+00 -1.839040E+00 -2.298035E+01  4.492466E-02  3.182491E-01
       118   1  1.719948E+02  1.042906E+01 -2.160606E+00 -2.702905E+01  2.155425E-02  1.303326E-01
       118   2  1.665682E+02  8.003929E+00 -4.466196E+00 -2.652692E+01  2.082793E-02  1.262394E-01
       118   3  1.733969E+02  9.026896E+00 -2.160608E+00 -2.240672E+01  1.720745E-02  1.309774E-01
       118   4  1.679443E+02  6.627809E+00 -4.466197E+00 -2.199047E+01  1.671431E-02  1.268496E-01
       118   5  1.719840E+02  1.033538E+01 -2.191950E+00 -2.704291E+01  4.344980E-02  2.779401E-01
       118   6  1.665546E+02  7.908986E+00 -4.498757E+00 -2.654053E+01  4.272348E-02  2.738469E-01
       118   7  1.733869E+02  8.932493E+00 -2.191952E+00 -2.241822E+01  3.910300E-02  2.785849E-01
       118   8  1.679314E+02  6.532160E+00 -4.498758E+00 -2.200175E+01  3.860985E-02  2.744571E-01
       119   1  1.638072E+02  8.673137E+00 -5.063405E+00 -2.595306E+01  1.743055E-02  1.040809E-01
       119   2  1.587512E+02  6.409351E+00 -7.226356E+00 -2.548595E+01  1.631683E-02  9.780454E-02
       119   3  1.651535E+02  7.326784E+00 -5.063407E+00 -2.151474E+01  1.353314E-02  1.046591E-01
       119   4  1.600733E+02  5.087231E+00 -7.226359E+00 -2.112752E+01  1.277697E-02  9.832964E-02
       119   5  1.637645E+02  8.517726E+00 -5.122836E+00 -2.597192E+01  3.188431E-02  2.015200E-01
       119   6  1.587049E+02  6.252282E+00 -7.287392E+00 -2.550447E+01  3.077059E-02  1.952436E-01
       119   7  1.651118E+02  7.170396E+00 -5.122839E+00 -2.153038E+01  2.798690E-02  2.020981E-01
       119   8  1.600279E+02  4.929201E+00 -7.287394E+00 -2.114287E+01  2.723073E-02  1.957687E-01
       120   1  1.558828E+02  6.387976E+00 -8.077119E+00 -2.500964E+01  1.194122E-02  6.929814E-02
       120   2  1.511467E+02  4.261172E+00 -1.012470E+01 -2.457312E+01  1.060530E-02  6.176953E-02
       120   3  1.571802E+02  5.090568E+00 -8.077120E+00 -2.073267E+01  8.689205E-03  6.978054E-02
       120   4  1.524214E+02  2.986409E+00 -1.012471E+01 -2.037080E+01  7.782162E-03  6.218831E-02
       120   5  1.558182E+02  6.195563E+00 -8.154206E+00 -2.503104E+01  1.689021E-02  1.026613E-01
       120   6  1.510781E+02  4.066934E+00 -1.020356E+01 -2.459414E+01  1.555429E-02  9.513264E-02
       120   7  1.571167E+02  4.897044E+00 -8.154207E+00 -2.075040E+01  1.363820E-02  1.031437E-01
       120   8  1.523539E+02  2.791080E+00 -1.020356E+01 -2.038822E+01  1.273116E-02  9.555142E-02
       121   1  2.241230E+02  4.309708E+00  1.125031E+01 -1.398124E+01  5.005444E-03  6.952695E-02
       121   2  2.155674E+02  6.205184E-01  7.589385E+00 -1.367171E+01  5.553004E-03  7.658328E-02
       121   3  2.247388E+02  3.693930E+00  1.125031E+01 -7.729126E+00  1.833493E-03  6.968278E-02
       121   4  2.161695E+02  1.837339E-02  7.589386E+00 -7.558010E+00  1.980211E-03  7.675880E-02
       121   5  2.242403E+02  4.516548E+00  1.134755E+01 -1.397554E+01  6.842690E-03  1.069248E-01
       121   6  2.156881E+02  8.288655E-01  7.688118E+00 -1.366614E+01  7.390249E-03  1.139811E-01
       121   7  2.248559E+02  3.901022E+00  1.134755E+01 -7.725977E+00  3.670738E-03  1.070806E-01
       121   8  2.162900E+02  2.269658E-01  7.688119E+00 -7.554931E+00  3.817457E-03  1.141566E-01
       122   1  2.132401E+02  6.459057E+00  8.660173E+00 -1.315232E+01  7.120446E-03  1.058155E-01
       122   2  2.055026E+02  3.130434E+00  5.375392E+00 -1.287189E+01  7.550964E-03  1.113635E-01
       122   3  2.138193E+02  5.879785E+00  8.660173E+00 -7.270882E+00  3.285578E-03  1.060039E-01
       122   4  2.060695E+02  2.563514E+00  5.375392E+00 -7.115855E+00  3.400935E-03  1.115674E-01
       122   5  2.133453E+02  6.627285E+00  8.742196E+00 -1.314831E+01  1.226194E-02  2.104729E-01
       122   6  2.056101E+02  3.299684E+00  5.458430E+00 -1.286797E+01  1.269246E-02  2.160209E-01
       122   7  2.139243E+02  6.048191E+00  8.742196E+00 -7.268665E+00  8.427076E-03  2.106613E-01
       122   8  2.061769E+02  2.732937E+00  5.458431E+00 -7.113686E+00  8.542431E-03  2.162248E-01
       123   1  2.030660E+02  7.677410E+00  6.040233E+00 -1.242771E+01  8.687615E-03  1.326490E-01
       123   2  1.960265E+02  4.655539E+00  3.073442E+00 -1.217216E+01  8.934418E-03  1.358295E-01
       123   3  2.036133E+02  7.130056E+00  6.040235E+00 -6.870298E+00  4.356097E-03  1.328618E-01
       123   4  1.965626E+02  4.119440E+00  3.073444E+00 -6.729030E+00  4.422228E-03  1.360511E-01
       123   5  2.031469E+02  7.782749E+00  6.096108E+00 -1.242615E+01  1.625717E-02  2.867307E-01
       123   6  1.961083E+02  4.761260E+00  3.129697E+00 -1.217064E+01  1.650398E-02  2.899112E-01
       123   7  2.036942E+02  7.235464E+00  6.096110E+00 -6.869439E+00  1.192566E-02  2.869435E-01
       123   8  1.966443E+02  4.225228E+00  3.129699E+00 -6.728188E+00  1.199179E-02  2.901329E-01
       124   1  1.934830E+02  8.067376E+00  3.374762E+00 -1.179338E+01  9.486410E-03  1.462430E-01
       124   2  1.870398E+02  5.305604E+00  6.731154E-01 -1.155922E+01  9.540489E-03  1.469399E-01
       124   3  1.940025E+02  7.547955E+00  3.374761E+00 -6.519629E+00  4.893599E-03  1.464686E-01
       124   4  1.875489E+02  4.796496E+00  6.731146E-01 -6.390181E+00  4.908089E-03  1.471675E-01
       124   5  1.935358E+02  8.105575E+00  3.402046E+00 -1.179431E+01  1.826316E-02  3.248976E-01
       124   6  1.870921E+02  5.343583E+00  7.001810E-01 -1.156013E+01  1.831724E-02  3.255945E-01
       124   7  1.940552E+02  7.586112E+00  3.402045E+00 -6.520141E+00  1.367035E-02  3.251232E-01
       124   8  1.876012E+02  4.834435E+00  7.001802E-01 -6.390683E+00  1.368484E-02  3.258221E-01
       125   1  1.843936E+02  7.718644E+00  6.467270E-01 -1.123742E+01  9.476928E-03  1.458683E-01
       125   2  1.784606E+02  5.176915E+00 -1.836471E+00 -1.102172E+01  9.341558E-03  1.441238E-01
       125   3  1.848885E+02  7.223715E+00  6.467292E-01 -6.212285E+00  4.866311E-03  1.460948E-01
       125   4  1.789460E+02  4.691486E+00 -1.836469E+00 -6.093041E+00  4.830039E-03  1.443454E-01
       125   5  1.844163E+02  7.689835E+00  6.449030E-01 -1.124070E+01  1.816132E-02  3.226429E-01
       125   6  1.784815E+02  5.147354E+00 -1.839043E+00 -1.102494E+01  1.802595E-02  3.208984E-01
       125   7  1.849114E+02  7.194762E+00  6.449051E-01 -6.214097E+00  1.355070E-02  3.228694E-01
       125   8  1.789671E+02  4.661784E+00 -1.839041E+00 -6.094818E+00  1.351443E-02  3.211200E-01
       126   1  1.757157E+02  6.708182E+00 -2.160605E+00 -1.074974E+01  8.675625E-03  1.318177E-01
       126   2  1.702200E+02  4.352170E+00 -4.466195E+00 -1.055004E+01  8.354006E-03  1.276730E-01
       126   3  1.761891E+02  6.234725E+00 -2.160606E+00 -5.942682E+00  4.286556E-03  1.320333E-01
       126   4  1.706846E+02  3.887508E+00 -4.466196E+00 -5.832282E+00  4.200379E-03  1.278771E-01
       126   5  1.757068E+02  6.612590E+00 -2.191949E+00 -1.075525E+01  1.599765E-02  2.808606E-01
       126   6  1.702082E+02  4.255354E+00 -4.498756E+00 -1.055545E+01  1.567603E-02  2.767159E-01
       126   7  1.761805E+02  6.138889E+00 -2.191950E+00 -5.945730E+00  1.160858E-02  2.810762E-01
       126   8  1.706731E+02  3.790454E+00 -4.498757E+00 -5.835274E+00  1.152240E-02  2.769200E-01
       127   1  1.673799E+02  5.100374E+00 -5.063405E+00 -1.032180E+01  7.144889E-03  1.052882E-01
       127   2  1.622597E+02  2.900892E+00 -7.226356E+00 -1.013603E+01  6.651727E-03  9.893293E-02
       127   3  1.678345E+02  4.645766E+00 -5.063406E+00 -5.706111E+00  3.209582E-03  1.054816E-01
       127   4  1.627061E+02  2.454466E+00 -7.226357E+00 -5.603411E+00  3.077440E-03  9.910852E-02
       127   5  1.673398E+02  4.942368E+00 -5.122837E+00 -1.032930E+01  1.197832E-02  2.036748E-01
       127   6  1.622159E+02  2.741274E+00 -7.287392E+00 -1.014340E+01  1.148516E-02  1.973195E-01
       127   7  1.677948E+02  4.487429E+00 -5.122837E+00 -5.710257E+00  8.043016E-03  2.038681E-01
       127   8  1.626626E+02  2.294524E+00 -7.287392E+00 -5.607482E+00  7.910875E-03  1.974951E-01
       128   1  1.593256E+02  2.945080E+00 -8.077122E+00 -9.946600E+00  5.091295E-03  7.013491E-02
       128   2  1.545294E+02  8.783682E-01 -1.012471E+01 -9.772991E+00  4.499741E-03  6.251160E-02
       128   3  1.597637E+02  2.507004E+00 -8.077119E+00 -5.498690E+00  1.807657E-03  7.029622E-02
       128   4  1.549599E+02  4.479386E-01 -1.012471E+01 -5.402715E+00  1.649151E-03  6.265164E-02
       128   5  1.592640E+02  2.749722E+00 -8.154209E+00 -9.955108E+00  6.746268E-03  1.038225E-01
       128   6  1.544637E+02  6.812363E-01 -1.020356E+01 -9.781351E+00  6.154716E-03  9.619915E-02
       128   7  1.597025E+02  2.311271E+00 -8.154207E+00 -5.503393E+00  3.462630E-03  1.039838E-01
       128   8  1.548945E+02  2.504385E-01 -1.020356E+01 -5.407337E+00  3.304126E-03  9.633918E-02
       129   1  3.428937E+00  2.241671E+02  9.685984E+00 -7.718401E+00 -5.894316E-02  6.994776E-03
       129   2 -1.301264E-01  2.157211E+02  6.290050E+00 -7.547522E+00 -3.446529E-02  7.502312E-03
       129   3  4.043861E+00  2.235522E+02  9.685983E+00 -1.396184E+01 -5.797374E-02 -1.273849E-02
       129   4  4.711830E-01  2.151198E+02  6.290050E+00 -1.365274E+01 -3.356399E-02 -1.084433E-02
       129   5  4.002114E+00  2.242384E+02  9.879331E+00 -7.700853E+00  5.547615E-01  3.714419E-02
       129   6  4.514120E-01  2.158119E+02  6.491747E+00 -7.530363E+00  5.792393E-01  3.765172E-02
       129   7  4.615639E+00  2.236249E+02  9.879330E+00 -1.393010E+01  5.557309E-01  1.741092E-02
       129   8  1.051354E+00  2.152119E+02  6.491746E+00 -1.362170E+01  5.801406E-01  1.930507E-02
       130   1  5.665952E+00  2.133965E+02  7.494076E+00 -7.263573E+00  1.324764E-01  1.529519E-02
       130   2  2.470457E+00  2.057719E+02  4.486631E+00 -7.108702E+00  1.473020E-01  1.560258E-02
       130   3  6.244640E+00  2.128178E+02  7.494076E+00 -1.313910E+01  1.333377E-01 -2.236522E-03
       130   4  3.036807E+00  2.052055E+02  4.486631E+00 -1.285895E+01  1.481220E-01 -1.089290E-03
       130   5  5.990170E+00  2.133863E+02  7.588273E+00 -7.251879E+00  8.446953E-01  5.028429E-02
       130   6  2.800042E+00  2.057741E+02  4.586188E+00 -7.097257E+00  8.595208E-01  5.059168E-02
       130   7  6.567927E+00  2.128085E+02  7.588273E+00 -1.311795E+01  8.455565E-01  3.275258E-02
       130   8  3.365480E+00  2.052087E+02  4.586187E+00 -1.283825E+01  8.603408E-01  3.389981E-02
       131   1  6.968806E+00  2.033384E+02  5.285170E+00 -6.866325E+00  2.544195E-01  2.062670E-02
       131   2  4.074747E+00  1.964066E+02  2.587999E+00 -6.725138E+00  2.625183E-01  2.079462E-02
       131   3  7.515843E+00  2.027914E+02  5.285168E+00 -1.242052E+01  2.552161E-01  4.410151E-03
       131   4  4.610536E+00  1.958708E+02  2.587998E+00 -1.216512E+01  2.632924E-01  5.036857E-03
       131   5  7.118768E+00  2.032696E+02  5.309514E+00 -6.858675E+00  1.002486E+00  5.737688E-02
       131   6  4.228095E+00  1.963457E+02  2.615724E+00 -6.717646E+00  1.010585E+00  5.754480E-02
       131   7  7.665196E+00  2.027232E+02  5.309512E+00 -1.240668E+01  1.003283E+00  4.116033E-02
       131   8  4.763287E+00  1.958105E+02  2.615722E+00 -1.215157E+01  1.011359E+00  4.178704E-02
       132   1  7.442023E+00  1.938689E+02  3.021199E+00 -6.518663E+00  3.116798E-01  2.309615E-02
       132   2  4.802398E+00  1.875278E+02  5.799489E-01 -6.389235E+00  3.145142E-01  2.315492E-02
       132   3  7.961367E+00  1.933496E+02  3.021200E+00 -1.179163E+01  3.124428E-01  7.565082E-03
       132   4  5.311431E+00  1.870187E+02  5.799496E-01 -1.155751E+01  3.152693E-01  7.784414E-03
       132   5  7.454239E+00  1.937510E+02  2.989507E+00 -6.514115E+00  1.066845E+00  6.019505E-02
       132   6  4.816558E+00  1.874144E+02  5.501976E-01 -6.384777E+00  1.069679E+00  6.025381E-02
       132   7  7.973222E+00  1.932321E+02  2.989508E+00 -1.178341E+01  1.067608E+00  4.466398E-02
       132   8  5.325236E+00  1.869058E+02  5.501984E-01 -1.154945E+01  1.070434E+00  4.488331E-02
       133   1  7.174461E+00  1.848897E+02  6.842946E-01 -6.214048E+00  3.085665E-01  2.285108E-02
       133   2  4.751651E+00  1.790556E+02 -1.542621E+00 -6.094770E+00  3.068525E-01  2.281555E-02
       133   3  7.669530E+00  1.843946E+02  6.842924E-01 -1.124061E+01  3.093205E-01  7.503811E-03
       133   4  5.237217E+00  1.785700E+02 -1.542623E+00 -1.102485E+01  3.076112E-01  7.371179E-03
       133   5  7.066007E+00  1.847256E+02  6.025304E-01 -6.212103E+00  1.055258E+00  5.953370E-02
       133   6  4.644000E+00  1.788934E+02 -1.623582E+00 -6.092862E+00  1.053544E+00  5.949816E-02
       133   7  7.560921E+00  1.842306E+02  6.025283E-01 -1.123709E+01  1.056012E+00  4.418642E-02
       133   8  5.129415E+00  1.784080E+02 -1.623584E+00 -1.102140E+01  1.054303E+00  4.405379E-02
       134   1  6.242073E+00  1.763206E+02 -1.735558E+00 -5.947022E+00  2.479850E-01  2.000476E-02
       134   2  4.004417E+00  1.709233E+02 -3.783190E+00 -5.836542E+00  2.418869E-01  1.987832E-02
       134   3  6.715876E+00  1.758468E+02 -1.735556E+00 -1.075759E+01  2.487517E-01  4.398408E-03
       134   4  4.469418E+00  1.704583E+02 -3.783189E+00 -1.055774E+01  2.426706E-01  3.926527E-03
       134   5  6.015497E+00  1.761077E+02 -1.867395E+00 -5.947500E+00  9.728874E-01  5.561695E-02
       134   6  3.777649E+00  1.707100E+02 -3.915218E+00 -5.837012E+00  9.667893E-01  5.549051E-02
       134   7  6.489338E+00  1.756339E+02 -1.867394E+00 -1.075845E+01  9.736541E-01  4.001060E-02
       134   8  4.242688E+00  1.702450E+02 -3.915217E+00 -1.055859E+01  9.675730E-01  3.953871E-02
       135   1  4.710896E+00  1.680947E+02 -4.247512E+00 -5.712931E+00  1.315929E-01  1.463868E-02
       135   2  2.629456E+00  1.630726E+02 -6.150598E+00 -5.610108E+00  1.204895E-01  1.440845E-02
       135   3  5.166047E+00  1.676395E+02 -4.247511E+00 -1.033414E+01  1.323941E-01 -1.669779E-03
       135   4  3.076415E+00  1.626257E+02 -6.150598E+00 -1.014814E+01  1.213216E-01 -2.528981E-03
       135   5  4.347576E+00  1.678217E+02 -4.438397E+00 -5.716090E+00  8.120760E-01  4.806868E-02
       135   6  2.264912E+00  1.627968E+02 -6.342706E+00 -5.613211E+00  8.009726E-01  4.783846E-02
       135   7  4.802979E+00  1.673663E+02 -4.438397E+00 -1.033986E+01  8.128772E-01  3.176023E-02
       135   8  2.712119E+00  1.623496E+02 -6.342705E+00 -1.015376E+01  8.018047E-01  3.090102E-02
       136   1  2.640589E+00  1.601539E+02 -6.868232E+00 -5.507660E+00 -3.881725E-02  6.888086E-03
       136   2  6.839018E-01  1.554479E+02 -8.672438E+00 -5.411529E+00 -5.714683E-02  6.508035E-03
       136   3  3.079380E+00  1.597151E+02 -6.868234E+00 -9.962827E+00 -3.795517E-02 -1.065963E-02
       136   4  1.115034E+00  1.550168E+02 -8.672440E+00 -9.788935E+00 -5.623374E-02 -1.207801E-02
       136   5  2.078249E+00  1.597904E+02 -7.145966E+00 -5.514615E+00  5.420238E-01  3.542298E-02
       136   6  1.189494E-01  1.550784E+02 -8.952781E+00 -5.418363E+00  5.236942E-01  3.504294E-02
       136   7  2.517594E+00  1.593511E+02 -7.145968E+00 -9.975407E+00  5.428859E-01  1.787527E-02
       136   8  5.506256E-01  1.546467E+02 -8.952783E+00 -9.801296E+00  5.246073E-01  1.645689E-02
       137   1  7.055434E+00  2.205406E+02  9.685990E+00 -2.910203E+01 -5.934496E-02  1.183710E-03
       137   2  3.416080E+00  2.121749E+02  6.290053E+00 -2.845774E+01 -3.503471E-02  4.088056E-03
       137   3  8.876579E+00  2.187195E+02  9.685991E+00 -3.510554E+01 -5.644600E-02 -1.835952E-02
       137   4  5.196906E+00  2.103941E+02  6.290053E+00 -3.432834E+01 -3.233946E-02 -1.408191E-02
       137   5  7.620366E+00  2.206202E+02  9.879337E+00 -2.903587E+01  5.484493E-01  9.134154E-02
       137   6  3.989556E+00  2.122737E+02  6.491750E+00 -2.839304E+01  5.727596E-01  9.424589E-02
       137   7  9.437370E+00  2.188032E+02  9.879337E+00 -3.502573E+01  5.513483E-01  7.179831E-02
       137   8  5.766332E+00  2.104970E+02  6.491750E+00 -3.425029E+01  5.754548E-01  7.607592E-02
       138   1  9.078748E+00  2.099837E+02  7.494079E+00 -2.738711E+01  1.303393E-01  2.820653E-02
       138   2  5.810485E+00  2.024318E+02  4.486632E+00 -2.680318E+01  1.450633E-01  2.996561E-02
       138   3  1.079259E+01  2.082699E+02  7.494084E+00 -3.303685E+01  1.329148E-01  1.084366E-02
       138   4  7.487781E+00  2.007545E+02  4.486636E+00 -3.233245E+01  1.475155E-01  1.343448E-02
       138   5  9.397471E+00  2.099790E+02  7.588276E+00 -2.734302E+01  8.356991E-01  1.328368E-01
       138   6  6.134692E+00  2.024395E+02  4.586188E+00 -2.676002E+01  8.504231E-01  1.345959E-01
       138   7  1.110855E+01  2.082679E+02  7.588281E+00 -3.298366E+01  8.382746E-01  1.154740E-01
       138   8  7.809288E+00  2.007649E+02  4.586193E+00 -3.228040E+01  8.528752E-01  1.180648E-01
       139   1  1.019496E+01  2.001123E+02  5.285173E+00 -2.588930E+01  2.511726E-01  4.546488E-02
       139   2  7.234562E+00  1.932468E+02  2.588001E+00 -2.535696E+01  2.592160E-01  4.642583E-02
       139   3  1.181505E+01  1.984922E+02  5.285171E+00 -3.123005E+01  2.535549E-01  2.940450E-02
       139   4  8.821345E+00  1.916600E+02  2.588000E+00 -3.058789E+01  2.615309E-01  3.081982E-02
       139   5  1.034133E+01  2.000471E+02  5.309516E+00 -2.586045E+01  9.920348E-01  1.553615E-01
       139   6  7.384390E+00  1.931894E+02  2.615726E+00 -2.532871E+01  1.000078E+00  1.563224E-01
       139   7  1.195962E+01  1.984288E+02  5.309515E+00 -3.119525E+01  9.944171E-01  1.393011E-01
       139   8  8.969404E+00  1.916044E+02  2.615724E+00 -3.055381E+01  1.002393E+00  1.407164E-01
       140   1  1.050482E+01  1.908061E+02  3.021199E+00 -2.457845E+01  3.079152E-01  5.353494E-02
       140   2  7.804384E+00  1.845258E+02  5.799486E-01 -2.409044E+01  3.107302E-01  5.387125E-02
       140   3  1.204290E+01  1.892680E+02  3.021203E+00 -2.964878E+01  3.101968E-01  3.815344E-02
       140   4  9.311923E+00  1.830182E+02  5.799523E-01 -2.906010E+01  3.129882E-01  3.864877E-02
       140   5  1.051490E+01  1.906904E+02  2.989507E+00 -2.456130E+01  1.055807E+00  1.644743E-01
       140   6  7.816450E+00  1.844145E+02  5.501973E-01 -2.407363E+01  1.058622E+00  1.648106E-01
       140   7  1.205191E+01  1.891534E+02  2.989511E+00 -2.962810E+01  1.058089E+00  1.490928E-01
       140   8  9.322937E+00  1.829081E+02  5.502011E-01 -2.903983E+01  1.060880E+00  1.495881E-01
       141   1  1.009414E+01  1.819700E+02  6.842954E-01 -2.342991E+01  3.048409E-01  5.298590E-02
       141   2  7.615285E+00  1.761920E+02 -1.542620E+00 -2.298017E+01  3.031386E-01  5.278253E-02
       141   3  1.156034E+01  1.805038E+02  6.842965E-01 -2.826330E+01  3.070955E-01  3.778643E-02
       141   4  9.053338E+00  1.747539E+02 -1.542619E+00 -2.772079E+01  3.054075E-01  3.748690E-02
       141   5  9.984771E+00  1.818068E+02  6.025313E-01 -2.342257E+01  1.044341E+00  1.626805E-01
       141   6  7.506738E+00  1.760307E+02 -1.623582E+00 -2.297297E+01  1.042639E+00  1.624771E-01
       141   7  1.145051E+01  1.803411E+02  6.025323E-01 -2.825445E+01  1.046596E+00  1.474810E-01
       141   8  8.944342E+00  1.745931E+02 -1.623580E+00 -2.771211E+01  1.044908E+00  1.471814E-01
       142   1  9.036284E+00  1.735264E+02 -1.735559E+00 -2.242309E+01  2.448301E-01  4.421526E-02
       142   2  6.746719E+00  1.681810E+02 -3.783191E+00 -2.200653E+01  2.387738E-01  4.349171E-02
       142   3  1.043948E+01  1.721232E+02 -1.735558E+00 -2.704879E+01  2.471227E-01  2.875921E-02
       142   4  8.123844E+00  1.668039E+02 -3.783190E+00 -2.654629E+01  2.411172E-01  2.769355E-02
       142   5  8.809932E+00  1.733133E+02 -1.867396E+00 -2.242489E+01  9.627513E-01  1.507089E-01
       142   6  6.520172E+00  1.679675E+02 -3.915219E+00 -2.200830E+01  9.566949E-01  1.499853E-01
       142   7  1.021324E+01  1.719100E+02 -1.867395E+00 -2.705096E+01  9.650439E-01  1.352528E-01
       142   8  7.897408E+00  1.665902E+02 -3.915218E+00 -2.654843E+01  9.590383E-01  1.341871E-01
       143   1  7.395119E+00  1.654105E+02 -4.247513E+00 -2.154046E+01  1.295244E-01  2.746661E-02
       143   2  5.265367E+00  1.604367E+02 -6.150600E+00 -2.115277E+01  1.184970E-01  2.614917E-02
       143   3  8.743080E+00  1.640625E+02 -4.247511E+00 -2.598408E+01  1.319202E-01  1.131521E-02
       143   4  6.589068E+00  1.591130E+02 -6.150598E+00 -2.551641E+01  1.209852E-01  9.374846E-03
       143   5  7.033283E+00  1.651360E+02 -4.438399E+00 -2.155237E+01  8.034540E-01  1.274347E-01
       143   6  4.902281E+00  1.601594E+02 -6.342707E+00 -2.116447E+01  7.924267E-01  1.261172E-01
       143   7  8.381990E+00  1.637873E+02 -4.438396E+00 -2.599845E+01  8.058498E-01  1.112833E-01
       143   8  6.226714E+00  1.588350E+02 -6.342705E+00 -2.553052E+01  7.949149E-01  1.093429E-01
       144   1  5.228367E+00  1.575661E+02 -6.868232E+00 -2.076649E+01 -3.930549E-02  3.050241E-03
       144   2  3.226513E+00  1.529053E+02 -8.672438E+00 -2.040403E+01 -5.750956E-02  8.754025E-04
       144   3  6.527893E+00  1.562666E+02 -6.868231E+00 -2.505044E+01 -3.672762E-02 -1.432848E-02
       144   4  4.503356E+00  1.516285E+02 -8.672437E+00 -2.461321E+01 -5.477915E-02 -1.753165E-02
       144   5  4.669295E+00  1.571994E+02 -7.145966E+00 -2.079271E+01  5.359418E-01  8.838016E-02
       144   6  2.664771E+00  1.525326E+02 -8.952781E+00 -2.042979E+01  5.177377E-01  8.620532E-02
       144   7  5.970462E+00  1.558982E+02 -7.145965E+00 -2.508208E+01  5.385196E-01  7.100144E-02
       144   8  3.943227E+00  1.512541E+02 -8.952780E+00 -2.464429E+01  5.204681E-01  6.779827E-02
       145   1  1.478400E+01  2.128121E+02  9.686002E+00 -4.936730E+01 -5.917521E-02 -4.638830E-03
       145   2  1.097353E+01  2.046175E+02  6.290057E+00 -4.827434E+01 -3.526671E-02  6.343587E-04
       145   3  1.774139E+01  2.098547E+02  9.686004E+00 -5.490018E+01 -5.437464E-02 -2.380382E-02
       145   4  1.386545E+01  2.017255E+02  6.290060E+00 -5.368473E+01 -3.080346E-02 -1.718394E-02
       145   5  1.533136E+01  2.129092E+02  9.879349E+00 -4.925506E+01  5.368554E-01  1.446591E-01
       145   6  1.152983E+01  2.047335E+02  6.491754E+00 -4.816459E+01  5.607639E-01  1.499323E-01
       145   7  1.828203E+01  2.099586E+02  9.879351E+00 -5.477536E+01  5.416560E-01  1.254941E-01
       145   8  1.441517E+01  2.018481E+02  6.491756E+00 -5.356267E+01  5.652271E-01  1.321140E-01
       146   1  1.635188E+01  2.027106E+02  7.494084E+00 -4.645818E+01  1.269469E-01  4.084620E-02
       146   2  1.292854E+01  1.953138E+02  4.486636E+00 -4.546762E+01  1.414276E-01  4.404002E-02
       146   3  1.913499E+01  1.999275E+02  7.494083E+00 -5.166501E+01  1.312119E-01  2.381937E-02
       146   4  1.565231E+01  1.925900E+02  4.486634E+00 -5.056343E+01  1.454883E-01  2.782884E-02
       146   5  1.665890E+01  2.027176E+02  7.588281E+00 -4.638338E+01  8.186547E-01  2.141100E-01
       146   6  1.324129E+01  1.953329E+02  4.586192E+00 -4.539442E+01  8.331354E-01  2.173038E-01
       146   7  1.943752E+01  1.999389E+02  7.588280E+00 -5.158183E+01  8.229197E-01  1.970832E-01
       146   8  1.596067E+01  1.926135E+02  4.586191E+00 -5.048203E+01  8.371961E-01  2.010927E-01
       147   1  1.707032E+01  1.932369E+02  5.285175E+00 -4.391736E+01  2.455068E-01  6.986519E-02
       147   2  1.396855E+01  1.865128E+02  2.588004E+00 -4.301432E+01  2.534172E-01  7.160990E-02
       147   3  1.970122E+01  1.906060E+02  5.285175E+00 -4.883942E+01  2.494518E-01  5.411565E-02
       147   4  1.654535E+01  1.839360E+02  2.588003E+00 -4.783517E+01  2.572506E-01  5.630594E-02
       147   5  1.720903E+01  1.931794E+02  5.309519E+00 -4.386843E+01  9.720298E-01  2.518498E-01
       147   6  1.411087E+01  1.864629E+02  2.615728E+00 -4.296640E+01  9.799402E-01  2.535945E-01
       147   7  1.983699E+01  1.905514E+02  5.309519E+00 -4.878501E+01  9.759748E-01  2.361003E-01
       147   8  1.668480E+01  1.838890E+02  2.615728E+00 -4.778188E+01  9.837737E-01  2.382905E-01
       148   1  1.703206E+01  1.842789E+02  3.021201E+00 -4.169370E+01  3.011851E-01  8.345815E-02
       148   2  1.420203E+01  1.781281E+02  5.799508E-01 -4.086586E+01  3.039536E-01  8.406876E-02
       148   3  1.952975E+01  1.817812E+02  3.021201E+00 -4.636654E+01  3.049634E-01  6.837435E-02
       148   4  1.665012E+01  1.756800E+02  5.799505E-01 -4.544593E+01  3.076928E-01  6.914090E-02
       148   5  1.703759E+01  1.841677E+02  2.989509E+00 -4.166461E+01  1.034602E+00  2.671696E-01
       148   6  1.420963E+01  1.780214E+02  5.501996E-01 -4.083735E+01  1.037371E+00  2.677802E-01
       148   7  1.953353E+01  1.816718E+02  2.989508E+00 -4.633419E+01  1.038380E+00  2.520858E-01
       148   8  1.665602E+01  1.755750E+02  5.501992E-01 -4.541422E+01  1.041110E+00  2.528524E-01
       149   1  1.631635E+01  1.757478E+02  6.842941E-01 -3.974536E+01  2.981794E-01  8.261043E-02
       149   2  1.371807E+01  1.700892E+02 -1.542621E+00 -3.898245E+01  2.965053E-01  8.224118E-02
       149   3  1.869733E+01  1.733668E+02  6.842972E-01 -4.419984E+01  3.019130E-01  6.770513E-02
       149   4  1.605334E+01  1.677539E+02 -1.542619E+00 -4.335143E+01  3.002624E-01  6.724159E-02
       149   5  1.620504E+01  1.755865E+02  6.025299E-01 -3.973292E+01  1.023367E+00  2.642605E-01
       149   6  1.360761E+01  1.699298E+02 -1.623583E+00 -3.897024E+01  1.021693E+00  2.638912E-01
       149   7  1.858527E+01  1.732063E+02  6.025331E-01 -4.418601E+01  1.027100E+00  2.493552E-01
       149   8  1.594215E+01  1.675952E+02 -1.623580E+00 -4.333786E+01  1.025450E+00  2.488916E-01
       150   1  1.499113E+01  1.675715E+02 -1.735555E+00 -3.803744E+01  2.393172E-01  6.799992E-02
       150   2  1.259094E+01  1.623368E+02 -3.783187E+00 -3.733081E+01  2.333610E-01  6.668625E-02
       150   3  1.726978E+01  1.652929E+02 -1.735558E+00 -4.230051E+01  2.431139E-01  5.284302E-02
       150   4  1.482726E+01  1.601005E+02 -3.783190E+00 -4.151468E+01  2.372417E-01  5.119385E-02
       150   5  1.476526E+01  1.673580E+02 -1.867392E+00 -3.804051E+01  9.433432E-01  2.443493E-01
       150   6  1.236487E+01  1.621228E+02 -3.915216E+00 -3.733382E+01  9.373870E-01  2.430356E-01
       150   7  1.704410E+01  1.650791E+02 -1.867396E+00 -4.230392E+01  9.471398E-01  2.291924E-01
       150   8  1.460137E+01  1.598863E+02 -3.915219E+00 -4.151802E+01  9.412676E-01  2.275433E-01
       151   1  1.311556E+01  1.596900E+02 -4.247512E+00 -3.654019E+01  1.262084E-01  4.002999E-02
       151   2  1.088286E+01  1.548192E+02 -6.150598E+00 -3.588254E+01  1.153633E-01  3.763803E-02
       151   3  1.530453E+01  1.575011E+02 -4.247511E+00 -4.063546E+01  1.301758E-01  2.419120E-02
       151   4  1.303243E+01  1.526697E+02 -6.150596E+00 -3.990409E+01  1.194837E-01  2.118837E-02
       151   5  1.275689E+01  1.594124E+02 -4.438398E+00 -3.656040E+01  7.870943E-01  2.055734E-01
       151   6  1.052288E+01  1.545389E+02 -6.342706E+00 -3.590238E+01  7.762492E-01  2.031814E-01
       151   7  1.494707E+01  1.572222E+02 -4.438396E+00 -4.065793E+01  7.910617E-01  1.897346E-01
       151   8  1.267364E+01  1.523881E+02 -6.342704E+00 -3.992616E+01  7.803696E-01  1.867317E-01
       152   1  1.074327E+01  1.520512E+02 -6.868233E+00 -3.522727E+01 -3.941523E-02 -8.170193E-04
       152   2  8.645154E+00  1.474867E+02 -8.672440E+00 -3.461241E+01 -5.731847E-02 -4.765691E-03
       152   3  1.285358E+01  1.499409E+02 -6.868234E+00 -3.917539E+01 -3.514636E-02 -1.785938E-02
       152   4  1.071863E+01  1.454132E+02 -8.672441E+00 -3.849162E+01 -5.279700E-02 -2.281648E-02
       152   5  1.019116E+01  1.516775E+02 -7.145967E+00 -3.527175E+01  5.246983E-01  1.404861E-01
       152   6  8.090255E+00  1.471071E+02 -8.952783E+00 -3.465612E+01  5.067950E-01  1.365375E-01
       152   7  1.230414E+01  1.495645E+02 -7.145968E+00 -3.922486E+01  5.289671E-01  1.234438E-01
       152   8  1.016635E+01  1.450310E+02 -8.952784E+00 -3.854023E+01  5.113165E-01  1.184867E-01
       153   1  2.631760E+01  2.012785E+02  9.685985E+00 -6.773541E+01 -5.843558E-02 -1.041670E-02
       153   2  2.225179E+01  1.933392E+02  6.290049E+00 -6.623580E+01 -3.515906E-02 -2.825450E-03
       153   3  3.029757E+01  1.972985E+02  9.685990E+00 -7.258500E+01 -5.177965E-02 -2.901884E-02
       153   4  2.614366E+01  1.894473E+02  6.290054E+00 -7.097803E+01 -2.897083E-02 -2.012046E-02
       153   5  2.683873E+01  2.014018E+02  9.879331E+00 -6.758140E+01  5.200912E-01  1.965836E-01
       153   6  2.278245E+01  1.934808E+02  6.491746E+00 -6.608521E+01  5.433678E-01  2.041748E-01
       153   7  3.080966E+01  1.974309E+02  9.879337E+00 -7.241997E+01  5.267472E-01  1.779814E-01
       153   8  2.666546E+01  1.895978E+02  6.491751E+00 -7.081666E+01  5.495560E-01  1.868798E-01
       154   1  2.720584E+01  1.918566E+02  7.494082E+00 -6.374389E+01  1.223320E-01  5.309249E-02
       154   2  2.355108E+01  1.846912E+02  4.486635E+00 -6.238477E+01  1.364299E-01  5.769030E-02
       154   3  3.095126E+01  1.881112E+02  7.494078E+00 -6.830772E+01  1.282454E-01  3.656572E-02
       154   4  2.721665E+01  1.810257E+02  4.486632E+00 -6.685129E+01  1.420600E-01  4.195522E-02
       154   5  2.749538E+01  1.918811E+02  7.588279E+00 -6.364126E+01  7.937262E-01  2.933212E-01
       154   6  2.384673E+01  1.847275E+02  4.586191E+00 -6.228433E+01  8.078241E-01  2.979190E-01
       154   7  3.123477E+01  1.881417E+02  7.588275E+00 -6.819774E+01  7.996396E-01  2.767945E-01
       154   8  2.750639E+01  1.810678E+02  4.586188E+00 -6.674366E+01  8.134542E-01  2.821840E-01
       155   1  2.733066E+01  1.829766E+02  5.285170E+00 -6.025770E+01  2.374766E-01  9.359265E-02
       155   2  2.401791E+01  1.764634E+02  2.587999E+00 -5.901867E+01  2.451779E-01  9.610433E-02
       155   3  3.087125E+01  1.794360E+02  5.285172E+00 -6.457192E+01  2.429464E-01  7.830564E-02
       155   4  2.748571E+01  1.729956E+02  2.588001E+00 -6.324418E+01  2.504930E-01  8.124981E-02
       155   5  2.745793E+01  1.829305E+02  5.309514E+00 -6.019057E+01  9.426636E-01  3.459127E-01
       155   6  2.414904E+01  1.764247E+02  2.615723E+00 -5.895291E+01  9.503650E-01  3.484244E-01
       155   7  3.099458E+01  1.793938E+02  5.309516E+00 -6.449998E+01  9.481334E-01  3.306257E-01
       155   8  2.761297E+01  1.729608E+02  2.615726E+00 -6.317372E+01  9.556800E-01  3.335698E-01
       156   1  2.677290E+01  1.745380E+02  3.021202E+00 -5.720668E+01  2.915545E-01  1.125776E-01
       156   2  2.374946E+01  1.685807E+02  5.799527E-01 -5.607083E+01  2.942498E-01  1.134566E-01
       156   3  3.013422E+01  1.711767E+02  3.021200E+00 -6.130246E+01  2.967930E-01  9.793677E-02
       156   4  2.704404E+01  1.652861E+02  5.799503E-01 -6.008530E+01  2.994342E-01  9.896716E-02
       156   5  2.677163E+01  1.744337E+02  2.989510E+00 -5.716676E+01  1.003433E+00  3.672918E-01
       156   6  2.375040E+01  1.684806E+02  5.502014E-01 -5.603171E+01  1.006128E+00  3.681709E-01
       156   7  3.013060E+01  1.710747E+02  2.989508E+00 -6.125969E+01  1.008672E+00  3.526510E-01
       156   8  2.704268E+01  1.651883E+02  5.501990E-01 -6.004337E+01  1.011313E+00  3.536814E-01
       157   1  2.560201E+01  1.664621E+02  6.842954E-01 -5.453343E+01  2.886464E-01  1.114394E-01
       157   2  2.282548E+01  1.609818E+02 -1.542620E+00 -5.348666E+01  2.870164E-01  1.109078E-01
       157   3  2.880625E+01  1.632579E+02  6.842941E-01 -5.843782E+01  2.938229E-01  9.697179E-02
       157   4  2.596822E+01  1.578390E+02 -1.542621E+00 -5.731610E+01  2.922258E-01  9.634871E-02
       157   5  2.548778E+01  1.663038E+02  6.025312E-01 -5.451635E+01  9.925370E-01  3.632955E-01
       157   6  2.271217E+01  1.608252E+02 -1.623581E+00 -5.346991E+01  9.909071E-01  3.627640E-01
       157   7  2.869103E+01  1.631005E+02  6.025300E-01 -5.841952E+01  9.977136E-01  3.488280E-01
       157   8  2.585393E+01  1.576835E+02 -1.623582E+00 -5.729816E+01  9.961164E-01  3.482049E-01
       158   1  2.387776E+01  1.586849E+02 -1.735555E+00 -5.219004E+01  2.314997E-01  9.112972E-02
       158   2  2.131248E+01  1.536153E+02 -3.783187E+00 -5.122049E+01  2.257009E-01  8.923856E-02
       158   3  2.694432E+01  1.556183E+02 -1.735556E+00 -5.592665E+01  2.367637E-01  7.641793E-02
       158   4  2.432207E+01  1.506057E+02 -3.783187E+00 -5.488769E+01  2.310814E-01  7.420113E-02
       158   5  2.365261E+01  1.584706E+02 -1.867393E+00 -5.219425E+01  9.148504E-01  3.356366E-01
       158   6  2.108711E+01  1.534006E+02 -3.915215E+00 -5.122462E+01  9.090516E-01  3.337454E-01
       158   7  2.671941E+01  1.554038E+02 -1.867393E+00 -5.593116E+01  9.201143E-01  3.209248E-01
       158   8  2.409694E+01  1.503907E+02 -3.915216E+00 -5.489211E+01  9.144320E-01  3.187080E-01
       159   1  2.165240E+01  1.511532E+02 -4.247511E+00 -5.013571E+01  1.216770E-01  5.220785E-02
       159   2  1.926604E+01  1.464361E+02 -6.150597E+00 -4.923336E+01  1.111186E-01  4.876441E-02
       159   3  2.459824E+01  1.482073E+02 -4.247512E+00 -5.372524E+01  1.271778E-01  3.683420E-02
       159   4  2.215887E+01  1.435432E+02 -6.150597E+00 -5.275828E+01  1.168315E-01  3.279783E-02
       159   5  2.129844E+01  1.508709E+02 -4.438397E+00 -5.016344E+01  7.631545E-01  2.817323E-01
       159   6  1.891070E+01  1.461510E+02 -6.342705E+00 -4.926059E+01  7.525961E-01  2.782888E-01
       159   7  2.424592E+01  1.479234E+02 -4.438397E+00 -5.375495E+01  7.686553E-01  2.663586E-01
       159   8  2.180512E+01  1.432566E+02 -6.342705E+00 -5.278746E+01  7.583090E-01  2.623223E-01
       160   1  1.897337E+01  1.438211E+02 -6.868229E+00 -4.833429E+01 -3.914540E-02 -4.676413E-03
       160   2  1.673161E+01  1.394002E+02 -8.672431E+00 -4.749066E+01 -5.657539E-02 -1.036089E-02
       160   3  2.181336E+01  1.409811E+02 -6.868231E+00 -5.179484E+01 -3.322663E-02 -2.121829E-02
       160   4  1.952204E+01  1.366098E+02 -8.672433E+00 -5.089081E+01 -5.030640E-02 -2.788158E-02
       160   5  1.843165E+01  1.434370E+02 -7.145963E+00 -4.839533E+01  5.084016E-01  1.912391E-01
       160   6  1.618692E+01  1.390104E+02 -8.952774E+00 -4.755063E+01  4.909716E-01  1.855547E-01
       160   7  2.127524E+01  1.405934E+02 -7.145965E+00 -5.186025E+01  5.143204E-01  1.746973E-01
       160   8  1.898087E+01  1.362165E+02 -8.952776E+00 -5.095508E+01  4.972406E-01  1.680340E-01
       161   1  4.121303E+01  1.863830E+02  9.685981E+00 -8.350047E+01 -5.713321E-02 -1.609419E-02
       161   2  3.681746E+01  1.787735E+02  6.290048E+00 -8.165184E+01 -3.471284E-02 -6.258002E-03
       161   3  4.606262E+01  1.815334E+02  9.685983E+00 -8.748042E+01 -4.868598E-02 -3.395435E-02
       161   4  4.155969E+01  1.740313E+02  6.290050E+00 -8.554368E+01 -2.685919E-02 -2.286316E-02
       161   5  4.170030E+01  1.865402E+02  9.879328E+00 -8.331062E+01  4.983183E-01  2.466149E-01
       161   6  3.731499E+01  1.789483E+02  6.491745E+00 -8.146620E+01  5.207386E-01  2.564511E-01
       161   7  4.653887E+01  1.817017E+02  9.879330E+00 -8.728153E+01  5.067655E-01  2.287547E-01
       161   8  4.204644E+01  1.742168E+02  6.491747E+00 -8.534919E+01  5.285923E-01  2.398459E-01
       162   1  4.122351E+01  1.778389E+02  7.494076E+00 -7.857996E+01  1.165390E-01  6.482749E-02
       162   2  3.726987E+01  1.709724E+02  4.486632E+00 -7.690451E+01  1.301183E-01  7.078499E-02
       162   3  4.578733E+01  1.732751E+02  7.494075E+00 -8.232539E+01  1.240438E-01  4.895991E-02
       162   4  4.173638E+01  1.665059E+02  4.486630E+00 -8.057008E+01  1.372636E-01  5.567752E-02
       162   5  4.149048E+01  1.778860E+02  7.588273E+00 -7.845344E+01  7.611537E-01  3.697076E-01
       162   6  3.754343E+01  1.710307E+02  4.586188E+00 -7.678069E+01  7.747330E-01  3.756651E-01
       162   7  4.604695E+01  1.733295E+02  7.588272E+00 -8.219284E+01  7.686585E-01  3.538401E-01
       162   8  4.200275E+01  1.665714E+02  4.586186E+00 -8.044036E+01  7.818784E-01  3.605577E-01
       163   1  4.058170E+01  1.697255E+02  5.285169E+00 -7.428237E+01  2.271594E-01  1.164188E-01
       163   2  3.699648E+01  1.634849E+02  2.587998E+00 -7.275496E+01  2.345775E-01  1.196732E-01
       163   3  4.489592E+01  1.654113E+02  5.285170E+00 -7.782297E+01  2.341012E-01  1.017415E-01
       163   4  4.122200E+01  1.592593E+02  2.587999E+00 -7.622275E+01  2.413229E-01  1.054112E-01
       163   5  4.069421E+01  1.696942E+02  5.309513E+00 -7.419962E+01  9.042191E-01  4.366443E-01
       163   6  3.711315E+01  1.634606E+02  2.615723E+00 -7.267391E+01  9.116372E-01  4.398987E-01
       163   7  4.500363E+01  1.653848E+02  5.309513E+00 -7.773626E+01  9.111609E-01  4.219670E-01
       163   8  4.133396E+01  1.592398E+02  2.615723E+00 -7.613783E+01  9.183826E-01  4.256367E-01
       164   1  3.935300E+01  1.619579E+02  3.021198E+00 -7.052124E+01  2.791160E-01  1.406129E-01
       164   2  3.607978E+01  1.562504E+02  5.799484E-01 -6.912104E+01  2.817122E-01  1.417518E-01
       164   3  4.344878E+01  1.578621E+02  3.021200E+00 -7.388256E+01  2.857644E-01  1.265560E-01
       164   4  4.009424E+01  1.522359E+02  5.799506E-01 -7.241562E+01  2.882918E-01  1.278403E-01
       164   5  3.934295E+01  1.618623E+02  2.989506E+00 -7.047204E+01  9.626003E-01  4.638769E-01
       164   6  3.607211E+01  1.561589E+02  5.501971E-01 -6.907281E+01  9.651964E-01  4.650159E-01
       164   7  4.343587E+01  1.577694E+02  2.989507E+00 -7.383102E+01  9.692487E-01  4.498201E-01
       164   8  4.008378E+01  1.521472E+02  5.501993E-01 -7.236510E+01  9.717761E-01  4.511044E-01
       165   1  3.759424E+01  1.544699E+02  6.842953E-01 -6.722580E+01  2.763335E-01  1.391950E-01
       165   2  3.458753E+01  1.492197E+02 -1.542619E+00 -6.593541E+01  2.747635E-01  1.385063E-01
       165   3  4.149863E+01  1.505655E+02  6.842944E-01 -7.043005E+01  2.829032E-01  1.253045E-01
       165   4  3.841697E+01  1.453903E+02 -1.542621E+00 -6.907815E+01  2.813748E-01  1.245279E-01
       165   5  3.747627E+01  1.543153E+02  6.025312E-01 -6.720476E+01  9.521485E-01  4.588319E-01
       165   6  3.447054E+01  1.490669E+02 -1.623580E+00 -6.591476E+01  9.505785E-01  4.581431E-01
       165   7  4.137943E+01  1.504121E+02  6.025302E-01 -7.040800E+01  9.587182E-01  4.449414E-01
       165   8  3.829878E+01  1.452386E+02 -1.623582E+00 -6.905653E+01  9.571898E-01  4.441647E-01
       166   1  3.535467E+01  1.472080E+02 -1.735558E+00 -6.433701E+01  2.214527E-01  1.133819E-01
       166   2  3.257618E+01  1.423516E+02 -3.783190E+00 -6.314180E+01  2.158672E-01  1.109314E-01
       166   3  3.909128E+01  1.434714E+02 -1.735557E+00 -6.740357E+01  2.281333E-01  9.925687E-02
       166   4  3.624338E+01  1.386844E+02 -3.783189E+00 -6.615139E+01  2.226957E-01  9.649378E-02
       166   5  3.513044E+01  1.469928E+02 -1.867395E+00 -6.434219E+01  8.775470E-01  4.236915E-01
       166   6  3.235171E+01  1.421359E+02 -3.915218E+00 -6.314689E+01  8.719615E-01  4.212410E-01
       166   7  3.886735E+01  1.432559E+02 -1.867394E+00 -6.740900E+01  8.842276E-01  4.095665E-01
       166   8  3.601921E+01  1.384684E+02 -3.915217E+00 -6.615672E+01  8.787900E-01  4.068034E-01
       167   1  3.267755E+01  1.401280E+02 -4.247510E+00 -6.180454E+01  1.159738E-01  6.388293E-02
       167   2  3.009276E+01  1.356093E+02 -6.150595E+00 -6.069217E+01  1.058038E-01  5.942116E-02
       167   3  3.626708E+01  1.365385E+02 -4.247511E+00 -6.475039E+01  1.229550E-01  4.912248E-02
       167   4  3.361768E+01  1.320844E+02 -6.150598E+00 -6.358500E+01  1.130542E-01  4.409144E-02
       167   5  3.232970E+01  1.398396E+02 -4.438395E+00 -6.183872E+01  7.318651E-01  3.551779E-01
       167   6  2.974341E+01  1.353183E+02 -6.342703E+00 -6.072574E+01  7.216950E-01  3.507162E-01
       167   7  3.592121E+01  1.362481E+02 -4.438397E+00 -6.478620E+01  7.388464E-01  3.404175E-01
       167   8  3.327027E+01  1.317915E+02 -6.342705E+00 -6.362017E+01  7.289455E-01  3.353865E-01
       168   1  2.960237E+01  1.331921E+02 -6.868232E+00 -5.958385E+01 -3.849854E-02 -8.490786E-03
       168   2  2.717509E+01  1.289567E+02 -8.672438E+00 -5.854387E+01 -5.528743E-02 -1.585632E-02
       168   3  3.306293E+01  1.297315E+02 -6.868231E+00 -6.242385E+01 -3.098686E-02 -2.437287E-02
       168   4  3.057524E+01  1.255566E+02 -8.672436E+00 -6.133430E+01 -4.733128E-02 -3.267818E-02
       168   5  2.907408E+01  1.327946E+02 -7.145966E+00 -5.965909E+01  4.872088E-01  2.401504E-01
       168   6  2.664359E+01  1.285537E+02 -8.952781E+00 -5.861779E+01  4.704199E-01  2.327849E-01
       168   7  3.253900E+01  1.293297E+02 -7.145965E+00 -6.250268E+01  4.947205E-01  2.242683E-01
       168   8  3.004804E+01  1.251493E+02 -8.952779E+00 -6.141175E+01  4.783761E-01  2.159630E-01
       169   1  5.889786E+01  1.686982E+02  9.685989E+00 -9.605666E+01 -5.528060E-02 -2.161670E-02
       169   2  5.411076E+01  1.614802E+02  6.290052E+00 -9.393004E+01 -3.393230E-02 -9.630313E-03
       169   3  6.443073E+01  1.631653E+02  9.685987E+00 -9.901404E+01 -4.512347E-02 -3.856291E-02
       169   4  5.952113E+01  1.560698E+02  6.290050E+00 -9.682195E+01 -2.448890E-02 -2.538575E-02
       169   5  5.934493E+01  1.688956E+02  9.879336E+00 -9.583826E+01  4.717463E-01  2.942712E-01
       169   6  5.456898E+01  1.616943E+02  6.491749E+00 -9.371648E+01  4.930946E-01  3.062575E-01
       169   7  6.486521E+01  1.633753E+02  9.879334E+00 -9.878892E+01  4.819034E-01  2.773249E-01
       169   8  5.996705E+01  1.562962E+02  6.491747E+00 -9.660182E+01  5.025380E-01  2.905021E-01
       170   1  5.786621E+01  1.611962E+02  7.494079E+00 -9.039624E+01  1.096236E-01  7.593817E-02
       170   2  5.355773E+01  1.546846E+02  4.486632E+00 -8.846885E+01  1.225536E-01  8.319798E-02
       170   3  6.307304E+01  1.559894E+02  7.494079E+00 -9.317934E+01  1.186475E-01  6.088257E-02
       170   4  5.865354E+01  1.495888E+02  4.486633E+00 -9.119262E+01  1.311453E-01  6.886360E-02
       170   5  5.810639E+01  1.612700E+02  7.588276E+00 -9.025070E+01  7.212508E-01  4.425335E-01
       170   6  5.380506E+01  1.547691E+02  4.586189E+00 -8.832641E+01  7.341809E-01  4.497934E-01
       170   7  6.330483E+01  1.560716E+02  7.588276E+00 -9.302933E+01  7.302748E-01  4.274779E-01
       170   8  5.889267E+01  1.496815E+02  4.586190E+00 -9.104580E+01  7.427725E-01  4.354590E-01
       171   1  5.631420E+01  1.539930E+02  5.285170E+00 -8.545242E+01  2.146545E-01  1.381237E-01
       171   2  5.240549E+01  1.480758E+02  2.588000E+00 -8.369533E+01  2.217179E-01  1.420896E-01
       171   3  6.123627E+01  1.490710E+02  5.285171E+00 -8.808331E+01  2.230015E-01  1.241975E-01
       171   4  5.722635E+01  1.432550E+02  2.588000E+00 -8.627213E+01  2.298288E-01  1.285574E-01
       171   5  5.640919E+01  1.539792E+02  5.309513E+00 -8.535721E+01  8.570664E-01  5.231707E-01
       171   6  5.250500E+01  1.480688E+02  2.615724E+00 -8.360208E+01  8.641298E-01  5.271366E-01
       171   7  6.132577E+01  1.490626E+02  5.309514E+00 -8.798518E+01  8.654134E-01  5.092445E-01
       171   8  5.732048E+01  1.432533E+02  2.615724E+00 -8.617601E+01  8.722406E-01  5.136044E-01
       172   1  5.428892E+01  1.470220E+02  3.021200E+00 -8.112571E+01  2.639895E-01  1.672939E-01
       172   2  5.071915E+01  1.416110E+02  5.799484E-01 -7.951496E+01  2.664615E-01  1.686819E-01
       172   3  5.896176E+01  1.423492E+02  3.021199E+00 -8.362340E+01  2.719837E-01  1.539564E-01
       172   4  5.529921E+01  1.370309E+02  5.799480E-01 -8.196305E+01  2.743731E-01  1.554823E-01
       172   5  5.426845E+01  1.469368E+02  2.989507E+00 -8.106911E+01  9.124972E-01  5.559946E-01
       172   6  5.070127E+01  1.415297E+02  5.501971E-01 -7.945948E+01  9.149692E-01  5.573826E-01
       172   7  5.893804E+01  1.422672E+02  2.989506E+00 -8.356506E+01  9.204914E-01  5.426571E-01
       172   8  5.527814E+01  1.369528E+02  5.501967E-01 -8.190587E+01  9.228808E-01  5.441829E-01
       173   1  5.183221E+01  1.402319E+02  6.842937E-01 -7.733473E+01  2.613593E-01  1.656102E-01
       173   2  4.855220E+01  1.352551E+02 -1.542621E+00 -7.585030E+01  2.598645E-01  1.647709E-01
       173   3  5.628670E+01  1.357774E+02  6.842937E-01 -7.971570E+01  2.692589E-01  1.524305E-01
       173   4  5.292118E+01  1.308861E+02 -1.542621E+00 -7.818556E+01  2.678140E-01  1.515078E-01
       173   5  5.170978E+01  1.400818E+02  6.025295E-01 -7.731052E+01  9.025903E-01  5.499494E-01
       173   6  4.843084E+01  1.351066E+02 -1.623582E+00 -7.582655E+01  9.010954E-01  5.491100E-01
       173   7  5.616287E+01  1.356287E+02  6.025295E-01 -7.969075E+01  9.104899E-01  5.367697E-01
       173   8  5.279845E+01  1.307389E+02 -1.623582E+00 -7.816109E+01  9.090450E-01  5.358470E-01
       174   1  4.898082E+01  1.335818E+02 -1.735557E+00 -7.401154E+01  2.092730E-01  1.345421E-01
       174   2  4.594919E+01  1.289786E+02 -3.783190E+00 -7.263661E+01  2.039545E-01  1.315559E-01
       174   3  5.324389E+01  1.293188E+02 -1.735556E+00 -7.629020E+01  2.173059E-01  1.211399E-01
       174   4  5.013306E+01  1.247947E+02 -3.783188E+00 -7.487293E+01  2.121653E-01  1.178571E-01
       174   5  4.875768E+01  1.333655E+02 -1.867395E+00 -7.401750E+01  8.317923E-01  5.076659E-01
       174   6  4.572580E+01  1.287619E+02 -3.915218E+00 -7.264246E+01  8.264739E-01  5.046798E-01
       174   7  5.302110E+01  1.291021E+02 -1.867393E+00 -7.629634E+01  8.398253E-01  4.942638E-01
       174   8  4.991001E+01  1.245776E+02 -3.915217E+00 -7.487896E+01  8.346847E-01  4.909810E-01
       175   1  4.576733E+01  1.270383E+02 -4.247512E+00 -7.109826E+01  1.091538E-01  7.494273E-02
       175   2  4.294695E+01  1.227551E+02 -6.150597E+00 -6.981862E+01  9.947003E-02  6.950560E-02
       175   3  4.986259E+01  1.229430E+02 -4.247512E+00 -7.328723E+01  1.175482E-01  6.093763E-02
       175   4  4.696851E+01  1.187336E+02 -6.150598E+00 -7.196819E+01  1.081881E-01  5.496035E-02
       175   5  4.542672E+01  1.267426E+02 -4.438397E+00 -7.113758E+01  6.935276E-01  4.252030E-01
       175   6  4.260470E+01  1.224570E+02 -6.342705E+00 -6.985723E+01  6.838438E-01  4.197659E-01
       175   7  4.952424E+01  1.226451E+02 -4.438398E+00 -7.332775E+01  7.019219E-01  4.111979E-01
       175   8  4.662848E+01  1.184332E+02 -6.342705E+00 -7.200799E+01  6.925619E-01  4.052206E-01
       176   1  4.222183E+01  1.205726E+02 -6.868232E+00 -6.854364E+01 -3.748088E-02 -1.222342E-02
       176   2  3.957429E+01  1.165575E+02 -8.672438E+00 -6.734727E+01 -5.346698E-02 -2.119910E-02
       176   3  4.616995E+01  1.166245E+02 -6.868231E+00 -7.065395E+01 -2.844867E-02 -2.729277E-02
       176   4  4.345349E+01  1.126783E+02 -8.672438E+00 -6.942075E+01 -4.390032E-02 -3.716013E-02
       176   5  4.170947E+01  1.201592E+02 -7.145966E+00 -6.863019E+01  4.613240E-01  2.867488E-01
       176   6  3.905844E+01  1.161389E+02 -8.952781E+00 -6.743231E+01  4.453379E-01  2.777732E-01
       176   7  4.566257E+01  1.162061E+02 -7.145965E+00 -7.074317E+01  4.703562E-01  2.716795E-01
       176   8  4.294255E+01  1.122548E+02 -8.952781E+00 -6.950841E+01  4.549046E-01  2.618121E-01
       177   1  7.869249E+01  1.489036E+02  9.685994E+00 -1.049215E+02 -5.289561E-02 -2.693110E-02
       177   2  7.346714E+01  1.421238E+02  6.290055E+00 -1.025986E+02 -3.282500E-02 -1.290993E-02
       177   3  8.469600E+01  1.429001E+02  9.685993E+00 -1.067426E+02 -4.112634E-02 -4.280013E-02
       177   4  7.933774E+01  1.362532E+02  6.290053E+00 -1.043794E+02 -2.188273E-02 -2.766387E-02
       177   5  7.909455E+01  1.491460E+02  9.879341E+00 -1.046829E+02  4.406310E-01  3.390933E-01
       177   6  7.388135E+01  1.423819E+02  6.491751E+00 -1.023653E+02  4.607017E-01  3.531145E-01
       177   7  8.508441E+01  1.431562E+02  9.879339E+00 -1.064999E+02  4.524003E-01  3.232243E-01
       177   8  7.973861E+01  1.365247E+02  6.491750E+00 -1.041421E+02  4.716439E-01  3.383605E-01
       178   1  7.649437E+01  1.425681E+02  7.494080E+00 -9.873864E+01  1.016525E-01  8.631746E-02
       178   2  7.178870E+01  1.364536E+02  4.486632E+00 -9.663338E+01  1.138087E-01  9.480968E-02
       178   3  8.214411E+01  1.369183E+02  7.494081E+00 -1.004525E+02  1.121087E-01  7.221887E-02
       178   4  7.731798E+01  1.309243E+02  4.486633E+00 -9.831067E+01  1.237640E-01  8.138647E-02
       178   5  7.670456E+01  1.426719E+02  7.588277E+00 -9.857968E+01  6.744020E-01  5.110975E-01
       178   6  7.200668E+01  1.365675E+02  4.586188E+00 -9.647780E+01  6.865582E-01  5.195897E-01
       178   7  8.234520E+01  1.370312E+02  7.588278E+00 -1.002907E+02  6.848582E-01  4.969989E-01
       178   8  7.752706E+01  1.310471E+02  4.586190E+00 -9.815239E+01  6.965135E-01  5.061665E-01
       179   1  7.392358E+01  1.363837E+02  5.285171E+00 -9.333857E+01  2.000824E-01  1.584984E-01
       179   2  6.965278E+01  1.308286E+02  2.588000E+00 -9.141932E+01  2.067230E-01  1.631375E-01
       179   3  7.926433E+01  1.310429E+02  5.285170E+00 -9.495867E+01  2.097542E-01  1.454574E-01
       179   4  7.488371E+01  1.255976E+02  2.587999E+00 -9.300611E+01  2.161213E-01  1.504655E-01
       179   5  7.399894E+01  1.363895E+02  5.309515E+00 -9.323458E+01  8.016597E-01  6.046586E-01
       179   6  6.973307E+01  1.308407E+02  2.615725E+00 -9.131747E+01  8.083004E-01  6.092977E-01
       179   7  7.933374E+01  1.310546E+02  5.309514E+00 -9.485287E+01  8.113316E-01  5.916177E-01
       179   8  7.495817E+01  1.256156E+02  2.615724E+00 -9.290249E+01  8.176986E-01  5.966257E-01
       180   1  7.100669E+01  1.303042E+02  3.021201E+00 -8.861257E+01  2.463207E-01  1.923638E-01
       180   2  6.710498E+01  1.252252E+02  5.799501E-01 -8.685316E+01  2.486448E-01  1.939874E-01
       180   3  7.607702E+01  1.252339E+02  3.021201E+00 -9.015064E+01  2.555837E-01  1.798741E-01
       180   4  7.207464E+01  1.202555E+02  5.799491E-01 -8.836069E+01  2.578120E-01  1.816268E-01
       180   5  7.097455E+01  1.302307E+02  2.989509E+00 -8.855074E+01  8.536063E-01  6.427576E-01
       180   6  6.707567E+01  1.251553E+02  5.501988E-01 -8.679256E+01  8.559304E-01  6.443812E-01
       180   7  7.604135E+01  1.251639E+02  2.989508E+00 -9.008774E+01  8.628693E-01  6.302679E-01
       180   8  7.204186E+01  1.201891E+02  5.501978E-01 -8.829904E+01  8.650976E-01  6.320206E-01
       181   1  6.776876E+01  1.242954E+02  6.842937E-01 -8.447173E+01  2.438682E-01  1.904304E-01
       181   2  6.418285E+01  1.196244E+02 -1.542621E+00 -8.285030E+01  2.424628E-01  1.894486E-01
       181   3  7.260216E+01  1.194620E+02  6.842936E-01 -8.593792E+01  2.530216E-01  1.780885E-01
       181   4  6.892347E+01  1.148838E+02 -1.542621E+00 -8.428835E+01  2.516741E-01  1.770286E-01
       181   5  6.764134E+01  1.241502E+02  6.025295E-01 -8.444528E+01  8.443397E-01  6.357705E-01
       181   6  6.405659E+01  1.194808E+02 -1.623583E+00 -8.282436E+01  8.429342E-01  6.347887E-01
       181   7  7.247322E+01  1.193184E+02  6.025294E-01 -8.591102E+01  8.534930E-01  6.234285E-01
       181   8  6.879572E+01  1.147417E+02 -1.623582E+00 -8.426196E+01  8.521455E-01  6.223686E-01
       182   1  6.423254E+01  1.183301E+02 -1.735559E+00 -8.084185E+01  1.950779E-01  1.544065E-01
       182   2  6.091758E+01  1.140102E+02 -3.783191E+00 -7.934003E+01  1.900778E-01  1.509135E-01
       182   3  6.885824E+01  1.137044E+02 -1.735558E+00 -8.224504E+01  2.043858E-01  1.418562E-01
       182   4  6.545734E+01  1.094704E+02 -3.783191E+00 -8.071715E+01  1.995917E-01  1.380854E-01
       182   5  6.401064E+01  1.181126E+02 -1.867396E+00 -8.084836E+01  7.780272E-01  5.867513E-01
       182   6  6.069539E+01  1.137923E+02 -3.915219E+00 -7.934642E+01  7.730270E-01  5.832582E-01
       182   7  6.863671E+01  1.134865E+02 -1.867396E+00 -8.225167E+01  7.873351E-01  5.742010E-01
       182   8  6.523553E+01  1.092521E+02 -3.915219E+00 -8.072365E+01  7.825410E-01  5.704302E-01
       183   1  6.041871E+01  1.123869E+02 -4.247512E+00 -7.765971E+01  1.012826E-01  8.528078E-02
       183   2  5.733463E+01  1.083675E+02 -6.150598E+00 -7.626198E+01  9.217835E-02  7.892065E-02
       183   3  6.486233E+01  1.079432E+02 -4.247511E+00 -7.900767E+01  1.110092E-01  7.216589E-02
       183   4  6.169828E+01  1.040038E+02 -6.150597E+00 -7.758567E+01  1.022802E-01  6.529995E-02
       183   5  6.008620E+01  1.120831E+02 -4.438397E+00 -7.770266E+01  6.485109E-01  4.911331E-01
       183   6  5.700034E+01  1.080614E+02 -6.342706E+00 -7.630415E+01  6.394067E-01  4.847729E-01
       183   7  6.453228E+01  1.076370E+02 -4.438397E+00 -7.905136E+01  6.582376E-01  4.780182E-01
       183   8  6.136640E+01  1.036953E+02 -6.342705E+00 -7.762858E+01  6.495085E-01  4.711523E-01
       184   1  5.634677E+01  1.064477E+02 -6.868234E+00 -7.486933E+01 -3.610227E-02 -1.583836E-02
       184   2  5.345269E+01  1.026791E+02 -8.672438E+00 -7.356255E+01 -5.113162E-02 -2.633774E-02
       184   3  6.063073E+01  1.021637E+02 -6.868231E+00 -7.616885E+01 -2.563650E-02 -2.994985E-02
       184   4  5.766188E+01  9.846994E+01 -8.672436E+00 -7.483939E+01 -4.004657E-02 -4.128422E-02
       184   5  5.585225E+01  1.060164E+02 -7.145968E+00 -7.496387E+01  4.309963E-01  3.305857E-01
       184   6  5.295437E+01  1.022430E+02 -8.952781E+00 -7.365544E+01  4.159670E-01  3.200863E-01
       184   7  6.014161E+01  1.017270E+02 -7.145965E+00 -7.626503E+01  4.414621E-01  3.164742E-01
       184   8  5.716887E+01  9.802847E+01 -8.952779E+00 -7.493390E+01  4.270520E-01  3.051398E-01
       185   1  9.983618E+01  1.277599E+02  9.685988E+00 -1.097542E+02 -5.000116E-02 -3.198614E-02
       185   2  9.414274E+01  1.214482E+02  6.290052E+00 -1.073243E+02 -3.140150E-02 -1.606521E-02
       185   3  1.060796E+02  1.215164E+02  9.685987E+00 -1.103691E+02 -3.673311E-02 -4.662515E-02
       185   4  1.002480E+02  1.153430E+02  6.290052E+00 -1.079256E+02 -1.906577E-02 -2.967556E-02
       185   5  1.001902E+02  1.280504E+02  9.879334E+00 -1.095046E+02  4.052724E-01  3.806498E-01
       185   6  9.450994E+01  1.217533E+02  6.491748E+00 -1.070803E+02  4.238721E-01  3.965707E-01
       185   7  1.064194E+02  1.218211E+02  9.879334E+00 -1.101182E+02  4.185405E-01  3.660108E-01
       185   8  1.006013E+02  1.156620E+02  6.491748E+00 -1.076802E+02  4.362078E-01  3.829604E-01
       186   1  9.639212E+01  1.226703E+02  7.494078E+00 -1.032866E+02  9.270246E-02  9.586546E-02
       186   2  9.126220E+01  1.169801E+02  4.486631E+00 -1.010843E+02  1.039677E-01  1.055083E-01
       186   3  1.022676E+02  1.167948E+02  7.494079E+00 -1.038653E+02  1.044903E-01  8.285967E-02
       186   4  9.701245E+01  1.112299E+02  4.486632E+00 -1.016507E+02  1.151909E-01  9.312554E-02
       186   5  9.657027E+01  1.228062E+02  7.588275E+00 -1.031203E+02  6.210583E-01  5.747393E-01
       186   6  9.144883E+01  1.171253E+02  4.586187E+00 -1.009216E+02  6.323236E-01  5.843822E-01
       186   7  1.024363E+02  1.169401E+02  7.588276E+00 -1.036980E+02  6.328461E-01  5.617335E-01
       186   8  9.718982E+01  1.113843E+02  4.586188E+00 -1.014870E+02  6.435467E-01  5.719994E-01
       187   1  9.273311E+01  1.175741E+02  5.285171E+00 -9.763777E+01  1.835834E-01  1.773466E-01
       187   2  8.807554E+01  1.124058E+02  2.587999E+00 -9.563012E+01  1.897374E-01  1.826143E-01
       187   3  9.828730E+01  1.120199E+02  5.285170E+00 -9.818482E+01  1.944870E-01  1.653165E-01
       187   4  9.351553E+01  1.069658E+02  2.587999E+00 -9.616592E+01  2.003324E-01  1.709245E-01
       187   5  9.278752E+01  1.176009E+02  5.309514E+00 -9.752899E+01  7.385327E-01  6.803233E-01
       187   6  8.813530E+01  1.124384E+02  2.615724E+00 -9.552358E+01  7.446866E-01  6.855910E-01
       187   7  9.833552E+01  1.120529E+02  5.309513E+00 -9.807543E+01  7.494362E-01  6.682932E-01
       187   8  9.356923E+01  1.070045E+02  2.615724E+00 -9.605878E+01  7.552817E-01  6.739012E-01
       188   1  8.886383E+01  1.124471E+02  3.021198E+00 -9.269409E+01  2.262797E-01  2.155811E-01
       188   2  8.460757E+01  1.077226E+02  5.799487E-01 -9.085365E+01  2.284334E-01  2.174247E-01
       188   3  9.413680E+01  1.071741E+02  3.021199E+00 -9.321344E+01  2.367223E-01  2.040595E-01
       188   4  8.977584E+01  1.025543E+02  5.799489E-01 -9.136268E+01  2.387681E-01  2.060222E-01
       188   5  8.881923E+01  1.123860E+02  2.989506E+00 -9.262942E+01  7.864948E-01  7.233306E-01
       188   6  8.456605E+01  1.076649E+02  5.501973E-01 -9.079026E+01  7.886485E-01  7.251741E-01
       188   7  9.408853E+01  1.071168E+02  2.989507E+00 -9.314840E+01  7.969374E-01  7.118089E-01
       188   8  8.973071E+01  1.025003E+02  5.501975E-01 -9.129893E+01  7.989832E-01  7.137716E-01
       189   1  8.479145E+01  1.072727E+02  6.842939E-01 -8.836252E+01  2.240285E-01  2.134167E-01
       189   2  8.087878E+01  1.029285E+02 -1.542622E+00 -8.666641E+01  2.227261E-01  2.123018E-01
       189   3  8.981801E+01  1.022461E+02  6.842934E-01 -8.885760E+01  2.343476E-01  2.020314E-01
       189   4  8.580886E+01  9.799840E+01 -1.542622E+00 -8.715198E+01  2.331104E-01  2.008445E-01
       189   5  8.465869E+01  1.071329E+02  6.025297E-01 -8.833486E+01  7.779576E-01  7.154687E-01
       189   6  8.074730E+01  1.027901E+02 -1.623584E+00 -8.663928E+01  7.766552E-01  7.143539E-01
       189   7  8.968368E+01  1.021079E+02  6.025292E-01 -8.882978E+01  7.882767E-01  7.040834E-01
       189   8  8.567583E+01  9.786155E+01 -1.623584E+00 -8.712469E+01  7.870395E-01  7.028966E-01
       190   1  8.052374E+01  1.020389E+02 -1.735557E+00 -8.456545E+01  1.790041E-01  1.727839E-01
       190   2  7.690613E+01  9.802161E+01 -3.783190E+00 -8.299445E+01  1.743704E-01  1.688176E-01
       190   3  8.533431E+01  9.722835E+01 -1.735559E+00 -8.503925E+01  1.894973E-01  1.612064E-01
       190   4  8.162733E+01  9.330041E+01 -3.783192E+00 -8.345945E+01  1.850959E-01  1.569838E-01
       190   5  8.030315E+01  1.018201E+02 -1.867394E+00 -8.457226E+01  7.167691E-01  6.601858E-01
       190   6  7.668524E+01  9.780241E+01 -3.915218E+00 -8.300114E+01  7.121355E-01  6.562195E-01
       190   7  8.511410E+01  9.700910E+01 -1.867397E+00 -8.504610E+01  7.272624E-01  6.486083E-01
       190   8  8.140681E+01  9.308083E+01 -3.915220E+00 -8.346617E+01  7.228610E-01  6.443857E-01
       191   1  7.606865E+01  9.673693E+01 -4.247514E+00 -8.123674E+01  9.243596E-02  9.479751E-02
       191   2  7.270289E+01  9.299918E+01 -6.150602E+00 -7.977463E+01  8.399898E-02  8.757563E-02
       191   3  8.068986E+01  9.211572E+01 -4.247513E+00 -8.169189E+01  1.034013E-01  8.269914E-02
       191   4  7.724093E+01  8.846115E+01 -6.150601E+00 -8.022158E+01  9.538719E-02  7.501066E-02
       191   5  7.574479E+01  9.642450E+01 -4.438400E+00 -8.128167E+01  5.972488E-01  5.523332E-01
       191   6  7.237710E+01  9.268462E+01 -6.342709E+00 -7.981874E+01  5.888118E-01  5.451114E-01
       191   7  8.036856E+01  9.180074E+01 -4.438399E+00 -8.173707E+01  6.082141E-01  5.402349E-01
       191   8  7.691765E+01  8.814407E+01 -6.342709E+00 -8.026595E+01  6.002000E-01  5.325464E-01
       192   1  7.143438E+01  9.136004E+01 -6.868236E+00 -7.831783E+01 -3.437594E-02 -1.930082E-02
       192   2  6.827696E+01  8.785483E+01 -8.672444E+00 -7.695086E+01 -4.830380E-02 -3.122277E-02
       192   3  7.588955E+01  8.690487E+01 -6.868235E+00 -7.875662E+01 -2.257739E-02 -3.231852E-02
       192   4  7.265437E+01  8.347743E+01 -8.672443E+00 -7.738200E+01 -3.580711E-02 -4.501076E-02
       192   5  7.095891E+01  9.090973E+01 -7.145970E+00 -7.841672E+01  3.965180E-01  3.712387E-01
       192   6  6.779736E+01  8.739996E+01 -8.952787E+00 -7.704803E+01  3.825901E-01  3.593168E-01
       192   7  7.541971E+01  8.644894E+01 -7.145969E+00 -7.885607E+01  4.083166E-01  3.582210E-01
       192   8  7.218030E+01  8.301702E+01 -8.952786E+00 -7.747971E+01  3.950868E-01  3.455288E-01
       193   1  1.215164E+02  1.060796E+02  9.685987E+00 -1.103691E+02 -4.662515E-02 -3.673311E-02
       193   2  1.153430E+02  1.002480E+02  6.290052E+00 -1.079256E+02 -2.967556E-02 -1.906577E-02
       193   3  1.277599E+02  9.983618E+01  9.685988E+00 -1.097542E+02 -3.198614E-02 -5.000116E-02
       193   4  1.214482E+02  9.414274E+01  6.290052E+00 -1.073243E+02 -1.606521E-02 -3.140150E-02
       193   5  1.218211E+02  1.064194E+02  9.879334E+00 -1.101182E+02  3.660108E-01  4.185405E-01
       193   6  1.156620E+02  1.006013E+02  6.491748E+00 -1.076802E+02  3.829604E-01  4.362078E-01
       193   7  1.280504E+02  1.001902E+02  9.879334E+00 -1.095046E+02  3.806498E-01  4.052724E-01
       193   8  1.217533E+02  9.450994E+01  6.491748E+00 -1.070803E+02  3.965707E-01  4.238721E-01
       194   1  1.167948E+02  1.022676E+02  7.494079E+00 -1.038653E+02  8.285967E-02  1.044903E-01
       194   2  1.112299E+02  9.701245E+01  4.486632E+00 -1.016507E+02  9.312554E-02  1.151909E-01
       194   3  1.226703E+02  9.639212E+01  7.494078E+00 -1.032866E+02  9.586546E-02  9.270246E-02
       194   4  1.169801E+02  9.126220E+01  4.486631E+00 -1.010843E+02  1.055083E-01  1.039677E-01
       194   5  1.169401E+02  1.024363E+02  7.588276E+00 -1.036980E+02  5.617335E-01  6.328461E-01
       194   6  1.113843E+02  9.718982E+01  4.586188E+00 -1.014870E+02  5.719994E-01  6.435467E-01
       194   7  1.228062E+02  9.657027E+01  7.588275E+00 -1.031203E+02  5.747393E-01  6.210583E-01
       194   8  1.171253E+02  9.144883E+01  4.586187E+00 -1.009216E+02  5.843822E-01  6.323236E-01
       195   1  1.120199E+02  9.828730E+01  5.285170E+00 -9.818482E+01  1.653165E-01  1.944870E-01
       195   2  1.069658E+02  9.351553E+01  2.587999E+00 -9.616592E+01  1.709245E-01  2.003324E-01
       195   3  1.175741E+02  9.273311E+01  5.285171E+00 -9.763777E+01  1.773466E-01  1.835834E-01
       195   4  1.124058E+02  8.807554E+01  2.587999E+00 -9.563012E+01  1.826143E-01  1.897374E-01
       195   5  1.120529E+02  9.833552E+01  5.309513E+00 -9.807543E+01  6.682932E-01  7.494362E-01
       195   6  1.070045E+02  9.356923E+01  2.615724E+00 -9.605878E+01  6.739012E-01  7.552817E-01
       195   7  1.176009E+02  9.278752E+01  5.309514E+00 -9.752899E+01  6.803233E-01  7.385327E-01
       195   8  1.124384E+02  8.813530E+01  2.615724E+00 -9.552358E+01  6.855910E-01  7.446866E-01
       196   1  1.071741E+02  9.413680E+01  3.021199E+00 -9.321344E+01  2.040595E-01  2.367223E-01
       196   2  1.025543E+02  8.977584E+01  5.799489E-01 -9.136268E+01  2.060222E-01  2.387681E-01
       196   3  1.124471E+02  8.886383E+01  3.021198E+00 -9.269409E+01  2.155811E-01  2.262797E-01
       196   4  1.077226E+02  8.460757E+01  5.799487E-01 -9.085365E+01  2.174247E-01  2.284334E-01
       196   5  1.071168E+02  9.408853E+01  2.989507E+00 -9.314840E+01  7.118089E-01  7.969374E-01
       196   6  1.025003E+02  8.973071E+01  5.501975E-01 -9.129893E+01  7.137716E-01  7.989832E-01
       196   7  1.123860E+02  8.881923E+01  2.989506E+00 -9.262942E+01  7.233306E-01  7.864948E-01
       196   8  1.076649E+02  8.456605E+01  5.501973E-01 -9.079026E+01  7.251741E-01  7.886485E-01
       197   1  1.022461E+02  8.981801E+01  6.842934E-01 -8.885760E+01  2.020314E-01  2.343476E-01
       197   2  9.799840E+01  8.580886E+01 -1.542622E+00 -8.715198E+01  2.008445E-01  2.331104E-01
       197   3  1.072727E+02  8.479145E+01  6.842939E-01 -8.836252E+01  2.134167E-01  2.240285E-01
       197   4  1.029285E+02  8.087878E+01 -1.542622E+00 -8.666641E+01  2.123018E-01  2.227261E-01
       197   5  1.021079E+02  8.968368E+01  6.025292E-01 -8.882978E+01  7.040834E-01  7.882767E-01
       197   6  9.786155E+01  8.567583E+01 -1.623584E+00 -8.712469E+01  7.028966E-01  7.870395E-01
       197   7  1.071329E+02  8.465869E+01  6.025297E-01 -8.833486E+01  7.154687E-01  7.779576E-01
       197   8  1.027901E+02  8.074730E+01 -1.623584E+00 -8.663928E+01  7.143539E-01  7.766552E-01
       198   1  9.722835E+01  8.533431E+01 -1.735559E+00 -8.503925E+01  1.612064E-01  1.894973E-01
       198   2  9.330041E+01  8.162733E+01 -3.783192E+00 -8.345945E+01  1.569838E-01  1.850959E-01
       198   3  1.020389E+02  8.052374E+01 -1.735557E+00 -8.456545E+01  1.727839E-01  1.790041E-01
       198   4  9.802161E+01  7.690613E+01 -3.783190E+00 -8.299445E+01  1.688176E-01  1.743704E-01
       198   5  9.700910E+01  8.511410E+01 -1.867397E+00 -8.504610E+01  6.486083E-01  7.272624E-01
       198   6  9.308083E+01  8.140681E+01 -3.915220E+00 -8.346617E+01  6.443857E-01  7.228610E-01
       198   7  1.018201E+02  8.030315E+01 -1.867394E+00 -8.457226E+01  6.601858E-01  7.167691E-01
       198   8  9.780241E+01  7.668524E+01 -3.915218E+00 -8.300114E+01  6.562195E-01  7.121355E-01
       199   1  9.211572E+01  8.068986E+01 -4.247513E+00 -8.169189E+01  8.269914E-02  1.034013E-01
       199   2  8.846115E+01  7.724093E+01 -6.150601E+00 -8.022158E+01  7.501066E-02  9.538719E-02
       199   3  9.673693E+01  7.606865E+01 -4.247514E+00 -8.123674E+01  9.479751E-02  9.243596E-02
       199   4  9.299918E+01  7.270289E+01 -6.150602E+00 -7.977463E+01  8.757563E-02  8.399898E-02
       199   5  9.180074E+01  8.036856E+01 -4.438399E+00 -8.173707E+01  5.402349E-01  6.082141E-01
       199   6  8.814407E+01  7.691765E+01 -6.342709E+00 -8.026595E+01  5.325464E-01  6.002000E-01
       199   7  9.642450E+01  7.574479E+01 -4.438400E+00 -8.128167E+01  5.523332E-01  5.972488E-01
       199   8  9.268462E+01  7.237710E+01 -6.342709E+00 -7.981874E+01  5.451114E-01  5.888118E-01
       200   1  8.690487E+01  7.588955E+01 -6.868235E+00 -7.875662E+01 -3.231852E-02 -2.257739E-02
       200   2  8.347743E+01  7.265437E+01 -8.672443E+00 -7.738200E+01 -4.501076E-02 -3.580711E-02
       200   3  9.136004E+01  7.143438E+01 -6.868236E+00 -7.831783E+01 -1.930082E-02 -3.437594E-02
       200   4  8.785483E+01  6.827696E+01 -8.672444E+00 -7.695086E+01 -3.122277E-02 -4.830380E-02
       200   5  8.644894E+01  7.541971E+01 -7.145969E+00 -7.885607E+01  3.582210E-01  4.083166E-01
       200   6  8.301702E+01  7.218030E+01 -8.952786E+00 -7.747971E+01  3.455288E-01  3.950868E-01
       200   7  9.090973E+01  7.095891E+01 -7.145970E+00 -7.841672E+01  3.712387E-01  3.965180E-01
       200   8  8.739996E+01  6.779736E+01 -8.952787E+00 -7.704803E+01  3.593168E-01  3.825901E-01
       201   1  1.429001E+02  8.469600E+01  9.685993E+00 -1.067426E+02 -4.280013E-02 -4.112634E-02
       201   2  1.362532E+02  7.933774E+01  6.290053E+00 -1.043794E+02 -2.766387E-02 -2.188273E-02
       201   3  1.489036E+02  7.869249E+01  9.685994E+00 -1.049215E+02 -2.693110E-02 -5.289561E-02
       201   4  1.421238E+02  7.346714E+01  6.290055E+00 -1.025986E+02 -1.290993E-02 -3.282500E-02
       201   5  1.431562E+02  8.508441E+01  9.879339E+00 -1.064999E+02  3.232243E-01  4.524003E-01
       201   6  1.365247E+02  7.973861E+01  6.491750E+00 -1.041421E+02  3.383605E-01  4.716439E-01
       201   7  1.491460E+02  7.909455E+01  9.879341E+00 -1.046829E+02  3.390933E-01  4.406310E-01
       201   8  1.423819E+02  7.388135E+01  6.491751E+00 -1.023653E+02  3.531145E-01  4.607017E-01
       202   1  1.369183E+02  8.214411E+01  7.494081E+00 -1.004525E+02  7.221887E-02  1.121087E-01
       202   2  1.309243E+02  7.731798E+01  4.486633E+00 -9.831067E+01  8.138647E-02  1.237640E-01
       202   3  1.425681E+02  7.649437E+01  7.494080E+00 -9.873864E+01  8.631746E-02  1.016525E-01
       202   4  1.364536E+02  7.178870E+01  4.486632E+00 -9.663338E+01  9.480968E-02  1.138087E-01
       202   5  1.370312E+02  8.234520E+01  7.588278E+00 -1.002907E+02  4.969989E-01  6.848582E-01
       202   6  1.310471E+02  7.752706E+01  4.586190E+00 -9.815239E+01  5.061665E-01  6.965135E-01
       202   7  1.426719E+02  7.670456E+01  7.588277E+00 -9.857968E+01  5.110975E-01  6.744020E-01
       202   8  1.365675E+02  7.200668E+01  4.586188E+00 -9.647780E+01  5.195897E-01  6.865582E-01
       203   1  1.310429E+02  7.926433E+01  5.285170E+00 -9.495867E+01  1.454574E-01  2.097542E-01
       203   2  1.255976E+02  7.488371E+01  2.587999E+00 -9.300611E+01  1.504655E-01  2.161213E-01
       203   3  1.363837E+02  7.392358E+01  5.285171E+00 -9.333857E+01  1.584984E-01  2.000824E-01
       203   4  1.308286E+02  6.965278E+01  2.588000E+00 -9.141932E+01  1.631375E-01  2.067230E-01
       203   5  1.310546E+02  7.933374E+01  5.309514E+00 -9.485287E+01  5.916177E-01  8.113316E-01
       203   6  1.256156E+02  7.495817E+01  2.615724E+00 -9.290249E+01  5.966257E-01  8.176986E-01
       203   7  1.363895E+02  7.399894E+01  5.309515E+00 -9.323458E+01  6.046586E-01  8.016597E-01
       203   8  1.308407E+02  6.973307E+01  2.615725E+00 -9.131747E+01  6.092977E-01  8.083004E-01
       204   1  1.252339E+02  7.607702E+01  3.021201E+00 -9.015064E+01  1.798741E-01  2.555837E-01
       204   2  1.202555E+02  7.207464E+01  5.799491E-01 -8.836069E+01  1.816268E-01  2.578120E-01
       204   3  1.303042E+02  7.100669E+01  3.021201E+00 -8.861257E+01  1.923638E-01  2.463207E-01
       204   4  1.252252E+02  6.710498E+01  5.799501E-01 -8.685316E+01  1.939874E-01  2.486448E-01
       204   5  1.251639E+02  7.604135E+01  2.989508E+00 -9.008774E+01  6.302679E-01  8.628693E-01
       204   6  1.201891E+02  7.204186E+01  5.501978E-01 -8.829904E+01  6.320206E-01  8.650976E-01
       204   7  1.302307E+02  7.097455E+01  2.989509E+00 -8.855074E+01  6.427576E-01  8.536063E-01
       204   8  1.251553E+02  6.707567E+01  5.501988E-01 -8.679256E+01  6.443812E-01  8.559304E-01
       205   1  1.194620E+02  7.260216E+01  6.842936E-01 -8.593792E+01  1.780885E-01  2.530216E-01
       205   2  1.148838E+02  6.892347E+01 -1.542621E+00 -8.428835E+01  1.770286E-01  2.516741E-01
       205   3  1.242954E+02  6.776876E+01  6.842937E-01 -8.447173E+01  1.904304E-01  2.438682E-01
       205   4  1.196244E+02  6.418285E+01 -1.542621E+00 -8.285030E+01  1.894486E-01  2.424628E-01
       205   5  1.193184E+02  7.247322E+01  6.025294E-01 -8.591102E+01  6.234285E-01  8.534930E-01
       205   6  1.147417E+02  6.879572E+01 -1.623582E+00 -8.426196E+01  6.223686E-01  8.521455E-01
       205   7  1.241502E+02  6.764134E+01  6.025295E-01 -8.444528E+01  6.357705E-01  8.443397E-01
       205   8  1.194808E+02  6.405659E+01 -1.623583E+00 -8.282436E+01  6.347887E-01  8.429342E-01
       206   1  1.137044E+02  6.885824E+01 -1.735558E+00 -8.224504E+01  1.418562E-01  2.043858E-01
       206   2  1.094704E+02  6.545734E+01 -3.783191E+00 -8.071715E+01  1.380854E-01  1.995917E-01
       206   3  1.183301E+02  6.423254E+01 -1.735559E+00 -8.084185E+01  1.544065E-01  1.950779E-01
       206   4  1.140102E+02  6.091758E+01 -3.783191E+00 -7.934003E+01  1.509135E-01  1.900778E-01
       206   5  1.134865E+02  6.863671E+01 -1.867396E+00 -8.225167E+01  5.742010E-01  7.873351E-01
       206   6  1.092521E+02  6.523553E+01 -3.915219E+00 -8.072365E+01  5.704302E-01  7.825410E-01
       206   7  1.181126E+02  6.401064E+01 -1.867396E+00 -8.084836E+01  5.867513E-01  7.780272E-01
       206   8  1.137923E+02  6.069539E+01 -3.915219E+00 -7.934642E+01  5.832582E-01  7.730270E-01
       207   1  1.079432E+02  6.486233E+01 -4.247511E+00 -7.900767E+01  7.216589E-02  1.110092E-01
       207   2  1.040038E+02  6.169828E+01 -6.150597E+00 -7.758567E+01  6.529995E-02  1.022802E-01
       207   3  1.123869E+02  6.041871E+01 -4.247512E+00 -7.765971E+01  8.528078E-02  1.012826E-01
       207   4  1.083675E+02  5.733463E+01 -6.150598E+00 -7.626198E+01  7.892065E-02  9.217835E-02
       207   5  1.076370E+02  6.453228E+01 -4.438397E+00 -7.905136E+01  4.780182E-01  6.582376E-01
       207   6  1.036953E+02  6.136640E+01 -6.342705E+00 -7.762858E+01  4.711523E-01  6.495085E-01
       207   7  1.120831E+02  6.008620E+01 -4.438397E+00 -7.770266E+01  4.911331E-01  6.485109E-01
       207   8  1.080614E+02  5.700034E+01 -6.342706E+00 -7.630415E+01  4.847729E-01  6.394067E-01
       208   1  1.021637E+02  6.063073E+01 -6.868231E+00 -7.616885E+01 -2.994985E-02 -2.563650E-02
       208   2  9.846994E+01  5.766188E+01 -8.672436E+00 -7.483939E+01 -4.128422E-02 -4.004657E-02
       208   3  1.064477E+02  5.634677E+01 -6.868234E+00 -7.486933E+01 -1.583836E-02 -3.610227E-02
       208   4  1.026791E+02  5.345269E+01 -8.672438E+00 -7.356255E+01 -2.633774E-02 -5.113162E-02
       208   5  1.017270E+02  6.014161E+01 -7.145965E+00 -7.626503E+01  3.164742E-01  4.414621E-01
       208   6  9.802847E+01  5.716887E+01 -8.952779E+00 -7.493390E+01  3.051398E-01  4.270520E-01
       208   7  1.060164E+02  5.585225E+01 -7.145968E+00 -7.496387E+01  3.305857E-01  4.309963E-01
       208   8  1.022430E+02  5.295437E+01 -8.952781E+00 -7.365544E+01  3.200863E-01  4.159670E-01
       209   1  1.631653E+02  6.443073E+01  9.685987E+00 -9.901404E+01 -3.856291E-02 -4.512347E-02
       209   2  1.560698E+02  5.952113E+01  6.290050E+00 -9.682195E+01 -2.538575E-02 -2.448890E-02
       209   3  1.686982E+02  5.889786E+01  9.685989E+00 -9.605666E+01 -2.161670E-02 -5.528060E-02
       209   4  1.614802E+02  5.411076E+01  6.290052E+00 -9.393004E+01 -9.630313E-03 -3.393230E-02
       209   5  1.633753E+02  6.486521E+01  9.879334E+00 -9.878892E+01  2.773249E-01  4.819034E-01
       209   6  1.562962E+02  5.996705E+01  6.491747E+00 -9.660182E+01  2.905021E-01  5.025380E-01
       209   7  1.688956E+02  5.934493E+01  9.879336E+00 -9.583826E+01  2.942712E-01  4.717463E-01
       209   8  1.616943E+02  5.456898E+01  6.491749E+00 -9.371648E+01  3.062575E-01  4.930946E-01
       210   1  1.559894E+02  6.307304E+01  7.494079E+00 -9.317934E+01  6.088257E-02  1.186475E-01
       210   2  1.495888E+02  5.865354E+01  4.486633E+00 -9.119262E+01  6.886360E-02  1.311453E-01
       210   3  1.611962E+02  5.786621E+01  7.494079E+00 -9.039624E+01  7.593817E-02  1.096236E-01
       210   4  1.546846E+02  5.355773E+01  4.486632E+00 -8.846885E+01  8.319798E-02  1.225536E-01
       210   5  1.560716E+02  6.330483E+01  7.588276E+00 -9.302933E+01  4.274779E-01  7.302748E-01
       210   6  1.496815E+02  5.889267E+01  4.586190E+00 -9.104580E+01  4.354590E-01  7.427725E-01
       210   7  1.612700E+02  5.810639E+01  7.588276E+00 -9.025070E+01  4.425335E-01  7.212508E-01
       210   8  1.547691E+02  5.380506E+01  4.586189E+00 -8.832641E+01  4.497934E-01  7.341809E-01
       211   1  1.490710E+02  6.123627E+01  5.285171E+00 -8.808331E+01  1.241975E-01  2.230015E-01
       211   2  1.432550E+02  5.722635E+01  2.588000E+00 -8.627213E+01  1.285574E-01  2.298288E-01
       211   3  1.539930E+02  5.631420E+01  5.285170E+00 -8.545242E+01  1.381237E-01  2.146545E-01
       211   4  1.480758E+02  5.240549E+01  2.588000E+00 -8.369533E+01  1.420896E-01  2.217179E-01
       211   5  1.490626E+02  6.132577E+01  5.309514E+00 -8.798518E+01  5.092445E-01  8.654134E-01
       211   6  1.432533E+02  5.732048E+01  2.615724E+00 -8.617601E+01  5.136044E-01  8.722406E-01
       211   7  1.539792E+02  5.640919E+01  5.309513E+00 -8.535721E+01  5.231707E-01  8.570664E-01
       211   8  1.480688E+02  5.250500E+01  2.615724E+00 -8.360208E+01  5.271366E-01  8.641298E-01
       212   1  1.423492E+02  5.896176E+01  3.021199E+00 -8.362340E+01  1.539564E-01  2.719837E-01
       212   2  1.370309E+02  5.529921E+01  5.799480E-01 -8.196305E+01  1.554823E-01  2.743731E-01
       212   3  1.470220E+02  5.428892E+01  3.021200E+00 -8.112571E+01  1.672939E-01  2.639895E-01
       212   4  1.416110E+02  5.071915E+01  5.799484E-01 -7.951496E+01  1.686819E-01  2.664615E-01
       212   5  1.422672E+02  5.893804E+01  2.989506E+00 -8.356506E+01  5.426571E-01  9.204914E-01
       212   6  1.369528E+02  5.527814E+01  5.501967E-01 -8.190587E+01  5.441829E-01  9.228808E-01
       212   7  1.469368E+02  5.426845E+01  2.989507E+00 -8.106911E+01  5.559946E-01  9.124972E-01
       212   8  1.415297E+02  5.070127E+01  5.501971E-01 -7.945948E+01  5.573826E-01  9.149692E-01
       213   1  1.357774E+02  5.628670E+01  6.842937E-01 -7.971570E+01  1.524305E-01  2.692589E-01
       213   2  1.308861E+02  5.292118E+01 -1.542621E+00 -7.818556E+01  1.515078E-01  2.678140E-01
       213   3  1.402319E+02  5.183221E+01  6.842937E-01 -7.733473E+01  1.656102E-01  2.613593E-01
       213   4  1.352551E+02  4.855220E+01 -1.542621E+00 -7.585030E+01  1.647709E-01  2.598645E-01
       213   5  1.356287E+02  5.616287E+01  6.025295E-01 -7.969075E+01  5.367697E-01  9.104899E-01
       213   6  1.307389E+02  5.279845E+01 -1.623582E+00 -7.816109E+01  5.358470E-01  9.090450E-01
       213   7  1.400818E+02  5.170978E+01  6.025295E-01 -7.731052E+01  5.499494E-01  9.025903E-01
       213   8  1.351066E+02  4.843084E+01 -1.623582E+00 -7.582655E+01  5.491100E-01  9.010954E-01
       214   1  1.293188E+02  5.324389E+01 -1.735556E+00 -7.629020E+01  1.211399E-01  2.173059E-01
       214   2  1.247947E+02  5.013306E+01 -3.783188E+00 -7.487293E+01  1.178571E-01  2.121653E-01
       214   3  1.335818E+02  4.898082E+01 -1.735557E+00 -7.401154E+01  1.345421E-01  2.092730E-01
       214   4  1.289786E+02  4.594919E+01 -3.783190E+00 -7.263661E+01  1.315559E-01  2.039545E-01
       214   5  1.291021E+02  5.302110E+01 -1.867393E+00 -7.629634E+01  4.942638E-01  8.398253E-01
       214   6  1.245776E+02  4.991001E+01 -3.915217E+00 -7.487896E+01  4.909810E-01  8.346847E-01
       214   7  1.333655E+02  4.875768E+01 -1.867395E+00 -7.401750E+01  5.076659E-01  8.317923E-01
       214   8  1.287619E+02  4.572580E+01 -3.915218E+00 -7.264246E+01  5.046798E-01  8.264739E-01
       215   1  1.229430E+02  4.986259E+01 -4.247512E+00 -7.328723E+01  6.093763E-02  1.175482E-01
       215   2  1.187336E+02  4.696851E+01 -6.150598E+00 -7.196819E+01  5.496035E-02  1.081881E-01
       215   3  1.270383E+02  4.576733E+01 -4.247512E+00 -7.109826E+01  7.494273E-02  1.091538E-01
       215   4  1.227551E+02  4.294695E+01 -6.150597E+00 -6.981862E+01  6.950560E-02  9.947003E-02
       215   5  1.226451E+02  4.952424E+01 -4.438398E+00 -7.332775E+01  4.111979E-01  7.019219E-01
       215   6  1.184332E+02  4.662848E+01 -6.342705E+00 -7.200799E+01  4.052206E-01  6.925619E-01
       215   7  1.267426E+02  4.542672E+01 -4.438397E+00 -7.113758E+01  4.252030E-01  6.935276E-01
       215   8  1.224570E+02  4.260470E+01 -6.342705E+00 -6.985723E+01  4.197659E-01  6.838438E-01
       216   1  1.166245E+02  4.616995E+01 -6.868231E+00 -7.065395E+01 -2.729277E-02 -2.844867E-02
       216   2  1.126783E+02  4.345349E+01 -8.672438E+00 -6.942075E+01 -3.716013E-02 -4.390032E-02
       216   3  1.205726E+02  4.222183E+01 -6.868232E+00 -6.854364E+01 -1.222342E-02 -3.748088E-02
       216   4  1.165575E+02  3.957429E+01 -8.672438E+00 -6.734727E+01 -2.119910E-02 -5.346698E-02
       216   5  1.162061E+02  4.566257E+01 -7.145965E+00 -7.074317E+01  2.716795E-01  4.703562E-01
       216   6  1.122548E+02  4.294255E+01 -8.952781E+00 -6.950841E+01  2.618121E-01  4.549046E-01
       216   7  1.201592E+02  4.170947E+01 -7.145966E+00 -6.863019E+01  2.867488E-01  4.613240E-01
       216   8  1.161389E+02  3.905844E+01 -8.952781E+00 -6.743231E+01  2.777732E-01  4.453379E-01
       217   1  1.815334E+02  4.606262E+01  9.685983E+00 -8.748042E+01 -3.395435E-02 -4.868598E-02
       217   2  1.740313E+02  4.155969E+01  6.290050E+00 -8.554368E+01 -2.286316E-02 -2.685919E-02
       217   3  1.863830E+02  4.121303E+01  9.685981E+00 -8.350047E+01 -1.609419E-02 -5.713321E-02
       217   4  1.787735E+02  3.681746E+01  6.290048E+00 -8.165184E+01 -6.258002E-03 -3.471284E-02
       217   5  1.817017E+02  4.653887E+01  9.879330E+00 -8.728153E+01  2.287547E-01  5.067655E-01
       217   6  1.742168E+02  4.204644E+01  6.491747E+00 -8.534919E+01  2.398459E-01  5.285923E-01
       217   7  1.865402E+02  4.170030E+01  9.879328E+00 -8.331062E+01  2.466149E-01  4.983183E-01
       217   8  1.789483E+02  3.731499E+01  6.491745E+00 -8.146620E+01  2.564511E-01  5.207386E-01
       218   1  1.732751E+02  4.578733E+01  7.494075E+00 -8.232539E+01  4.895991E-02  1.240438E-01
       218   2  1.665059E+02  4.173638E+01  4.486630E+00 -8.057008E+01  5.567752E-02  1.372636E-01
       218   3  1.778389E+02  4.122351E+01  7.494076E+00 -7.857996E+01  6.482749E-02  1.165390E-01
       218   4  1.709724E+02  3.726987E+01  4.486632E+00 -7.690451E+01  7.078499E-02  1.301183E-01
       218   5  1.733295E+02  4.604695E+01  7.588272E+00 -8.219284E+01  3.538401E-01  7.686585E-01
       218   6  1.665714E+02  4.200275E+01  4.586186E+00 -8.044036E+01  3.605577E-01  7.818784E-01
       218   7  1.778860E+02  4.149048E+01  7.588273E+00 -7.845344E+01  3.697076E-01  7.611537E-01
       218   8  1.710307E+02  3.754343E+01  4.586188E+00 -7.678069E+01  3.756651E-01  7.747330E-01
       219   1  1.654113E+02  4.489592E+01  5.285170E+00 -7.782297E+01  1.017415E-01  2.341012E-01
       219   2  1.592593E+02  4.122200E+01  2.587999E+00 -7.622275E+01  1.054112E-01  2.413229E-01
       219   3  1.697255E+02  4.058170E+01  5.285169E+00 -7.428237E+01  1.164188E-01  2.271594E-01
       219   4  1.634849E+02  3.699648E+01  2.587998E+00 -7.275496E+01  1.196732E-01  2.345775E-01
       219   5  1.653848E+02  4.500363E+01  5.309513E+00 -7.773626E+01  4.219670E-01  9.111609E-01
       219   6  1.592398E+02  4.133396E+01  2.615723E+00 -7.613783E+01  4.256367E-01  9.183826E-01
       219   7  1.696942E+02  4.069421E+01  5.309513E+00 -7.419962E+01  4.366443E-01  9.042191E-01
       219   8  1.634606E+02  3.711315E+01  2.615723E+00 -7.267391E+01  4.398987E-01  9.116372E-01
       220   1  1.578621E+02  4.344878E+01  3.021200E+00 -7.388256E+01  1.265560E-01  2.857644E-01
       220   2  1.522359E+02  4.009424E+01  5.799506E-01 -7.241562E+01  1.278403E-01  2.882918E-01
       220   3  1.619579E+02  3.935300E+01  3.021198E+00 -7.052124E+01  1.406129E-01  2.791160E-01
       220   4  1.562504E+02  3.607978E+01  5.799484E-01 -6.912104E+01  1.417518E-01  2.817122E-01
       220   5  1.577694E+02  4.343587E+01  2.989507E+00 -7.383102E+01  4.498201E-01  9.692487E-01
       220   6  1.521472E+02  4.008378E+01  5.501993E-01 -7.236510E+01  4.511044E-01  9.717761E-01
       220   7  1.618623E+02  3.934295E+01  2.989506E+00 -7.047204E+01  4.638769E-01  9.626003E-01
       220   8  1.561589E+02  3.607211E+01  5.501971E-01 -6.907281E+01  4.650159E-01  9.651964E-01
       221   1  1.505655E+02  4.149863E+01  6.842944E-01 -7.043005E+01  1.253045E-01  2.829032E-01
       221   2  1.453903E+02  3.841697E+01 -1.542621E+00 -6.907815E+01  1.245279E-01  2.813748E-01
       221   3  1.544699E+02  3.759424E+01  6.842953E-01 -6.722580E+01  1.391950E-01  2.763335E-01
       221   4  1.492197E+02  3.458753E+01 -1.542619E+00 -6.593541E+01  1.385063E-01  2.747635E-01
       221   5  1.504121E+02  4.137943E+01  6.025302E-01 -7.040800E+01  4.449414E-01  9.587182E-01
       221   6  1.452386E+02  3.829878E+01 -1.623582E+00 -6.905653E+01  4.441647E-01  9.571898E-01
       221   7  1.543153E+02  3.747627E+01  6.025312E-01 -6.720476E+01  4.588319E-01  9.521485E-01
       221   8  1.490669E+02  3.447054E+01 -1.623580E+00 -6.591476E+01  4.581431E-01  9.505785E-01
       222   1  1.434714E+02  3.909128E+01 -1.735557E+00 -6.740357E+01  9.925687E-02  2.281333E-01
       222   2  1.386844E+02  3.624338E+01 -3.783189E+00 -6.615139E+01  9.649378E-02  2.226957E-01
       222   3  1.472080E+02  3.535467E+01 -1.735558E+00 -6.433701E+01  1.133819E-01  2.214527E-01
       222   4  1.423516E+02  3.257618E+01 -3.783190E+00 -6.314180E+01  1.109314E-01  2.158672E-01
       222   5  1.432559E+02  3.886735E+01 -1.867394E+00 -6.740900E+01  4.095665E-01  8.842276E-01
       222   6  1.384684E+02  3.601921E+01 -3.915217E+00 -6.615672E+01  4.068034E-01  8.787900E-01
       222   7  1.469928E+02  3.513044E+01 -1.867395E+00 -6.434219E+01  4.236915E-01  8.775470E-01
       222   8  1.421359E+02  3.235171E+01 -3.915218E+00 -6.314689E+01  4.212410E-01  8.719615E-01
       223   1  1.365385E+02  3.626708E+01 -4.247511E+00 -6.475039E+01  4.912248E-02  1.229550E-01
       223   2  1.320844E+02  3.361768E+01 -6.150598E+00 -6.358500E+01  4.409144E-02  1.130542E-01
       223   3  1.401280E+02  3.267755E+01 -4.247510E+00 -6.180454E+01  6.388293E-02  1.159738E-01
       223   4  1.356093E+02  3.009276E+01 -6.150595E+00 -6.069217E+01  5.942116E-02  1.058038E-01
       223   5  1.362481E+02  3.592121E+01 -4.438397E+00 -6.478620E+01  3.404175E-01  7.388464E-01
       223   6  1.317915E+02  3.327027E+01 -6.342705E+00 -6.362017E+01  3.353865E-01  7.289455E-01
       223   7  1.398396E+02  3.232970E+01 -4.438395E+00 -6.183872E+01  3.551779E-01  7.318651E-01
       223   8  1.353183E+02  2.974341E+01 -6.342703E+00 -6.072574E+01  3.507162E-01  7.216950E-01
       224   1  1.297315E+02  3.306293E+01 -6.868231E+00 -6.242385E+01 -2.437287E-02 -3.098686E-02
       224   2  1.255566E+02  3.057524E+01 -8.672436E+00 -6.133430E+01 -3.267818E-02 -4.733128E-02
       224   3  1.331921E+02  2.960237E+01 -6.868232E+00 -5.958385E+01 -8.490786E-03 -3.849854E-02
       224   4  1.289567E+02  2.717509E+01 -8.672438E+00 -5.854387E+01 -1.585632E-02 -5.528743E-02
       224   5  1.293297E+02  3.253900E+01 -7.145965E+00 -6.250268E+01  2.242683E-01  4.947205E-01
       224   6  1.251493E+02  3.004804E+01 -8.952779E+00 -6.141175E+01  2.159630E-01  4.783761E-01
       224   7  1.327946E+02  2.907408E+01 -7.145966E+00 -5.965909E+01  2.401504E-01  4.872088E-01
       224   8  1.285537E+02  2.664359E+01 -8.952781E+00 -5.861779E+01  2.327849E-01  4.704199E-01
       225   1  1.972985E+02  3.029757E+01  9.685990E+00 -7.258500E+01 -2.901884E-02 -5.177965E-02
       225   2  1.894473E+02  2.614366E+01  6.290054E+00 -7.097803E+01 -2.012046E-02 -2.897083E-02
       225   3  2.012785E+02  2.631760E+01  9.685985E+00 -6.773541E+01 -1.041670E-02 -5.843558E-02
       225   4  1.933392E+02  2.225179E+01  6.290049E+00 -6.623580E+01 -2.825450E-03 -3.515906E-02
       225   5  1.974309E+02  3.080966E+01  9.879337E+00 -7.241997E+01  1.779814E-01  5.267472E-01
       225   6  1.895978E+02  2.666546E+01  6.491751E+00 -7.081666E+01  1.868798E-01  5.495560E-01
       225   7  2.014018E+02  2.683873E+01  9.879331E+00 -6.758140E+01  1.965836E-01  5.200912E-01
       225   8  1.934808E+02  2.278245E+01  6.491746E+00 -6.608521E+01  2.041748E-01  5.433678E-01
       226   1  1.881112E+02  3.095126E+01  7.494078E+00 -6.830772E+01  3.656572E-02  1.282454E-01
       226   2  1.810257E+02  2.721665E+01  4.486632E+00 -6.685129E+01  4.195522E-02  1.420600E-01
       226   3  1.918566E+02  2.720584E+01  7.494082E+00 -6.374389E+01  5.309249E-02  1.223320E-01
       226   4  1.846912E+02  2.355108E+01  4.486635E+00 -6.238477E+01  5.769030E-02  1.364299E-01
       226   5  1.881417E+02  3.123477E+01  7.588275E+00 -6.819774E+01  2.767945E-01  7.996396E-01
       226   6  1.810678E+02  2.750639E+01  4.586188E+00 -6.674366E+01  2.821840E-01  8.134542E-01
       226   7  1.918811E+02  2.749538E+01  7.588279E+00 -6.364126E+01  2.933212E-01  7.937262E-01
       226   8  1.847275E+02  2.384673E+01  4.586191E+00 -6.228433E+01  2.979190E-01  8.078241E-01
       227   1  1.794360E+02  3.087125E+01  5.285172E+00 -6.457192E+01  7.830564E-02  2.429464E-01
       227   2  1.729956E+02  2.748571E+01  2.588001E+00 -6.324418E+01  8.124981E-02  2.504930E-01
       227   3  1.829766E+02  2.733066E+01  5.285170E+00 -6.025770E+01  9.359265E-02  2.374766E-01
       227   4  1.764634E+02  2.401791E+01  2.587999E+00 -5.901867E+01  9.610433E-02  2.451779E-01
       227   5  1.793938E+02  3.099458E+01  5.309516E+00 -6.449998E+01  3.306257E-01  9.481334E-01
       227   6  1.729608E+02  2.761297E+01  2.615726E+00 -6.317372E+01  3.335698E-01  9.556800E-01
       227   7  1.829305E+02  2.745793E+01  5.309514E+00 -6.019057E+01  3.459127E-01  9.426636E-01
       227   8  1.764247E+02  2.414904E+01  2.615723E+00 -5.895291E+01  3.484244E-01  9.503650E-01
       228   1  1.711767E+02  3.013422E+01  3.021200E+00 -6.130246E+01  9.793677E-02  2.967930E-01
       228   2  1.652861E+02  2.704404E+01  5.799503E-01 -6.008530E+01  9.896716E-02  2.994342E-01
       228   3  1.745380E+02  2.677290E+01  3.021202E+00 -5.720668E+01  1.125776E-01  2.915545E-01
       228   4  1.685807E+02  2.374946E+01  5.799527E-01 -5.607083E+01  1.134566E-01  2.942498E-01
       228   5  1.710747E+02  3.013060E+01  2.989508E+00 -6.125969E+01  3.526510E-01  1.008672E+00
       228   6  1.651883E+02  2.704268E+01  5.501990E-01 -6.004337E+01  3.536814E-01  1.011313E+00
       228   7  1.744337E+02  2.677163E+01  2.989510E+00 -5.716676E+01  3.672918E-01  1.003433E+00
       228   8  1.684806E+02  2.375040E+01  5.502014E-01 -5.603171E+01  3.681709E-01  1.006128E+00
       229   1  1.632579E+02  2.880625E+01  6.842941E-01 -5.843782E+01  9.697179E-02  2.938229E-01
       229   2  1.578390E+02  2.596822E+01 -1.542621E+00 -5.731610E+01  9.634871E-02  2.922258E-01
       229   3  1.664621E+02  2.560201E+01  6.842954E-01 -5.453343E+01  1.114394E-01  2.886464E-01
       229   4  1.609818E+02  2.282548E+01 -1.542620E+00 -5.348666E+01  1.109078E-01  2.870164E-01
       229   5  1.631005E+02  2.869103E+01  6.025300E-01 -5.841952E+01  3.488280E-01  9.977136E-01
       229   6  1.576835E+02  2.585393E+01 -1.623582E+00 -5.729816E+01  3.482049E-01  9.961164E-01
       229   7  1.663038E+02  2.548778E+01  6.025312E-01 -5.451635E+01  3.632955E-01  9.925370E-01
       229   8  1.608252E+02  2.271217E+01 -1.623581E+00 -5.346991E+01  3.627640E-01  9.909071E-01
       230   1  1.556183E+02  2.694432E+01 -1.735556E+00 -5.592665E+01  7.641793E-02  2.367637E-01
       230   2  1.506057E+02  2.432207E+01 -3.783187E+00 -5.488769E+01  7.420113E-02  2.310814E-01
       230   3  1.586849E+02  2.387776E+01 -1.735555E+00 -5.219004E+01  9.112972E-02  2.314997E-01
       230   4  1.536153E+02  2.131248E+01 -3.783187E+00 -5.122049E+01  8.923856E-02  2.257009E-01
       230   5  1.554038E+02  2.671941E+01 -1.867393E+00 -5.593116E+01  3.209248E-01  9.201143E-01
       230   6  1.503907E+02  2.409694E+01 -3.915216E+00 -5.489211E+01  3.187080E-01  9.144320E-01
       230   7  1.584706E+02  2.365261E+01 -1.867393E+00 -5.219425E+01  3.356366E-01  9.148504E-01
       230   8  1.534006E+02  2.108711E+01 -3.915215E+00 -5.122462E+01  3.337454E-01  9.090516E-01
       231   1  1.482073E+02  2.459824E+01 -4.247512E+00 -5.372524E+01  3.683420E-02  1.271778E-01
       231   2  1.435432E+02  2.215887E+01 -6.150597E+00 -5.275828E+01  3.279783E-02  1.168315E-01
       231   3  1.511532E+02  2.165240E+01 -4.247511E+00 -5.013571E+01  5.220785E-02  1.216770E-01
       231   4  1.464361E+02  1.926604E+01 -6.150597E+00 -4.923336E+01  4.876441E-02  1.111186E-01
       231   5  1.479234E+02  2.424592E+01 -4.438397E+00 -5.375495E+01  2.663586E-01  7.686553E-01
       231   6  1.432566E+02  2.180512E+01 -6.342705E+00 -5.278746E+01  2.623223E-01  7.583090E-01
       231   7  1.508709E+02  2.129844E+01 -4.438397E+00 -5.016344E+01  2.817323E-01  7.631545E-01
       231   8  1.461510E+02  1.891070E+01 -6.342705E+00 -4.926059E+01  2.782888E-01  7.525961E-01
       232   1  1.409811E+02  2.181336E+01 -6.868231E+00 -5.179484E+01 -2.121829E-02 -3.322663E-02
       232   2  1.366098E+02  1.952204E+01 -8.672433E+00 -5.089081E+01 -2.788158E-02 -5.030640E-02
       232   3  1.438211E+02  1.897337E+01 -6.868229E+00 -4.833429E+01 -4.676413E-03 -3.914540E-02
       232   4  1.394002E+02  1.673161E+01 -8.672431E+00 -4.749066E+01 -1.036089E-02 -5.657539E-02
       232   5  1.405934E+02  2.127524E+01 -7.145965E+00 -5.186025E+01  1.746973E-01  5.143204E-01
       232   6  1.362165E+02  1.898087E+01 -8.952776E+00 -5.095508E+01  1.680340E-01  4.972406E-01
       232   7  1.434370E+02  1.843165E+01 -7.145963E+00 -4.839533E+01  1.912391E-01  5.084016E-01
       232   8  1.390104E+02  1.618692E+01 -8.952774E+00 -4.755063E+01  1.855547E-01  4.909716E-01
       233   1  2.098547E+02  1.774139E+01  9.686004E+00 -5.490018E+01 -2.380382E-02 -5.437464E-02
       233   2  2.017255E+02  1.386545E+01  6.290060E+00 -5.368473E+01 -1.718394E-02 -3.080346E-02
       233   3  2.128121E+02  1.478400E+01  9.686002E+00 -4.936730E+01 -4.638830E-03 -5.917521E-02
       233   4  2.046175E+02  1.097353E+01  6.290057E+00 -4.827434E+01  6.343587E-04 -3.526671E-02
       233   5  2.099586E+02  1.828203E+01  9.879351E+00 -5.477536E+01  1.254941E-01  5.416560E-01
       233   6  2.018481E+02  1.441517E+01  6.491756E+00 -5.356267E+01  1.321140E-01  5.652271E-01
       233   7  2.129092E+02  1.533136E+01  9.879349E+00 -4.925506E+01  1.446591E-01  5.368554E-01
       233   8  2.047335E+02  1.152983E+01  6.491754E+00 -4.816459E+01  1.499323E-01  5.607639E-01
       234   1  1.999275E+02  1.913499E+01  7.494083E+00 -5.166501E+01  2.381937E-02  1.312119E-01
       234   2  1.925900E+02  1.565231E+01  4.486634E+00 -5.056343E+01  2.782884E-02  1.454883E-01
       234   3  2.027106E+02  1.635188E+01  7.494084E+00 -4.645818E+01  4.084620E-02  1.269469E-01
       234   4  1.953138E+02  1.292854E+01  4.486636E+00 -4.546762E+01  4.404002E-02  1.414276E-01
       234   5  1.999389E+02  1.943752E+01  7.588280E+00 -5.158183E+01  1.970832E-01  8.229197E-01
       234   6  1.926135E+02  1.596067E+01  4.586191E+00 -5.048203E+01  2.010927E-01  8.371961E-01
       234   7  2.027176E+02  1.665890E+01  7.588281E+00 -4.638338E+01  2.141100E-01  8.186547E-01
       234   8  1.953329E+02  1.324129E+01  4.586192E+00 -4.539442E+01  2.173038E-01  8.331354E-01
       235   1  1.906060E+02  1.970122E+01  5.285175E+00 -4.883942E+01  5.411565E-02  2.494518E-01
       235   2  1.839360E+02  1.654535E+01  2.588003E+00 -4.783517E+01  5.630594E-02  2.572506E-01
       235   3  1.932369E+02  1.707032E+01  5.285175E+00 -4.391736E+01  6.986519E-02  2.455068E-01
       235   4  1.865128E+02  1.396855E+01  2.588004E+00 -4.301432E+01  7.160990E-02  2.534172E-01
       235   5  1.905514E+02  1.983699E+01  5.309519E+00 -4.878501E+01  2.361003E-01  9.759748E-01
       235   6  1.838890E+02  1.668480E+01  2.615728E+00 -4.778188E+01  2.382905E-01  9.837737E-01
       235   7  1.931794E+02  1.720903E+01  5.309519E+00 -4.386843E+01  2.518498E-01  9.720298E-01
       235   8  1.864629E+02  1.411087E+01  2.615728E+00 -4.296640E+01  2.535945E-01  9.799402E-01
       236   1  1.817812E+02  1.952975E+01  3.021201E+00 -4.636654E+01  6.837435E-02  3.049634E-01
       236   2  1.756800E+02  1.665012E+01  5.799505E-01 -4.544593E+01  6.914090E-02  3.076928E-01
       236   3  1.842789E+02  1.703206E+01  3.021201E+00 -4.169370E+01  8.345815E-02  3.011851E-01
       236   4  1.781281E+02  1.420203E+01  5.799508E-01 -4.086586E+01  8.406876E-02  3.039536E-01
       236   5  1.816718E+02  1.953353E+01  2.989508E+00 -4.633419E+01  2.520858E-01  1.038380E+00
       236   6  1.755750E+02  1.665602E+01  5.501992E-01 -4.541422E+01  2.528524E-01  1.041110E+00
       236   7  1.841677E+02  1.703759E+01  2.989509E+00 -4.166461E+01  2.671696E-01  1.034602E+00
       236   8  1.780214E+02  1.420963E+01  5.501996E-01 -4.083735E+01  2.677802E-01  1.037371E+00
       237   1  1.733668E+02  1.869733E+01  6.842972E-01 -4.419984E+01  6.770513E-02  3.019130E-01
       237   2  1.677539E+02  1.605334E+01 -1.542619E+00 -4.335143E+01  6.724159E-02  3.002624E-01
       237   3  1.757478E+02  1.631635E+01  6.842941E-01 -3.974536E+01  8.261043E-02  2.981794E-01
       237   4  1.700892E+02  1.371807E+01 -1.542621E+00 -3.898245E+01  8.224118E-02  2.965053E-01
       237   5  1.732063E+02  1.858527E+01  6.025331E-01 -4.418601E+01  2.493552E-01  1.027100E+00
       237   6  1.675952E+02  1.594215E+01 -1.623580E+00 -4.333786E+01  2.488916E-01  1.025450E+00
       237   7  1.755865E+02  1.620504E+01  6.025299E-01 -3.973292E+01  2.642605E-01  1.023367E+00
       237   8  1.699298E+02  1.360761E+01 -1.623583E+00 -3.897024E+01  2.638912E-01  1.021693E+00
       238   1  1.652929E+02  1.726978E+01 -1.735558E+00 -4.230051E+01  5.284302E-02  2.431139E-01
       238   2  1.601005E+02  1.482726E+01 -3.783190E+00 -4.151468E+01  5.119385E-02  2.372417E-01
       238   3  1.675715E+02  1.499113E+01 -1.735555E+00 -3.803744E+01  6.799992E-02  2.393172E-01
       238   4  1.623368E+02  1.259094E+01 -3.783187E+00 -3.733081E+01  6.668625E-02  2.333610E-01
       238   5  1.650791E+02  1.704410E+01 -1.867396E+00 -4.230392E+01  2.291924E-01  9.471398E-01
       238   6  1.598863E+02  1.460137E+01 -3.915219E+00 -4.151802E+01  2.275433E-01  9.412676E-01
       238   7  1.673580E+02  1.476526E+01 -1.867392E+00 -3.804051E+01  2.443493E-01  9.433432E-01
       238   8  1.621228E+02  1.236487E+01 -3.915216E+00 -3.733382E+01  2.430356E-01  9.373870E-01
       239   1  1.575011E+02  1.530453E+01 -4.247511E+00 -4.063546E+01  2.419120E-02  1.301758E-01
       239   2  1.526697E+02  1.303243E+01 -6.150596E+00 -3.990409E+01  2.118837E-02  1.194837E-01
       239   3  1.596900E+02  1.311556E+01 -4.247512E+00 -3.654019E+01  4.002999E-02  1.262084E-01
       239   4  1.548192E+02  1.088286E+01 -6.150598E+00 -3.588254E+01  3.763803E-02  1.153633E-01
       239   5  1.572222E+02  1.494707E+01 -4.438396E+00 -4.065793E+01  1.897346E-01  7.910617E-01
       239   6  1.523881E+02  1.267364E+01 -6.342704E+00 -3.992616E+01  1.867317E-01  7.803696E-01
       239   7  1.594124E+02  1.275689E+01 -4.438398E+00 -3.656040E+01  2.055734E-01  7.870943E-01
       239   8  1.545389E+02  1.052288E+01 -6.342706E+00 -3.590238E+01  2.031814E-01  7.762492E-01
       240   1  1.499409E+02  1.285358E+01 -6.868234E+00 -3.917539E+01 -1.785938E-02 -3.514636E-02
       240   2  1.454132E+02  1.071863E+01 -8.672441E+00 -3.849162E+01 -2.281648E-02 -5.279700E-02
       240   3  1.520512E+02  1.074327E+01 -6.868233E+00 -3.522727E+01 -8.170193E-04 -3.941523E-02
       240   4  1.474867E+02  8.645154E+00 -8.672440E+00 -3.461241E+01 -4.765691E-03 -5.731847E-02
       240   5  1.495645E+02  1.230414E+01 -7.145968E+00 -3.922486E+01  1.234438E-01  5.289671E-01
       240   6  1.450310E+02  1.016635E+01 -8.952784E+00 -3.854023E+01  1.184867E-01  5.113165E-01
       240   7  1.516775E+02  1.019116E+01 -7.145967E+00 -3.527175E+01  1.404861E-01  5.246983E-01
       240   8  1.471071E+02  8.090255E+00 -8.952783E+00 -3.465612E+01  1.365375E-01  5.067950E-01
       241   1  2.187195E+02  8.876579E+00  9.685991E+00 -3.510554E+01 -1.835952E-02 -5.644600E-02
       241   2  2.103941E+02  5.196906E+00  6.290053E+00 -3.432834E+01 -1.408191E-02 -3.233946E-02
       241   3  2.205406E+02  7.055434E+00  9.685990E+00 -2.910203E+01  1.183710E-03 -5.934496E-02
       241   4  2.121749E+02  3.416080E+00  6.290053E+00 -2.845774E+01  4.088056E-03 -3.503471E-02
       241   5  2.188032E+02  9.437370E+00  9.879337E+00 -3.502573E+01  7.179831E-02  5.513483E-01
       241   6  2.104970E+02  5.766332E+00  6.491750E+00 -3.425029E+01  7.607592E-02  5.754548E-01
       241   7  2.206202E+02  7.620366E+00  9.879337E+00 -2.903587E+01  9.134154E-02  5.484493E-01
       241   8  2.122737E+02  3.989556E+00  6.491750E+00 -2.839304E+01  9.424589E-02  5.727596E-01
       242   1  2.082699E+02  1.079259E+01  7.494084E+00 -3.303685E+01  1.084366E-02  1.329148E-01
       242   2  2.007545E+02  7.487781E+00  4.486636E+00 -3.233245E+01  1.343448E-02  1.475155E-01
       242   3  2.099837E+02  9.078748E+00  7.494079E+00 -2.738711E+01  2.820653E-02  1.303393E-01
       242   4  2.024318E+02  5.810485E+00  4.486632E+00 -2.680318E+01  2.996561E-02  1.450633E-01
       242   5  2.082679E+02  1.110855E+01  7.588281E+00 -3.298366E+01  1.154740E-01  8.382746E-01
       242   6  2.007649E+02  7.809288E+00  4.586193E+00 -3.228040E+01  1.180648E-01  8.528752E-01
       242   7  2.099790E+02  9.397471E+00  7.588276E+00 -2.734302E+01  1.328368E-01  8.356991E-01
       242   8  2.024395E+02  6.134692E+00  4.586188E+00 -2.676002E+01  1.345959E-01  8.504231E-01
       243   1  1.984922E+02  1.181505E+01  5.285171E+00 -3.123005E+01  2.940450E-02  2.535549E-01
       243   2  1.916600E+02  8.821345E+00  2.588000E+00 -3.058789E+01  3.081982E-02  2.615309E-01
       243   3  2.001123E+02  1.019496E+01  5.285173E+00 -2.588930E+01  4.546488E-02  2.511726E-01
       243   4  1.932468E+02  7.234562E+00  2.588001E+00 -2.535696E+01  4.642583E-02  2.592160E-01
       243   5  1.984288E+02  1.195962E+01  5.309515E+00 -3.119525E+01  1.393011E-01  9.944171E-01
       243   6  1.916044E+02  8.969404E+00  2.615724E+00 -3.055381E+01  1.407164E-01  1.002393E+00
       243   7  2.000471E+02  1.034133E+01  5.309516E+00 -2.586045E+01  1.553615E-01  9.920348E-01
       243   8  1.931894E+02  7.384390E+00  2.615726E+00 -2.532871E+01  1.563224E-01  1.000078E+00
       244   1  1.892680E+02  1.204290E+01  3.021203E+00 -2.964878E+01  3.815344E-02  3.101968E-01
       244   2  1.830182E+02  9.311923E+00  5.799523E-01 -2.906010E+01  3.864877E-02  3.129882E-01
       244   3  1.908061E+02  1.050482E+01  3.021199E+00 -2.457845E+01  5.353494E-02  3.079152E-01
       244   4  1.845258E+02  7.804384E+00  5.799486E-01 -2.409044E+01  5.387125E-02  3.107302E-01
       244   5  1.891534E+02  1.205191E+01  2.989511E+00 -2.962810E+01  1.490928E-01  1.058089E+00
       244   6  1.829081E+02  9.322937E+00  5.502011E-01 -2.903983E+01  1.495881E-01  1.060880E+00
       244   7  1.906904E+02  1.051490E+01  2.989507E+00 -2.456130E+01  1.644743E-01  1.055807E+00
       244   8  1.844145E+02  7.816450E+00  5.501973E-01 -2.407363E+01  1.648106E-01  1.058622E+00
       245   1  1.805038E+02  1.156034E+01  6.842965E-01 -2.826330E+01  3.778643E-02  3.070955E-01
       245   2  1.747539E+02  9.053338E+00 -1.542619E+00 -2.772079E+01  3.748690E-02  3.054075E-01
       245   3  1.819700E+02  1.009414E+01  6.842954E-01 -2.342991E+01  5.298590E-02  3.048409E-01
       245   4  1.761920E+02  7.615285E+00 -1.542620E+00 -2.298017E+01  5.278253E-02  3.031386E-01
       245   5  1.803411E+02  1.145051E+01  6.025323E-01 -2.825445E+01  1.474810E-01  1.046596E+00
       245   6  1.745931E+02  8.944342E+00 -1.623580E+00 -2.771211E+01  1.471814E-01  1.044908E+00
       245   7  1.818068E+02  9.984771E+00  6.025313E-01 -2.342257E+01  1.626805E-01  1.044341E+00
       245   8  1.760307E+02  7.506738E+00 -1.623582E+00 -2.297297E+01  1.624771E-01  1.042639E+00
       246   1  1.721232E+02  1.043948E+01 -1.735558E+00 -2.704879E+01  2.875921E-02  2.471227E-01
       246   2  1.668039E+02  8.123844E+00 -3.783190E+00 -2.654629E+01  2.769355E-02  2.411172E-01
       246   3  1.735264E+02  9.036284E+00 -1.735559E+00 -2.242309E+01  4.421526E-02  2.448301E-01
       246   4  1.681810E+02  6.746719E+00 -3.783191E+00 -2.200653E+01  4.349171E-02  2.387738E-01
       246   5  1.719100E+02  1.021324E+01 -1.867395E+00 -2.705096E+01  1.352528E-01  9.650439E-01
       246   6  1.665902E+02  7.897408E+00 -3.915218E+00 -2.654843E+01  1.341871E-01  9.590383E-01
       246   7  1.733133E+02  8.809932E+00 -1.867396E+00 -2.242489E+01  1.507089E-01  9.627513E-01
       246   8  1.679675E+02  6.520172E+00 -3.915219E+00 -2.200830E+01  1.499853E-01  9.566949E-01
       247   1  1.640625E+02  8.743080E+00 -4.247511E+00 -2.598408E+01  1.131521E-02  1.319202E-01
       247   2  1.591130E+02  6.589068E+00 -6.150598E+00 -2.551641E+01  9.374846E-03  1.209852E-01
       247   3  1.654105E+02  7.395119E+00 -4.247513E+00 -2.154046E+01  2.746661E-02  1.295244E-01
       247   4  1.604367E+02  5.265367E+00 -6.150600E+00 -2.115277E+01  2.614917E-02  1.184970E-01
       247   5  1.637873E+02  8.381990E+00 -4.438396E+00 -2.599845E+01  1.112833E-01  8.058498E-01
       247   6  1.588350E+02  6.226714E+00 -6.342705E+00 -2.553052E+01  1.093429E-01  7.949149E-01
       247   7  1.651360E+02  7.033283E+00 -4.438399E+00 -2.155237E+01  1.274347E-01  8.034540E-01
       247   8  1.601594E+02  4.902281E+00 -6.342707E+00 -2.116447E+01  1.261172E-01  7.924267E-01
       248   1  1.562666E+02  6.527893E+00 -6.868231E+00 -2.505044E+01 -1.432848E-02 -3.672762E-02
       248   2  1.516285E+02  4.503356E+00 -8.672437E+00 -2.461321E+01 -1.753165E-02 -5.477915E-02
       248   3  1.575661E+02  5.228367E+00 -6.868232E+00 -2.076649E+01  3.050241E-03 -3.930549E-02
       248   4  1.529053E+02  3.226513E+00 -8.672438E+00 -2.040403E+01  8.754025E-04 -5.750956E-02
       248   5  1.558982E+02  5.970462E+00 -7.145965E+00 -2.508208E+01  7.100144E-02  5.385196E-01
       248   6  1.512541E+02  3.943227E+00 -8.952780E+00 -2.464429E+01  6.779827E-02  5.204681E-01
       248   7  1.571994E+02  4.669295E+00 -7.145966E+00 -2.079271E+01  8.838016E-02  5.359418E-01
       248   8  1.525326E+02  2.664771E+00 -8.952781E+00 -2.042979E+01  8.620532E-02  5.177377E-01
       249   1  2.235522E+02  4.043861E+00  9.685983E+00 -1.396184E+01 -1.273849E-02 -5.797374E-02
       249   2  2.151198E+02  4.711830E-01  6.290050E+00 -1.365274E+01 -1.084433E-02 -3.356399E-02
       249   3  2.241671E+02  3.428937E+00  9.685984E+00 -7.718401E+00  6.994776E-03 -5.894316E-02
       249   4  2.157211E+02 -1.301264E-01  6.290050E+00 -7.547522E+00  7.502312E-03 -3.446529E-02
       249   5  2.236249E+02  4.615639E+00  9.879330E+00 -1.393010E+01  1.741092E-02  5.557309E-01
       249   6  2.152119E+02  1.051354E+00  6.491746E+00 -1.362170E+01  1.930507E-02  5.801406E-01
       249   7  2.242384E+02  4.002114E+00  9.879331E+00 -7.700853E+00  3.714419E-02  5.547615E-01
       249   8  2.158119E+02  4.514120E-01  6.491747E+00 -7.530363E+00  3.765172E-02  5.792393E-01
       250   1  2.128178E+02  6.244640E+00  7.494076E+00 -1.313910E+01 -2.236522E-03  1.333377E-01
       250   2  2.052055E+02  3.036807E+00  4.486631E+00 -1.285895E+01 -1.089290E-03  1.481220E-01
       250   3  2.133965E+02  5.665952E+00  7.494076E+00 -7.263573E+00  1.529519E-02  1.324764E-01
       250   4  2.057719E+02  2.470457E+00  4.486631E+00 -7.108702E+00  1.560258E-02  1.473020E-01
       250   5  2.128085E+02  6.567927E+00  7.588273E+00 -1.311795E+01  3.275258E-02  8.455565E-01
       250   6  2.052087E+02  3.365480E+00  4.586187E+00 -1.283825E+01  3.389981E-02  8.603408E-01
       250   7  2.133863E+02  5.990170E+00  7.588273E+00 -7.251879E+00  5.028429E-02  8.446953E-01
       250   8  2.057741E+02  2.800042E+00  4.586188E+00 -7.097257E+00  5.059168E-02  8.595208E-01
       251   1  2.027914E+02  7.515843E+00  5.285168E+00 -1.242052E+01  4.410151E-03  2.552161E-01
       251   2  1.958708E+02  4.610536E+00  2.587998E+00 -1.216512E+01  5.036857E-03  2.632924E-01
       251   3  2.033384E+02  6.968806E+00  5.285170E+00 -6.866325E+00  2.062670E-02  2.544195E-01
       251   4  1.964066E+02  4.074747E+00  2.587999E+00 -6.725138E+00  2.079462E-02  2.625183E-01
       251   5  2.027232E+02  7.665196E+00  5.309512E+00 -1.240668E+01  4.116033E-02  1.003283E+00
       251   6  1.958105E+02  4.763287E+00  2.615722E+00 -1.215157E+01  4.178704E-02  1.011359E+00
       251   7  2.032696E+02  7.118768E+00  5.309514E+00 -6.858675E+00  5.737688E-02  1.002486E+00
       251   8  1.963457E+02  4.228095E+00  2.615724E+00 -6.717646E+00  5.754480E-02  1.010585E+00
       252   1  1.933496E+02  7.961367E+00  3.021200E+00 -1.179163E+01  7.565082E-03  3.124428E-01
       252   2  1.870187E+02  5.311431E+00  5.799496E-01 -1.155751E+01  7.784414E-03  3.152693E-01
       252   3  1.938689E+02  7.442023E+00  3.021199E+00 -6.518663E+00  2.309615E-02  3.116798E-01
       252   4  1.875278E+02  4.802398E+00  5.799489E-01 -6.389235E+00  2.315492E-02  3.145142E-01
       252   5  1.932321E+02  7.973222E+00  2.989508E+00 -1.178341E+01  4.466398E-02  1.067608E+00
       252   6  1.869058E+02  5.325236E+00  5.501984E-01 -1.154945E+01  4.488331E-02  1.070434E+00
       252   7  1.937510E+02  7.454239E+00  2.989507E+00 -6.514115E+00  6.019505E-02  1.066845E+00
       252   8  1.874144E+02  4.816558E+00  5.501976E-01 -6.384777E+00  6.025381E-02  1.069679E+00
       253   1  1.843946E+02  7.669530E+00  6.842924E-01 -1.124061E+01  7.503811E-03  3.093205E-01
       253   2  1.785700E+02  5.237217E+00 -1.542623E+00 -1.102485E+01  7.371179E-03  3.076112E-01
       253   3  1.848897E+02  7.174461E+00  6.842946E-01 -6.214048E+00  2.285108E-02  3.085665E-01
       253   4  1.790556E+02  4.751651E+00 -1.542621E+00 -6.094770E+00  2.281555E-02  3.068525E-01
       253   5  1.842306E+02  7.560921E+00  6.025283E-01 -1.123709E+01  4.418642E-02  1.056012E+00
       253   6  1.784080E+02  5.129415E+00 -1.623584E+00 -1.102140E+01  4.405379E-02  1.054303E+00
       253   7  1.847256E+02  7.066007E+00  6.025304E-01 -6.212103E+00  5.953370E-02  1.055258E+00
       253   8  1.788934E+02  4.644000E+00 -1.623582E+00 -6.092862E+00  5.949816E-02  1.053544E+00
       254   1  1.758468E+02  6.715876E+00 -1.735556E+00 -1.075759E+01  4.398408E-03  2.487517E-01
       254   2  1.704583E+02  4.469418E+00 -3.783189E+00 -1.055774E+01  3.926527E-03  2.426706E-01
       254   3  1.763206E+02  6.242073E+00 -1.735558E+00 -5.947022E+00  2.000476E-02  2.479850E-01
       254   4  1.709233E+02  4.004417E+00 -3.783190E+00 -5.836542E+00  1.987832E-02  2.418869E-01
       254   5  1.756339E+02  6.489338E+00 -1.867394E+00 -1.075845E+01  4.001060E-02  9.736541E-01
       254   6  1.702450E+02  4.242688E+00 -3.915217E+00 -1.055859E+01  3.953871E-02  9.675730E-01
       254   7  1.761077E+02  6.015497E+00 -1.867395E+00 -5.947500E+00  5.561695E-02  9.728874E-01
       254   8  1.707100E+02  3.777649E+00 -3.915218E+00 -5.837012E+00  5.549051E-02  9.667893E-01
       255   1  1.676395E+02  5.166047E+00 -4.247511E+00 -1.033414E+01 -1.669779E-03  1.323941E-01
       255   2  1.626257E+02  3.076415E+00 -6.150598E+00 -1.014814E+01 -2.528981E-03  1.213216E-01
       255   3  1.680947E+02  4.710896E+00 -4.247512E+00 -5.712931E+00  1.463868E-02  1.315929E-01
       255   4  1.630726E+02  2.629456E+00 -6.150598E+00 -5.610108E+00  1.440845E-02  1.204895E-01
       255   5  1.673663E+02  4.802979E+00 -4.438397E+00 -1.033986E+01  3.176023E-02  8.128772E-01
       255   6  1.623496E+02  2.712119E+00 -6.342705E+00 -1.015376E+01  3.090102E-02  8.018047E-01
       255   7  1.678217E+02  4.347576E+00 -4.438397E+00 -5.716090E+00  4.806868E-02  8.120760E-01
       255   8  1.627968E+02  2.264912E+00 -6.342706E+00 -5.613211E+00  4.783846E-02  8.009726E-01
       256   1  1.597151E+02  3.079380E+00 -6.868234E+00 -9.962827E+00 -1.065963E-02 -3.795517E-02
       256   2  1.550168E+02  1.115034E+00 -8.672440E+00 -9.788935E+00 -1.207801E-02 -5.623374E-02
       256   3  1.601539E+02  2.640589E+00 -6.868232E+00 -5.507660E+00  6.888086E-03 -3.881725E-02
       256   4  1.554479E+02  6.839018E-01 -8.672438E+00 -5.411529E+00  6.508035E-03 -5.714683E-02
       256   5  1.593511E+02  2.517594E+00 -7.145968E+00 -9.975407E+00  1.787527E-02  5.428859E-01
       256   6  1.546467E+02  5.506256E-01 -8.952783E+00 -9.801296E+00  1.645689E-02  5.246073E-01
       256   7  1.597904E+02  2.078249E+00 -7.145966E+00 -5.514615E+00  3.542298E-02  5.420238E-01
       256   8  1.550784E+02  1.189494E-01 -8.952781E+00 -5.418363E+00  3.504294E-02  5.236942E-01
       257   1  3.132103E+00  2.226186E+02  6.870806E+00 -7.674635E+00 -5.256719E-01  4.184085E-02
       257   2 -1.393578E-01  2.144879E+02  4.118112E+00 -7.504725E+00 -4.798882E-01  4.279015E-02
       257   3  3.743539E+00  2.220072E+02  6.870805E+00 -1.388267E+01 -5.190396E-01 -9.316423E-02
       257   4  4.585419E-01  2.138900E+02  4.118111E+00 -1.357532E+01 -4.733832E-01 -8.962138E-02
       257   5  3.746670E+00  2.216865E+02  6.775553E+00 -7.620554E+00  1.468227E+00  1.397948E-01
       257   6  5.009775E-01  2.136158E+02  4.048593E+00 -7.451842E+00  1.514010E+00  1.407441E-01
       257   7  4.353798E+00  2.210794E+02  6.775552E+00 -1.378484E+01  1.474859E+00  4.789695E-03
       257   8  1.094664E+00  2.130221E+02  4.048592E+00 -1.347966E+01  1.520515E+00  8.332545E-03
       258   1  5.423193E+00  2.121894E+02  5.567584E+00 -7.229855E+00 -2.175927E-01  5.479319E-02
       258   2  2.461352E+00  2.048190E+02  3.084679E+00 -7.075704E+00 -1.784376E-01  5.560505E-02
       258   3  5.999196E+00  2.116134E+02  5.567584E+00 -1.307811E+01 -2.111743E-01 -7.585716E-02
       258   4  3.025073E+00  2.042553E+02  3.084679E+00 -1.279926E+01 -1.721282E-01 -7.282725E-02
       258   5  5.900924E+00  2.112809E+02  5.438329E+00 -7.181381E+00  1.623522E+00  1.452413E-01
       258   6  2.961327E+00  2.039622E+02  2.977638E+00 -7.028263E+00  1.662677E+00  1.460531E-01
       258   7  6.473064E+00  2.107087E+02  5.438328E+00 -1.299042E+01  1.629940E+00  1.459094E-02
       258   8  3.521268E+00  2.034023E+02  2.977637E+00 -1.271345E+01  1.668986E+00  1.762085E-02
       259   1  6.773454E+00  2.024117E+02  4.100939E+00 -6.840750E+00 -2.566695E-02  6.240045E-02
       259   2  4.091446E+00  1.957069E+02  1.883448E+00 -6.700089E+00  3.472522E-03  6.300465E-02
       259   3  7.318453E+00  2.018667E+02  4.100937E+00 -1.237426E+01 -1.942704E-02 -6.461578E-02
       259   4  4.625239E+00  1.951731E+02  1.883446E+00 -1.211981E+01  9.631343E-03 -6.236090E-02
       259   5  7.016037E+00  2.014725E+02  3.891952E+00 -6.799427E+00  1.761019E+00  1.501746E-01
       259   6  4.352316E+00  1.948103E+02  1.692724E+00 -6.659616E+00  1.790158E+00  1.507788E-01
       259   7  7.557744E+00  2.009307E+02  3.891950E+00 -1.229951E+01  1.767259E+00  2.315840E-02
       259   8  4.882885E+00  1.942797E+02  1.692722E+00 -1.204660E+01  1.796317E+00  2.541328E-02
       260   1  7.297867E+00  1.931960E+02  2.527101E+00 -6.500174E+00  6.594282E-02  6.559025E-02
       260   2  4.860536E+00  1.870676E+02  5.473229E-01 -6.371112E+00  8.331536E-02  6.595045E-02
       260   3  7.815739E+00  1.926781E+02  2.527101E+00 -1.175819E+01  7.205424E-02 -5.881089E-02
       260   4  5.368125E+00  1.865600E+02  5.473234E-01 -1.152473E+01  8.937843E-02 -5.746656E-02
       260   5  7.250858E+00  1.921897E+02  2.211132E+00 -6.466634E+00  1.826919E+00  1.521014E-01
       260   6  4.827859E+00  1.860948E+02  2.456668E-01 -6.338238E+00  1.844291E+00  1.524616E-01
       260   7  7.766057E+00  1.916745E+02  2.211132E+00 -1.169752E+01  1.833030E+00  2.770025E-02
       260   8  5.332829E+00  1.855898E+02  2.456674E-01 -1.146526E+01  1.850354E+00  2.904458E-02
       261   1  7.087135E+00  1.844565E+02  8.608257E-01 -6.201956E+00  6.462314E-02  6.479904E-02
       261   2  4.860614E+00  1.788254E+02 -9.147494E-01 -6.082910E+00  6.968318E-02  6.490397E-02
       261   3  7.581241E+00  1.839624E+02  8.608234E-01 -1.121874E+01  7.066342E-02 -5.815284E-02
       261   4  5.345235E+00  1.783408E+02 -9.147517E-01 -1.100340E+01  7.570937E-02 -5.776128E-02
       261   5  6.728960E+00  1.833612E+02  4.247790E-01 -6.176181E+00  1.801092E+00  1.501062E-01
       261   6  4.513087E+00  1.777549E+02 -1.340162E+00 -6.057630E+00  1.806152E+00  1.502112E-01
       261   7  7.221013E+00  1.828691E+02  4.247767E-01 -1.117212E+01  1.807132E+00  2.715434E-02
       261   8  4.995695E+00  1.772723E+02 -1.340165E+00 -1.095767E+01  1.812178E+00  2.754591E-02
       262   1  6.214893E+00  1.761169E+02 -8.980905E-01 -5.940849E+00 -2.535452E-02  6.025108E-02
       262   2  4.170615E+00  1.709163E+02 -2.497801E+00 -5.830484E+00 -3.195597E-02  6.011420E-02
       262   3  6.688204E+00  1.756436E+02 -8.980894E-01 -1.074642E+01 -1.932680E-02 -6.244612E-02
       262   4  4.635133E+00  1.704518E+02 -2.497800E+00 -1.054678E+01 -2.590988E-02 -6.295696E-02
       262   5  5.557050E+00  1.749256E+02 -1.452815E+00 -5.922198E+00  1.687342E+00  1.443904E-01
       262   6  3.520229E+00  1.697424E+02 -3.045078E+00 -5.812179E+00  1.680740E+00  1.442535E-01
       262   7  6.028875E+00  1.744538E+02 -1.452814E+00 -1.071269E+01  1.693370E+00  2.169322E-02
       262   8  3.983289E+00  1.692794E+02 -3.045077E+00 -1.051367E+01  1.686787E+00  2.118238E-02
       263   1  4.741739E+00  1.681131E+02 -2.746657E+00 -5.712496E+00 -2.026916E-01  5.196170E-02
       263   2  2.861138E+00  1.632921E+02 -4.181346E+00 -5.609681E+00 -2.187243E-01  5.162927E-02
       263   3  5.196856E+00  1.676580E+02 -2.746657E+00 -1.033335E+01 -1.966225E-01 -7.157875E-02
       263   4  3.308063E+00  1.628452E+02 -4.181346E+00 -1.014737E+01 -2.126105E-01 -7.281939E-02
       263   5  3.839599E+00  1.668398E+02 -3.399301E+00 -5.699516E+00  1.516083E+00  1.363996E-01
       263   6  1.964025E+00  1.620305E+02 -4.828969E+00 -5.596935E+00  1.500050E+00  1.360672E-01
       263   7  4.293682E+00  1.663857E+02 -3.399301E+00 -1.030988E+01  1.522152E+00  1.285918E-02
       263   8  2.409935E+00  1.615846E+02 -4.828968E+00 -1.012432E+01  1.506164E+00  1.161854E-02
       264   1  2.718238E+00  1.603983E+02 -4.656652E+00 -5.513491E+00 -4.744181E-01  3.945034E-02
       264   2  1.001689E+00  1.559295E+02 -5.897610E+00 -5.417258E+00 -4.951919E-01  3.901961E-02
       264   3  3.157493E+00  1.599590E+02 -4.656654E+00 -9.973374E+00 -4.682667E-01 -8.576149E-02
       264   4  1.433277E+00  1.554979E+02 -5.897613E+00 -9.799298E+00 -4.889828E-01 -8.736902E-02
       264   5  1.695484E+00  1.590888E+02 -5.356324E+00 -5.503465E+00  1.360265E+00  1.295825E-01
       264   6 -1.729819E-02  1.546288E+02 -6.593522E+00 -5.407407E+00  1.339491E+00  1.291518E-01
       264   7  2.133940E+00  1.586503E+02 -5.356327E+00 -9.955238E+00  1.366416E+00  4.370661E-03
       264   8  4.135052E-01  1.541980E+02 -6.593524E+00 -9.781478E+00  1.345700E+00  2.763145E-03
       265   1  6.738036E+00  2.190127E+02  6.870812E+00 -2.893701E+01 -5.272418E-01 -9.885441E-03
       265   2  3.386740E+00  2.109618E+02  4.118115E+00 -2.829637E+01 -4.817716E-01 -4.453125E-03
       265   3  8.548854E+00  2.172019E+02  6.870812E+00 -3.490648E+01 -5.074085E-01 -1.435903E-01
       265   4  5.157468E+00  2.091911E+02  4.118115E+00 -3.413368E+01 -4.623193E-01 -1.355894E-01
       265   5  7.327194E+00  2.181060E+02  6.775559E+00 -2.873310E+01  1.447455E+00  2.830331E-01
       265   6  4.002228E+00  2.101146E+02  4.048596E+00 -2.809698E+01  1.492925E+00  2.884654E-01
       265   7  9.125252E+00  2.163080E+02  6.775560E+00 -3.466051E+01  1.467288E+00  1.493283E-01
       265   8  5.760478E+00  2.083563E+02  4.048596E+00 -3.389315E+01  1.512377E+00  1.573291E-01
       266   1  8.820147E+00  2.087925E+02  5.567587E+00 -2.725998E+01 -2.219156E-01  3.320154E-02
       266   2  5.785875E+00  2.014945E+02  3.084680E+00 -2.667876E+01 -1.830286E-01  3.784736E-02
       266   3  1.052603E+01  2.070866E+02  5.567592E+00 -3.288349E+01 -2.027221E-01 -9.619053E-02
       266   4  7.455386E+00  1.998250E+02  3.084684E+00 -3.218236E+01 -1.641610E-01 -8.934802E-02
       266   5  9.275102E+00  2.079067E+02  5.438332E+00 -2.707721E+01  1.601468E+00  3.036749E-01
       266   6  6.263560E+00  2.006600E+02  2.977639E+00 -2.649988E+01  1.640355E+00  3.083207E-01
       266   7  1.096955E+01  2.062123E+02  5.438336E+00 -3.266302E+01  1.620661E+00  1.742828E-01
       266   8  7.921877E+00  1.990017E+02  2.977643E+00 -3.196659E+01  1.659222E+00  1.811253E-01
       267   1  9.987590E+00  1.991975E+02  4.100941E+00 -2.579287E+01 -3.165971E-02  5.958418E-02
       267   2  7.239492E+00  1.925589E+02  1.883450E+00 -2.526251E+01 -2.719775E-03  6.304164E-02
       267   3  1.160165E+01  1.975835E+02  4.100940E+00 -3.111373E+01 -1.300004E-02 -6.620877E-02
       267   4  8.820364E+00  1.909780E+02  1.883448E+00 -3.047396E+01  1.569739E-02 -6.111652E-02
       267   5  1.021076E+01  1.982778E+02  3.891955E+00 -2.563706E+01  1.737819E+00  3.220615E-01
       267   6  7.481346E+00  1.916813E+02  1.692725E+00 -2.510991E+01  1.766759E+00  3.255190E-01
       267   7  1.181507E+01  1.966734E+02  3.891953E+00 -3.092578E+01  1.756479E+00  1.962686E-01
       267   8  9.052668E+00  1.901099E+02  1.692724E+00 -3.028987E+01  1.785176E+00  2.013608E-01
       268   1  1.035198E+01  1.901419E+02  2.527100E+00 -2.450874E+01  5.919632E-02  7.173795E-02
       268   2  7.854007E+00  1.840741E+02  5.473224E-01 -2.402211E+01  7.644989E-02  7.379924E-02
       268   3  1.188569E+01  1.886082E+02  2.527104E+00 -2.956469E+01  7.747173E-02 -5.146510E-02
       268   4  9.357270E+00  1.825709E+02  5.473260E-01 -2.897768E+01  9.458073E-02 -4.842918E-02
       268   5  1.028921E+01  1.891514E+02  2.211131E+00 -2.438227E+01  1.803213E+00  3.304384E-01
       268   6  7.805885E+00  1.831167E+02  2.456665E-01 -2.389816E+01  1.820466E+00  3.324996E-01
       268   7  1.181501E+01  1.876256E+02  2.211135E+00 -2.941214E+01  1.821488E+00  2.072353E-01
       268   8  9.301391E+00  1.816213E+02  2.456701E-01 -2.882816E+01  1.838597E+00  2.102712E-01
       269   1  1.000113E+01  1.815425E+02  8.608264E-01 -2.338431E+01  5.796053E-02  7.082121E-02
       269   2  7.718675E+00  1.759673E+02 -9.147491E-01 -2.293545E+01  6.298592E-02  7.142159E-02
       269   3  1.146447E+01  1.800792E+02  8.608274E-01 -2.820830E+01  7.602307E-02 -5.094655E-02
       269   4  9.153931E+00  1.745321E+02 -9.147475E-01 -2.766685E+01  8.100634E-02 -5.006228E-02
       269   5  9.630846E+00  1.804593E+02  4.247798E-01 -2.328713E+01  1.777706E+00  3.259213E-01
       269   6  7.359271E+00  1.749087E+02 -1.340162E+00 -2.284013E+01  1.782731E+00  3.265217E-01
       269   7  1.108811E+01  1.790021E+02  4.247807E-01 -2.809107E+01  1.795768E+00  2.041535E-01
       269   8  8.788562E+00  1.734794E+02 -1.340161E+00 -2.755186E+01  1.800752E+00  2.050378E-01
       270   1  9.006203E+00  1.733256E+02 -8.980921E-01 -2.239981E+01 -3.113806E-02  5.747580E-02
       270   2  6.910070E+00  1.681768E+02 -2.497802E+00 -2.198369E+01 -3.769430E-02  5.669253E-02
       270   3  1.040794E+01  1.719238E+02 -8.980906E-01 -2.702071E+01 -1.311297E-02 -6.403972E-02
       270   4  8.285766E+00  1.668011E+02 -2.497801E+00 -2.651874E+01 -1.961427E-02 -6.519336E-02
       270   5  8.339597E+00  1.721431E+02 -1.452816E+00 -2.232949E+01  1.665064E+00  3.090836E-01
       270   6  6.251084E+00  1.670115E+02 -3.045080E+00 -2.191467E+01  1.658508E+00  3.083003E-01
       270   7  9.736932E+00  1.707458E+02 -1.452815E+00 -2.693588E+01  1.683089E+00  1.875681E-01
       270   8  7.622461E+00  1.656402E+02 -3.045078E+00 -2.643549E+01  1.676588E+00  1.864144E-01
       271   1  7.425758E+00  1.654291E+02 -2.746659E+00 -2.153882E+01 -2.068088E-01  3.184429E-02
       271   2  5.496848E+00  1.606564E+02 -4.181348E+00 -2.115116E+01 -2.227316E-01  2.994199E-02
       271   3  8.773617E+00  1.640812E+02 -2.746657E+00 -2.598210E+01 -1.886598E-01 -9.050639E-02
       271   4  6.820448E+00  1.593328E+02 -4.181346E+00 -2.551447E+01 -2.044492E-01 -9.330816E-02
       271   5  6.517519E+00  1.641618E+02 -3.399303E+00 -2.148988E+01  1.495413E+00  2.843450E-01
       271   6  4.593747E+00  1.594007E+02 -4.828971E+00 -2.110310E+01  1.479490E+00  2.824427E-01
       271   7  7.862316E+00  1.628170E+02 -3.399300E+00 -2.592307E+01  1.513562E+00  1.619943E-01
       271   8  5.914340E+00  1.580802E+02 -4.828968E+00 -2.545650E+01  1.497773E+00  1.591925E-01
       272   1  5.308755E+00  1.578077E+02 -4.656652E+00 -2.078847E+01 -4.760004E-01 -7.240652E-03
       272   2  3.546992E+00  1.533842E+02 -5.897610E+00 -2.042563E+01 -4.966320E-01 -9.705520E-03
       272   3  6.609656E+00  1.565068E+02 -4.656651E+00 -2.507696E+01 -4.576059E-01 -1.312466E-01
       272   4  4.825187E+00  1.521060E+02 -5.897610E+00 -2.463927E+01 -4.780646E-01 -1.348769E-01
       272   5  4.281291E+00  1.565030E+02 -5.356325E+00 -2.075067E+01  1.341013E+00  2.622878E-01
       272   6  2.523376E+00  1.520881E+02 -6.593522E+00 -2.038849E+01  1.320382E+00  2.598230E-01
       272   7  5.579826E+00  1.552044E+02 -5.356324E+00 -2.503136E+01  1.359408E+00  1.382819E-01
       272   8  3.799247E+00  1.508123E+02 -6.593521E+00 -2.459446E+01  1.338949E+00  1.346515E-01
       273   1  1.442278E+01  2.113280E+02  6.870824E+00 -4.908737E+01 -5.237340E-01 -6.151663E-02
       273   2  1.090134E+01  2.034472E+02  4.118119E+00 -4.800061E+01 -4.790152E-01 -5.165358E-02
       273   3  1.736340E+01  2.083874E+02  6.870826E+00 -5.458887E+01 -4.908909E-01 -1.926336E-01
       273   4  1.377686E+01  2.005717E+02  4.118121E+00 -5.338032E+01 -4.468031E-01 -1.802517E-01
       273   5  1.495778E+01  2.104755E+02  6.775572E+00 -4.874146E+01  1.412743E+00  4.235455E-01
       273   6  1.146387E+01  2.026530E+02  4.048600E+00 -4.766237E+01  1.457461E+00  4.334085E-01
       273   7  1.787768E+01  2.075556E+02  6.775574E+00 -5.420420E+01  1.445586E+00  2.924285E-01
       273   8  1.431913E+01  1.997977E+02  4.048602E+00 -5.300416E+01  1.489673E+00  3.048104E-01
       274   1  1.605952E+01  2.015531E+02  5.567592E+00 -4.624252E+01 -2.241014E-01  1.129013E-02
       274   2  1.287089E+01  1.944095E+02  3.084684E+00 -4.525656E+01 -1.858570E-01  1.972520E-02
       274   3  1.882971E+01  1.987829E+02  5.567591E+00 -5.142518E+01 -1.923177E-01 -1.155976E-01
       274   4  1.558201E+01  1.916984E+02  3.084682E+00 -5.032872E+01 -1.546129E-01 -1.050083E-01
       274   5  1.646594E+01  2.007159E+02  5.438336E+00 -4.593248E+01  1.563991E+00  4.591839E-01
       274   6  1.330107E+01  1.936225E+02  2.977642E+00 -4.495313E+01  1.602235E+00  4.676190E-01
       274   7  1.921755E+01  1.979643E+02  5.438335E+00 -5.108039E+01  1.595775E+00  3.322962E-01
       274   8  1.599402E+01  1.909296E+02  2.977641E+00 -4.999128E+01  1.633479E+00  3.428855E-01
       275   1  1.683734E+01  1.923478E+02  4.100944E+00 -4.375378E+01 -3.734755E-02  5.619411E-02
       275   2  1.394840E+01  1.858500E+02  1.883452E+00 -4.285410E+01 -8.885863E-03  6.247153E-02
       275   3  1.945844E+01  1.897267E+02  4.100943E+00 -4.865751E+01 -6.447950E-03 -6.716414E-02
       275   4  1.651560E+01  1.832828E+02  1.883452E+00 -4.765700E+01  2.161217E-02 -5.928356E-02
       275   5  1.701913E+01  1.914694E+02  3.891958E+00 -4.348947E+01  1.697883E+00  4.908468E-01
       275   6  1.414972E+01  1.850129E+02  1.692728E+00 -4.259523E+01  1.726345E+00  4.971243E-01
       275   7  1.962440E+01  1.888641E+02  3.891957E+00 -4.836358E+01  1.728783E+00  3.674886E-01
       275   8  1.670142E+01  1.824612E+02  1.692728E+00 -4.736912E+01  1.756843E+00  3.753692E-01
       276   1  1.686071E+01  1.836331E+02  2.527103E+00 -4.157544E+01  5.187970E-02  7.719482E-02
       276   2  1.423350E+01  1.776947E+02  5.473245E-01 -4.074995E+01  6.884814E-02  8.093734E-02
       276   3  1.935131E+01  1.811425E+02  2.527102E+00 -4.623503E+01  8.214311E-02 -4.362363E-02
       276   4  1.667465E+01  1.752535E+02  5.473241E-01 -4.531703E+01  9.887216E-02 -3.892535E-02
       276   5  1.676435E+01  1.826763E+02  2.211134E+00 -4.136091E+01  1.762141E+00  5.055931E-01
       276   6  1.415246E+01  1.767702E+02  2.456687E-01 -4.053969E+01  1.779110E+00  5.093356E-01
       276   7  1.924210E+01  1.801985E+02  2.211133E+00 -4.599646E+01  1.792405E+00  3.847746E-01
       276   8  1.658102E+01  1.743416E+02  2.456683E-01 -4.508320E+01  1.809134E+00  3.894729E-01
       277   1  1.621124E+01  1.753324E+02  8.608250E-01 -3.966802E+01  5.073975E-02  7.616139E-02
       277   2  1.380958E+01  1.698764E+02 -9.147500E-01 -3.890659E+01  5.568209E-02  7.725146E-02
       277   3  1.858758E+01  1.729561E+02  8.608281E-01 -4.411384E+01  8.065056E-02 -4.324958E-02
       277   4  1.614031E+01  1.675457E+02 -9.147476E-01 -4.326707E+01  8.552316E-02 -4.188113E-02
       277   5  1.581515E+01  1.742750E+02  4.247784E-01 -3.950316E+01  1.737200E+00  4.985977E-01
       277   6  1.342486E+01  1.688431E+02 -1.340163E+00 -3.874490E+01  1.742142E+00  4.996877E-01
       277   7  1.818161E+01  1.719086E+02  4.247815E-01 -4.393050E+01  1.767111E+00  3.791867E-01
       277   8  1.574591E+01  1.665221E+02 -1.340160E+00 -4.308726E+01  1.771983E+00  3.805552E-01
       278   1  1.495487E+01  1.673769E+02 -8.980881E-01 -3.799796E+01 -3.662184E-02  5.414702E-02
       278   2  1.274823E+01  1.623387E+02 -2.497799E+00 -3.729206E+01 -4.306975E-02  5.272492E-02
       278   3  1.723116E+01  1.651006E+02 -8.980914E-01 -4.225661E+01 -6.772883E-03 -6.501657E-02
       278   4  1.498223E+01  1.601047E+02 -2.497802E+00 -4.147159E+01 -1.312982E-02 -6.680187E-02
       278   5  1.426959E+01  1.662131E+02 -1.452812E+00 -3.787867E+01  1.626751E+00  4.708002E-01
       278   6  1.207091E+01  1.611917E+02 -3.045076E+00 -3.717499E+01  1.620303E+00  4.693781E-01
       278   7  1.653873E+01  1.639440E+02 -1.452816E+00 -4.212395E+01  1.656600E+00  3.516366E-01
       278   8  1.429790E+01  1.589647E+02 -3.045079E+00 -4.134140E+01  1.650243E+00  3.498513E-01
       279   1  1.314577E+01  1.597091E+02 -2.746658E+00 -3.653741E+01 -2.089343E-01  1.142021E-02
       279   2  1.111391E+01  1.550393E+02 -4.181346E+00 -3.587980E+01 -2.245940E-01  7.966368E-03
       279   3  1.533457E+01  1.575203E+02 -2.746656E+00 -4.063236E+01 -1.788803E-01 -1.085624E-01
       279   4  1.326332E+01  1.528899E+02 -4.181344E+00 -3.990105E+01 -1.943190E-01 -1.128983E-01
       279   5  1.222453E+01  1.584548E+02 -3.399302E+00 -3.645440E+01  1.460341E+00  4.295520E-01
       279   6  1.019805E+01  1.537964E+02 -4.828969E+00 -3.579828E+01  1.444682E+00  4.260982E-01
       279   7  1.440836E+01  1.562710E+02 -3.399300E+00 -4.054004E+01  1.490395E+00  3.095694E-01
       279   8  1.234257E+01  1.516519E+02 -4.828967E+00 -3.981039E+01  1.474957E+00  3.052335E-01
       280   1  1.082949E+01  1.522870E+02 -4.656653E+00 -3.526456E+01 -4.729987E-01 -5.386190E-02
       280   2  8.971370E+00  1.479599E+02 -5.897613E+00 -3.464905E+01 -4.932893E-01 -5.833713E-02
       280   3  1.294204E+01  1.501744E+02 -4.656654E+00 -3.921686E+01 -4.425380E-01 -1.754677E-01
       280   4  1.104704E+01  1.458842E+02 -5.897614E+00 -3.853237E+01 -4.625424E-01 -1.810859E-01
       280   5  9.791990E+00  1.509923E+02 -5.356326E+00 -3.520044E+01  1.308847E+00  3.924673E-01
       280   6  7.937890E+00  1.466736E+02 -6.593524E+00 -3.458605E+01  1.288557E+00  3.879921E-01
       280   7  1.190069E+01  1.488835E+02 -5.356327E+00 -3.914555E+01  1.339308E+00  2.708615E-01
       280   8  1.000979E+01  1.446017E+02 -6.593525E+00 -3.846230E+01  1.319304E+00  2.652434E-01
       281   1  2.589097E+01  1.998597E+02  6.870806E+00 -6.735132E+01 -5.151824E-01 -1.125553E-01
       281   2  2.211565E+01  1.922329E+02  4.118111E+00 -6.586022E+01 -4.716457E-01 -9.835650E-02
       281   3  2.984838E+01  1.959023E+02  6.870812E+00 -7.217342E+01 -4.696458E-01 -2.398218E-01
       281   4  2.598544E+01  1.883631E+02  4.118116E+00 -7.057556E+01 -4.269839E-01 -2.231781E-01
       281   5  2.634517E+01  1.990880E+02  6.775554E+00 -6.687672E+01  1.364425E+00  5.599791E-01
       281   6  2.259916E+01  1.915176E+02  4.048592E+00 -6.539612E+01  1.407962E+00  5.741779E-01
       281   7  3.027469E+01  1.951585E+02  6.775559E+00 -7.166484E+01  1.409962E+00  4.327126E-01
       281   8  2.644169E+01  1.876751E+02  4.048597E+00 -7.007824E+01  1.452624E+00  4.493563E-01
       282   1  2.686309E+01  1.907496E+02  5.567590E+00 -6.344799E+01 -2.241290E-01 -1.072994E-02
       282   2  2.344412E+01  1.838363E+02  3.084683E+00 -6.209518E+01 -1.868956E-01  1.413115E-03
       282   3  3.059113E+01  1.870215E+02  5.567586E+00 -6.799063E+01 -1.800611E-01 -1.338913E-01
       282   4  2.709267E+01  1.801877E+02  3.084680E+00 -6.654096E+01 -1.435758E-01 -1.196573E-01
       282   5  2.719708E+01  1.899847E+02  5.438335E+00 -6.302259E+01  1.511452E+00  6.102709E-01
       282   6  2.380341E+01  1.831202E+02  2.977642E+00 -6.167885E+01  1.548685E+00  6.224140E-01
       282   7  3.090012E+01  1.862817E+02  5.438331E+00 -6.753477E+01  1.555520E+00  4.871096E-01
       282   8  2.742750E+01  1.794961E+02  2.977639E+00 -6.609482E+01  1.592005E+00  5.013436E-01
       283   1  2.705946E+01  1.821257E+02  4.100938E+00 -6.003326E+01 -4.267572E-02  5.226291E-02
       283   2  2.396033E+01  1.758380E+02  1.883447E+00 -5.879884E+01 -1.496638E-02  6.129985E-02
       283   3  3.058687E+01  1.785983E+02  4.100941E+00 -6.433141E+01  1.662976E-04 -6.747266E-02
       283   4  2.741521E+01  1.723832E+02  1.883450E+00 -6.300862E+01  2.731886E-02 -5.687965E-02
       283   5  2.717950E+01  1.813090E+02  3.891952E+00 -5.967061E+01  1.641596E+00  6.549052E-01
       283   6  2.410118E+01  1.750614E+02  1.692723E+00 -5.844366E+01  1.669306E+00  6.639421E-01
       283   7  3.068560E+01  1.778029E+02  3.891955E+00 -6.394281E+01  1.684438E+00  5.351696E-01
       283   8  2.753518E+01  1.716274E+02  1.692726E+00 -6.262800E+01  1.711591E+00  5.457626E-01
       284   1  2.657391E+01  1.739199E+02  2.527103E+00 -5.704442E+01  4.406337E-02  8.190828E-02
       284   2  2.375386E+01  1.681743E+02  5.473263E-01 -5.591180E+01  6.058328E-02  8.729598E-02
       284   3  2.992570E+01  1.705681E+02  2.527102E+00 -6.112858E+01  8.602336E-02 -3.536208E-02
       284   4  2.703909E+01  1.648891E+02  5.473239E-01 -5.991487E+01  1.022113E-01 -2.904667E-02
       284   5  2.642744E+01  1.730132E+02  2.211134E+00 -5.675007E+01  1.704099E+00  6.758787E-01
       284   6  2.362369E+01  1.672990E+02  2.456705E-01 -5.562330E+01  1.720619E+00  6.812664E-01
       284   7  2.976193E+01  1.696787E+02  2.211133E+00 -6.081317E+01  1.746059E+00  5.586083E-01
       284   8  2.689197E+01  1.640307E+02  2.456681E-01 -5.960572E+01  1.762247E+00  5.649238E-01
       285   1  2.547882E+01  1.660648E+02  8.608262E-01 -5.442731E+01  4.303022E-02  8.076811E-02
       285   2  2.289927E+01  1.607867E+02 -9.147490E-01 -5.338258E+01  4.784191E-02  8.233738E-02
       285   3  2.867683E+01  1.628668E+02  8.608249E-01 -5.832410E+01  8.450137E-02 -3.513607E-02
       285   4  2.603590E+01  1.576501E+02 -9.147499E-01 -5.720457E+01  8.921637E-02 -3.329660E-02
       285   5  2.504421E+01  1.650460E+02  4.247797E-01 -5.420111E+01  1.679964E+00  6.664724E-01
       285   6  2.247678E+01  1.597912E+02 -1.340162E+00 -5.316072E+01  1.684775E+00  6.680416E-01
       285   7  2.822893E+01  1.618612E+02  4.247784E-01 -5.808171E+01  1.721435E+00  5.505682E-01
       285   8  2.560037E+01  1.566676E+02 -1.340163E+00 -5.696683E+01  1.726150E+00  5.524077E-01
       286   1  2.383228E+01  1.584995E+02 -8.980885E-01 -5.213587E+01 -4.175288E-02  5.029686E-02
       286   2  2.146072E+01  1.536262E+02 -2.497798E+00 -5.116733E+01 -4.803034E-02  4.824958E-02
       286   3  2.689565E+01  1.554361E+02 -8.980887E-01 -5.586861E+01 -3.676426E-04 -6.536725E-02
       286   4  2.446718E+01  1.506197E+02 -2.497799E+00 -5.483072E+01 -6.518977E-03 -6.776704E-02
       286   5  2.311913E+01  1.573636E+02 -1.452813E+00 -5.197220E+01  1.572771E+00  6.279829E-01
       286   6  2.075605E+01  1.525066E+02 -3.045076E+00 -5.100669E+01  1.566494E+00  6.259356E-01
       286   7  2.617288E+01  1.543098E+02 -1.452813E+00 -5.569321E+01  1.614156E+00  5.123188E-01
       286   8  2.375307E+01  1.495096E+02 -3.045076E+00 -5.465858E+01  1.608005E+00  5.099190E-01
       287   1  2.168195E+01  1.511729E+02 -2.746657E+00 -5.013190E+01 -2.090477E-01 -9.113804E-03
       287   2  1.949645E+01  1.466568E+02 -4.181345E+00 -4.922961E+01 -2.242934E-01 -1.408592E-02
       287   3  2.462757E+01  1.482273E+02 -2.746658E+00 -5.372115E+01 -1.673780E-01 -1.255728E-01
       287   4  2.238906E+01  1.437642E+02 -4.181345E+00 -5.275427E+01 -1.823174E-01 -1.314011E-01
       287   5  2.074132E+01  1.499380E+02 -3.399301E+00 -5.001799E+01  1.411206E+00  5.706224E-01
       287   6  1.856154E+01  1.454330E+02 -4.828968E+00 -4.911776E+01  1.395960E+00  5.656502E-01
       287   7  2.368025E+01  1.469991E+02 -3.399301E+00 -5.359909E+01  1.452876E+00  4.541633E-01
       287   8  2.144758E+01  1.425469E+02 -4.828968E+00 -5.263440E+01  1.437936E+00  4.483350E-01
       288   1  1.906831E+01  1.440482E+02 -4.656649E+00 -4.838546E+01 -4.654418E-01 -9.996439E-02
       288   2  1.706639E+01  1.398649E+02 -5.897604E+00 -4.754094E+01 -4.851961E-01 -1.064069E-01
       288   3  2.191131E+01  1.412052E+02 -4.656651E+00 -5.184968E+01 -4.232084E-01 -2.179990E-01
       288   4  1.985977E+01  1.370715E+02 -5.897606E+00 -5.094469E+01 -4.425657E-01 -2.255508E-01
       288   5  1.801582E+01  1.427684E+02 -5.356321E+00 -4.829748E+01  1.264076E+00  5.188672E-01
       288   6  1.601819E+01  1.385934E+02 -6.593516E+00 -4.745449E+01  1.244322E+00  5.124247E-01
       288   7  2.085366E+01  1.399306E+02 -5.356323E+00 -5.175539E+01  1.306310E+00  4.008326E-01
       288   8  1.880649E+01  1.358051E+02 -6.593517E+00 -5.085205E+01  1.286952E+00  3.932808E-01
       289   1  4.070194E+01  1.850488E+02  6.870803E+00 -8.302699E+01 -5.016694E-01 -1.625099E-01
       289   2  3.659872E+01  1.777498E+02  4.118110E+00 -8.118884E+01 -4.597340E-01 -1.441122E-01
       289   3  4.552404E+01  1.802267E+02  6.870805E+00 -8.698438E+01 -4.438777E-01 -2.847002E-01
       289   4  4.131406E+01  1.730345E+02  4.118112E+00 -8.505862E+01 -4.030526E-01 -2.639551E-01
       289   5  4.105177E+01  1.843814E+02  6.775550E+00 -8.244192E+01  1.302967E+00  6.910200E-01
       289   6  3.698017E+01  1.771366E+02  4.048590E+00 -8.061673E+01  1.344903E+00  7.094177E-01
       289   7  4.583989E+01  1.795933E+02  6.775552E+00 -8.637143E+01  1.360759E+00  5.688297E-01
       289   8  4.166229E+01  1.724545E+02  4.048593E+00 -8.445924E+01  1.401584E+00  5.895748E-01
       290   1  4.081569E+01  1.767969E+02  5.567584E+00 -7.821519E+01 -2.219980E-01 -3.264668E-02
       290   2  3.709923E+01  1.701811E+02  3.084680E+00 -7.654752E+01 -1.861341E-01 -1.691259E-02
       290   3  4.535832E+01  1.722543E+02  5.567583E+00 -8.194323E+01 -1.660705E-01 -1.508956E-01
       290   4  4.154500E+01  1.657354E+02  3.084678E+00 -8.019608E+01 -1.311561E-01 -1.331540E-01
       290   5  4.105612E+01  1.761257E+02  5.438328E+00 -7.769078E+01  1.444357E+00  7.554807E-01
       290   6  3.736696E+01  1.695566E+02  2.977638E+00 -7.603429E+01  1.480221E+00  7.712148E-01
       290   7  4.556830E+01  1.716135E+02  5.438328E+00 -8.139383E+01  1.500284E+00  6.372318E-01
       290   8  4.178293E+01  1.651406E+02  2.977636E+00 -7.965838E+01  1.535199E+00  6.549734E-01
       291   1  4.026115E+01  1.689240E+02  4.100938E+00 -7.400569E+01 -4.759294E-02  4.782838E-02
       291   2  3.689056E+01  1.629078E+02  1.883447E+00 -7.248397E+01 -2.090280E-02  5.953779E-02
       291   3  4.455930E+01  1.646258E+02  4.100939E+00 -7.753310E+01  6.778934E-03 -6.713140E-02
       291   4  4.110033E+01  1.586980E+02  1.883448E+00 -7.593885E+01  3.276246E-02 -5.392798E-02
       291   5  4.030144E+01  1.681871E+02  3.891951E+00 -7.355865E+01  1.569499E+00  8.126563E-01
       291   6  3.695330E+01  1.622093E+02  1.692722E+00 -7.204612E+01  1.596190E+00  8.243657E-01
       291   7  4.457363E+01  1.639149E+02  3.891952E+00 -7.706474E+01  1.623871E+00  6.976966E-01
       291   8  4.113765E+01  1.580250E+02  1.692723E+00 -7.548012E+01  1.649855E+00  7.109000E-01
       292   1  3.911833E+01  1.613755E+02  2.527100E+00 -7.032122E+01  3.582274E-02  8.583293E-02
       292   2  3.604920E+01  1.558789E+02  5.473221E-01 -6.892498E+01  5.173501E-02  9.281392E-02
       292   3  4.320250E+01  1.572913E+02  2.527101E+00 -7.367300E+01  8.907517E-02 -2.675997E-02
       292   4  4.005228E+01  1.518759E+02  5.473246E-01 -7.221022E+01  1.045662E-01 -1.888828E-02
       292   5  3.890713E+01  1.605335E+02  2.211131E+00 -6.995837E+01  1.629646E+00  8.396553E-01
       292   6  3.585559E+01  1.550670E+02  2.456662E-01 -6.856934E+01  1.645558E+00  8.466363E-01
       292   7  4.297022E+01  1.564704E+02  2.211132E+00 -7.329286E+01  1.682898E+00  7.270624E-01
       292   8  3.983802E+01  1.510846E+02  2.456687E-01 -7.183763E+01  1.698389E+00  7.349341E-01
       293   1  3.744772E+01  1.540959E+02  8.608263E-01 -6.709499E+01  3.490626E-02  8.459695E-02
       293   2  3.463843E+01  1.490476E+02 -9.147479E-01 -6.580710E+01  3.954097E-02  8.663029E-02
       293   3  4.134451E+01  1.501991E+02  8.608256E-01 -7.029300E+01  8.753835E-02 -2.668424E-02
       293   4  3.846042E+01  1.452256E+02 -9.147495E-01 -6.894373E+01  9.205035E-02 -2.439147E-02
       293   5  3.696337E+01  1.531268E+02  4.247796E-01 -6.681615E+01  1.606548E+00  8.279285E-01
       293   6  3.416715E+01  1.481008E+02 -1.340161E+00 -6.553361E+01  1.611183E+00  8.299618E-01
       293   7  4.084397E+01  1.492462E+02  4.247790E-01 -7.000087E+01  1.659180E+00  7.166473E-01
       293   8  3.797326E+01  1.442947E+02 -1.340162E+00 -6.865721E+01  1.663692E+00  7.189401E-01
       294   1  3.529727E+01  1.470345E+02 -8.980910E-01 -6.427024E+01 -4.648182E-02  4.596226E-02
       294   2  3.271272E+01  1.423742E+02 -2.497801E+00 -6.307627E+01 -5.252839E-02  4.330956E-02
       294   3  3.903001E+01  1.433018E+02 -8.980896E-01 -6.733361E+01  6.041207E-03 -6.508845E-02
       294   4  3.637611E+01  1.387108E+02 -2.497800E+00 -6.608273E+01  1.547142E-04 -6.807961E-02
       294   5  3.454813E+01  1.459346E+02 -1.452815E+00 -6.406846E+01  1.503645E+00  7.791177E-01
       294   6  3.197273E+01  1.412899E+02 -3.045079E+00 -6.287824E+01  1.497598E+00  7.764650E-01
       294   7  3.826914E+01  1.422135E+02 -1.452814E+00 -6.712222E+01  1.556168E+00  6.680670E-01
       294   8  3.562462E+01  1.376380E+02 -3.045077E+00 -6.587527E+01  1.550281E+00  6.650758E-01
       295   1  3.270627E+01  1.401486E+02 -2.746656E+00 -6.179984E+01 -2.071478E-01 -2.956007E-02
       295   2  3.032235E+01  1.358309E+02 -4.181343E+00 -6.068755E+01 -2.218328E-01 -3.600259E-02
       295   3  3.629552E+01  1.365593E+02 -2.746657E+00 -6.474546E+01 -1.542638E-01 -1.413740E-01
       295   4  3.384700E+01  1.323062E+02 -4.181346E+00 -6.358016E+01 -1.685600E-01 -1.486385E-01
       295   5  3.174059E+01  1.389388E+02 -3.399299E+00 -6.165942E+01  1.348480E+00  7.061972E-01
       295   6  2.936285E+01  1.346317E+02 -4.828966E+00 -6.054966E+01  1.333795E+00  6.997547E-01
       295   7  3.532168E+01  1.353577E+02 -3.399301E+00 -6.459836E+01  1.401364E+00  5.943833E-01
       295   8  3.287949E+01  1.311150E+02 -4.828968E+00 -6.343570E+01  1.387068E+00  5.871188E-01
       296   1  2.970856E+01  1.334079E+02 -4.656652E+00 -5.964693E+01 -4.534024E-01 -1.451042E-01
       296   2  2.752092E+01  1.294103E+02 -5.897611E+00 -5.860585E+01 -4.724301E-01 -1.534519E-01
       296   3  3.317278E+01  1.299437E+02 -4.656651E+00 -6.248994E+01 -3.998028E-01 -2.584308E-01
       296   4  3.092468E+01  1.260066E+02 -5.897609E+00 -6.139923E+01 -4.183268E-01 -2.678437E-01
       296   5  2.863673E+01  1.321475E+02 -5.356325E+00 -5.953846E+01  1.207131E+00  6.402700E-01
       296   6  2.645371E+01  1.281578E+02 -6.593523E+00 -5.849927E+01  1.188104E+00  6.319223E-01
       296   7  3.209465E+01  1.286896E+02 -5.356324E+00 -6.237630E+01  1.260731E+00  5.269434E-01
       296   8  2.985128E+01  1.247603E+02 -6.593521E+00 -6.128758E+01  1.242207E+00  5.175305E-01
       297   1  5.828650E+01  1.674642E+02  6.870811E+00 -9.551198E+01 -4.833250E-01 -2.108995E-01
       297   2  5.379396E+01  1.605546E+02  4.118114E+00 -9.339742E+01 -4.433949E-01 -1.884800E-01
       297   3  6.378799E+01  1.619627E+02  6.870809E+00 -9.845259E+01 -4.138349E-01 -3.268369E-01
       297   4  5.917366E+01  1.551749E+02  4.118112E+00 -9.627293E+01 -3.752397E-01 -3.021901E-01
       297   5  5.851241E+01  1.669208E+02  6.775559E+00 -9.483894E+01  1.228961E+00  8.154057E-01
       297   6  5.405425E+01  1.600626E+02  4.048595E+00 -9.273928E+01  1.268892E+00  8.378252E-01
       297   7  6.397514E+01  1.614581E+02  6.775557E+00 -9.775883E+01  1.298452E+00  6.994683E-01
       297   8  5.939603E+01  1.547208E+02  4.048593E+00 -9.559453E+01  1.337047E+00  7.241151E-01
       298   1  5.738114E+01  1.602315E+02  5.567587E+00 -8.997662E+01 -2.177292E-01 -5.424906E-02
       298   2  5.331147E+01  1.539689E+02  3.084681E+00 -8.805818E+01 -1.835802E-01 -3.507548E-02
       298   3  6.256380E+01  1.550488E+02  5.567587E+00 -9.274680E+01 -1.504805E-01 -1.664467E-01
       298   4  5.838363E+01  1.488967E+02  3.084682E+00 -9.076930E+01 -1.174732E-01 -1.453684E-01
       298   5  5.751051E+01  1.596713E+02  5.438332E+00 -8.937335E+01  1.363352E+00  8.934146E-01
       298   6  5.347051E+01  1.534531E+02  2.977639E+00 -8.746777E+01  1.397501E+00  9.125881E-01
       298   7  6.265842E+01  1.545234E+02  5.438332E+00 -9.212496E+01  1.430600E+00  7.812169E-01
       298   8  5.850866E+01  1.484149E+02  2.977640E+00 -9.016071E+01  1.463608E+00  8.022953E-01
       299   1  5.593505E+01  1.532501E+02  4.100938E+00 -8.513413E+01 -5.205179E-02  4.293313E-02
       299   2  5.224217E+01  1.475562E+02  1.883448E+00 -8.338358E+01 -2.663790E-02  5.720224E-02
       299   3  6.083878E+01  1.483463E+02  4.100940E+00 -8.775523E+01  1.332631E-02 -6.614368E-02
       299   4  5.704507E+01  1.427533E+02  1.883449E+00 -8.595079E+01  3.789055E-02 -5.045702E-02
       299   5  5.588067E+01  1.526078E+02  3.891952E+00 -8.461986E+01  1.482288E+00  9.625810E-01
       299   6  5.221218E+01  1.469504E+02  1.692724E+00 -8.287989E+01  1.507702E+00  9.768501E-01
       299   7  6.075477E+01  1.477337E+02  3.891953E+00 -8.722513E+01  1.547666E+00  8.535042E-01
       299   8  5.698607E+01  1.421765E+02  1.692724E+00 -8.543158E+01  1.572230E+00  8.691909E-01
       300   1  5.401189E+01  1.464819E+02  2.527101E+00 -8.089561E+01  2.723713E-02  8.893085E-02
       300   2  5.064705E+01  1.412811E+02  5.473225E-01 -7.928942E+01  4.238852E-02  9.743791E-02
       300   3  5.867148E+01  1.418224E+02  2.527100E+00 -8.338621E+01  9.126921E-02 -1.790021E-02
       300   4  5.521412E+01  1.367140E+02  5.473222E-01 -8.173057E+01  1.059141E-01 -8.548030E-03
       300   5  5.372384E+01  1.457168E+02  2.211132E+00 -8.047820E+01  1.539498E+00  9.953453E-01
       300   6  5.037812E+01  1.405445E+02  2.456666E-01 -7.888030E+01  1.554649E+00  1.003852E+00
       300   7  5.835939E+01  1.410812E+02  2.211131E+00 -8.295595E+01  1.603530E+00  8.885143E-01
       300   8  5.492162E+01  1.360010E+02  2.456662E-01 -8.130885E+01  1.618175E+00  8.978664E-01
       301   1  5.165799E+01  1.398857E+02  8.608250E-01 -7.718425E+01  2.644623E-02  8.761102E-02
       301   2  4.857593E+01  1.351101E+02 -9.147494E-01 -7.570270E+01  3.085930E-02  9.008885E-02
       301   3  5.610380E+01  1.354398E+02  8.608251E-01 -7.956058E+01  8.973236E-02 -1.797548E-02
       301   4  5.293641E+01  1.307496E+02 -9.147493E-01 -7.803342E+01  9.399789E-02 -1.525150E-02
       301   5  5.111458E+01  1.389756E+02  4.247783E-01 -7.686347E+01  1.517661E+00  9.814111E-01
       301   6  4.804673E+01  1.342212E+02 -1.340162E+00 -7.538808E+01  1.522074E+00  9.838889E-01
       301   7  5.554192E+01  1.345482E+02  4.247784E-01 -7.922993E+01  1.580947E+00  8.758246E-01
       301   8  5.238908E+01  1.298789E+02 -1.340162E+00 -7.770912E+01  1.585213E+00  8.785486E-01
       302   1  4.890928E+01  1.334225E+02 -8.980904E-01 -7.393473E+01 -5.076311E-02  4.118492E-02
       302   2  4.607185E+01  1.290150E+02 -2.497801E+00 -7.256122E+01 -5.652056E-02  3.795233E-02
       302   3  5.316792E+01  1.291639E+02 -8.980887E-01 -7.621102E+01  1.239190E-02 -6.418288E-02
       302   4  5.025138E+01  1.248355E+02 -2.497799E+00 -7.479522E+01  6.826931E-03 -6.773662E-02
       302   5  4.811740E+01  1.323653E+02 -1.452815E+00 -7.370261E+01  1.420037E+00  9.227490E-01
       302   6  4.528992E+01  1.279727E+02 -3.045078E+00 -7.233342E+01  1.414280E+00  9.195164E-01
       302   7  5.236267E+01  1.281200E+02 -1.452813E+00 -7.597176E+01  1.483192E+00  8.173812E-01
       302   8  4.945633E+01  1.238063E+02 -3.045077E+00 -7.456041E+01  1.477627E+00  8.138274E-01
       303   1  4.579505E+01  1.270598E+02 -2.746657E+00 -7.109285E+01 -2.032529E-01 -4.972174E-02
       303   2  4.317556E+01  1.229777E+02 -4.181345E+00 -6.981331E+01 -2.172357E-01 -5.757263E-02
       303   3  4.989000E+01  1.229648E+02 -2.746658E+00 -7.328164E+01 -1.396638E-01 -1.558137E-01
       303   4  4.719681E+01  1.189564E+02 -4.181346E+00 -7.196271E+01 -1.531792E-01 -1.644445E-01
       303   5  4.479963E+01  1.258797E+02 -3.399301E+00 -7.093132E+01  1.272767E+00  8.349709E-01
       303   6  4.218685E+01  1.218076E+02 -4.828968E+00 -6.965468E+01  1.258784E+00  8.271200E-01
       303   7  4.888528E+01  1.217941E+02 -3.399302E+00 -7.311514E+01  1.336356E+00  7.288789E-01
       303   8  4.619896E+01  1.177955E+02 -4.828968E+00 -7.179920E+01  1.322841E+00  7.202481E-01
       304   1  4.234138E+01  1.207751E+02 -4.656652E+00 -6.861620E+01 -4.369964E-01 -1.888467E-01
       304   2  3.993324E+01  1.169980E+02 -5.897611E+00 -6.741857E+01 -4.551142E-01 -1.990193E-01
       304   3  4.629368E+01  1.168228E+02 -4.656651E+00 -7.072875E+01 -3.725470E-01 -2.963740E-01
       304   4  4.381656E+01  1.131147E+02 -5.897610E+00 -6.949424E+01 -3.900592E-01 -3.075571E-01
       304   5  4.124657E+01  1.195377E+02 -5.356324E+00 -6.849142E+01  1.138561E+00  7.555066E-01
       304   6  3.884346E+01  1.157681E+02 -6.593522E+00 -6.729597E+01  1.120443E+00  7.453340E-01
       304   7  4.519168E+01  1.155926E+02 -5.356324E+00 -7.060013E+01  1.203011E+00  6.479793E-01
       304   8  4.271971E+01  1.118918E+02 -6.593522E+00 -6.936787E+01  1.185499E+00  6.367961E-01
       305   1  7.796888E+01  1.477819E+02  6.870816E+00 -1.043265E+02 -4.603259E-01 -2.572582E-01
       305   2  7.304059E+01  1.413080E+02  4.118116E+00 -1.020168E+02 -4.227855E-01 -2.310328E-01
       305   3  8.393835E+01  1.418124E+02  6.870815E+00 -1.061373E+02 -3.798065E-01 -3.658260E-01
       305   4  7.887790E+01  1.354706E+02  4.118115E+00 -1.037875E+02 -3.438130E-01 -3.375150E-01
       305   5  7.805610E+01  1.473771E+02  6.775563E+00 -1.035914E+02  1.143120E+00  9.319383E-01
       305   6  7.316525E+01  1.409516E+02  4.048597E+00 -1.012979E+02  1.180660E+00  9.581638E-01
       305   7  8.398351E+01  1.414497E+02  6.775562E+00 -1.053894E+02  1.223639E+00  8.233706E-01
       305   8  7.896143E+01  1.351554E+02  4.048596E+00 -1.030562E+02  1.259633E+00  8.516817E-01
       306   1  7.592283E+01  1.416898E+02  5.567588E+00 -9.828030E+01 -2.113633E-01 -7.532911E-02
       306   2  7.145782E+01  1.358226E+02  3.084680E+00 -9.618481E+01 -1.792581E-01 -5.290065E-02
       306   3  8.154634E+01  1.360663E+02  5.567590E+00 -9.998617E+01 -1.334412E-01 -1.803950E-01
       306   4  7.696143E+01  1.303189E+02  3.084682E+00 -9.785431E+01 -1.026589E-01 -1.561828E-01
       306   5  7.592788E+01  1.412539E+02  5.438332E+00 -9.762136E+01  1.269217E+00  1.022744E+00
       306   6  7.149519E+01  1.354284E+02  2.977638E+00 -9.553991E+01  1.301322E+00  1.045173E+00
       306   7  8.151369E+01  1.356681E+02  5.438334E+00 -9.931579E+01  1.347139E+00  9.176784E-01
       306   8  7.696190E+01  1.299617E+02  2.977640E+00 -9.719822E+01  1.377921E+00  9.418905E-01
       307   1  7.347884E+01  1.357063E+02  4.100940E+00 -9.299091E+01 -5.600929E-02  3.762436E-02
       307   2  6.942522E+01  1.303731E+02  1.883449E+00 -9.107881E+01 -3.211640E-02  5.431576E-02
       307   3  7.879969E+01  1.303854E+02  4.100939E+00 -9.460497E+01  1.974543E-02 -6.451901E-02
       307   4  7.463667E+01  1.251617E+02  1.883448E+00 -9.265969E+01  4.265382E-02 -4.650017E-02
       307   5  7.331848E+01  1.351700E+02  3.891954E+00 -9.242918E+01  1.380801E+00  1.103235E+00
       307   6  6.929143E+01  1.298712E+02  1.692725E+00 -9.052863E+01  1.404694E+00  1.119927E+00
       307   7  7.860719E+01  1.298813E+02  3.891952E+00 -9.403350E+01  1.456555E+00  1.001092E+00
       307   8  7.447140E+01  1.246912E+02  1.692724E+00 -9.209996E+01  1.479464E+00  1.019111E+00
       308   1  7.068224E+01  1.298116E+02  2.527103E+00 -8.836123E+01  1.838927E-02  9.117227E-02
       308   2  6.698640E+01  1.249418E+02  5.473243E-01 -8.660681E+01  3.263387E-02  1.011234E-01
       308   3  7.573819E+01  1.247556E+02  2.527102E+00 -8.989493E+01  9.258429E-02 -8.868120E-03
       308   4  7.194197E+01  1.199862E+02  5.473233E-01 -8.811006E+01  1.062419E-01  1.874468E-03
       308   5  7.030817E+01  1.291324E+02  2.211134E+00 -8.790529E+01  1.434524E+00  1.141450E+00
       308   6  6.663316E+01  1.242895E+02  2.456683E-01 -8.615993E+01  1.448769E+00  1.151401E+00
       308   7  7.533803E+01  1.241026E+02  2.211133E+00 -8.943109E+01  1.508719E+00  1.041409E+00
       308   8  7.156316E+01  1.193595E+02  2.456674E-01 -8.765543E+01  1.522377E+00  1.052152E+00
       309   1  6.756352E+01  1.239801E+02  8.608252E-01 -8.430735E+01  1.773158E-02  8.978128E-02
       309   2  6.417616E+01  1.195098E+02 -9.147498E-01 -8.268908E+01  2.188054E-02  9.267973E-02
       309   3  7.238751E+01  1.191561E+02  8.608250E-01 -8.577070E+01  9.106223E-02 -9.093670E-03
       309   4  6.890756E+01  1.147785E+02 -9.147492E-01 -8.412433E+01  9.504023E-02 -5.964710E-03
       309   5  6.695401E+01  1.231361E+02  4.247785E-01 -8.395698E+01  1.414158E+00  1.125442E+00
       309   6  6.358212E+01  1.186858E+02 -1.340163E+00 -8.234543E+01  1.418307E+00  1.128341E+00
       309   7  7.175795E+01  1.183322E+02  4.247784E-01 -8.541424E+01  1.487489E+00  1.026567E+00
       309   8  6.829385E+01  1.139741E+02 -1.340162E+00 -8.377471E+01  1.491467E+00  1.029696E+00
       310   1  6.414517E+01  1.181866E+02 -8.980918E-01 -8.075794E+01 -5.455541E-02  3.601091E-02
       310   2  6.102471E+01  1.140622E+02 -2.497802E+00 -7.925768E+01 -5.996829E-02  3.222955E-02
       310   3  6.876607E+01  1.135657E+02 -8.980911E-01 -8.215968E+01  1.862336E-02 -6.265922E-02
       310   4  6.555976E+01  1.095271E+02 -2.497802E+00 -8.063337E+01  1.343352E-02 -6.674132E-02
       310   5  6.330546E+01  1.171772E+02 -1.452816E+00 -8.050441E+01  1.322754E+00  1.057494E+00
       310   6  6.019583E+01  1.130668E+02 -3.045079E+00 -7.900885E+01  1.317341E+00  1.053712E+00
       310   7  6.791185E+01  1.125708E+02 -1.452815E+00 -8.190174E+01  1.395933E+00  9.588235E-01
       310   8  6.471665E+01  1.085460E+02 -3.045079E+00 -8.038023E+01  1.390743E+00  9.547414E-01
       311   1  6.044532E+01  1.124095E+02 -2.746657E+00 -7.765380E+01 -1.974005E-01 -6.940464E-02
       311   2  5.756215E+01  1.085911E+02 -4.181346E+00 -7.625617E+01 -2.105465E-01 -7.858828E-02
       311   3  6.488860E+01  1.079662E+02 -2.746657E+00 -7.900165E+01 -1.237188E-01 -1.687529E-01
       311   4  6.192546E+01  1.042278E+02 -4.181345E+00 -7.757977E+01 -1.363231E-01 -1.786669E-01
       311   5  5.941661E+01  1.112627E+02 -3.399301E+00 -7.747736E+01  1.184797E+00  9.557032E-01
       311   6  5.654075E+01  1.074537E+02 -4.828969E+00 -7.608291E+01  1.171651E+00  9.465196E-01
       311   7  6.384980E+01  1.068296E+02 -3.399301E+00 -7.882215E+01  1.258479E+00  8.563549E-01
       311   8  6.089415E+01  1.031003E+02 -4.828968E+00 -7.740350E+01  1.245874E+00  8.464409E-01
       312   1  5.648127E+01  1.066352E+02 -4.656654E+00 -7.494859E+01 -4.163818E-01 -2.307705E-01
       312   2  5.382634E+01  1.031049E+02 -5.897611E+00 -7.364043E+01 -4.334154E-01 -2.426700E-01
       312   3  6.076977E+01  1.023467E+02 -4.656651E+00 -7.624949E+01 -3.417033E-01 -3.314629E-01
       312   4  5.803998E+01  9.889125E+01 -5.897608E+00 -7.491862E+01 -3.580350E-01 -3.443087E-01
       312   5  5.536075E+01  1.054235E+02 -5.356326E+00 -7.481230E+01  1.059026E+00  8.634671E-01
       312   6  5.271129E+01  1.019002E+02 -6.593522E+00 -7.350652E+01  1.041993E+00  8.515676E-01
       312   7  5.964145E+01  1.011428E+02 -5.356323E+00 -7.611083E+01  1.133705E+00  7.627747E-01
       312   8  5.691727E+01  9.769425E+01 -6.593519E+00 -7.478238E+01  1.117373E+00  7.499289E-01
       313   1  9.899268E+01  1.267580E+02  6.870810E+00 -1.091318E+02 -4.328935E-01 -3.011394E-01
       313   2  9.359895E+01  1.207496E+02  4.118113E+00 -1.067157E+02 -3.981045E-01 -2.713606E-01
       313   3  1.052007E+02  1.205500E+02  6.870809E+00 -1.097433E+02 -3.421203E-01 -4.012921E-01
       313   4  9.966955E+01  1.146790E+02  4.118114E+00 -1.073136E+02 -3.090751E-01 -3.695894E-01
       313   5  9.893176E+01  1.265015E+02  6.775557E+00 -1.083628E+02  1.046270E+00  1.039496E+00
       313   6  9.357874E+01  1.205381E+02  4.048594E+00 -1.059637E+02  1.081059E+00  1.069275E+00
       313   7  1.050960E+02  1.203372E+02  6.775556E+00 -1.089699E+02  1.137043E+00  9.393434E-01
       313   8  9.960656E+01  1.145102E+02  4.048595E+00 -1.065574E+02  1.170088E+00  9.710461E-01
       314   1  9.572821E+01  1.218844E+02  5.567586E+00 -1.028071E+02 -2.029619E-01 -9.568368E-02
       314   2  9.084092E+01  1.164395E+02  3.084680E+00 -1.006151E+02 -1.732097E-01 -7.021635E-02
       314   3  1.015765E+02  1.160362E+02  5.567587E+00 -1.033831E+02 -1.151167E-01 -1.926059E-01
       314   4  9.656448E+01  1.107159E+02  3.084680E+00 -1.011788E+02 -8.685583E-02 -1.654931E-01
       314   5  9.560047E+01  1.215813E+02  5.438331E+00 -1.021178E+02  1.162859E+00  1.142224E+00
       314   6  9.074833E+01  1.161752E+02  2.977638E+00 -9.994051E+01  1.192611E+00  1.167692E+00
       314   7  1.014095E+02  1.157723E+02  5.438331E+00 -1.026900E+02  1.250704E+00  1.045302E+00
       314   8  9.643352E+01  1.104900E+02  2.977639E+00 -1.005005E+02  1.278965E+00  1.072415E+00
       315   1  9.221831E+01  1.169668E+02  4.100940E+00 -9.727410E+01 -5.942734E-02  3.195325E-02
       315   2  8.777936E+01  1.120190E+02  1.883448E+00 -9.527393E+01 -3.728553E-02  5.090618E-02
       315   3  9.775181E+01  1.114333E+02  4.100939E+00 -9.781910E+01  2.597442E-02 -6.227302E-02
       315   4  9.319909E+01  1.065993E+02  1.883448E+00 -9.580773E+01  4.700636E-02 -4.209552E-02
       315   5  9.194474E+01  1.165438E+02  3.891953E+00 -9.668650E+01  1.266016E+00  1.233265E+00
       315   6  8.753470E+01  1.116279E+02  1.692724E+00 -9.469841E+01  1.288158E+00  1.252218E+00
       315   7  9.744482E+01  1.110437E+02  3.891952E+00 -9.722821E+01  1.351418E+00  1.139039E+00
       315   8  9.292169E+01  1.062409E+02  1.692724E+00 -9.522898E+01  1.372450E+00  1.159216E+00
       316   1  8.848873E+01  1.120051E+02  2.527100E+00 -9.243118E+01  9.364403E-03  9.253564E-02
       316   2  8.443935E+01  1.074888E+02  5.473229E-01 -9.059595E+01  2.256503E-02  1.038351E-01
       316   3  9.374674E+01  1.067471E+02  2.527101E+00 -9.294905E+01  9.300782E-02  2.493466E-04
       316   4  8.959296E+01  1.023352E+02  5.473231E-01 -9.110354E+01  1.055468E-01  1.227887E-02
       316   5  8.802278E+01  1.114178E+02  2.211131E+00 -9.195424E+01  1.315735E+00  1.276561E+00
       316   6  8.399605E+01  1.069266E+02  2.456669E-01 -9.012848E+01  1.328936E+00  1.287860E+00
       316   7  9.325367E+01  1.061869E+02  2.211132E+00 -9.246944E+01  1.399378E+00  1.184275E+00
       316   8  8.912308E+01  1.017996E+02  2.456671E-01 -9.063345E+01  1.411917E+00  1.196304E+00
       317   1  8.455308E+01  1.069906E+02  8.608254E-01 -8.819058E+01  8.846217E-03  9.108686E-02
       317   2  8.083961E+01  1.028464E+02 -9.147503E-01 -8.649776E+01  1.269110E-02  9.437803E-02
       317   3  8.956987E+01  1.019738E+02  8.608248E-01 -8.868469E+01  9.151523E-02 -1.243198E-04
       317   4  8.576009E+01  9.792591E+01 -9.147509E-01 -8.698239E+01  9.516739E-02  3.379481E-03
       317   5  8.387296E+01  1.062172E+02  4.247787E-01 -8.782406E+01  1.297036E+00  1.258634E+00
       317   6  8.017631E+01  1.020916E+02 -1.340163E+00 -8.613828E+01  1.300881E+00  1.261926E+00
       317   7  8.886890E+01  1.012213E+02  4.247781E-01 -8.831612E+01  1.379705E+00  1.167423E+00
       317   8  8.507635E+01  9.719161E+01 -1.340164E+00 -8.662089E+01  1.383357E+00  1.170927E+00
       318   1  8.041946E+01  1.019123E+02 -8.980897E-01 -8.447768E+01 -5.782229E-02  3.049001E-02
       318   2  7.699666E+01  9.809023E+01 -2.497801E+00 -8.290831E+01 -6.283845E-02  2.619630E-02
       318   3  8.522504E+01  9.710673E+01 -8.980919E-01 -8.495099E+01  2.467551E-02 -6.053223E-02
       318   4  8.171296E+01  9.337392E+01 -2.497802E+00 -8.337283E+01  1.991078E-02 -6.510336E-02
       318   5  7.952866E+01  1.009540E+02 -1.452814E+00 -8.421247E+01  1.212733E+00  1.182054E+00
       318   6  7.611765E+01  9.714499E+01 -3.045078E+00 -8.264803E+01  1.207716E+00  1.177760E+00
       318   7  8.431915E+01  9.616354E+01 -1.452816E+00 -8.468429E+01  1.295230E+00  1.091032E+00
       318   8  8.081914E+01  9.244349E+01 -3.045080E+00 -8.311108E+01  1.290466E+00  1.086461E+00
       319   1  7.609406E+01  9.676077E+01 -2.746659E+00 -8.123056E+01 -1.896470E-01 -8.841918E-02
       319   2  7.292924E+01  9.322399E+01 -4.181349E+00 -7.976855E+01 -2.018295E-01 -9.884714E-02
       319   3  8.071492E+01  9.213991E+01 -2.746659E+00 -8.168567E+01 -1.065823E-01 -1.800670E-01
       319   4  7.746693E+01  8.868629E+01 -4.181348E+00 -8.021548E+01 -1.181541E-01 -1.911688E-01
       319   5  7.502979E+01  9.564955E+01 -3.399303E+00 -8.104599E+01  1.085417E+00  1.067231E+00
       319   6  7.187292E+01  9.212156E+01 -4.828972E+00 -7.958731E+01  1.073234E+00  1.056803E+00
       319   7  7.964016E+01  9.103919E+01 -3.399303E+00 -8.150007E+01  1.168482E+00  9.755836E-01
       319   8  7.640031E+01  8.759418E+01 -4.828971E+00 -8.003322E+01  1.156910E+00  9.644819E-01
       320   1  7.158486E+01  9.153161E+01 -4.656655E+00 -7.840074E+01 -3.917573E-01 -2.704720E-01
       320   2  6.866630E+01  8.826490E+01 -5.897616E+00 -7.703232E+01 -4.075424E-01 -2.839838E-01
       320   3  7.604475E+01  8.707173E+01 -4.656654E+00 -7.884000E+01 -3.075687E-01 -3.633598E-01
       320   4  7.304835E+01  8.388286E+01 -5.897615E+00 -7.746392E+01 -3.225627E-01 -3.777445E-01
       320   5  7.043687E+01  9.034735E+01 -5.356328E+00 -7.825817E+01  9.692926E-01  9.631118E-01
       320   6  6.752427E+01  8.708723E+01 -6.593527E+00 -7.689224E+01  9.535074E-01  9.496000E-01
       320   7  7.488865E+01  8.589558E+01 -5.356327E+00 -7.869663E+01  1.053481E+00  8.702240E-01
       320   8  7.189835E+01  8.271316E+01 -6.593526E+00 -7.732305E+01  1.038487E+00  8.558392E-01
       321   1  1.205500E+02  1.052007E+02  6.870809E+00 -1.097433E+02 -4.012921E-01 -3.421203E-01
       321   2  1.146790E+02  9.966955E+01  4.118114E+00 -1.073136E+02 -3.695894E-01 -3.090751E-01
       321   3  1.267580E+02  9.899268E+01  6.870810E+00 -1.091318E+02 -3.011394E-01 -4.328935E-01
       321   4  1.207496E+02  9.359895E+01  4.118113E+00 -1.067157E+02 -2.713606E-01 -3.981045E-01
       321   5  1.203372E+02  1.050960E+02  6.775556E+00 -1.089699E+02  9.393434E-01  1.137043E+00
       321   6  1.145102E+02  9.960656E+01  4.048595E+00 -1.065574E+02  9.710461E-01  1.170088E+00
       321   7  1.265015E+02  9.893176E+01  6.775557E+00 -1.083628E+02  1.039496E+00  1.046270E+00
       321   8  1.205381E+02  9.357874E+01  4.048594E+00 -1.059637E+02  1.069275E+00  1.081059E+00
       322   1  1.160362E+02  1.015765E+02  5.567587E+00 -1.033831E+02 -1.926059E-01 -1.151167E-01
       322   2  1.107159E+02  9.656448E+01  3.084680E+00 -1.011788E+02 -1.654931E-01 -8.685583E-02
       322   3  1.218844E+02  9.572821E+01  5.567586E+00 -1.028071E+02 -9.568368E-02 -2.029619E-01
       322   4  1.164395E+02  9.084092E+01  3.084680E+00 -1.006151E+02 -7.021635E-02 -1.732097E-01
       322   5  1.157723E+02  1.014095E+02  5.438331E+00 -1.026900E+02  1.045302E+00  1.250704E+00
       322   6  1.104900E+02  9.643352E+01  2.977639E+00 -1.005005E+02  1.072415E+00  1.278965E+00
       322   7  1.215813E+02  9.560047E+01  5.438331E+00 -1.021178E+02  1.142224E+00  1.162859E+00
       322   8  1.161752E+02  9.074833E+01  2.977638E+00 -9.994051E+01  1.167692E+00  1.192611E+00
       323   1  1.114333E+02  9.775181E+01  4.100939E+00 -9.781910E+01 -6.227302E-02  2.597442E-02
       323   2  1.065993E+02  9.319909E+01  1.883448E+00 -9.580773E+01 -4.209552E-02  4.700636E-02
       323   3  1.169668E+02  9.221831E+01  4.100940E+00 -9.727410E+01  3.195325E-02 -5.942734E-02
       323   4  1.120190E+02  8.777936E+01  1.883448E+00 -9.527393E+01  5.090618E-02 -3.728553E-02
       323   5  1.110437E+02  9.744482E+01  3.891952E+00 -9.722821E+01  1.139039E+00  1.351418E+00
       323   6  1.062409E+02  9.292169E+01  1.692724E+00 -9.522898E+01  1.159216E+00  1.372450E+00
       323   7  1.165438E+02  9.194474E+01  3.891953E+00 -9.668650E+01  1.233265E+00  1.266016E+00
       323   8  1.116279E+02  8.753470E+01  1.692724E+00 -9.469841E+01  1.252218E+00  1.288158E+00
       324   1  1.067471E+02  9.374674E+01  2.527101E+00 -9.294905E+01  2.493466E-04  9.300782E-02
       324   2  1.023352E+02  8.959296E+01  5.473231E-01 -9.110354E+01  1.227887E-02  1.055468E-01
       324   3  1.120051E+02  8.848873E+01  2.527100E+00 -9.243118E+01  9.253564E-02  9.364403E-03
       324   4  1.074888E+02  8.443935E+01  5.473229E-01 -9.059595E+01  1.038351E-01  2.256503E-02
       324   5  1.061869E+02  9.325367E+01  2.211132E+00 -9.246944E+01  1.184275E+00  1.399378E+00
       324   6  1.017996E+02  8.912308E+01  2.456671E-01 -9.063345E+01  1.196304E+00  1.411917E+00
       324   7  1.114178E+02  8.802278E+01  2.211131E+00 -9.195424E+01  1.276561E+00  1.315735E+00
       324   8  1.069266E+02  8.399605E+01  2.456669E-01 -9.012848E+01  1.287860E+00  1.328936E+00
       325   1  1.019738E+02  8.956987E+01  8.608248E-01 -8.868469E+01 -1.243198E-04  9.151523E-02
       325   2  9.792591E+01  8.576009E+01 -9.147509E-01 -8.698239E+01  3.379481E-03  9.516739E-02
       325   3  1.069906E+02  8.455308E+01  8.608254E-01 -8.819058E+01  9.108686E-02  8.846217E-03
       325   4  1.028464E+02  8.083961E+01 -9.147503E-01 -8.649776E+01  9.437803E-02  1.269110E-02
       325   5  1.012213E+02  8.886890E+01  4.247781E-01 -8.831612E+01  1.167423E+00  1.379705E+00
       325   6  9.719161E+01  8.507635E+01 -1.340164E+00 -8.662089E+01  1.170927E+00  1.383357E+00
       325   7  1.062172E+02  8.387296E+01  4.247787E-01 -8.782406E+01  1.258634E+00  1.297036E+00
       325   8  1.020916E+02  8.017631E+01 -1.340163E+00 -8.613828E+01  1.261926E+00  1.300881E+00
       326   1  9.710673E+01  8.522504E+01 -8.980919E-01 -8.495099E+01 -6.053223E-02  2.467551E-02
       326   2  9.337392E+01  8.171296E+01 -2.497802E+00 -8.337283E+01 -6.510336E-02  1.991078E-02
       326   3  1.019123E+02  8.041946E+01 -8.980897E-01 -8.447768E+01  3.049001E-02 -5.782229E-02
       326   4  9.809023E+01  7.699666E+01 -2.497801E+00 -8.290831E+01  2.619630E-02 -6.283845E-02
       326   5  9.616354E+01  8.431915E+01 -1.452816E+00 -8.468429E+01  1.091032E+00  1.295230E+00
       326   6  9.244349E+01  8.081914E+01 -3.045080E+00 -8.311108E+01  1.086461E+00  1.290466E+00
       326   7  1.009540E+02  7.952866E+01 -1.452814E+00 -8.421247E+01  1.182054E+00  1.212733E+00
       326   8  9.714499E+01  7.611765E+01 -3.045078E+00 -8.264803E+01  1.177760E+00  1.207716E+00
       327   1  9.213991E+01  8.071492E+01 -2.746659E+00 -8.168567E+01 -1.800670E-01 -1.065823E-01
       327   2  8.868629E+01  7.746693E+01 -4.181348E+00 -8.021548E+01 -1.911688E-01 -1.181541E-01
       327   3  9.676077E+01  7.609406E+01 -2.746659E+00 -8.123056E+01 -8.841918E-02 -1.896470E-01
       327   4  9.322399E+01  7.292924E+01 -4.181349E+00 -7.976855E+01 -9.884714E-02 -2.018295E-01
       327   5  9.103919E+01  7.964016E+01 -3.399303E+00 -8.150007E+01  9.755836E-01  1.168482E+00
       327   6  8.759418E+01  7.640031E+01 -4.828971E+00 -8.003322E+01  9.644819E-01  1.156910E+00
       327   7  9.564955E+01  7.502979E+01 -3.399303E+00 -8.104599E+01  1.067231E+00  1.085417E+00
       327   8  9.212156E+01  7.187292E+01 -4.828972E+00 -7.958731E+01  1.056803E+00  1.073234E+00
       328   1  8.707173E+01  7.604475E+01 -4.656654E+00 -7.884000E+01 -3.633598E-01 -3.075687E-01
       328   2  8.388286E+01  7.304835E+01 -5.897615E+00 -7.746392E+01 -3.777445E-01 -3.225627E-01
       328   3  9.153161E+01  7.158486E+01 -4.656655E+00 -7.840074E+01 -2.704720E-01 -3.917573E-01
       328   4  8.826490E+01  6.866630E+01 -5.897616E+00 -7.703232E+01 -2.839838E-01 -4.075424E-01
       328   5  8.589558E+01  7.488865E+01 -5.356327E+00 -7.869663E+01  8.702240E-01  1.053481E+00
       328   6  8.271316E+01  7.189835E+01 -6.593526E+00 -7.732305E+01  8.558392E-01  1.038487E+00
       328   7  9.034735E+01  7.043687E+01 -5.356328E+00 -7.825817E+01  9.631118E-01  9.692926E-01
       328   8  8.708723E+01  6.752427E+01 -6.593527E+00 -7.689224E+01  9.496000E-01  9.535074E-01
       329   1  1.418124E+02  8.393835E+01  6.870815E+00 -1.061373E+02 -3.658260E-01 -3.798065E-01
       329   2  1.354706E+02  7.887790E+01  4.118115E+00 -1.037875E+02 -3.375150E-01 -3.438130E-01
       329   3  1.477819E+02  7.796888E+01  6.870816E+00 -1.043265E+02 -2.572582E-01 -4.603259E-01
       329   4  1.413080E+02  7.304059E+01  4.118116E+00 -1.020168E+02 -2.310328E-01 -4.227855E-01
       329   5  1.414497E+02  8.398351E+01  6.775562E+00 -1.053894E+02  8.233706E-01  1.223639E+00
       329   6  1.351554E+02  7.896143E+01  4.048596E+00 -1.030562E+02  8.516817E-01  1.259633E+00
       329   7  1.473771E+02  7.805610E+01  6.775563E+00 -1.035914E+02  9.319383E-01  1.143120E+00
       329   8  1.409516E+02  7.316525E+01  4.048597E+00 -1.012979E+02  9.581638E-01  1.180660E+00
       330   1  1.360663E+02  8.154634E+01  5.567590E+00 -9.998617E+01 -1.803950E-01 -1.334412E-01
       330   2  1.303189E+02  7.696143E+01  3.084682E+00 -9.785431E+01 -1.561828E-01 -1.026589E-01
       330   3  1.416898E+02  7.592283E+01  5.567588E+00 -9.828030E+01 -7.532911E-02 -2.113633E-01
       330   4  1.358226E+02  7.145782E+01  3.084680E+00 -9.618481E+01 -5.290065E-02 -1.792581E-01
       330   5  1.356681E+02  8.151369E+01  5.438334E+00 -9.931579E+01  9.176784E-01  1.347139E+00
       330   6  1.299617E+02  7.696190E+01  2.977640E+00 -9.719822E+01  9.418905E-01  1.377921E+00
       330   7  1.412539E+02  7.592788E+01  5.438332E+00 -9.762136E+01  1.022744E+00  1.269217E+00
       330   8  1.354284E+02  7.149519E+01  2.977638E+00 -9.553991E+01  1.045173E+00  1.301322E+00
       331   1  1.303854E+02  7.879969E+01  4.100939E+00 -9.460497E+01 -6.451901E-02  1.974543E-02
       331   2  1.251617E+02  7.463667E+01  1.883448E+00 -9.265969E+01 -4.650017E-02  4.265382E-02
       331   3  1.357063E+02  7.347884E+01  4.100940E+00 -9.299091E+01  3.762436E-02 -5.600929E-02
       331   4  1.303731E+02  6.942522E+01  1.883449E+00 -9.107881E+01  5.431576E-02 -3.211640E-02
       331   5  1.298813E+02  7.860719E+01  3.891952E+00 -9.403350E+01  1.001092E+00  1.456555E+00
       331   6  1.246912E+02  7.447140E+01  1.692724E+00 -9.209996E+01  1.019111E+00  1.479464E+00
       331   7  1.351700E+02  7.331848E+01  3.891954E+00 -9.242918E+01  1.103235E+00  1.380801E+00
       331   8  1.298712E+02  6.929143E+01  1.692725E+00 -9.052863E+01  1.119927E+00  1.404694E+00
       332   1  1.247556E+02  7.573819E+01  2.527102E+00 -8.989493E+01 -8.868120E-03  9.258429E-02
       332   2  1.199862E+02  7.194197E+01  5.473233E-01 -8.811006E+01  1.874468E-03  1.062419E-01
       332   3  1.298116E+02  7.068224E+01  2.527103E+00 -8.836123E+01  9.117227E-02  1.838927E-02
       332   4  1.249418E+02  6.698640E+01  5.473243E-01 -8.660681E+01  1.011234E-01  3.263387E-02
       332   5  1.241026E+02  7.533803E+01  2.211133E+00 -8.943109E+01  1.041409E+00  1.508719E+00
       332   6  1.193595E+02  7.156316E+01  2.456674E-01 -8.765543E+01  1.052152E+00  1.522377E+00
       332   7  1.291324E+02  7.030817E+01  2.211134E+00 -8.790529E+01  1.141450E+00  1.434524E+00
       332   8  1.242895E+02  6.663316E+01  2.456683E-01 -8.615993E+01  1.151401E+00  1.448769E+00
       333   1  1.191561E+02  7.238751E+01  8.608250E-01 -8.577070E+01 -9.093670E-03  9.106223E-02
       333   2  1.147785E+02  6.890756E+01 -9.147492E-01 -8.412433E+01 -5.964710E-03  9.504023E-02
       333   3  1.239801E+02  6.756352E+01  8.608252E-01 -8.430735E+01  8.978128E-02  1.773158E-02
       333   4  1.195098E+02  6.417616E+01 -9.147498E-01 -8.268908E+01  9.267973E-02  2.188054E-02
       333   5  1.183322E+02  7.175795E+01  4.247784E-01 -8.541424E+01  1.026567E+00  1.487489E+00
       333   6  1.139741E+02  6.829385E+01 -1.340162E+00 -8.377471E+01  1.029696E+00  1.491467E+00
       333   7  1.231361E+02  6.695401E+01  4.247785E-01 -8.395698E+01  1.125442E+00  1.414158E+00
       333   8  1.186858E+02  6.358212E+01 -1.340163E+00 -8.234543E+01  1.128341E+00  1.418307E+00
       334   1  1.135657E+02  6.876607E+01 -8.980911E-01 -8.215968E+01 -6.265922E-02  1.862336E-02
       334   2  1.095271E+02  6.555976E+01 -2.497802E+00 -8.063337E+01 -6.674132E-02  1.343352E-02
       334   3  1.181866E+02  6.414517E+01 -8.980918E-01 -8.075794E+01  3.601091E-02 -5.455541E-02
       334   4  1.140622E+02  6.102471E+01 -2.497802E+00 -7.925768E+01  3.222955E-02 -5.996829E-02
       334   5  1.125708E+02  6.791185E+01 -1.452815E+00 -8.190174E+01  9.588235E-01  1.395933E+00
       334   6  1.085460E+02  6.471665E+01 -3.045079E+00 -8.038023E+01  9.547414E-01  1.390743E+00
       334   7  1.171772E+02  6.330546E+01 -1.452816E+00 -8.050441E+01  1.057494E+00  1.322754E+00
       334   8  1.130668E+02  6.019583E+01 -3.045079E+00 -7.900885E+01  1.053712E+00  1.317341E+00
       335   1  1.079662E+02  6.488860E+01 -2.746657E+00 -7.900165E+01 -1.687529E-01 -1.237188E-01
       335   2  1.042278E+02  6.192546E+01 -4.181345E+00 -7.757977E+01 -1.786669E-01 -1.363231E-01
       335   3  1.124095E+02  6.044532E+01 -2.746657E+00 -7.765380E+01 -6.940464E-02 -1.974005E-01
       335   4  1.085911E+02  5.756215E+01 -4.181346E+00 -7.625617E+01 -7.858828E-02 -2.105465E-01
       335   5  1.068296E+02  6.384980E+01 -3.399301E+00 -7.882215E+01  8.563549E-01  1.258479E+00
       335   6  1.031003E+02  6.089415E+01 -4.828968E+00 -7.740350E+01  8.464409E-01  1.245874E+00
       335   7  1.112627E+02  5.941661E+01 -3.399301E+00 -7.747736E+01  9.557032E-01  1.184797E+00
       335   8  1.074537E+02  5.654075E+01 -4.828969E+00 -7.608291E+01  9.465196E-01  1.171651E+00
       336   1  1.023467E+02  6.076977E+01 -4.656651E+00 -7.624949E+01 -3.314629E-01 -3.417033E-01
       336   2  9.889125E+01  5.803998E+01 -5.897608E+00 -7.491862E+01 -3.443087E-01 -3.580350E-01
       336   3  1.066352E+02  5.648127E+01 -4.656654E+00 -7.494859E+01 -2.307705E-01 -4.163818E-01
       336   4  1.031049E+02  5.382634E+01 -5.897611E+00 -7.364043E+01 -2.426700E-01 -4.334154E-01
       336   5  1.011428E+02  5.964145E+01 -5.356323E+00 -7.611083E+01  7.627747E-01  1.133705E+00
       336   6  9.769425E+01  5.691727E+01 -6.593519E+00 -7.478238E+01  7.499289E-01  1.117373E+00
       336   7  1.054235E+02  5.536075E+01 -5.356326E+00 -7.481230E+01  8.634671E-01  1.059026E+00
       336   8  1.019002E+02  5.271129E+01 -6.593522E+00 -7.350652E+01  8.515676E-01  1.041993E+00
       337   1  1.619627E+02  6.378799E+01  6.870809E+00 -9.845259E+01 -3.268369E-01 -4.138349E-01
       337   2  1.551749E+02  5.917366E+01  4.118112E+00 -9.627293E+01 -3.021901E-01 -3.752397E-01
       337   3  1.674642E+02  5.828650E+01  6.870811E+00 -9.551198E+01 -2.108995E-01 -4.833250E-01
       337   4  1.605546E+02  5.379396E+01  4.118114E+00 -9.339742E+01 -1.884800E-01 -4.433949E-01
       337   5  1.614581E+02  6.397514E+01  6.775557E+00 -9.775883E+01  6.994683E-01  1.298452E+00
       337   6  1.547208E+02  5.939603E+01  4.048593E+00 -9.559453E+01  7.241151E-01  1.337047E+00
       337   7  1.669208E+02  5.851241E+01  6.775559E+00 -9.483894E+01  8.154057E-01  1.228961E+00
       337   8  1.600626E+02  5.405425E+01  4.048595E+00 -9.273928E+01  8.378252E-01  1.268892E+00
       338   1  1.550488E+02  6.256380E+01  5.567587E+00 -9.274680E+01 -1.664467E-01 -1.504805E-01
       338   2  1.488967E+02  5.838363E+01  3.084682E+00 -9.076930E+01 -1.453684E-01 -1.174732E-01
       338   3  1.602315E+02  5.738114E+01  5.567587E+00 -8.997662E+01 -5.424906E-02 -2.177292E-01
       338   4  1.539689E+02  5.331147E+01  3.084681E+00 -8.805818E+01 -3.507548E-02 -1.835802E-01
       338   5  1.545234E+02  6.265842E+01  5.438332E+00 -9.212496E+01  7.812169E-01  1.430600E+00
       338   6  1.484149E+02  5.850866E+01  2.977640E+00 -9.016071E+01  8.022953E-01  1.463608E+00
       338   7  1.596713E+02  5.751051E+01  5.438332E+00 -8.937335E+01  8.934146E-01  1.363352E+00
       338   8  1.534531E+02  5.347051E+01  2.977639E+00 -8.746777E+01  9.125881E-01  1.397501E+00
       339   1  1.483463E+02  6.083878E+01  4.100940E+00 -8.775523E+01 -6.614368E-02  1.332631E-02
       339   2  1.427533E+02  5.704507E+01  1.883449E+00 -8.595079E+01 -5.045702E-02  3.789055E-02
       339   3  1.532501E+02  5.593505E+01  4.100938E+00 -8.513413E+01  4.293313E-02 -5.205179E-02
       339   4  1.475562E+02  5.224217E+01  1.883448E+00 -8.338358E+01  5.720224E-02 -2.663790E-02
       339   5  1.477337E+02  6.075477E+01  3.891953E+00 -8.722513E+01  8.535042E-01  1.547666E+00
       339   6  1.421765E+02  5.698607E+01  1.692724E+00 -8.543158E+01  8.691909E-01  1.572230E+00
       339   7  1.526078E+02  5.588067E+01  3.891952E+00 -8.461986E+01  9.625810E-01  1.482288E+00
       339   8  1.469504E+02  5.221218E+01  1.692724E+00 -8.287989E+01  9.768501E-01  1.507702E+00
       340   1  1.418224E+02  5.867148E+01  2.527100E+00 -8.338621E+01 -1.790021E-02  9.126921E-02
       340   2  1.367140E+02  5.521412E+01  5.473222E-01 -8.173057E+01 -8.548030E-03  1.059141E-01
       340   3  1.464819E+02  5.401189E+01  2.527101E+00 -8.089561E+01  8.893085E-02  2.723713E-02
       340   4  1.412811E+02  5.064705E+01  5.473225E-01 -7.928942E+01  9.743791E-02  4.238852E-02
       340   5  1.410812E+02  5.835939E+01  2.211131E+00 -8.295595E+01  8.885143E-01  1.603530E+00
       340   6  1.360010E+02  5.492162E+01  2.456662E-01 -8.130885E+01  8.978664E-01  1.618175E+00
       340   7  1.457168E+02  5.372384E+01  2.211132E+00 -8.047820E+01  9.953453E-01  1.539498E+00
       340   8  1.405445E+02  5.037812E+01  2.456666E-01 -7.888030E+01  1.003852E+00  1.554649E+00
       341   1  1.354398E+02  5.610380E+01  8.608251E-01 -7.956058E+01 -1.797548E-02  8.973236E-02
       341   2  1.307496E+02  5.293641E+01 -9.147493E-01 -7.803342E+01 -1.525150E-02  9.399789E-02
       341   3  1.398857E+02  5.165799E+01  8.608250E-01 -7.718425E+01  8.761102E-02  2.644623E-02
       341   4  1.351101E+02  4.857593E+01 -9.147494E-01 -7.570270E+01  9.008885E-02  3.085930E-02
       341   5  1.345482E+02  5.554192E+01  4.247784E-01 -7.922993E+01  8.758246E-01  1.580947E+00
       341   6  1.298789E+02  5.238908E+01 -1.340162E+00 -7.770912E+01  8.785486E-01  1.585213E+00
       341   7  1.389756E+02  5.111458E+01  4.247783E-01 -7.686347E+01  9.814111E-01  1.517661E+00
       341   8  1.342212E+02  4.804673E+01 -1.340162E+00 -7.538808E+01  9.838889E-01  1.522074E+00
       342   1  1.291639E+02  5.316792E+01 -8.980887E-01 -7.621102E+01 -6.418288E-02  1.239190E-02
       342   2  1.248355E+02  5.025138E+01 -2.497799E+00 -7.479522E+01 -6.773662E-02  6.826931E-03
       342   3  1.334225E+02  4.890928E+01 -8.980904E-01 -7.393473E+01  4.118492E-02 -5.076311E-02
       342   4  1.290150E+02  4.607185E+01 -2.497801E+00 -7.256122E+01  3.795233E-02 -5.652056E-02
       342   5  1.281200E+02  5.236267E+01 -1.452813E+00 -7.597176E+01  8.173812E-01  1.483192E+00
       342   6  1.238063E+02  4.945633E+01 -3.045077E+00 -7.456041E+01  8.138274E-01  1.477627E+00
       342   7  1.323653E+02  4.811740E+01 -1.452815E+00 -7.370261E+01  9.227490E-01  1.420037E+00
       342   8  1.279727E+02  4.528992E+01 -3.045078E+00 -7.233342E+01  9.195164E-01  1.414280E+00
       343   1  1.229648E+02  4.989000E+01 -2.746658E+00 -7.328164E+01 -1.558137E-01 -1.396638E-01
       343   2  1.189564E+02  4.719681E+01 -4.181346E+00 -7.196271E+01 -1.644445E-01 -1.531792E-01
       343   3  1.270598E+02  4.579505E+01 -2.746657E+00 -7.109285E+01 -4.972174E-02 -2.032529E-01
       343   4  1.229777E+02  4.317556E+01 -4.181345E+00 -6.981331E+01 -5.757263E-02 -2.172357E-01
       343   5  1.217941E+02  4.888528E+01 -3.399302E+00 -7.311514E+01  7.288789E-01  1.336356E+00
       343   6  1.177955E+02  4.619896E+01 -4.828968E+00 -7.179920E+01  7.202481E-01  1.322841E+00
       343   7  1.258797E+02  4.479963E+01 -3.399301E+00 -7.093132E+01  8.349709E-01  1.272767E+00
       343   8  1.218076E+02  4.218685E+01 -4.828968E+00 -6.965468E+01  8.271200E-01  1.258784E+00
       344   1  1.168228E+02  4.629368E+01 -4.656651E+00 -7.072875E+01 -2.963740E-01 -3.725470E-01
       344   2  1.131147E+02  4.381656E+01 -5.897610E+00 -6.949424E+01 -3.075571E-01 -3.900592E-01
       344   3  1.207751E+02  4.234138E+01 -4.656652E+00 -6.861620E+01 -1.888467E-01 -4.369964E-01
       344   4  1.169980E+02  3.993324E+01 -5.897611E+00 -6.741857E+01 -1.990193E-01 -4.551142E-01
       344   5  1.155926E+02  4.519168E+01 -5.356324E+00 -7.060013E+01  6.479793E-01  1.203011E+00
       344   6  1.118918E+02  4.271971E+01 -6.593522E+00 -6.936787E+01  6.367961E-01  1.185499E+00
       344   7  1.195377E+02  4.124657E+01 -5.356324E+00 -6.849142E+01  7.555066E-01  1.138561E+00
       344   8  1.157681E+02  3.884346E+01 -6.593522E+00 -6.729597E+01  7.453340E-01  1.120443E+00
       345   1  1.802267E+02  4.552404E+01  6.870805E+00 -8.698438E+01 -2.847002E-01 -4.438777E-01
       345   2  1.730345E+02  4.131406E+01  4.118112E+00 -8.505862E+01 -2.639551E-01 -4.030526E-01
       345   3  1.850488E+02  4.070194E+01  6.870803E+00 -8.302699E+01 -1.625099E-01 -5.016694E-01
       345   4  1.777498E+02  3.659872E+01  4.118110E+00 -8.118884E+01 -1.441122E-01 -4.597340E-01
       345   5  1.795933E+02  4.583989E+01  6.775552E+00 -8.637143E+01  5.688297E-01  1.360759E+00
       345   6  1.724545E+02  4.166229E+01  4.048593E+00 -8.445924E+01  5.895748E-01  1.401584E+00
       345   7  1.843814E+02  4.105177E+01  6.775550E+00 -8.244192E+01  6.910200E-01  1.302967E+00
       345   8  1.771366E+02  3.698017E+01  4.048590E+00 -8.061673E+01  7.094177E-01  1.344903E+00
       346   1  1.722543E+02  4.535832E+01  5.567583E+00 -8.194323E+01 -1.508956E-01 -1.660705E-01
       346   2  1.657354E+02  4.154500E+01  3.084678E+00 -8.019608E+01 -1.331540E-01 -1.311561E-01
       346   3  1.767969E+02  4.081569E+01  5.567584E+00 -7.821519E+01 -3.264668E-02 -2.219980E-01
       346   4  1.701811E+02  3.709923E+01  3.084680E+00 -7.654752E+01 -1.691259E-02 -1.861341E-01
       346   5  1.716135E+02  4.556830E+01  5.438328E+00 -8.139383E+01  6.372318E-01  1.500284E+00
       346   6  1.651406E+02  4.178293E+01  2.977636E+00 -7.965838E+01  6.549734E-01  1.535199E+00
       346   7  1.761257E+02  4.105612E+01  5.438328E+00 -7.769078E+01  7.554807E-01  1.444357E+00
       346   8  1.695566E+02  3.736696E+01  2.977638E+00 -7.603429E+01  7.712148E-01  1.480221E+00
       347   1  1.646258E+02  4.455930E+01  4.100939E+00 -7.753310E+01 -6.713140E-02  6.778934E-03
       347   2  1.586980E+02  4.110033E+01  1.883448E+00 -7.593885E+01 -5.392798E-02  3.276246E-02
       347   3  1.689240E+02  4.026115E+01  4.100938E+00 -7.400569E+01  4.782838E-02 -4.759294E-02
       347   4  1.629078E+02  3.689056E+01  1.883447E+00 -7.248397E+01  5.953779E-02 -2.090280E-02
       347   5  1.639149E+02  4.457363E+01  3.891952E+00 -7.706474E+01  6.976966E-01  1.623871E+00
       347   6  1.580250E+02  4.113765E+01  1.692723E+00 -7.548012E+01  7.109000E-01  1.649855E+00
       347   7  1.681871E+02  4.030144E+01  3.891951E+00 -7.355865E+01  8.126563E-01  1.569499E+00
       347   8  1.622093E+02  3.695330E+01  1.692722E+00 -7.204612E+01  8.243657E-01  1.596190E+00
       348   1  1.572913E+02  4.320250E+01  2.527101E+00 -7.367300E+01 -2.675997E-02  8.907517E-02
       348   2  1.518759E+02  4.005228E+01  5.473246E-01 -7.221022E+01 -1.888828E-02  1.045662E-01
       348   3  1.613755E+02  3.911833E+01  2.527100E+00 -7.032122E+01  8.583293E-02  3.582274E-02
       348   4  1.558789E+02  3.604920E+01  5.473221E-01 -6.892498E+01  9.281392E-02  5.173501E-02
       348   5  1.564704E+02  4.297022E+01  2.211132E+00 -7.329286E+01  7.270624E-01  1.682898E+00
       348   6  1.510846E+02  3.983802E+01  2.456687E-01 -7.183763E+01  7.349341E-01  1.698389E+00
       348   7  1.605335E+02  3.890713E+01  2.211131E+00 -6.995837E+01  8.396553E-01  1.629646E+00
       348   8  1.550670E+02  3.585559E+01  2.456662E-01 -6.856934E+01  8.466363E-01  1.645558E+00
       349   1  1.501991E+02  4.134451E+01  8.608256E-01 -7.029300E+01 -2.668424E-02  8.753835E-02
       349   2  1.452256E+02  3.846042E+01 -9.147495E-01 -6.894373E+01 -2.439147E-02  9.205035E-02
       349   3  1.540959E+02  3.744772E+01  8.608263E-01 -6.709499E+01  8.459695E-02  3.490626E-02
       349   4  1.490476E+02  3.463843E+01 -9.147479E-01 -6.580710E+01  8.663029E-02  3.954097E-02
       349   5  1.492462E+02  4.084397E+01  4.247790E-01 -7.000087E+01  7.166473E-01  1.659180E+00
       349   6  1.442947E+02  3.797326E+01 -1.340162E+00 -6.865721E+01  7.189401E-01  1.663692E+00
       349   7  1.531268E+02  3.696337E+01  4.247796E-01 -6.681615E+01  8.279285E-01  1.606548E+00
       349   8  1.481008E+02  3.416715E+01 -1.340161E+00 -6.553361E+01  8.299618E-01  1.611183E+00
       350   1  1.433018E+02  3.903001E+01 -8.980896E-01 -6.733361E+01 -6.508845E-02  6.041207E-03
       350   2  1.387108E+02  3.637611E+01 -2.497800E+00 -6.608273E+01 -6.807961E-02  1.547142E-04
       350   3  1.470345E+02  3.529727E+01 -8.980910E-01 -6.427024E+01  4.596226E-02 -4.648182E-02
       350   4  1.423742E+02  3.271272E+01 -2.497801E+00 -6.307627E+01  4.330956E-02 -5.252839E-02
       350   5  1.422135E+02  3.826914E+01 -1.452814E+00 -6.712222E+01  6.680670E-01  1.556168E+00
       350   6  1.376380E+02  3.562462E+01 -3.045077E+00 -6.587527E+01  6.650758E-01  1.550281E+00
       350   7  1.459346E+02  3.454813E+01 -1.452815E+00 -6.406846E+01  7.791177E-01  1.503645E+00
       350   8  1.412899E+02  3.197273E+01 -3.045079E+00 -6.287824E+01  7.764650E-01  1.497598E+00
       351   1  1.365593E+02  3.629552E+01 -2.746657E+00 -6.474546E+01 -1.413740E-01 -1.542638E-01
       351   2  1.323062E+02  3.384700E+01 -4.181346E+00 -6.358016E+01 -1.486385E-01 -1.685600E-01
       351   3  1.401486E+02  3.270627E+01 -2.746656E+00 -6.179984E+01 -2.956007E-02 -2.071478E-01
       351   4  1.358309E+02  3.032235E+01 -4.181343E+00 -6.068755E+01 -3.600259E-02 -2.218328E-01
       351   5  1.353577E+02  3.532168E+01 -3.399301E+00 -6.459836E+01  5.943833E-01  1.401364E+00
       351   6  1.311150E+02  3.287949E+01 -4.828968E+00 -6.343570E+01  5.871188E-01  1.387068E+00
       351   7  1.389388E+02  3.174059E+01 -3.399299E+00 -6.165942E+01  7.061972E-01  1.348480E+00
       351   8  1.346317E+02  2.936285E+01 -4.828966E+00 -6.054966E+01  6.997547E-01  1.333795E+00
       352   1  1.299437E+02  3.317278E+01 -4.656651E+00 -6.248994E+01 -2.584308E-01 -3.998028E-01
       352   2  1.260066E+02  3.092468E+01 -5.897609E+00 -6.139923E+01 -2.678437E-01 -4.183268E-01
       352   3  1.334079E+02  2.970856E+01 -4.656652E+00 -5.964693E+01 -1.451042E-01 -4.534024E-01
       352   4  1.294103E+02  2.752092E+01 -5.897611E+00 -5.860585E+01 -1.534519E-01 -4.724301E-01
       352   5  1.286896E+02  3.209465E+01 -5.356324E+00 -6.237630E+01  5.269434E-01  1.260731E+00
       352   6  1.247603E+02  2.985128E+01 -6.593521E+00 -6.128758E+01  5.175305E-01  1.242207E+00
       352   7  1.321475E+02  2.863673E+01 -5.356325E+00 -5.953846E+01  6.402700E-01  1.207131E+00
       352   8  1.281578E+02  2.645371E+01 -6.593523E+00 -5.849927E+01  6.319223E-01  1.188104E+00
       353   1  1.959023E+02  2.984838E+01  6.870812E+00 -7.217342E+01 -2.398218E-01 -4.696458E-01
       353   2  1.883631E+02  2.598544E+01  4.118116E+00 -7.057556E+01 -2.231781E-01 -4.269839E-01
       353   3  1.998597E+02  2.589097E+01  6.870806E+00 -6.735132E+01 -1.125553E-01 -5.151824E-01
       353   4  1.922329E+02  2.211565E+01  4.118111E+00 -6.586022E+01 -9.835650E-02 -4.716457E-01
       353   5  1.951585E+02  3.027469E+01  6.775559E+00 -7.166484E+01  4.327126E-01  1.409962E+00
       353   6  1.876751E+02  2.644169E+01  4.048597E+00 -7.007824E+01  4.493563E-01  1.452624E+00
       353   7  1.990880E+02  2.634517E+01  6.775554E+00 -6.687672E+01  5.599791E-01  1.364425E+00
       353   8  1.915176E+02  2.259916E+01  4.048592E+00 -6.539612E+01  5.741779E-01  1.407962E+00
       354   1  1.870215E+02  3.059113E+01  5.567586E+00 -6.799063E+01 -1.338913E-01 -1.800611E-01
       354   2  1.801877E+02  2.709267E+01  3.084680E+00 -6.654096E+01 -1.196573E-01 -1.435758E-01
       354   3  1.907496E+02  2.686309E+01  5.567590E+00 -6.344799E+01 -1.072994E-02 -2.241290E-01
       354   4  1.838363E+02  2.344412E+01  3.084683E+00 -6.209518E+01  1.413115E-03 -1.868956E-01
       354   5  1.862817E+02  3.090012E+01  5.438331E+00 -6.753477E+01  4.871096E-01  1.555520E+00
       354   6  1.794961E+02  2.742750E+01  2.977639E+00 -6.609482E+01  5.013436E-01  1.592005E+00
       354   7  1.899847E+02  2.719708E+01  5.438335E+00 -6.302259E+01  6.102709E-01  1.511452E+00
       354   8  1.831202E+02  2.380341E+01  2.977642E+00 -6.167885E+01  6.224140E-01  1.548685E+00
       355   1  1.785983E+02  3.058687E+01  4.100941E+00 -6.433141E+01 -6.747266E-02  1.662976E-04
       355   2  1.723832E+02  2.741521E+01  1.883450E+00 -6.300862E+01 -5.687965E-02  2.731886E-02
       355   3  1.821257E+02  2.705946E+01  4.100938E+00 -6.003326E+01  5.226291E-02 -4.267572E-02
       355   4  1.758380E+02  2.396033E+01  1.883447E+00 -5.879884E+01  6.129985E-02 -1.496638E-02
       355   5  1.778029E+02  3.068560E+01  3.891955E+00 -6.394281E+01  5.351696E-01  1.684438E+00
       355   6  1.716274E+02  2.753518E+01  1.692726E+00 -6.262800E+01  5.457626E-01  1.711591E+00
       355   7  1.813090E+02  2.717950E+01  3.891952E+00 -5.967061E+01  6.549052E-01  1.641596E+00
       355   8  1.750614E+02  2.410118E+01  1.692723E+00 -5.844366E+01  6.639421E-01  1.669306E+00
       356   1  1.705681E+02  2.992570E+01  2.527102E+00 -6.112858E+01 -3.536208E-02  8.602336E-02
       356   2  1.648891E+02  2.703909E+01  5.473239E-01 -5.991487E+01 -2.904667E-02  1.022113E-01
       356   3  1.739199E+02  2.657391E+01  2.527103E+00 -5.704442E+01  8.190828E-02  4.406337E-02
       356   4  1.681743E+02  2.375386E+01  5.473263E-01 -5.591180E+01  8.729598E-02  6.058328E-02
       356   5  1.696787E+02  2.976193E+01  2.211133E+00 -6.081317E+01  5.586083E-01  1.746059E+00
       356   6  1.640307E+02  2.689197E+01  2.456681E-01 -5.960572E+01  5.649238E-01  1.762247E+00
       356   7  1.730132E+02  2.642744E+01  2.211134E+00 -5.675007E+01  6.758787E-01  1.704099E+00
       356   8  1.672990E+02  2.362369E+01  2.456705E-01 -5.562330E+01  6.812664E-01  1.720619E+00
       357   1  1.628668E+02  2.867683E+01  8.608249E-01 -5.832410E+01 -3.513607E-02  8.450137E-02
       357   2  1.576501E+02  2.603590E+01 -9.147499E-01 -5.720457E+01 -3.329660E-02  8.921637E-02
       357   3  1.660648E+02  2.547882E+01  8.608262E-01 -5.442731E+01  8.076811E-02  4.303022E-02
       357   4  1.607867E+02  2.289927E+01 -9.147490E-01 -5.338258E+01  8.233738E-02  4.784191E-02
       357   5  1.618612E+02  2.822893E+01  4.247784E-01 -5.808171E+01  5.505682E-01  1.721435E+00
       357   6  1.566676E+02  2.560037E+01 -1.340163E+00 -5.696683E+01  5.524077E-01  1.726150E+00
       357   7  1.650460E+02  2.504421E+01  4.247797E-01 -5.420111E+01  6.664724E-01  1.679964E+00
       357   8  1.597912E+02  2.247678E+01 -1.340162E+00 -5.316072E+01  6.680416E-01  1.684775E+00
       358   1  1.554361E+02  2.689565E+01 -8.980887E-01 -5.586861E+01 -6.536725E-02 -3.676426E-04
       358   2  1.506197E+02  2.446718E+01 -2.497799E+00 -5.483072E+01 -6.776704E-02 -6.518977E-03
       358   3  1.584995E+02  2.383228E+01 -8.980885E-01 -5.213587E+01  5.029686E-02 -4.175288E-02
       358   4  1.536262E+02  2.146072E+01 -2.497798E+00 -5.116733E+01  4.824958E-02 -4.803034E-02
       358   5  1.543098E+02  2.617288E+01 -1.452813E+00 -5.569321E+01  5.123188E-01  1.614156E+00
       358   6  1.495096E+02  2.375307E+01 -3.045076E+00 -5.465858E+01  5.099190E-01  1.608005E+00
       358   7  1.573636E+02  2.311913E+01 -1.452813E+00 -5.197220E+01  6.279829E-01  1.572771E+00
       358   8  1.525066E+02  2.075605E+01 -3.045076E+00 -5.100669E+01  6.259356E-01  1.566494E+00
       359   1  1.482273E+02  2.462757E+01 -2.746658E+00 -5.372115E+01 -1.255728E-01 -1.673780E-01
       359   2  1.437642E+02  2.238906E+01 -4.181345E+00 -5.275427E+01 -1.314011E-01 -1.823174E-01
       359   3  1.511729E+02  2.168195E+01 -2.746657E+00 -5.013190E+01 -9.113804E-03 -2.090477E-01
       359   4  1.466568E+02  1.949645E+01 -4.181345E+00 -4.922961E+01 -1.408592E-02 -2.242934E-01
       359   5  1.469991E+02  2.368025E+01 -3.399301E+00 -5.359909E+01  4.541633E-01  1.452876E+00
       359   6  1.425469E+02  2.144758E+01 -4.828968E+00 -5.263440E+01  4.483350E-01  1.437936E+00
       359   7  1.499380E+02  2.074132E+01 -3.399301E+00 -5.001799E+01  5.706224E-01  1.411206E+00
       359   8  1.454330E+02  1.856154E+01 -4.828968E+00 -4.911776E+01  5.656502E-01  1.395960E+00
       360   1  1.412052E+02  2.191131E+01 -4.656651E+00 -5.184968E+01 -2.179990E-01 -4.232084E-01
       360   2  1.370715E+02  1.985977E+01 -5.897606E+00 -5.094469E+01 -2.255508E-01 -4.425657E-01
       360   3  1.440482E+02  1.906831E+01 -4.656649E+00 -4.838546E+01 -9.996439E-02 -4.654418E-01
       360   4  1.398649E+02  1.706639E+01 -5.897604E+00 -4.754094E+01 -1.064069E-01 -4.851961E-01
       360   5  1.399306E+02  2.085366E+01 -5.356323E+00 -5.175539E+01  4.008326E-01  1.306310E+00
       360   6  1.358051E+02  1.880649E+01 -6.593517E+00 -5.085205E+01  3.932808E-01  1.286952E+00
       360   7  1.427684E+02  1.801582E+01 -5.356321E+00 -4.829748E+01  5.188672E-01  1.264076E+00
       360   8  1.385934E+02  1.601819E+01 -6.593516E+00 -4.745449E+01  5.124247E-01  1.244322E+00
       361   1  2.083874E+02  1.736340E+01  6.870826E+00 -5.458887E+01 -1.926336E-01 -4.908909E-01
       361   2  2.005717E+02  1.377686E+01  4.118121E+00 -5.338032E+01 -1.802517E-01 -4.468031E-01
       361   3  2.113280E+02  1.442278E+01  6.870824E+00 -4.908737E+01 -6.151663E-02 -5.237340E-01
       361   4  2.034472E+02  1.090134E+01  4.118119E+00 -4.800061E+01 -5.165358E-02 -4.790152E-01
       361   5  2.075556E+02  1.787768E+01  6.775574E+00 -5.420420E+01  2.924285E-01  1.445586E+00
       361   6  1.997977E+02  1.431913E+01  4.048602E+00 -5.300416E+01  3.048104E-01  1.489673E+00
       361   7  2.104755E+02  1.495778E+01  6.775572E+00 -4.874146E+01  4.235455E-01  1.412743E+00
       361   8  2.026530E+02  1.146387E+01  4.048600E+00 -4.766237E+01  4.334085E-01  1.457461E+00
       362   1  1.987829E+02  1.882971E+01  5.567591E+00 -5.142518E+01 -1.155976E-01 -1.923177E-01
       362   2  1.916984E+02  1.558201E+01  3.084682E+00 -5.032872E+01 -1.050083E-01 -1.546129E-01
       362   3  2.015531E+02  1.605952E+01  5.567592E+00 -4.624252E+01  1.129013E-02 -2.241014E-01
       362   4  1.944095E+02  1.287089E+01  3.084684E+00 -4.525656E+01  1.972520E-02 -1.858570E-01
       362   5  1.979643E+02  1.921755E+01  5.438335E+00 -5.108039E+01  3.322962E-01  1.595775E+00
       362   6  1.909296E+02  1.599402E+01  2.977641E+00 -4.999128E+01  3.428855E-01  1.633479E+00
       362   7  2.007159E+02  1.646594E+01  5.438336E+00 -4.593248E+01  4.591839E-01  1.563991E+00
       362   8  1.936225E+02  1.330107E+01  2.977642E+00 -4.495313E+01  4.676190E-01  1.602235E+00
       363   1  1.897267E+02  1.945844E+01  4.100943E+00 -4.865751E+01 -6.716414E-02 -6.447950E-03
       363   2  1.832828E+02  1.651560E+01  1.883452E+00 -4.765700E+01 -5.928356E-02  2.161217E-02
       363   3  1.923478E+02  1.683734E+01  4.100944E+00 -4.375378E+01  5.619411E-02 -3.734755E-02
       363   4  1.858500E+02  1.394840E+01  1.883452E+00 -4.285410E+01  6.247153E-02 -8.885863E-03
       363   5  1.888641E+02  1.962440E+01  3.891957E+00 -4.836358E+01  3.674886E-01  1.728783E+00
       363   6  1.824612E+02  1.670142E+01  1.692728E+00 -4.736912E+01  3.753692E-01  1.756843E+00
       363   7  1.914694E+02  1.701913E+01  3.891958E+00 -4.348947E+01  4.908468E-01  1.697883E+00
       363   8  1.850129E+02  1.414972E+01  1.692728E+00 -4.259523E+01  4.971243E-01  1.726345E+00
       364   1  1.811425E+02  1.935131E+01  2.527102E+00 -4.623503E+01 -4.362363E-02  8.214311E-02
       364   2  1.752535E+02  1.667465E+01  5.473241E-01 -4.531703E+01 -3.892535E-02  9.887216E-02
       364   3  1.836331E+02  1.686071E+01  2.527103E+00 -4.157544E+01  7.719482E-02  5.187970E-02
       364   4  1.776947E+02  1.423350E+01  5.473245E-01 -4.074995E+01  8.093734E-02  6.884814E-02
       364   5  1.801985E+02  1.924210E+01  2.211133E+00 -4.599646E+01  3.847746E-01  1.792405E+00
       364   6  1.743416E+02  1.658102E+01  2.456683E-01 -4.508320E+01  3.894729E-01  1.809134E+00
       364   7  1.826763E+02  1.676435E+01  2.211134E+00 -4.136091E+01  5.055931E-01  1.762141E+00
       364   8  1.767702E+02  1.415246E+01  2.456687E-01 -4.053969E+01  5.093356E-01  1.779110E+00
       365   1  1.729561E+02  1.858758E+01  8.608281E-01 -4.411384E+01 -4.324958E-02  8.065056E-02
       365   2  1.675457E+02  1.614031E+01 -9.147476E-01 -4.326707E+01 -4.188113E-02  8.552316E-02
       365   3  1.753324E+02  1.621124E+01  8.608250E-01 -3.966802E+01  7.616139E-02  5.073975E-02
       365   4  1.698764E+02  1.380958E+01 -9.147500E-01 -3.890659E+01  7.725146E-02  5.568209E-02
       365   5  1.719086E+02  1.818161E+01  4.247815E-01 -4.393050E+01  3.791867E-01  1.767111E+00
       365   6  1.665221E+02  1.574591E+01 -1.340160E+00 -4.308726E+01  3.805552E-01  1.771983E+00
       365   7  1.742750E+02  1.581515E+01  4.247784E-01 -3.950316E+01  4.985977E-01  1.737200E+00
       365   8  1.688431E+02  1.342486E+01 -1.340163E+00 -3.874490E+01  4.996877E-01  1.742142E+00
       366   1  1.651006E+02  1.723116E+01 -8.980914E-01 -4.225661E+01 -6.501657E-02 -6.772883E-03
       366   2  1.601047E+02  1.498223E+01 -2.497802E+00 -4.147159E+01 -6.680187E-02 -1.312982E-02
       366   3  1.673769E+02  1.495487E+01 -8.980881E-01 -3.799796E+01  5.414702E-02 -3.662184E-02
       366   4  1.623387E+02  1.274823E+01 -2.497799E+00 -3.729206E+01  5.272492E-02 -4.306975E-02
       366   5  1.639440E+02  1.653873E+01 -1.452816E+00 -4.212395E+01  3.516366E-01  1.656600E+00
       366   6  1.589647E+02  1.429790E+01 -3.045079E+00 -4.134140E+01  3.498513E-01  1.650243E+00
       366   7  1.662131E+02  1.426959E+01 -1.452812E+00 -3.787867E+01  4.708002E-01  1.626751E+00
       366   8  1.611917E+02  1.207091E+01 -3.045076E+00 -3.717499E+01  4.693781E-01  1.620303E+00
       367   1  1.575203E+02  1.533457E+01 -2.746656E+00 -4.063236E+01 -1.085624E-01 -1.788803E-01
       367   2  1.528899E+02  1.326332E+01 -4.181344E+00 -3.990105E+01 -1.128983E-01 -1.943190E-01
       367   3  1.597091E+02  1.314577E+01 -2.746658E+00 -3.653741E+01  1.142021E-02 -2.089343E-01
       367   4  1.550393E+02  1.111391E+01 -4.181346E+00 -3.587980E+01  7.966368E-03 -2.245940E-01
       367   5  1.562710E+02  1.440836E+01 -3.399300E+00 -4.054004E+01  3.095694E-01  1.490395E+00
       367   6  1.516519E+02  1.234257E+01 -4.828967E+00 -3.981039E+01  3.052335E-01  1.474957E+00
       367   7  1.584548E+02  1.222453E+01 -3.399302E+00 -3.645440E+01  4.295520E-01  1.460341E+00
       367   8  1.537964E+02  1.019805E+01 -4.828969E+00 -3.579828E+01  4.260982E-01  1.444682E+00
       368   1  1.501744E+02  1.294204E+01 -4.656654E+00 -3.921686E+01 -1.754677E-01 -4.425380E-01
       368   2  1.458842E+02  1.104704E+01 -5.897614E+00 -3.853237E+01 -1.810859E-01 -4.625424E-01
       368   3  1.522870E+02  1.082949E+01 -4.656653E+00 -3.526456E+01 -5.386190E-02 -4.729987E-01
       368   4  1.479599E+02  8.971370E+00 -5.897613E+00 -3.464905E+01 -5.833713E-02 -4.932893E-01
       368   5  1.488835E+02  1.190069E+01 -5.356327E+00 -3.914555E+01  2.708615E-01  1.339308E+00
       368   6  1.446017E+02  1.000979E+01 -6.593525E+00 -3.846230E+01  2.652434E-01  1.319304E+00
       368   7  1.509923E+02  9.791990E+00 -5.356326E+00 -3.520044E+01  3.924673E-01  1.308847E+00
       368   8  1.466736E+02  7.937890E+00 -6.593524E+00 -3.458605E+01  3.879921E-01  1.288557E+00
       369   1  2.172019E+02  8.548854E+00  6.870812E+00 -3.490648E+01 -1.435903E-01 -5.074085E-01
       369   2  2.091911E+02  5.157468E+00  4.118115E+00 -3.413368E+01 -1.355894E-01 -4.623193E-01
       369   3  2.190127E+02  6.738036E+00  6.870812E+00 -2.893701E+01 -9.885441E-03 -5.272418E-01
       369   4  2.109618E+02  3.386740E+00  4.118115E+00 -2.829637E+01 -4.453125E-03 -4.817716E-01
       369   5  2.163080E+02  9.125252E+00  6.775560E+00 -3.466051E+01  1.493283E-01  1.467288E+00
       369   6  2.083563E+02  5.760478E+00  4.048596E+00 -3.389315E+01  1.573291E-01  1.512377E+00
       369   7  2.181060E+02  7.327194E+00  6.775559E+00 -2.873310E+01  2.830331E-01  1.447455E+00
       369   8  2.101146E+02  4.002228E+00  4.048596E+00 -2.809698E+01  2.884654E-01  1.492925E+00
       370   1  2.070866E+02  1.052603E+01  5.567592E+00 -3.288349E+01 -9.619053E-02 -2.027221E-01
       370   2  1.998250E+02  7.455386E+00  3.084684E+00 -3.218236E+01 -8.934802E-02 -1.641610E-01
       370   3  2.087925E+02  8.820147E+00  5.567587E+00 -2.725998E+01  3.320154E-02 -2.219156E-01
       370   4  2.014945E+02  5.785875E+00  3.084680E+00 -2.667876E+01  3.784736E-02 -1.830286E-01
       370   5  2.062123E+02  1.096955E+01  5.438336E+00 -3.266302E+01  1.742828E-01  1.620661E+00
       370   6  1.990017E+02  7.921877E+00  2.977643E+00 -3.196659E+01  1.811253E-01  1.659222E+00
       370   7  2.079067E+02  9.275102E+00  5.438332E+00 -2.707721E+01  3.036749E-01  1.601468E+00
       370   8  2.006600E+02  6.263560E+00  2.977639E+00 -2.649988E+01  3.083207E-01  1.640355E+00
       371   1  1.975835E+02  1.160165E+01  4.100940E+00 -3.111373E+01 -6.620877E-02 -1.300004E-02
       371   2  1.909780E+02  8.820364E+00  1.883448E+00 -3.047396E+01 -6.111652E-02  1.569739E-02
       371   3  1.991975E+02  9.987590E+00  4.100941E+00 -2.579287E+01  5.958418E-02 -3.165971E-02
       371   4  1.925589E+02  7.239492E+00  1.883450E+00 -2.526251E+01  6.304164E-02 -2.719775E-03
       371   5  1.966734E+02  1.181507E+01  3.891953E+00 -3.092578E+01  1.962686E-01  1.756479E+00
       371   6  1.901099E+02  9.052668E+00  1.692724E+00 -3.028987E+01  2.013608E-01  1.785176E+00
       371   7  1.982778E+02  1.021076E+01  3.891955E+00 -2.563706E+01  3.220615E-01  1.737819E+00
       371   8  1.916813E+02  7.481346E+00  1.692725E+00 -2.510991E+01  3.255190E-01  1.766759E+00
       372   1  1.886082E+02  1.188569E+01  2.527104E+00 -2.956469E+01 -5.146510E-02  7.747173E-02
       372   2  1.825709E+02  9.357270E+00  5.473260E-01 -2.897768E+01 -4.842918E-02  9.458073E-02
       372   3  1.901419E+02  1.035198E+01  2.527100E+00 -2.450874E+01  7.173795E-02  5.919632E-02
       372   4  1.840741E+02  7.854007E+00  5.473224E-01 -2.402211E+01  7.379924E-02  7.644989E-02
       372   5  1.876256E+02  1.181501E+01  2.211135E+00 -2.941214E+01  2.072353E-01  1.821488E+00
       372   6  1.816213E+02  9.301391E+00  2.456701E-01 -2.882816E+01  2.102712E-01  1.838597E+00
       372   7  1.891514E+02  1.028921E+01  2.211131E+00 -2.438227E+01  3.304384E-01  1.803213E+00
       372   8  1.831167E+02  7.805885E+00  2.456665E-01 -2.389816E+01  3.324996E-01  1.820466E+00
       373   1  1.800792E+02  1.146447E+01  8.608274E-01 -2.820830E+01 -5.094655E-02  7.602307E-02
       373   2  1.745321E+02  9.153931E+00 -9.147475E-01 -2.766685E+01 -5.006228E-02  8.100634E-02
       373   3  1.815425E+02  1.000113E+01  8.608264E-01 -2.338431E+01  7.082121E-02  5.796053E-02
       373   4  1.759673E+02  7.718675E+00 -9.147491E-01 -2.293545E+01  7.142159E-02  6.298592E-02
       373   5  1.790021E+02  1.108811E+01  4.247807E-01 -2.809107E+01  2.041535E-01  1.795768E+00
       373   6  1.734794E+02  8.788562E+00 -1.340161E+00 -2.755186E+01  2.050378E-01  1.800752E+00
       373   7  1.804593E+02  9.630846E+00  4.247798E-01 -2.328713E+01  3.259213E-01  1.777706E+00
       373   8  1.749087E+02  7.359271E+00 -1.340162E+00 -2.284013E+01  3.265217E-01  1.782731E+00
       374   1  1.719238E+02  1.040794E+01 -8.980906E-01 -2.702071E+01 -6.403972E-02 -1.311297E-02
       374   2  1.668011E+02  8.285766E+00 -2.497801E+00 -2.651874E+01 -6.519336E-02 -1.961427E-02
       374   3  1.733256E+02  9.006203E+00 -8.980921E-01 -2.239981E+01  5.747580E-02 -3.113806E-02
       374   4  1.681768E+02  6.910070E+00 -2.497802E+00 -2.198369E+01  5.669253E-02 -3.769430E-02
       374   5  1.707458E+02  9.736932E+00 -1.452815E+00 -2.693588E+01  1.875681E-01  1.683089E+00
       374   6  1.656402E+02  7.622461E+00 -3.045078E+00 -2.643549E+01  1.864144E-01  1.676588E+00
       374   7  1.721431E+02  8.339597E+00 -1.452816E+00 -2.232949E+01  3.090836E-01  1.665064E+00
       374   8  1.670115E+02  6.251084E+00 -3.045080E+00 -2.191467E+01  3.083003E-01  1.658508E+00
       375   1  1.640812E+02  8.773617E+00 -2.746657E+00 -2.598210E+01 -9.050639E-02 -1.886598E-01
       375   2  1.593328E+02  6.820448E+00 -4.181346E+00 -2.551447E+01 -9.330816E-02 -2.044492E-01
       375   3  1.654291E+02  7.425758E+00 -2.746659E+00 -2.153882E+01  3.184429E-02 -2.068088E-01
       375   4  1.606564E+02  5.496848E+00 -4.181348E+00 -2.115116E+01  2.994199E-02 -2.227316E-01
       375   5  1.628170E+02  7.862316E+00 -3.399300E+00 -2.592307E+01  1.619943E-01  1.513562E+00
       375   6  1.580802E+02  5.914340E+00 -4.828968E+00 -2.545650E+01  1.591925E-01  1.497773E+00
       375   7  1.641618E+02  6.517519E+00 -3.399303E+00 -2.148988E+01  2.843450E-01  1.495413E+00
       375   8  1.594007E+02  4.593747E+00 -4.828971E+00 -2.110310E+01  2.824427E-01  1.479490E+00
       376   1  1.565068E+02  6.609656E+00 -4.656651E+00 -2.507696E+01 -1.312466E-01 -4.576059E-01
       376   2  1.521060E+02  4.825187E+00 -5.897610E+00 -2.463927E+01 -1.348769E-01 -4.780646E-01
       376   3  1.578077E+02  5.308755E+00 -4.656652E+00 -2.078847E+01 -7.240652E-03 -4.760004E-01
       376   4  1.533842E+02  3.546992E+00 -5.897610E+00 -2.042563E+01 -9.705520E-03 -4.966320E-01
       376   5  1.552044E+02  5.579826E+00 -5.356324E+00 -2.503136E+01  1.382819E-01  1.359408E+00
       376   6  1.508123E+02  3.799247E+00 -6.593521E+00 -2.459446E+01  1.346515E-01  1.338949E+00
       376   7  1.565030E+02  4.281291E+00 -5.356325E+00 -2.075067E+01  2.622878E-01  1.341013E+00
       376   8  1.520881E+02  2.523376E+00 -6.593522E+00 -2.038849E+01  2.598230E-01  1.320382E+00
       377   1  2.220072E+02  3.743539E+00  6.870805E+00 -1.388267E+01 -9.316423E-02 -5.190396E-01
       377   2  2.138900E+02  4.585419E-01  4.118111E+00 -1.357532E+01 -8.962138E-02 -4.733832E-01
       377   3  2.226186E+02  3.132103E+00  6.870806E+00 -7.674635E+00  4.184085E-02 -5.256719E-01
       377   4  2.144879E+02 -1.393578E-01  4.118112E+00 -7.504725E+00  4.279015E-02 -4.798882E-01
       377   5  2.210794E+02  4.353798E+00  6.775552E+00 -1.378484E+01  4.789695E-03  1.474859E+00
       377   6  2.130221E+02  1.094664E+00  4.048592E+00 -1.347966E+01  8.332545E-03  1.520515E+00
       377   7  2.216865E+02  3.746670E+00  6.775553E+00 -7.620554E+00  1.397948E-01  1.468227E+00
       377   8  2.136158E+02  5.009775E-01  4.048593E+00 -7.451842E+00  1.407441E-01  1.514010E+00
       378   1  2.116134E+02  5.999196E+00  5.567584E+00 -1.307811E+01 -7.585716E-02 -2.111743E-01
       378   2  2.042553E+02  3.025073E+00  3.084679E+00 -1.279926E+01 -7.282725E-02 -1.721282E-01
       378   3  2.121894E+02  5.423193E+00  5.567584E+00 -7.229855E+00  5.479319E-02 -2.175927E-01
       378   4  2.048190E+02  2.461352E+00  3.084679E+00 -7.075704E+00  5.560505E-02 -1.784376E-01
       378   5  2.107087E+02  6.473064E+00  5.438328E+00 -1.299042E+01  1.459094E-02  1.629940E+00
       378   6  2.034023E+02  3.521268E+00  2.977637E+00 -1.271345E+01  1.762085E-02  1.668986E+00
       378   7  2.112809E+02  5.900924E+00  5.438329E+00 -7.181381E+00  1.452413E-01  1.623522E+00
       378   8  2.039622E+02  2.961327E+00  2.977638E+00 -7.028263E+00  1.460531E-01  1.662677E+00
       379   1  2.018667E+02  7.318453E+00  4.100937E+00 -1.237426E+01 -6.461578E-02 -1.942704E-02
       379   2  1.951731E+02  4.625239E+00  1.883446E+00 -1.211981E+01 -6.236090E-02  9.631343E-03
       379   3  2.024117E+02  6.773454E+00  4.100939E+00 -6.840750E+00  6.240045E-02 -2.566695E-02
       379   4  1.957069E+02  4.091446E+00  1.883448E+00 -6.700089E+00  6.300465E-02  3.472522E-03
       379   5  2.009307E+02  7.557744E+00  3.891950E+00 -1.229951E+01  2.315840E-02  1.767259E+00
       379   6  1.942797E+02  4.882885E+00  1.692722E+00 -1.204660E+01  2.541328E-02  1.796317E+00
       379   7  2.014725E+02  7.016037E+00  3.891952E+00 -6.799427E+00  1.501746E-01  1.761019E+00
       379   8  1.948103E+02  4.352316E+00  1.692724E+00 -6.659616E+00  1.507788E-01  1.790158E+00
       380   1  1.926781E+02  7.815739E+00  2.527101E+00 -1.175819E+01 -5.881089E-02  7.205424E-02
       380   2  1.865600E+02  5.368125E+00  5.473234E-01 -1.152473E+01 -5.746656E-02  8.937843E-02
       380   3  1.931960E+02  7.297867E+00  2.527101E+00 -6.500174E+00  6.559025E-02  6.594282E-02
       380   4  1.870676E+02  4.860536E+00  5.473229E-01 -6.371112E+00  6.595045E-02  8.331536E-02
       380   5  1.916745E+02  7.766057E+00  2.211132E+00 -1.169752E+01  2.770025E-02  1.833030E+00
       380   6  1.855898E+02  5.332829E+00  2.456674E-01 -1.146526E+01  2.904458E-02  1.850354E+00
       380   7  1.921897E+02  7.250858E+00  2.211132E+00 -6.466634E+00  1.521014E-01  1.826919E+00
       380   8  1.860948E+02  4.827859E+00  2.456668E-01 -6.338238E+00  1.524616E-01  1.844291E+00
       381   1  1.839624E+02  7.581241E+00  8.608234E-01 -1.121874E+01 -5.815284E-02  7.066342E-02
       381   2  1.783408E+02  5.345235E+00 -9.147517E-01 -1.100340E+01 -5.776128E-02  7.570937E-02
       381   3  1.844565E+02  7.087135E+00  8.608257E-01 -6.201956E+00  6.479904E-02  6.462314E-02
       381   4  1.788254E+02  4.860614E+00 -9.147494E-01 -6.082910E+00  6.490397E-02  6.968318E-02
       381   5  1.828691E+02  7.221013E+00  4.247767E-01 -1.117212E+01  2.715434E-02  1.807132E+00
       381   6  1.772723E+02  4.995695E+00 -1.340165E+00 -1.095767E+01  2.754591E-02  1.812178E+00
       381   7  1.833612E+02  6.728960E+00  4.247790E-01 -6.176181E+00  1.501062E-01  1.801092E+00
       381   8  1.777549E+02  4.513087E+00 -1.340162E+00 -6.057630E+00  1.502112E-01  1.806152E+00
       382   1  1.756436E+02  6.688204E+00 -8.980894E-01 -1.074642E+01 -6.244612E-02 -1.932680E-02
       382   2  1.704518E+02  4.635133E+00 -2.497800E+00 -1.054678E+01 -6.295696E-02 -2.590988E-02
       382   3  1.761169E+02  6.214893E+00 -8.980905E-01 -5.940849E+00  6.025108E-02 -2.535452E-02
       382   4  1.709163E+02  4.170615E+00 -2.497801E+00 -5.830484E+00  6.011420E-02 -3.195597E-02
       382   5  1.744538E+02  6.028875E+00 -1.452814E+00 -1.071269E+01  2.169322E-02  1.693370E+00
       382   6  1.692794E+02  3.983289E+00 -3.045077E+00 -1.051367E+01  2.118238E-02  1.686787E+00
       382   7  1.749256E+02  5.557050E+00 -1.452815E+00 -5.922198E+00  1.443904E-01  1.687342E+00
       382   8  1.697424E+02  3.520229E+00 -3.045078E+00 -5.812179E+00  1.442535E-01  1.680740E+00
       383   1  1.676580E+02  5.196856E+00 -2.746657E+00 -1.033335E+01 -7.157875E-02 -1.966225E-01
       383   2  1.628452E+02  3.308063E+00 -4.181346E+00 -1.014737E+01 -7.281939E-02 -2.126105E-01
       383   3  1.681131E+02  4.741739E+00 -2.746657E+00 -5.712496E+00  5.196170E-02 -2.026916E-01
       383   4  1.632921E+02  2.861138E+00 -4.181346E+00 -5.609681E+00  5.162927E-02 -2.187243E-01
       383   5  1.663857E+02  4.293682E+00 -3.399301E+00 -1.030988E+01  1.285918E-02  1.522152E+00
       383   6  1.615846E+02  2.409935E+00 -4.828968E+00 -1.012432E+01  1.161854E-02  1.506164E+00
       383   7  1.668398E+02  3.839599E+00 -3.399301E+00 -5.699516E+00  1.363996E-01  1.516083E+00
       383   8  1.620305E+02  1.964025E+00 -4.828969E+00 -5.596935E+00  1.360672E-01  1.500050E+00
       384   1  1.599590E+02  3.157493E+00 -4.656654E+00 -9.973374E+00 -8.576149E-02 -4.682667E-01
       384   2  1.554979E+02  1.433277E+00 -5.897613E+00 -9.799298E+00 -8.736902E-02 -4.889828E-01
       384   3  1.603983E+02  2.718238E+00 -4.656652E+00 -5.513491E+00  3.945034E-02 -4.744181E-01
       384   4  1.559295E+02  1.001689E+00 -5.897610E+00 -5.417258E+00  3.901961E-02 -4.951919E-01
       384   5  1.586503E+02  2.133940E+00 -5.356327E+00 -9.955238E+00  4.370661E-03  1.366416E+00
       384   6  1.541980E+02  4.135052E-01 -6.593524E+00 -9.781478E+00  2.763145E-03  1.345700E+00
       384   7  1.590888E+02  1.695484E+00 -5.356324E+00 -5.503465E+00  1.295825E-01  1.360265E+00
       384   8  1.546288E+02 -1.729819E-02 -6.593522E+00 -5.407407E+00  1.291518E-01  1.339491E+00
       385   1  3.322332E+00  2.194835E+02  4.883340E+00 -7.558359E+00 -1.264616E+00  1.263989E-01
       385   2  1.402372E-01  2.115158E+02  2.265221E+00 -7.391024E+00 -1.201306E+00  1.277116E-01
       385   3  3.924505E+00  2.188813E+02  4.883338E+00 -1.367234E+01 -1.246137E+00 -2.497447E-01
       385   4  7.290782E-01  2.109269E+02  2.265219E+00 -1.336965E+01 -1.183003E+00 -2.448456E-01
       385   5  3.288555E+00  2.161368E+02  3.869210E+00 -7.442520E+00  9.050107E-01  2.329853E-01
       385   6  1.616555E-01  2.082976E+02  1.306212E+00 -7.277750E+00  9.683212E-01  2.342981E-01
       385   7  3.881499E+00  2.155439E+02  3.869209E+00 -1.346280E+01  9.234895E-01 -1.431583E-01
       385   8  7.414721E-01  2.077178E+02  1.306210E+00 -1.316474E+01  9.866238E-01 -1.382591E-01
       386   1  5.446249E+00  2.092169E+02  3.753015E+00 -7.125111E+00 -9.767744E-01  1.375462E-01
       386   2  2.680402E+00  2.021064E+02  1.663276E+00 -6.973192E+00 -9.250082E-01  1.386196E-01
       386   3  6.013906E+00  2.086493E+02  3.753014E+00 -1.288864E+01 -9.585891E-01 -2.326249E-01
       386   4  3.235956E+00  2.015508E+02  1.663275E+00 -1.261383E+01 -9.069669E-01 -2.286191E-01
       386   5  5.191747E+00  2.059521E+02  2.697228E+00 -7.019852E+00  1.629740E+00  2.655957E-01
       386   6  2.474201E+00  1.989541E+02  6.557255E-01 -6.870178E+00  1.681506E+00  2.666691E-01
       386   7  5.751018E+00  2.053929E+02  2.697227E+00 -1.269823E+01  1.647925E+00 -1.045754E-01
       386   8  3.021548E+00  1.984067E+02  6.557247E-01 -1.242749E+01  1.699547E+00 -1.005696E-01
       387   1  6.715503E+00  1.997151E+02  2.824134E+00 -6.748486E+00 -7.510666E-01  1.461581E-01
       387   2  4.277688E+00  1.933088E+02  1.121929E+00 -6.609723E+00 -7.059587E-01  1.470934E-01
       387   3  7.253152E+00  1.991774E+02  2.824132E+00 -1.220736E+01 -7.331240E-01 -2.190719E-01
       387   4  4.804282E+00  1.927822E+02  1.121927E+00 -1.195635E+01 -6.881416E-01 -2.155814E-01
       387   5  6.361833E+00  1.965630E+02  1.772421E+00 -6.650638E+00  2.087839E+00  2.856243E-01
       387   6  3.967320E+00  1.902576E+02  1.134594E-01 -6.513886E+00  2.132947E+00  2.865597E-01
       387   7  6.891687E+00  1.960332E+02  1.772419E+00 -1.203036E+01  2.105782E+00 -7.960573E-02
       387   8  4.486278E+00  1.897386E+02  1.134576E-01 -1.178299E+01  2.150764E+00 -7.611510E-02
       388   1  7.202272E+00  1.908193E+02  1.962486E+00 -6.420413E+00 -6.224972E-01  1.502885E-01
       388   2  5.029139E+00  1.850004E+02  5.536805E-01 -6.292935E+00 -5.805084E-01  1.511591E-01
       388   3  7.713788E+00  1.903078E+02  1.962486E+00 -1.161391E+01 -6.047689E-01 -2.105804E-01
       388   4  5.530500E+00  1.844991E+02  5.536809E-01 -1.138331E+01 -5.628970E-01 -2.073312E-01
       388   5  6.837455E+00  1.878023E+02  9.479433E-01 -6.327676E+00  2.329123E+00  2.952921E-01
       388   6  4.703951E+00  1.820757E+02 -4.212873E-01 -6.202040E+00  2.371112E+00  2.961628E-01
       388   7  7.341583E+00  1.872982E+02  9.479438E-01 -1.144616E+01  2.346851E+00 -6.557677E-02
       388   8  5.198070E+00  1.815816E+02 -4.212869E-01 -1.121889E+01  2.388723E+00 -6.232752E-02
       389   1  6.979431E+00  1.824116E+02  1.088119E+00 -6.134217E+00 -6.041703E-01  1.491379E-01
       389   2  5.019162E+00  1.770839E+02 -1.035511E-01 -6.016472E+00 -5.635211E-01  1.499808E-01
       389   3  7.468140E+00  1.819228E+02  1.088116E+00 -1.109621E+01 -5.866428E-01 -2.076389E-01
       389   4  5.498491E+00  1.766045E+02 -1.035534E-01 -1.088322E+01 -5.461068E-01 -2.044934E-01
       389   5  6.645751E+00  1.795362E+02  1.254154E-01 -6.045345E+00  2.365129E+00  2.950101E-01
       389   6  4.722196E+00  1.742940E+02 -1.029589E+00 -5.929305E+00  2.405779E+00  2.958531E-01
       389   7  7.127379E+00  1.790546E+02  1.254131E-01 -1.093545E+01  2.382657E+00 -6.176669E-02
       389   8  5.194580E+00  1.738217E+02 -1.029592E+00 -1.072554E+01  2.423193E+00 -5.862108E-02
       390   1  6.113868E+00  1.743957E+02  1.349409E-01 -5.884197E+00 -6.959797E-01  1.426438E-01
       390   2  4.316764E+00  1.694723E+02 -9.182637E-01 -5.774884E+00 -6.567921E-01  1.434564E-01
       390   3  6.582666E+00  1.739269E+02  1.349421E-01 -1.064394E+01 -6.786468E-01 -2.101750E-01
       390   4  4.776853E+00  1.690122E+02 -9.182626E-01 -1.044621E+01 -6.395683E-01 -2.071425E-01
       390   5  5.803061E+00  1.716490E+02 -7.822870E-01 -5.799025E+00  2.178425E+00  2.838543E-01
       390   6  4.040010E+00  1.668050E+02 -1.801484E+00 -5.691295E+00  2.217612E+00  2.846668E-01
       390   7  6.265073E+00  1.711870E+02 -7.822859E-01 -1.048988E+01  2.195758E+00 -6.896454E-02
       390   8  4.493440E+00  1.663516E+02 -1.801483E+00 -1.029500E+01  2.234836E+00 -6.593207E-02
       391   1  4.663086E+00  1.666836E+02 -9.794724E-01 -5.665260E+00 -8.831671E-01  1.315566E-01
       391   2  2.971511E+00  1.620759E+02 -1.997520E+00 -5.563296E+00 -8.474285E-01  1.322976E-01
       391   3  5.114439E+00  1.662322E+02 -9.794720E-01 -1.024791E+01 -8.660196E-01 -2.174887E-01
       391   4  3.414741E+00  1.616327E+02 -1.997519E+00 -1.006347E+01 -8.303805E-01 -2.147232E-01
       391   5  4.316469E+00  1.640316E+02 -1.879051E+00 -5.584650E+00  1.718984E+00  2.593921E-01
       391   6  2.656119E+00  1.594966E+02 -2.865916E+00 -5.484136E+00  1.754723E+00  2.601332E-01
       391   7  4.761400E+00  1.635866E+02 -1.879051E+00 -1.010209E+01  1.736132E+00 -8.965320E-02
       391   8  3.093042E+00  1.590597E+02 -2.865916E+00 -9.920274E+00  1.771771E+00 -8.688762E-02
       392   1  2.670475E+00  1.591803E+02 -2.390895E+00 -5.472572E+00 -1.124180E+00  1.180314E-01
       392   2  1.003323E+00  1.547814E+02 -3.537110E+00 -5.377054E+00 -1.095415E+00  1.186278E-01
       392   3  3.106470E+00  1.587443E+02 -2.390897E+00 -9.899356E+00 -1.107197E+00 -2.276520E-01
       392   4  1.431708E+00  1.543530E+02 -3.537113E+00 -9.726572E+00 -1.078512E+00 -2.254261E-01
       392   5  2.187192E+00  1.565700E+02 -3.318964E+00 -5.398199E+00  8.865565E-01  2.168125E-01
       392   6  5.479777E-01  1.522362E+02 -4.437279E+00 -5.303979E+00  9.153214E-01  2.174090E-01
       392   7  2.617261E+00  1.561399E+02 -3.318966E+00 -9.764822E+00  9.035390E-01 -1.288708E-01
       392   8  9.705411E-01  1.518136E+02 -4.437281E+00 -9.594386E+00  9.322239E-01 -1.266449E-01
       393   1  6.873633E+00  2.159322E+02  4.883345E+00 -2.849860E+01 -1.270916E+00  1.836067E-03
       393   2  3.612912E+00  2.080431E+02  2.265223E+00 -2.786766E+01 -1.208039E+00  9.348019E-03
       393   3  8.657016E+00  2.141488E+02  4.883344E+00 -3.437763E+01 -1.215658E+00 -3.706851E-01
       393   4  5.356812E+00  2.062992E+02  2.265222E+00 -3.361654E+01 -1.153308E+00 -3.596213E-01
       393   5  6.785429E+00  2.126400E+02  3.869215E+00 -2.806183E+01  8.778166E-01  3.205691E-01
       393   6  3.581109E+00  2.048782E+02  1.306213E+00 -2.744056E+01  9.406936E-01  3.280812E-01
       393   7  8.541480E+00  2.108839E+02  3.869214E+00 -3.385076E+01  9.330754E-01 -5.195209E-02
       393   8  5.298282E+00  2.031610E+02  1.306212E+00 -3.310133E+01  9.954254E-01 -4.088809E-02
       394   1  8.793988E+00  2.058692E+02  3.753017E+00 -2.686505E+01 -9.855528E-01  4.114319E-02
       394   2  5.956760E+00  1.988300E+02  1.663276E+00 -2.629224E+01 -9.341411E-01  4.728539E-02
       394   3  1.047516E+01  2.041880E+02  3.753020E+00 -3.240709E+01 -9.311720E-01 -3.254631E-01
       394   4  7.602083E+00  1.971847E+02  1.663279E+00 -3.171611E+01 -8.801910E-01 -3.164167E-01
       394   5  8.490030E+00  2.026539E+02  2.697230E+00 -2.646817E+01  1.595860E+00  4.240585E-01
       394   6  5.702158E+00  1.957261E+02  6.557253E-01 -2.590383E+01  1.647271E+00  4.302008E-01
       394   7  1.014636E+01  2.009975E+02  2.697233E+00 -3.192834E+01  1.650241E+00  5.745226E-02
       394   8  7.323175E+00  1.941051E+02  6.557286E-01 -3.124758E+01  1.701222E+00  6.649883E-02
       395   1  9.886289E+00  1.965443E+02  2.824136E+00 -2.544499E+01 -7.617761E-01  7.183680E-02
       395   2  7.383275E+00  1.902032E+02  1.121930E+00 -2.492179E+01 -7.169770E-01  7.718898E-02
       395   3  1.147858E+01  1.949520E+02  2.824134E+00 -3.069409E+01 -7.081209E-01 -2.898759E-01
       395   4  8.942825E+00  1.886436E+02  1.121928E+00 -3.006295E+01 -6.636972E-01 -2.819931E-01
       395   5  9.486645E+00  1.934382E+02  1.772422E+00 -2.507606E+01  2.049790E+00  4.888924E-01
       395   6  7.027878E+00  1.871970E+02  1.134606E-01 -2.456044E+01  2.094589E+00  4.942447E-01
       395   7  1.105585E+01  1.918690E+02  1.772421E+00 -3.024904E+01  2.103445E+00  1.271797E-01
       395   8  8.564816E+00  1.856601E+02  1.134587E-01 -2.962705E+01  2.147869E+00  1.350627E-01
       396   1  1.021891E+01  1.878027E+02  1.962485E+00 -2.420800E+01 -6.342305E-01  8.854934E-02
       396   2  7.985879E+00  1.820437E+02  5.536797E-01 -2.372735E+01 -5.925293E-01  9.353141E-02
       396   3  1.173380E+01  1.862878E+02  1.962488E+00 -2.920191E+01 -5.812162E-01 -2.688442E-01
       396   4  9.470695E+00  1.805589E+02  5.536828E-01 -2.862210E+01 -5.398644E-01 -2.615065E-01
       396   5  9.810518E+00  1.848292E+02  9.479424E-01 -2.385834E+01  2.288964E+00  5.221637E-01
       396   6  7.617983E+00  1.791617E+02 -4.212882E-01 -2.338463E+01  2.330665E+00  5.271459E-01
       396   7  1.130353E+01  1.833362E+02  9.479457E-01 -2.878012E+01  2.341979E+00  1.647702E-01
       396   8  9.081353E+00  1.776983E+02 -4.212851E-01 -2.820869E+01  2.383331E+00  1.721080E-01
       397   1  9.861600E+00  1.795294E+02  1.088119E+00 -2.312891E+01 -6.158791E-01  8.920065E-02
       397   2  7.846008E+00  1.742570E+02 -1.035509E-01 -2.268495E+01 -5.755083E-01  9.402374E-02
       397   3  1.130896E+01  1.780820E+02  1.088119E+00 -2.790021E+01 -5.634659E-01 -2.641403E-01
       397   4  9.265587E+00  1.728375E+02 -1.035496E-01 -2.736466E+01 -5.234334E-01 -2.570366E-01
       397   5  9.486163E+00  1.766958E+02  1.254157E-01 -2.279382E+01  2.324825E+00  5.254124E-01
       397   6  7.508087E+00  1.715082E+02 -1.029589E+00 -2.235629E+01  2.365196E+00  5.302356E-01
       397   7  1.091255E+01  1.752694E+02  1.254163E-01 -2.749599E+01  2.377238E+00  1.720715E-01
       397   8  8.907099E+00  1.701092E+02 -1.029588E+00 -2.696821E+01  2.417271E+00  1.791752E-01
       398   1  8.878560E+00  1.716310E+02  1.349393E-01 -2.218621E+01 -7.066098E-01  7.373893E-02
       398   2  7.030096E+00  1.667590E+02 -9.182649E-01 -2.177405E+01 -6.676906E-01  7.838862E-02
       398   3  1.026693E+01  1.702426E+02  1.349405E-01 -2.676304E+01 -6.547781E-01 -2.756820E-01
       398   4  8.392672E+00  1.653964E+02 -9.182637E-01 -2.626585E+01 -6.161850E-01 -2.688338E-01
       398   5  8.527735E+00  1.689244E+02 -7.822888E-01 -2.186507E+01  2.140113E+00  4.960100E-01
       398   6  6.714068E+00  1.641309E+02 -1.801486E+00 -2.145888E+01  2.179032E+00  5.006597E-01
       398   7  9.896008E+00  1.675561E+02 -7.822875E-01 -2.637566E+01  2.191945E+00  1.465891E-01
       398   8  8.056921E+00  1.627881E+02 -1.801484E+00 -2.588567E+01  2.230538E+00  1.534373E-01
       399   1  7.324910E+00  1.640217E+02 -9.794738E-01 -2.136072E+01 -8.918091E-01  4.435759E-02
       399   2  5.585427E+00  1.594620E+02 -1.997521E+00 -2.097626E+01 -8.563153E-01  4.859803E-02
       399   3  8.661624E+00  1.626850E+02 -9.794716E-01 -2.576726E+01 -8.405318E-01 -3.013263E-01
       399   4  6.898082E+00  1.581493E+02 -1.997519E+00 -2.530349E+01 -8.053354E-01 -2.950808E-01
       399   5  6.940419E+00  1.614076E+02 -1.879053E+00 -2.105678E+01  1.685282E+00  4.266327E-01
       399   6  5.232842E+00  1.569199E+02 -2.865918E+00 -2.067779E+01  1.720776E+00  4.308732E-01
       399   7  8.258113E+00  1.600899E+02 -1.879051E+00 -2.540062E+01  1.736559E+00  8.094884E-02
       399   8  6.526820E+00  1.556259E+02 -2.865916E+00 -2.494345E+01  1.771756E+00  8.719431E-02
       400   1  5.241767E+00  1.566090E+02 -2.390895E+00 -2.063419E+01 -1.130335E+00  7.274133E-03
       400   2  3.529736E+00  1.522550E+02 -3.537110E+00 -2.027404E+01 -1.101768E+00  1.068711E-02
       400   3  6.533014E+00  1.553177E+02 -2.390895E+00 -2.489086E+01 -1.079552E+00 -3.350801E-01
       400   4  4.798445E+00  1.509863E+02 -3.537110E+00 -2.445641E+01 -1.051223E+00 -3.300534E-01
       400   5  4.723539E+00  1.540336E+02 -3.318964E+00 -2.035377E+01  8.610363E-01  3.026660E-01
       400   6  3.040056E+00  1.497441E+02 -4.437279E+00 -1.999851E+01  8.896042E-01  3.060790E-01
       400   7  5.997237E+00  1.527599E+02 -3.318964E+00 -2.455258E+01  9.118198E-01 -3.968822E-02
       400   8  4.291523E+00  1.484926E+02 -4.437278E+00 -2.412404E+01  9.401483E-01 -3.466143E-02
       401   1  1.444195E+01  2.083639E+02  4.883355E+00 -4.834366E+01 -1.264976E+00 -1.227440E-01
       401   2  1.101366E+01  2.006424E+02  2.265225E+00 -4.727337E+01 -1.203138E+00 -1.091052E-01
       401   3  1.733801E+01  2.054679E+02  4.883357E+00 -5.376182E+01 -1.173471E+00 -4.880552E-01
       401   4  1.384561E+01  1.978104E+02  2.265228E+00 -5.257157E+01 -1.112505E+00 -4.709333E-01
       401   5  1.423775E+01  2.051877E+02  3.869225E+00 -4.760275E+01  8.421685E-01  4.050686E-01
       401   6  1.086843E+01  1.975909E+02  1.306216E+00 -4.654886E+01  9.040065E-01  4.187073E-01
       401   7  1.708943E+01  2.023360E+02  3.869227E+00 -5.293786E+01  9.336741E-01  3.975732E-02
       401   8  1.365698E+01  1.948023E+02  1.306218E+00 -5.176586E+01  9.946395E-01  5.687920E-02
       402   1  1.592848E+01  1.987347E+02  3.753020E+00 -4.557257E+01 -9.848399E-01 -5.565566E-02
       402   2  1.293913E+01  1.918476E+02  1.663278E+00 -4.460089E+01 -9.342777E-01 -4.450382E-02
       402   3  1.865853E+01  1.960047E+02  3.753019E+00 -5.068015E+01 -8.947871E-01 -4.151664E-01
       402   4  1.561097E+01  1.891758E+02  1.663277E+00 -4.959957E+01 -8.449383E-01 -4.011666E-01
       402   5  1.551912E+01  1.956248E+02  2.697233E+00 -4.489933E+01  1.546610E+00  5.784398E-01
       402   6  1.258138E+01  1.888469E+02  6.557277E-01 -4.394201E+01  1.597173E+00  5.895916E-01
       402   7  1.820885E+01  1.929351E+02  2.697232E+00 -4.993145E+01  1.636663E+00  2.189291E-01
       402   8  1.521375E+01  1.862145E+02  6.557263E-01 -4.886684E+01  1.686512E+00  2.329289E-01
       403   1  1.664366E+01  1.897870E+02  2.824137E+00 -4.316366E+01 -7.651492E-01 -3.175916E-03
       403   2  1.400169E+01  1.835848E+02  1.121932E+00 -4.227612E+01 -7.210904E-01  6.541510E-03
       403   3  1.922940E+01  1.872012E+02  2.824137E+00 -4.800125E+01 -6.762985E-01 -3.578879E-01
       403   4  1.653427E+01  1.810522E+02  1.121931E+00 -4.701424E+01 -6.328613E-01 -3.456887E-01
       403   5  1.614603E+01  1.867789E+02  1.772424E+00 -4.253781E+01  1.992000E+00  6.874541E-01
       403   6  1.355034E+01  1.806746E+02  1.134623E-01 -4.166314E+01  2.036059E+00  6.971715E-01
       403   7  1.869429E+01  1.842306E+02  1.772424E+00 -4.730526E+01  2.080850E+00  3.327421E-01
       403   8  1.604619E+01  1.781787E+02  1.134616E-01 -4.633256E+01  2.124288E+00  3.449412E-01
       404   1  1.664777E+01  1.813738E+02  1.962487E+00 -4.106528E+01 -6.398559E-01  2.595771E-02
       404   2  1.428710E+01  1.757425E+02  5.536812E-01 -4.024993E+01 -5.988438E-01  3.500322E-02
       404   3  1.910781E+01  1.789138E+02  1.962486E+00 -4.566770E+01 -5.520662E-01 -3.245186E-01
       404   4  1.669829E+01  1.733313E+02  5.536808E-01 -4.476096E+01 -5.116327E-01 -3.131630E-01
       404   5  1.614652E+01  1.784932E+02  9.479442E-01 -4.047213E+01  2.226761E+00  7.440080E-01
       404   6  1.382818E+01  1.729515E+02 -4.212868E-01 -3.966856E+01  2.267774E+00  7.530535E-01
       404   7  1.857103E+01  1.760687E+02  9.479433E-01 -4.500807E+01  2.314551E+00  3.935317E-01
       404   8  1.620455E+01  1.705751E+02 -4.212871E-01 -4.411443E+01  2.354984E+00  4.048872E-01
       405   1  1.600388E+01  1.733871E+02  1.088117E+00 -3.923476E+01 -6.216566E-01  2.840465E-02
       405   2  1.387039E+01  1.682326E+02 -1.035521E-01 -3.848165E+01 -5.819529E-01  3.716153E-02
       405   3  1.835427E+01  1.710367E+02  1.088120E+00 -4.363202E+01 -5.348624E-01 -3.180975E-01
       405   4  1.617566E+01  1.659274E+02 -1.035499E-01 -4.279450E+01 -4.957190E-01 -3.071043E-01
       405   5  1.553945E+01  1.706425E+02  1.254138E-01 -3.866633E+01  2.262131E+00  7.507558E-01
       405   6  1.344519E+01  1.655711E+02 -1.029591E+00 -3.792413E+01  2.301835E+00  7.595126E-01
       405   7  1.785579E+01  1.683262E+02  1.254168E-01 -4.299988E+01  2.348925E+00  4.042536E-01
       405   8  1.571706E+01  1.632992E+02 -1.029588E+00 -4.217450E+01  2.388068E+00  4.152468E-01
       406   1  1.477050E+01  1.657390E+02  1.349430E-01 -3.763561E+01 -7.104352E-01  4.124095E-03
       406   2  1.281258E+01  1.609765E+02 -9.182616E-01 -3.693644E+01 -6.721591E-01  1.256615E-02
       406   3  1.702508E+01  1.634844E+02  1.349394E-01 -4.185364E+01 -6.246037E-01 -3.385339E-01
       406   4  1.502528E+01  1.587638E+02 -9.182648E-01 -4.107612E+01 -5.868676E-01 -3.279359E-01
       406   5  1.433439E+01  1.631177E+02 -7.822852E-01 -3.709085E+01  2.081190E+00  7.033897E-01
       406   6  1.241285E+01  1.584322E+02 -1.801482E+00 -3.640180E+01  2.119466E+00  7.118317E-01
       406   7  1.655634E+01  1.608958E+02 -7.822886E-01 -4.124783E+01  2.167021E+00  3.607316E-01
       406   8  1.459352E+01  1.562515E+02 -1.801486E+00 -4.048156E+01  2.204757E+00  3.713296E-01
       407   1  1.299762E+01  1.583490E+02 -9.794733E-01 -3.623529E+01 -8.918627E-01 -4.326849E-02
       407   2  1.115604E+01  1.538914E+02 -1.997520E+00 -3.558312E+01 -8.569554E-01 -3.556947E-02
       407   3  1.516833E+01  1.561783E+02 -9.794717E-01 -4.029638E+01 -8.069494E-01 -3.822618E-01
       407   4  1.328768E+01  1.517597E+02 -1.997518E+00 -3.957112E+01 -7.725346E-01 -3.725965E-01
       407   5  1.253242E+01  1.558156E+02 -1.879053E+00 -3.571971E+01  1.635350E+00  5.897651E-01
       407   6  1.072419E+01  1.514286E+02 -2.865917E+00 -3.507681E+01  1.670257E+00  5.974640E-01
       407   7  1.467223E+01  1.536758E+02 -1.879051E+00 -3.972301E+01  1.720263E+00  2.507717E-01
       407   8  1.282550E+01  1.493273E+02 -2.865915E+00 -3.900807E+01  1.754678E+00  2.604369E-01
       408   1  1.072153E+01  1.511292E+02 -2.390897E+00 -3.500285E+01 -1.125606E+00 -1.035530E-01
       408   2  8.913857E+00  1.468708E+02 -3.537113E+00 -3.439191E+01 -1.097510E+00 -9.735632E-02
       408   3  1.281840E+01  1.490323E+02 -2.390898E+00 -3.892582E+01 -1.041510E+00 -4.392811E-01
       408   4  1.097412E+01  1.448106E+02 -3.537115E+00 -3.824640E+01 -1.013811E+00 -4.315019E-01
       408   5  1.012883E+01  1.486283E+02 -3.318966E+00 -3.452715E+01  8.272238E-01  3.856050E-01
       408   6  8.351006E+00  1.444331E+02 -4.437282E+00 -3.392451E+01  8.553196E-01  3.918016E-01
       408   7  1.219720E+01  1.465600E+02 -3.318967E+00 -3.839681E+01  9.113191E-01  4.987681E-02
       408   8  1.038327E+01  1.424009E+02 -4.437283E+00 -3.772663E+01  9.390186E-01  5.765600E-02
       409   1  2.573639E+01  1.970694E+02  4.883339E+00 -6.633091E+01 -1.246854E+00 -2.461420E-01
       409   2  2.205807E+01  1.895979E+02  2.265218E+00 -6.486240E+01 -1.186651E+00 -2.265077E-01
       409   3  2.963384E+01  1.931720E+02  4.883345E+00 -7.107995E+01 -1.119982E+00 -6.007250E-01
       409   4  2.586923E+01  1.857868E+02  2.265224E+00 -6.950629E+01 -1.060989E+00 -5.777099E-01
       409   5  2.535910E+01  1.940663E+02  3.869209E+00 -6.531432E+01  7.984090E-01  4.856663E-01
       409   6  2.174357E+01  1.867157E+02  1.306208E+00 -6.386832E+01  8.586124E-01  5.053003E-01
       409   7  2.919682E+01  1.902286E+02  3.869215E+00 -6.999058E+01  9.252802E-01  1.310831E-01
       409   8  2.549633E+01  1.829630E+02  1.306214E+00 -6.844104E+01  9.842739E-01  1.540980E-01
       410   1  2.657553E+01  1.880877E+02  3.753019E+00 -6.252877E+01 -9.746426E-01 -1.519186E-01
       410   2  2.335917E+01  1.814276E+02  1.663278E+00 -6.119556E+01 -9.254170E-01 -1.358646E-01
       410   3  3.024956E+01  1.844136E+02  3.753016E+00 -6.700560E+01 -8.497852E-01 -5.008714E-01
       410   4  2.695487E+01  1.778319E+02  1.663276E+00 -6.557693E+01 -8.015487E-01 -4.820530E-01
       410   5  2.600889E+01  1.851350E+02  2.697232E+00 -6.160504E+01  1.482465E+00  7.272497E-01
       410   6  2.284749E+01  1.785808E+02  6.557277E-01 -6.029152E+01  1.531691E+00  7.433036E-01
       410   7  2.962864E+01  1.815152E+02  2.697229E+00 -6.601573E+01  1.607322E+00  3.782968E-01
       410   8  2.639006E+01  1.750382E+02  6.557256E-01 -6.460817E+01  1.655559E+00  3.971150E-01
       411   1  2.672791E+01  1.797027E+02  2.824132E+00 -5.922357E+01 -7.611535E-01 -7.815813E-02
       411   2  2.387859E+01  1.737079E+02  1.121927E+00 -5.800580E+01 -7.182593E-01 -6.416898E-02
       411   3  3.020774E+01  1.762229E+02  2.824136E+00 -6.346376E+01 -6.379629E-01 -4.224531E-01
       411   4  2.728687E+01  1.702996E+02  1.121931E+00 -6.215880E+01 -5.959307E-01 -4.060552E-01
       411   5  2.608407E+01  1.768408E+02  1.772419E+00 -5.836487E+01  1.915025E+00  8.793946E-01
       411   6  2.328402E+01  1.709409E+02  1.134576E-01 -5.716476E+01  1.957919E+00  8.933836E-01
       411   7  2.951345E+01  1.734114E+02  1.772423E+00 -6.254357E+01  2.038215E+00  5.350995E-01
       411   8  2.664289E+01  1.675820E+02  1.134609E-01 -6.125754E+01  2.080248E+00  5.514973E-01
       412   1  2.624179E+01  1.717798E+02  1.962488E+00 -5.634445E+01 -6.393193E-01 -3.688398E-02
       412   2  2.369063E+01  1.663390E+02  5.536831E-01 -5.522573E+01 -5.993913E-01 -2.386215E-02
       412   3  2.955245E+01  1.684691E+02  1.962487E+00 -6.037850E+01 -5.175996E-01 -3.770678E-01
       412   4  2.693555E+01  1.630940E+02  5.536810E-01 -5.917968E+01 -4.784739E-01 -3.618037E-01
       412   5  2.560197E+01  1.690378E+02  9.479449E-01 -5.553061E+01  2.143113E+00  9.586866E-01
       412   6  2.309589E+01  1.636838E+02 -4.212848E-01 -5.442804E+01  2.183041E+00  9.717084E-01
       412   7  2.886480E+01  1.657750E+02  9.479441E-01 -5.950639E+01  2.264832E+00  6.185028E-01
       412   8  2.629394E+01  1.604857E+02 -4.212869E-01 -5.832489E+01  2.303958E+00  6.337668E-01
       413   1  2.517024E+01  1.642207E+02  1.088118E+00 -5.383285E+01 -6.214474E-01 -3.266498E-02
       413   2  2.286080E+01  1.592422E+02 -1.035514E-01 -5.279953E+01 -5.827933E-01 -2.005859E-02
       413   3  2.833332E+01  1.610577E+02  1.088117E+00 -5.768707E+01 -5.011080E-01 -3.689913E-01
       413   4  2.596317E+01  1.561399E+02 -1.035521E-01 -5.657977E+01 -4.632305E-01 -3.542142E-01
       413   5  2.457301E+01  1.616090E+02  1.254151E-01 -5.305292E+01  2.177651E+00  9.688687E-01
       413   6  2.230535E+01  1.567109E+02 -1.029590E+00 -5.203457E+01  2.216305E+00  9.814750E-01
       413   7  2.769027E+01  1.584917E+02  1.254140E-01 -5.685131E+01  2.297990E+00  6.325424E-01
       413   8  2.536277E+01  1.536535E+02 -1.029591E+00 -5.576005E+01  2.335867E+00  6.473193E-01
       414   1  2.356325E+01  1.569463E+02  1.349423E-01 -5.163870E+01 -7.074185E-01 -6.553035E-02
       414   2  2.144199E+01  1.523471E+02 -9.182616E-01 -5.067939E+01 -6.701542E-01 -5.337726E-02
       414   3  2.659741E+01  1.539121E+02  1.349422E-01 -5.533584E+01 -5.884141E-01 -3.981255E-01
       414   4  2.441978E+01  1.493693E+02 -9.182620E-01 -5.430785E+01 -5.518986E-01 -3.838797E-01
       414   5  2.299987E+01  1.544522E+02 -7.822858E-01 -5.089125E+01  2.002224E+00  9.039954E-01
       414   6  2.091735E+01  1.499277E+02 -1.801482E+00 -4.994583E+01  2.039488E+00  9.161484E-01
       414   7  2.599011E+01  1.514620E+02 -7.822859E-01 -5.453487E+01  2.121228E+00  5.714002E-01
       414   8  2.385204E+01  1.469930E+02 -1.801483E+00 -5.352176E+01  2.157744E+00  5.856459E-01
       415   1  2.146322E+01  1.498834E+02 -9.794726E-01 -4.971736E+01 -8.833271E-01 -1.304778E-01
       415   2  1.946927E+01  1.455781E+02 -1.997520E+00 -4.882254E+01 -8.493426E-01 -1.193943E-01
       415   3  2.438449E+01  1.469621E+02 -9.794731E-01 -5.327694E+01 -7.655955E-01 -4.595158E-01
       415   4  2.233796E+01  1.427094E+02 -1.997520E+00 -5.231805E+01 -7.322938E-01 -4.465238E-01
       415   5  2.087756E+01  1.474705E+02 -1.879052E+00 -4.900994E+01  1.569667E+00  7.472178E-01
       415   6  1.891914E+01  1.432336E+02 -2.865916E+00 -4.812785E+01  1.603652E+00  7.583013E-01
       415   7  2.375726E+01  1.445908E+02 -1.879052E+00 -5.251887E+01  1.687399E+00  4.181798E-01
       415   8  2.174701E+01  1.404057E+02 -2.865916E+00 -5.157363E+01  1.720701E+00  4.311717E-01
       416   1  1.889920E+01  1.429515E+02 -2.390893E+00 -4.802637E+01 -1.110036E+00 -2.133828E-01
       416   2  1.694880E+01  1.388359E+02 -3.537105E+00 -4.718811E+01 -1.082682E+00 -2.044621E-01
       416   3  2.172111E+01  1.401296E+02 -2.390895E+00 -5.146487E+01 -9.934379E-01 -5.392515E-01
       416   4  1.972145E+01  1.360633E+02 -3.537107E+00 -5.056660E+01 -9.666344E-01 -5.287947E-01
       416   5  1.819537E+01  1.405618E+02 -3.318962E+00 -4.737368E+01  7.854440E-01  4.648306E-01
       416   6  1.627675E+01  1.365074E+02 -4.437274E+00 -4.654682E+01  8.127971E-01  4.737514E-01
       416   7  2.097892E+01  1.377783E+02 -3.318964E+00 -5.076546E+01  9.020416E-01  1.389619E-01
       416   8  1.901172E+01  1.337724E+02 -4.437276E+00 -4.987939E+01  9.288452E-01  1.494187E-01
       417   1  4.032297E+01  1.824828E+02  4.883337E+00 -8.176908E+01 -1.216724E+00 -3.671700E-01
       417   2  3.632171E+01  1.753343E+02  2.265218E+00 -7.995878E+01 -1.158735E+00 -3.417293E-01
       417   3  4.507201E+01  1.777338E+02  4.883339E+00 -8.566651E+01 -1.055708E+00 -7.076098E-01
       417   4  4.096561E+01  1.706904E+02  2.265220E+00 -8.376993E+01 -9.992542E-01 -6.789232E-01
       417   5  3.972212E+01  1.797033E+02  3.869207E+00 -8.051589E+01  7.469608E-01  5.615839E-01
       417   6  3.578861E+01  1.726707E+02  1.306209E+00 -7.873333E+01  8.049497E-01  5.870247E-01
       417   7  4.439837E+01  1.750270E+02  3.869209E+00 -8.435359E+01  9.079769E-01  2.211441E-01
       417   8  4.036134E+01  1.680980E+02  1.306211E+00 -8.248607E+01  9.644306E-01  2.498308E-01
       418   1  4.032599E+01  1.743372E+02  3.753014E+00 -7.708203E+01 -9.550587E-01 -2.467189E-01
       418   2  3.681645E+01  1.679703E+02  1.663276E+00 -7.543852E+01 -9.076437E-01 -2.259172E-01
       418   3  4.480281E+01  1.698604E+02  3.753013E+00 -8.075606E+01 -7.965993E-01 -5.817532E-01
       418   4  4.119782E+01  1.635889E+02  1.663274E+00 -7.903421E+01 -7.504396E-01 -5.582974E-01
       418   5  3.955621E+01  1.715877E+02  2.697227E+00 -7.594330E+01  1.404044E+00  8.690537E-01
       418   6  3.610596E+01  1.653223E+02  6.557255E-01 -7.432407E+01  1.451459E+00  8.898555E-01
       418   7  4.396690E+01  1.671770E+02  2.697227E+00 -7.956306E+01  1.562503E+00  5.340195E-01
       418   8  4.042260E+01  1.610057E+02  6.557238E-01 -7.786665E+01  1.608663E+00  5.574754E-01
       419   1  3.975154E+01  1.666791E+02  2.824133E+00 -7.300756E+01 -7.498275E-01 -1.523880E-01
       419   2  3.663443E+01  1.609520E+02  1.121927E+00 -7.150636E+01 -7.085111E-01 -1.342618E-01
       419   3  4.399172E+01  1.624389E+02  2.824133E+00 -7.648739E+01 -5.934833E-01 -4.829502E-01
       419   4  4.078743E+01  1.567990E+02  1.121928E+00 -7.491464E+01 -5.532607E-01 -4.625113E-01
       419   5  3.891887E+01  1.640060E+02  1.772420E+00 -7.194900E+01  1.819608E+00  1.062865E+00
       419   6  3.585491E+01  1.583700E+02  1.134580E-01 -7.046957E+01  1.860924E+00  1.080991E+00
       419   7  4.309757E+01  1.598273E+02  1.772420E+00 -7.537837E+01  1.975952E+00  7.323025E-01
       419   8  3.994769E+01  1.542772E+02  1.134590E-01 -7.382842E+01  2.016174E+00  7.527414E-01
       420   1  3.863228E+01  1.593893E+02  1.962485E+00 -6.945834E+01 -6.326256E-01 -9.937060E-02
       420   2  3.583510E+01  1.541945E+02  5.536794E-01 -6.807924E+01 -5.941661E-01 -8.249783E-02
       420   3  4.266633E+01  1.553552E+02  1.962487E+00 -7.276900E+01 -4.781482E-01 -4.259857E-01
       420   4  3.978906E+01  1.502405E+02  5.536821E-01 -7.132416E+01 -4.407070E-01 -4.069601E-01
       420   5  3.781348E+01  1.568263E+02  9.479426E-01 -6.845508E+01  2.038825E+00  1.164132E+00
       420   6  3.506495E+01  1.517147E+02 -4.212884E-01 -6.709590E+01  2.077285E+00  1.181005E+00
       420   7  4.178927E+01  1.528505E+02  9.479439E-01 -7.171792E+01  2.193303E+00  8.375167E-01
       420   8  3.896180E+01  1.478179E+02 -4.212858E-01 -7.029395E+01  2.230744E+00  8.565423E-01
       421   1  3.700842E+01  1.523826E+02  1.088119E+00 -6.636217E+01 -6.152534E-01 -9.342020E-02
       421   2  3.447174E+01  1.476313E+02 -1.035501E-01 -6.508835E+01 -5.780210E-01 -7.708575E-02
       421   3  4.086264E+01  1.485283E+02  1.088118E+00 -6.952525E+01 -4.625276E-01 -4.163316E-01
       421   4  3.825199E+01  1.438510E+02 -1.035515E-01 -6.819072E+01 -4.262810E-01 -3.979131E-01
       421   5  3.623968E+01  1.499423E+02  1.254156E-01 -6.540072E+01  2.072199E+00  1.177650E+00
       421   6  3.374807E+01  1.452682E+02 -1.029588E+00 -6.414535E+01  2.109431E+00  1.193985E+00
       421   7  4.003806E+01  1.461439E+02  1.254151E-01 -6.851797E+01  2.224925E+00  8.547389E-01
       421   8  3.747355E+01  1.415427E+02 -1.029590E+00 -6.720277E+01  2.261171E+00  8.731575E-01
       422   1  3.491892E+01  1.455906E+02  1.349400E-01 -6.365735E+01 -6.975890E-01 -1.345539E-01
       422   2  3.258669E+01  1.412024E+02 -9.182645E-01 -6.247477E+01 -6.616953E-01 -1.188067E-01
       422   3  3.861606E+01  1.418935E+02  1.349415E-01 -6.669151E+01 -5.465576E-01 -4.538830E-01
       422   4  3.621515E+01  1.375739E+02 -9.182627E-01 -6.545256E+01 -5.116143E-01 -4.361267E-01
       422   5  3.419117E+01  1.432609E+02 -7.822879E-01 -6.273593E+01  1.903975E+00  1.095895E+00
       422   6  3.190074E+01  1.389443E+02 -1.801485E+00 -6.157047E+01  1.939869E+00  1.111642E+00
       422   7  3.783479E+01  1.396173E+02 -7.822865E-01 -6.572618E+01  2.055007E+00  7.765657E-01
       422   8  3.547668E+01  1.353683E+02 -1.801483E+00 -6.450516E+01  2.089950E+00  7.943220E-01
       423   1  3.239638E+01  1.389503E+02 -9.794712E-01 -6.128883E+01 -8.662848E-01 -2.164306E-01
       423   2  3.020565E+01  1.348418E+02 -1.997518E+00 -6.018574E+01 -8.335502E-01 -2.020694E-01
       423   3  3.595595E+01  1.353907E+02 -9.794724E-01 -6.421010E+01 -7.168686E-01 -5.323444E-01
       423   4  3.370116E+01  1.313462E+02 -1.997520E+00 -6.305443E+01 -6.850007E-01 -5.161508E-01
       423   5  3.165515E+01  1.366929E+02 -1.879050E+00 -6.041676E+01  1.488868E+00  8.974744E-01
       423   6  2.950275E+01  1.326500E+02 -2.865914E+00 -5.932936E+01  1.521603E+00  9.118357E-01
       423   7  3.516407E+01  1.331840E+02 -1.879051E+00 -6.329646E+01  1.638285E+00  5.815607E-01
       423   8  3.294852E+01  1.292042E+02 -2.865916E+00 -6.215724E+01  1.670153E+00  5.977543E-01
       424   1  2.946049E+01  1.323902E+02 -2.390896E+00 -5.920426E+01 -1.083775E+00 -3.211576E-01
       424   2  2.732574E+01  1.284590E+02 -3.537112E+00 -5.817090E+01 -1.057428E+00 -3.095987E-01
       424   3  3.289900E+01  1.289517E+02 -2.390895E+00 -6.202617E+01 -9.357984E-01 -6.340286E-01
       424   4  3.070424E+01  1.250805E+02 -3.537110E+00 -6.094356E+01 -9.101489E-01 -6.209949E-01
       424   5  2.861313E+01  1.301440E+02 -3.318965E+00 -5.839966E+01  7.361003E-01  5.395799E-01
       424   6  2.651267E+01  1.262715E+02 -4.437281E+00 -5.738035E+01  7.624473E-01  5.511389E-01
       424   7  3.200491E+01  1.267523E+02 -3.318964E+00 -6.118322E+01  8.840774E-01  2.267091E-01
       424   8  2.984525E+01  1.229389E+02 -4.437278E+00 -6.011532E+01  9.097269E-01  2.397428E-01
       425   1  5.764111E+01  1.651647E+02  4.883345E+00 -9.406491E+01 -1.174876E+00 -4.846619E-01
       425   2  5.325644E+01  1.583996E+02  2.265223E+00 -9.198240E+01 -1.119660E+00 -4.536598E-01
       425   3  6.305925E+01  1.597466E+02  4.883343E+00 -9.696097E+01 -9.812664E-01 -8.076802E-01
       425   4  5.855462E+01  1.531014E+02  2.265220E+00 -9.481434E+01 -9.278964E-01 -7.735982E-01
       425   5  5.677484E+01  1.626506E+02  3.869215E+00 -9.262328E+01  6.883197E-01  6.320941E-01
       425   6  5.246380E+01  1.559955E+02  1.306213E+00 -9.057268E+01  7.435357E-01  6.630963E-01
       425   7  6.210994E+01  1.573154E+02  3.869213E+00 -9.547495E+01  8.819295E-01  3.090760E-01
       425   8  5.768078E+01  1.507785E+02  1.306210E+00 -9.336122E+01  9.352995E-01  3.431580E-01
       426   1  5.665144E+01  1.580117E+02  3.753017E+00 -8.867306E+01 -9.262771E-01 -3.391431E-01
       426   2  5.279382E+01  1.519929E+02  1.663277E+00 -8.678241E+01 -8.811294E-01 -3.137941E-01
       426   3  6.175902E+01  1.529042E+02  3.753016E+00 -9.140311E+01 -7.357417E-01 -6.570324E-01
       426   4  5.779249E+01  1.469943E+02  1.663277E+00 -8.945425E+01 -6.921033E-01 -6.291651E-01
       426   5  5.564049E+01  1.555034E+02  2.697230E+00 -8.736310E+01  1.312101E+00  1.002489E+00
       426   6  5.184730E+01  1.495810E+02  6.557264E-01 -8.550038E+01  1.357249E+00  1.027838E+00
       426   7  6.067261E+01  1.504713E+02  2.697230E+00 -9.005282E+01  1.502637E+00  6.845998E-01
       426   8  5.677213E+01  1.446561E+02  6.557270E-01 -8.813276E+01  1.546275E+00  7.124672E-01
       427   1  5.521405E+01  1.512165E+02  2.824133E+00 -8.398590E+01 -7.312802E-01 -2.251503E-01
       427   2  5.177899E+01  1.458075E+02  1.121929E+00 -8.225897E+01 -6.919395E-01 -2.030616E-01
       427   3  6.005164E+01  1.463790E+02  2.824134E+00 -8.657165E+01 -5.432881E-01 -5.387963E-01
       427   4  5.651711E+01  1.410694E+02  1.121929E+00 -8.479154E+01 -5.052626E-01 -5.145133E-01
       427   5  5.415718E+01  1.487677E+02  1.772420E+00 -8.276816E+01  1.706667E+00  1.236099E+00
       427   6  5.077989E+01  1.434450E+02  1.134597E-01 -8.106627E+01  1.746008E+00  1.258188E+00
       427   7  5.892463E+01  1.440003E+02  1.772421E+00 -8.531641E+01  1.894660E+00  9.224532E-01
       427   8  5.544931E+01  1.387756E+02  1.134596E-01 -8.356212E+01  1.932685E+00  9.467362E-01
       428   1  5.334309E+01  1.446785E+02  1.962486E+00 -7.990298E+01 -6.198393E-01 -1.609004E-01
       428   2  5.025382E+01  1.397757E+02  5.536801E-01 -7.831650E+01 -5.832189E-01 -1.403391E-01
       428   3  5.794550E+01  1.400761E+02  1.962485E+00 -8.236302E+01 -4.340918E-01 -4.708012E-01
       428   4  5.476486E+01  1.352647E+02  5.536797E-01 -8.072769E+01 -3.986957E-01 -4.481973E-01
       428   5  5.231181E+01  1.423280E+02  9.479439E-01 -7.874885E+01  1.914903E+00  1.358366E+00
       428   6  4.927541E+01  1.375043E+02 -4.212876E-01 -7.718529E+01  1.951523E+00  1.378927E+00
       428   7  5.684775E+01  1.377920E+02  9.479428E-01 -8.117336E+01  2.100651E+00  1.048465E+00
       428   8  5.372128E+01  1.330584E+02 -4.212880E-01 -7.956166E+01  2.136047E+00  1.071069E+00
       429   1  5.106347E+01  1.383275E+02  1.088118E+00 -7.634123E+01 -6.031339E-01 -1.532758E-01
       429   2  4.825701E+01  1.338460E+02 -1.035514E-01 -7.487586E+01 -5.676820E-01 -1.333706E-01
       429   3  5.546073E+01  1.339303E+02  1.088118E+00 -7.869161E+01 -4.194928E-01 -4.596625E-01
       429   4  5.256987E+01  1.295332E+02 -1.035512E-01 -7.718113E+01 -3.852260E-01 -4.377798E-01
       429   5  5.009111E+01  1.360909E+02  1.254147E-01 -7.523520E+01  1.946791E+00  1.375091E+00
       429   6  4.733362E+01  1.316826E+02 -1.029590E+00 -7.379106E+01  1.982243E+00  1.394996E+00
       429   7  5.442466E+01  1.317573E+02  1.254148E-01 -7.755153E+01  2.130432E+00  1.068704E+00
       429   8  5.158399E+01  1.274323E+02 -1.029589E+00 -7.606293E+01  2.164699E+00  1.090587E+00
       430   1  4.840111E+01  1.321084E+02  1.349408E-01 -7.322968E+01 -6.810414E-01 -2.022817E-01
       430   2  4.581843E+01  1.279707E+02 -9.182638E-01 -7.186927E+01 -6.468640E-01 -1.830922E-01
       430   3  5.261915E+01  1.278904E+02  1.349426E-01 -7.548426E+01 -4.994376E-01 -5.052694E-01
       430   4  4.995810E+01  1.238310E+02 -9.182620E-01 -7.408197E+01 -4.664029E-01 -4.841735E-01
       430   5  4.747822E+01  1.299739E+02 -7.822871E-01 -7.216971E+01  1.787391E+00  1.277240E+00
       430   6  4.494095E+01  1.259041E+02 -1.801484E+00 -7.082899E+01  1.821568E+00  1.296430E+00
       430   7  5.163520E+01  1.258169E+02 -7.822853E-01 -7.439166E+01  1.968995E+00  9.742523E-01
       430   8  4.902071E+01  1.218243E+02 -1.801483E+00 -7.300966E+01  2.002029E+00  9.953482E-01
       431   1  4.537693E+01  1.259697E+02 -9.794725E-01 -7.050499E+01 -8.408994E-01 -3.002992E-01
       431   2  4.295258E+01  1.220948E+02 -1.997519E+00 -6.923603E+01 -8.097301E-01 -2.827986E-01
       431   3  4.943802E+01  1.219086E+02 -9.794728E-01 -7.267569E+01 -6.612379E-01 -6.000464E-01
       431   4  4.694058E+01  1.181068E+02 -1.997519E+00 -7.136766E+01 -6.311107E-01 -5.808072E-01
       431   5  4.445101E+01  1.238970E+02 -1.879052E+00 -6.950179E+01  1.393732E+00  1.039088E+00
       431   6  4.206831E+01  1.200844E+02 -2.865915E+00 -6.825088E+01  1.424901E+00  1.056588E+00
       431   7  4.845431E+01  1.198937E+02 -1.879052E+00 -7.164160E+01  1.573393E+00  7.393404E-01
       431   8  4.599956E+01  1.161532E+02 -2.865916E+00 -7.035218E+01  1.603521E+00  7.585796E-01
       432   1  4.199955E+01  1.198512E+02 -2.390896E+00 -6.810696E+01 -1.047078E+00 -4.258398E-01
       432   2  3.964595E+01  1.161387E+02 -3.537111E+00 -6.691822E+01 -1.021991E+00 -4.117541E-01
       432   3  4.592252E+01  1.159282E+02 -2.390895E+00 -7.020383E+01 -8.691467E-01 -7.226999E-01
       432   4  4.350044E+01  1.122843E+02 -3.537111E+00 -6.897849E+01 -8.448983E-01 -7.072148E-01
       432   5  4.098178E+01  1.177754E+02 -3.318964E+00 -6.718138E+01  6.796681E-01  6.091322E-01
       432   6  3.866544E+01  1.141187E+02 -4.437280E+00 -6.600879E+01  7.047552E-01  6.232179E-01
       432   7  4.485143E+01  1.139057E+02 -3.318964E+00 -6.924975E+01  8.575991E-01  3.122721E-01
       432   8  4.246755E+01  1.103166E+02 -4.437279E+00 -6.804106E+01  8.818475E-01  3.277572E-01
       433   1  7.702529E+01  1.457806E+02  4.883349E+00 -1.027459E+02 -1.121714E+00 -5.974862E-01
       433   2  7.221146E+01  1.394445E+02  2.265224E+00 -1.004712E+02 -1.069802E+00 -5.612213E-01
       433   3  8.290432E+01  1.399015E+02  4.883347E+00 -1.045293E+02 -8.973749E-01 -8.999718E-01
       433   4  7.796034E+01  1.336957E+02  2.265223E+00 -1.022151E+02 -8.476025E-01 -8.608228E-01
       433   5  7.586194E+01  1.435635E+02  3.869219E+00 -1.011712E+02  6.230491E-01  6.965180E-01
       433   6  7.112832E+01  1.373310E+02  1.306215E+00 -9.893137E+01  6.749605E-01  7.327830E-01
       433   7  8.165087E+01  1.377745E+02  3.869218E+00 -1.029273E+02  8.473878E-01  3.940324E-01
       433   8  7.678909E+01  1.316702E+02  1.306214E+00 -1.006485E+02  8.971602E-01  4.331815E-01
       434   1  7.492450E+01  1.397387E+02  3.753017E+00 -9.685644E+01 -8.885750E-01 -4.283011E-01
       434   2  7.067727E+01  1.341095E+02  1.663276E+00 -9.479131E+01 -8.461293E-01 -3.986489E-01
       434   3  8.046654E+01  1.341966E+02  3.753019E+00 -9.853760E+01 -6.677985E-01 -7.259839E-01
       434   4  7.610114E+01  1.286856E+02  1.663278E+00 -9.643662E+01 -6.271017E-01 -6.939734E-01
       434   5  7.364360E+01  1.375003E+02  2.697231E+00 -9.542559E+01  1.207522E+00  1.126271E+00
       434   6  6.946655E+01  1.319617E+02  6.557255E-01 -9.339096E+01  1.249968E+00  1.155923E+00
       434   7  7.910378E+01  1.320401E+02  2.697232E+00 -9.708191E+01  1.428299E+00  8.285878E-01
       434   8  7.481031E+01  1.266180E+02  6.557272E-01 -9.501197E+01  1.468995E+00  8.605983E-01
       435   1  7.252121E+01  1.339094E+02  2.824135E+00 -9.173671E+01 -7.056903E-01 -2.957441E-01
       435   2  6.873029E+01  1.288562E+02  1.121930E+00 -8.985041E+01 -6.687041E-01 -2.699058E-01
       435   3  7.777030E+01  1.286603E+02  2.824133E+00 -9.332901E+01 -4.878607E-01 -5.894533E-01
       435   4  7.387145E+01  1.237150E+02  1.121929E+00 -9.140996E+01 -4.523985E-01 -5.615601E-01
       435   5  7.121340E+01  1.317115E+02  1.772422E+00 -9.040659E+01  1.577290E+00  1.397430E+00
       435   6  6.748540E+01  1.267395E+02  1.134603E-01 -8.854763E+01  1.614277E+00  1.423268E+00
       435   7  7.638639E+01  1.265385E+02  1.772421E+00 -9.197580E+01  1.795120E+00  1.103721E+00
       435   8  7.255201E+01  1.216729E+02  1.134593E-01 -9.008458E+01  1.830582E+00  1.131614E+00
       436   1  6.980888E+01  1.282127E+02  1.962488E+00 -8.727699E+01 -6.010836E-01 -2.208805E-01
       436   2  6.639269E+01  1.236369E+02  5.536817E-01 -8.554410E+01 -5.666549E-01 -1.968289E-01
       436   3  7.480279E+01  1.232188E+02  1.962487E+00 -8.879187E+01 -3.858550E-01 -5.110826E-01
       436   4  7.128744E+01  1.187421E+02  5.536808E-01 -8.702890E+01 -3.528449E-01 -4.851182E-01
       436   5  6.853977E+01  1.261000E+02  9.479452E-01 -8.601635E+01  1.772539E+00  1.539518E+00
       436   6  6.518116E+01  1.215985E+02 -4.212859E-01 -8.430849E+01  1.806968E+00  1.563570E+00
       436   7  7.346155E+01  1.211782E+02  9.479448E-01 -8.750936E+01  1.987768E+00  1.249316E+00
       436   8  7.000522E+01  1.167745E+02 -4.212869E-01 -8.577185E+01  2.020778E+00  1.275281E+00
       437   1  6.679529E+01  1.225957E+02  1.088118E+00 -8.338653E+01 -5.852060E-01 -2.116552E-01
       437   2  6.368685E+01  1.184162E+02 -1.035516E-01 -8.178593E+01 -5.518757E-01 -1.883710E-01
       437   3  7.156659E+01  1.178244E+02  1.088118E+00 -8.483389E+01 -3.724180E-01 -4.985666E-01
       437   4  6.836657E+01  1.137365E+02 -1.035508E-01 -8.320551E+01 -3.404612E-01 -4.734306E-01
       437   5  6.559500E+01  1.205870E+02  1.254150E-01 -8.217844E+01  1.802634E+00  1.559288E+00
       437   6  6.253992E+01  1.164763E+02 -1.029590E+00 -8.060102E+01  1.835964E+00  1.582572E+00
       437   7  7.029717E+01  1.158848E+02  1.254149E-01 -8.360483E+01  2.015422E+00  1.272377E+00
       437   8  6.715183E+01  1.118644E+02 -1.029589E+00 -8.200003E+01  2.047379E+00  1.297513E+00
       438   1  6.349172E+01  1.170178E+02  1.349395E-01 -7.998783E+01 -6.579348E-01 -2.680614E-01
       438   2  6.062869E+01  1.131604E+02 -9.182644E-01 -7.850187E+01 -6.258030E-01 -2.456143E-01
       438   3  6.806855E+01  1.124410E+02  1.349405E-01 -8.137620E+01 -4.475075E-01 -5.517898E-01
       438   4  6.512050E+01  1.086686E+02 -9.182641E-01 -7.986444E+01 -4.166996E-01 -5.275575E-01
       438   5  6.235039E+01  1.151017E+02 -7.822882E-01 -7.883004E+01  1.653593E+00  1.446285E+00
       438   6  5.953684E+01  1.113082E+02 -1.801485E+00 -7.736559E+01  1.685725E+00  1.468732E+00
       438   7  6.686098E+01  1.105911E+02 -7.822873E-01 -8.019831E+01  1.864020E+00  1.162557E+00
       438   8  6.396363E+01  1.068814E+02 -1.801485E+00 -7.870844E+01  1.894828E+00  1.186789E+00
       439   1  5.990606E+01  1.114406E+02 -9.794723E-01 -7.701169E+01 -8.074157E-01 -3.812758E-01
       439   2  5.722021E+01  1.078272E+02 -1.997520E+00 -7.562562E+01 -7.781119E-01 -3.608043E-01
       439   3  6.431260E+01  1.070340E+02 -9.794715E-01 -7.834840E+01 -5.992390E-01 -6.619697E-01
       439   4  6.154744E+01  1.035000E+02 -1.997518E+00 -7.693827E+01 -5.711426E-01 -6.398701E-01
       439   5  5.877340E+01  1.095746E+02 -1.879051E+00 -7.591591E+01  1.285172E+00  1.170694E+00
       439   6  5.613292E+01  1.060198E+02 -2.865916E+00 -7.454956E+01  1.314476E+00  1.191165E+00
       439   7  6.311724E+01  1.052308E+02 -1.879050E+00 -7.723360E+01  1.493349E+00  8.900000E-01
       439   8  6.039858E+01  1.017542E+02 -2.865914E+00 -7.584353E+01  1.521445E+00  9.120995E-01
       440   1  5.603451E+01  1.058162E+02 -2.390897E+00 -7.439236E+01 -1.000296E+00 -5.264208E-01
       440   2  5.343594E+01  1.023488E+02 -3.537111E+00 -7.309391E+01 -9.767104E-01 -5.099440E-01
       440   3  6.029117E+01  1.015596E+02 -2.390894E+00 -7.568360E+01 -7.941246E-01 -8.044112E-01
       440   4  5.761831E+01  9.816640E+01 -3.537108E+00 -7.436261E+01 -7.715107E-01 -7.866240E-01
       440   5  5.482600E+01  1.039312E+02 -3.318966E+00 -7.338135E+01  6.166899E-01  6.728183E-01
       440   6  5.226802E+01  1.005161E+02 -4.437279E+00 -7.210055E+01  6.402756E-01  6.892952E-01
       440   7  5.902482E+01  9.973236E+01 -3.318963E+00 -7.465505E+01  8.228614E-01  3.948280E-01
       440   8  5.639355E+01  9.639059E+01 -4.437276E+00 -7.335201E+01  8.454753E-01  4.126152E-01
       441   1  9.773057E+01  1.250753E+02  4.883343E+00 -1.074784E+02 -1.057748E+00 -7.045563E-01
       441   2  9.245835E+01  1.191977E+02  2.265221E+00 -1.050989E+02 -1.009642E+00 -6.633778E-01
       441   3  1.038446E+02  1.189613E+02  4.883342E+00 -1.080806E+02 -8.048412E-01 -9.835964E-01
       441   4  9.843698E+01  1.132190E+02  2.265222E+00 -1.056878E+02 -7.591457E-01 -9.397573E-01
       441   5  9.624989E+01  1.231755E+02  3.869213E+00 -1.058312E+02  5.517780E-01  7.542337E-01
       441   6  9.106490E+01  1.173944E+02  1.306212E+00 -1.034882E+02  5.998849E-01  7.954122E-01
       441   7  1.022702E+02  1.171552E+02  3.869213E+00 -1.064241E+02  8.046851E-01  4.751936E-01
       441   8  9.695190E+01  1.115074E+02  1.306213E+00 -1.040680E+02  8.503806E-01  5.190327E-01
       442   1  9.444295E+01  1.202202E+02  3.753016E+00 -1.013177E+02 -8.423154E-01 -5.133344E-01
       442   2  8.977955E+01  1.150072E+02  1.663276E+00 -9.915742E+01 -8.029805E-01 -4.796645E-01
       442   3  1.002065E+02  1.144567E+02  3.753017E+00 -1.018853E+02 -5.934239E-01 -7.879438E-01
       442   4  9.542019E+01  1.093666E+02  1.663276E+00 -9.971298E+01 -5.560607E-01 -7.520985E-01
       442   5  9.287370E+01  1.182702E+02  2.697229E+00 -9.982092E+01  1.091314E+00  1.239205E+00
       442   6  8.828664E+01  1.131416E+02  6.557254E-01 -9.769258E+01  1.130649E+00  1.272875E+00
       442   7  9.855209E+01  1.125918E+02  2.697230E+00 -1.003802E+02  1.340205E+00  9.645957E-01
       442   8  9.384395E+01  1.075843E+02  6.557261E-01 -9.823993E+01  1.377568E+00  1.000441E+00
       443   1  9.100794E+01  1.154227E+02  2.824134E+00 -9.596214E+01 -6.733042E-01 -3.634898E-01
       443   2  8.683688E+01  1.107496E+02  1.121929E+00 -9.398894E+01 -6.390287E-01 -3.341507E-01
       443   3  9.646681E+01  1.099638E+02  2.824134E+00 -9.649979E+01 -4.277349E-01 -6.344337E-01
       443   4  9.218351E+01  1.054030E+02  1.121929E+00 -9.451554E+01 -3.951775E-01 -6.031989E-01
       443   5  8.943208E+01  1.134928E+02  1.772422E+00 -9.457075E+01  1.432723E+00  1.545302E+00
       443   6  8.532946E+01  1.088954E+02  1.134597E-01 -9.262616E+01  1.466999E+00  1.574642E+00
       443   7  9.481180E+01  1.081131E+02  1.772421E+00 -9.510061E+01  1.678293E+00  1.274359E+00
       443   8  9.059856E+01  1.036263E+02  1.134598E-01 -9.314513E+01  1.710850E+00  1.305593E+00
       444   1  8.739687E+01  1.106247E+02  1.962485E+00 -9.129699E+01 -5.765390E-01 -2.787334E-01
       444   2  8.363147E+01  1.063981E+02  5.536804E-01 -8.948429E+01 -5.446335E-01 -2.514230E-01
       444   3  9.259037E+01  1.054312E+02  1.962487E+00 -9.180851E+01 -3.339021E-01 -5.464420E-01
       444   4  8.872185E+01  1.013077E+02  5.536806E-01 -8.998565E+01 -3.035959E-01 -5.173671E-01
       444   5  8.587372E+01  1.087660E+02  9.479424E-01 -8.997830E+01  1.613105E+00  1.705844E+00
       444   6  8.217095E+01  1.046087E+02 -4.212872E-01 -8.819177E+01  1.645011E+00  1.733155E+00
       444   7  9.099220E+01  1.036476E+02  9.479442E-01 -9.048242E+01  1.855742E+00  1.438136E+00
       444   8  8.718780E+01  9.959188E+01 -4.212869E-01 -8.868589E+01  1.886048E+00  1.467211E+00
       445   1  8.359928E+01  1.057917E+02  1.088118E+00 -8.722735E+01 -5.616421E-01 -2.679963E-01
       445   2  8.016830E+01  1.019347E+02 -1.035519E-01 -8.555302E+01 -5.307546E-01 -2.415573E-01
       445   3  8.856127E+01  1.008297E+02  1.088118E+00 -8.771606E+01 -3.217565E-01 -5.326692E-01
       445   4  8.503504E+01  9.706798E+01 -1.035523E-01 -8.603235E+01 -2.924173E-01 -5.045220E-01
       445   5  8.215554E+01  1.040264E+02  1.254153E-01 -8.596360E+01  1.641117E+00  1.728469E+00
       445   6  7.878258E+01  1.002337E+02 -1.029590E+00 -8.431353E+01  1.672005E+00  1.754908E+00
       445   7  8.704564E+01  9.913633E+01  1.254148E-01 -8.644524E+01  1.881003E+00  1.463796E+00
       445   8  8.357881E+01  9.543742E+01 -1.029590E+00 -8.478592E+01  1.910342E+00  1.491943E+00
       446   1  7.961082E+01  1.008987E+02  1.349420E-01 -8.367209E+01 -6.284920E-01 -3.312597E-01
       446   2  7.644834E+01  9.734075E+01 -9.182631E-01 -8.211769E+01 -5.987151E-01 -3.057712E-01
       446   3  8.437056E+01  9.613895E+01  1.349399E-01 -8.414089E+01 -3.912677E-01 -5.929963E-01
       446   4  8.111966E+01  9.266942E+01 -9.182644E-01 -8.257778E+01 -3.629833E-01 -5.658610E-01
       446   5  7.823617E+01  9.921592E+01 -7.822857E-01 -8.246097E+01  1.503870E+00  1.601401E+00
       446   6  7.512751E+01  9.571751E+01 -1.801483E+00 -8.092907E+01  1.533647E+00  1.626889E+00
       446   7  8.292702E+01  9.452507E+01 -7.822878E-01 -8.292298E+01  1.741094E+00  1.339664E+00
       446   8  7.973121E+01  9.111380E+01 -1.801485E+00 -8.138250E+01  1.769379E+00  1.366800E+00
       447   1  7.542540E+01  9.592122E+01 -9.794740E-01 -8.055888E+01 -7.661561E-01 -4.585805E-01
       447   2  7.246023E+01  9.258716E+01 -1.997522E+00 -7.910896E+01 -7.390000E-01 -4.353354E-01
       447   3  8.000806E+01  9.133857E+01 -9.794728E-01 -8.101023E+01 -5.314690E-01 -7.175179E-01
       447   4  7.696040E+01  8.808699E+01 -1.997521E+00 -7.955219E+01 -5.056741E-01 -6.927709E-01
       447   5  7.407192E+01  9.427611E+01 -1.879053E+00 -7.941262E+01  1.164236E+00  1.291026E+00
       447   6  7.115610E+01  9.099665E+01 -2.865918E+00 -7.798333E+01  1.191392E+00  1.314271E+00
       447   7  7.858937E+01  8.975867E+01 -1.879052E+00 -7.985755E+01  1.398923E+00  1.032088E+00
       447   8  7.559224E+01  8.656051E+01 -2.865917E+00 -7.842025E+01  1.424718E+00  1.056835E+00
       448   1  7.102600E+01  9.082472E+01 -2.390898E+00 -7.781889E+01 -9.438811E-01 -6.219324E-01
       448   2  6.816576E+01  8.761891E+01 -3.537115E+00 -7.646063E+01 -9.220239E-01 -6.032231E-01
       448   3  7.545279E+01  8.639794E+01 -2.390897E+00 -7.825489E+01 -7.114544E-01 -8.783757E-01
       448   4  7.251529E+01  8.326939E+01 -3.537114E+00 -7.688902E+01 -6.906929E-01 -8.584576E-01
       448   5  6.961376E+01  8.914341E+01 -3.318967E+00 -7.676132E+01  5.477729E-01  7.300245E-01
       448   6  6.679767E+01  8.598645E+01 -4.437284E+00 -7.542152E+01  5.696300E-01  7.487338E-01
       448   7  7.398038E+01  8.477678E+01 -3.318965E+00 -7.719139E+01  7.801996E-01  4.735813E-01
       448   8  7.108808E+01  8.169604E+01 -4.437282E+00 -7.584408E+01  8.009611E-01  4.934994E-01
       449   1  1.189613E+02  1.038446E+02  4.883342E+00 -1.080806E+02 -9.835964E-01 -8.048412E-01
       449   2  1.132190E+02  9.843698E+01  2.265222E+00 -1.056878E+02 -9.397573E-01 -7.591457E-01
       449   3  1.250753E+02  9.773057E+01  4.883343E+00 -1.074784E+02 -7.045563E-01 -1.057748E+00
       449   4  1.191977E+02  9.245835E+01  2.265221E+00 -1.050989E+02 -6.633778E-01 -1.009642E+00
       449   5  1.171552E+02  1.022702E+02  3.869213E+00 -1.064241E+02  4.751936E-01  8.046851E-01
       449   6  1.115074E+02  9.695190E+01  1.306213E+00 -1.040680E+02  5.190327E-01  8.503806E-01
       449   7  1.231755E+02  9.624989E+01  3.869213E+00 -1.058312E+02  7.542337E-01  5.517780E-01
       449   8  1.173944E+02  9.106490E+01  1.306212E+00 -1.034882E+02  7.954122E-01  5.998849E-01
       450   1  1.144567E+02  1.002065E+02  3.753017E+00 -1.018853E+02 -7.879438E-01 -5.934239E-01
       450   2  1.093666E+02  9.542019E+01  1.663276E+00 -9.971298E+01 -7.520985E-01 -5.560607E-01
       450   3  1.202202E+02  9.444295E+01  3.753016E+00 -1.013177E+02 -5.133344E-01 -8.423154E-01
       450   4  1.150072E+02  8.977955E+01  1.663276E+00 -9.915742E+01 -4.796645E-01 -8.029805E-01
       450   5  1.125918E+02  9.855209E+01  2.697230E+00 -1.003802E+02  9.645957E-01  1.340205E+00
       450   6  1.075843E+02  9.384395E+01  6.557261E-01 -9.823993E+01  1.000441E+00  1.377568E+00
       450   7  1.182702E+02  9.287370E+01  2.697229E+00 -9.982092E+01  1.239205E+00  1.091314E+00
       450   8  1.131416E+02  8.828664E+01  6.557254E-01 -9.769258E+01  1.272875E+00  1.130649E+00
       451   1  1.099638E+02  9.646681E+01  2.824134E+00 -9.649979E+01 -6.344337E-01 -4.277349E-01
       451   2  1.054030E+02  9.218351E+01  1.121929E+00 -9.451554E+01 -6.031989E-01 -3.951775E-01
       451   3  1.154227E+02  9.100794E+01  2.824134E+00 -9.596214E+01 -3.634898E-01 -6.733042E-01
       451   4  1.107496E+02  8.683688E+01  1.121929E+00 -9.398894E+01 -3.341507E-01 -6.390287E-01
       451   5  1.081131E+02  9.481180E+01  1.772421E+00 -9.510061E+01  1.274359E+00  1.678293E+00
       451   6  1.036263E+02  9.059856E+01  1.134598E-01 -9.314513E+01  1.305593E+00  1.710850E+00
       451   7  1.134928E+02  8.943208E+01  1.772422E+00 -9.457075E+01  1.545302E+00  1.432723E+00
       451   8  1.088954E+02  8.532946E+01  1.134597E-01 -9.262616E+01  1.574642E+00  1.466999E+00
       452   1  1.054312E+02  9.259037E+01  1.962487E+00 -9.180851E+01 -5.464420E-01 -3.339021E-01
       452   2  1.013077E+02  8.872185E+01  5.536806E-01 -8.998565E+01 -5.173671E-01 -3.035959E-01
       452   3  1.106247E+02  8.739687E+01  1.962485E+00 -9.129699E+01 -2.787334E-01 -5.765390E-01
       452   4  1.063981E+02  8.363147E+01  5.536804E-01 -8.948429E+01 -2.514230E-01 -5.446335E-01
       452   5  1.036476E+02  9.099220E+01  9.479442E-01 -9.048242E+01  1.438136E+00  1.855742E+00
       452   6  9.959188E+01  8.718780E+01 -4.212869E-01 -8.868589E+01  1.467211E+00  1.886048E+00
       452   7  1.087660E+02  8.587372E+01  9.479424E-01 -8.997830E+01  1.705844E+00  1.613105E+00
       452   8  1.046087E+02  8.217095E+01 -4.212872E-01 -8.819177E+01  1.733155E+00  1.645011E+00
       453   1  1.008297E+02  8.856127E+01  1.088118E+00 -8.771606E+01 -5.326692E-01 -3.217565E-01
       453   2  9.706798E+01  8.503504E+01 -1.035523E-01 -8.603235E+01 -5.045220E-01 -2.924173E-01
       453   3  1.057917E+02  8.359928E+01  1.088118E+00 -8.722735E+01 -2.679963E-01 -5.616421E-01
       453   4  1.019347E+02  8.016830E+01 -1.035519E-01 -8.555302E+01 -2.415573E-01 -5.307546E-01
       453   5  9.913633E+01  8.704564E+01  1.254148E-01 -8.644524E+01  1.463796E+00  1.881003E+00
       453   6  9.543742E+01  8.357881E+01 -1.029590E+00 -8.478592E+01  1.491943E+00  1.910342E+00
       453   7  1.040264E+02  8.215554E+01  1.254153E-01 -8.596360E+01  1.728469E+00  1.641117E+00
       453   8  1.002337E+02  7.878258E+01 -1.029590E+00 -8.431353E+01  1.754908E+00  1.672005E+00
       454   1  9.613895E+01  8.437056E+01  1.349399E-01 -8.414089E+01 -5.929963E-01 -3.912677E-01
       454   2  9.266942E+01  8.111966E+01 -9.182644E-01 -8.257778E+01 -5.658610E-01 -3.629833E-01
       454   3  1.008987E+02  7.961082E+01  1.349420E-01 -8.367209E+01 -3.312597E-01 -6.284920E-01
       454   4  9.734075E+01  7.644834E+01 -9.182631E-01 -8.211769E+01 -3.057712E-01 -5.987151E-01
       454   5  9.452507E+01  8.292702E+01 -7.822878E-01 -8.292298E+01  1.339664E+00  1.741094E+00
       454   6  9.111380E+01  7.973121E+01 -1.801485E+00 -8.138250E+01  1.366800E+00  1.769379E+00
       454   7  9.921592E+01  7.823617E+01 -7.822857E-01 -8.246097E+01  1.601401E+00  1.503870E+00
       454   8  9.571751E+01  7.512751E+01 -1.801483E+00 -8.092907E+01  1.626889E+00  1.533647E+00
       455   1  9.133857E+01  8.000806E+01 -9.794728E-01 -8.101023E+01 -7.175179E-01 -5.314690E-01
       455   2  8.808699E+01  7.696040E+01 -1.997521E+00 -7.955219E+01 -6.927709E-01 -5.056741E-01
       455   3  9.592122E+01  7.542540E+01 -9.794740E-01 -8.055888E+01 -4.585805E-01 -7.661561E-01
       455   4  9.258716E+01  7.246023E+01 -1.997522E+00 -7.910896E+01 -4.353354E-01 -7.390000E-01
       455   5  8.975867E+01  7.858937E+01 -1.879052E+00 -7.985755E+01  1.032088E+00  1.398923E+00
       455   6  8.656051E+01  7.559224E+01 -2.865917E+00 -7.842025E+01  1.056835E+00  1.424718E+00
       455   7  9.427611E+01  7.407192E+01 -1.879053E+00 -7.941262E+01  1.291026E+00  1.164236E+00
       455   8  9.099665E+01  7.115610E+01 -2.865918E+00 -7.798333E+01  1.314271E+00  1.191392E+00
       456   1  8.639794E+01  7.545279E+01 -2.390897E+00 -7.825489E+01 -8.783757E-01 -7.114544E-01
       456   2  8.326939E+01  7.251529E+01 -3.537114E+00 -7.688902E+01 -8.584576E-01 -6.906929E-01
       456   3  9.082472E+01  7.102600E+01 -2.390898E+00 -7.781889E+01 -6.219324E-01 -9.438811E-01
       456   4  8.761891E+01  6.816576E+01 -3.537115E+00 -7.646063E+01 -6.032231E-01 -9.220239E-01
       456   5  8.477678E+01  7.398038E+01 -3.318965E+00 -7.719139E+01  4.735813E-01  7.801996E-01
       456   6  8.169604E+01  7.108808E+01 -4.437282E+00 -7.584408E+01  4.934994E-01  8.009611E-01
       456   7  8.914341E+01  6.961376E+01 -3.318967E+00 -7.676132E+01  7.300245E-01  5.477729E-01
       456   8  8.598645E+01  6.679767E+01 -4.437284E+00 -7.542152E+01  7.487338E-01  5.696300E-01
       457   1  1.399015E+02  8.290432E+01  4.883347E+00 -1.045293E+02 -8.999718E-01 -8.973749E-01
       457   2  1.336957E+02  7.796034E+01  2.265223E+00 -1.022151E+02 -8.608228E-01 -8.476025E-01
       457   3  1.457806E+02  7.702529E+01  4.883349E+00 -1.027459E+02 -5.974862E-01 -1.121714E+00
       457   4  1.394445E+02  7.221146E+01  2.265224E+00 -1.004712E+02 -5.612213E-01 -1.069802E+00
       457   5  1.377745E+02  8.165087E+01  3.869218E+00 -1.029273E+02  3.940324E-01  8.473878E-01
       457   6  1.316702E+02  7.678909E+01  1.306214E+00 -1.006485E+02  4.331815E-01  8.971602E-01
       457   7  1.435635E+02  7.586194E+01  3.869219E+00 -1.011712E+02  6.965180E-01  6.230491E-01
       457   8  1.373310E+02  7.112832E+01  1.306215E+00 -9.893137E+01  7.327830E-01  6.749605E-01
       458   1  1.341966E+02  8.046654E+01  3.753019E+00 -9.853760E+01 -7.259839E-01 -6.677985E-01
       458   2  1.286856E+02  7.610114E+01  1.663278E+00 -9.643662E+01 -6.939734E-01 -6.271017E-01
       458   3  1.397387E+02  7.492450E+01  3.753017E+00 -9.685644E+01 -4.283011E-01 -8.885750E-01
       458   4  1.341095E+02  7.067727E+01  1.663276E+00 -9.479131E+01 -3.986489E-01 -8.461293E-01
       458   5  1.320401E+02  7.910378E+01  2.697232E+00 -9.708191E+01  8.285878E-01  1.428299E+00
       458   6  1.266180E+02  7.481031E+01  6.557272E-01 -9.501197E+01  8.605983E-01  1.468995E+00
       458   7  1.375003E+02  7.364360E+01  2.697231E+00 -9.542559E+01  1.126271E+00  1.207522E+00
       458   8  1.319617E+02  6.946655E+01  6.557255E-01 -9.339096E+01  1.155923E+00  1.249968E+00
       459   1  1.286603E+02  7.777030E+01  2.824133E+00 -9.332901E+01 -5.894533E-01 -4.878607E-01
       459   2  1.237150E+02  7.387145E+01  1.121929E+00 -9.140996E+01 -5.615601E-01 -4.523985E-01
       459   3  1.339094E+02  7.252121E+01  2.824135E+00 -9.173671E+01 -2.957441E-01 -7.056903E-01
       459   4  1.288562E+02  6.873029E+01  1.121930E+00 -8.985041E+01 -2.699058E-01 -6.687041E-01
       459   5  1.265385E+02  7.638639E+01  1.772421E+00 -9.197580E+01  1.103721E+00  1.795120E+00
       459   6  1.216729E+02  7.255201E+01  1.134593E-01 -9.008458E+01  1.131614E+00  1.830582E+00
       459   7  1.317115E+02  7.121340E+01  1.772422E+00 -9.040659E+01  1.397430E+00  1.577290E+00
       459   8  1.267395E+02  6.748540E+01  1.134603E-01 -8.854763E+01  1.423268E+00  1.614277E+00
       460   1  1.232188E+02  7.480279E+01  1.962487E+00 -8.879187E+01 -5.110826E-01 -3.858550E-01
       460   2  1.187421E+02  7.128744E+01  5.536808E-01 -8.702890E+01 -4.851182E-01 -3.528449E-01
       460   3  1.282127E+02  6.980888E+01  1.962488E+00 -8.727699E+01 -2.208805E-01 -6.010836E-01
       460   4  1.236369E+02  6.639269E+01  5.536817E-01 -8.554410E+01 -1.968289E-01 -5.666549E-01
       460   5  1.211782E+02  7.346155E+01  9.479448E-01 -8.750936E+01  1.249316E+00  1.987768E+00
       460   6  1.167745E+02  7.000522E+01 -4.212869E-01 -8.577185E+01  1.275281E+00  2.020778E+00
       460   7  1.261000E+02  6.853977E+01  9.479452E-01 -8.601635E+01  1.539518E+00  1.772539E+00
       460   8  1.215985E+02  6.518116E+01 -4.212859E-01 -8.430849E+01  1.563570E+00  1.806968E+00
       461   1  1.178244E+02  7.156659E+01  1.088118E+00 -8.483389E+01 -4.985666E-01 -3.724180E-01
       461   2  1.137365E+02  6.836657E+01 -1.035508E-01 -8.320551E+01 -4.734306E-01 -3.404612E-01
       461   3  1.225957E+02  6.679529E+01  1.088118E+00 -8.338653E+01 -2.116552E-01 -5.852060E-01
       461   4  1.184162E+02  6.368685E+01 -1.035516E-01 -8.178593E+01 -1.883710E-01 -5.518757E-01
       461   5  1.158848E+02  7.029717E+01  1.254149E-01 -8.360483E+01  1.272377E+00  2.015422E+00
       461   6  1.118644E+02  6.715183E+01 -1.029589E+00 -8.200003E+01  1.297513E+00  2.047379E+00
       461   7  1.205870E+02  6.559500E+01  1.254150E-01 -8.217844E+01  1.559288E+00  1.802634E+00
       461   8  1.164763E+02  6.253992E+01 -1.029590E+00 -8.060102E+01  1.582572E+00  1.835964E+00
       462   1  1.124410E+02  6.806855E+01  1.349405E-01 -8.137620E+01 -5.517898E-01 -4.475075E-01
       462   2  1.086686E+02  6.512050E+01 -9.182641E-01 -7.986444E+01 -5.275575E-01 -4.166996E-01
       462   3  1.170178E+02  6.349172E+01  1.349395E-01 -7.998783E+01 -2.680614E-01 -6.579348E-01
       462   4  1.131604E+02  6.062869E+01 -9.182644E-01 -7.850187E+01 -2.456143E-01 -6.258030E-01
       462   5  1.105911E+02  6.686098E+01 -7.822873E-01 -8.019831E+01  1.162557E+00  1.864020E+00
       462   6  1.068814E+02  6.396363E+01 -1.801485E+00 -7.870844E+01  1.186789E+00  1.894828E+00
       462   7  1.151017E+02  6.235039E+01 -7.822882E-01 -7.883004E+01  1.446285E+00  1.653593E+00
       462   8  1.113082E+02  5.953684E+01 -1.801485E+00 -7.736559E+01  1.468732E+00  1.685725E+00
       463   1  1.070340E+02  6.431260E+01 -9.794715E-01 -7.834840E+01 -6.619697E-01 -5.992390E-01
       463   2  1.035000E+02  6.154744E+01 -1.997518E+00 -7.693827E+01 -6.398701E-01 -5.711426E-01
       463   3  1.114406E+02  5.990606E+01 -9.794723E-01 -7.701169E+01 -3.812758E-01 -8.074157E-01
       463   4  1.078272E+02  5.722021E+01 -1.997520E+00 -7.562562E+01 -3.608043E-01 -7.781119E-01
       463   5  1.052308E+02  6.311724E+01 -1.879050E+00 -7.723360E+01  8.900000E-01  1.493349E+00
       463   6  1.017542E+02  6.039858E+01 -2.865914E+00 -7.584353E+01  9.120995E-01  1.521445E+00
       463   7  1.095746E+02  5.877340E+01 -1.879051E+00 -7.591591E+01  1.170694E+00  1.285172E+00
       463   8  1.060198E+02  5.613292E+01 -2.865916E+00 -7.454956E+01  1.191165E+00  1.314476E+00
       464   1  1.015596E+02  6.029117E+01 -2.390894E+00 -7.568360E+01 -8.044112E-01 -7.941246E-01
       464   2  9.816640E+01  5.761831E+01 -3.537108E+00 -7.436261E+01 -7.866240E-01 -7.715107E-01
       464   3  1.058162E+02  5.603451E+01 -2.390897E+00 -7.439236E+01 -5.264208E-01 -1.000296E+00
       464   4  1.023488E+02  5.343594E+01 -3.537111E+00 -7.309391E+01 -5.099440E-01 -9.767104E-01
       464   5  9.973236E+01  5.902482E+01 -3.318963E+00 -7.465505E+01  3.948280E-01  8.228614E-01
       464   6  9.639059E+01  5.639355E+01 -4.437276E+00 -7.335201E+01  4.126152E-01  8.454753E-01
       464   7  1.039312E+02  5.482600E+01 -3.318966E+00 -7.338135E+01  6.728183E-01  6.166899E-01
       464   8  1.005161E+02  5.226802E+01 -4.437279E+00 -7.210055E+01  6.892952E-01  6.402756E-01
       465   1  1.597466E+02  6.305925E+01  4.883343E+00 -9.696097E+01 -8.076802E-01 -9.812664E-01
       465   2  1.531014E+02  5.855462E+01  2.265220E+00 -9.481434E+01 -7.735982E-01 -9.278964E-01
       465   3  1.651647E+02  5.764111E+01  4.883345E+00 -9.406491E+01 -4.846619E-01 -1.174876E+00
       465   4  1.583996E+02  5.325644E+01  2.265223E+00 -9.198240E+01 -4.536598E-01 -1.119660E+00
       465   5  1.573154E+02  6.210994E+01  3.869213E+00 -9.547495E+01  3.090760E-01  8.819295E-01
       465   6  1.507785E+02  5.768078E+01  1.306210E+00 -9.336122E+01  3.431580E-01  9.352995E-01
       465   7  1.626506E+02  5.677484E+01  3.869215E+00 -9.262328E+01  6.320941E-01  6.883197E-01
       465   8  1.559955E+02  5.246380E+01  1.306213E+00 -9.057268E+01  6.630963E-01  7.435357E-01
       466   1  1.529042E+02  6.175902E+01  3.753016E+00 -9.140311E+01 -6.570324E-01 -7.357417E-01
       466   2  1.469943E+02  5.779249E+01  1.663277E+00 -8.945425E+01 -6.291651E-01 -6.921033E-01
       466   3  1.580117E+02  5.665144E+01  3.753017E+00 -8.867306E+01 -3.391431E-01 -9.262771E-01
       466   4  1.519929E+02  5.279382E+01  1.663277E+00 -8.678241E+01 -3.137941E-01 -8.811294E-01
       466   5  1.504713E+02  6.067261E+01  2.697230E+00 -9.005282E+01  6.845998E-01  1.502637E+00
       466   6  1.446561E+02  5.677213E+01  6.557270E-01 -8.813276E+01  7.124672E-01  1.546275E+00
       466   7  1.555034E+02  5.564049E+01  2.697230E+00 -8.736310E+01  1.002489E+00  1.312101E+00
       466   8  1.495810E+02  5.184730E+01  6.557264E-01 -8.550038E+01  1.027838E+00  1.357249E+00
       467   1  1.463790E+02  6.005164E+01  2.824134E+00 -8.657165E+01 -5.387963E-01 -5.432881E-01
       467   2  1.410694E+02  5.651711E+01  1.121929E+00 -8.479154E+01 -5.145133E-01 -5.052626E-01
       467   3  1.512165E+02  5.521405E+01  2.824133E+00 -8.398590E+01 -2.251503E-01 -7.312802E-01
       467   4  1.458075E+02  5.177899E+01  1.121929E+00 -8.225897E+01 -2.030616E-01 -6.919395E-01
       467   5  1.440003E+02  5.892463E+01  1.772421E+00 -8.531641E+01  9.224532E-01  1.894660E+00
       467   6  1.387756E+02  5.544931E+01  1.134596E-01 -8.356212E+01  9.467362E-01  1.932685E+00
       467   7  1.487677E+02  5.415718E+01  1.772420E+00 -8.276816E+01  1.236099E+00  1.706667E+00
       467   8  1.434450E+02  5.077989E+01  1.134597E-01 -8.106627E+01  1.258188E+00  1.746008E+00
       468   1  1.400761E+02  5.794550E+01  1.962485E+00 -8.236302E+01 -4.708012E-01 -4.340918E-01
       468   2  1.352647E+02  5.476486E+01  5.536797E-01 -8.072769E+01 -4.481973E-01 -3.986957E-01
       468   3  1.446785E+02  5.334309E+01  1.962486E+00 -7.990298E+01 -1.609004E-01 -6.198393E-01
       468   4  1.397757E+02  5.025382E+01  5.536801E-01 -7.831650E+01 -1.403391E-01 -5.832189E-01
       468   5  1.377920E+02  5.684775E+01  9.479428E-01 -8.117336E+01  1.048465E+00  2.100651E+00
       468   6  1.330584E+02  5.372128E+01 -4.212880E-01 -7.956166E+01  1.071069E+00  2.136047E+00
       468   7  1.423280E+02  5.231181E+01  9.479439E-01 -7.874885E+01  1.358366E+00  1.914903E+00
       468   8  1.375043E+02  4.927541E+01 -4.212876E-01 -7.718529E+01  1.378927E+00  1.951523E+00
       469   1  1.339303E+02  5.546073E+01  1.088118E+00 -7.869161E+01 -4.596625E-01 -4.194928E-01
       469   2  1.295332E+02  5.256987E+01 -1.035512E-01 -7.718113E+01 -4.377798E-01 -3.852260E-01
       469   3  1.383275E+02  5.106347E+01  1.088118E+00 -7.634123E+01 -1.532758E-01 -6.031339E-01
       469   4  1.338460E+02  4.825701E+01 -1.035514E-01 -7.487586E+01 -1.333706E-01 -5.676820E-01
       469   5  1.317573E+02  5.442466E+01  1.254148E-01 -7.755153E+01  1.068704E+00  2.130432E+00
       469   6  1.274323E+02  5.158399E+01 -1.029589E+00 -7.606293E+01  1.090587E+00  2.164699E+00
       469   7  1.360909E+02  5.009111E+01  1.254147E-01 -7.523520E+01  1.375091E+00  1.946791E+00
       469   8  1.316826E+02  4.733362E+01 -1.029590E+00 -7.379106E+01  1.394996E+00  1.982243E+00
       470   1  1.278904E+02  5.261915E+01  1.349426E-01 -7.548426E+01 -5.052694E-01 -4.994376E-01
       470   2  1.238310E+02  4.995810E+01 -9.182620E-01 -7.408197E+01 -4.841735E-01 -4.664029E-01
       470   3  1.321084E+02  4.840111E+01  1.349408E-01 -7.322968E+01 -2.022817E-01 -6.810414E-01
       470   4  1.279707E+02  4.581843E+01 -9.182638E-01 -7.186927E+01 -1.830922E-01 -6.468640E-01
       470   5  1.258169E+02  5.163520E+01 -7.822853E-01 -7.439166E+01  9.742523E-01  1.968995E+00
       470   6  1.218243E+02  4.902071E+01 -1.801483E+00 -7.300966E+01  9.953482E-01  2.002029E+00
       470   7  1.299739E+02  4.747822E+01 -7.822871E-01 -7.216971E+01  1.277240E+00  1.787391E+00
       470   8  1.259041E+02  4.494095E+01 -1.801484E+00 -7.082899E+01  1.296430E+00  1.821568E+00
       471   1  1.219086E+02  4.943802E+01 -9.794728E-01 -7.267569E+01 -6.000464E-01 -6.612379E-01
       471   2  1.181068E+02  4.694058E+01 -1.997519E+00 -7.136766E+01 -5.808072E-01 -6.311107E-01
       471   3  1.259697E+02  4.537693E+01 -9.794725E-01 -7.050499E+01 -3.002992E-01 -8.408994E-01
       471   4  1.220948E+02  4.295258E+01 -1.997519E+00 -6.923603E+01 -2.827986E-01 -8.097301E-01
       471   5  1.198937E+02  4.845431E+01 -1.879052E+00 -7.164160E+01  7.393404E-01  1.573393E+00
       471   6  1.161532E+02  4.599956E+01 -2.865916E+00 -7.035218E+01  7.585796E-01  1.603521E+00
       471   7  1.238970E+02  4.445101E+01 -1.879052E+00 -6.950179E+01  1.039088E+00  1.393732E+00
       471   8  1.200844E+02  4.206831E+01 -2.865915E+00 -6.825088E+01  1.056588E+00  1.424901E+00
       472   1  1.159282E+02  4.592252E+01 -2.390895E+00 -7.020383E+01 -7.226999E-01 -8.691467E-01
       472   2  1.122843E+02  4.350044E+01 -3.537111E+00 -6.897849E+01 -7.072148E-01 -8.448983E-01
       472   3  1.198512E+02  4.199955E+01 -2.390896E+00 -6.810696E+01 -4.258398E-01 -1.047078E+00
       472   4  1.161387E+02  3.964595E+01 -3.537111E+00 -6.691822E+01 -4.117541E-01 -1.021991E+00
       472   5  1.139057E+02  4.485143E+01 -3.318964E+00 -6.924975E+01  3.122721E-01  8.575991E-01
       472   6  1.103166E+02  4.246755E+01 -4.437279E+00 -6.804106E+01  3.277572E-01  8.818475E-01
       472   7  1.177754E+02  4.098178E+01 -3.318964E+00 -6.718138E+01  6.091322E-01  6.796681E-01
       472   8  1.141187E+02  3.866544E+01 -4.437280E+00 -6.600879E+01  6.232179E-01  7.047552E-01
       473   1  1.777338E+02  4.507201E+01  4.883339E+00 -8.566651E+01 -7.076098E-01 -1.055708E+00
       473   2  1.706904E+02  4.096561E+01  2.265220E+00 -8.376993E+01 -6.789232E-01 -9.992542E-01
       473   3  1.824828E+02  4.032297E+01  4.883337E+00 -8.176908E+01 -3.671700E-01 -1.216724E+00
       473   4  1.753343E+02  3.632171E+01  2.265218E+00 -7.995878E+01 -3.417293E-01 -1.158735E+00
       473   5  1.750270E+02  4.439837E+01  3.869209E+00 -8.435359E+01  2.211441E-01  9.079769E-01
       473   6  1.680980E+02  4.036134E+01  1.306211E+00 -8.248607E+01  2.498308E-01  9.644306E-01
       473   7  1.797033E+02  3.972212E+01  3.869207E+00 -8.051589E+01  5.615839E-01  7.469608E-01
       473   8  1.726707E+02  3.578861E+01  1.306209E+00 -7.873333E+01  5.870247E-01  8.049497E-01
       474   1  1.698604E+02  4.480281E+01  3.753013E+00 -8.075606E+01 -5.817532E-01 -7.965993E-01
       474   2  1.635889E+02  4.119782E+01  1.663274E+00 -7.903421E+01 -5.582974E-01 -7.504396E-01
       474   3  1.743372E+02  4.032599E+01  3.753014E+00 -7.708203E+01 -2.467189E-01 -9.550587E-01
       474   4  1.679703E+02  3.681645E+01  1.663276E+00 -7.543852E+01 -2.259172E-01 -9.076437E-01
       474   5  1.671770E+02  4.396690E+01  2.697227E+00 -7.956306E+01  5.340195E-01  1.562503E+00
       474   6  1.610057E+02  4.042260E+01  6.557238E-01 -7.786665E+01  5.574754E-01  1.608663E+00
       474   7  1.715877E+02  3.955621E+01  2.697227E+00 -7.594330E+01  8.690537E-01  1.404044E+00
       474   8  1.653223E+02  3.610596E+01  6.557255E-01 -7.432407E+01  8.898555E-01  1.451459E+00
       475   1  1.624389E+02  4.399172E+01  2.824133E+00 -7.648739E+01 -4.829502E-01 -5.934833E-01
       475   2  1.567990E+02  4.078743E+01  1.121928E+00 -7.491464E+01 -4.625113E-01 -5.532607E-01
       475   3  1.666791E+02  3.975154E+01  2.824133E+00 -7.300756E+01 -1.523880E-01 -7.498275E-01
       475   4  1.609520E+02  3.663443E+01  1.121927E+00 -7.150636E+01 -1.342618E-01 -7.085111E-01
       475   5  1.598273E+02  4.309757E+01  1.772420E+00 -7.537837E+01  7.323025E-01  1.975952E+00
       475   6  1.542772E+02  3.994769E+01  1.134590E-01 -7.382842E+01  7.527414E-01  2.016174E+00
       475   7  1.640060E+02  3.891887E+01  1.772420E+00 -7.194900E+01  1.062865E+00  1.819608E+00
       475   8  1.583700E+02  3.585491E+01  1.134580E-01 -7.046957E+01  1.080991E+00  1.860924E+00
       476   1  1.553552E+02  4.266633E+01  1.962487E+00 -7.276900E+01 -4.259857E-01 -4.781482E-01
       476   2  1.502405E+02  3.978906E+01  5.536821E-01 -7.132416E+01 -4.069601E-01 -4.407070E-01
       476   3  1.593893E+02  3.863228E+01  1.962485E+00 -6.945834E+01 -9.937060E-02 -6.326256E-01
       476   4  1.541945E+02  3.583510E+01  5.536794E-01 -6.807924E+01 -8.249783E-02 -5.941661E-01
       476   5  1.528505E+02  4.178927E+01  9.479439E-01 -7.171792E+01  8.375167E-01  2.193303E+00
       476   6  1.478179E+02  3.896180E+01 -4.212858E-01 -7.029395E+01  8.565423E-01  2.230744E+00
       476   7  1.568263E+02  3.781348E+01  9.479426E-01 -6.845508E+01  1.164132E+00  2.038825E+00
       476   8  1.517147E+02  3.506495E+01 -4.212884E-01 -6.709590E+01  1.181005E+00  2.077285E+00
       477   1  1.485283E+02  4.086264E+01  1.088118E+00 -6.952525E+01 -4.163316E-01 -4.625276E-01
       477   2  1.438510E+02  3.825199E+01 -1.035515E-01 -6.819072E+01 -3.979131E-01 -4.262810E-01
       477   3  1.523826E+02  3.700842E+01  1.088119E+00 -6.636217E+01 -9.342020E-02 -6.152534E-01
       477   4  1.476313E+02  3.447174E+01 -1.035501E-01 -6.508835E+01 -7.708575E-02 -5.780210E-01
       477   5  1.461439E+02  4.003806E+01  1.254151E-01 -6.851797E+01  8.547389E-01  2.224925E+00
       477   6  1.415427E+02  3.747355E+01 -1.029590E+00 -6.720277E+01  8.731575E-01  2.261171E+00
       477   7  1.499423E+02  3.623968E+01  1.254156E-01 -6.540072E+01  1.177650E+00  2.072199E+00
       477   8  1.452682E+02  3.374807E+01 -1.029588E+00 -6.414535E+01  1.193985E+00  2.109431E+00
       478   1  1.418935E+02  3.861606E+01  1.349415E-01 -6.669151E+01 -4.538830E-01 -5.465576E-01
       478   2  1.375739E+02  3.621515E+01 -9.182627E-01 -6.545256E+01 -4.361267E-01 -5.116143E-01
       478   3  1.455906E+02  3.491892E+01  1.349400E-01 -6.365735E+01 -1.345539E-01 -6.975890E-01
       478   4  1.412024E+02  3.258669E+01 -9.182645E-01 -6.247477E+01 -1.188067E-01 -6.616953E-01
       478   5  1.396173E+02  3.783479E+01 -7.822865E-01 -6.572618E+01  7.765657E-01  2.055007E+00
       478   6  1.353683E+02  3.547668E+01 -1.801483E+00 -6.450516E+01  7.943220E-01  2.089950E+00
       478   7  1.432609E+02  3.419117E+01 -7.822879E-01 -6.273593E+01  1.095895E+00  1.903975E+00
       478   8  1.389443E+02  3.190074E+01 -1.801485E+00 -6.157047E+01  1.111642E+00  1.939869E+00
       479   1  1.353907E+02  3.595595E+01 -9.794724E-01 -6.421010E+01 -5.323444E-01 -7.168686E-01
       479   2  1.313462E+02  3.370116E+01 -1.997520E+00 -6.305443E+01 -5.161508E-01 -6.850007E-01
       479   3  1.389503E+02  3.239638E+01 -9.794712E-01 -6.128883E+01 -2.164306E-01 -8.662848E-01
       479   4  1.348418E+02  3.020565E+01 -1.997518E+00 -6.018574E+01 -2.020694E-01 -8.335502E-01
       479   5  1.331840E+02  3.516407E+01 -1.879051E+00 -6.329646E+01  5.815607E-01  1.638285E+00
       479   6  1.292042E+02  3.294852E+01 -2.865916E+00 -6.215724E+01  5.977543E-01  1.670153E+00
       479   7  1.366929E+02  3.165515E+01 -1.879050E+00 -6.041676E+01  8.974744E-01  1.488868E+00
       479   8  1.326500E+02  2.950275E+01 -2.865914E+00 -5.932936E+01  9.118357E-01  1.521603E+00
       480   1  1.289517E+02  3.289900E+01 -2.390895E+00 -6.202617E+01 -6.340286E-01 -9.357984E-01
       480   2  1.250805E+02  3.070424E+01 -3.537110E+00 -6.094356E+01 -6.209949E-01 -9.101489E-01
       480   3  1.323902E+02  2.946049E+01 -2.390896E+00 -5.920426E+01 -3.211576E-01 -1.083775E+00
       480   4  1.284590E+02  2.732574E+01 -3.537112E+00 -5.817090E+01 -3.095987E-01 -1.057428E+00
       480   5  1.267523E+02  3.200491E+01 -3.318964E+00 -6.118322E+01  2.267091E-01  8.840774E-01
       480   6  1.229389E+02  2.984525E+01 -4.437278E+00 -6.011532E+01  2.397428E-01  9.097269E-01
       480   7  1.301440E+02  2.861313E+01 -3.318965E+00 -5.839966E+01  5.395799E-01  7.361003E-01
       480   8  1.262715E+02  2.651267E+01 -4.437281E+00 -5.738035E+01  5.511389E-01  7.624473E-01
       481   1  1.931720E+02  2.963384E+01  4.883345E+00 -7.107995E+01 -6.007250E-01 -1.119982E+00
       481   2  1.857868E+02  2.586923E+01  2.265224E+00 -6.950629E+01 -5.777099E-01 -1.060989E+00
       481   3  1.970694E+02  2.573639E+01  4.883339E+00 -6.633091E+01 -2.461420E-01 -1.246854E+00
       481   4  1.895979E+02  2.205807E+01  2.265218E+00 -6.486240E+01 -2.265077E-01 -1.186651E+00
       481   5  1.902286E+02  2.919682E+01  3.869215E+00 -6.999058E+01  1.310831E-01  9.252802E-01
       481   6  1.829630E+02  2.549633E+01  1.306214E+00 -6.844104E+01  1.540980E-01  9.842739E-01
       481   7  1.940663E+02  2.535910E+01  3.869209E+00 -6.531432E+01  4.856663E-01  7.984090E-01
       481   8  1.867157E+02  2.174357E+01  1.306208E+00 -6.386832E+01  5.053003E-01  8.586124E-01
       482   1  1.844136E+02  3.024956E+01  3.753016E+00 -6.700560E+01 -5.008714E-01 -8.497852E-01
       482   2  1.778319E+02  2.695487E+01  1.663276E+00 -6.557693E+01 -4.820530E-01 -8.015487E-01
       482   3  1.880877E+02  2.657553E+01  3.753019E+00 -6.252877E+01 -1.519186E-01 -9.746426E-01
       482   4  1.814276E+02  2.335917E+01  1.663278E+00 -6.119556E+01 -1.358646E-01 -9.254170E-01
       482   5  1.815152E+02  2.962864E+01  2.697229E+00 -6.601573E+01  3.782968E-01  1.607322E+00
       482   6  1.750382E+02  2.639006E+01  6.557256E-01 -6.460817E+01  3.971150E-01  1.655559E+00
       482   7  1.851350E+02  2.600889E+01  2.697232E+00 -6.160504E+01  7.272497E-01  1.482465E+00
       482   8  1.785808E+02  2.284749E+01  6.557277E-01 -6.029152E+01  7.433036E-01  1.531691E+00
       483   1  1.762229E+02  3.020774E+01  2.824136E+00 -6.346376E+01 -4.224531E-01 -6.379629E-01
       483   2  1.702996E+02  2.728687E+01  1.121931E+00 -6.215880E+01 -4.060552E-01 -5.959307E-01
       483   3  1.797027E+02  2.672791E+01  2.824132E+00 -5.922357E+01 -7.815813E-02 -7.611535E-01
       483   4  1.737079E+02  2.387859E+01  1.121927E+00 -5.800580E+01 -6.416898E-02 -7.182593E-01
       483   5  1.734114E+02  2.951345E+01  1.772423E+00 -6.254357E+01  5.350995E-01  2.038215E+00
       483   6  1.675820E+02  2.664289E+01  1.134609E-01 -6.125754E+01  5.514973E-01  2.080248E+00
       483   7  1.768408E+02  2.608407E+01  1.772419E+00 -5.836487E+01  8.793946E-01  1.915025E+00
       483   8  1.709409E+02  2.328402E+01  1.134576E-01 -5.716476E+01  8.933836E-01  1.957919E+00
       484   1  1.684691E+02  2.955245E+01  1.962487E+00 -6.037850E+01 -3.770678E-01 -5.175996E-01
       484   2  1.630940E+02  2.693555E+01  5.536810E-01 -5.917968E+01 -3.618037E-01 -4.784739E-01
       484   3  1.717798E+02  2.624179E+01  1.962488E+00 -5.634445E+01 -3.688398E-02 -6.393193E-01
       484   4  1.663390E+02  2.369063E+01  5.536831E-01 -5.522573E+01 -2.386215E-02 -5.993913E-01
       484   5  1.657750E+02  2.886480E+01  9.479441E-01 -5.950639E+01  6.185028E-01  2.264832E+00
       484   6  1.604857E+02  2.629394E+01 -4.212869E-01 -5.832489E+01  6.337668E-01  2.303958E+00
       484   7  1.690378E+02  2.560197E+01  9.479449E-01 -5.553061E+01  9.586866E-01  2.143113E+00
       484   8  1.636838E+02  2.309589E+01 -4.212848E-01 -5.442804E+01  9.717084E-01  2.183041E+00
       485   1  1.610577E+02  2.833332E+01  1.088117E+00 -5.768707E+01 -3.689913E-01 -5.011080E-01
       485   2  1.561399E+02  2.596317E+01 -1.035521E-01 -5.657977E+01 -3.542142E-01 -4.632305E-01
       485   3  1.642207E+02  2.517024E+01  1.088118E+00 -5.383285E+01 -3.266498E-02 -6.214474E-01
       485   4  1.592422E+02  2.286080E+01 -1.035514E-01 -5.279953E+01 -2.005859E-02 -5.827933E-01
       485   5  1.584917E+02  2.769027E+01  1.254140E-01 -5.685131E+01  6.325424E-01  2.297990E+00
       485   6  1.536535E+02  2.536277E+01 -1.029591E+00 -5.576005E+01  6.473193E-01  2.335867E+00
       485   7  1.616090E+02  2.457301E+01  1.254151E-01 -5.305292E+01  9.688687E-01  2.177651E+00
       485   8  1.567109E+02  2.230535E+01 -1.029590E+00 -5.203457E+01  9.814750E-01  2.216305E+00
       486   1  1.539121E+02  2.659741E+01  1.349422E-01 -5.533584E+01 -3.981255E-01 -5.884141E-01
       486   2  1.493693E+02  2.441978E+01 -9.182620E-01 -5.430785E+01 -3.838797E-01 -5.518986E-01
       486   3  1.569463E+02  2.356325E+01  1.349423E-01 -5.163870E+01 -6.553035E-02 -7.074185E-01
       486   4  1.523471E+02  2.144199E+01 -9.182616E-01 -5.067939E+01 -5.337726E-02 -6.701542E-01
       486   5  1.514620E+02  2.599011E+01 -7.822859E-01 -5.453487E+01  5.714002E-01  2.121228E+00
       486   6  1.469930E+02  2.385204E+01 -1.801483E+00 -5.352176E+01  5.856459E-01  2.157744E+00
       486   7  1.544522E+02  2.299987E+01 -7.822858E-01 -5.089125E+01  9.039954E-01  2.002224E+00
       486   8  1.499277E+02  2.091735E+01 -1.801482E+00 -4.994583E+01  9.161484E-01  2.039488E+00
       487   1  1.469621E+02  2.438449E+01 -9.794731E-01 -5.327694E+01 -4.595158E-01 -7.655955E-01
       487   2  1.427094E+02  2.233796E+01 -1.997520E+00 -5.231805E+01 -4.465238E-01 -7.322938E-01
       487   3  1.498834E+02  2.146322E+01 -9.794726E-01 -4.971736E+01 -1.304778E-01 -8.833271E-01
       487   4  1.455781E+02  1.946927E+01 -1.997520E+00 -4.882254E+01 -1.193943E-01 -8.493426E-01
       487   5  1.445908E+02  2.375726E+01 -1.879052E+00 -5.251887E+01  4.181798E-01  1.687399E+00
       487   6  1.404057E+02  2.174701E+01 -2.865916E+00 -5.157363E+01  4.311717E-01  1.720701E+00
       487   7  1.474705E+02  2.087756E+01 -1.879052E+00 -4.900994E+01  7.472178E-01  1.569667E+00
       487   8  1.432336E+02  1.891914E+01 -2.865916E+00 -4.812785E+01  7.583013E-01  1.603652E+00
       488   1  1.401296E+02  2.172111E+01 -2.390895E+00 -5.146487E+01 -5.392515E-01 -9.934379E-01
       488   2  1.360633E+02  1.972145E+01 -3.537107E+00 -5.056660E+01 -5.287947E-01 -9.666344E-01
       488   3  1.429515E+02  1.889920E+01 -2.390893E+00 -4.802637E+01 -2.133828E-01 -1.110036E+00
       488   4  1.388359E+02  1.694880E+01 -3.537105E+00 -4.718811E+01 -2.044621E-01 -1.082682E+00
       488   5  1.377783E+02  2.097892E+01 -3.318964E+00 -5.076546E+01  1.389619E-01  9.020416E-01
       488   6  1.337724E+02  1.901172E+01 -4.437276E+00 -4.987939E+01  1.494187E-01  9.288452E-01
       488   7  1.405618E+02  1.819537E+01 -3.318962E+00 -4.737368E+01  4.648306E-01  7.854440E-01
       488   8  1.365074E+02  1.627675E+01 -4.437274E+00 -4.654682E+01  4.737514E-01  8.127971E-01
       489   1  2.054679E+02  1.733801E+01  4.883357E+00 -5.376182E+01 -4.880552E-01 -1.173471E+00
       489   2  1.978104E+02  1.384561E+01  2.265228E+00 -5.257157E+01 -4.709333E-01 -1.112505E+00
       489   3  2.083639E+02  1.444195E+01  4.883355E+00 -4.834366E+01 -1.227440E-01 -1.264976E+00
       489   4  2.006424E+02  1.101366E+01  2.265225E+00 -4.727337E+01 -1.091052E-01 -1.203138E+00
       489   5  2.023360E+02  1.708943E+01  3.869227E+00 -5.293786E+01  3.975732E-02  9.336741E-01
       489   6  1.948023E+02  1.365698E+01  1.306218E+00 -5.176586E+01  5.687920E-02  9.946395E-01
       489   7  2.051877E+02  1.423775E+01  3.869225E+00 -4.760275E+01  4.050686E-01  8.421685E-01
       489   8  1.975909E+02  1.086843E+01  1.306216E+00 -4.654886E+01  4.187073E-01  9.040065E-01
       490   1  1.960047E+02  1.865853E+01  3.753019E+00 -5.068015E+01 -4.151664E-01 -8.947871E-01
       490   2  1.891758E+02  1.561097E+01  1.663277E+00 -4.959957E+01 -4.011666E-01 -8.449383E-01
       490   3  1.987347E+02  1.592848E+01  3.753020E+00 -4.557257E+01 -5.565566E-02 -9.848399E-01
       490   4  1.918476E+02  1.293913E+01  1.663278E+00 -4.460089E+01 -4.450382E-02 -9.342777E-01
       490   5  1.929351E+02  1.820885E+01  2.697232E+00 -4.993145E+01  2.189291E-01  1.636663E+00
       490   6  1.862145E+02  1.521375E+01  6.557263E-01 -4.886684E+01  2.329289E-01  1.686512E+00
       490   7  1.956248E+02  1.551912E+01  2.697233E+00 -4.489933E+01  5.784398E-01  1.546610E+00
       490   8  1.888469E+02  1.258138E+01  6.557277E-01 -4.394201E+01  5.895916E-01  1.597173E+00
       491   1  1.872012E+02  1.922940E+01  2.824137E+00 -4.800125E+01 -3.578879E-01 -6.762985E-01
       491   2  1.810522E+02  1.653427E+01  1.121931E+00 -4.701424E+01 -3.456887E-01 -6.328613E-01
       491   3  1.897870E+02  1.664366E+01  2.824137E+00 -4.316366E+01 -3.175916E-03 -7.651492E-01
       491   4  1.835848E+02  1.400169E+01  1.121932E+00 -4.227612E+01  6.541510E-03 -7.210904E-01
       491   5  1.842306E+02  1.869429E+01  1.772424E+00 -4.730526E+01  3.327421E-01  2.080850E+00
       491   6  1.781787E+02  1.604619E+01  1.134616E-01 -4.633256E+01  3.449412E-01  2.124288E+00
       491   7  1.867789E+02  1.614603E+01  1.772424E+00 -4.253781E+01  6.874541E-01  1.992000E+00
       491   8  1.806746E+02  1.355034E+01  1.134623E-01 -4.166314E+01  6.971715E-01  2.036059E+00
       492   1  1.789138E+02  1.910781E+01  1.962486E+00 -4.566770E+01 -3.245186E-01 -5.520662E-01
       492   2  1.733313E+02  1.669829E+01  5.536808E-01 -4.476096E+01 -3.131630E-01 -5.116327E-01
       492   3  1.813738E+02  1.664777E+01  1.962487E+00 -4.106528E+01  2.595771E-02 -6.398559E-01
       492   4  1.757425E+02  1.428710E+01  5.536812E-01 -4.024993E+01  3.500322E-02 -5.988438E-01
       492   5  1.760687E+02  1.857103E+01  9.479433E-01 -4.500807E+01  3.935317E-01  2.314551E+00
       492   6  1.705751E+02  1.620455E+01 -4.212871E-01 -4.411443E+01  4.048872E-01  2.354984E+00
       492   7  1.784932E+02  1.614652E+01  9.479442E-01 -4.047213E+01  7.440080E-01  2.226761E+00
       492   8  1.729515E+02  1.382818E+01 -4.212868E-01 -3.966856E+01  7.530535E-01  2.267774E+00
       493   1  1.710367E+02  1.835427E+01  1.088120E+00 -4.363202E+01 -3.180975E-01 -5.348624E-01
       493   2  1.659274E+02  1.617566E+01 -1.035499E-01 -4.279450E+01 -3.071043E-01 -4.957190E-01
       493   3  1.733871E+02  1.600388E+01  1.088117E+00 -3.923476E+01  2.840465E-02 -6.216566E-01
       493   4  1.682326E+02  1.387039E+01 -1.035521E-01 -3.848165E+01  3.716153E-02 -5.819529E-01
       493   5  1.683262E+02  1.785579E+01  1.254168E-01 -4.299988E+01  4.042536E-01  2.348925E+00
       493   6  1.632992E+02  1.571706E+01 -1.029588E+00 -4.217450E+01  4.152468E-01  2.388068E+00
       493   7  1.706425E+02  1.553945E+01  1.254138E-01 -3.866633E+01  7.507558E-01  2.262131E+00
       493   8  1.655711E+02  1.344519E+01 -1.029591E+00 -3.792413E+01  7.595126E-01  2.301835E+00
       494   1  1.634844E+02  1.702508E+01  1.349394E-01 -4.185364E+01 -3.385339E-01 -6.246037E-01
       494   2  1.587638E+02  1.502528E+01 -9.182648E-01 -4.107612E+01 -3.279359E-01 -5.868676E-01
       494   3  1.657390E+02  1.477050E+01  1.349430E-01 -3.763561E+01  4.124095E-03 -7.104352E-01
       494   4  1.609765E+02  1.281258E+01 -9.182616E-01 -3.693644E+01  1.256615E-02 -6.721591E-01
       494   5  1.608958E+02  1.655634E+01 -7.822886E-01 -4.124783E+01  3.607316E-01  2.167021E+00
       494   6  1.562515E+02  1.459352E+01 -1.801486E+00 -4.048156E+01  3.713296E-01  2.204757E+00
       494   7  1.631177E+02  1.433439E+01 -7.822852E-01 -3.709085E+01  7.033897E-01  2.081190E+00
       494   8  1.584322E+02  1.241285E+01 -1.801482E+00 -3.640180E+01  7.118317E-01  2.119466E+00
       495   1  1.561783E+02  1.516833E+01 -9.794717E-01 -4.029638E+01 -3.822618E-01 -8.069494E-01
       495   2  1.517597E+02  1.328768E+01 -1.997518E+00 -3.957112E+01 -3.725965E-01 -7.725346E-01
       495   3  1.583490E+02  1.299762E+01 -9.794733E-01 -3.623529E+01 -4.326849E-02 -8.918627E-01
       495   4  1.538914E+02  1.115604E+01 -1.997520E+00 -3.558312E+01 -3.556947E-02 -8.569554E-01
       495   5  1.536758E+02  1.467223E+01 -1.879051E+00 -3.972301E+01  2.507717E-01  1.720263E+00
       495   6  1.493273E+02  1.282550E+01 -2.865915E+00 -3.900807E+01  2.604369E-01  1.754678E+00
       495   7  1.558156E+02  1.253242E+01 -1.879053E+00 -3.571971E+01  5.897651E-01  1.635350E+00
       495   8  1.514286E+02  1.072419E+01 -2.865917E+00 -3.507681E+01  5.974640E-01  1.670257E+00
       496   1  1.490323E+02  1.281840E+01 -2.390898E+00 -3.892582E+01 -4.392811E-01 -1.041510E+00
       496   2  1.448106E+02  1.097412E+01 -3.537115E+00 -3.824640E+01 -4.315019E-01 -1.013811E+00
       496   3  1.511292E+02  1.072153E+01 -2.390897E+00 -3.500285E+01 -1.035530E-01 -1.125606E+00
       496   4  1.468708E+02  8.913857E+00 -3.537113E+00 -3.439191E+01 -9.735632E-02 -1.097510E+00
       496   5  1.465600E+02  1.219720E+01 -3.318967E+00 -3.839681E+01  4.987681E-02  9.113191E-01
       496   6  1.424009E+02  1.038327E+01 -4.437283E+00 -3.772663E+01  5.765600E-02  9.390186E-01
       496   7  1.486283E+02  1.012883E+01 -3.318966E+00 -3.452715E+01  3.856050E-01  8.272238E-01
       496   8  1.444331E+02  8.351006E+00 -4.437282E+00 -3.392451E+01  3.918016E-01  8.553196E-01
       497   1  2.141488E+02  8.657016E+00  4.883344E+00 -3.437763E+01 -3.706851E-01 -1.215658E+00
       497   2  2.062992E+02  5.356812E+00  2.265222E+00 -3.361654E+01 -3.596213E-01 -1.153308E+00
       497   3  2.159322E+02  6.873633E+00  4.883345E+00 -2.849860E+01  1.836067E-03 -1.270916E+00
       497   4  2.080431E+02  3.612912E+00  2.265223E+00 -2.786766E+01  9.348019E-03 -1.208039E+00
       497   5  2.108839E+02  8.541480E+00  3.869214E+00 -3.385076E+01 -5.195209E-02  9.330754E-01
       497   6  2.031610E+02  5.298282E+00  1.306212E+00 -3.310133E+01 -4.088809E-02  9.954254E-01
       497   7  2.126400E+02  6.785429E+00  3.869215E+00 -2.806183E+01  3.205691E-01  8.778166E-01
       497   8  2.048782E+02  3.581109E+00  1.306213E+00 -2.744056E+01  3.280812E-01  9.406936E-01
       498   1  2.041880E+02  1.047516E+01  3.753020E+00 -3.240709E+01 -3.254631E-01 -9.311720E-01
       498   2  1.971847E+02  7.602083E+00  1.663279E+00 -3.171611E+01 -3.164167E-01 -8.801910E-01
       498   3  2.058692E+02  8.793988E+00  3.753017E+00 -2.686505E+01  4.114319E-02 -9.855528E-01
       498   4  1.988300E+02  5.956760E+00  1.663276E+00 -2.629224E+01  4.728539E-02 -9.341411E-01
       498   5  2.009975E+02  1.014636E+01  2.697233E+00 -3.192834E+01  5.745226E-02  1.650241E+00
       498   6  1.941051E+02  7.323175E+00  6.557286E-01 -3.124758E+01  6.649883E-02  1.701222E+00
       498   7  2.026539E+02  8.490030E+00  2.697230E+00 -2.646817E+01  4.240585E-01  1.595860E+00
       498   8  1.957261E+02  5.702158E+00  6.557253E-01 -2.590383E+01  4.302008E-01  1.647271E+00
       499   1  1.949520E+02  1.147858E+01  2.824134E+00 -3.069409E+01 -2.898759E-01 -7.081209E-01
       499   2  1.886436E+02  8.942825E+00  1.121928E+00 -3.006295E+01 -2.819931E-01 -6.636972E-01
       499   3  1.965443E+02  9.886289E+00  2.824136E+00 -2.544499E+01  7.183680E-02 -7.617761E-01
       499   4  1.902032E+02  7.383275E+00  1.121930E+00 -2.492179E+01  7.718898E-02 -7.169770E-01
       499   5  1.918690E+02  1.105585E+01  1.772421E+00 -3.024904E+01  1.271797E-01  2.103445E+00
       499   6  1.856601E+02  8.564816E+00  1.134587E-01 -2.962705E+01  1.350627E-01  2.147869E+00
       499   7  1.934382E+02  9.486645E+00  1.772422E+00 -2.507606E+01  4.888924E-01  2.049790E+00
       499   8  1.871970E+02  7.027878E+00  1.134606E-01 -2.456044E+01  4.942447E-01  2.094589E+00
       500   1  1.862878E+02  1.173380E+01  1.962488E+00 -2.920191E+01 -2.688442E-01 -5.812162E-01
       500   2  1.805589E+02  9.470695E+00  5.536828E-01 -2.862210E+01 -2.615065E-01 -5.398644E-01
       500   3  1.878027E+02  1.021891E+01  1.962485E+00 -2.420800E+01  8.854934E-02 -6.342305E-01
       500   4  1.820437E+02  7.985879E+00  5.536797E-01 -2.372735E+01  9.353141E-02 -5.925293E-01
       500   5  1.833362E+02  1.130353E+01  9.479457E-01 -2.878012E+01  1.647702E-01  2.341979E+00
       500   6  1.776983E+02  9.081353E+00 -4.212851E-01 -2.820869E+01  1.721080E-01  2.383331E+00
       500   7  1.848292E+02  9.810518E+00  9.479424E-01 -2.385834E+01  5.221637E-01  2.288964E+00
       500   8  1.791617E+02  7.617983E+00 -4.212882E-01 -2.338463E+01  5.271459E-01  2.330665E+00
       501   1  1.780820E+02  1.130896E+01  1.088119E+00 -2.790021E+01 -2.641403E-01 -5.634659E-01
       501   2  1.728375E+02  9.265587E+00 -1.035496E-01 -2.736466E+01 -2.570366E-01 -5.234334E-01
       501   3  1.795294E+02  9.861600E+00  1.088119E+00 -2.312891E+01  8.920065E-02 -6.158791E-01
       501   4  1.742570E+02  7.846008E+00 -1.035509E-01 -2.268495E+01  9.402374E-02 -5.755083E-01
       501   5  1.752694E+02  1.091255E+01  1.254163E-01 -2.749599E+01  1.720715E-01  2.377238E+00
       501   6  1.701092E+02  8.907099E+00 -1.029588E+00 -2.696821E+01  1.791752E-01  2.417271E+00
       501   7  1.766958E+02  9.486163E+00  1.254157E-01 -2.279382E+01  5.254124E-01  2.324825E+00
       501   8  1.715082E+02  7.508087E+00 -1.029589E+00 -2.235629E+01  5.302356E-01  2.365196E+00
       502   1  1.702426E+02  1.026693E+01  1.349405E-01 -2.676304E+01 -2.756820E-01 -6.547781E-01
       502   2  1.653964E+02  8.392672E+00 -9.182637E-01 -2.626585E+01 -2.688338E-01 -6.161850E-01
       502   3  1.716310E+02  8.878560E+00  1.349393E-01 -2.218621E+01  7.373893E-02 -7.066098E-01
       502   4  1.667590E+02  7.030096E+00 -9.182649E-01 -2.177405E+01  7.838862E-02 -6.676906E-01
       502   5  1.675561E+02  9.896008E+00 -7.822875E-01 -2.637566E+01  1.465891E-01  2.191945E+00
       502   6  1.627881E+02  8.056921E+00 -1.801484E+00 -2.588567E+01  1.534373E-01  2.230538E+00
       502   7  1.689244E+02  8.527735E+00 -7.822888E-01 -2.186507E+01  4.960100E-01  2.140113E+00
       502   8  1.641309E+02  6.714068E+00 -1.801486E+00 -2.145888E+01  5.006597E-01  2.179032E+00
       503   1  1.626850E+02  8.661624E+00 -9.794716E-01 -2.576726E+01 -3.013263E-01 -8.405318E-01
       503   2  1.581493E+02  6.898082E+00 -1.997519E+00 -2.530349E+01 -2.950808E-01 -8.053354E-01
       503   3  1.640217E+02  7.324910E+00 -9.794738E-01 -2.136072E+01  4.435759E-02 -8.918091E-01
       503   4  1.594620E+02  5.585427E+00 -1.997521E+00 -2.097626E+01  4.859803E-02 -8.563153E-01
       503   5  1.600899E+02  8.258113E+00 -1.879051E+00 -2.540062E+01  8.094884E-02  1.736559E+00
       503   6  1.556259E+02  6.526820E+00 -2.865916E+00 -2.494345E+01  8.719431E-02  1.771756E+00
       503   7  1.614076E+02  6.940419E+00 -1.879053E+00 -2.105678E+01  4.266327E-01  1.685282E+00
       503   8  1.569199E+02  5.232842E+00 -2.865918E+00 -2.067779E+01  4.308732E-01  1.720776E+00
       504   1  1.553177E+02  6.533014E+00 -2.390895E+00 -2.489086E+01 -3.350801E-01 -1.079552E+00
       504   2  1.509863E+02  4.798445E+00 -3.537110E+00 -2.445641E+01 -3.300534E-01 -1.051223E+00
       504   3  1.566090E+02  5.241767E+00 -2.390895E+00 -2.063419E+01  7.274133E-03 -1.130335E+00
       504   4  1.522550E+02  3.529736E+00 -3.537110E+00 -2.027404E+01  1.068711E-02 -1.101768E+00
       504   5  1.527599E+02  5.997237E+00 -3.318964E+00 -2.455258E+01 -3.968822E-02  9.118198E-01
       504   6  1.484926E+02  4.291523E+00 -4.437278E+00 -2.412404E+01 -3.466143E-02  9.401483E-01
       504   7  1.540336E+02  4.723539E+00 -3.318964E+00 -2.035377E+01  3.026660E-01  8.610363E-01
       504   8  1.497441E+02  3.040056E+00 -4.437279E+00 -1.999851E+01  3.060790E-01  8.896042E-01
       505   1  2.188813E+02  3.924505E+00  4.883338E+00 -1.367234E+01 -2.497447E-01 -1.246137E+00
       505   2  2.109269E+02  7.290782E-01  2.265219E+00 -1.336965E+01 -2.448456E-01 -1.183003E+00
       505   3  2.194835E+02  3.322332E+00  4.883340E+00 -7.558359E+00  1.263989E-01 -1.264616E+00
       505   4  2.115158E+02  1.402372E-01  2.265221E+00 -7.391024E+00  1.277116E-01 -1.201306E+00
       505   5  2.155439E+02  3.881499E+00  3.869209E+00 -1.346280E+01 -1.431583E-01  9.234895E-01
       505   6  2.077178E+02  7.414721E-01  1.306210E+00 -1.316474E+01 -1.382591E-01  9.866238E-01
       505   7  2.161368E+02  3.288555E+00  3.869210E+00 -7.442520E+00  2.329853E-01  9.050107E-01
       505   8  2.082976E+02  1.616555E-01  1.306212E+00 -7.277750E+00  2.342981E-01  9.683212E-01
       506   1  2.086493E+02  6.013906E+00  3.753014E+00 -1.288864E+01 -2.326249E-01 -9.585891E-01
       506   2  2.015508E+02  3.235956E+00  1.663275E+00 -1.261383E+01 -2.286191E-01 -9.069669E-01
       506   3  2.092169E+02  5.446249E+00  3.753015E+00 -7.125111E+00  1.375462E-01 -9.767744E-01
       506   4  2.021064E+02  2.680402E+00  1.663276E+00 -6.973192E+00  1.386196E-01 -9.250082E-01
       506   5  2.053929E+02  5.751018E+00  2.697227E+00 -1.269823E+01 -1.045754E-01  1.647925E+00
       506   6  1.984067E+02  3.021548E+00  6.557247E-01 -1.242749E+01 -1.005696E-01  1.699547E+00
       506   7  2.059521E+02  5.191747E+00  2.697228E+00 -7.019852E+00  2.655957E-01  1.629740E+00
       506   8  1.989541E+02  2.474201E+00  6.557255E-01 -6.870178E+00  2.666691E-01  1.681506E+00
       507   1  1.991774E+02  7.253152E+00  2.824132E+00 -1.220736E+01 -2.190719E-01 -7.331240E-01
       507   2  1.927822E+02  4.804282E+00  1.121927E+00 -1.195635E+01 -2.155814E-01 -6.881416E-01
       507   3  1.997151E+02  6.715503E+00  2.824134E+00 -6.748486E+00  1.461581E-01 -7.510666E-01
       507   4  1.933088E+02  4.277688E+00  1.121929E+00 -6.609723E+00  1.470934E-01 -7.059587E-01
       507   5  1.960332E+02  6.891687E+00  1.772419E+00 -1.203036E+01 -7.960573E-02  2.105782E+00
       507   6  1.897386E+02  4.486278E+00  1.134576E-01 -1.178299E+01 -7.611510E-02  2.150764E+00
       507   7  1.965630E+02  6.361833E+00  1.772421E+00 -6.650638E+00  2.856243E-01  2.087839E+00
       507   8  1.902576E+02  3.967320E+00  1.134594E-01 -6.513886E+00  2.865597E-01  2.132947E+00
       508   1  1.903078E+02  7.713788E+00  1.962486E+00 -1.161391E+01 -2.105804E-01 -6.047689E-01
       508   2  1.844991E+02  5.530500E+00  5.536809E-01 -1.138331E+01 -2.073312E-01 -5.628970E-01
       508   3  1.908193E+02  7.202272E+00  1.962486E+00 -6.420413E+00  1.502885E-01 -6.224972E-01
       508   4  1.850004E+02  5.029139E+00  5.536805E-01 -6.292935E+00  1.511591E-01 -5.805084E-01
       508   5  1.872982E+02  7.341583E+00  9.479438E-01 -1.144616E+01 -6.557677E-02  2.346851E+00
       508   6  1.815816E+02  5.198070E+00 -4.212869E-01 -1.121889E+01 -6.232752E-02  2.388723E+00
       508   7  1.878023E+02  6.837455E+00  9.479433E-01 -6.327676E+00  2.952921E-01  2.329123E+00
       508   8  1.820757E+02  4.703951E+00 -4.212873E-01 -6.202040E+00  2.961628E-01  2.371112E+00
       509   1  1.819228E+02  7.468140E+00  1.088116E+00 -1.109621E+01 -2.076389E-01 -5.866428E-01
       509   2  1.766045E+02  5.498491E+00 -1.035534E-01 -1.088322E+01 -2.044934E-01 -5.461068E-01
       509   3  1.824116E+02  6.979431E+00  1.088119E+00 -6.134217E+00  1.491379E-01 -6.041703E-01
       509   4  1.770839E+02  5.019162E+00 -1.035511E-01 -6.016472E+00  1.499808E-01 -5.635211E-01
       509   5  1.790546E+02  7.127379E+00  1.254131E-01 -1.093545E+01 -6.176669E-02  2.382657E+00
       509   6  1.738217E+02  5.194580E+00 -1.029592E+00 -1.072554E+01 -5.862108E-02  2.423193E+00
       509   7  1.795362E+02  6.645751E+00  1.254154E-01 -6.045345E+00  2.950101E-01  2.365129E+00
       509   8  1.742940E+02  4.722196E+00 -1.029589E+00 -5.929305E+00  2.958531E-01  2.405779E+00
       510   1  1.739269E+02  6.582666E+00  1.349421E-01 -1.064394E+01 -2.101750E-01 -6.786468E-01
       510   2  1.690122E+02  4.776853E+00 -9.182626E-01 -1.044621E+01 -2.071425E-01 -6.395683E-01
       510   3  1.743957E+02  6.113868E+00  1.349409E-01 -5.884197E+00  1.426438E-01 -6.959797E-01
       510   4  1.694723E+02  4.316764E+00 -9.182637E-01 -5.774884E+00  1.434564E-01 -6.567921E-01
       510   5  1.711870E+02  6.265073E+00 -7.822859E-01 -1.048988E+01 -6.896454E-02  2.195758E+00
       510   6  1.663516E+02  4.493440E+00 -1.801483E+00 -1.029500E+01 -6.593207E-02  2.234836E+00
       510   7  1.716490E+02  5.803061E+00 -7.822870E-01 -5.799025E+00  2.838543E-01  2.178425E+00
       510   8  1.668050E+02  4.040010E+00 -1.801484E+00 -5.691295E+00  2.846668E-01  2.217612E+00
       511   1  1.662322E+02  5.114439E+00 -9.794720E-01 -1.024791E+01 -2.174887E-01 -8.660196E-01
       511   2  1.616327E+02  3.414741E+00 -1.997519E+00 -1.006347E+01 -2.147232E-01 -8.303805E-01
       511   3  1.666836E+02  4.663086E+00 -9.794724E-01 -5.665260E+00  1.315566E-01 -8.831671E-01
       511   4  1.620759E+02  2.971511E+00 -1.997520E+00 -5.563296E+00  1.322976E-01 -8.474285E-01
       511   5  1.635866E+02  4.761400E+00 -1.879051E+00 -1.010209E+01 -8.965320E-02  1.736132E+00
       511   6  1.590597E+02  3.093042E+00 -2.865916E+00 -9.920274E+00 -8.688762E-02  1.771771E+00
       511   7  1.640316E+02  4.316469E+00 -1.879051E+00 -5.584650E+00  2.593921E-01  1.718984E+00
       511   8  1.594966E+02  2.656119E+00 -2.865916E+00 -5.484136E+00  2.601332E-01  1.754723E+00
       512   1  1.587443E+02  3.106470E+00 -2.390897E+00 -9.899356E+00 -2.276520E-01 -1.107197E+00
       512   2  1.543530E+02  1.431708E+00 -3.537113E+00 -9.726572E+00 -2.254261E-01 -1.078512E+00
       512   3  1.591803E+02  2.670475E+00 -2.390895E+00 -5.472572E+00  1.180314E-01 -1.124180E+00
       512   4  1.547814E+02  1.003323E+00 -3.537110E+00 -5.377054E+00  1.186278E-01 -1.095415E+00
       512   5  1.561399E+02  2.617261E+00 -3.318966E+00 -9.764822E+00 -1.288708E-01  9.035390E-01
       512   6  1.518136E+02  9.705411E-01 -4.437281E+00 -9.594386E+00 -1.266449E-01  9.322239E-01
       512   7  1.565700E+02  2.187192E+00 -3.318964E+00 -5.398199E+00  2.168125E-01  8.865565E-01
       512   8  1.522362E+02  5.479777E-01 -4.437279E+00 -5.303979E+00  2.174090E-01  9.153214E-01
