id,sequence,kind,subjectId,currentRef,currentReferenceClass,currentStatus,replacementTarget,acceptedReferenceClasses,requiredFields,sourceArtifacts,exitCriteria,blocksBom,blocksPublish,action
replace:1:sourcing:1:lfp_prismatic_cells,1,sourcing,lfp_prismatic_cells,test-fixture://review-evidence-closure/source/lfp_prismatic_cells,protocol_fixture,protocol_fixture,external_supplier_or_catalogue_url,external_url,componentWordId; supplierName; manufacturer; mpn where applicable; unitCostGbp; leadTimeWeeks where stated; sourceGrade; evidence.ref; evidence.quote; retrievedAt,*.sourcing-intake-template.csv; *.sourcing-ledger.csv; *.bom-provenance-manifest.csv; *.evidence-authenticity-gate.csv,"Sourcing record uses a retrievable external supplier or catalogue URL.; BoM provenance manifest marks supplier, manufacturer, MPN, unit cost and lead time as source-backed where claimed.; Evidence Authenticity Gate row becomes accepted_production_evidence.",yes,yes,Replace sourcing:1:lfp_prismatic_cells with source-backed supplier/catalogue evidence before this BoM line can support trusted publication.
replace:2:sourcing:2:cell_to_cell_busbar,2,sourcing,cell_to_cell_busbar,test-fixture://review-evidence-closure/source/cell_to_cell_busbar,protocol_fixture,protocol_fixture,external_supplier_or_catalogue_url,external_url,componentWordId; supplierName; manufacturer; mpn where applicable; unitCostGbp; leadTimeWeeks where stated; sourceGrade; evidence.ref; evidence.quote; retrievedAt,*.sourcing-intake-template.csv; *.sourcing-ledger.csv; *.bom-provenance-manifest.csv; *.evidence-authenticity-gate.csv,"Sourcing record uses a retrievable external supplier or catalogue URL.; BoM provenance manifest marks supplier, manufacturer, MPN, unit cost and lead time as source-backed where claimed.; Evidence Authenticity Gate row becomes accepted_production_evidence.",yes,yes,Replace sourcing:2:cell_to_cell_busbar with source-backed supplier/catalogue evidence before this BoM line can support trusted publication.
replace:3:sourcing:3:cell_terminal_hardware_set,3,sourcing,cell_terminal_hardware_set,test-fixture://review-evidence-closure/source/cell_terminal_hardware_set,protocol_fixture,protocol_fixture,external_supplier_or_catalogue_url,external_url,componentWordId; supplierName; manufacturer; mpn where applicable; unitCostGbp; leadTimeWeeks where stated; sourceGrade; evidence.ref; evidence.quote; retrievedAt,*.sourcing-intake-template.csv; *.sourcing-ledger.csv; *.bom-provenance-manifest.csv; *.evidence-authenticity-gate.csv,"Sourcing record uses a retrievable external supplier or catalogue URL.; BoM provenance manifest marks supplier, manufacturer, MPN, unit cost and lead time as source-backed where claimed.; Evidence Authenticity Gate row becomes accepted_production_evidence.",yes,yes,Replace sourcing:3:cell_terminal_hardware_set with source-backed supplier/catalogue evidence before this BoM line can support trusted publication.
replace:4:sourcing:4:cell_insulation_pad,4,sourcing,cell_insulation_pad,test-fixture://review-evidence-closure/source/cell_insulation_pad,protocol_fixture,protocol_fixture,external_supplier_or_catalogue_url,external_url,componentWordId; supplierName; manufacturer; mpn where applicable; unitCostGbp; leadTimeWeeks where stated; sourceGrade; evidence.ref; evidence.quote; retrievedAt,*.sourcing-intake-template.csv; *.sourcing-ledger.csv; *.bom-provenance-manifest.csv; *.evidence-authenticity-gate.csv,"Sourcing record uses a retrievable external supplier or catalogue URL.; BoM provenance manifest marks supplier, manufacturer, MPN, unit cost and lead time as source-backed where claimed.; Evidence Authenticity Gate row becomes accepted_production_evidence.",yes,yes,Replace sourcing:4:cell_insulation_pad with source-backed supplier/catalogue evidence before this BoM line can support trusted publication.
replace:5:sourcing:5:module_fuse,5,sourcing,module_fuse,test-fixture://review-evidence-closure/source/module_fuse,protocol_fixture,protocol_fixture,external_supplier_or_catalogue_url,external_url,componentWordId; supplierName; manufacturer; mpn where applicable; unitCostGbp; leadTimeWeeks where stated; sourceGrade; evidence.ref; evidence.quote; retrievedAt,*.sourcing-intake-template.csv; *.sourcing-ledger.csv; *.bom-provenance-manifest.csv; *.evidence-authenticity-gate.csv,"Sourcing record uses a retrievable external supplier or catalogue URL.; BoM provenance manifest marks supplier, manufacturer, MPN, unit cost and lead time as source-backed where claimed.; Evidence Authenticity Gate row becomes accepted_production_evidence.",yes,yes,Replace sourcing:5:module_fuse with source-backed supplier/catalogue evidence before this BoM line can support trusted publication.
replace:6:sourcing:6:module_steel_frame,6,sourcing,module_steel_frame,test-fixture://review-evidence-closure/source/module_steel_frame,protocol_fixture,protocol_fixture,external_supplier_or_catalogue_url,external_url,componentWordId; supplierName; manufacturer; mpn where applicable; unitCostGbp; leadTimeWeeks where stated; sourceGrade; evidence.ref; evidence.quote; retrievedAt,*.sourcing-intake-template.csv; *.sourcing-ledger.csv; *.bom-provenance-manifest.csv; *.evidence-authenticity-gate.csv,"Sourcing record uses a retrievable external supplier or catalogue URL.; BoM provenance manifest marks supplier, manufacturer, MPN, unit cost and lead time as source-backed where claimed.; Evidence Authenticity Gate row becomes accepted_production_evidence.",yes,yes,Replace sourcing:6:module_steel_frame with source-backed supplier/catalogue evidence before this BoM line can support trusted publication.
replace:7:sourcing:7:compression_plate,7,sourcing,compression_plate,test-fixture://review-evidence-closure/source/compression_plate,protocol_fixture,protocol_fixture,external_supplier_or_catalogue_url,external_url,componentWordId; supplierName; manufacturer; mpn where applicable; unitCostGbp; leadTimeWeeks where stated; sourceGrade; evidence.ref; evidence.quote; retrievedAt,*.sourcing-intake-template.csv; *.sourcing-ledger.csv; *.bom-provenance-manifest.csv; *.evidence-authenticity-gate.csv,"Sourcing record uses a retrievable external supplier or catalogue URL.; BoM provenance manifest marks supplier, manufacturer, MPN, unit cost and lead time as source-backed where claimed.; Evidence Authenticity Gate row becomes accepted_production_evidence.",yes,yes,Replace sourcing:7:compression_plate with source-backed supplier/catalogue evidence before this BoM line can support trusted publication.
replace:8:sourcing:8:compression_tie_rod_set,8,sourcing,compression_tie_rod_set,test-fixture://review-evidence-closure/source/compression_tie_rod_set,protocol_fixture,protocol_fixture,external_supplier_or_catalogue_url,external_url,componentWordId; supplierName; manufacturer; mpn where applicable; unitCostGbp; leadTimeWeeks where stated; sourceGrade; evidence.ref; evidence.quote; retrievedAt,*.sourcing-intake-template.csv; *.sourcing-ledger.csv; *.bom-provenance-manifest.csv; *.evidence-authenticity-gate.csv,"Sourcing record uses a retrievable external supplier or catalogue URL.; BoM provenance manifest marks supplier, manufacturer, MPN, unit cost and lead time as source-backed where claimed.; Evidence Authenticity Gate row becomes accepted_production_evidence.",yes,yes,Replace sourcing:8:compression_tie_rod_set with source-backed supplier/catalogue evidence before this BoM line can support trusted publication.
replace:9:sourcing:9:module_top_cover,9,sourcing,module_top_cover,test-fixture://review-evidence-closure/source/module_top_cover,protocol_fixture,protocol_fixture,external_supplier_or_catalogue_url,external_url,componentWordId; supplierName; manufacturer; mpn where applicable; unitCostGbp; leadTimeWeeks where stated; sourceGrade; evidence.ref; evidence.quote; retrievedAt,*.sourcing-intake-template.csv; *.sourcing-ledger.csv; *.bom-provenance-manifest.csv; *.evidence-authenticity-gate.csv,"Sourcing record uses a retrievable external supplier or catalogue URL.; BoM provenance manifest marks supplier, manufacturer, MPN, unit cost and lead time as source-backed where claimed.; Evidence Authenticity Gate row becomes accepted_production_evidence.",yes,yes,Replace sourcing:9:module_top_cover with source-backed supplier/catalogue evidence before this BoM line can support trusted publication.
replace:10:sourcing:10:rack_label_plate,10,sourcing,rack_label_plate,test-fixture://review-evidence-closure/source/rack_label_plate,protocol_fixture,protocol_fixture,external_supplier_or_catalogue_url,external_url,componentWordId; supplierName; manufacturer; mpn where applicable; unitCostGbp; leadTimeWeeks where stated; sourceGrade; evidence.ref; evidence.quote; retrievedAt,*.sourcing-intake-template.csv; *.sourcing-ledger.csv; *.bom-provenance-manifest.csv; *.evidence-authenticity-gate.csv,"Sourcing record uses a retrievable external supplier or catalogue URL.; BoM provenance manifest marks supplier, manufacturer, MPN, unit cost and lead time as source-backed where claimed.; Evidence Authenticity Gate row becomes accepted_production_evidence.",yes,yes,Replace sourcing:10:rack_label_plate with source-backed supplier/catalogue evidence before this BoM line can support trusted publication.
replace:11:sourcing:11:bms_slave_pcb,11,sourcing,bms_slave_pcb,test-fixture://review-evidence-closure/source/bms_slave_pcb,protocol_fixture,protocol_fixture,external_supplier_or_catalogue_url,external_url,componentWordId; supplierName; manufacturer; mpn where applicable; unitCostGbp; leadTimeWeeks where stated; sourceGrade; evidence.ref; evidence.quote; retrievedAt,*.sourcing-intake-template.csv; *.sourcing-ledger.csv; *.bom-provenance-manifest.csv; *.evidence-authenticity-gate.csv,"Sourcing record uses a retrievable external supplier or catalogue URL.; BoM provenance manifest marks supplier, manufacturer, MPN, unit cost and lead time as source-backed where claimed.; Evidence Authenticity Gate row becomes accepted_production_evidence.",yes,yes,Replace sourcing:11:bms_slave_pcb with source-backed supplier/catalogue evidence before this BoM line can support trusted publication.
replace:12:sourcing:12:afe_monitor_ic,12,sourcing,afe_monitor_ic,test-fixture://review-evidence-closure/source/afe_monitor_ic,protocol_fixture,protocol_fixture,external_supplier_or_catalogue_url,external_url,componentWordId; supplierName; manufacturer; mpn where applicable; unitCostGbp; leadTimeWeeks where stated; sourceGrade; evidence.ref; evidence.quote; retrievedAt,*.sourcing-intake-template.csv; *.sourcing-ledger.csv; *.bom-provenance-manifest.csv; *.evidence-authenticity-gate.csv,"Sourcing record uses a retrievable external supplier or catalogue URL.; BoM provenance manifest marks supplier, manufacturer, MPN, unit cost and lead time as source-backed where claimed.; Evidence Authenticity Gate row becomes accepted_production_evidence.",yes,yes,Replace sourcing:12:afe_monitor_ic with source-backed supplier/catalogue evidence before this BoM line can support trusted publication.
replace:13:sourcing:13:ntc_thermistor_harness,13,sourcing,ntc_thermistor_harness,test-fixture://review-evidence-closure/source/ntc_thermistor_harness,protocol_fixture,protocol_fixture,external_supplier_or_catalogue_url,external_url,componentWordId; supplierName; manufacturer; mpn where applicable; unitCostGbp; leadTimeWeeks where stated; sourceGrade; evidence.ref; evidence.quote; retrievedAt,*.sourcing-intake-template.csv; *.sourcing-ledger.csv; *.bom-provenance-manifest.csv; *.evidence-authenticity-gate.csv,"Sourcing record uses a retrievable external supplier or catalogue URL.; BoM provenance manifest marks supplier, manufacturer, MPN, unit cost and lead time as source-backed where claimed.; Evidence Authenticity Gate row becomes accepted_production_evidence.",yes,yes,Replace sourcing:13:ntc_thermistor_harness with source-backed supplier/catalogue evidence before this BoM line can support trusted publication.
replace:14:sourcing:14:isolated_can_transceiver,14,sourcing,isolated_can_transceiver,test-fixture://review-evidence-closure/source/isolated_can_transceiver,protocol_fixture,protocol_fixture,external_supplier_or_catalogue_url,external_url,componentWordId; supplierName; manufacturer; mpn where applicable; unitCostGbp; leadTimeWeeks where stated; sourceGrade; evidence.ref; evidence.quote; retrievedAt,*.sourcing-intake-template.csv; *.sourcing-ledger.csv; *.bom-provenance-manifest.csv; *.evidence-authenticity-gate.csv,"Sourcing record uses a retrievable external supplier or catalogue URL.; BoM provenance manifest marks supplier, manufacturer, MPN, unit cost and lead time as source-backed where claimed.; Evidence Authenticity Gate row becomes accepted_production_evidence.",yes,yes,Replace sourcing:14:isolated_can_transceiver with source-backed supplier/catalogue evidence before this BoM line can support trusted publication.
replace:15:sourcing:15:conformal_coating,15,sourcing,conformal_coating,test-fixture://review-evidence-closure/source/conformal_coating,protocol_fixture,protocol_fixture,external_supplier_or_catalogue_url,external_url,componentWordId; supplierName; manufacturer; mpn where applicable; unitCostGbp; leadTimeWeeks where stated; sourceGrade; evidence.ref; evidence.quote; retrievedAt,*.sourcing-intake-template.csv; *.sourcing-ledger.csv; *.bom-provenance-manifest.csv; *.evidence-authenticity-gate.csv,"Sourcing record uses a retrievable external supplier or catalogue URL.; BoM provenance manifest marks supplier, manufacturer, MPN, unit cost and lead time as source-backed where claimed.; Evidence Authenticity Gate row becomes accepted_production_evidence.",yes,yes,Replace sourcing:15:conformal_coating with source-backed supplier/catalogue evidence before this BoM line can support trusted publication.
replace:16:sourcing:16:dc_contactor_or_breaker,16,sourcing,dc_contactor_or_breaker,test-fixture://review-evidence-closure/source/dc_contactor_or_breaker,protocol_fixture,protocol_fixture,external_supplier_or_catalogue_url,external_url,componentWordId; supplierName; manufacturer; mpn where applicable; unitCostGbp; leadTimeWeeks where stated; sourceGrade; evidence.ref; evidence.quote; retrievedAt,*.sourcing-intake-template.csv; *.sourcing-ledger.csv; *.bom-provenance-manifest.csv; *.evidence-authenticity-gate.csv,"Sourcing record uses a retrievable external supplier or catalogue URL.; BoM provenance manifest marks supplier, manufacturer, MPN, unit cost and lead time as source-backed where claimed.; Evidence Authenticity Gate row becomes accepted_production_evidence.",yes,yes,Replace sourcing:16:dc_contactor_or_breaker with source-backed supplier/catalogue evidence before this BoM line can support trusted publication.
replace:17:sourcing:17:precharge_resistor,17,sourcing,precharge_resistor,test-fixture://review-evidence-closure/source/precharge_resistor,protocol_fixture,protocol_fixture,external_supplier_or_catalogue_url,external_url,componentWordId; supplierName; manufacturer; mpn where applicable; unitCostGbp; leadTimeWeeks where stated; sourceGrade; evidence.ref; evidence.quote; retrievedAt,*.sourcing-intake-template.csv; *.sourcing-ledger.csv; *.bom-provenance-manifest.csv; *.evidence-authenticity-gate.csv,"Sourcing record uses a retrievable external supplier or catalogue URL.; BoM provenance manifest marks supplier, manufacturer, MPN, unit cost and lead time as source-backed where claimed.; Evidence Authenticity Gate row becomes accepted_production_evidence.",yes,yes,Replace sourcing:17:precharge_resistor with source-backed supplier/catalogue evidence before this BoM line can support trusted publication.
replace:18:sourcing:18:hv_fuse_holder,18,sourcing,hv_fuse_holder,test-fixture://review-evidence-closure/source/hv_fuse_holder,protocol_fixture,protocol_fixture,external_supplier_or_catalogue_url,external_url,componentWordId; supplierName; manufacturer; mpn where applicable; unitCostGbp; leadTimeWeeks where stated; sourceGrade; evidence.ref; evidence.quote; retrievedAt,*.sourcing-intake-template.csv; *.sourcing-ledger.csv; *.bom-provenance-manifest.csv; *.evidence-authenticity-gate.csv,"Sourcing record uses a retrievable external supplier or catalogue URL.; BoM provenance manifest marks supplier, manufacturer, MPN, unit cost and lead time as source-backed where claimed.; Evidence Authenticity Gate row becomes accepted_production_evidence.",yes,yes,Replace sourcing:18:hv_fuse_holder with source-backed supplier/catalogue evidence before this BoM line can support trusted publication.
replace:19:sourcing:19:pack_current_sensor,19,sourcing,pack_current_sensor,test-fixture://review-evidence-closure/source/pack_current_sensor,protocol_fixture,protocol_fixture,external_supplier_or_catalogue_url,external_url,componentWordId; supplierName; manufacturer; mpn where applicable; unitCostGbp; leadTimeWeeks where stated; sourceGrade; evidence.ref; evidence.quote; retrievedAt,*.sourcing-intake-template.csv; *.sourcing-ledger.csv; *.bom-provenance-manifest.csv; *.evidence-authenticity-gate.csv,"Sourcing record uses a retrievable external supplier or catalogue URL.; BoM provenance manifest marks supplier, manufacturer, MPN, unit cost and lead time as source-backed where claimed.; Evidence Authenticity Gate row becomes accepted_production_evidence.",yes,yes,Replace sourcing:19:pack_current_sensor with source-backed supplier/catalogue evidence before this BoM line can support trusted publication.
replace:20:sourcing:20:service_disconnect,20,sourcing,service_disconnect,test-fixture://review-evidence-closure/source/service_disconnect,protocol_fixture,protocol_fixture,external_supplier_or_catalogue_url,external_url,componentWordId; supplierName; manufacturer; mpn where applicable; unitCostGbp; leadTimeWeeks where stated; sourceGrade; evidence.ref; evidence.quote; retrievedAt,*.sourcing-intake-template.csv; *.sourcing-ledger.csv; *.bom-provenance-manifest.csv; *.evidence-authenticity-gate.csv,"Sourcing record uses a retrievable external supplier or catalogue URL.; BoM provenance manifest marks supplier, manufacturer, MPN, unit cost and lead time as source-backed where claimed.; Evidence Authenticity Gate row becomes accepted_production_evidence.",yes,yes,Replace sourcing:20:service_disconnect with source-backed supplier/catalogue evidence before this BoM line can support trusted publication.
replace:21:sourcing:21:cell_voltage_sense_loom,21,sourcing,cell_voltage_sense_loom,test-fixture://review-evidence-closure/source/cell_voltage_sense_loom,protocol_fixture,protocol_fixture,external_supplier_or_catalogue_url,external_url,componentWordId; supplierName; manufacturer; mpn where applicable; unitCostGbp; leadTimeWeeks where stated; sourceGrade; evidence.ref; evidence.quote; retrievedAt,*.sourcing-intake-template.csv; *.sourcing-ledger.csv; *.bom-provenance-manifest.csv; *.evidence-authenticity-gate.csv,"Sourcing record uses a retrievable external supplier or catalogue URL.; BoM provenance manifest marks supplier, manufacturer, MPN, unit cost and lead time as source-backed where claimed.; Evidence Authenticity Gate row becomes accepted_production_evidence.",yes,yes,Replace sourcing:21:cell_voltage_sense_loom with source-backed supplier/catalogue evidence before this BoM line can support trusted publication.
replace:22:sourcing:22:rack_can_drop_cable,22,sourcing,rack_can_drop_cable,test-fixture://review-evidence-closure/source/rack_can_drop_cable,protocol_fixture,protocol_fixture,external_supplier_or_catalogue_url,external_url,componentWordId; supplierName; manufacturer; mpn where applicable; unitCostGbp; leadTimeWeeks where stated; sourceGrade; evidence.ref; evidence.quote; retrievedAt,*.sourcing-intake-template.csv; *.sourcing-ledger.csv; *.bom-provenance-manifest.csv; *.evidence-authenticity-gate.csv,"Sourcing record uses a retrievable external supplier or catalogue URL.; BoM provenance manifest marks supplier, manufacturer, MPN, unit cost and lead time as source-backed where claimed.; Evidence Authenticity Gate row becomes accepted_production_evidence.",yes,yes,Replace sourcing:22:rack_can_drop_cable with source-backed supplier/catalogue evidence before this BoM line can support trusted publication.
replace:23:sourcing:23:harness_strain_relief_rail,23,sourcing,harness_strain_relief_rail,test-fixture://review-evidence-closure/source/harness_strain_relief_rail,protocol_fixture,protocol_fixture,external_supplier_or_catalogue_url,external_url,componentWordId; supplierName; manufacturer; mpn where applicable; unitCostGbp; leadTimeWeeks where stated; sourceGrade; evidence.ref; evidence.quote; retrievedAt,*.sourcing-intake-template.csv; *.sourcing-ledger.csv; *.bom-provenance-manifest.csv; *.evidence-authenticity-gate.csv,"Sourcing record uses a retrievable external supplier or catalogue URL.; BoM provenance manifest marks supplier, manufacturer, MPN, unit cost and lead time as source-backed where claimed.; Evidence Authenticity Gate row becomes accepted_production_evidence.",yes,yes,Replace sourcing:23:harness_strain_relief_rail with source-backed supplier/catalogue evidence before this BoM line can support trusted publication.
replace:24:sourcing:24:low_smoke_cable_sleeve,24,sourcing,low_smoke_cable_sleeve,test-fixture://review-evidence-closure/source/low_smoke_cable_sleeve,protocol_fixture,protocol_fixture,external_supplier_or_catalogue_url,external_url,componentWordId; supplierName; manufacturer; mpn where applicable; unitCostGbp; leadTimeWeeks where stated; sourceGrade; evidence.ref; evidence.quote; retrievedAt,*.sourcing-intake-template.csv; *.sourcing-ledger.csv; *.bom-provenance-manifest.csv; *.evidence-authenticity-gate.csv,"Sourcing record uses a retrievable external supplier or catalogue URL.; BoM provenance manifest marks supplier, manufacturer, MPN, unit cost and lead time as source-backed where claimed.; Evidence Authenticity Gate row becomes accepted_production_evidence.",yes,yes,Replace sourcing:24:low_smoke_cable_sleeve with source-backed supplier/catalogue evidence before this BoM line can support trusted publication.
replace:25:sourcing:25:rack_cold_plate_manifold,25,sourcing,rack_cold_plate_manifold,test-fixture://review-evidence-closure/source/rack_cold_plate_manifold,protocol_fixture,protocol_fixture,external_supplier_or_catalogue_url,external_url,componentWordId; supplierName; manufacturer; mpn where applicable; unitCostGbp; leadTimeWeeks where stated; sourceGrade; evidence.ref; evidence.quote; retrievedAt,*.sourcing-intake-template.csv; *.sourcing-ledger.csv; *.bom-provenance-manifest.csv; *.evidence-authenticity-gate.csv,"Sourcing record uses a retrievable external supplier or catalogue URL.; BoM provenance manifest marks supplier, manufacturer, MPN, unit cost and lead time as source-backed where claimed.; Evidence Authenticity Gate row becomes accepted_production_evidence.",yes,yes,Replace sourcing:25:rack_cold_plate_manifold with source-backed supplier/catalogue evidence before this BoM line can support trusted publication.
replace:26:sourcing:26:thermally_conductive_gap_pad,26,sourcing,thermally_conductive_gap_pad,test-fixture://review-evidence-closure/source/thermally_conductive_gap_pad,protocol_fixture,protocol_fixture,external_supplier_or_catalogue_url,external_url,componentWordId; supplierName; manufacturer; mpn where applicable; unitCostGbp; leadTimeWeeks where stated; sourceGrade; evidence.ref; evidence.quote; retrievedAt,*.sourcing-intake-template.csv; *.sourcing-ledger.csv; *.bom-provenance-manifest.csv; *.evidence-authenticity-gate.csv,"Sourcing record uses a retrievable external supplier or catalogue URL.; BoM provenance manifest marks supplier, manufacturer, MPN, unit cost and lead time as source-backed where claimed.; Evidence Authenticity Gate row becomes accepted_production_evidence.",yes,yes,Replace sourcing:26:thermally_conductive_gap_pad with source-backed supplier/catalogue evidence before this BoM line can support trusted publication.
replace:27:sourcing:27:coolant_quick_connector_pair,27,sourcing,coolant_quick_connector_pair,test-fixture://review-evidence-closure/source/coolant_quick_connector_pair,protocol_fixture,protocol_fixture,external_supplier_or_catalogue_url,external_url,componentWordId; supplierName; manufacturer; mpn where applicable; unitCostGbp; leadTimeWeeks where stated; sourceGrade; evidence.ref; evidence.quote; retrievedAt,*.sourcing-intake-template.csv; *.sourcing-ledger.csv; *.bom-provenance-manifest.csv; *.evidence-authenticity-gate.csv,"Sourcing record uses a retrievable external supplier or catalogue URL.; BoM provenance manifest marks supplier, manufacturer, MPN, unit cost and lead time as source-backed where claimed.; Evidence Authenticity Gate row becomes accepted_production_evidence.",yes,yes,Replace sourcing:27:coolant_quick_connector_pair with source-backed supplier/catalogue evidence before this BoM line can support trusted publication.
replace:28:sourcing:28:rack_drip_tray,28,sourcing,rack_drip_tray,test-fixture://review-evidence-closure/source/rack_drip_tray,protocol_fixture,protocol_fixture,external_supplier_or_catalogue_url,external_url,componentWordId; supplierName; manufacturer; mpn where applicable; unitCostGbp; leadTimeWeeks where stated; sourceGrade; evidence.ref; evidence.quote; retrievedAt,*.sourcing-intake-template.csv; *.sourcing-ledger.csv; *.bom-provenance-manifest.csv; *.evidence-authenticity-gate.csv,"Sourcing record uses a retrievable external supplier or catalogue URL.; BoM provenance manifest marks supplier, manufacturer, MPN, unit cost and lead time as source-backed where claimed.; Evidence Authenticity Gate row becomes accepted_production_evidence.",yes,yes,Replace sourcing:28:rack_drip_tray with source-backed supplier/catalogue evidence before this BoM line can support trusted publication.
replace:29:sourcing:29:leak_detection_rope,29,sourcing,leak_detection_rope,test-fixture://review-evidence-closure/source/leak_detection_rope,protocol_fixture,protocol_fixture,external_supplier_or_catalogue_url,external_url,componentWordId; supplierName; manufacturer; mpn where applicable; unitCostGbp; leadTimeWeeks where stated; sourceGrade; evidence.ref; evidence.quote; retrievedAt,*.sourcing-intake-template.csv; *.sourcing-ledger.csv; *.bom-provenance-manifest.csv; *.evidence-authenticity-gate.csv,"Sourcing record uses a retrievable external supplier or catalogue URL.; BoM provenance manifest marks supplier, manufacturer, MPN, unit cost and lead time as source-backed where claimed.; Evidence Authenticity Gate row becomes accepted_production_evidence.",yes,yes,Replace sourcing:29:leak_detection_rope with source-backed supplier/catalogue evidence before this BoM line can support trusted publication.
replace:30:sourcing:30:pcs_inverter,30,sourcing,pcs_inverter,test-fixture://review-evidence-closure/source/pcs_inverter,protocol_fixture,protocol_fixture,external_supplier_or_catalogue_url,external_url,componentWordId; supplierName; manufacturer; mpn where applicable; unitCostGbp; leadTimeWeeks where stated; sourceGrade; evidence.ref; evidence.quote; retrievedAt,*.sourcing-intake-template.csv; *.sourcing-ledger.csv; *.bom-provenance-manifest.csv; *.evidence-authenticity-gate.csv,"Sourcing record uses a retrievable external supplier or catalogue URL.; BoM provenance manifest marks supplier, manufacturer, MPN, unit cost and lead time as source-backed where claimed.; Evidence Authenticity Gate row becomes accepted_production_evidence.",yes,yes,Replace sourcing:30:pcs_inverter with source-backed supplier/catalogue evidence before this BoM line can support trusted publication.
replace:31:sourcing:31:igbt_power_module,31,sourcing,igbt_power_module,test-fixture://review-evidence-closure/source/igbt_power_module,protocol_fixture,protocol_fixture,external_supplier_or_catalogue_url,external_url,componentWordId; supplierName; manufacturer; mpn where applicable; unitCostGbp; leadTimeWeeks where stated; sourceGrade; evidence.ref; evidence.quote; retrievedAt,*.sourcing-intake-template.csv; *.sourcing-ledger.csv; *.bom-provenance-manifest.csv; *.evidence-authenticity-gate.csv,"Sourcing record uses a retrievable external supplier or catalogue URL.; BoM provenance manifest marks supplier, manufacturer, MPN, unit cost and lead time as source-backed where claimed.; Evidence Authenticity Gate row becomes accepted_production_evidence.",yes,yes,Replace sourcing:31:igbt_power_module with source-backed supplier/catalogue evidence before this BoM line can support trusted publication.
replace:32:sourcing:32:dc_link_capacitor_bank,32,sourcing,dc_link_capacitor_bank,test-fixture://review-evidence-closure/source/dc_link_capacitor_bank,protocol_fixture,protocol_fixture,external_supplier_or_catalogue_url,external_url,componentWordId; supplierName; manufacturer; mpn where applicable; unitCostGbp; leadTimeWeeks where stated; sourceGrade; evidence.ref; evidence.quote; retrievedAt,*.sourcing-intake-template.csv; *.sourcing-ledger.csv; *.bom-provenance-manifest.csv; *.evidence-authenticity-gate.csv,"Sourcing record uses a retrievable external supplier or catalogue URL.; BoM provenance manifest marks supplier, manufacturer, MPN, unit cost and lead time as source-backed where claimed.; Evidence Authenticity Gate row becomes accepted_production_evidence.",yes,yes,Replace sourcing:32:dc_link_capacitor_bank with source-backed supplier/catalogue evidence before this BoM line can support trusted publication.
replace:33:sourcing:33:gate_driver_board,33,sourcing,gate_driver_board,test-fixture://review-evidence-closure/source/gate_driver_board,protocol_fixture,protocol_fixture,external_supplier_or_catalogue_url,external_url,componentWordId; supplierName; manufacturer; mpn where applicable; unitCostGbp; leadTimeWeeks where stated; sourceGrade; evidence.ref; evidence.quote; retrievedAt,*.sourcing-intake-template.csv; *.sourcing-ledger.csv; *.bom-provenance-manifest.csv; *.evidence-authenticity-gate.csv,"Sourcing record uses a retrievable external supplier or catalogue URL.; BoM provenance manifest marks supplier, manufacturer, MPN, unit cost and lead time as source-backed where claimed.; Evidence Authenticity Gate row becomes accepted_production_evidence.",yes,yes,Replace sourcing:33:gate_driver_board with source-backed supplier/catalogue evidence before this BoM line can support trusted publication.
replace:34:sourcing:34:inverter_control_board,34,sourcing,inverter_control_board,test-fixture://review-evidence-closure/source/inverter_control_board,protocol_fixture,protocol_fixture,external_supplier_or_catalogue_url,external_url,componentWordId; supplierName; manufacturer; mpn where applicable; unitCostGbp; leadTimeWeeks where stated; sourceGrade; evidence.ref; evidence.quote; retrievedAt,*.sourcing-intake-template.csv; *.sourcing-ledger.csv; *.bom-provenance-manifest.csv; *.evidence-authenticity-gate.csv,"Sourcing record uses a retrievable external supplier or catalogue URL.; BoM provenance manifest marks supplier, manufacturer, MPN, unit cost and lead time as source-backed where claimed.; Evidence Authenticity Gate row becomes accepted_production_evidence.",yes,yes,Replace sourcing:34:inverter_control_board with source-backed supplier/catalogue evidence before this BoM line can support trusted publication.
replace:35:sourcing:35:liquid_cooled_heatsink,35,sourcing,liquid_cooled_heatsink,test-fixture://review-evidence-closure/source/liquid_cooled_heatsink,protocol_fixture,protocol_fixture,external_supplier_or_catalogue_url,external_url,componentWordId; supplierName; manufacturer; mpn where applicable; unitCostGbp; leadTimeWeeks where stated; sourceGrade; evidence.ref; evidence.quote; retrievedAt,*.sourcing-intake-template.csv; *.sourcing-ledger.csv; *.bom-provenance-manifest.csv; *.evidence-authenticity-gate.csv,"Sourcing record uses a retrievable external supplier or catalogue URL.; BoM provenance manifest marks supplier, manufacturer, MPN, unit cost and lead time as source-backed where claimed.; Evidence Authenticity Gate row becomes accepted_production_evidence.",yes,yes,Replace sourcing:35:liquid_cooled_heatsink with source-backed supplier/catalogue evidence before this BoM line can support trusted publication.
replace:36:sourcing:36:cast_resin_transformer,36,sourcing,cast_resin_transformer,test-fixture://review-evidence-closure/source/cast_resin_transformer,protocol_fixture,protocol_fixture,external_supplier_or_catalogue_url,external_url,componentWordId; supplierName; manufacturer; mpn where applicable; unitCostGbp; leadTimeWeeks where stated; sourceGrade; evidence.ref; evidence.quote; retrievedAt,*.sourcing-intake-template.csv; *.sourcing-ledger.csv; *.bom-provenance-manifest.csv; *.evidence-authenticity-gate.csv,"Sourcing record uses a retrievable external supplier or catalogue URL.; BoM provenance manifest marks supplier, manufacturer, MPN, unit cost and lead time as source-backed where claimed.; Evidence Authenticity Gate row becomes accepted_production_evidence.",yes,yes,Replace sourcing:36:cast_resin_transformer with source-backed supplier/catalogue evidence before this BoM line can support trusted publication.
replace:37:sourcing:37:hv_winding,37,sourcing,hv_winding,test-fixture://review-evidence-closure/source/hv_winding,protocol_fixture,protocol_fixture,external_supplier_or_catalogue_url,external_url,componentWordId; supplierName; manufacturer; mpn where applicable; unitCostGbp; leadTimeWeeks where stated; sourceGrade; evidence.ref; evidence.quote; retrievedAt,*.sourcing-intake-template.csv; *.sourcing-ledger.csv; *.bom-provenance-manifest.csv; *.evidence-authenticity-gate.csv,"Sourcing record uses a retrievable external supplier or catalogue URL.; BoM provenance manifest marks supplier, manufacturer, MPN, unit cost and lead time as source-backed where claimed.; Evidence Authenticity Gate row becomes accepted_production_evidence.",yes,yes,Replace sourcing:37:hv_winding with source-backed supplier/catalogue evidence before this BoM line can support trusted publication.
replace:38:sourcing:38:lv_winding,38,sourcing,lv_winding,test-fixture://review-evidence-closure/source/lv_winding,protocol_fixture,protocol_fixture,external_supplier_or_catalogue_url,external_url,componentWordId; supplierName; manufacturer; mpn where applicable; unitCostGbp; leadTimeWeeks where stated; sourceGrade; evidence.ref; evidence.quote; retrievedAt,*.sourcing-intake-template.csv; *.sourcing-ledger.csv; *.bom-provenance-manifest.csv; *.evidence-authenticity-gate.csv,"Sourcing record uses a retrievable external supplier or catalogue URL.; BoM provenance manifest marks supplier, manufacturer, MPN, unit cost and lead time as source-backed where claimed.; Evidence Authenticity Gate row becomes accepted_production_evidence.",yes,yes,Replace sourcing:38:lv_winding with source-backed supplier/catalogue evidence before this BoM line can support trusted publication.
replace:39:sourcing:39:temperature_probe,39,sourcing,temperature_probe,test-fixture://review-evidence-closure/source/temperature_probe,protocol_fixture,protocol_fixture,external_supplier_or_catalogue_url,external_url,componentWordId; supplierName; manufacturer; mpn where applicable; unitCostGbp; leadTimeWeeks where stated; sourceGrade; evidence.ref; evidence.quote; retrievedAt,*.sourcing-intake-template.csv; *.sourcing-ledger.csv; *.bom-provenance-manifest.csv; *.evidence-authenticity-gate.csv,"Sourcing record uses a retrievable external supplier or catalogue URL.; BoM provenance manifest marks supplier, manufacturer, MPN, unit cost and lead time as source-backed where claimed.; Evidence Authenticity Gate row becomes accepted_production_evidence.",yes,yes,Replace sourcing:39:temperature_probe with source-backed supplier/catalogue evidence before this BoM line can support trusted publication.
replace:40:sourcing:40:anti_vibration_mount,40,sourcing,anti_vibration_mount,test-fixture://review-evidence-closure/source/anti_vibration_mount,protocol_fixture,protocol_fixture,external_supplier_or_catalogue_url,external_url,componentWordId; supplierName; manufacturer; mpn where applicable; unitCostGbp; leadTimeWeeks where stated; sourceGrade; evidence.ref; evidence.quote; retrievedAt,*.sourcing-intake-template.csv; *.sourcing-ledger.csv; *.bom-provenance-manifest.csv; *.evidence-authenticity-gate.csv,"Sourcing record uses a retrievable external supplier or catalogue URL.; BoM provenance manifest marks supplier, manufacturer, MPN, unit cost and lead time as source-backed where claimed.; Evidence Authenticity Gate row becomes accepted_production_evidence.",yes,yes,Replace sourcing:40:anti_vibration_mount with source-backed supplier/catalogue evidence before this BoM line can support trusted publication.
replace:41:sourcing:41:grid_filter_choke,41,sourcing,grid_filter_choke,test-fixture://review-evidence-closure/source/grid_filter_choke,protocol_fixture,protocol_fixture,external_supplier_or_catalogue_url,external_url,componentWordId; supplierName; manufacturer; mpn where applicable; unitCostGbp; leadTimeWeeks where stated; sourceGrade; evidence.ref; evidence.quote; retrievedAt,*.sourcing-intake-template.csv; *.sourcing-ledger.csv; *.bom-provenance-manifest.csv; *.evidence-authenticity-gate.csv,"Sourcing record uses a retrievable external supplier or catalogue URL.; BoM provenance manifest marks supplier, manufacturer, MPN, unit cost and lead time as source-backed where claimed.; Evidence Authenticity Gate row becomes accepted_production_evidence.",yes,yes,Replace sourcing:41:grid_filter_choke with source-backed supplier/catalogue evidence before this BoM line can support trusted publication.
replace:42:sourcing:42:ac_filter_capacitor,42,sourcing,ac_filter_capacitor,test-fixture://review-evidence-closure/source/ac_filter_capacitor,protocol_fixture,protocol_fixture,external_supplier_or_catalogue_url,external_url,componentWordId; supplierName; manufacturer; mpn where applicable; unitCostGbp; leadTimeWeeks where stated; sourceGrade; evidence.ref; evidence.quote; retrievedAt,*.sourcing-intake-template.csv; *.sourcing-ledger.csv; *.bom-provenance-manifest.csv; *.evidence-authenticity-gate.csv,"Sourcing record uses a retrievable external supplier or catalogue URL.; BoM provenance manifest marks supplier, manufacturer, MPN, unit cost and lead time as source-backed where claimed.; Evidence Authenticity Gate row becomes accepted_production_evidence.",yes,yes,Replace sourcing:42:ac_filter_capacitor with source-backed supplier/catalogue evidence before this BoM line can support trusted publication.
replace:43:sourcing:43:emi_filter_assembly,43,sourcing,emi_filter_assembly,test-fixture://review-evidence-closure/source/emi_filter_assembly,protocol_fixture,protocol_fixture,external_supplier_or_catalogue_url,external_url,componentWordId; supplierName; manufacturer; mpn where applicable; unitCostGbp; leadTimeWeeks where stated; sourceGrade; evidence.ref; evidence.quote; retrievedAt,*.sourcing-intake-template.csv; *.sourcing-ledger.csv; *.bom-provenance-manifest.csv; *.evidence-authenticity-gate.csv,"Sourcing record uses a retrievable external supplier or catalogue URL.; BoM provenance manifest marks supplier, manufacturer, MPN, unit cost and lead time as source-backed where claimed.; Evidence Authenticity Gate row becomes accepted_production_evidence.",yes,yes,Replace sourcing:43:emi_filter_assembly with source-backed supplier/catalogue evidence before this BoM line can support trusted publication.
replace:44:sourcing:44:protective_earth_bar,44,sourcing,protective_earth_bar,test-fixture://review-evidence-closure/source/protective_earth_bar,protocol_fixture,protocol_fixture,external_supplier_or_catalogue_url,external_url,componentWordId; supplierName; manufacturer; mpn where applicable; unitCostGbp; leadTimeWeeks where stated; sourceGrade; evidence.ref; evidence.quote; retrievedAt,*.sourcing-intake-template.csv; *.sourcing-ledger.csv; *.bom-provenance-manifest.csv; *.evidence-authenticity-gate.csv,"Sourcing record uses a retrievable external supplier or catalogue URL.; BoM provenance manifest marks supplier, manufacturer, MPN, unit cost and lead time as source-backed where claimed.; Evidence Authenticity Gate row becomes accepted_production_evidence.",yes,yes,Replace sourcing:44:protective_earth_bar with source-backed supplier/catalogue evidence before this BoM line can support trusted publication.
replace:45:sourcing:45:grid_protection_relay,45,sourcing,grid_protection_relay,test-fixture://review-evidence-closure/source/grid_protection_relay,protocol_fixture,protocol_fixture,external_supplier_or_catalogue_url,external_url,componentWordId; supplierName; manufacturer; mpn where applicable; unitCostGbp; leadTimeWeeks where stated; sourceGrade; evidence.ref; evidence.quote; retrievedAt,*.sourcing-intake-template.csv; *.sourcing-ledger.csv; *.bom-provenance-manifest.csv; *.evidence-authenticity-gate.csv,"Sourcing record uses a retrievable external supplier or catalogue URL.; BoM provenance manifest marks supplier, manufacturer, MPN, unit cost and lead time as source-backed where claimed.; Evidence Authenticity Gate row becomes accepted_production_evidence.",yes,yes,Replace sourcing:45:grid_protection_relay with source-backed supplier/catalogue evidence before this BoM line can support trusted publication.
replace:46:sourcing:46:voltage_sensing_fuse_set,46,sourcing,voltage_sensing_fuse_set,test-fixture://review-evidence-closure/source/voltage_sensing_fuse_set,protocol_fixture,protocol_fixture,external_supplier_or_catalogue_url,external_url,componentWordId; supplierName; manufacturer; mpn where applicable; unitCostGbp; leadTimeWeeks where stated; sourceGrade; evidence.ref; evidence.quote; retrievedAt,*.sourcing-intake-template.csv; *.sourcing-ledger.csv; *.bom-provenance-manifest.csv; *.evidence-authenticity-gate.csv,"Sourcing record uses a retrievable external supplier or catalogue URL.; BoM provenance manifest marks supplier, manufacturer, MPN, unit cost and lead time as source-backed where claimed.; Evidence Authenticity Gate row becomes accepted_production_evidence.",yes,yes,Replace sourcing:46:voltage_sensing_fuse_set with source-backed supplier/catalogue evidence before this BoM line can support trusted publication.
replace:47:sourcing:47:relay_test_block,47,sourcing,relay_test_block,test-fixture://review-evidence-closure/source/relay_test_block,protocol_fixture,protocol_fixture,external_supplier_or_catalogue_url,external_url,componentWordId; supplierName; manufacturer; mpn where applicable; unitCostGbp; leadTimeWeeks where stated; sourceGrade; evidence.ref; evidence.quote; retrievedAt,*.sourcing-intake-template.csv; *.sourcing-ledger.csv; *.bom-provenance-manifest.csv; *.evidence-authenticity-gate.csv,"Sourcing record uses a retrievable external supplier or catalogue URL.; BoM provenance manifest marks supplier, manufacturer, MPN, unit cost and lead time as source-backed where claimed.; Evidence Authenticity Gate row becomes accepted_production_evidence.",yes,yes,Replace sourcing:47:relay_test_block with source-backed supplier/catalogue evidence before this BoM line can support trusted publication.
replace:48:sourcing:48:trip_circuit_monitor,48,sourcing,trip_circuit_monitor,test-fixture://review-evidence-closure/source/trip_circuit_monitor,protocol_fixture,protocol_fixture,external_supplier_or_catalogue_url,external_url,componentWordId; supplierName; manufacturer; mpn where applicable; unitCostGbp; leadTimeWeeks where stated; sourceGrade; evidence.ref; evidence.quote; retrievedAt,*.sourcing-intake-template.csv; *.sourcing-ledger.csv; *.bom-provenance-manifest.csv; *.evidence-authenticity-gate.csv,"Sourcing record uses a retrievable external supplier or catalogue URL.; BoM provenance manifest marks supplier, manufacturer, MPN, unit cost and lead time as source-backed where claimed.; Evidence Authenticity Gate row becomes accepted_production_evidence.",yes,yes,Replace sourcing:48:trip_circuit_monitor with source-backed supplier/catalogue evidence before this BoM line can support trusted publication.
replace:49:sourcing:49:g99_settings_label,49,sourcing,g99_settings_label,test-fixture://review-evidence-closure/source/g99_settings_label,protocol_fixture,protocol_fixture,external_supplier_or_catalogue_url,external_url,componentWordId; supplierName; manufacturer; mpn where applicable; unitCostGbp; leadTimeWeeks where stated; sourceGrade; evidence.ref; evidence.quote; retrievedAt,*.sourcing-intake-template.csv; *.sourcing-ledger.csv; *.bom-provenance-manifest.csv; *.evidence-authenticity-gate.csv,"Sourcing record uses a retrievable external supplier or catalogue URL.; BoM provenance manifest marks supplier, manufacturer, MPN, unit cost and lead time as source-backed where claimed.; Evidence Authenticity Gate row becomes accepted_production_evidence.",yes,yes,Replace sourcing:49:g99_settings_label with source-backed supplier/catalogue evidence before this BoM line can support trusted publication.
replace:50:sourcing:50:corten_steel_side_panel,50,sourcing,corten_steel_side_panel,test-fixture://review-evidence-closure/source/corten_steel_side_panel,protocol_fixture,protocol_fixture,external_supplier_or_catalogue_url,external_url,componentWordId; supplierName; manufacturer; mpn where applicable; unitCostGbp; leadTimeWeeks where stated; sourceGrade; evidence.ref; evidence.quote; retrievedAt,*.sourcing-intake-template.csv; *.sourcing-ledger.csv; *.bom-provenance-manifest.csv; *.evidence-authenticity-gate.csv,"Sourcing record uses a retrievable external supplier or catalogue URL.; BoM provenance manifest marks supplier, manufacturer, MPN, unit cost and lead time as source-backed where claimed.; Evidence Authenticity Gate row becomes accepted_production_evidence.",yes,yes,Replace sourcing:50:corten_steel_side_panel with source-backed supplier/catalogue evidence before this BoM line can support trusted publication.
replace:51:sourcing:51:corner_casting,51,sourcing,corner_casting,test-fixture://review-evidence-closure/source/corner_casting,protocol_fixture,protocol_fixture,external_supplier_or_catalogue_url,external_url,componentWordId; supplierName; manufacturer; mpn where applicable; unitCostGbp; leadTimeWeeks where stated; sourceGrade; evidence.ref; evidence.quote; retrievedAt,*.sourcing-intake-template.csv; *.sourcing-ledger.csv; *.bom-provenance-manifest.csv; *.evidence-authenticity-gate.csv,"Sourcing record uses a retrievable external supplier or catalogue URL.; BoM provenance manifest marks supplier, manufacturer, MPN, unit cost and lead time as source-backed where claimed.; Evidence Authenticity Gate row becomes accepted_production_evidence.",yes,yes,Replace sourcing:51:corner_casting with source-backed supplier/catalogue evidence before this BoM line can support trusted publication.
replace:52:sourcing:52:marine_plywood_floor,52,sourcing,marine_plywood_floor,test-fixture://review-evidence-closure/source/marine_plywood_floor,protocol_fixture,protocol_fixture,external_supplier_or_catalogue_url,external_url,componentWordId; supplierName; manufacturer; mpn where applicable; unitCostGbp; leadTimeWeeks where stated; sourceGrade; evidence.ref; evidence.quote; retrievedAt,*.sourcing-intake-template.csv; *.sourcing-ledger.csv; *.bom-provenance-manifest.csv; *.evidence-authenticity-gate.csv,"Sourcing record uses a retrievable external supplier or catalogue URL.; BoM provenance manifest marks supplier, manufacturer, MPN, unit cost and lead time as source-backed where claimed.; Evidence Authenticity Gate row becomes accepted_production_evidence.",yes,yes,Replace sourcing:52:marine_plywood_floor with source-backed supplier/catalogue evidence before this BoM line can support trusted publication.
replace:53:sourcing:53:roof_panel,53,sourcing,roof_panel,test-fixture://review-evidence-closure/source/roof_panel,protocol_fixture,protocol_fixture,external_supplier_or_catalogue_url,external_url,componentWordId; supplierName; manufacturer; mpn where applicable; unitCostGbp; leadTimeWeeks where stated; sourceGrade; evidence.ref; evidence.quote; retrievedAt,*.sourcing-intake-template.csv; *.sourcing-ledger.csv; *.bom-provenance-manifest.csv; *.evidence-authenticity-gate.csv,"Sourcing record uses a retrievable external supplier or catalogue URL.; BoM provenance manifest marks supplier, manufacturer, MPN, unit cost and lead time as source-backed where claimed.; Evidence Authenticity Gate row becomes accepted_production_evidence.",yes,yes,Replace sourcing:53:roof_panel with source-backed supplier/catalogue evidence before this BoM line can support trusted publication.
replace:54:sourcing:54:steel_stud_frame,54,sourcing,steel_stud_frame,test-fixture://review-evidence-closure/source/steel_stud_frame,protocol_fixture,protocol_fixture,external_supplier_or_catalogue_url,external_url,componentWordId; supplierName; manufacturer; mpn where applicable; unitCostGbp; leadTimeWeeks where stated; sourceGrade; evidence.ref; evidence.quote; retrievedAt,*.sourcing-intake-template.csv; *.sourcing-ledger.csv; *.bom-provenance-manifest.csv; *.evidence-authenticity-gate.csv,"Sourcing record uses a retrievable external supplier or catalogue URL.; BoM provenance manifest marks supplier, manufacturer, MPN, unit cost and lead time as source-backed where claimed.; Evidence Authenticity Gate row becomes accepted_production_evidence.",yes,yes,Replace sourcing:54:steel_stud_frame with source-backed supplier/catalogue evidence before this BoM line can support trusted publication.
replace:55:sourcing:55:fire_rated_board,55,sourcing,fire_rated_board,test-fixture://review-evidence-closure/source/fire_rated_board,protocol_fixture,protocol_fixture,external_supplier_or_catalogue_url,external_url,componentWordId; supplierName; manufacturer; mpn where applicable; unitCostGbp; leadTimeWeeks where stated; sourceGrade; evidence.ref; evidence.quote; retrievedAt,*.sourcing-intake-template.csv; *.sourcing-ledger.csv; *.bom-provenance-manifest.csv; *.evidence-authenticity-gate.csv,"Sourcing record uses a retrievable external supplier or catalogue URL.; BoM provenance manifest marks supplier, manufacturer, MPN, unit cost and lead time as source-backed where claimed.; Evidence Authenticity Gate row becomes accepted_production_evidence.",yes,yes,Replace sourcing:55:fire_rated_board with source-backed supplier/catalogue evidence before this BoM line can support trusted publication.
replace:56:sourcing:56:mineral_wool_insulation,56,sourcing,mineral_wool_insulation,test-fixture://review-evidence-closure/source/mineral_wool_insulation,protocol_fixture,protocol_fixture,external_supplier_or_catalogue_url,external_url,componentWordId; supplierName; manufacturer; mpn where applicable; unitCostGbp; leadTimeWeeks where stated; sourceGrade; evidence.ref; evidence.quote; retrievedAt,*.sourcing-intake-template.csv; *.sourcing-ledger.csv; *.bom-provenance-manifest.csv; *.evidence-authenticity-gate.csv,"Sourcing record uses a retrievable external supplier or catalogue URL.; BoM provenance manifest marks supplier, manufacturer, MPN, unit cost and lead time as source-backed where claimed.; Evidence Authenticity Gate row becomes accepted_production_evidence.",yes,yes,Replace sourcing:56:mineral_wool_insulation with source-backed supplier/catalogue evidence before this BoM line can support trusted publication.
replace:57:sourcing:57:intumescent_sealant,57,sourcing,intumescent_sealant,test-fixture://review-evidence-closure/source/intumescent_sealant,protocol_fixture,protocol_fixture,external_supplier_or_catalogue_url,external_url,componentWordId; supplierName; manufacturer; mpn where applicable; unitCostGbp; leadTimeWeeks where stated; sourceGrade; evidence.ref; evidence.quote; retrievedAt,*.sourcing-intake-template.csv; *.sourcing-ledger.csv; *.bom-provenance-manifest.csv; *.evidence-authenticity-gate.csv,"Sourcing record uses a retrievable external supplier or catalogue URL.; BoM provenance manifest marks supplier, manufacturer, MPN, unit cost and lead time as source-backed where claimed.; Evidence Authenticity Gate row becomes accepted_production_evidence.",yes,yes,Replace sourcing:57:intumescent_sealant with source-backed supplier/catalogue evidence before this BoM line can support trusted publication.
replace:58:sourcing:58:floor_reinforcement_plate,58,sourcing,floor_reinforcement_plate,test-fixture://review-evidence-closure/source/floor_reinforcement_plate,protocol_fixture,protocol_fixture,external_supplier_or_catalogue_url,external_url,componentWordId; supplierName; manufacturer; mpn where applicable; unitCostGbp; leadTimeWeeks where stated; sourceGrade; evidence.ref; evidence.quote; retrievedAt,*.sourcing-intake-template.csv; *.sourcing-ledger.csv; *.bom-provenance-manifest.csv; *.evidence-authenticity-gate.csv,"Sourcing record uses a retrievable external supplier or catalogue URL.; BoM provenance manifest marks supplier, manufacturer, MPN, unit cost and lead time as source-backed where claimed.; Evidence Authenticity Gate row becomes accepted_production_evidence.",yes,yes,Replace sourcing:58:floor_reinforcement_plate with source-backed supplier/catalogue evidence before this BoM line can support trusted publication.
replace:59:sourcing:59:rack_mounting_rail,59,sourcing,rack_mounting_rail,test-fixture://review-evidence-closure/source/rack_mounting_rail,protocol_fixture,protocol_fixture,external_supplier_or_catalogue_url,external_url,componentWordId; supplierName; manufacturer; mpn where applicable; unitCostGbp; leadTimeWeeks where stated; sourceGrade; evidence.ref; evidence.quote; retrievedAt,*.sourcing-intake-template.csv; *.sourcing-ledger.csv; *.bom-provenance-manifest.csv; *.evidence-authenticity-gate.csv,"Sourcing record uses a retrievable external supplier or catalogue URL.; BoM provenance manifest marks supplier, manufacturer, MPN, unit cost and lead time as source-backed where claimed.; Evidence Authenticity Gate row becomes accepted_production_evidence.",yes,yes,Replace sourcing:59:rack_mounting_rail with source-backed supplier/catalogue evidence before this BoM line can support trusted publication.
replace:60:sourcing:60:vibration_isolator,60,sourcing,vibration_isolator,test-fixture://review-evidence-closure/source/vibration_isolator,protocol_fixture,protocol_fixture,external_supplier_or_catalogue_url,external_url,componentWordId; supplierName; manufacturer; mpn where applicable; unitCostGbp; leadTimeWeeks where stated; sourceGrade; evidence.ref; evidence.quote; retrievedAt,*.sourcing-intake-template.csv; *.sourcing-ledger.csv; *.bom-provenance-manifest.csv; *.evidence-authenticity-gate.csv,"Sourcing record uses a retrievable external supplier or catalogue URL.; BoM provenance manifest marks supplier, manufacturer, MPN, unit cost and lead time as source-backed where claimed.; Evidence Authenticity Gate row becomes accepted_production_evidence.",yes,yes,Replace sourcing:60:vibration_isolator with source-backed supplier/catalogue evidence before this BoM line can support trusted publication.
replace:61:sourcing:61:anchor_bolt_set,61,sourcing,anchor_bolt_set,test-fixture://review-evidence-closure/source/anchor_bolt_set,protocol_fixture,protocol_fixture,external_supplier_or_catalogue_url,external_url,componentWordId; supplierName; manufacturer; mpn where applicable; unitCostGbp; leadTimeWeeks where stated; sourceGrade; evidence.ref; evidence.quote; retrievedAt,*.sourcing-intake-template.csv; *.sourcing-ledger.csv; *.bom-provenance-manifest.csv; *.evidence-authenticity-gate.csv,"Sourcing record uses a retrievable external supplier or catalogue URL.; BoM provenance manifest marks supplier, manufacturer, MPN, unit cost and lead time as source-backed where claimed.; Evidence Authenticity Gate row becomes accepted_production_evidence.",yes,yes,Replace sourcing:61:anchor_bolt_set with source-backed supplier/catalogue evidence before this BoM line can support trusted publication.
replace:62:sourcing:62:gland_plate_assembly,62,sourcing,gland_plate_assembly,test-fixture://review-evidence-closure/source/gland_plate_assembly,protocol_fixture,protocol_fixture,external_supplier_or_catalogue_url,external_url,componentWordId; supplierName; manufacturer; mpn where applicable; unitCostGbp; leadTimeWeeks where stated; sourceGrade; evidence.ref; evidence.quote; retrievedAt,*.sourcing-intake-template.csv; *.sourcing-ledger.csv; *.bom-provenance-manifest.csv; *.evidence-authenticity-gate.csv,"Sourcing record uses a retrievable external supplier or catalogue URL.; BoM provenance manifest marks supplier, manufacturer, MPN, unit cost and lead time as source-backed where claimed.; Evidence Authenticity Gate row becomes accepted_production_evidence.",yes,yes,Replace sourcing:62:gland_plate_assembly with source-backed supplier/catalogue evidence before this BoM line can support trusted publication.
replace:63:sourcing:63:firestop_collar_set,63,sourcing,firestop_collar_set,test-fixture://review-evidence-closure/source/firestop_collar_set,protocol_fixture,protocol_fixture,external_supplier_or_catalogue_url,external_url,componentWordId; supplierName; manufacturer; mpn where applicable; unitCostGbp; leadTimeWeeks where stated; sourceGrade; evidence.ref; evidence.quote; retrievedAt,*.sourcing-intake-template.csv; *.sourcing-ledger.csv; *.bom-provenance-manifest.csv; *.evidence-authenticity-gate.csv,"Sourcing record uses a retrievable external supplier or catalogue URL.; BoM provenance manifest marks supplier, manufacturer, MPN, unit cost and lead time as source-backed where claimed.; Evidence Authenticity Gate row becomes accepted_production_evidence.",yes,yes,Replace sourcing:63:firestop_collar_set with source-backed supplier/catalogue evidence before this BoM line can support trusted publication.
replace:64:sourcing:64:emc_cable_gland,64,sourcing,emc_cable_gland,test-fixture://review-evidence-closure/source/emc_cable_gland,protocol_fixture,protocol_fixture,external_supplier_or_catalogue_url,external_url,componentWordId; supplierName; manufacturer; mpn where applicable; unitCostGbp; leadTimeWeeks where stated; sourceGrade; evidence.ref; evidence.quote; retrievedAt,*.sourcing-intake-template.csv; *.sourcing-ledger.csv; *.bom-provenance-manifest.csv; *.evidence-authenticity-gate.csv,"Sourcing record uses a retrievable external supplier or catalogue URL.; BoM provenance manifest marks supplier, manufacturer, MPN, unit cost and lead time as source-backed where claimed.; Evidence Authenticity Gate row becomes accepted_production_evidence.",yes,yes,Replace sourcing:64:emc_cable_gland with source-backed supplier/catalogue evidence before this BoM line can support trusted publication.
replace:65:sourcing:65:rain_drip_shield,65,sourcing,rain_drip_shield,test-fixture://review-evidence-closure/source/rain_drip_shield,protocol_fixture,protocol_fixture,external_supplier_or_catalogue_url,external_url,componentWordId; supplierName; manufacturer; mpn where applicable; unitCostGbp; leadTimeWeeks where stated; sourceGrade; evidence.ref; evidence.quote; retrievedAt,*.sourcing-intake-template.csv; *.sourcing-ledger.csv; *.bom-provenance-manifest.csv; *.evidence-authenticity-gate.csv,"Sourcing record uses a retrievable external supplier or catalogue URL.; BoM provenance manifest marks supplier, manufacturer, MPN, unit cost and lead time as source-backed where claimed.; Evidence Authenticity Gate row becomes accepted_production_evidence.",yes,yes,Replace sourcing:65:rain_drip_shield with source-backed supplier/catalogue evidence before this BoM line can support trusted publication.
replace:66:sourcing:66:penetration_schedule_label,66,sourcing,penetration_schedule_label,test-fixture://review-evidence-closure/source/penetration_schedule_label,protocol_fixture,protocol_fixture,external_supplier_or_catalogue_url,external_url,componentWordId; supplierName; manufacturer; mpn where applicable; unitCostGbp; leadTimeWeeks where stated; sourceGrade; evidence.ref; evidence.quote; retrievedAt,*.sourcing-intake-template.csv; *.sourcing-ledger.csv; *.bom-provenance-manifest.csv; *.evidence-authenticity-gate.csv,"Sourcing record uses a retrievable external supplier or catalogue URL.; BoM provenance manifest marks supplier, manufacturer, MPN, unit cost and lead time as source-backed where claimed.; Evidence Authenticity Gate row becomes accepted_production_evidence.",yes,yes,Replace sourcing:66:penetration_schedule_label with source-backed supplier/catalogue evidence before this BoM line can support trusted publication.
replace:67:sourcing:67:dc_voltage_transducer,67,sourcing,dc_voltage_transducer,test-fixture://review-evidence-closure/source/dc_voltage_transducer,protocol_fixture,protocol_fixture,external_supplier_or_catalogue_url,external_url,componentWordId; supplierName; manufacturer; mpn where applicable; unitCostGbp; leadTimeWeeks where stated; sourceGrade; evidence.ref; evidence.quote; retrievedAt,*.sourcing-intake-template.csv; *.sourcing-ledger.csv; *.bom-provenance-manifest.csv; *.evidence-authenticity-gate.csv,"Sourcing record uses a retrievable external supplier or catalogue URL.; BoM provenance manifest marks supplier, manufacturer, MPN, unit cost and lead time as source-backed where claimed.; Evidence Authenticity Gate row becomes accepted_production_evidence.",yes,yes,Replace sourcing:67:dc_voltage_transducer with source-backed supplier/catalogue evidence before this BoM line can support trusted publication.
replace:68:sourcing:68:hall_current_sensor,68,sourcing,hall_current_sensor,test-fixture://review-evidence-closure/source/hall_current_sensor,protocol_fixture,protocol_fixture,external_supplier_or_catalogue_url,external_url,componentWordId; supplierName; manufacturer; mpn where applicable; unitCostGbp; leadTimeWeeks where stated; sourceGrade; evidence.ref; evidence.quote; retrievedAt,*.sourcing-intake-template.csv; *.sourcing-ledger.csv; *.bom-provenance-manifest.csv; *.evidence-authenticity-gate.csv,"Sourcing record uses a retrievable external supplier or catalogue URL.; BoM provenance manifest marks supplier, manufacturer, MPN, unit cost and lead time as source-backed where claimed.; Evidence Authenticity Gate row becomes accepted_production_evidence.",yes,yes,Replace sourcing:68:hall_current_sensor with source-backed supplier/catalogue evidence before this BoM line can support trusted publication.
replace:69:sourcing:69:insulation_monitoring_device,69,sourcing,insulation_monitoring_device,test-fixture://review-evidence-closure/source/insulation_monitoring_device,protocol_fixture,protocol_fixture,external_supplier_or_catalogue_url,external_url,componentWordId; supplierName; manufacturer; mpn where applicable; unitCostGbp; leadTimeWeeks where stated; sourceGrade; evidence.ref; evidence.quote; retrievedAt,*.sourcing-intake-template.csv; *.sourcing-ledger.csv; *.bom-provenance-manifest.csv; *.evidence-authenticity-gate.csv,"Sourcing record uses a retrievable external supplier or catalogue URL.; BoM provenance manifest marks supplier, manufacturer, MPN, unit cost and lead time as source-backed where claimed.; Evidence Authenticity Gate row becomes accepted_production_evidence.",yes,yes,Replace sourcing:69:insulation_monitoring_device with source-backed supplier/catalogue evidence before this BoM line can support trusted publication.
replace:70:sourcing:70:auxiliary_metering_transducer,70,sourcing,auxiliary_metering_transducer,test-fixture://review-evidence-closure/source/auxiliary_metering_transducer,protocol_fixture,protocol_fixture,external_supplier_or_catalogue_url,external_url,componentWordId; supplierName; manufacturer; mpn where applicable; unitCostGbp; leadTimeWeeks where stated; sourceGrade; evidence.ref; evidence.quote; retrievedAt,*.sourcing-intake-template.csv; *.sourcing-ledger.csv; *.bom-provenance-manifest.csv; *.evidence-authenticity-gate.csv,"Sourcing record uses a retrievable external supplier or catalogue URL.; BoM provenance manifest marks supplier, manufacturer, MPN, unit cost and lead time as source-backed where claimed.; Evidence Authenticity Gate row becomes accepted_production_evidence.",yes,yes,Replace sourcing:70:auxiliary_metering_transducer with source-backed supplier/catalogue evidence before this BoM line can support trusted publication.
replace:71:sourcing:71:temperature_humidity_sensor,71,sourcing,temperature_humidity_sensor,test-fixture://review-evidence-closure/source/temperature_humidity_sensor,protocol_fixture,protocol_fixture,external_supplier_or_catalogue_url,external_url,componentWordId; supplierName; manufacturer; mpn where applicable; unitCostGbp; leadTimeWeeks where stated; sourceGrade; evidence.ref; evidence.quote; retrievedAt,*.sourcing-intake-template.csv; *.sourcing-ledger.csv; *.bom-provenance-manifest.csv; *.evidence-authenticity-gate.csv,"Sourcing record uses a retrievable external supplier or catalogue URL.; BoM provenance manifest marks supplier, manufacturer, MPN, unit cost and lead time as source-backed where claimed.; Evidence Authenticity Gate row becomes accepted_production_evidence.",yes,yes,Replace sourcing:71:temperature_humidity_sensor with source-backed supplier/catalogue evidence before this BoM line can support trusted publication.
replace:72:sourcing:72:hydrogen_detector,72,sourcing,hydrogen_detector,test-fixture://review-evidence-closure/source/hydrogen_detector,protocol_fixture,protocol_fixture,external_supplier_or_catalogue_url,external_url,componentWordId; supplierName; manufacturer; mpn where applicable; unitCostGbp; leadTimeWeeks where stated; sourceGrade; evidence.ref; evidence.quote; retrievedAt,*.sourcing-intake-template.csv; *.sourcing-ledger.csv; *.bom-provenance-manifest.csv; *.evidence-authenticity-gate.csv,"Sourcing record uses a retrievable external supplier or catalogue URL.; BoM provenance manifest marks supplier, manufacturer, MPN, unit cost and lead time as source-backed where claimed.; Evidence Authenticity Gate row becomes accepted_production_evidence.",yes,yes,Replace sourcing:72:hydrogen_detector with source-backed supplier/catalogue evidence before this BoM line can support trusted publication.
replace:73:sourcing:73:smoke_aspirating_detector,73,sourcing,smoke_aspirating_detector,test-fixture://review-evidence-closure/source/smoke_aspirating_detector,protocol_fixture,protocol_fixture,external_supplier_or_catalogue_url,external_url,componentWordId; supplierName; manufacturer; mpn where applicable; unitCostGbp; leadTimeWeeks where stated; sourceGrade; evidence.ref; evidence.quote; retrievedAt,*.sourcing-intake-template.csv; *.sourcing-ledger.csv; *.bom-provenance-manifest.csv; *.evidence-authenticity-gate.csv,"Sourcing record uses a retrievable external supplier or catalogue URL.; BoM provenance manifest marks supplier, manufacturer, MPN, unit cost and lead time as source-backed where claimed.; Evidence Authenticity Gate row becomes accepted_production_evidence.",yes,yes,Replace sourcing:73:smoke_aspirating_detector with source-backed supplier/catalogue evidence before this BoM line can support trusted publication.
replace:74:sourcing:74:door_position_switch,74,sourcing,door_position_switch,test-fixture://review-evidence-closure/source/door_position_switch,protocol_fixture,protocol_fixture,external_supplier_or_catalogue_url,external_url,componentWordId; supplierName; manufacturer; mpn where applicable; unitCostGbp; leadTimeWeeks where stated; sourceGrade; evidence.ref; evidence.quote; retrievedAt,*.sourcing-intake-template.csv; *.sourcing-ledger.csv; *.bom-provenance-manifest.csv; *.evidence-authenticity-gate.csv,"Sourcing record uses a retrievable external supplier or catalogue URL.; BoM provenance manifest marks supplier, manufacturer, MPN, unit cost and lead time as source-backed where claimed.; Evidence Authenticity Gate row becomes accepted_production_evidence.",yes,yes,Replace sourcing:74:door_position_switch with source-backed supplier/catalogue evidence before this BoM line can support trusted publication.
replace:75:sourcing:75:coolant_inlet_thermistor,75,sourcing,coolant_inlet_thermistor,test-fixture://review-evidence-closure/source/coolant_inlet_thermistor,protocol_fixture,protocol_fixture,external_supplier_or_catalogue_url,external_url,componentWordId; supplierName; manufacturer; mpn where applicable; unitCostGbp; leadTimeWeeks where stated; sourceGrade; evidence.ref; evidence.quote; retrievedAt,*.sourcing-intake-template.csv; *.sourcing-ledger.csv; *.bom-provenance-manifest.csv; *.evidence-authenticity-gate.csv,"Sourcing record uses a retrievable external supplier or catalogue URL.; BoM provenance manifest marks supplier, manufacturer, MPN, unit cost and lead time as source-backed where claimed.; Evidence Authenticity Gate row becomes accepted_production_evidence.",yes,yes,Replace sourcing:75:coolant_inlet_thermistor with source-backed supplier/catalogue evidence before this BoM line can support trusted publication.
replace:76:sourcing:76:coolant_outlet_thermistor,76,sourcing,coolant_outlet_thermistor,test-fixture://review-evidence-closure/source/coolant_outlet_thermistor,protocol_fixture,protocol_fixture,external_supplier_or_catalogue_url,external_url,componentWordId; supplierName; manufacturer; mpn where applicable; unitCostGbp; leadTimeWeeks where stated; sourceGrade; evidence.ref; evidence.quote; retrievedAt,*.sourcing-intake-template.csv; *.sourcing-ledger.csv; *.bom-provenance-manifest.csv; *.evidence-authenticity-gate.csv,"Sourcing record uses a retrievable external supplier or catalogue URL.; BoM provenance manifest marks supplier, manufacturer, MPN, unit cost and lead time as source-backed where claimed.; Evidence Authenticity Gate row becomes accepted_production_evidence.",yes,yes,Replace sourcing:76:coolant_outlet_thermistor with source-backed supplier/catalogue evidence before this BoM line can support trusted publication.
replace:77:sourcing:77:flow_meter,77,sourcing,flow_meter,test-fixture://review-evidence-closure/source/flow_meter,protocol_fixture,protocol_fixture,external_supplier_or_catalogue_url,external_url,componentWordId; supplierName; manufacturer; mpn where applicable; unitCostGbp; leadTimeWeeks where stated; sourceGrade; evidence.ref; evidence.quote; retrievedAt,*.sourcing-intake-template.csv; *.sourcing-ledger.csv; *.bom-provenance-manifest.csv; *.evidence-authenticity-gate.csv,"Sourcing record uses a retrievable external supplier or catalogue URL.; BoM provenance manifest marks supplier, manufacturer, MPN, unit cost and lead time as source-backed where claimed.; Evidence Authenticity Gate row becomes accepted_production_evidence.",yes,yes,Replace sourcing:77:flow_meter with source-backed supplier/catalogue evidence before this BoM line can support trusted publication.
replace:78:sourcing:78:pressure_transducer,78,sourcing,pressure_transducer,test-fixture://review-evidence-closure/source/pressure_transducer,protocol_fixture,protocol_fixture,external_supplier_or_catalogue_url,external_url,componentWordId; supplierName; manufacturer; mpn where applicable; unitCostGbp; leadTimeWeeks where stated; sourceGrade; evidence.ref; evidence.quote; retrievedAt,*.sourcing-intake-template.csv; *.sourcing-ledger.csv; *.bom-provenance-manifest.csv; *.evidence-authenticity-gate.csv,"Sourcing record uses a retrievable external supplier or catalogue URL.; BoM provenance manifest marks supplier, manufacturer, MPN, unit cost and lead time as source-backed where claimed.; Evidence Authenticity Gate row becomes accepted_production_evidence.",yes,yes,Replace sourcing:78:pressure_transducer with source-backed supplier/catalogue evidence before this BoM line can support trusted publication.
replace:79:sourcing:79:fault_recorder_module,79,sourcing,fault_recorder_module,test-fixture://review-evidence-closure/source/fault_recorder_module,protocol_fixture,protocol_fixture,external_supplier_or_catalogue_url,external_url,componentWordId; supplierName; manufacturer; mpn where applicable; unitCostGbp; leadTimeWeeks where stated; sourceGrade; evidence.ref; evidence.quote; retrievedAt,*.sourcing-intake-template.csv; *.sourcing-ledger.csv; *.bom-provenance-manifest.csv; *.evidence-authenticity-gate.csv,"Sourcing record uses a retrievable external supplier or catalogue URL.; BoM provenance manifest marks supplier, manufacturer, MPN, unit cost and lead time as source-backed where claimed.; Evidence Authenticity Gate row becomes accepted_production_evidence.",yes,yes,Replace sourcing:79:fault_recorder_module with source-backed supplier/catalogue evidence before this BoM line can support trusted publication.
replace:80:sourcing:80:event_timestamp_logger,80,sourcing,event_timestamp_logger,test-fixture://review-evidence-closure/source/event_timestamp_logger,protocol_fixture,protocol_fixture,external_supplier_or_catalogue_url,external_url,componentWordId; supplierName; manufacturer; mpn where applicable; unitCostGbp; leadTimeWeeks where stated; sourceGrade; evidence.ref; evidence.quote; retrievedAt,*.sourcing-intake-template.csv; *.sourcing-ledger.csv; *.bom-provenance-manifest.csv; *.evidence-authenticity-gate.csv,"Sourcing record uses a retrievable external supplier or catalogue URL.; BoM provenance manifest marks supplier, manufacturer, MPN, unit cost and lead time as source-backed where claimed.; Evidence Authenticity Gate row becomes accepted_production_evidence.",yes,yes,Replace sourcing:80:event_timestamp_logger with source-backed supplier/catalogue evidence before this BoM line can support trusted publication.
replace:81:sourcing:81:digital_input_card,81,sourcing,digital_input_card,test-fixture://review-evidence-closure/source/digital_input_card,protocol_fixture,protocol_fixture,external_supplier_or_catalogue_url,external_url,componentWordId; supplierName; manufacturer; mpn where applicable; unitCostGbp; leadTimeWeeks where stated; sourceGrade; evidence.ref; evidence.quote; retrievedAt,*.sourcing-intake-template.csv; *.sourcing-ledger.csv; *.bom-provenance-manifest.csv; *.evidence-authenticity-gate.csv,"Sourcing record uses a retrievable external supplier or catalogue URL.; BoM provenance manifest marks supplier, manufacturer, MPN, unit cost and lead time as source-backed where claimed.; Evidence Authenticity Gate row becomes accepted_production_evidence.",yes,yes,Replace sourcing:81:digital_input_card with source-backed supplier/catalogue evidence before this BoM line can support trusted publication.
replace:82:sourcing:82:local_historian_buffer,82,sourcing,local_historian_buffer,test-fixture://review-evidence-closure/source/local_historian_buffer,protocol_fixture,protocol_fixture,external_supplier_or_catalogue_url,external_url,componentWordId; supplierName; manufacturer; mpn where applicable; unitCostGbp; leadTimeWeeks where stated; sourceGrade; evidence.ref; evidence.quote; retrievedAt,*.sourcing-intake-template.csv; *.sourcing-ledger.csv; *.bom-provenance-manifest.csv; *.evidence-authenticity-gate.csv,"Sourcing record uses a retrievable external supplier or catalogue URL.; BoM provenance manifest marks supplier, manufacturer, MPN, unit cost and lead time as source-backed where claimed.; Evidence Authenticity Gate row becomes accepted_production_evidence.",yes,yes,Replace sourcing:82:local_historian_buffer with source-backed supplier/catalogue evidence before this BoM line can support trusted publication.
replace:83:sourcing:83:calibration_certificate_holder,83,sourcing,calibration_certificate_holder,test-fixture://review-evidence-closure/source/calibration_certificate_holder,protocol_fixture,protocol_fixture,external_supplier_or_catalogue_url,external_url,componentWordId; supplierName; manufacturer; mpn where applicable; unitCostGbp; leadTimeWeeks where stated; sourceGrade; evidence.ref; evidence.quote; retrievedAt,*.sourcing-intake-template.csv; *.sourcing-ledger.csv; *.bom-provenance-manifest.csv; *.evidence-authenticity-gate.csv,"Sourcing record uses a retrievable external supplier or catalogue URL.; BoM provenance manifest marks supplier, manufacturer, MPN, unit cost and lead time as source-backed where claimed.; Evidence Authenticity Gate row becomes accepted_production_evidence.",yes,yes,Replace sourcing:83:calibration_certificate_holder with source-backed supplier/catalogue evidence before this BoM line can support trusted publication.
replace:84:sourcing:84:bms_master_controller,84,sourcing,bms_master_controller,test-fixture://review-evidence-closure/source/bms_master_controller,protocol_fixture,protocol_fixture,external_supplier_or_catalogue_url,external_url,componentWordId; supplierName; manufacturer; mpn where applicable; unitCostGbp; leadTimeWeeks where stated; sourceGrade; evidence.ref; evidence.quote; retrievedAt,*.sourcing-intake-template.csv; *.sourcing-ledger.csv; *.bom-provenance-manifest.csv; *.evidence-authenticity-gate.csv,"Sourcing record uses a retrievable external supplier or catalogue URL.; BoM provenance manifest marks supplier, manufacturer, MPN, unit cost and lead time as source-backed where claimed.; Evidence Authenticity Gate row becomes accepted_production_evidence.",yes,yes,Replace sourcing:84:bms_master_controller with source-backed supplier/catalogue evidence before this BoM line can support trusted publication.
replace:85:sourcing:85:isolation_interface,85,sourcing,isolation_interface,test-fixture://review-evidence-closure/source/isolation_interface,protocol_fixture,protocol_fixture,external_supplier_or_catalogue_url,external_url,componentWordId; supplierName; manufacturer; mpn where applicable; unitCostGbp; leadTimeWeeks where stated; sourceGrade; evidence.ref; evidence.quote; retrievedAt,*.sourcing-intake-template.csv; *.sourcing-ledger.csv; *.bom-provenance-manifest.csv; *.evidence-authenticity-gate.csv,"Sourcing record uses a retrievable external supplier or catalogue URL.; BoM provenance manifest marks supplier, manufacturer, MPN, unit cost and lead time as source-backed where claimed.; Evidence Authenticity Gate row becomes accepted_production_evidence.",yes,yes,Replace sourcing:85:isolation_interface with source-backed supplier/catalogue evidence before this BoM line can support trusted publication.
replace:86:sourcing:86:contactor_driver_output,86,sourcing,contactor_driver_output,test-fixture://review-evidence-closure/source/contactor_driver_output,protocol_fixture,protocol_fixture,external_supplier_or_catalogue_url,external_url,componentWordId; supplierName; manufacturer; mpn where applicable; unitCostGbp; leadTimeWeeks where stated; sourceGrade; evidence.ref; evidence.quote; retrievedAt,*.sourcing-intake-template.csv; *.sourcing-ledger.csv; *.bom-provenance-manifest.csv; *.evidence-authenticity-gate.csv,"Sourcing record uses a retrievable external supplier or catalogue URL.; BoM provenance manifest marks supplier, manufacturer, MPN, unit cost and lead time as source-backed where claimed.; Evidence Authenticity Gate row becomes accepted_production_evidence.",yes,yes,Replace sourcing:86:contactor_driver_output with source-backed supplier/catalogue evidence before this BoM line can support trusted publication.
replace:87:sourcing:87:soc_estimation_firmware,87,sourcing,soc_estimation_firmware,test-fixture://review-evidence-closure/source/soc_estimation_firmware,protocol_fixture,protocol_fixture,external_supplier_or_catalogue_url,external_url,componentWordId; supplierName; manufacturer; mpn where applicable; unitCostGbp; leadTimeWeeks where stated; sourceGrade; evidence.ref; evidence.quote; retrievedAt,*.sourcing-intake-template.csv; *.sourcing-ledger.csv; *.bom-provenance-manifest.csv; *.evidence-authenticity-gate.csv,"Sourcing record uses a retrievable external supplier or catalogue URL.; BoM provenance manifest marks supplier, manufacturer, MPN, unit cost and lead time as source-backed where claimed.; Evidence Authenticity Gate row becomes accepted_production_evidence.",yes,yes,Replace sourcing:87:soc_estimation_firmware with source-backed supplier/catalogue evidence before this BoM line can support trusted publication.
replace:88:sourcing:88:industrial_controller,88,sourcing,industrial_controller,test-fixture://review-evidence-closure/source/industrial_controller,protocol_fixture,protocol_fixture,external_supplier_or_catalogue_url,external_url,componentWordId; supplierName; manufacturer; mpn where applicable; unitCostGbp; leadTimeWeeks where stated; sourceGrade; evidence.ref; evidence.quote; retrievedAt,*.sourcing-intake-template.csv; *.sourcing-ledger.csv; *.bom-provenance-manifest.csv; *.evidence-authenticity-gate.csv,"Sourcing record uses a retrievable external supplier or catalogue URL.; BoM provenance manifest marks supplier, manufacturer, MPN, unit cost and lead time as source-backed where claimed.; Evidence Authenticity Gate row becomes accepted_production_evidence.",yes,yes,Replace sourcing:88:industrial_controller with source-backed supplier/catalogue evidence before this BoM line can support trusted publication.
replace:89:sourcing:89:i_o_expansion_module,89,sourcing,i_o_expansion_module,test-fixture://review-evidence-closure/source/i_o_expansion_module,protocol_fixture,protocol_fixture,external_supplier_or_catalogue_url,external_url,componentWordId; supplierName; manufacturer; mpn where applicable; unitCostGbp; leadTimeWeeks where stated; sourceGrade; evidence.ref; evidence.quote; retrievedAt,*.sourcing-intake-template.csv; *.sourcing-ledger.csv; *.bom-provenance-manifest.csv; *.evidence-authenticity-gate.csv,"Sourcing record uses a retrievable external supplier or catalogue URL.; BoM provenance manifest marks supplier, manufacturer, MPN, unit cost and lead time as source-backed where claimed.; Evidence Authenticity Gate row becomes accepted_production_evidence.",yes,yes,Replace sourcing:89:i_o_expansion_module with source-backed supplier/catalogue evidence before this BoM line can support trusted publication.
replace:90:sourcing:90:network_switch,90,sourcing,network_switch,test-fixture://review-evidence-closure/source/network_switch,protocol_fixture,protocol_fixture,external_supplier_or_catalogue_url,external_url,componentWordId; supplierName; manufacturer; mpn where applicable; unitCostGbp; leadTimeWeeks where stated; sourceGrade; evidence.ref; evidence.quote; retrievedAt,*.sourcing-intake-template.csv; *.sourcing-ledger.csv; *.bom-provenance-manifest.csv; *.evidence-authenticity-gate.csv,"Sourcing record uses a retrievable external supplier or catalogue URL.; BoM provenance manifest marks supplier, manufacturer, MPN, unit cost and lead time as source-backed where claimed.; Evidence Authenticity Gate row becomes accepted_production_evidence.",yes,yes,Replace sourcing:90:network_switch with source-backed supplier/catalogue evidence before this BoM line can support trusted publication.
replace:91:sourcing:91:cellular_router,91,sourcing,cellular_router,test-fixture://review-evidence-closure/source/cellular_router,protocol_fixture,protocol_fixture,external_supplier_or_catalogue_url,external_url,componentWordId; supplierName; manufacturer; mpn where applicable; unitCostGbp; leadTimeWeeks where stated; sourceGrade; evidence.ref; evidence.quote; retrievedAt,*.sourcing-intake-template.csv; *.sourcing-ledger.csv; *.bom-provenance-manifest.csv; *.evidence-authenticity-gate.csv,"Sourcing record uses a retrievable external supplier or catalogue URL.; BoM provenance manifest marks supplier, manufacturer, MPN, unit cost and lead time as source-backed where claimed.; Evidence Authenticity Gate row becomes accepted_production_evidence.",yes,yes,Replace sourcing:91:cellular_router with source-backed supplier/catalogue evidence before this BoM line can support trusted publication.
replace:92:sourcing:92:modbus_tcp_gateway,92,sourcing,modbus_tcp_gateway,test-fixture://review-evidence-closure/source/modbus_tcp_gateway,protocol_fixture,protocol_fixture,external_supplier_or_catalogue_url,external_url,componentWordId; supplierName; manufacturer; mpn where applicable; unitCostGbp; leadTimeWeeks where stated; sourceGrade; evidence.ref; evidence.quote; retrievedAt,*.sourcing-intake-template.csv; *.sourcing-ledger.csv; *.bom-provenance-manifest.csv; *.evidence-authenticity-gate.csv,"Sourcing record uses a retrievable external supplier or catalogue URL.; BoM provenance manifest marks supplier, manufacturer, MPN, unit cost and lead time as source-backed where claimed.; Evidence Authenticity Gate row becomes accepted_production_evidence.",yes,yes,Replace sourcing:92:modbus_tcp_gateway with source-backed supplier/catalogue evidence before this BoM line can support trusted publication.
replace:93:sourcing:93:scada_protocol_adapter,93,sourcing,scada_protocol_adapter,test-fixture://review-evidence-closure/source/scada_protocol_adapter,protocol_fixture,protocol_fixture,external_supplier_or_catalogue_url,external_url,componentWordId; supplierName; manufacturer; mpn where applicable; unitCostGbp; leadTimeWeeks where stated; sourceGrade; evidence.ref; evidence.quote; retrievedAt,*.sourcing-intake-template.csv; *.sourcing-ledger.csv; *.bom-provenance-manifest.csv; *.evidence-authenticity-gate.csv,"Sourcing record uses a retrievable external supplier or catalogue URL.; BoM provenance manifest marks supplier, manufacturer, MPN, unit cost and lead time as source-backed where claimed.; Evidence Authenticity Gate row becomes accepted_production_evidence.",yes,yes,Replace sourcing:93:scada_protocol_adapter with source-backed supplier/catalogue evidence before this BoM line can support trusted publication.
replace:94:sourcing:94:time_synchronisation_module,94,sourcing,time_synchronisation_module,test-fixture://review-evidence-closure/source/time_synchronisation_module,protocol_fixture,protocol_fixture,external_supplier_or_catalogue_url,external_url,componentWordId; supplierName; manufacturer; mpn where applicable; unitCostGbp; leadTimeWeeks where stated; sourceGrade; evidence.ref; evidence.quote; retrievedAt,*.sourcing-intake-template.csv; *.sourcing-ledger.csv; *.bom-provenance-manifest.csv; *.evidence-authenticity-gate.csv,"Sourcing record uses a retrievable external supplier or catalogue URL.; BoM provenance manifest marks supplier, manufacturer, MPN, unit cost and lead time as source-backed where claimed.; Evidence Authenticity Gate row becomes accepted_production_evidence.",yes,yes,Replace sourcing:94:time_synchronisation_module with source-backed supplier/catalogue evidence before this BoM line can support trusted publication.
replace:95:sourcing:95:cybersecurity_firewall,95,sourcing,cybersecurity_firewall,test-fixture://review-evidence-closure/source/cybersecurity_firewall,protocol_fixture,protocol_fixture,external_supplier_or_catalogue_url,external_url,componentWordId; supplierName; manufacturer; mpn where applicable; unitCostGbp; leadTimeWeeks where stated; sourceGrade; evidence.ref; evidence.quote; retrievedAt,*.sourcing-intake-template.csv; *.sourcing-ledger.csv; *.bom-provenance-manifest.csv; *.evidence-authenticity-gate.csv,"Sourcing record uses a retrievable external supplier or catalogue URL.; BoM provenance manifest marks supplier, manufacturer, MPN, unit cost and lead time as source-backed where claimed.; Evidence Authenticity Gate row becomes accepted_production_evidence.",yes,yes,Replace sourcing:95:cybersecurity_firewall with source-backed supplier/catalogue evidence before this BoM line can support trusted publication.
replace:96:sourcing:96:vpn_access_appliance,96,sourcing,vpn_access_appliance,test-fixture://review-evidence-closure/source/vpn_access_appliance,protocol_fixture,protocol_fixture,external_supplier_or_catalogue_url,external_url,componentWordId; supplierName; manufacturer; mpn where applicable; unitCostGbp; leadTimeWeeks where stated; sourceGrade; evidence.ref; evidence.quote; retrievedAt,*.sourcing-intake-template.csv; *.sourcing-ledger.csv; *.bom-provenance-manifest.csv; *.evidence-authenticity-gate.csv,"Sourcing record uses a retrievable external supplier or catalogue URL.; BoM provenance manifest marks supplier, manufacturer, MPN, unit cost and lead time as source-backed where claimed.; Evidence Authenticity Gate row becomes accepted_production_evidence.",yes,yes,Replace sourcing:96:vpn_access_appliance with source-backed supplier/catalogue evidence before this BoM line can support trusted publication.
replace:97:sourcing:97:syslog_collector,97,sourcing,syslog_collector,test-fixture://review-evidence-closure/source/syslog_collector,protocol_fixture,protocol_fixture,external_supplier_or_catalogue_url,external_url,componentWordId; supplierName; manufacturer; mpn where applicable; unitCostGbp; leadTimeWeeks where stated; sourceGrade; evidence.ref; evidence.quote; retrievedAt,*.sourcing-intake-template.csv; *.sourcing-ledger.csv; *.bom-provenance-manifest.csv; *.evidence-authenticity-gate.csv,"Sourcing record uses a retrievable external supplier or catalogue URL.; BoM provenance manifest marks supplier, manufacturer, MPN, unit cost and lead time as source-backed where claimed.; Evidence Authenticity Gate row becomes accepted_production_evidence.",yes,yes,Replace sourcing:97:syslog_collector with source-backed supplier/catalogue evidence before this BoM line can support trusted publication.
replace:98:sourcing:98:account_key_switch,98,sourcing,account_key_switch,test-fixture://review-evidence-closure/source/account_key_switch,protocol_fixture,protocol_fixture,external_supplier_or_catalogue_url,external_url,componentWordId; supplierName; manufacturer; mpn where applicable; unitCostGbp; leadTimeWeeks where stated; sourceGrade; evidence.ref; evidence.quote; retrievedAt,*.sourcing-intake-template.csv; *.sourcing-ledger.csv; *.bom-provenance-manifest.csv; *.evidence-authenticity-gate.csv,"Sourcing record uses a retrievable external supplier or catalogue URL.; BoM provenance manifest marks supplier, manufacturer, MPN, unit cost and lead time as source-backed where claimed.; Evidence Authenticity Gate row becomes accepted_production_evidence.",yes,yes,Replace sourcing:98:account_key_switch with source-backed supplier/catalogue evidence before this BoM line can support trusted publication.
replace:99:sourcing:99:firmware_escrow_tag,99,sourcing,firmware_escrow_tag,test-fixture://review-evidence-closure/source/firmware_escrow_tag,protocol_fixture,protocol_fixture,external_supplier_or_catalogue_url,external_url,componentWordId; supplierName; manufacturer; mpn where applicable; unitCostGbp; leadTimeWeeks where stated; sourceGrade; evidence.ref; evidence.quote; retrievedAt,*.sourcing-intake-template.csv; *.sourcing-ledger.csv; *.bom-provenance-manifest.csv; *.evidence-authenticity-gate.csv,"Sourcing record uses a retrievable external supplier or catalogue URL.; BoM provenance manifest marks supplier, manufacturer, MPN, unit cost and lead time as source-backed where claimed.; Evidence Authenticity Gate row becomes accepted_production_evidence.",yes,yes,Replace sourcing:99:firmware_escrow_tag with source-backed supplier/catalogue evidence before this BoM line can support trusted publication.
replace:100:sourcing:100:configuration_backup_module,100,sourcing,configuration_backup_module,test-fixture://review-evidence-closure/source/configuration_backup_module,protocol_fixture,protocol_fixture,external_supplier_or_catalogue_url,external_url,componentWordId; supplierName; manufacturer; mpn where applicable; unitCostGbp; leadTimeWeeks where stated; sourceGrade; evidence.ref; evidence.quote; retrievedAt,*.sourcing-intake-template.csv; *.sourcing-ledger.csv; *.bom-provenance-manifest.csv; *.evidence-authenticity-gate.csv,"Sourcing record uses a retrievable external supplier or catalogue URL.; BoM provenance manifest marks supplier, manufacturer, MPN, unit cost and lead time as source-backed where claimed.; Evidence Authenticity Gate row becomes accepted_production_evidence.",yes,yes,Replace sourcing:100:configuration_backup_module with source-backed supplier/catalogue evidence before this BoM line can support trusted publication.
replace:101:sourcing:101:fire_detection_suppression,101,sourcing,fire_detection_suppression,test-fixture://review-evidence-closure/source/fire_detection_suppression,protocol_fixture,protocol_fixture,external_supplier_or_catalogue_url,external_url,componentWordId; supplierName; manufacturer; mpn where applicable; unitCostGbp; leadTimeWeeks where stated; sourceGrade; evidence.ref; evidence.quote; retrievedAt,*.sourcing-intake-template.csv; *.sourcing-ledger.csv; *.bom-provenance-manifest.csv; *.evidence-authenticity-gate.csv,"Sourcing record uses a retrievable external supplier or catalogue URL.; BoM provenance manifest marks supplier, manufacturer, MPN, unit cost and lead time as source-backed where claimed.; Evidence Authenticity Gate row becomes accepted_production_evidence.",yes,yes,Replace sourcing:101:fire_detection_suppression with source-backed supplier/catalogue evidence before this BoM line can support trusted publication.
replace:102:sourcing:102:clean_agent_cylinder,102,sourcing,clean_agent_cylinder,test-fixture://review-evidence-closure/source/clean_agent_cylinder,protocol_fixture,protocol_fixture,external_supplier_or_catalogue_url,external_url,componentWordId; supplierName; manufacturer; mpn where applicable; unitCostGbp; leadTimeWeeks where stated; sourceGrade; evidence.ref; evidence.quote; retrievedAt,*.sourcing-intake-template.csv; *.sourcing-ledger.csv; *.bom-provenance-manifest.csv; *.evidence-authenticity-gate.csv,"Sourcing record uses a retrievable external supplier or catalogue URL.; BoM provenance manifest marks supplier, manufacturer, MPN, unit cost and lead time as source-backed where claimed.; Evidence Authenticity Gate row becomes accepted_production_evidence.",yes,yes,Replace sourcing:102:clean_agent_cylinder with source-backed supplier/catalogue evidence before this BoM line can support trusted publication.
replace:103:sourcing:103:release_solenoid,103,sourcing,release_solenoid,test-fixture://review-evidence-closure/source/release_solenoid,protocol_fixture,protocol_fixture,external_supplier_or_catalogue_url,external_url,componentWordId; supplierName; manufacturer; mpn where applicable; unitCostGbp; leadTimeWeeks where stated; sourceGrade; evidence.ref; evidence.quote; retrievedAt,*.sourcing-intake-template.csv; *.sourcing-ledger.csv; *.bom-provenance-manifest.csv; *.evidence-authenticity-gate.csv,"Sourcing record uses a retrievable external supplier or catalogue URL.; BoM provenance manifest marks supplier, manufacturer, MPN, unit cost and lead time as source-backed where claimed.; Evidence Authenticity Gate row becomes accepted_production_evidence.",yes,yes,Replace sourcing:103:release_solenoid with source-backed supplier/catalogue evidence before this BoM line can support trusted publication.
replace:104:sourcing:104:nozzle_pipework,104,sourcing,nozzle_pipework,test-fixture://review-evidence-closure/source/nozzle_pipework,protocol_fixture,protocol_fixture,external_supplier_or_catalogue_url,external_url,componentWordId; supplierName; manufacturer; mpn where applicable; unitCostGbp; leadTimeWeeks where stated; sourceGrade; evidence.ref; evidence.quote; retrievedAt,*.sourcing-intake-template.csv; *.sourcing-ledger.csv; *.bom-provenance-manifest.csv; *.evidence-authenticity-gate.csv,"Sourcing record uses a retrievable external supplier or catalogue URL.; BoM provenance manifest marks supplier, manufacturer, MPN, unit cost and lead time as source-backed where claimed.; Evidence Authenticity Gate row becomes accepted_production_evidence.",yes,yes,Replace sourcing:104:nozzle_pipework with source-backed supplier/catalogue evidence before this BoM line can support trusted publication.
replace:105:sourcing:105:pressure_switch,105,sourcing,pressure_switch,test-fixture://review-evidence-closure/source/pressure_switch,protocol_fixture,protocol_fixture,external_supplier_or_catalogue_url,external_url,componentWordId; supplierName; manufacturer; mpn where applicable; unitCostGbp; leadTimeWeeks where stated; sourceGrade; evidence.ref; evidence.quote; retrievedAt,*.sourcing-intake-template.csv; *.sourcing-ledger.csv; *.bom-provenance-manifest.csv; *.evidence-authenticity-gate.csv,"Sourcing record uses a retrievable external supplier or catalogue URL.; BoM provenance manifest marks supplier, manufacturer, MPN, unit cost and lead time as source-backed where claimed.; Evidence Authenticity Gate row becomes accepted_production_evidence.",yes,yes,Replace sourcing:105:pressure_switch with source-backed supplier/catalogue evidence before this BoM line can support trusted publication.
replace:106:sourcing:106:e_stop_mushroom_button,106,sourcing,e_stop_mushroom_button,test-fixture://review-evidence-closure/source/e_stop_mushroom_button,protocol_fixture,protocol_fixture,external_supplier_or_catalogue_url,external_url,componentWordId; supplierName; manufacturer; mpn where applicable; unitCostGbp; leadTimeWeeks where stated; sourceGrade; evidence.ref; evidence.quote; retrievedAt,*.sourcing-intake-template.csv; *.sourcing-ledger.csv; *.bom-provenance-manifest.csv; *.evidence-authenticity-gate.csv,"Sourcing record uses a retrievable external supplier or catalogue URL.; BoM provenance manifest marks supplier, manufacturer, MPN, unit cost and lead time as source-backed where claimed.; Evidence Authenticity Gate row becomes accepted_production_evidence.",yes,yes,Replace sourcing:106:e_stop_mushroom_button with source-backed supplier/catalogue evidence before this BoM line can support trusted publication.
replace:107:sourcing:107:safety_relay,107,sourcing,safety_relay,test-fixture://review-evidence-closure/source/safety_relay,protocol_fixture,protocol_fixture,external_supplier_or_catalogue_url,external_url,componentWordId; supplierName; manufacturer; mpn where applicable; unitCostGbp; leadTimeWeeks where stated; sourceGrade; evidence.ref; evidence.quote; retrievedAt,*.sourcing-intake-template.csv; *.sourcing-ledger.csv; *.bom-provenance-manifest.csv; *.evidence-authenticity-gate.csv,"Sourcing record uses a retrievable external supplier or catalogue URL.; BoM provenance manifest marks supplier, manufacturer, MPN, unit cost and lead time as source-backed where claimed.; Evidence Authenticity Gate row becomes accepted_production_evidence.",yes,yes,Replace sourcing:107:safety_relay with source-backed supplier/catalogue evidence before this BoM line can support trusted publication.
replace:108:sourcing:108:dc_shunt_trip_output,108,sourcing,dc_shunt_trip_output,test-fixture://review-evidence-closure/source/dc_shunt_trip_output,protocol_fixture,protocol_fixture,external_supplier_or_catalogue_url,external_url,componentWordId; supplierName; manufacturer; mpn where applicable; unitCostGbp; leadTimeWeeks where stated; sourceGrade; evidence.ref; evidence.quote; retrievedAt,*.sourcing-intake-template.csv; *.sourcing-ledger.csv; *.bom-provenance-manifest.csv; *.evidence-authenticity-gate.csv,"Sourcing record uses a retrievable external supplier or catalogue URL.; BoM provenance manifest marks supplier, manufacturer, MPN, unit cost and lead time as source-backed where claimed.; Evidence Authenticity Gate row becomes accepted_production_evidence.",yes,yes,Replace sourcing:108:dc_shunt_trip_output with source-backed supplier/catalogue evidence before this BoM line can support trusted publication.
replace:109:sourcing:109:ac_breaker_trip_coil,109,sourcing,ac_breaker_trip_coil,test-fixture://review-evidence-closure/source/ac_breaker_trip_coil,protocol_fixture,protocol_fixture,external_supplier_or_catalogue_url,external_url,componentWordId; supplierName; manufacturer; mpn where applicable; unitCostGbp; leadTimeWeeks where stated; sourceGrade; evidence.ref; evidence.quote; retrievedAt,*.sourcing-intake-template.csv; *.sourcing-ledger.csv; *.bom-provenance-manifest.csv; *.evidence-authenticity-gate.csv,"Sourcing record uses a retrievable external supplier or catalogue URL.; BoM provenance manifest marks supplier, manufacturer, MPN, unit cost and lead time as source-backed where claimed.; Evidence Authenticity Gate row becomes accepted_production_evidence.",yes,yes,Replace sourcing:109:ac_breaker_trip_coil with source-backed supplier/catalogue evidence before this BoM line can support trusted publication.
replace:110:sourcing:110:dc_surge_protection_device,110,sourcing,dc_surge_protection_device,test-fixture://review-evidence-closure/source/dc_surge_protection_device,protocol_fixture,protocol_fixture,external_supplier_or_catalogue_url,external_url,componentWordId; supplierName; manufacturer; mpn where applicable; unitCostGbp; leadTimeWeeks where stated; sourceGrade; evidence.ref; evidence.quote; retrievedAt,*.sourcing-intake-template.csv; *.sourcing-ledger.csv; *.bom-provenance-manifest.csv; *.evidence-authenticity-gate.csv,"Sourcing record uses a retrievable external supplier or catalogue URL.; BoM provenance manifest marks supplier, manufacturer, MPN, unit cost and lead time as source-backed where claimed.; Evidence Authenticity Gate row becomes accepted_production_evidence.",yes,yes,Replace sourcing:110:dc_surge_protection_device with source-backed supplier/catalogue evidence before this BoM line can support trusted publication.
replace:111:sourcing:111:ac_surge_protection_device,111,sourcing,ac_surge_protection_device,test-fixture://review-evidence-closure/source/ac_surge_protection_device,protocol_fixture,protocol_fixture,external_supplier_or_catalogue_url,external_url,componentWordId; supplierName; manufacturer; mpn where applicable; unitCostGbp; leadTimeWeeks where stated; sourceGrade; evidence.ref; evidence.quote; retrievedAt,*.sourcing-intake-template.csv; *.sourcing-ledger.csv; *.bom-provenance-manifest.csv; *.evidence-authenticity-gate.csv,"Sourcing record uses a retrievable external supplier or catalogue URL.; BoM provenance manifest marks supplier, manufacturer, MPN, unit cost and lead time as source-backed where claimed.; Evidence Authenticity Gate row becomes accepted_production_evidence.",yes,yes,Replace sourcing:111:ac_surge_protection_device with source-backed supplier/catalogue evidence before this BoM line can support trusted publication.
replace:112:sourcing:112:arc_flash_label_set,112,sourcing,arc_flash_label_set,test-fixture://review-evidence-closure/source/arc_flash_label_set,protocol_fixture,protocol_fixture,external_supplier_or_catalogue_url,external_url,componentWordId; supplierName; manufacturer; mpn where applicable; unitCostGbp; leadTimeWeeks where stated; sourceGrade; evidence.ref; evidence.quote; retrievedAt,*.sourcing-intake-template.csv; *.sourcing-ledger.csv; *.bom-provenance-manifest.csv; *.evidence-authenticity-gate.csv,"Sourcing record uses a retrievable external supplier or catalogue URL.; BoM provenance manifest marks supplier, manufacturer, MPN, unit cost and lead time as source-backed where claimed.; Evidence Authenticity Gate row becomes accepted_production_evidence.",yes,yes,Replace sourcing:112:arc_flash_label_set with source-backed supplier/catalogue evidence before this BoM line can support trusted publication.
replace:113:sourcing:113:protective_earth_bonding_kit,113,sourcing,protective_earth_bonding_kit,test-fixture://review-evidence-closure/source/protective_earth_bonding_kit,protocol_fixture,protocol_fixture,external_supplier_or_catalogue_url,external_url,componentWordId; supplierName; manufacturer; mpn where applicable; unitCostGbp; leadTimeWeeks where stated; sourceGrade; evidence.ref; evidence.quote; retrievedAt,*.sourcing-intake-template.csv; *.sourcing-ledger.csv; *.bom-provenance-manifest.csv; *.evidence-authenticity-gate.csv,"Sourcing record uses a retrievable external supplier or catalogue URL.; BoM provenance manifest marks supplier, manufacturer, MPN, unit cost and lead time as source-backed where claimed.; Evidence Authenticity Gate row becomes accepted_production_evidence.",yes,yes,Replace sourcing:113:protective_earth_bonding_kit with source-backed supplier/catalogue evidence before this BoM line can support trusted publication.
replace:114:sourcing:114:pressure_relief_vent_panel,114,sourcing,pressure_relief_vent_panel,test-fixture://review-evidence-closure/source/pressure_relief_vent_panel,protocol_fixture,protocol_fixture,external_supplier_or_catalogue_url,external_url,componentWordId; supplierName; manufacturer; mpn where applicable; unitCostGbp; leadTimeWeeks where stated; sourceGrade; evidence.ref; evidence.quote; retrievedAt,*.sourcing-intake-template.csv; *.sourcing-ledger.csv; *.bom-provenance-manifest.csv; *.evidence-authenticity-gate.csv,"Sourcing record uses a retrievable external supplier or catalogue URL.; BoM provenance manifest marks supplier, manufacturer, MPN, unit cost and lead time as source-backed where claimed.; Evidence Authenticity Gate row becomes accepted_production_evidence.",yes,yes,Replace sourcing:114:pressure_relief_vent_panel with source-backed supplier/catalogue evidence before this BoM line can support trusted publication.
replace:115:sourcing:115:vent_microswitch,115,sourcing,vent_microswitch,test-fixture://review-evidence-closure/source/vent_microswitch,protocol_fixture,protocol_fixture,external_supplier_or_catalogue_url,external_url,componentWordId; supplierName; manufacturer; mpn where applicable; unitCostGbp; leadTimeWeeks where stated; sourceGrade; evidence.ref; evidence.quote; retrievedAt,*.sourcing-intake-template.csv; *.sourcing-ledger.csv; *.bom-provenance-manifest.csv; *.evidence-authenticity-gate.csv,"Sourcing record uses a retrievable external supplier or catalogue URL.; BoM provenance manifest marks supplier, manufacturer, MPN, unit cost and lead time as source-backed where claimed.; Evidence Authenticity Gate row becomes accepted_production_evidence.",yes,yes,Replace sourcing:115:vent_microswitch with source-backed supplier/catalogue evidence before this BoM line can support trusted publication.
replace:116:sourcing:116:flame_arrestor_mesh,116,sourcing,flame_arrestor_mesh,test-fixture://review-evidence-closure/source/flame_arrestor_mesh,protocol_fixture,protocol_fixture,external_supplier_or_catalogue_url,external_url,componentWordId; supplierName; manufacturer; mpn where applicable; unitCostGbp; leadTimeWeeks where stated; sourceGrade; evidence.ref; evidence.quote; retrievedAt,*.sourcing-intake-template.csv; *.sourcing-ledger.csv; *.bom-provenance-manifest.csv; *.evidence-authenticity-gate.csv,"Sourcing record uses a retrievable external supplier or catalogue URL.; BoM provenance manifest marks supplier, manufacturer, MPN, unit cost and lead time as source-backed where claimed.; Evidence Authenticity Gate row becomes accepted_production_evidence.",yes,yes,Replace sourcing:116:flame_arrestor_mesh with source-backed supplier/catalogue evidence before this BoM line can support trusted publication.
replace:117:sourcing:117:vent_weather_hood,117,sourcing,vent_weather_hood,test-fixture://review-evidence-closure/source/vent_weather_hood,protocol_fixture,protocol_fixture,external_supplier_or_catalogue_url,external_url,componentWordId; supplierName; manufacturer; mpn where applicable; unitCostGbp; leadTimeWeeks where stated; sourceGrade; evidence.ref; evidence.quote; retrievedAt,*.sourcing-intake-template.csv; *.sourcing-ledger.csv; *.bom-provenance-manifest.csv; *.evidence-authenticity-gate.csv,"Sourcing record uses a retrievable external supplier or catalogue URL.; BoM provenance manifest marks supplier, manufacturer, MPN, unit cost and lead time as source-backed where claimed.; Evidence Authenticity Gate row becomes accepted_production_evidence.",yes,yes,Replace sourcing:117:vent_weather_hood with source-backed supplier/catalogue evidence before this BoM line can support trusted publication.
replace:118:sourcing:118:post_event_inspection_tag,118,sourcing,post_event_inspection_tag,test-fixture://review-evidence-closure/source/post_event_inspection_tag,protocol_fixture,protocol_fixture,external_supplier_or_catalogue_url,external_url,componentWordId; supplierName; manufacturer; mpn where applicable; unitCostGbp; leadTimeWeeks where stated; sourceGrade; evidence.ref; evidence.quote; retrievedAt,*.sourcing-intake-template.csv; *.sourcing-ledger.csv; *.bom-provenance-manifest.csv; *.evidence-authenticity-gate.csv,"Sourcing record uses a retrievable external supplier or catalogue URL.; BoM provenance manifest marks supplier, manufacturer, MPN, unit cost and lead time as source-backed where claimed.; Evidence Authenticity Gate row becomes accepted_production_evidence.",yes,yes,Replace sourcing:118:post_event_inspection_tag with source-backed supplier/catalogue evidence before this BoM line can support trusted publication.
replace:119:sourcing:119:container_hvac_unit,119,sourcing,container_hvac_unit,test-fixture://review-evidence-closure/source/container_hvac_unit,protocol_fixture,protocol_fixture,external_supplier_or_catalogue_url,external_url,componentWordId; supplierName; manufacturer; mpn where applicable; unitCostGbp; leadTimeWeeks where stated; sourceGrade; evidence.ref; evidence.quote; retrievedAt,*.sourcing-intake-template.csv; *.sourcing-ledger.csv; *.bom-provenance-manifest.csv; *.evidence-authenticity-gate.csv,"Sourcing record uses a retrievable external supplier or catalogue URL.; BoM provenance manifest marks supplier, manufacturer, MPN, unit cost and lead time as source-backed where claimed.; Evidence Authenticity Gate row becomes accepted_production_evidence.",yes,yes,Replace sourcing:119:container_hvac_unit with source-backed supplier/catalogue evidence before this BoM line can support trusted publication.
replace:120:sourcing:120:air_filter_element,120,sourcing,air_filter_element,test-fixture://review-evidence-closure/source/air_filter_element,protocol_fixture,protocol_fixture,external_supplier_or_catalogue_url,external_url,componentWordId; supplierName; manufacturer; mpn where applicable; unitCostGbp; leadTimeWeeks where stated; sourceGrade; evidence.ref; evidence.quote; retrievedAt,*.sourcing-intake-template.csv; *.sourcing-ledger.csv; *.bom-provenance-manifest.csv; *.evidence-authenticity-gate.csv,"Sourcing record uses a retrievable external supplier or catalogue URL.; BoM provenance manifest marks supplier, manufacturer, MPN, unit cost and lead time as source-backed where claimed.; Evidence Authenticity Gate row becomes accepted_production_evidence.",yes,yes,Replace sourcing:120:air_filter_element with source-backed supplier/catalogue evidence before this BoM line can support trusted publication.
replace:121:sourcing:121:condensate_drain_kit,121,sourcing,condensate_drain_kit,test-fixture://review-evidence-closure/source/condensate_drain_kit,protocol_fixture,protocol_fixture,external_supplier_or_catalogue_url,external_url,componentWordId; supplierName; manufacturer; mpn where applicable; unitCostGbp; leadTimeWeeks where stated; sourceGrade; evidence.ref; evidence.quote; retrievedAt,*.sourcing-intake-template.csv; *.sourcing-ledger.csv; *.bom-provenance-manifest.csv; *.evidence-authenticity-gate.csv,"Sourcing record uses a retrievable external supplier or catalogue URL.; BoM provenance manifest marks supplier, manufacturer, MPN, unit cost and lead time as source-backed where claimed.; Evidence Authenticity Gate row becomes accepted_production_evidence.",yes,yes,Replace sourcing:121:condensate_drain_kit with source-backed supplier/catalogue evidence before this BoM line can support trusted publication.
replace:122:sourcing:122:hvac_controller,122,sourcing,hvac_controller,test-fixture://review-evidence-closure/source/hvac_controller,protocol_fixture,protocol_fixture,external_supplier_or_catalogue_url,external_url,componentWordId; supplierName; manufacturer; mpn where applicable; unitCostGbp; leadTimeWeeks where stated; sourceGrade; evidence.ref; evidence.quote; retrievedAt,*.sourcing-intake-template.csv; *.sourcing-ledger.csv; *.bom-provenance-manifest.csv; *.evidence-authenticity-gate.csv,"Sourcing record uses a retrievable external supplier or catalogue URL.; BoM provenance manifest marks supplier, manufacturer, MPN, unit cost and lead time as source-backed where claimed.; Evidence Authenticity Gate row becomes accepted_production_evidence.",yes,yes,Replace sourcing:122:hvac_controller with source-backed supplier/catalogue evidence before this BoM line can support trusted publication.
replace:123:sourcing:123:intake_louvre,123,sourcing,intake_louvre,test-fixture://review-evidence-closure/source/intake_louvre,protocol_fixture,protocol_fixture,external_supplier_or_catalogue_url,external_url,componentWordId; supplierName; manufacturer; mpn where applicable; unitCostGbp; leadTimeWeeks where stated; sourceGrade; evidence.ref; evidence.quote; retrievedAt,*.sourcing-intake-template.csv; *.sourcing-ledger.csv; *.bom-provenance-manifest.csv; *.evidence-authenticity-gate.csv,"Sourcing record uses a retrievable external supplier or catalogue URL.; BoM provenance manifest marks supplier, manufacturer, MPN, unit cost and lead time as source-backed where claimed.; Evidence Authenticity Gate row becomes accepted_production_evidence.",yes,yes,Replace sourcing:123:intake_louvre with source-backed supplier/catalogue evidence before this BoM line can support trusted publication.
replace:124:sourcing:124:exhaust_louvre,124,sourcing,exhaust_louvre,test-fixture://review-evidence-closure/source/exhaust_louvre,protocol_fixture,protocol_fixture,external_supplier_or_catalogue_url,external_url,componentWordId; supplierName; manufacturer; mpn where applicable; unitCostGbp; leadTimeWeeks where stated; sourceGrade; evidence.ref; evidence.quote; retrievedAt,*.sourcing-intake-template.csv; *.sourcing-ledger.csv; *.bom-provenance-manifest.csv; *.evidence-authenticity-gate.csv,"Sourcing record uses a retrievable external supplier or catalogue URL.; BoM provenance manifest marks supplier, manufacturer, MPN, unit cost and lead time as source-backed where claimed.; Evidence Authenticity Gate row becomes accepted_production_evidence.",yes,yes,Replace sourcing:124:exhaust_louvre with source-backed supplier/catalogue evidence before this BoM line can support trusted publication.
replace:125:sourcing:125:ec_fan_assembly,125,sourcing,ec_fan_assembly,test-fixture://review-evidence-closure/source/ec_fan_assembly,protocol_fixture,protocol_fixture,external_supplier_or_catalogue_url,external_url,componentWordId; supplierName; manufacturer; mpn where applicable; unitCostGbp; leadTimeWeeks where stated; sourceGrade; evidence.ref; evidence.quote; retrievedAt,*.sourcing-intake-template.csv; *.sourcing-ledger.csv; *.bom-provenance-manifest.csv; *.evidence-authenticity-gate.csv,"Sourcing record uses a retrievable external supplier or catalogue URL.; BoM provenance manifest marks supplier, manufacturer, MPN, unit cost and lead time as source-backed where claimed.; Evidence Authenticity Gate row becomes accepted_production_evidence.",yes,yes,Replace sourcing:125:ec_fan_assembly with source-backed supplier/catalogue evidence before this BoM line can support trusted publication.
replace:126:sourcing:126:airflow_baffle,126,sourcing,airflow_baffle,test-fixture://review-evidence-closure/source/airflow_baffle,protocol_fixture,protocol_fixture,external_supplier_or_catalogue_url,external_url,componentWordId; supplierName; manufacturer; mpn where applicable; unitCostGbp; leadTimeWeeks where stated; sourceGrade; evidence.ref; evidence.quote; retrievedAt,*.sourcing-intake-template.csv; *.sourcing-ledger.csv; *.bom-provenance-manifest.csv; *.evidence-authenticity-gate.csv,"Sourcing record uses a retrievable external supplier or catalogue URL.; BoM provenance manifest marks supplier, manufacturer, MPN, unit cost and lead time as source-backed where claimed.; Evidence Authenticity Gate row becomes accepted_production_evidence.",yes,yes,Replace sourcing:126:airflow_baffle with source-backed supplier/catalogue evidence before this BoM line can support trusted publication.
replace:127:sourcing:127:insulation_panel,127,sourcing,insulation_panel,test-fixture://review-evidence-closure/source/insulation_panel,protocol_fixture,protocol_fixture,external_supplier_or_catalogue_url,external_url,componentWordId; supplierName; manufacturer; mpn where applicable; unitCostGbp; leadTimeWeeks where stated; sourceGrade; evidence.ref; evidence.quote; retrievedAt,*.sourcing-intake-template.csv; *.sourcing-ledger.csv; *.bom-provenance-manifest.csv; *.evidence-authenticity-gate.csv,"Sourcing record uses a retrievable external supplier or catalogue URL.; BoM provenance manifest marks supplier, manufacturer, MPN, unit cost and lead time as source-backed where claimed.; Evidence Authenticity Gate row becomes accepted_production_evidence.",yes,yes,Replace sourcing:127:insulation_panel with source-backed supplier/catalogue evidence before this BoM line can support trusted publication.
replace:128:sourcing:128:vapour_barrier_film,128,sourcing,vapour_barrier_film,test-fixture://review-evidence-closure/source/vapour_barrier_film,protocol_fixture,protocol_fixture,external_supplier_or_catalogue_url,external_url,componentWordId; supplierName; manufacturer; mpn where applicable; unitCostGbp; leadTimeWeeks where stated; sourceGrade; evidence.ref; evidence.quote; retrievedAt,*.sourcing-intake-template.csv; *.sourcing-ledger.csv; *.bom-provenance-manifest.csv; *.evidence-authenticity-gate.csv,"Sourcing record uses a retrievable external supplier or catalogue URL.; BoM provenance manifest marks supplier, manufacturer, MPN, unit cost and lead time as source-backed where claimed.; Evidence Authenticity Gate row becomes accepted_production_evidence.",yes,yes,Replace sourcing:128:vapour_barrier_film with source-backed supplier/catalogue evidence before this BoM line can support trusted publication.
replace:129:sourcing:129:thermal_break_strip,129,sourcing,thermal_break_strip,test-fixture://review-evidence-closure/source/thermal_break_strip,protocol_fixture,protocol_fixture,external_supplier_or_catalogue_url,external_url,componentWordId; supplierName; manufacturer; mpn where applicable; unitCostGbp; leadTimeWeeks where stated; sourceGrade; evidence.ref; evidence.quote; retrievedAt,*.sourcing-intake-template.csv; *.sourcing-ledger.csv; *.bom-provenance-manifest.csv; *.evidence-authenticity-gate.csv,"Sourcing record uses a retrievable external supplier or catalogue URL.; BoM provenance manifest marks supplier, manufacturer, MPN, unit cost and lead time as source-backed where claimed.; Evidence Authenticity Gate row becomes accepted_production_evidence.",yes,yes,Replace sourcing:129:thermal_break_strip with source-backed supplier/catalogue evidence before this BoM line can support trusted publication.
replace:130:sourcing:130:seal_gasket_set,130,sourcing,seal_gasket_set,test-fixture://review-evidence-closure/source/seal_gasket_set,protocol_fixture,protocol_fixture,external_supplier_or_catalogue_url,external_url,componentWordId; supplierName; manufacturer; mpn where applicable; unitCostGbp; leadTimeWeeks where stated; sourceGrade; evidence.ref; evidence.quote; retrievedAt,*.sourcing-intake-template.csv; *.sourcing-ledger.csv; *.bom-provenance-manifest.csv; *.evidence-authenticity-gate.csv,"Sourcing record uses a retrievable external supplier or catalogue URL.; BoM provenance manifest marks supplier, manufacturer, MPN, unit cost and lead time as source-backed where claimed.; Evidence Authenticity Gate row becomes accepted_production_evidence.",yes,yes,Replace sourcing:130:seal_gasket_set with source-backed supplier/catalogue evidence before this BoM line can support trusted publication.
replace:131:sourcing:131:dry_cooler_coil,131,sourcing,dry_cooler_coil,test-fixture://review-evidence-closure/source/dry_cooler_coil,protocol_fixture,protocol_fixture,external_supplier_or_catalogue_url,external_url,componentWordId; supplierName; manufacturer; mpn where applicable; unitCostGbp; leadTimeWeeks where stated; sourceGrade; evidence.ref; evidence.quote; retrievedAt,*.sourcing-intake-template.csv; *.sourcing-ledger.csv; *.bom-provenance-manifest.csv; *.evidence-authenticity-gate.csv,"Sourcing record uses a retrievable external supplier or catalogue URL.; BoM provenance manifest marks supplier, manufacturer, MPN, unit cost and lead time as source-backed where claimed.; Evidence Authenticity Gate row becomes accepted_production_evidence.",yes,yes,Replace sourcing:131:dry_cooler_coil with source-backed supplier/catalogue evidence before this BoM line can support trusted publication.
replace:132:sourcing:132:ec_condenser_fan,132,sourcing,ec_condenser_fan,test-fixture://review-evidence-closure/source/ec_condenser_fan,protocol_fixture,protocol_fixture,external_supplier_or_catalogue_url,external_url,componentWordId; supplierName; manufacturer; mpn where applicable; unitCostGbp; leadTimeWeeks where stated; sourceGrade; evidence.ref; evidence.quote; retrievedAt,*.sourcing-intake-template.csv; *.sourcing-ledger.csv; *.bom-provenance-manifest.csv; *.evidence-authenticity-gate.csv,"Sourcing record uses a retrievable external supplier or catalogue URL.; BoM provenance manifest marks supplier, manufacturer, MPN, unit cost and lead time as source-backed where claimed.; Evidence Authenticity Gate row becomes accepted_production_evidence.",yes,yes,Replace sourcing:132:ec_condenser_fan with source-backed supplier/catalogue evidence before this BoM line can support trusted publication.
replace:133:sourcing:133:fan_contactor,133,sourcing,fan_contactor,test-fixture://review-evidence-closure/source/fan_contactor,protocol_fixture,protocol_fixture,external_supplier_or_catalogue_url,external_url,componentWordId; supplierName; manufacturer; mpn where applicable; unitCostGbp; leadTimeWeeks where stated; sourceGrade; evidence.ref; evidence.quote; retrievedAt,*.sourcing-intake-template.csv; *.sourcing-ledger.csv; *.bom-provenance-manifest.csv; *.evidence-authenticity-gate.csv,"Sourcing record uses a retrievable external supplier or catalogue URL.; BoM provenance manifest marks supplier, manufacturer, MPN, unit cost and lead time as source-backed where claimed.; Evidence Authenticity Gate row becomes accepted_production_evidence.",yes,yes,Replace sourcing:133:fan_contactor with source-backed supplier/catalogue evidence before this BoM line can support trusted publication.
replace:134:sourcing:134:coil_guard_grille,134,sourcing,coil_guard_grille,test-fixture://review-evidence-closure/source/coil_guard_grille,protocol_fixture,protocol_fixture,external_supplier_or_catalogue_url,external_url,componentWordId; supplierName; manufacturer; mpn where applicable; unitCostGbp; leadTimeWeeks where stated; sourceGrade; evidence.ref; evidence.quote; retrievedAt,*.sourcing-intake-template.csv; *.sourcing-ledger.csv; *.bom-provenance-manifest.csv; *.evidence-authenticity-gate.csv,"Sourcing record uses a retrievable external supplier or catalogue URL.; BoM provenance manifest marks supplier, manufacturer, MPN, unit cost and lead time as source-backed where claimed.; Evidence Authenticity Gate row becomes accepted_production_evidence.",yes,yes,Replace sourcing:134:coil_guard_grille with source-backed supplier/catalogue evidence before this BoM line can support trusted publication.
replace:135:sourcing:135:drain_safe_condensate_pan,135,sourcing,drain_safe_condensate_pan,test-fixture://review-evidence-closure/source/drain_safe_condensate_pan,protocol_fixture,protocol_fixture,external_supplier_or_catalogue_url,external_url,componentWordId; supplierName; manufacturer; mpn where applicable; unitCostGbp; leadTimeWeeks where stated; sourceGrade; evidence.ref; evidence.quote; retrievedAt,*.sourcing-intake-template.csv; *.sourcing-ledger.csv; *.bom-provenance-manifest.csv; *.evidence-authenticity-gate.csv,"Sourcing record uses a retrievable external supplier or catalogue URL.; BoM provenance manifest marks supplier, manufacturer, MPN, unit cost and lead time as source-backed where claimed.; Evidence Authenticity Gate row becomes accepted_production_evidence.",yes,yes,Replace sourcing:135:drain_safe_condensate_pan with source-backed supplier/catalogue evidence before this BoM line can support trusted publication.
replace:136:sourcing:136:copper_dc_busbar,136,sourcing,copper_dc_busbar,test-fixture://review-evidence-closure/source/copper_dc_busbar,protocol_fixture,protocol_fixture,external_supplier_or_catalogue_url,external_url,componentWordId; supplierName; manufacturer; mpn where applicable; unitCostGbp; leadTimeWeeks where stated; sourceGrade; evidence.ref; evidence.quote; retrievedAt,*.sourcing-intake-template.csv; *.sourcing-ledger.csv; *.bom-provenance-manifest.csv; *.evidence-authenticity-gate.csv,"Sourcing record uses a retrievable external supplier or catalogue URL.; BoM provenance manifest marks supplier, manufacturer, MPN, unit cost and lead time as source-backed where claimed.; Evidence Authenticity Gate row becomes accepted_production_evidence.",yes,yes,Replace sourcing:136:copper_dc_busbar with source-backed supplier/catalogue evidence before this BoM line can support trusted publication.
replace:137:sourcing:137:busbar_support_insulator,137,sourcing,busbar_support_insulator,test-fixture://review-evidence-closure/source/busbar_support_insulator,protocol_fixture,protocol_fixture,external_supplier_or_catalogue_url,external_url,componentWordId; supplierName; manufacturer; mpn where applicable; unitCostGbp; leadTimeWeeks where stated; sourceGrade; evidence.ref; evidence.quote; retrievedAt,*.sourcing-intake-template.csv; *.sourcing-ledger.csv; *.bom-provenance-manifest.csv; *.evidence-authenticity-gate.csv,"Sourcing record uses a retrievable external supplier or catalogue URL.; BoM provenance manifest marks supplier, manufacturer, MPN, unit cost and lead time as source-backed where claimed.; Evidence Authenticity Gate row becomes accepted_production_evidence.",yes,yes,Replace sourcing:137:busbar_support_insulator with source-backed supplier/catalogue evidence before this BoM line can support trusted publication.
replace:138:sourcing:138:busbar_shroud,138,sourcing,busbar_shroud,test-fixture://review-evidence-closure/source/busbar_shroud,protocol_fixture,protocol_fixture,external_supplier_or_catalogue_url,external_url,componentWordId; supplierName; manufacturer; mpn where applicable; unitCostGbp; leadTimeWeeks where stated; sourceGrade; evidence.ref; evidence.quote; retrievedAt,*.sourcing-intake-template.csv; *.sourcing-ledger.csv; *.bom-provenance-manifest.csv; *.evidence-authenticity-gate.csv,"Sourcing record uses a retrievable external supplier or catalogue URL.; BoM provenance manifest marks supplier, manufacturer, MPN, unit cost and lead time as source-backed where claimed.; Evidence Authenticity Gate row becomes accepted_production_evidence.",yes,yes,Replace sourcing:138:busbar_shroud with source-backed supplier/catalogue evidence before this BoM line can support trusted publication.
replace:139:sourcing:139:torque_witness_marker,139,sourcing,torque_witness_marker,test-fixture://review-evidence-closure/source/torque_witness_marker,protocol_fixture,protocol_fixture,external_supplier_or_catalogue_url,external_url,componentWordId; supplierName; manufacturer; mpn where applicable; unitCostGbp; leadTimeWeeks where stated; sourceGrade; evidence.ref; evidence.quote; retrievedAt,*.sourcing-intake-template.csv; *.sourcing-ledger.csv; *.bom-provenance-manifest.csv; *.evidence-authenticity-gate.csv,"Sourcing record uses a retrievable external supplier or catalogue URL.; BoM provenance manifest marks supplier, manufacturer, MPN, unit cost and lead time as source-backed where claimed.; Evidence Authenticity Gate row becomes accepted_production_evidence.",yes,yes,Replace sourcing:139:torque_witness_marker with source-backed supplier/catalogue evidence before this BoM line can support trusted publication.
replace:140:sourcing:140:moulded_case_circuit_breaker,140,sourcing,moulded_case_circuit_breaker,test-fixture://review-evidence-closure/source/moulded_case_circuit_breaker,protocol_fixture,protocol_fixture,external_supplier_or_catalogue_url,external_url,componentWordId; supplierName; manufacturer; mpn where applicable; unitCostGbp; leadTimeWeeks where stated; sourceGrade; evidence.ref; evidence.quote; retrievedAt,*.sourcing-intake-template.csv; *.sourcing-ledger.csv; *.bom-provenance-manifest.csv; *.evidence-authenticity-gate.csv,"Sourcing record uses a retrievable external supplier or catalogue URL.; BoM provenance manifest marks supplier, manufacturer, MPN, unit cost and lead time as source-backed where claimed.; Evidence Authenticity Gate row becomes accepted_production_evidence.",yes,yes,Replace sourcing:140:moulded_case_circuit_breaker with source-backed supplier/catalogue evidence before this BoM line can support trusted publication.
replace:141:sourcing:141:ac_contactor,141,sourcing,ac_contactor,test-fixture://review-evidence-closure/source/ac_contactor,protocol_fixture,protocol_fixture,external_supplier_or_catalogue_url,external_url,componentWordId; supplierName; manufacturer; mpn where applicable; unitCostGbp; leadTimeWeeks where stated; sourceGrade; evidence.ref; evidence.quote; retrievedAt,*.sourcing-intake-template.csv; *.sourcing-ledger.csv; *.bom-provenance-manifest.csv; *.evidence-authenticity-gate.csv,"Sourcing record uses a retrievable external supplier or catalogue URL.; BoM provenance manifest marks supplier, manufacturer, MPN, unit cost and lead time as source-backed where claimed.; Evidence Authenticity Gate row becomes accepted_production_evidence.",yes,yes,Replace sourcing:141:ac_contactor with source-backed supplier/catalogue evidence before this BoM line can support trusted publication.
replace:142:sourcing:142:metering_ct_set,142,sourcing,metering_ct_set,test-fixture://review-evidence-closure/source/metering_ct_set,protocol_fixture,protocol_fixture,external_supplier_or_catalogue_url,external_url,componentWordId; supplierName; manufacturer; mpn where applicable; unitCostGbp; leadTimeWeeks where stated; sourceGrade; evidence.ref; evidence.quote; retrievedAt,*.sourcing-intake-template.csv; *.sourcing-ledger.csv; *.bom-provenance-manifest.csv; *.evidence-authenticity-gate.csv,"Sourcing record uses a retrievable external supplier or catalogue URL.; BoM provenance manifest marks supplier, manufacturer, MPN, unit cost and lead time as source-backed where claimed.; Evidence Authenticity Gate row becomes accepted_production_evidence.",yes,yes,Replace sourcing:142:metering_ct_set with source-backed supplier/catalogue evidence before this BoM line can support trusted publication.
replace:143:sourcing:143:terminal_block_assembly,143,sourcing,terminal_block_assembly,test-fixture://review-evidence-closure/source/terminal_block_assembly,protocol_fixture,protocol_fixture,external_supplier_or_catalogue_url,external_url,componentWordId; supplierName; manufacturer; mpn where applicable; unitCostGbp; leadTimeWeeks where stated; sourceGrade; evidence.ref; evidence.quote; retrievedAt,*.sourcing-intake-template.csv; *.sourcing-ledger.csv; *.bom-provenance-manifest.csv; *.evidence-authenticity-gate.csv,"Sourcing record uses a retrievable external supplier or catalogue URL.; BoM provenance manifest marks supplier, manufacturer, MPN, unit cost and lead time as source-backed where claimed.; Evidence Authenticity Gate row becomes accepted_production_evidence.",yes,yes,Replace sourcing:143:terminal_block_assembly with source-backed supplier/catalogue evidence before this BoM line can support trusted publication.
replace:144:sourcing:144:auxiliary_transformer,144,sourcing,auxiliary_transformer,test-fixture://review-evidence-closure/source/auxiliary_transformer,protocol_fixture,protocol_fixture,external_supplier_or_catalogue_url,external_url,componentWordId; supplierName; manufacturer; mpn where applicable; unitCostGbp; leadTimeWeeks where stated; sourceGrade; evidence.ref; evidence.quote; retrievedAt,*.sourcing-intake-template.csv; *.sourcing-ledger.csv; *.bom-provenance-manifest.csv; *.evidence-authenticity-gate.csv,"Sourcing record uses a retrievable external supplier or catalogue URL.; BoM provenance manifest marks supplier, manufacturer, MPN, unit cost and lead time as source-backed where claimed.; Evidence Authenticity Gate row becomes accepted_production_evidence.",yes,yes,Replace sourcing:144:auxiliary_transformer with source-backed supplier/catalogue evidence before this BoM line can support trusted publication.
replace:145:sourcing:145:24_v_dc_power_supply,145,sourcing,24_v_dc_power_supply,test-fixture://review-evidence-closure/source/24_v_dc_power_supply,protocol_fixture,protocol_fixture,external_supplier_or_catalogue_url,external_url,componentWordId; supplierName; manufacturer; mpn where applicable; unitCostGbp; leadTimeWeeks where stated; sourceGrade; evidence.ref; evidence.quote; retrievedAt,*.sourcing-intake-template.csv; *.sourcing-ledger.csv; *.bom-provenance-manifest.csv; *.evidence-authenticity-gate.csv,"Sourcing record uses a retrievable external supplier or catalogue URL.; BoM provenance manifest marks supplier, manufacturer, MPN, unit cost and lead time as source-backed where claimed.; Evidence Authenticity Gate row becomes accepted_production_evidence.",yes,yes,Replace sourcing:145:24_v_dc_power_supply with source-backed supplier/catalogue evidence before this BoM line can support trusted publication.
replace:146:sourcing:146:miniature_circuit_breaker_bank,146,sourcing,miniature_circuit_breaker_bank,test-fixture://review-evidence-closure/source/miniature_circuit_breaker_bank,protocol_fixture,protocol_fixture,external_supplier_or_catalogue_url,external_url,componentWordId; supplierName; manufacturer; mpn where applicable; unitCostGbp; leadTimeWeeks where stated; sourceGrade; evidence.ref; evidence.quote; retrievedAt,*.sourcing-intake-template.csv; *.sourcing-ledger.csv; *.bom-provenance-manifest.csv; *.evidence-authenticity-gate.csv,"Sourcing record uses a retrievable external supplier or catalogue URL.; BoM provenance manifest marks supplier, manufacturer, MPN, unit cost and lead time as source-backed where claimed.; Evidence Authenticity Gate row becomes accepted_production_evidence.",yes,yes,Replace sourcing:146:miniature_circuit_breaker_bank with source-backed supplier/catalogue evidence before this BoM line can support trusted publication.
replace:147:sourcing:147:ups_module,147,sourcing,ups_module,test-fixture://review-evidence-closure/source/ups_module,protocol_fixture,protocol_fixture,external_supplier_or_catalogue_url,external_url,componentWordId; supplierName; manufacturer; mpn where applicable; unitCostGbp; leadTimeWeeks where stated; sourceGrade; evidence.ref; evidence.quote; retrievedAt,*.sourcing-intake-template.csv; *.sourcing-ledger.csv; *.bom-provenance-manifest.csv; *.evidence-authenticity-gate.csv,"Sourcing record uses a retrievable external supplier or catalogue URL.; BoM provenance manifest marks supplier, manufacturer, MPN, unit cost and lead time as source-backed where claimed.; Evidence Authenticity Gate row becomes accepted_production_evidence.",yes,yes,Replace sourcing:147:ups_module with source-backed supplier/catalogue evidence before this BoM line can support trusted publication.
replace:148:sourcing:148:main_earth_bar,148,sourcing,main_earth_bar,test-fixture://review-evidence-closure/source/main_earth_bar,protocol_fixture,protocol_fixture,external_supplier_or_catalogue_url,external_url,componentWordId; supplierName; manufacturer; mpn where applicable; unitCostGbp; leadTimeWeeks where stated; sourceGrade; evidence.ref; evidence.quote; retrievedAt,*.sourcing-intake-template.csv; *.sourcing-ledger.csv; *.bom-provenance-manifest.csv; *.evidence-authenticity-gate.csv,"Sourcing record uses a retrievable external supplier or catalogue URL.; BoM provenance manifest marks supplier, manufacturer, MPN, unit cost and lead time as source-backed where claimed.; Evidence Authenticity Gate row becomes accepted_production_evidence.",yes,yes,Replace sourcing:148:main_earth_bar with source-backed supplier/catalogue evidence before this BoM line can support trusted publication.
replace:149:sourcing:149:earth_stud_array,149,sourcing,earth_stud_array,test-fixture://review-evidence-closure/source/earth_stud_array,protocol_fixture,protocol_fixture,external_supplier_or_catalogue_url,external_url,componentWordId; supplierName; manufacturer; mpn where applicable; unitCostGbp; leadTimeWeeks where stated; sourceGrade; evidence.ref; evidence.quote; retrievedAt,*.sourcing-intake-template.csv; *.sourcing-ledger.csv; *.bom-provenance-manifest.csv; *.evidence-authenticity-gate.csv,"Sourcing record uses a retrievable external supplier or catalogue URL.; BoM provenance manifest marks supplier, manufacturer, MPN, unit cost and lead time as source-backed where claimed.; Evidence Authenticity Gate row becomes accepted_production_evidence.",yes,yes,Replace sourcing:149:earth_stud_array with source-backed supplier/catalogue evidence before this BoM line can support trusted publication.
replace:150:sourcing:150:lightning_surge_counter,150,sourcing,lightning_surge_counter,test-fixture://review-evidence-closure/source/lightning_surge_counter,protocol_fixture,protocol_fixture,external_supplier_or_catalogue_url,external_url,componentWordId; supplierName; manufacturer; mpn where applicable; unitCostGbp; leadTimeWeeks where stated; sourceGrade; evidence.ref; evidence.quote; retrievedAt,*.sourcing-intake-template.csv; *.sourcing-ledger.csv; *.bom-provenance-manifest.csv; *.evidence-authenticity-gate.csv,"Sourcing record uses a retrievable external supplier or catalogue URL.; BoM provenance manifest marks supplier, manufacturer, MPN, unit cost and lead time as source-backed where claimed.; Evidence Authenticity Gate row becomes accepted_production_evidence.",yes,yes,Replace sourcing:150:lightning_surge_counter with source-backed supplier/catalogue evidence before this BoM line can support trusted publication.
replace:151:sourcing:151:equipotential_bonding_strap,151,sourcing,equipotential_bonding_strap,test-fixture://review-evidence-closure/source/equipotential_bonding_strap,protocol_fixture,protocol_fixture,external_supplier_or_catalogue_url,external_url,componentWordId; supplierName; manufacturer; mpn where applicable; unitCostGbp; leadTimeWeeks where stated; sourceGrade; evidence.ref; evidence.quote; retrievedAt,*.sourcing-intake-template.csv; *.sourcing-ledger.csv; *.bom-provenance-manifest.csv; *.evidence-authenticity-gate.csv,"Sourcing record uses a retrievable external supplier or catalogue URL.; BoM provenance manifest marks supplier, manufacturer, MPN, unit cost and lead time as source-backed where claimed.; Evidence Authenticity Gate row becomes accepted_production_evidence.",yes,yes,Replace sourcing:151:equipotential_bonding_strap with source-backed supplier/catalogue evidence before this BoM line can support trusted publication.
replace:152:sourcing:152:earth_continuity_test_point,152,sourcing,earth_continuity_test_point,test-fixture://review-evidence-closure/source/earth_continuity_test_point,protocol_fixture,protocol_fixture,external_supplier_or_catalogue_url,external_url,componentWordId; supplierName; manufacturer; mpn where applicable; unitCostGbp; leadTimeWeeks where stated; sourceGrade; evidence.ref; evidence.quote; retrievedAt,*.sourcing-intake-template.csv; *.sourcing-ledger.csv; *.bom-provenance-manifest.csv; *.evidence-authenticity-gate.csv,"Sourcing record uses a retrievable external supplier or catalogue URL.; BoM provenance manifest marks supplier, manufacturer, MPN, unit cost and lead time as source-backed where claimed.; Evidence Authenticity Gate row becomes accepted_production_evidence.",yes,yes,Replace sourcing:152:earth_continuity_test_point with source-backed supplier/catalogue evidence before this BoM line can support trusted publication.
replace:153:sourcing:153:lockable_access_door,153,sourcing,lockable_access_door,test-fixture://review-evidence-closure/source/lockable_access_door,protocol_fixture,protocol_fixture,external_supplier_or_catalogue_url,external_url,componentWordId; supplierName; manufacturer; mpn where applicable; unitCostGbp; leadTimeWeeks where stated; sourceGrade; evidence.ref; evidence.quote; retrievedAt,*.sourcing-intake-template.csv; *.sourcing-ledger.csv; *.bom-provenance-manifest.csv; *.evidence-authenticity-gate.csv,"Sourcing record uses a retrievable external supplier or catalogue URL.; BoM provenance manifest marks supplier, manufacturer, MPN, unit cost and lead time as source-backed where claimed.; Evidence Authenticity Gate row becomes accepted_production_evidence.",yes,yes,Replace sourcing:153:lockable_access_door with source-backed supplier/catalogue evidence before this BoM line can support trusted publication.
replace:154:sourcing:154:door_seal_gasket,154,sourcing,door_seal_gasket,test-fixture://review-evidence-closure/source/door_seal_gasket,protocol_fixture,protocol_fixture,external_supplier_or_catalogue_url,external_url,componentWordId; supplierName; manufacturer; mpn where applicable; unitCostGbp; leadTimeWeeks where stated; sourceGrade; evidence.ref; evidence.quote; retrievedAt,*.sourcing-intake-template.csv; *.sourcing-ledger.csv; *.bom-provenance-manifest.csv; *.evidence-authenticity-gate.csv,"Sourcing record uses a retrievable external supplier or catalogue URL.; BoM provenance manifest marks supplier, manufacturer, MPN, unit cost and lead time as source-backed where claimed.; Evidence Authenticity Gate row becomes accepted_production_evidence.",yes,yes,Replace sourcing:154:door_seal_gasket with source-backed supplier/catalogue evidence before this BoM line can support trusted publication.
replace:155:sourcing:155:panic_release_latch,155,sourcing,panic_release_latch,test-fixture://review-evidence-closure/source/panic_release_latch,protocol_fixture,protocol_fixture,external_supplier_or_catalogue_url,external_url,componentWordId; supplierName; manufacturer; mpn where applicable; unitCostGbp; leadTimeWeeks where stated; sourceGrade; evidence.ref; evidence.quote; retrievedAt,*.sourcing-intake-template.csv; *.sourcing-ledger.csv; *.bom-provenance-manifest.csv; *.evidence-authenticity-gate.csv,"Sourcing record uses a retrievable external supplier or catalogue URL.; BoM provenance manifest marks supplier, manufacturer, MPN, unit cost and lead time as source-backed where claimed.; Evidence Authenticity Gate row becomes accepted_production_evidence.",yes,yes,Replace sourcing:155:panic_release_latch with source-backed supplier/catalogue evidence before this BoM line can support trusted publication.
replace:156:sourcing:156:door_stay_arm,156,sourcing,door_stay_arm,test-fixture://review-evidence-closure/source/door_stay_arm,protocol_fixture,protocol_fixture,external_supplier_or_catalogue_url,external_url,componentWordId; supplierName; manufacturer; mpn where applicable; unitCostGbp; leadTimeWeeks where stated; sourceGrade; evidence.ref; evidence.quote; retrievedAt,*.sourcing-intake-template.csv; *.sourcing-ledger.csv; *.bom-provenance-manifest.csv; *.evidence-authenticity-gate.csv,"Sourcing record uses a retrievable external supplier or catalogue URL.; BoM provenance manifest marks supplier, manufacturer, MPN, unit cost and lead time as source-backed where claimed.; Evidence Authenticity Gate row becomes accepted_production_evidence.",yes,yes,Replace sourcing:156:door_stay_arm with source-backed supplier/catalogue evidence before this BoM line can support trusted publication.
replace:157:sourcing:157:led_service_luminaire,157,sourcing,led_service_luminaire,test-fixture://review-evidence-closure/source/led_service_luminaire,protocol_fixture,protocol_fixture,external_supplier_or_catalogue_url,external_url,componentWordId; supplierName; manufacturer; mpn where applicable; unitCostGbp; leadTimeWeeks where stated; sourceGrade; evidence.ref; evidence.quote; retrievedAt,*.sourcing-intake-template.csv; *.sourcing-ledger.csv; *.bom-provenance-manifest.csv; *.evidence-authenticity-gate.csv,"Sourcing record uses a retrievable external supplier or catalogue URL.; BoM provenance manifest marks supplier, manufacturer, MPN, unit cost and lead time as source-backed where claimed.; Evidence Authenticity Gate row becomes accepted_production_evidence.",yes,yes,Replace sourcing:157:led_service_luminaire with source-backed supplier/catalogue evidence before this BoM line can support trusted publication.
replace:158:sourcing:158:emergency_light_fitting,158,sourcing,emergency_light_fitting,test-fixture://review-evidence-closure/source/emergency_light_fitting,protocol_fixture,protocol_fixture,external_supplier_or_catalogue_url,external_url,componentWordId; supplierName; manufacturer; mpn where applicable; unitCostGbp; leadTimeWeeks where stated; sourceGrade; evidence.ref; evidence.quote; retrievedAt,*.sourcing-intake-template.csv; *.sourcing-ledger.csv; *.bom-provenance-manifest.csv; *.evidence-authenticity-gate.csv,"Sourcing record uses a retrievable external supplier or catalogue URL.; BoM provenance manifest marks supplier, manufacturer, MPN, unit cost and lead time as source-backed where claimed.; Evidence Authenticity Gate row becomes accepted_production_evidence.",yes,yes,Replace sourcing:158:emergency_light_fitting with source-backed supplier/catalogue evidence before this BoM line can support trusted publication.
replace:159:sourcing:159:maintenance_receptacle,159,sourcing,maintenance_receptacle,test-fixture://review-evidence-closure/source/maintenance_receptacle,protocol_fixture,protocol_fixture,external_supplier_or_catalogue_url,external_url,componentWordId; supplierName; manufacturer; mpn where applicable; unitCostGbp; leadTimeWeeks where stated; sourceGrade; evidence.ref; evidence.quote; retrievedAt,*.sourcing-intake-template.csv; *.sourcing-ledger.csv; *.bom-provenance-manifest.csv; *.evidence-authenticity-gate.csv,"Sourcing record uses a retrievable external supplier or catalogue URL.; BoM provenance manifest marks supplier, manufacturer, MPN, unit cost and lead time as source-backed where claimed.; Evidence Authenticity Gate row becomes accepted_production_evidence.",yes,yes,Replace sourcing:159:maintenance_receptacle with source-backed supplier/catalogue evidence before this BoM line can support trusted publication.
replace:160:sourcing:160:lighting_switchgear,160,sourcing,lighting_switchgear,test-fixture://review-evidence-closure/source/lighting_switchgear,protocol_fixture,protocol_fixture,external_supplier_or_catalogue_url,external_url,componentWordId; supplierName; manufacturer; mpn where applicable; unitCostGbp; leadTimeWeeks where stated; sourceGrade; evidence.ref; evidence.quote; retrievedAt,*.sourcing-intake-template.csv; *.sourcing-ledger.csv; *.bom-provenance-manifest.csv; *.evidence-authenticity-gate.csv,"Sourcing record uses a retrievable external supplier or catalogue URL.; BoM provenance manifest marks supplier, manufacturer, MPN, unit cost and lead time as source-backed where claimed.; Evidence Authenticity Gate row becomes accepted_production_evidence.",yes,yes,Replace sourcing:160:lighting_switchgear with source-backed supplier/catalogue evidence before this BoM line can support trusted publication.
replace:161:sourcing:161:certified_lifting_lug,161,sourcing,certified_lifting_lug,test-fixture://review-evidence-closure/source/certified_lifting_lug,protocol_fixture,protocol_fixture,external_supplier_or_catalogue_url,external_url,componentWordId; supplierName; manufacturer; mpn where applicable; unitCostGbp; leadTimeWeeks where stated; sourceGrade; evidence.ref; evidence.quote; retrievedAt,*.sourcing-intake-template.csv; *.sourcing-ledger.csv; *.bom-provenance-manifest.csv; *.evidence-authenticity-gate.csv,"Sourcing record uses a retrievable external supplier or catalogue URL.; BoM provenance manifest marks supplier, manufacturer, MPN, unit cost and lead time as source-backed where claimed.; Evidence Authenticity Gate row becomes accepted_production_evidence.",yes,yes,Replace sourcing:161:certified_lifting_lug with source-backed supplier/catalogue evidence before this BoM line can support trusted publication.
replace:162:sourcing:162:forklift_pocket_reinforcement,162,sourcing,forklift_pocket_reinforcement,test-fixture://review-evidence-closure/source/forklift_pocket_reinforcement,protocol_fixture,protocol_fixture,external_supplier_or_catalogue_url,external_url,componentWordId; supplierName; manufacturer; mpn where applicable; unitCostGbp; leadTimeWeeks where stated; sourceGrade; evidence.ref; evidence.quote; retrievedAt,*.sourcing-intake-template.csv; *.sourcing-ledger.csv; *.bom-provenance-manifest.csv; *.evidence-authenticity-gate.csv,"Sourcing record uses a retrievable external supplier or catalogue URL.; BoM provenance manifest marks supplier, manufacturer, MPN, unit cost and lead time as source-backed where claimed.; Evidence Authenticity Gate row becomes accepted_production_evidence.",yes,yes,Replace sourcing:162:forklift_pocket_reinforcement with source-backed supplier/catalogue evidence before this BoM line can support trusted publication.
replace:163:sourcing:163:removable_rack_guide,163,sourcing,removable_rack_guide,test-fixture://review-evidence-closure/source/removable_rack_guide,protocol_fixture,protocol_fixture,external_supplier_or_catalogue_url,external_url,componentWordId; supplierName; manufacturer; mpn where applicable; unitCostGbp; leadTimeWeeks where stated; sourceGrade; evidence.ref; evidence.quote; retrievedAt,*.sourcing-intake-template.csv; *.sourcing-ledger.csv; *.bom-provenance-manifest.csv; *.evidence-authenticity-gate.csv,"Sourcing record uses a retrievable external supplier or catalogue URL.; BoM provenance manifest marks supplier, manufacturer, MPN, unit cost and lead time as source-backed where claimed.; Evidence Authenticity Gate row becomes accepted_production_evidence.",yes,yes,Replace sourcing:163:removable_rack_guide with source-backed supplier/catalogue evidence before this BoM line can support trusted publication.
replace:164:sourcing:164:service_trolley_interface,164,sourcing,service_trolley_interface,test-fixture://review-evidence-closure/source/service_trolley_interface,protocol_fixture,protocol_fixture,external_supplier_or_catalogue_url,external_url,componentWordId; supplierName; manufacturer; mpn where applicable; unitCostGbp; leadTimeWeeks where stated; sourceGrade; evidence.ref; evidence.quote; retrievedAt,*.sourcing-intake-template.csv; *.sourcing-ledger.csv; *.bom-provenance-manifest.csv; *.evidence-authenticity-gate.csv,"Sourcing record uses a retrievable external supplier or catalogue URL.; BoM provenance manifest marks supplier, manufacturer, MPN, unit cost and lead time as source-backed where claimed.; Evidence Authenticity Gate row becomes accepted_production_evidence.",yes,yes,Replace sourcing:164:service_trolley_interface with source-backed supplier/catalogue evidence before this BoM line can support trusted publication.
replace:165:sourcing:165:insulated_test_socket,165,sourcing,insulated_test_socket,test-fixture://review-evidence-closure/source/insulated_test_socket,protocol_fixture,protocol_fixture,external_supplier_or_catalogue_url,external_url,componentWordId; supplierName; manufacturer; mpn where applicable; unitCostGbp; leadTimeWeeks where stated; sourceGrade; evidence.ref; evidence.quote; retrievedAt,*.sourcing-intake-template.csv; *.sourcing-ledger.csv; *.bom-provenance-manifest.csv; *.evidence-authenticity-gate.csv,"Sourcing record uses a retrievable external supplier or catalogue URL.; BoM provenance manifest marks supplier, manufacturer, MPN, unit cost and lead time as source-backed where claimed.; Evidence Authenticity Gate row becomes accepted_production_evidence.",yes,yes,Replace sourcing:165:insulated_test_socket with source-backed supplier/catalogue evidence before this BoM line can support trusted publication.
replace:166:sourcing:166:coolant_sampling_port,166,sourcing,coolant_sampling_port,test-fixture://review-evidence-closure/source/coolant_sampling_port,protocol_fixture,protocol_fixture,external_supplier_or_catalogue_url,external_url,componentWordId; supplierName; manufacturer; mpn where applicable; unitCostGbp; leadTimeWeeks where stated; sourceGrade; evidence.ref; evidence.quote; retrievedAt,*.sourcing-intake-template.csv; *.sourcing-ledger.csv; *.bom-provenance-manifest.csv; *.evidence-authenticity-gate.csv,"Sourcing record uses a retrievable external supplier or catalogue URL.; BoM provenance manifest marks supplier, manufacturer, MPN, unit cost and lead time as source-backed where claimed.; Evidence Authenticity Gate row becomes accepted_production_evidence.",yes,yes,Replace sourcing:166:coolant_sampling_port with source-backed supplier/catalogue evidence before this BoM line can support trusted publication.
replace:167:sourcing:167:laptop_service_port,167,sourcing,laptop_service_port,test-fixture://review-evidence-closure/source/laptop_service_port,protocol_fixture,protocol_fixture,external_supplier_or_catalogue_url,external_url,componentWordId; supplierName; manufacturer; mpn where applicable; unitCostGbp; leadTimeWeeks where stated; sourceGrade; evidence.ref; evidence.quote; retrievedAt,*.sourcing-intake-template.csv; *.sourcing-ledger.csv; *.bom-provenance-manifest.csv; *.evidence-authenticity-gate.csv,"Sourcing record uses a retrievable external supplier or catalogue URL.; BoM provenance manifest marks supplier, manufacturer, MPN, unit cost and lead time as source-backed where claimed.; Evidence Authenticity Gate row becomes accepted_production_evidence.",yes,yes,Replace sourcing:167:laptop_service_port with source-backed supplier/catalogue evidence before this BoM line can support trusted publication.
replace:168:sourcing:168:lockout_hasp_rail,168,sourcing,lockout_hasp_rail,test-fixture://review-evidence-closure/source/lockout_hasp_rail,protocol_fixture,protocol_fixture,external_supplier_or_catalogue_url,external_url,componentWordId; supplierName; manufacturer; mpn where applicable; unitCostGbp; leadTimeWeeks where stated; sourceGrade; evidence.ref; evidence.quote; retrievedAt,*.sourcing-intake-template.csv; *.sourcing-ledger.csv; *.bom-provenance-manifest.csv; *.evidence-authenticity-gate.csv,"Sourcing record uses a retrievable external supplier or catalogue URL.; BoM provenance manifest marks supplier, manufacturer, MPN, unit cost and lead time as source-backed where claimed.; Evidence Authenticity Gate row becomes accepted_production_evidence.",yes,yes,Replace sourcing:168:lockout_hasp_rail with source-backed supplier/catalogue evidence before this BoM line can support trusted publication.
replace:169:sourcing:169:commissioning_torque_log_plate,169,sourcing,commissioning_torque_log_plate,test-fixture://review-evidence-closure/source/commissioning_torque_log_plate,protocol_fixture,protocol_fixture,external_supplier_or_catalogue_url,external_url,componentWordId; supplierName; manufacturer; mpn where applicable; unitCostGbp; leadTimeWeeks where stated; sourceGrade; evidence.ref; evidence.quote; retrievedAt,*.sourcing-intake-template.csv; *.sourcing-ledger.csv; *.bom-provenance-manifest.csv; *.evidence-authenticity-gate.csv,"Sourcing record uses a retrievable external supplier or catalogue URL.; BoM provenance manifest marks supplier, manufacturer, MPN, unit cost and lead time as source-backed where claimed.; Evidence Authenticity Gate row becomes accepted_production_evidence.",yes,yes,Replace sourcing:169:commissioning_torque_log_plate with source-backed supplier/catalogue evidence before this BoM line can support trusted publication.
replace:170:sourcing:170:thermal_management_loop,170,sourcing,thermal_management_loop,test-fixture://review-evidence-closure/source/thermal_management_loop,protocol_fixture,protocol_fixture,external_supplier_or_catalogue_url,external_url,componentWordId; supplierName; manufacturer; mpn where applicable; unitCostGbp; leadTimeWeeks where stated; sourceGrade; evidence.ref; evidence.quote; retrievedAt,*.sourcing-intake-template.csv; *.sourcing-ledger.csv; *.bom-provenance-manifest.csv; *.evidence-authenticity-gate.csv,"Sourcing record uses a retrievable external supplier or catalogue URL.; BoM provenance manifest marks supplier, manufacturer, MPN, unit cost and lead time as source-backed where claimed.; Evidence Authenticity Gate row becomes accepted_production_evidence.",yes,yes,Replace sourcing:170:thermal_management_loop with source-backed supplier/catalogue evidence before this BoM line can support trusted publication.
replace:171:sourcing:171:coolant_circulation_pump,171,sourcing,coolant_circulation_pump,test-fixture://review-evidence-closure/source/coolant_circulation_pump,protocol_fixture,protocol_fixture,external_supplier_or_catalogue_url,external_url,componentWordId; supplierName; manufacturer; mpn where applicable; unitCostGbp; leadTimeWeeks where stated; sourceGrade; evidence.ref; evidence.quote; retrievedAt,*.sourcing-intake-template.csv; *.sourcing-ledger.csv; *.bom-provenance-manifest.csv; *.evidence-authenticity-gate.csv,"Sourcing record uses a retrievable external supplier or catalogue URL.; BoM provenance manifest marks supplier, manufacturer, MPN, unit cost and lead time as source-backed where claimed.; Evidence Authenticity Gate row becomes accepted_production_evidence.",yes,yes,Replace sourcing:171:coolant_circulation_pump with source-backed supplier/catalogue evidence before this BoM line can support trusted publication.
replace:172:sourcing:172:pump_vfd,172,sourcing,pump_vfd,test-fixture://review-evidence-closure/source/pump_vfd,protocol_fixture,protocol_fixture,external_supplier_or_catalogue_url,external_url,componentWordId; supplierName; manufacturer; mpn where applicable; unitCostGbp; leadTimeWeeks where stated; sourceGrade; evidence.ref; evidence.quote; retrievedAt,*.sourcing-intake-template.csv; *.sourcing-ledger.csv; *.bom-provenance-manifest.csv; *.evidence-authenticity-gate.csv,"Sourcing record uses a retrievable external supplier or catalogue URL.; BoM provenance manifest marks supplier, manufacturer, MPN, unit cost and lead time as source-backed where claimed.; Evidence Authenticity Gate row becomes accepted_production_evidence.",yes,yes,Replace sourcing:172:pump_vfd with source-backed supplier/catalogue evidence before this BoM line can support trusted publication.
replace:173:sourcing:173:check_valve,173,sourcing,check_valve,test-fixture://review-evidence-closure/source/check_valve,protocol_fixture,protocol_fixture,external_supplier_or_catalogue_url,external_url,componentWordId; supplierName; manufacturer; mpn where applicable; unitCostGbp; leadTimeWeeks where stated; sourceGrade; evidence.ref; evidence.quote; retrievedAt,*.sourcing-intake-template.csv; *.sourcing-ledger.csv; *.bom-provenance-manifest.csv; *.evidence-authenticity-gate.csv,"Sourcing record uses a retrievable external supplier or catalogue URL.; BoM provenance manifest marks supplier, manufacturer, MPN, unit cost and lead time as source-backed where claimed.; Evidence Authenticity Gate row becomes accepted_production_evidence.",yes,yes,Replace sourcing:173:check_valve with source-backed supplier/catalogue evidence before this BoM line can support trusted publication.
replace:174:sourcing:174:isolation_valve,174,sourcing,isolation_valve,test-fixture://review-evidence-closure/source/isolation_valve,protocol_fixture,protocol_fixture,external_supplier_or_catalogue_url,external_url,componentWordId; supplierName; manufacturer; mpn where applicable; unitCostGbp; leadTimeWeeks where stated; sourceGrade; evidence.ref; evidence.quote; retrievedAt,*.sourcing-intake-template.csv; *.sourcing-ledger.csv; *.bom-provenance-manifest.csv; *.evidence-authenticity-gate.csv,"Sourcing record uses a retrievable external supplier or catalogue URL.; BoM provenance manifest marks supplier, manufacturer, MPN, unit cost and lead time as source-backed where claimed.; Evidence Authenticity Gate row becomes accepted_production_evidence.",yes,yes,Replace sourcing:174:isolation_valve with source-backed supplier/catalogue evidence before this BoM line can support trusted publication.
replace:175:sourcing:175:coolant_filter_housing,175,sourcing,coolant_filter_housing,test-fixture://review-evidence-closure/source/coolant_filter_housing,protocol_fixture,protocol_fixture,external_supplier_or_catalogue_url,external_url,componentWordId; supplierName; manufacturer; mpn where applicable; unitCostGbp; leadTimeWeeks where stated; sourceGrade; evidence.ref; evidence.quote; retrievedAt,*.sourcing-intake-template.csv; *.sourcing-ledger.csv; *.bom-provenance-manifest.csv; *.evidence-authenticity-gate.csv,"Sourcing record uses a retrievable external supplier or catalogue URL.; BoM provenance manifest marks supplier, manufacturer, MPN, unit cost and lead time as source-backed where claimed.; Evidence Authenticity Gate row becomes accepted_production_evidence.",yes,yes,Replace sourcing:175:coolant_filter_housing with source-backed supplier/catalogue evidence before this BoM line can support trusted publication.
replace:176:sourcing:176:replaceable_filter_cartridge,176,sourcing,replaceable_filter_cartridge,test-fixture://review-evidence-closure/source/replaceable_filter_cartridge,protocol_fixture,protocol_fixture,external_supplier_or_catalogue_url,external_url,componentWordId; supplierName; manufacturer; mpn where applicable; unitCostGbp; leadTimeWeeks where stated; sourceGrade; evidence.ref; evidence.quote; retrievedAt,*.sourcing-intake-template.csv; *.sourcing-ledger.csv; *.bom-provenance-manifest.csv; *.evidence-authenticity-gate.csv,"Sourcing record uses a retrievable external supplier or catalogue URL.; BoM provenance manifest marks supplier, manufacturer, MPN, unit cost and lead time as source-backed where claimed.; Evidence Authenticity Gate row becomes accepted_production_evidence.",yes,yes,Replace sourcing:176:replaceable_filter_cartridge with source-backed supplier/catalogue evidence before this BoM line can support trusted publication.
replace:177:sourcing:177:glycol_concentration_sensor,177,sourcing,glycol_concentration_sensor,test-fixture://review-evidence-closure/source/glycol_concentration_sensor,protocol_fixture,protocol_fixture,external_supplier_or_catalogue_url,external_url,componentWordId; supplierName; manufacturer; mpn where applicable; unitCostGbp; leadTimeWeeks where stated; sourceGrade; evidence.ref; evidence.quote; retrievedAt,*.sourcing-intake-template.csv; *.sourcing-ledger.csv; *.bom-provenance-manifest.csv; *.evidence-authenticity-gate.csv,"Sourcing record uses a retrievable external supplier or catalogue URL.; BoM provenance manifest marks supplier, manufacturer, MPN, unit cost and lead time as source-backed where claimed.; Evidence Authenticity Gate row becomes accepted_production_evidence.",yes,yes,Replace sourcing:177:glycol_concentration_sensor with source-backed supplier/catalogue evidence before this BoM line can support trusted publication.
replace:178:sourcing:178:fill_and_drain_manifold,178,sourcing,fill_and_drain_manifold,test-fixture://review-evidence-closure/source/fill_and_drain_manifold,protocol_fixture,protocol_fixture,external_supplier_or_catalogue_url,external_url,componentWordId; supplierName; manufacturer; mpn where applicable; unitCostGbp; leadTimeWeeks where stated; sourceGrade; evidence.ref; evidence.quote; retrievedAt,*.sourcing-intake-template.csv; *.sourcing-ledger.csv; *.bom-provenance-manifest.csv; *.evidence-authenticity-gate.csv,"Sourcing record uses a retrievable external supplier or catalogue URL.; BoM provenance manifest marks supplier, manufacturer, MPN, unit cost and lead time as source-backed where claimed.; Evidence Authenticity Gate row becomes accepted_production_evidence.",yes,yes,Replace sourcing:178:fill_and_drain_manifold with source-backed supplier/catalogue evidence before this BoM line can support trusted publication.
replace:179:sourcing:179:expansion_vessel,179,sourcing,expansion_vessel,test-fixture://review-evidence-closure/source/expansion_vessel,protocol_fixture,protocol_fixture,external_supplier_or_catalogue_url,external_url,componentWordId; supplierName; manufacturer; mpn where applicable; unitCostGbp; leadTimeWeeks where stated; sourceGrade; evidence.ref; evidence.quote; retrievedAt,*.sourcing-intake-template.csv; *.sourcing-ledger.csv; *.bom-provenance-manifest.csv; *.evidence-authenticity-gate.csv,"Sourcing record uses a retrievable external supplier or catalogue URL.; BoM provenance manifest marks supplier, manufacturer, MPN, unit cost and lead time as source-backed where claimed.; Evidence Authenticity Gate row becomes accepted_production_evidence.",yes,yes,Replace sourcing:179:expansion_vessel with source-backed supplier/catalogue evidence before this BoM line can support trusted publication.
replace:180:sourcing:180:automatic_air_vent,180,sourcing,automatic_air_vent,test-fixture://review-evidence-closure/source/automatic_air_vent,protocol_fixture,protocol_fixture,external_supplier_or_catalogue_url,external_url,componentWordId; supplierName; manufacturer; mpn where applicable; unitCostGbp; leadTimeWeeks where stated; sourceGrade; evidence.ref; evidence.quote; retrievedAt,*.sourcing-intake-template.csv; *.sourcing-ledger.csv; *.bom-provenance-manifest.csv; *.evidence-authenticity-gate.csv,"Sourcing record uses a retrievable external supplier or catalogue URL.; BoM provenance manifest marks supplier, manufacturer, MPN, unit cost and lead time as source-backed where claimed.; Evidence Authenticity Gate row becomes accepted_production_evidence.",yes,yes,Replace sourcing:180:automatic_air_vent with source-backed supplier/catalogue evidence before this BoM line can support trusted publication.
replace:181:sourcing:181:pressure_relief_valve,181,sourcing,pressure_relief_valve,test-fixture://review-evidence-closure/source/pressure_relief_valve,protocol_fixture,protocol_fixture,external_supplier_or_catalogue_url,external_url,componentWordId; supplierName; manufacturer; mpn where applicable; unitCostGbp; leadTimeWeeks where stated; sourceGrade; evidence.ref; evidence.quote; retrievedAt,*.sourcing-intake-template.csv; *.sourcing-ledger.csv; *.bom-provenance-manifest.csv; *.evidence-authenticity-gate.csv,"Sourcing record uses a retrievable external supplier or catalogue URL.; BoM provenance manifest marks supplier, manufacturer, MPN, unit cost and lead time as source-backed where claimed.; Evidence Authenticity Gate row becomes accepted_production_evidence.",yes,yes,Replace sourcing:181:pressure_relief_valve with source-backed supplier/catalogue evidence before this BoM line can support trusted publication.
replace:182:sourcing:182:low_pressure_switch,182,sourcing,low_pressure_switch,test-fixture://review-evidence-closure/source/low_pressure_switch,protocol_fixture,protocol_fixture,external_supplier_or_catalogue_url,external_url,componentWordId; supplierName; manufacturer; mpn where applicable; unitCostGbp; leadTimeWeeks where stated; sourceGrade; evidence.ref; evidence.quote; retrievedAt,*.sourcing-intake-template.csv; *.sourcing-ledger.csv; *.bom-provenance-manifest.csv; *.evidence-authenticity-gate.csv,"Sourcing record uses a retrievable external supplier or catalogue URL.; BoM provenance manifest marks supplier, manufacturer, MPN, unit cost and lead time as source-backed where claimed.; Evidence Authenticity Gate row becomes accepted_production_evidence.",yes,yes,Replace sourcing:182:low_pressure_switch with source-backed supplier/catalogue evidence before this BoM line can support trusted publication.
replace:183:sourcing:183:plate_heat_exchanger,183,sourcing,plate_heat_exchanger,test-fixture://review-evidence-closure/source/plate_heat_exchanger,protocol_fixture,protocol_fixture,external_supplier_or_catalogue_url,external_url,componentWordId; supplierName; manufacturer; mpn where applicable; unitCostGbp; leadTimeWeeks where stated; sourceGrade; evidence.ref; evidence.quote; retrievedAt,*.sourcing-intake-template.csv; *.sourcing-ledger.csv; *.bom-provenance-manifest.csv; *.evidence-authenticity-gate.csv,"Sourcing record uses a retrievable external supplier or catalogue URL.; BoM provenance manifest marks supplier, manufacturer, MPN, unit cost and lead time as source-backed where claimed.; Evidence Authenticity Gate row becomes accepted_production_evidence.",yes,yes,Replace sourcing:183:plate_heat_exchanger with source-backed supplier/catalogue evidence before this BoM line can support trusted publication.
replace:184:sourcing:184:temperature_balancing_valve,184,sourcing,temperature_balancing_valve,test-fixture://review-evidence-closure/source/temperature_balancing_valve,protocol_fixture,protocol_fixture,external_supplier_or_catalogue_url,external_url,componentWordId; supplierName; manufacturer; mpn where applicable; unitCostGbp; leadTimeWeeks where stated; sourceGrade; evidence.ref; evidence.quote; retrievedAt,*.sourcing-intake-template.csv; *.sourcing-ledger.csv; *.bom-provenance-manifest.csv; *.evidence-authenticity-gate.csv,"Sourcing record uses a retrievable external supplier or catalogue URL.; BoM provenance manifest marks supplier, manufacturer, MPN, unit cost and lead time as source-backed where claimed.; Evidence Authenticity Gate row becomes accepted_production_evidence.",yes,yes,Replace sourcing:184:temperature_balancing_valve with source-backed supplier/catalogue evidence before this BoM line can support trusted publication.
replace:185:sourcing:185:purge_valve_set,185,sourcing,purge_valve_set,test-fixture://review-evidence-closure/source/purge_valve_set,protocol_fixture,protocol_fixture,external_supplier_or_catalogue_url,external_url,componentWordId; supplierName; manufacturer; mpn where applicable; unitCostGbp; leadTimeWeeks where stated; sourceGrade; evidence.ref; evidence.quote; retrievedAt,*.sourcing-intake-template.csv; *.sourcing-ledger.csv; *.bom-provenance-manifest.csv; *.evidence-authenticity-gate.csv,"Sourcing record uses a retrievable external supplier or catalogue URL.; BoM provenance manifest marks supplier, manufacturer, MPN, unit cost and lead time as source-backed where claimed.; Evidence Authenticity Gate row becomes accepted_production_evidence.",yes,yes,Replace sourcing:185:purge_valve_set with source-backed supplier/catalogue evidence before this BoM line can support trusted publication.
replace:186:sourcing:186:service_bypass_loop,186,sourcing,service_bypass_loop,test-fixture://review-evidence-closure/source/service_bypass_loop,protocol_fixture,protocol_fixture,external_supplier_or_catalogue_url,external_url,componentWordId; supplierName; manufacturer; mpn where applicable; unitCostGbp; leadTimeWeeks where stated; sourceGrade; evidence.ref; evidence.quote; retrievedAt,*.sourcing-intake-template.csv; *.sourcing-ledger.csv; *.bom-provenance-manifest.csv; *.evidence-authenticity-gate.csv,"Sourcing record uses a retrievable external supplier or catalogue URL.; BoM provenance manifest marks supplier, manufacturer, MPN, unit cost and lead time as source-backed where claimed.; Evidence Authenticity Gate row becomes accepted_production_evidence.",yes,yes,Replace sourcing:186:service_bypass_loop with source-backed supplier/catalogue evidence before this BoM line can support trusted publication.
replace:187:sourcing:187:insulated_hose_set,187,sourcing,insulated_hose_set,test-fixture://review-evidence-closure/source/insulated_hose_set,protocol_fixture,protocol_fixture,external_supplier_or_catalogue_url,external_url,componentWordId; supplierName; manufacturer; mpn where applicable; unitCostGbp; leadTimeWeeks where stated; sourceGrade; evidence.ref; evidence.quote; retrievedAt,*.sourcing-intake-template.csv; *.sourcing-ledger.csv; *.bom-provenance-manifest.csv; *.evidence-authenticity-gate.csv,"Sourcing record uses a retrievable external supplier or catalogue URL.; BoM provenance manifest marks supplier, manufacturer, MPN, unit cost and lead time as source-backed where claimed.; Evidence Authenticity Gate row becomes accepted_production_evidence.",yes,yes,Replace sourcing:187:insulated_hose_set with source-backed supplier/catalogue evidence before this BoM line can support trusted publication.
replace:188:sourcing:188:industrial_touchscreen,188,sourcing,industrial_touchscreen,test-fixture://review-evidence-closure/source/industrial_touchscreen,protocol_fixture,protocol_fixture,external_supplier_or_catalogue_url,external_url,componentWordId; supplierName; manufacturer; mpn where applicable; unitCostGbp; leadTimeWeeks where stated; sourceGrade; evidence.ref; evidence.quote; retrievedAt,*.sourcing-intake-template.csv; *.sourcing-ledger.csv; *.bom-provenance-manifest.csv; *.evidence-authenticity-gate.csv,"Sourcing record uses a retrievable external supplier or catalogue URL.; BoM provenance manifest marks supplier, manufacturer, MPN, unit cost and lead time as source-backed where claimed.; Evidence Authenticity Gate row becomes accepted_production_evidence.",yes,yes,Replace sourcing:188:industrial_touchscreen with source-backed supplier/catalogue evidence before this BoM line can support trusted publication.
replace:189:sourcing:189:panel_pc,189,sourcing,panel_pc,test-fixture://review-evidence-closure/source/panel_pc,protocol_fixture,protocol_fixture,external_supplier_or_catalogue_url,external_url,componentWordId; supplierName; manufacturer; mpn where applicable; unitCostGbp; leadTimeWeeks where stated; sourceGrade; evidence.ref; evidence.quote; retrievedAt,*.sourcing-intake-template.csv; *.sourcing-ledger.csv; *.bom-provenance-manifest.csv; *.evidence-authenticity-gate.csv,"Sourcing record uses a retrievable external supplier or catalogue URL.; BoM provenance manifest marks supplier, manufacturer, MPN, unit cost and lead time as source-backed where claimed.; Evidence Authenticity Gate row becomes accepted_production_evidence.",yes,yes,Replace sourcing:189:panel_pc with source-backed supplier/catalogue evidence before this BoM line can support trusted publication.
replace:190:sourcing:190:key_switch,190,sourcing,key_switch,test-fixture://review-evidence-closure/source/key_switch,protocol_fixture,protocol_fixture,external_supplier_or_catalogue_url,external_url,componentWordId; supplierName; manufacturer; mpn where applicable; unitCostGbp; leadTimeWeeks where stated; sourceGrade; evidence.ref; evidence.quote; retrievedAt,*.sourcing-intake-template.csv; *.sourcing-ledger.csv; *.bom-provenance-manifest.csv; *.evidence-authenticity-gate.csv,"Sourcing record uses a retrievable external supplier or catalogue URL.; BoM provenance manifest marks supplier, manufacturer, MPN, unit cost and lead time as source-backed where claimed.; Evidence Authenticity Gate row becomes accepted_production_evidence.",yes,yes,Replace sourcing:190:key_switch with source-backed supplier/catalogue evidence before this BoM line can support trusted publication.
replace:191:sourcing:191:alarm_buzzer_beacon,191,sourcing,alarm_buzzer_beacon,test-fixture://review-evidence-closure/source/alarm_buzzer_beacon,protocol_fixture,protocol_fixture,external_supplier_or_catalogue_url,external_url,componentWordId; supplierName; manufacturer; mpn where applicable; unitCostGbp; leadTimeWeeks where stated; sourceGrade; evidence.ref; evidence.quote; retrievedAt,*.sourcing-intake-template.csv; *.sourcing-ledger.csv; *.bom-provenance-manifest.csv; *.evidence-authenticity-gate.csv,"Sourcing record uses a retrievable external supplier or catalogue URL.; BoM provenance manifest marks supplier, manufacturer, MPN, unit cost and lead time as source-backed where claimed.; Evidence Authenticity Gate row becomes accepted_production_evidence.",yes,yes,Replace sourcing:191:alarm_buzzer_beacon with source-backed supplier/catalogue evidence before this BoM line can support trusted publication.
replace:192:sourcing:192:high_voltage_warning_label,192,sourcing,high_voltage_warning_label,test-fixture://review-evidence-closure/source/high_voltage_warning_label,protocol_fixture,protocol_fixture,external_supplier_or_catalogue_url,external_url,componentWordId; supplierName; manufacturer; mpn where applicable; unitCostGbp; leadTimeWeeks where stated; sourceGrade; evidence.ref; evidence.quote; retrievedAt,*.sourcing-intake-template.csv; *.sourcing-ledger.csv; *.bom-provenance-manifest.csv; *.evidence-authenticity-gate.csv,"Sourcing record uses a retrievable external supplier or catalogue URL.; BoM provenance manifest marks supplier, manufacturer, MPN, unit cost and lead time as source-backed where claimed.; Evidence Authenticity Gate row becomes accepted_production_evidence.",yes,yes,Replace sourcing:192:high_voltage_warning_label with source-backed supplier/catalogue evidence before this BoM line can support trusted publication.
replace:193:sourcing:193:arc_flash_boundary_label,193,sourcing,arc_flash_boundary_label,test-fixture://review-evidence-closure/source/arc_flash_boundary_label,protocol_fixture,protocol_fixture,external_supplier_or_catalogue_url,external_url,componentWordId; supplierName; manufacturer; mpn where applicable; unitCostGbp; leadTimeWeeks where stated; sourceGrade; evidence.ref; evidence.quote; retrievedAt,*.sourcing-intake-template.csv; *.sourcing-ledger.csv; *.bom-provenance-manifest.csv; *.evidence-authenticity-gate.csv,"Sourcing record uses a retrievable external supplier or catalogue URL.; BoM provenance manifest marks supplier, manufacturer, MPN, unit cost and lead time as source-backed where claimed.; Evidence Authenticity Gate row becomes accepted_production_evidence.",yes,yes,Replace sourcing:193:arc_flash_boundary_label with source-backed supplier/catalogue evidence before this BoM line can support trusted publication.
replace:194:sourcing:194:fire_suppression_instruction_placard,194,sourcing,fire_suppression_instruction_placard,test-fixture://review-evidence-closure/source/fire_suppression_instruction_placard,protocol_fixture,protocol_fixture,external_supplier_or_catalogue_url,external_url,componentWordId; supplierName; manufacturer; mpn where applicable; unitCostGbp; leadTimeWeeks where stated; sourceGrade; evidence.ref; evidence.quote; retrievedAt,*.sourcing-intake-template.csv; *.sourcing-ledger.csv; *.bom-provenance-manifest.csv; *.evidence-authenticity-gate.csv,"Sourcing record uses a retrievable external supplier or catalogue URL.; BoM provenance manifest marks supplier, manufacturer, MPN, unit cost and lead time as source-backed where claimed.; Evidence Authenticity Gate row becomes accepted_production_evidence.",yes,yes,Replace sourcing:194:fire_suppression_instruction_placard with source-backed supplier/catalogue evidence before this BoM line can support trusted publication.
replace:195:sourcing:195:asset_qr_label,195,sourcing,asset_qr_label,test-fixture://review-evidence-closure/source/asset_qr_label,protocol_fixture,protocol_fixture,external_supplier_or_catalogue_url,external_url,componentWordId; supplierName; manufacturer; mpn where applicable; unitCostGbp; leadTimeWeeks where stated; sourceGrade; evidence.ref; evidence.quote; retrievedAt,*.sourcing-intake-template.csv; *.sourcing-ledger.csv; *.bom-provenance-manifest.csv; *.evidence-authenticity-gate.csv,"Sourcing record uses a retrievable external supplier or catalogue URL.; BoM provenance manifest marks supplier, manufacturer, MPN, unit cost and lead time as source-backed where claimed.; Evidence Authenticity Gate row becomes accepted_production_evidence.",yes,yes,Replace sourcing:195:asset_qr_label with source-backed supplier/catalogue evidence before this BoM line can support trusted publication.
replace:196:sourcing:196:laminated_isolation_checklist,196,sourcing,laminated_isolation_checklist,test-fixture://review-evidence-closure/source/laminated_isolation_checklist,protocol_fixture,protocol_fixture,external_supplier_or_catalogue_url,external_url,componentWordId; supplierName; manufacturer; mpn where applicable; unitCostGbp; leadTimeWeeks where stated; sourceGrade; evidence.ref; evidence.quote; retrievedAt,*.sourcing-intake-template.csv; *.sourcing-ledger.csv; *.bom-provenance-manifest.csv; *.evidence-authenticity-gate.csv,"Sourcing record uses a retrievable external supplier or catalogue URL.; BoM provenance manifest marks supplier, manufacturer, MPN, unit cost and lead time as source-backed where claimed.; Evidence Authenticity Gate row becomes accepted_production_evidence.",yes,yes,Replace sourcing:196:laminated_isolation_checklist with source-backed supplier/catalogue evidence before this BoM line can support trusted publication.
replace:197:sourcing:197:inspection_log_holder,197,sourcing,inspection_log_holder,test-fixture://review-evidence-closure/source/inspection_log_holder,protocol_fixture,protocol_fixture,external_supplier_or_catalogue_url,external_url,componentWordId; supplierName; manufacturer; mpn where applicable; unitCostGbp; leadTimeWeeks where stated; sourceGrade; evidence.ref; evidence.quote; retrievedAt,*.sourcing-intake-template.csv; *.sourcing-ledger.csv; *.bom-provenance-manifest.csv; *.evidence-authenticity-gate.csv,"Sourcing record uses a retrievable external supplier or catalogue URL.; BoM provenance manifest marks supplier, manufacturer, MPN, unit cost and lead time as source-backed where claimed.; Evidence Authenticity Gate row becomes accepted_production_evidence.",yes,yes,Replace sourcing:197:inspection_log_holder with source-backed supplier/catalogue evidence before this BoM line can support trusted publication.
replace:198:sourcing:198:status_stack_light,198,sourcing,status_stack_light,test-fixture://review-evidence-closure/source/status_stack_light,protocol_fixture,protocol_fixture,external_supplier_or_catalogue_url,external_url,componentWordId; supplierName; manufacturer; mpn where applicable; unitCostGbp; leadTimeWeeks where stated; sourceGrade; evidence.ref; evidence.quote; retrievedAt,*.sourcing-intake-template.csv; *.sourcing-ledger.csv; *.bom-provenance-manifest.csv; *.evidence-authenticity-gate.csv,"Sourcing record uses a retrievable external supplier or catalogue URL.; BoM provenance manifest marks supplier, manufacturer, MPN, unit cost and lead time as source-backed where claimed.; Evidence Authenticity Gate row becomes accepted_production_evidence.",yes,yes,Replace sourcing:198:status_stack_light with source-backed supplier/catalogue evidence before this BoM line can support trusted publication.
replace:199:sourcing:199:manual_reset_station,199,sourcing,manual_reset_station,test-fixture://review-evidence-closure/source/manual_reset_station,protocol_fixture,protocol_fixture,external_supplier_or_catalogue_url,external_url,componentWordId; supplierName; manufacturer; mpn where applicable; unitCostGbp; leadTimeWeeks where stated; sourceGrade; evidence.ref; evidence.quote; retrievedAt,*.sourcing-intake-template.csv; *.sourcing-ledger.csv; *.bom-provenance-manifest.csv; *.evidence-authenticity-gate.csv,"Sourcing record uses a retrievable external supplier or catalogue URL.; BoM provenance manifest marks supplier, manufacturer, MPN, unit cost and lead time as source-backed where claimed.; Evidence Authenticity Gate row becomes accepted_production_evidence.",yes,yes,Replace sourcing:199:manual_reset_station with source-backed supplier/catalogue evidence before this BoM line can support trusted publication.
replace:200:sourcing:200:operator_notification_relay,200,sourcing,operator_notification_relay,test-fixture://review-evidence-closure/source/operator_notification_relay,protocol_fixture,protocol_fixture,external_supplier_or_catalogue_url,external_url,componentWordId; supplierName; manufacturer; mpn where applicable; unitCostGbp; leadTimeWeeks where stated; sourceGrade; evidence.ref; evidence.quote; retrievedAt,*.sourcing-intake-template.csv; *.sourcing-ledger.csv; *.bom-provenance-manifest.csv; *.evidence-authenticity-gate.csv,"Sourcing record uses a retrievable external supplier or catalogue URL.; BoM provenance manifest marks supplier, manufacturer, MPN, unit cost and lead time as source-backed where claimed.; Evidence Authenticity Gate row becomes accepted_production_evidence.",yes,yes,Replace sourcing:200:operator_notification_relay with source-backed supplier/catalogue evidence before this BoM line can support trusted publication.
replace:201:sourcing:201:sms_alarm_output_module,201,sourcing,sms_alarm_output_module,test-fixture://review-evidence-closure/source/sms_alarm_output_module,protocol_fixture,protocol_fixture,external_supplier_or_catalogue_url,external_url,componentWordId; supplierName; manufacturer; mpn where applicable; unitCostGbp; leadTimeWeeks where stated; sourceGrade; evidence.ref; evidence.quote; retrievedAt,*.sourcing-intake-template.csv; *.sourcing-ledger.csv; *.bom-provenance-manifest.csv; *.evidence-authenticity-gate.csv,"Sourcing record uses a retrievable external supplier or catalogue URL.; BoM provenance manifest marks supplier, manufacturer, MPN, unit cost and lead time as source-backed where claimed.; Evidence Authenticity Gate row becomes accepted_production_evidence.",yes,yes,Replace sourcing:201:sms_alarm_output_module with source-backed supplier/catalogue evidence before this BoM line can support trusted publication.
replace:202:sourcing:202:alarm_acknowledgement_button,202,sourcing,alarm_acknowledgement_button,test-fixture://review-evidence-closure/source/alarm_acknowledgement_button,protocol_fixture,protocol_fixture,external_supplier_or_catalogue_url,external_url,componentWordId; supplierName; manufacturer; mpn where applicable; unitCostGbp; leadTimeWeeks where stated; sourceGrade; evidence.ref; evidence.quote; retrievedAt,*.sourcing-intake-template.csv; *.sourcing-ledger.csv; *.bom-provenance-manifest.csv; *.evidence-authenticity-gate.csv,"Sourcing record uses a retrievable external supplier or catalogue URL.; BoM provenance manifest marks supplier, manufacturer, MPN, unit cost and lead time as source-backed where claimed.; Evidence Authenticity Gate row becomes accepted_production_evidence.",yes,yes,Replace sourcing:202:alarm_acknowledgement_button with source-backed supplier/catalogue evidence before this BoM line can support trusted publication.
replace:203:sourcing:203:escalation_contact_label,203,sourcing,escalation_contact_label,test-fixture://review-evidence-closure/source/escalation_contact_label,protocol_fixture,protocol_fixture,external_supplier_or_catalogue_url,external_url,componentWordId; supplierName; manufacturer; mpn where applicable; unitCostGbp; leadTimeWeeks where stated; sourceGrade; evidence.ref; evidence.quote; retrievedAt,*.sourcing-intake-template.csv; *.sourcing-ledger.csv; *.bom-provenance-manifest.csv; *.evidence-authenticity-gate.csv,"Sourcing record uses a retrievable external supplier or catalogue URL.; BoM provenance manifest marks supplier, manufacturer, MPN, unit cost and lead time as source-backed where claimed.; Evidence Authenticity Gate row becomes accepted_production_evidence.",yes,yes,Replace sourcing:203:escalation_contact_label with source-backed supplier/catalogue evidence before this BoM line can support trusted publication.
replace:204:sourcing:204:remote_reset_inhibit_relay,204,sourcing,remote_reset_inhibit_relay,test-fixture://review-evidence-closure/source/remote_reset_inhibit_relay,protocol_fixture,protocol_fixture,external_supplier_or_catalogue_url,external_url,componentWordId; supplierName; manufacturer; mpn where applicable; unitCostGbp; leadTimeWeeks where stated; sourceGrade; evidence.ref; evidence.quote; retrievedAt,*.sourcing-intake-template.csv; *.sourcing-ledger.csv; *.bom-provenance-manifest.csv; *.evidence-authenticity-gate.csv,"Sourcing record uses a retrievable external supplier or catalogue URL.; BoM provenance manifest marks supplier, manufacturer, MPN, unit cost and lead time as source-backed where claimed.; Evidence Authenticity Gate row becomes accepted_production_evidence.",yes,yes,Replace sourcing:204:remote_reset_inhibit_relay with source-backed supplier/catalogue evidence before this BoM line can support trusted publication.
replace:205:verification:1:design_review:energy_storage_source,205,verification,design_review:energy_storage_source,test-fixture://review-evidence-closure/review/design_review:energy_storage_source,protocol_fixture,protocol_fixture,governed_reviewer_reference,external_url; internal_reference; local_file,activityId; evidenceKind; reviewerName; verdict; evidenceRef; evidenceNote; reviewedAt,*.verification-intake-template.csv; *.verification-ledger.csv; *.engineering-review-pack.csv; *.evidence-authenticity-gate.csv,Reviewer evidence uses a named reviewer and governed evidence reference.; Verification ledger row remains accepted after intake.; Evidence Authenticity Gate row becomes accepted_production_evidence.,no,yes,Replace verification:1:design_review:energy_storage_source with named reviewer signoff evidence before this review can support trusted publication.
replace:206:verification:2:calculation:energy_storage_source,206,verification,calculation:energy_storage_source,test-fixture://review-evidence-closure/review/calculation:energy_storage_source,protocol_fixture,protocol_fixture,governed_reviewer_reference,external_url; internal_reference; local_file,activityId; evidenceKind; reviewerName; verdict; evidenceRef; evidenceNote; reviewedAt,*.verification-intake-template.csv; *.verification-ledger.csv; *.engineering-review-pack.csv; *.evidence-authenticity-gate.csv,Reviewer evidence uses a named reviewer and governed evidence reference.; Verification ledger row remains accepted after intake.; Evidence Authenticity Gate row becomes accepted_production_evidence.,no,yes,Replace verification:2:calculation:energy_storage_source with named reviewer signoff evidence before this review can support trusted publication.
replace:207:verification:3:design_review:energy_conversion_transduction,207,verification,design_review:energy_conversion_transduction,test-fixture://review-evidence-closure/review/design_review:energy_conversion_transduction,protocol_fixture,protocol_fixture,governed_reviewer_reference,external_url; internal_reference; local_file,activityId; evidenceKind; reviewerName; verdict; evidenceRef; evidenceNote; reviewedAt,*.verification-intake-template.csv; *.verification-ledger.csv; *.engineering-review-pack.csv; *.evidence-authenticity-gate.csv,Reviewer evidence uses a named reviewer and governed evidence reference.; Verification ledger row remains accepted after intake.; Evidence Authenticity Gate row becomes accepted_production_evidence.,no,yes,Replace verification:3:design_review:energy_conversion_transduction with named reviewer signoff evidence before this review can support trusted publication.
replace:208:verification:4:calculation:energy_conversion_transduction,208,verification,calculation:energy_conversion_transduction,test-fixture://review-evidence-closure/review/calculation:energy_conversion_transduction,protocol_fixture,protocol_fixture,governed_reviewer_reference,external_url; internal_reference; local_file,activityId; evidenceKind; reviewerName; verdict; evidenceRef; evidenceNote; reviewedAt,*.verification-intake-template.csv; *.verification-ledger.csv; *.engineering-review-pack.csv; *.evidence-authenticity-gate.csv,Reviewer evidence uses a named reviewer and governed evidence reference.; Verification ledger row remains accepted after intake.; Evidence Authenticity Gate row becomes accepted_production_evidence.,no,yes,Replace verification:4:calculation:energy_conversion_transduction with named reviewer signoff evidence before this review can support trusted publication.
replace:209:verification:5:design_review:structure_containment,209,verification,design_review:structure_containment,test-fixture://review-evidence-closure/review/design_review:structure_containment,protocol_fixture,protocol_fixture,governed_reviewer_reference,external_url; internal_reference; local_file,activityId; evidenceKind; reviewerName; verdict; evidenceRef; evidenceNote; reviewedAt,*.verification-intake-template.csv; *.verification-ledger.csv; *.engineering-review-pack.csv; *.evidence-authenticity-gate.csv,Reviewer evidence uses a named reviewer and governed evidence reference.; Verification ledger row remains accepted after intake.; Evidence Authenticity Gate row becomes accepted_production_evidence.,no,yes,Replace verification:5:design_review:structure_containment with named reviewer signoff evidence before this review can support trusted publication.
replace:210:verification:6:calculation:structure_containment,210,verification,calculation:structure_containment,test-fixture://review-evidence-closure/review/calculation:structure_containment,protocol_fixture,protocol_fixture,governed_reviewer_reference,external_url; internal_reference; local_file,activityId; evidenceKind; reviewerName; verdict; evidenceRef; evidenceNote; reviewedAt,*.verification-intake-template.csv; *.verification-ledger.csv; *.engineering-review-pack.csv; *.evidence-authenticity-gate.csv,Reviewer evidence uses a named reviewer and governed evidence reference.; Verification ledger row remains accepted after intake.; Evidence Authenticity Gate row becomes accepted_production_evidence.,no,yes,Replace verification:6:calculation:structure_containment with named reviewer signoff evidence before this review can support trusted publication.
replace:211:verification:7:design_review:sensing_instrumentation,211,verification,design_review:sensing_instrumentation,test-fixture://review-evidence-closure/review/design_review:sensing_instrumentation,protocol_fixture,protocol_fixture,governed_reviewer_reference,external_url; internal_reference; local_file,activityId; evidenceKind; reviewerName; verdict; evidenceRef; evidenceNote; reviewedAt,*.verification-intake-template.csv; *.verification-ledger.csv; *.engineering-review-pack.csv; *.evidence-authenticity-gate.csv,Reviewer evidence uses a named reviewer and governed evidence reference.; Verification ledger row remains accepted after intake.; Evidence Authenticity Gate row becomes accepted_production_evidence.,no,yes,Replace verification:7:design_review:sensing_instrumentation with named reviewer signoff evidence before this review can support trusted publication.
replace:212:verification:8:design_review:control_compute_communication,212,verification,design_review:control_compute_communication,test-fixture://review-evidence-closure/review/design_review:control_compute_communication,protocol_fixture,protocol_fixture,governed_reviewer_reference,external_url; internal_reference; local_file,activityId; evidenceKind; reviewerName; verdict; evidenceRef; evidenceNote; reviewedAt,*.verification-intake-template.csv; *.verification-ledger.csv; *.engineering-review-pack.csv; *.evidence-authenticity-gate.csv,Reviewer evidence uses a named reviewer and governed evidence reference.; Verification ledger row remains accepted after intake.; Evidence Authenticity Gate row becomes accepted_production_evidence.,no,yes,Replace verification:8:design_review:control_compute_communication with named reviewer signoff evidence before this review can support trusted publication.
replace:213:verification:9:calculation:control_compute_communication,213,verification,calculation:control_compute_communication,test-fixture://review-evidence-closure/review/calculation:control_compute_communication,protocol_fixture,protocol_fixture,governed_reviewer_reference,external_url; internal_reference; local_file,activityId; evidenceKind; reviewerName; verdict; evidenceRef; evidenceNote; reviewedAt,*.verification-intake-template.csv; *.verification-ledger.csv; *.engineering-review-pack.csv; *.evidence-authenticity-gate.csv,Reviewer evidence uses a named reviewer and governed evidence reference.; Verification ledger row remains accepted after intake.; Evidence Authenticity Gate row becomes accepted_production_evidence.,no,yes,Replace verification:9:calculation:control_compute_communication with named reviewer signoff evidence before this review can support trusted publication.
replace:214:verification:10:design_review:safety_protection,214,verification,design_review:safety_protection,test-fixture://review-evidence-closure/review/design_review:safety_protection,protocol_fixture,protocol_fixture,governed_reviewer_reference,external_url; internal_reference; local_file,activityId; evidenceKind; reviewerName; verdict; evidenceRef; evidenceNote; reviewedAt,*.verification-intake-template.csv; *.verification-ledger.csv; *.engineering-review-pack.csv; *.evidence-authenticity-gate.csv,Reviewer evidence uses a named reviewer and governed evidence reference.; Verification ledger row remains accepted after intake.; Evidence Authenticity Gate row becomes accepted_production_evidence.,no,yes,Replace verification:10:design_review:safety_protection with named reviewer signoff evidence before this review can support trusted publication.
replace:215:verification:11:design_review:environmental_interface,215,verification,design_review:environmental_interface,test-fixture://review-evidence-closure/review/design_review:environmental_interface,protocol_fixture,protocol_fixture,governed_reviewer_reference,external_url; internal_reference; local_file,activityId; evidenceKind; reviewerName; verdict; evidenceRef; evidenceNote; reviewedAt,*.verification-intake-template.csv; *.verification-ledger.csv; *.engineering-review-pack.csv; *.evidence-authenticity-gate.csv,Reviewer evidence uses a named reviewer and governed evidence reference.; Verification ledger row remains accepted after intake.; Evidence Authenticity Gate row becomes accepted_production_evidence.,no,yes,Replace verification:11:design_review:environmental_interface with named reviewer signoff evidence before this review can support trusted publication.
replace:216:verification:12:design_review:power_distribution,216,verification,design_review:power_distribution,test-fixture://review-evidence-closure/review/design_review:power_distribution,protocol_fixture,protocol_fixture,governed_reviewer_reference,external_url; internal_reference; local_file,activityId; evidenceKind; reviewerName; verdict; evidenceRef; evidenceNote; reviewedAt,*.verification-intake-template.csv; *.verification-ledger.csv; *.engineering-review-pack.csv; *.evidence-authenticity-gate.csv,Reviewer evidence uses a named reviewer and governed evidence reference.; Verification ledger row remains accepted after intake.; Evidence Authenticity Gate row becomes accepted_production_evidence.,no,yes,Replace verification:12:design_review:power_distribution with named reviewer signoff evidence before this review can support trusted publication.
replace:217:verification:13:calculation:power_distribution,217,verification,calculation:power_distribution,test-fixture://review-evidence-closure/review/calculation:power_distribution,protocol_fixture,protocol_fixture,governed_reviewer_reference,external_url; internal_reference; local_file,activityId; evidenceKind; reviewerName; verdict; evidenceRef; evidenceNote; reviewedAt,*.verification-intake-template.csv; *.verification-ledger.csv; *.engineering-review-pack.csv; *.evidence-authenticity-gate.csv,Reviewer evidence uses a named reviewer and governed evidence reference.; Verification ledger row remains accepted after intake.; Evidence Authenticity Gate row becomes accepted_production_evidence.,no,yes,Replace verification:13:calculation:power_distribution with named reviewer signoff evidence before this review can support trusted publication.
replace:218:verification:14:design_review:maintenance_serviceability,218,verification,design_review:maintenance_serviceability,test-fixture://review-evidence-closure/review/design_review:maintenance_serviceability,protocol_fixture,protocol_fixture,governed_reviewer_reference,external_url; internal_reference; local_file,activityId; evidenceKind; reviewerName; verdict; evidenceRef; evidenceNote; reviewedAt,*.verification-intake-template.csv; *.verification-ledger.csv; *.engineering-review-pack.csv; *.evidence-authenticity-gate.csv,Reviewer evidence uses a named reviewer and governed evidence reference.; Verification ledger row remains accepted after intake.; Evidence Authenticity Gate row becomes accepted_production_evidence.,no,yes,Replace verification:14:design_review:maintenance_serviceability with named reviewer signoff evidence before this review can support trusted publication.
replace:219:verification:15:calculation:maintenance_serviceability,219,verification,calculation:maintenance_serviceability,test-fixture://review-evidence-closure/review/calculation:maintenance_serviceability,protocol_fixture,protocol_fixture,governed_reviewer_reference,external_url; internal_reference; local_file,activityId; evidenceKind; reviewerName; verdict; evidenceRef; evidenceNote; reviewedAt,*.verification-intake-template.csv; *.verification-ledger.csv; *.engineering-review-pack.csv; *.evidence-authenticity-gate.csv,Reviewer evidence uses a named reviewer and governed evidence reference.; Verification ledger row remains accepted after intake.; Evidence Authenticity Gate row becomes accepted_production_evidence.,no,yes,Replace verification:15:calculation:maintenance_serviceability with named reviewer signoff evidence before this review can support trusted publication.
replace:220:verification:16:design_review:mass_fluid_transport_process,220,verification,design_review:mass_fluid_transport_process,test-fixture://review-evidence-closure/review/design_review:mass_fluid_transport_process,protocol_fixture,protocol_fixture,governed_reviewer_reference,external_url; internal_reference; local_file,activityId; evidenceKind; reviewerName; verdict; evidenceRef; evidenceNote; reviewedAt,*.verification-intake-template.csv; *.verification-ledger.csv; *.engineering-review-pack.csv; *.evidence-authenticity-gate.csv,Reviewer evidence uses a named reviewer and governed evidence reference.; Verification ledger row remains accepted after intake.; Evidence Authenticity Gate row becomes accepted_production_evidence.,no,yes,Replace verification:16:design_review:mass_fluid_transport_process with named reviewer signoff evidence before this review can support trusted publication.
replace:221:verification:17:design_review:hmi_ergonomics,221,verification,design_review:hmi_ergonomics,test-fixture://review-evidence-closure/review/design_review:hmi_ergonomics,protocol_fixture,protocol_fixture,governed_reviewer_reference,external_url; internal_reference; local_file,activityId; evidenceKind; reviewerName; verdict; evidenceRef; evidenceNote; reviewedAt,*.verification-intake-template.csv; *.verification-ledger.csv; *.engineering-review-pack.csv; *.evidence-authenticity-gate.csv,Reviewer evidence uses a named reviewer and governed evidence reference.; Verification ledger row remains accepted after intake.; Evidence Authenticity Gate row becomes accepted_production_evidence.,no,yes,Replace verification:17:design_review:hmi_ergonomics with named reviewer signoff evidence before this review can support trusted publication.
replace:222:verification:18:interface_review:energy_storage_source:energy_conversion_transduction:dc_bus,222,verification,interface_review:energy_storage_source:energy_conversion_transduction:dc_bus,test-fixture://review-evidence-closure/review/interface_review:energy_storage_source:energy_conversion_transduction:dc_bus,protocol_fixture,protocol_fixture,governed_reviewer_reference,external_url; internal_reference; local_file,activityId; evidenceKind; reviewerName; verdict; evidenceRef; evidenceNote; reviewedAt,*.verification-intake-template.csv; *.verification-ledger.csv; *.engineering-review-pack.csv; *.evidence-authenticity-gate.csv,Reviewer evidence uses a named reviewer and governed evidence reference.; Verification ledger row remains accepted after intake.; Evidence Authenticity Gate row becomes accepted_production_evidence.,no,yes,Replace verification:18:interface_review:energy_storage_source:energy_conversion_transduction:dc_bus with named reviewer signoff evidence before this review can support trusted publication.
replace:223:verification:19:interface_review:energy_storage_source:environmental_interface:thermal_loop,223,verification,interface_review:energy_storage_source:environmental_interface:thermal_loop,test-fixture://review-evidence-closure/review/interface_review:energy_storage_source:environmental_interface:thermal_loop,protocol_fixture,protocol_fixture,governed_reviewer_reference,external_url; internal_reference; local_file,activityId; evidenceKind; reviewerName; verdict; evidenceRef; evidenceNote; reviewedAt,*.verification-intake-template.csv; *.verification-ledger.csv; *.engineering-review-pack.csv; *.evidence-authenticity-gate.csv,Reviewer evidence uses a named reviewer and governed evidence reference.; Verification ledger row remains accepted after intake.; Evidence Authenticity Gate row becomes accepted_production_evidence.,no,yes,Replace verification:19:interface_review:energy_storage_source:environmental_interface:thermal_loop with named reviewer signoff evidence before this review can support trusted publication.
replace:224:verification:20:interface_review:energy_storage_source:control_compute_communication:bms_network,224,verification,interface_review:energy_storage_source:control_compute_communication:bms_network,test-fixture://review-evidence-closure/review/interface_review:energy_storage_source:control_compute_communication:bms_network,protocol_fixture,protocol_fixture,governed_reviewer_reference,external_url; internal_reference; local_file,activityId; evidenceKind; reviewerName; verdict; evidenceRef; evidenceNote; reviewedAt,*.verification-intake-template.csv; *.verification-ledger.csv; *.engineering-review-pack.csv; *.evidence-authenticity-gate.csv,Reviewer evidence uses a named reviewer and governed evidence reference.; Verification ledger row remains accepted after intake.; Evidence Authenticity Gate row becomes accepted_production_evidence.,no,yes,Replace verification:20:interface_review:energy_storage_source:control_compute_communication:bms_network with named reviewer signoff evidence before this review can support trusted publication.
replace:225:verification:21:compliance_review:IEC-62619,225,verification,compliance_review:IEC-62619,test-fixture://review-evidence-closure/review/compliance_review:IEC-62619,protocol_fixture,protocol_fixture,governed_reviewer_reference,external_url; internal_reference; local_file,activityId; evidenceKind; reviewerName; verdict; evidenceRef; evidenceNote; reviewedAt,*.verification-intake-template.csv; *.verification-ledger.csv; *.engineering-review-pack.csv; *.evidence-authenticity-gate.csv,Reviewer evidence uses a named reviewer and governed evidence reference.; Verification ledger row remains accepted after intake.; Evidence Authenticity Gate row becomes accepted_production_evidence.,no,yes,Replace verification:21:compliance_review:IEC-62619 with named reviewer signoff evidence before this review can support trusted publication.
replace:226:verification:22:compliance_review:UL-9540A,226,verification,compliance_review:UL-9540A,test-fixture://review-evidence-closure/review/compliance_review:UL-9540A,protocol_fixture,protocol_fixture,governed_reviewer_reference,external_url; internal_reference; local_file,activityId; evidenceKind; reviewerName; verdict; evidenceRef; evidenceNote; reviewedAt,*.verification-intake-template.csv; *.verification-ledger.csv; *.engineering-review-pack.csv; *.evidence-authenticity-gate.csv,Reviewer evidence uses a named reviewer and governed evidence reference.; Verification ledger row remains accepted after intake.; Evidence Authenticity Gate row becomes accepted_production_evidence.,no,yes,Replace verification:22:compliance_review:UL-9540A with named reviewer signoff evidence before this review can support trusted publication.
replace:227:verification:23:compliance_review:G99,227,verification,compliance_review:G99,test-fixture://review-evidence-closure/review/compliance_review:G99,protocol_fixture,protocol_fixture,governed_reviewer_reference,external_url; internal_reference; local_file,activityId; evidenceKind; reviewerName; verdict; evidenceRef; evidenceNote; reviewedAt,*.verification-intake-template.csv; *.verification-ledger.csv; *.engineering-review-pack.csv; *.evidence-authenticity-gate.csv,Reviewer evidence uses a named reviewer and governed evidence reference.; Verification ledger row remains accepted after intake.; Evidence Authenticity Gate row becomes accepted_production_evidence.,no,yes,Replace verification:23:compliance_review:G99 with named reviewer signoff evidence before this review can support trusted publication.
replace:228:verification:24:risk_review:1,228,verification,risk_review:1,test-fixture://review-evidence-closure/review/risk_review:1,protocol_fixture,protocol_fixture,governed_reviewer_reference,external_url; internal_reference; local_file,activityId; evidenceKind; reviewerName; verdict; evidenceRef; evidenceNote; reviewedAt,*.verification-intake-template.csv; *.verification-ledger.csv; *.engineering-review-pack.csv; *.evidence-authenticity-gate.csv,Reviewer evidence uses a named reviewer and governed evidence reference.; Verification ledger row remains accepted after intake.; Evidence Authenticity Gate row becomes accepted_production_evidence.,no,yes,Replace verification:24:risk_review:1 with named reviewer signoff evidence before this review can support trusted publication.
replace:229:verification:25:risk_review:2,229,verification,risk_review:2,test-fixture://review-evidence-closure/review/risk_review:2,protocol_fixture,protocol_fixture,governed_reviewer_reference,external_url; internal_reference; local_file,activityId; evidenceKind; reviewerName; verdict; evidenceRef; evidenceNote; reviewedAt,*.verification-intake-template.csv; *.verification-ledger.csv; *.engineering-review-pack.csv; *.evidence-authenticity-gate.csv,Reviewer evidence uses a named reviewer and governed evidence reference.; Verification ledger row remains accepted after intake.; Evidence Authenticity Gate row becomes accepted_production_evidence.,no,yes,Replace verification:25:risk_review:2 with named reviewer signoff evidence before this review can support trusted publication.
