lineId,componentWordId,description,duplicateGroupSize,duplicatePeerLineIds,duplicateResolution,priority,ledgerStatus,quantity,unit,unitCostGbp,totalCostGbp,supplier,manufacturer,mpn,leadTimeWeeks,sourceGrade,evidenceRef,evidenceQuote,retrievedAt,rejectionReasons,nextAction
energy_storage_source_cell_string_lfp_prismatic_cells,lfp_prismatic_cells,LFP prismatic cells,1,,unique_allocation,critical,admitted_priced,1,candidate,100,100,Protocol Evidence Supplier,Protocol Evidence Manufacturer,PROTOCOL-1-lfp_prismatic_cells,8,priced,test-fixture://review-evidence-closure/source/lfp_prismatic_cells,Protocol-only fixture proving source-backed closure. Not a real supplier quote.,2026-05-17T11:40:00.000+01:00,,Keep source record attached; re-check freshness before procurement use.
energy_storage_source_cell_string_cell_to_cell_busbar,cell_to_cell_busbar,cell-to-cell busbar,1,,unique_allocation,candidate,admitted_priced,1,candidate,101,101,Protocol Evidence Supplier,Protocol Evidence Manufacturer,PROTOCOL-2-cell_to_cell_busbar,8,priced,test-fixture://review-evidence-closure/source/cell_to_cell_busbar,Protocol-only fixture proving source-backed closure. Not a real supplier quote.,2026-05-17T11:40:00.000+01:00,,Keep source record attached; re-check freshness before procurement use.
energy_storage_source_cell_string_cell_terminal_hardware_set,cell_terminal_hardware_set,cell terminal hardware set,1,,unique_allocation,candidate,admitted_priced,1,candidate,102,102,Protocol Evidence Supplier,Protocol Evidence Manufacturer,PROTOCOL-3-cell_terminal_hardware_set,8,priced,test-fixture://review-evidence-closure/source/cell_terminal_hardware_set,Protocol-only fixture proving source-backed closure. Not a real supplier quote.,2026-05-17T11:40:00.000+01:00,,Keep source record attached; re-check freshness before procurement use.
energy_storage_source_cell_string_cell_insulation_pad,cell_insulation_pad,cell insulation pad,1,,unique_allocation,candidate,admitted_priced,1,candidate,103,103,Protocol Evidence Supplier,Protocol Evidence Manufacturer,PROTOCOL-4-cell_insulation_pad,8,priced,test-fixture://review-evidence-closure/source/cell_insulation_pad,Protocol-only fixture proving source-backed closure. Not a real supplier quote.,2026-05-17T11:40:00.000+01:00,,Keep source record attached; re-check freshness before procurement use.
energy_storage_source_cell_string_module_fuse,module_fuse,module fuse,1,,unique_allocation,candidate,admitted_priced,1,candidate,104,104,Protocol Evidence Supplier,Protocol Evidence Manufacturer,PROTOCOL-5-module_fuse,8,priced,test-fixture://review-evidence-closure/source/module_fuse,Protocol-only fixture proving source-backed closure. Not a real supplier quote.,2026-05-17T11:40:00.000+01:00,,Keep source record attached; re-check freshness before procurement use.
energy_storage_source_rack_structure_module_steel_frame,module_steel_frame,module steel frame,1,,unique_allocation,candidate,admitted_priced,1,candidate,105,105,Protocol Evidence Supplier,Protocol Evidence Manufacturer,PROTOCOL-6-module_steel_frame,8,priced,test-fixture://review-evidence-closure/source/module_steel_frame,Protocol-only fixture proving source-backed closure. Not a real supplier quote.,2026-05-17T11:40:00.000+01:00,,Keep source record attached; re-check freshness before procurement use.
energy_storage_source_rack_structure_compression_plate,compression_plate,compression plate,1,,unique_allocation,candidate,admitted_priced,1,candidate,106,106,Protocol Evidence Supplier,Protocol Evidence Manufacturer,PROTOCOL-7-compression_plate,8,priced,test-fixture://review-evidence-closure/source/compression_plate,Protocol-only fixture proving source-backed closure. Not a real supplier quote.,2026-05-17T11:40:00.000+01:00,,Keep source record attached; re-check freshness before procurement use.
energy_storage_source_rack_structure_compression_tie_rod_set,compression_tie_rod_set,compression tie rod set,1,,unique_allocation,candidate,admitted_priced,1,candidate,107,107,Protocol Evidence Supplier,Protocol Evidence Manufacturer,PROTOCOL-8-compression_tie_rod_set,8,priced,test-fixture://review-evidence-closure/source/compression_tie_rod_set,Protocol-only fixture proving source-backed closure. Not a real supplier quote.,2026-05-17T11:40:00.000+01:00,,Keep source record attached; re-check freshness before procurement use.
energy_storage_source_rack_structure_module_top_cover,module_top_cover,module top cover,1,,unique_allocation,candidate,admitted_priced,1,candidate,108,108,Protocol Evidence Supplier,Protocol Evidence Manufacturer,PROTOCOL-9-module_top_cover,8,priced,test-fixture://review-evidence-closure/source/module_top_cover,Protocol-only fixture proving source-backed closure. Not a real supplier quote.,2026-05-17T11:40:00.000+01:00,,Keep source record attached; re-check freshness before procurement use.
energy_storage_source_rack_structure_rack_label_plate,rack_label_plate,rack label plate,1,,unique_allocation,candidate,admitted_priced,1,candidate,109,109,Protocol Evidence Supplier,Protocol Evidence Manufacturer,PROTOCOL-10-rack_label_plate,8,priced,test-fixture://review-evidence-closure/source/rack_label_plate,Protocol-only fixture proving source-backed closure. Not a real supplier quote.,2026-05-17T11:40:00.000+01:00,,Keep source record attached; re-check freshness before procurement use.
energy_storage_source_bms_slave_bms_slave_pcb,bms_slave_pcb,BMS slave PCB,1,,unique_allocation,candidate,admitted_priced,1,candidate,110,110,Protocol Evidence Supplier,Protocol Evidence Manufacturer,PROTOCOL-11-bms_slave_pcb,8,priced,test-fixture://review-evidence-closure/source/bms_slave_pcb,Protocol-only fixture proving source-backed closure. Not a real supplier quote.,2026-05-17T11:40:00.000+01:00,,Keep source record attached; re-check freshness before procurement use.
energy_storage_source_bms_slave_afe_monitor_ic,afe_monitor_ic,AFE monitor IC,1,,unique_allocation,candidate,admitted_priced,1,candidate,111,111,Protocol Evidence Supplier,Protocol Evidence Manufacturer,PROTOCOL-12-afe_monitor_ic,8,priced,test-fixture://review-evidence-closure/source/afe_monitor_ic,Protocol-only fixture proving source-backed closure. Not a real supplier quote.,2026-05-17T11:40:00.000+01:00,,Keep source record attached; re-check freshness before procurement use.
energy_storage_source_bms_slave_ntc_thermistor_harness,ntc_thermistor_harness,NTC thermistor harness,1,,unique_allocation,candidate,admitted_priced,1,candidate,112,112,Protocol Evidence Supplier,Protocol Evidence Manufacturer,PROTOCOL-13-ntc_thermistor_harness,8,priced,test-fixture://review-evidence-closure/source/ntc_thermistor_harness,Protocol-only fixture proving source-backed closure. Not a real supplier quote.,2026-05-17T11:40:00.000+01:00,,Keep source record attached; re-check freshness before procurement use.
energy_storage_source_bms_slave_isolated_can_transceiver,isolated_can_transceiver,isolated CAN transceiver,1,,unique_allocation,candidate,admitted_priced,1,candidate,113,113,Protocol Evidence Supplier,Protocol Evidence Manufacturer,PROTOCOL-14-isolated_can_transceiver,8,priced,test-fixture://review-evidence-closure/source/isolated_can_transceiver,Protocol-only fixture proving source-backed closure. Not a real supplier quote.,2026-05-17T11:40:00.000+01:00,,Keep source record attached; re-check freshness before procurement use.
energy_storage_source_bms_slave_conformal_coating,conformal_coating,conformal coating,1,,unique_allocation,candidate,admitted_priced,1,candidate,114,114,Protocol Evidence Supplier,Protocol Evidence Manufacturer,PROTOCOL-15-conformal_coating,8,priced,test-fixture://review-evidence-closure/source/conformal_coating,Protocol-only fixture proving source-backed closure. Not a real supplier quote.,2026-05-17T11:40:00.000+01:00,,Keep source record attached; re-check freshness before procurement use.
energy_storage_source_dc_string_output_dc_contactor_or_breaker,dc_contactor_or_breaker,DC contactor or breaker,1,,unique_allocation,critical,admitted_priced,1,candidate,115,115,Protocol Evidence Supplier,Protocol Evidence Manufacturer,PROTOCOL-16-dc_contactor_or_breaker,8,priced,test-fixture://review-evidence-closure/source/dc_contactor_or_breaker,Protocol-only fixture proving source-backed closure. Not a real supplier quote.,2026-05-17T11:40:00.000+01:00,,Keep source record attached; re-check freshness before procurement use.
energy_storage_source_dc_string_output_precharge_resistor,precharge_resistor,precharge resistor,1,,unique_allocation,candidate,admitted_priced,1,candidate,116,116,Protocol Evidence Supplier,Protocol Evidence Manufacturer,PROTOCOL-17-precharge_resistor,8,priced,test-fixture://review-evidence-closure/source/precharge_resistor,Protocol-only fixture proving source-backed closure. Not a real supplier quote.,2026-05-17T11:40:00.000+01:00,,Keep source record attached; re-check freshness before procurement use.
energy_storage_source_dc_string_output_hv_fuse_holder,hv_fuse_holder,HV fuse holder,1,,unique_allocation,candidate,admitted_priced,1,candidate,117,117,Protocol Evidence Supplier,Protocol Evidence Manufacturer,PROTOCOL-18-hv_fuse_holder,8,priced,test-fixture://review-evidence-closure/source/hv_fuse_holder,Protocol-only fixture proving source-backed closure. Not a real supplier quote.,2026-05-17T11:40:00.000+01:00,,Keep source record attached; re-check freshness before procurement use.
energy_storage_source_dc_string_output_pack_current_sensor,pack_current_sensor,pack current sensor,1,,unique_allocation,candidate,admitted_priced,1,candidate,118,118,Protocol Evidence Supplier,Protocol Evidence Manufacturer,PROTOCOL-19-pack_current_sensor,8,priced,test-fixture://review-evidence-closure/source/pack_current_sensor,Protocol-only fixture proving source-backed closure. Not a real supplier quote.,2026-05-17T11:40:00.000+01:00,,Keep source record attached; re-check freshness before procurement use.
energy_storage_source_dc_string_output_service_disconnect,service_disconnect,service disconnect,1,,unique_allocation,candidate,admitted_priced,1,candidate,119,119,Protocol Evidence Supplier,Protocol Evidence Manufacturer,PROTOCOL-20-service_disconnect,8,priced,test-fixture://review-evidence-closure/source/service_disconnect,Protocol-only fixture proving source-backed closure. Not a real supplier quote.,2026-05-17T11:40:00.000+01:00,,Keep source record attached; re-check freshness before procurement use.
energy_storage_source_module_interconnect_harness_cell_voltage_sense_loom,cell_voltage_sense_loom,cell voltage sense loom,1,,unique_allocation,candidate,admitted_priced,1,candidate,120,120,Protocol Evidence Supplier,Protocol Evidence Manufacturer,PROTOCOL-21-cell_voltage_sense_loom,8,priced,test-fixture://review-evidence-closure/source/cell_voltage_sense_loom,Protocol-only fixture proving source-backed closure. Not a real supplier quote.,2026-05-17T11:40:00.000+01:00,,Keep source record attached; re-check freshness before procurement use.
energy_storage_source_module_interconnect_harness_rack_can_drop_cable,rack_can_drop_cable,rack CAN drop cable,1,,unique_allocation,candidate,admitted_priced,1,candidate,121,121,Protocol Evidence Supplier,Protocol Evidence Manufacturer,PROTOCOL-22-rack_can_drop_cable,8,priced,test-fixture://review-evidence-closure/source/rack_can_drop_cable,Protocol-only fixture proving source-backed closure. Not a real supplier quote.,2026-05-17T11:40:00.000+01:00,,Keep source record attached; re-check freshness before procurement use.
energy_storage_source_module_interconnect_harness_harness_strain_relief_rail,harness_strain_relief_rail,harness strain relief rail,1,,unique_allocation,candidate,admitted_priced,1,candidate,122,122,Protocol Evidence Supplier,Protocol Evidence Manufacturer,PROTOCOL-23-harness_strain_relief_rail,8,priced,test-fixture://review-evidence-closure/source/harness_strain_relief_rail,Protocol-only fixture proving source-backed closure. Not a real supplier quote.,2026-05-17T11:40:00.000+01:00,,Keep source record attached; re-check freshness before procurement use.
energy_storage_source_module_interconnect_harness_low_smoke_cable_sleeve,low_smoke_cable_sleeve,low-smoke cable sleeve,1,,unique_allocation,candidate,admitted_priced,1,candidate,123,123,Protocol Evidence Supplier,Protocol Evidence Manufacturer,PROTOCOL-24-low_smoke_cable_sleeve,8,priced,test-fixture://review-evidence-closure/source/low_smoke_cable_sleeve,Protocol-only fixture proving source-backed closure. Not a real supplier quote.,2026-05-17T11:40:00.000+01:00,,Keep source record attached; re-check freshness before procurement use.
energy_storage_source_rack_thermal_interface_rack_cold_plate_manifold,rack_cold_plate_manifold,rack cold plate manifold,1,,unique_allocation,candidate,admitted_priced,1,candidate,124,124,Protocol Evidence Supplier,Protocol Evidence Manufacturer,PROTOCOL-25-rack_cold_plate_manifold,8,priced,test-fixture://review-evidence-closure/source/rack_cold_plate_manifold,Protocol-only fixture proving source-backed closure. Not a real supplier quote.,2026-05-17T11:40:00.000+01:00,,Keep source record attached; re-check freshness before procurement use.
energy_storage_source_rack_thermal_interface_thermally_conductive_gap_pad,thermally_conductive_gap_pad,thermally conductive gap pad,1,,unique_allocation,candidate,admitted_priced,1,candidate,125,125,Protocol Evidence Supplier,Protocol Evidence Manufacturer,PROTOCOL-26-thermally_conductive_gap_pad,8,priced,test-fixture://review-evidence-closure/source/thermally_conductive_gap_pad,Protocol-only fixture proving source-backed closure. Not a real supplier quote.,2026-05-17T11:40:00.000+01:00,,Keep source record attached; re-check freshness before procurement use.
energy_storage_source_rack_thermal_interface_coolant_quick_connector_pair,coolant_quick_connector_pair,coolant quick connector pair,1,,unique_allocation,candidate,admitted_priced,1,candidate,126,126,Protocol Evidence Supplier,Protocol Evidence Manufacturer,PROTOCOL-27-coolant_quick_connector_pair,8,priced,test-fixture://review-evidence-closure/source/coolant_quick_connector_pair,Protocol-only fixture proving source-backed closure. Not a real supplier quote.,2026-05-17T11:40:00.000+01:00,,Keep source record attached; re-check freshness before procurement use.
energy_storage_source_rack_thermal_interface_rack_drip_tray,rack_drip_tray,rack drip tray,1,,unique_allocation,candidate,admitted_priced,1,candidate,127,127,Protocol Evidence Supplier,Protocol Evidence Manufacturer,PROTOCOL-28-rack_drip_tray,8,priced,test-fixture://review-evidence-closure/source/rack_drip_tray,Protocol-only fixture proving source-backed closure. Not a real supplier quote.,2026-05-17T11:40:00.000+01:00,,Keep source record attached; re-check freshness before procurement use.
energy_storage_source_rack_thermal_interface_leak_detection_rope,leak_detection_rope,leak detection rope,1,,unique_allocation,candidate,admitted_priced,1,candidate,128,128,Protocol Evidence Supplier,Protocol Evidence Manufacturer,PROTOCOL-29-leak_detection_rope,8,priced,test-fixture://review-evidence-closure/source/leak_detection_rope,Protocol-only fixture proving source-backed closure. Not a real supplier quote.,2026-05-17T11:40:00.000+01:00,,Keep source record attached; re-check freshness before procurement use.
energy_conversion_transduction_pcs_inverter_pcs_inverter,pcs_inverter,PCS inverter,1,,unique_allocation,critical,admitted_priced,1,candidate,129,129,Protocol Evidence Supplier,Protocol Evidence Manufacturer,PROTOCOL-30-pcs_inverter,8,priced,test-fixture://review-evidence-closure/source/pcs_inverter,Protocol-only fixture proving source-backed closure. Not a real supplier quote.,2026-05-17T11:40:00.000+01:00,,Keep source record attached; re-check freshness before procurement use.
energy_conversion_transduction_pcs_inverter_igbt_power_module,igbt_power_module,IGBT power module,1,,unique_allocation,candidate,admitted_priced,1,candidate,130,130,Protocol Evidence Supplier,Protocol Evidence Manufacturer,PROTOCOL-31-igbt_power_module,8,priced,test-fixture://review-evidence-closure/source/igbt_power_module,Protocol-only fixture proving source-backed closure. Not a real supplier quote.,2026-05-17T11:40:00.000+01:00,,Keep source record attached; re-check freshness before procurement use.
energy_conversion_transduction_pcs_inverter_dc_link_capacitor_bank,dc_link_capacitor_bank,DC link capacitor bank,1,,unique_allocation,candidate,admitted_priced,1,candidate,131,131,Protocol Evidence Supplier,Protocol Evidence Manufacturer,PROTOCOL-32-dc_link_capacitor_bank,8,priced,test-fixture://review-evidence-closure/source/dc_link_capacitor_bank,Protocol-only fixture proving source-backed closure. Not a real supplier quote.,2026-05-17T11:40:00.000+01:00,,Keep source record attached; re-check freshness before procurement use.
energy_conversion_transduction_pcs_inverter_gate_driver_board,gate_driver_board,gate driver board,1,,unique_allocation,candidate,admitted_priced,1,candidate,132,132,Protocol Evidence Supplier,Protocol Evidence Manufacturer,PROTOCOL-33-gate_driver_board,8,priced,test-fixture://review-evidence-closure/source/gate_driver_board,Protocol-only fixture proving source-backed closure. Not a real supplier quote.,2026-05-17T11:40:00.000+01:00,,Keep source record attached; re-check freshness before procurement use.
energy_conversion_transduction_pcs_inverter_inverter_control_board,inverter_control_board,inverter control board,1,,unique_allocation,candidate,admitted_priced,1,candidate,133,133,Protocol Evidence Supplier,Protocol Evidence Manufacturer,PROTOCOL-34-inverter_control_board,8,priced,test-fixture://review-evidence-closure/source/inverter_control_board,Protocol-only fixture proving source-backed closure. Not a real supplier quote.,2026-05-17T11:40:00.000+01:00,,Keep source record attached; re-check freshness before procurement use.
energy_conversion_transduction_pcs_inverter_liquid_cooled_heatsink,liquid_cooled_heatsink,liquid-cooled heatsink,1,,unique_allocation,candidate,admitted_priced,1,candidate,134,134,Protocol Evidence Supplier,Protocol Evidence Manufacturer,PROTOCOL-35-liquid_cooled_heatsink,8,priced,test-fixture://review-evidence-closure/source/liquid_cooled_heatsink,Protocol-only fixture proving source-backed closure. Not a real supplier quote.,2026-05-17T11:40:00.000+01:00,,Keep source record attached; re-check freshness before procurement use.
energy_conversion_transduction_transformer_stage_cast_resin_transformer,cast_resin_transformer,cast resin transformer,1,,unique_allocation,candidate,admitted_priced,1,candidate,135,135,Protocol Evidence Supplier,Protocol Evidence Manufacturer,PROTOCOL-36-cast_resin_transformer,8,priced,test-fixture://review-evidence-closure/source/cast_resin_transformer,Protocol-only fixture proving source-backed closure. Not a real supplier quote.,2026-05-17T11:40:00.000+01:00,,Keep source record attached; re-check freshness before procurement use.
energy_conversion_transduction_transformer_stage_hv_winding,hv_winding,HV winding,1,,unique_allocation,candidate,admitted_priced,1,candidate,136,136,Protocol Evidence Supplier,Protocol Evidence Manufacturer,PROTOCOL-37-hv_winding,8,priced,test-fixture://review-evidence-closure/source/hv_winding,Protocol-only fixture proving source-backed closure. Not a real supplier quote.,2026-05-17T11:40:00.000+01:00,,Keep source record attached; re-check freshness before procurement use.
energy_conversion_transduction_transformer_stage_lv_winding,lv_winding,LV winding,1,,unique_allocation,candidate,admitted_priced,1,candidate,137,137,Protocol Evidence Supplier,Protocol Evidence Manufacturer,PROTOCOL-38-lv_winding,8,priced,test-fixture://review-evidence-closure/source/lv_winding,Protocol-only fixture proving source-backed closure. Not a real supplier quote.,2026-05-17T11:40:00.000+01:00,,Keep source record attached; re-check freshness before procurement use.
energy_conversion_transduction_transformer_stage_temperature_probe,temperature_probe,temperature probe,1,,unique_allocation,candidate,admitted_priced,1,candidate,138,138,Protocol Evidence Supplier,Protocol Evidence Manufacturer,PROTOCOL-39-temperature_probe,8,priced,test-fixture://review-evidence-closure/source/temperature_probe,Protocol-only fixture proving source-backed closure. Not a real supplier quote.,2026-05-17T11:40:00.000+01:00,,Keep source record attached; re-check freshness before procurement use.
energy_conversion_transduction_transformer_stage_anti_vibration_mount,anti_vibration_mount,anti-vibration mount,1,,unique_allocation,candidate,admitted_priced,1,candidate,139,139,Protocol Evidence Supplier,Protocol Evidence Manufacturer,PROTOCOL-40-anti_vibration_mount,8,priced,test-fixture://review-evidence-closure/source/anti_vibration_mount,Protocol-only fixture proving source-backed closure. Not a real supplier quote.,2026-05-17T11:40:00.000+01:00,,Keep source record attached; re-check freshness before procurement use.
energy_conversion_transduction_grid_filter_grid_filter_choke,grid_filter_choke,grid filter choke,1,,unique_allocation,candidate,admitted_priced,1,candidate,140,140,Protocol Evidence Supplier,Protocol Evidence Manufacturer,PROTOCOL-41-grid_filter_choke,8,priced,test-fixture://review-evidence-closure/source/grid_filter_choke,Protocol-only fixture proving source-backed closure. Not a real supplier quote.,2026-05-17T11:40:00.000+01:00,,Keep source record attached; re-check freshness before procurement use.
energy_conversion_transduction_grid_filter_ac_filter_capacitor,ac_filter_capacitor,AC filter capacitor,1,,unique_allocation,candidate,admitted_priced,1,candidate,141,141,Protocol Evidence Supplier,Protocol Evidence Manufacturer,PROTOCOL-42-ac_filter_capacitor,8,priced,test-fixture://review-evidence-closure/source/ac_filter_capacitor,Protocol-only fixture proving source-backed closure. Not a real supplier quote.,2026-05-17T11:40:00.000+01:00,,Keep source record attached; re-check freshness before procurement use.
energy_conversion_transduction_grid_filter_emi_filter_assembly,emi_filter_assembly,EMI filter assembly,1,,unique_allocation,candidate,admitted_priced,1,candidate,142,142,Protocol Evidence Supplier,Protocol Evidence Manufacturer,PROTOCOL-43-emi_filter_assembly,8,priced,test-fixture://review-evidence-closure/source/emi_filter_assembly,Protocol-only fixture proving source-backed closure. Not a real supplier quote.,2026-05-17T11:40:00.000+01:00,,Keep source record attached; re-check freshness before procurement use.
energy_conversion_transduction_grid_filter_protective_earth_bar,protective_earth_bar,protective earth bar,1,,unique_allocation,candidate,admitted_priced,1,candidate,143,143,Protocol Evidence Supplier,Protocol Evidence Manufacturer,PROTOCOL-44-protective_earth_bar,8,priced,test-fixture://review-evidence-closure/source/protective_earth_bar,Protocol-only fixture proving source-backed closure. Not a real supplier quote.,2026-05-17T11:40:00.000+01:00,,Keep source record attached; re-check freshness before procurement use.
energy_conversion_transduction_grid_protection_relay_grid_protection_relay,grid_protection_relay,grid protection relay,1,,unique_allocation,candidate,admitted_priced,1,candidate,144,144,Protocol Evidence Supplier,Protocol Evidence Manufacturer,PROTOCOL-45-grid_protection_relay,8,priced,test-fixture://review-evidence-closure/source/grid_protection_relay,Protocol-only fixture proving source-backed closure. Not a real supplier quote.,2026-05-17T11:40:00.000+01:00,,Keep source record attached; re-check freshness before procurement use.
energy_conversion_transduction_grid_protection_relay_voltage_sensing_fuse_set,voltage_sensing_fuse_set,voltage sensing fuse set,1,,unique_allocation,candidate,admitted_priced,1,candidate,145,145,Protocol Evidence Supplier,Protocol Evidence Manufacturer,PROTOCOL-46-voltage_sensing_fuse_set,8,priced,test-fixture://review-evidence-closure/source/voltage_sensing_fuse_set,Protocol-only fixture proving source-backed closure. Not a real supplier quote.,2026-05-17T11:40:00.000+01:00,,Keep source record attached; re-check freshness before procurement use.
energy_conversion_transduction_grid_protection_relay_relay_test_block,relay_test_block,relay test block,1,,unique_allocation,candidate,admitted_priced,1,candidate,146,146,Protocol Evidence Supplier,Protocol Evidence Manufacturer,PROTOCOL-47-relay_test_block,8,priced,test-fixture://review-evidence-closure/source/relay_test_block,Protocol-only fixture proving source-backed closure. Not a real supplier quote.,2026-05-17T11:40:00.000+01:00,,Keep source record attached; re-check freshness before procurement use.
energy_conversion_transduction_grid_protection_relay_trip_circuit_monitor,trip_circuit_monitor,trip circuit monitor,1,,unique_allocation,candidate,admitted_priced,1,candidate,147,147,Protocol Evidence Supplier,Protocol Evidence Manufacturer,PROTOCOL-48-trip_circuit_monitor,8,priced,test-fixture://review-evidence-closure/source/trip_circuit_monitor,Protocol-only fixture proving source-backed closure. Not a real supplier quote.,2026-05-17T11:40:00.000+01:00,,Keep source record attached; re-check freshness before procurement use.
energy_conversion_transduction_grid_protection_relay_g99_settings_label,g99_settings_label,G99 settings label,1,,unique_allocation,candidate,admitted_priced,1,candidate,148,148,Protocol Evidence Supplier,Protocol Evidence Manufacturer,PROTOCOL-49-g99_settings_label,8,priced,test-fixture://review-evidence-closure/source/g99_settings_label,Protocol-only fixture proving source-backed closure. Not a real supplier quote.,2026-05-17T11:40:00.000+01:00,,Keep source record attached; re-check freshness before procurement use.
structure_containment_container_shell_corten_steel_side_panel,corten_steel_side_panel,corten steel side panel,1,,unique_allocation,candidate,admitted_priced,1,candidate,149,149,Protocol Evidence Supplier,Protocol Evidence Manufacturer,PROTOCOL-50-corten_steel_side_panel,8,priced,test-fixture://review-evidence-closure/source/corten_steel_side_panel,Protocol-only fixture proving source-backed closure. Not a real supplier quote.,2026-05-17T11:40:00.000+01:00,,Keep source record attached; re-check freshness before procurement use.
structure_containment_container_shell_corner_casting,corner_casting,corner casting,1,,unique_allocation,candidate,admitted_priced,1,candidate,150,150,Protocol Evidence Supplier,Protocol Evidence Manufacturer,PROTOCOL-51-corner_casting,8,priced,test-fixture://review-evidence-closure/source/corner_casting,Protocol-only fixture proving source-backed closure. Not a real supplier quote.,2026-05-17T11:40:00.000+01:00,,Keep source record attached; re-check freshness before procurement use.
structure_containment_container_shell_marine_plywood_floor,marine_plywood_floor,marine plywood floor,1,,unique_allocation,candidate,admitted_priced,1,candidate,151,151,Protocol Evidence Supplier,Protocol Evidence Manufacturer,PROTOCOL-52-marine_plywood_floor,8,priced,test-fixture://review-evidence-closure/source/marine_plywood_floor,Protocol-only fixture proving source-backed closure. Not a real supplier quote.,2026-05-17T11:40:00.000+01:00,,Keep source record attached; re-check freshness before procurement use.
structure_containment_container_shell_roof_panel,roof_panel,roof panel,1,,unique_allocation,candidate,admitted_priced,1,candidate,152,152,Protocol Evidence Supplier,Protocol Evidence Manufacturer,PROTOCOL-53-roof_panel,8,priced,test-fixture://review-evidence-closure/source/roof_panel,Protocol-only fixture proving source-backed closure. Not a real supplier quote.,2026-05-17T11:40:00.000+01:00,,Keep source record attached; re-check freshness before procurement use.
structure_containment_internal_partitions_steel_stud_frame,steel_stud_frame,steel stud frame,1,,unique_allocation,candidate,admitted_priced,1,candidate,153,153,Protocol Evidence Supplier,Protocol Evidence Manufacturer,PROTOCOL-54-steel_stud_frame,8,priced,test-fixture://review-evidence-closure/source/steel_stud_frame,Protocol-only fixture proving source-backed closure. Not a real supplier quote.,2026-05-17T11:40:00.000+01:00,,Keep source record attached; re-check freshness before procurement use.
structure_containment_internal_partitions_fire_rated_board,fire_rated_board,fire-rated board,1,,unique_allocation,candidate,admitted_priced,1,candidate,154,154,Protocol Evidence Supplier,Protocol Evidence Manufacturer,PROTOCOL-55-fire_rated_board,8,priced,test-fixture://review-evidence-closure/source/fire_rated_board,Protocol-only fixture proving source-backed closure. Not a real supplier quote.,2026-05-17T11:40:00.000+01:00,,Keep source record attached; re-check freshness before procurement use.
structure_containment_internal_partitions_mineral_wool_insulation,mineral_wool_insulation,mineral wool insulation,1,,unique_allocation,candidate,admitted_priced,1,candidate,155,155,Protocol Evidence Supplier,Protocol Evidence Manufacturer,PROTOCOL-56-mineral_wool_insulation,8,priced,test-fixture://review-evidence-closure/source/mineral_wool_insulation,Protocol-only fixture proving source-backed closure. Not a real supplier quote.,2026-05-17T11:40:00.000+01:00,,Keep source record attached; re-check freshness before procurement use.
structure_containment_internal_partitions_intumescent_sealant,intumescent_sealant,intumescent sealant,1,,unique_allocation,candidate,admitted_priced,1,candidate,156,156,Protocol Evidence Supplier,Protocol Evidence Manufacturer,PROTOCOL-57-intumescent_sealant,8,priced,test-fixture://review-evidence-closure/source/intumescent_sealant,Protocol-only fixture proving source-backed closure. Not a real supplier quote.,2026-05-17T11:40:00.000+01:00,,Keep source record attached; re-check freshness before procurement use.
structure_containment_rack_mounting_floor_reinforcement_plate,floor_reinforcement_plate,floor reinforcement plate,1,,unique_allocation,candidate,admitted_priced,1,candidate,157,157,Protocol Evidence Supplier,Protocol Evidence Manufacturer,PROTOCOL-58-floor_reinforcement_plate,8,priced,test-fixture://review-evidence-closure/source/floor_reinforcement_plate,Protocol-only fixture proving source-backed closure. Not a real supplier quote.,2026-05-17T11:40:00.000+01:00,,Keep source record attached; re-check freshness before procurement use.
structure_containment_rack_mounting_rack_mounting_rail,rack_mounting_rail,rack mounting rail,1,,unique_allocation,candidate,admitted_priced,1,candidate,158,158,Protocol Evidence Supplier,Protocol Evidence Manufacturer,PROTOCOL-59-rack_mounting_rail,8,priced,test-fixture://review-evidence-closure/source/rack_mounting_rail,Protocol-only fixture proving source-backed closure. Not a real supplier quote.,2026-05-17T11:40:00.000+01:00,,Keep source record attached; re-check freshness before procurement use.
structure_containment_rack_mounting_vibration_isolator,vibration_isolator,vibration isolator,1,,unique_allocation,candidate,admitted_priced,1,candidate,159,159,Protocol Evidence Supplier,Protocol Evidence Manufacturer,PROTOCOL-60-vibration_isolator,8,priced,test-fixture://review-evidence-closure/source/vibration_isolator,Protocol-only fixture proving source-backed closure. Not a real supplier quote.,2026-05-17T11:40:00.000+01:00,,Keep source record attached; re-check freshness before procurement use.
structure_containment_rack_mounting_anchor_bolt_set,anchor_bolt_set,anchor bolt set,1,,unique_allocation,candidate,admitted_priced,1,candidate,160,160,Protocol Evidence Supplier,Protocol Evidence Manufacturer,PROTOCOL-61-anchor_bolt_set,8,priced,test-fixture://review-evidence-closure/source/anchor_bolt_set,Protocol-only fixture proving source-backed closure. Not a real supplier quote.,2026-05-17T11:40:00.000+01:00,,Keep source record attached; re-check freshness before procurement use.
structure_containment_cable_penetration_sealing_gland_plate_assembly,gland_plate_assembly,gland plate assembly,1,,unique_allocation,candidate,admitted_priced,1,candidate,161,161,Protocol Evidence Supplier,Protocol Evidence Manufacturer,PROTOCOL-62-gland_plate_assembly,8,priced,test-fixture://review-evidence-closure/source/gland_plate_assembly,Protocol-only fixture proving source-backed closure. Not a real supplier quote.,2026-05-17T11:40:00.000+01:00,,Keep source record attached; re-check freshness before procurement use.
structure_containment_cable_penetration_sealing_firestop_collar_set,firestop_collar_set,firestop collar set,1,,unique_allocation,candidate,admitted_priced,1,candidate,162,162,Protocol Evidence Supplier,Protocol Evidence Manufacturer,PROTOCOL-63-firestop_collar_set,8,priced,test-fixture://review-evidence-closure/source/firestop_collar_set,Protocol-only fixture proving source-backed closure. Not a real supplier quote.,2026-05-17T11:40:00.000+01:00,,Keep source record attached; re-check freshness before procurement use.
structure_containment_cable_penetration_sealing_emc_cable_gland,emc_cable_gland,EMC cable gland,1,,unique_allocation,candidate,admitted_priced,1,candidate,163,163,Protocol Evidence Supplier,Protocol Evidence Manufacturer,PROTOCOL-64-emc_cable_gland,8,priced,test-fixture://review-evidence-closure/source/emc_cable_gland,Protocol-only fixture proving source-backed closure. Not a real supplier quote.,2026-05-17T11:40:00.000+01:00,,Keep source record attached; re-check freshness before procurement use.
structure_containment_cable_penetration_sealing_rain_drip_shield,rain_drip_shield,rain drip shield,1,,unique_allocation,candidate,admitted_priced,1,candidate,164,164,Protocol Evidence Supplier,Protocol Evidence Manufacturer,PROTOCOL-65-rain_drip_shield,8,priced,test-fixture://review-evidence-closure/source/rain_drip_shield,Protocol-only fixture proving source-backed closure. Not a real supplier quote.,2026-05-17T11:40:00.000+01:00,,Keep source record attached; re-check freshness before procurement use.
structure_containment_cable_penetration_sealing_penetration_schedule_label,penetration_schedule_label,penetration schedule label,1,,unique_allocation,candidate,admitted_priced,1,candidate,165,165,Protocol Evidence Supplier,Protocol Evidence Manufacturer,PROTOCOL-66-penetration_schedule_label,8,priced,test-fixture://review-evidence-closure/source/penetration_schedule_label,Protocol-only fixture proving source-backed closure. Not a real supplier quote.,2026-05-17T11:40:00.000+01:00,,Keep source record attached; re-check freshness before procurement use.
sensing_instrumentation_electrical_measurement_dc_voltage_transducer,dc_voltage_transducer,DC voltage transducer,1,,unique_allocation,candidate,admitted_priced,1,candidate,166,166,Protocol Evidence Supplier,Protocol Evidence Manufacturer,PROTOCOL-67-dc_voltage_transducer,8,priced,test-fixture://review-evidence-closure/source/dc_voltage_transducer,Protocol-only fixture proving source-backed closure. Not a real supplier quote.,2026-05-17T11:40:00.000+01:00,,Keep source record attached; re-check freshness before procurement use.
sensing_instrumentation_electrical_measurement_hall_current_sensor,hall_current_sensor,Hall current sensor,1,,unique_allocation,candidate,admitted_priced,1,candidate,167,167,Protocol Evidence Supplier,Protocol Evidence Manufacturer,PROTOCOL-68-hall_current_sensor,8,priced,test-fixture://review-evidence-closure/source/hall_current_sensor,Protocol-only fixture proving source-backed closure. Not a real supplier quote.,2026-05-17T11:40:00.000+01:00,,Keep source record attached; re-check freshness before procurement use.
sensing_instrumentation_electrical_measurement_insulation_monitoring_device,insulation_monitoring_device,insulation monitoring device,1,,unique_allocation,candidate,admitted_priced,1,candidate,168,168,Protocol Evidence Supplier,Protocol Evidence Manufacturer,PROTOCOL-69-insulation_monitoring_device,8,priced,test-fixture://review-evidence-closure/source/insulation_monitoring_device,Protocol-only fixture proving source-backed closure. Not a real supplier quote.,2026-05-17T11:40:00.000+01:00,,Keep source record attached; re-check freshness before procurement use.
sensing_instrumentation_electrical_measurement_auxiliary_metering_transducer,auxiliary_metering_transducer,auxiliary metering transducer,1,,unique_allocation,candidate,admitted_priced,1,candidate,169,169,Protocol Evidence Supplier,Protocol Evidence Manufacturer,PROTOCOL-70-auxiliary_metering_transducer,8,priced,test-fixture://review-evidence-closure/source/auxiliary_metering_transducer,Protocol-only fixture proving source-backed closure. Not a real supplier quote.,2026-05-17T11:40:00.000+01:00,,Keep source record attached; re-check freshness before procurement use.
sensing_instrumentation_environmental_sensors_temperature_humidity_sensor,temperature_humidity_sensor,temperature humidity sensor,1,,unique_allocation,candidate,admitted_priced,1,candidate,170,170,Protocol Evidence Supplier,Protocol Evidence Manufacturer,PROTOCOL-71-temperature_humidity_sensor,8,priced,test-fixture://review-evidence-closure/source/temperature_humidity_sensor,Protocol-only fixture proving source-backed closure. Not a real supplier quote.,2026-05-17T11:40:00.000+01:00,,Keep source record attached; re-check freshness before procurement use.
sensing_instrumentation_environmental_sensors_hydrogen_detector,hydrogen_detector,hydrogen detector,1,,unique_allocation,candidate,admitted_priced,1,candidate,171,171,Protocol Evidence Supplier,Protocol Evidence Manufacturer,PROTOCOL-72-hydrogen_detector,8,priced,test-fixture://review-evidence-closure/source/hydrogen_detector,Protocol-only fixture proving source-backed closure. Not a real supplier quote.,2026-05-17T11:40:00.000+01:00,,Keep source record attached; re-check freshness before procurement use.
sensing_instrumentation_environmental_sensors_smoke_aspirating_detector,smoke_aspirating_detector,smoke aspirating detector,1,,unique_allocation,candidate,admitted_priced,1,candidate,172,172,Protocol Evidence Supplier,Protocol Evidence Manufacturer,PROTOCOL-73-smoke_aspirating_detector,8,priced,test-fixture://review-evidence-closure/source/smoke_aspirating_detector,Protocol-only fixture proving source-backed closure. Not a real supplier quote.,2026-05-17T11:40:00.000+01:00,,Keep source record attached; re-check freshness before procurement use.
sensing_instrumentation_environmental_sensors_door_position_switch,door_position_switch,door position switch,1,,unique_allocation,candidate,admitted_priced,1,candidate,173,173,Protocol Evidence Supplier,Protocol Evidence Manufacturer,PROTOCOL-74-door_position_switch,8,priced,test-fixture://review-evidence-closure/source/door_position_switch,Protocol-only fixture proving source-backed closure. Not a real supplier quote.,2026-05-17T11:40:00.000+01:00,,Keep source record attached; re-check freshness before procurement use.
sensing_instrumentation_thermal_sensors_coolant_inlet_thermistor,coolant_inlet_thermistor,coolant inlet thermistor,1,,unique_allocation,candidate,admitted_priced,1,candidate,174,174,Protocol Evidence Supplier,Protocol Evidence Manufacturer,PROTOCOL-75-coolant_inlet_thermistor,8,priced,test-fixture://review-evidence-closure/source/coolant_inlet_thermistor,Protocol-only fixture proving source-backed closure. Not a real supplier quote.,2026-05-17T11:40:00.000+01:00,,Keep source record attached; re-check freshness before procurement use.
sensing_instrumentation_thermal_sensors_coolant_outlet_thermistor,coolant_outlet_thermistor,coolant outlet thermistor,1,,unique_allocation,candidate,admitted_priced,1,candidate,175,175,Protocol Evidence Supplier,Protocol Evidence Manufacturer,PROTOCOL-76-coolant_outlet_thermistor,8,priced,test-fixture://review-evidence-closure/source/coolant_outlet_thermistor,Protocol-only fixture proving source-backed closure. Not a real supplier quote.,2026-05-17T11:40:00.000+01:00,,Keep source record attached; re-check freshness before procurement use.
sensing_instrumentation_thermal_sensors_flow_meter,flow_meter,flow meter,1,,unique_allocation,candidate,admitted_priced,1,candidate,176,176,Protocol Evidence Supplier,Protocol Evidence Manufacturer,PROTOCOL-77-flow_meter,8,priced,test-fixture://review-evidence-closure/source/flow_meter,Protocol-only fixture proving source-backed closure. Not a real supplier quote.,2026-05-17T11:40:00.000+01:00,,Keep source record attached; re-check freshness before procurement use.
sensing_instrumentation_thermal_sensors_pressure_transducer,pressure_transducer,pressure transducer,1,,unique_allocation,candidate,admitted_priced,1,candidate,177,177,Protocol Evidence Supplier,Protocol Evidence Manufacturer,PROTOCOL-78-pressure_transducer,8,priced,test-fixture://review-evidence-closure/source/pressure_transducer,Protocol-only fixture proving source-backed closure. Not a real supplier quote.,2026-05-17T11:40:00.000+01:00,,Keep source record attached; re-check freshness before procurement use.
sensing_instrumentation_event_recording_fault_recorder_module,fault_recorder_module,fault recorder module,1,,unique_allocation,candidate,admitted_priced,1,candidate,178,178,Protocol Evidence Supplier,Protocol Evidence Manufacturer,PROTOCOL-79-fault_recorder_module,8,priced,test-fixture://review-evidence-closure/source/fault_recorder_module,Protocol-only fixture proving source-backed closure. Not a real supplier quote.,2026-05-17T11:40:00.000+01:00,,Keep source record attached; re-check freshness before procurement use.
sensing_instrumentation_event_recording_event_timestamp_logger,event_timestamp_logger,event timestamp logger,1,,unique_allocation,candidate,admitted_priced,1,candidate,179,179,Protocol Evidence Supplier,Protocol Evidence Manufacturer,PROTOCOL-80-event_timestamp_logger,8,priced,test-fixture://review-evidence-closure/source/event_timestamp_logger,Protocol-only fixture proving source-backed closure. Not a real supplier quote.,2026-05-17T11:40:00.000+01:00,,Keep source record attached; re-check freshness before procurement use.
sensing_instrumentation_event_recording_digital_input_card,digital_input_card,digital input card,1,,unique_allocation,candidate,admitted_priced,1,candidate,180,180,Protocol Evidence Supplier,Protocol Evidence Manufacturer,PROTOCOL-81-digital_input_card,8,priced,test-fixture://review-evidence-closure/source/digital_input_card,Protocol-only fixture proving source-backed closure. Not a real supplier quote.,2026-05-17T11:40:00.000+01:00,,Keep source record attached; re-check freshness before procurement use.
sensing_instrumentation_event_recording_local_historian_buffer,local_historian_buffer,local historian buffer,1,,unique_allocation,candidate,admitted_priced,1,candidate,181,181,Protocol Evidence Supplier,Protocol Evidence Manufacturer,PROTOCOL-82-local_historian_buffer,8,priced,test-fixture://review-evidence-closure/source/local_historian_buffer,Protocol-only fixture proving source-backed closure. Not a real supplier quote.,2026-05-17T11:40:00.000+01:00,,Keep source record attached; re-check freshness before procurement use.
sensing_instrumentation_event_recording_calibration_certificate_holder,calibration_certificate_holder,calibration certificate holder,1,,unique_allocation,candidate,admitted_priced,1,candidate,182,182,Protocol Evidence Supplier,Protocol Evidence Manufacturer,PROTOCOL-83-calibration_certificate_holder,8,priced,test-fixture://review-evidence-closure/source/calibration_certificate_holder,Protocol-only fixture proving source-backed closure. Not a real supplier quote.,2026-05-17T11:40:00.000+01:00,,Keep source record attached; re-check freshness before procurement use.
control_compute_communication_bms_master_bms_master_controller,bms_master_controller,BMS master controller,1,,unique_allocation,critical,admitted_priced,1,candidate,183,183,Protocol Evidence Supplier,Protocol Evidence Manufacturer,PROTOCOL-84-bms_master_controller,8,priced,test-fixture://review-evidence-closure/source/bms_master_controller,Protocol-only fixture proving source-backed closure. Not a real supplier quote.,2026-05-17T11:40:00.000+01:00,,Keep source record attached; re-check freshness before procurement use.
control_compute_communication_bms_master_isolation_interface,isolation_interface,isolation interface,1,,unique_allocation,candidate,admitted_priced,1,candidate,184,184,Protocol Evidence Supplier,Protocol Evidence Manufacturer,PROTOCOL-85-isolation_interface,8,priced,test-fixture://review-evidence-closure/source/isolation_interface,Protocol-only fixture proving source-backed closure. Not a real supplier quote.,2026-05-17T11:40:00.000+01:00,,Keep source record attached; re-check freshness before procurement use.
control_compute_communication_bms_master_contactor_driver_output,contactor_driver_output,contactor driver output,1,,unique_allocation,candidate,admitted_priced,1,candidate,185,185,Protocol Evidence Supplier,Protocol Evidence Manufacturer,PROTOCOL-86-contactor_driver_output,8,priced,test-fixture://review-evidence-closure/source/contactor_driver_output,Protocol-only fixture proving source-backed closure. Not a real supplier quote.,2026-05-17T11:40:00.000+01:00,,Keep source record attached; re-check freshness before procurement use.
control_compute_communication_bms_master_soc_estimation_firmware,soc_estimation_firmware,SOC estimation firmware,1,,unique_allocation,candidate,admitted_priced,1,candidate,186,186,Protocol Evidence Supplier,Protocol Evidence Manufacturer,PROTOCOL-87-soc_estimation_firmware,8,priced,test-fixture://review-evidence-closure/source/soc_estimation_firmware,Protocol-only fixture proving source-backed closure. Not a real supplier quote.,2026-05-17T11:40:00.000+01:00,,Keep source record attached; re-check freshness before procurement use.
control_compute_communication_ems_controller_industrial_controller,industrial_controller,industrial controller,1,,unique_allocation,candidate,admitted_priced,1,candidate,187,187,Protocol Evidence Supplier,Protocol Evidence Manufacturer,PROTOCOL-88-industrial_controller,8,priced,test-fixture://review-evidence-closure/source/industrial_controller,Protocol-only fixture proving source-backed closure. Not a real supplier quote.,2026-05-17T11:40:00.000+01:00,,Keep source record attached; re-check freshness before procurement use.
control_compute_communication_ems_controller_i_o_expansion_module,i_o_expansion_module,I/O expansion module,1,,unique_allocation,candidate,admitted_priced,1,candidate,188,188,Protocol Evidence Supplier,Protocol Evidence Manufacturer,PROTOCOL-89-i_o_expansion_module,8,priced,test-fixture://review-evidence-closure/source/i_o_expansion_module,Protocol-only fixture proving source-backed closure. Not a real supplier quote.,2026-05-17T11:40:00.000+01:00,,Keep source record attached; re-check freshness before procurement use.
control_compute_communication_ems_controller_network_switch,network_switch,network switch,1,,unique_allocation,candidate,admitted_priced,1,candidate,189,189,Protocol Evidence Supplier,Protocol Evidence Manufacturer,PROTOCOL-90-network_switch,8,priced,test-fixture://review-evidence-closure/source/network_switch,Protocol-only fixture proving source-backed closure. Not a real supplier quote.,2026-05-17T11:40:00.000+01:00,,Keep source record attached; re-check freshness before procurement use.
control_compute_communication_ems_controller_cellular_router,cellular_router,cellular router,1,,unique_allocation,candidate,admitted_priced,1,candidate,190,190,Protocol Evidence Supplier,Protocol Evidence Manufacturer,PROTOCOL-91-cellular_router,8,priced,test-fixture://review-evidence-closure/source/cellular_router,Protocol-only fixture proving source-backed closure. Not a real supplier quote.,2026-05-17T11:40:00.000+01:00,,Keep source record attached; re-check freshness before procurement use.
control_compute_communication_communications_gateway_modbus_tcp_gateway,modbus_tcp_gateway,Modbus TCP gateway,1,,unique_allocation,candidate,admitted_priced,1,candidate,191,191,Protocol Evidence Supplier,Protocol Evidence Manufacturer,PROTOCOL-92-modbus_tcp_gateway,8,priced,test-fixture://review-evidence-closure/source/modbus_tcp_gateway,Protocol-only fixture proving source-backed closure. Not a real supplier quote.,2026-05-17T11:40:00.000+01:00,,Keep source record attached; re-check freshness before procurement use.
control_compute_communication_communications_gateway_scada_protocol_adapter,scada_protocol_adapter,SCADA protocol adapter,1,,unique_allocation,candidate,admitted_priced,1,candidate,192,192,Protocol Evidence Supplier,Protocol Evidence Manufacturer,PROTOCOL-93-scada_protocol_adapter,8,priced,test-fixture://review-evidence-closure/source/scada_protocol_adapter,Protocol-only fixture proving source-backed closure. Not a real supplier quote.,2026-05-17T11:40:00.000+01:00,,Keep source record attached; re-check freshness before procurement use.
control_compute_communication_communications_gateway_time_synchronisation_module,time_synchronisation_module,time synchronisation module,1,,unique_allocation,candidate,admitted_priced,1,candidate,193,193,Protocol Evidence Supplier,Protocol Evidence Manufacturer,PROTOCOL-94-time_synchronisation_module,8,priced,test-fixture://review-evidence-closure/source/time_synchronisation_module,Protocol-only fixture proving source-backed closure. Not a real supplier quote.,2026-05-17T11:40:00.000+01:00,,Keep source record attached; re-check freshness before procurement use.
control_compute_communication_communications_gateway_cybersecurity_firewall,cybersecurity_firewall,cybersecurity firewall,1,,unique_allocation,candidate,admitted_priced,1,candidate,194,194,Protocol Evidence Supplier,Protocol Evidence Manufacturer,PROTOCOL-95-cybersecurity_firewall,8,priced,test-fixture://review-evidence-closure/source/cybersecurity_firewall,Protocol-only fixture proving source-backed closure. Not a real supplier quote.,2026-05-17T11:40:00.000+01:00,,Keep source record attached; re-check freshness before procurement use.
control_compute_communication_cybersecurity_monitoring_vpn_access_appliance,vpn_access_appliance,VPN access appliance,1,,unique_allocation,candidate,admitted_priced,1,candidate,195,195,Protocol Evidence Supplier,Protocol Evidence Manufacturer,PROTOCOL-96-vpn_access_appliance,8,priced,test-fixture://review-evidence-closure/source/vpn_access_appliance,Protocol-only fixture proving source-backed closure. Not a real supplier quote.,2026-05-17T11:40:00.000+01:00,,Keep source record attached; re-check freshness before procurement use.
control_compute_communication_cybersecurity_monitoring_syslog_collector,syslog_collector,syslog collector,1,,unique_allocation,candidate,admitted_priced,1,candidate,196,196,Protocol Evidence Supplier,Protocol Evidence Manufacturer,PROTOCOL-97-syslog_collector,8,priced,test-fixture://review-evidence-closure/source/syslog_collector,Protocol-only fixture proving source-backed closure. Not a real supplier quote.,2026-05-17T11:40:00.000+01:00,,Keep source record attached; re-check freshness before procurement use.
control_compute_communication_cybersecurity_monitoring_account_key_switch,account_key_switch,account key switch,1,,unique_allocation,candidate,admitted_priced,1,candidate,197,197,Protocol Evidence Supplier,Protocol Evidence Manufacturer,PROTOCOL-98-account_key_switch,8,priced,test-fixture://review-evidence-closure/source/account_key_switch,Protocol-only fixture proving source-backed closure. Not a real supplier quote.,2026-05-17T11:40:00.000+01:00,,Keep source record attached; re-check freshness before procurement use.
control_compute_communication_cybersecurity_monitoring_firmware_escrow_tag,firmware_escrow_tag,firmware escrow tag,1,,unique_allocation,candidate,admitted_priced,1,candidate,198,198,Protocol Evidence Supplier,Protocol Evidence Manufacturer,PROTOCOL-99-firmware_escrow_tag,8,priced,test-fixture://review-evidence-closure/source/firmware_escrow_tag,Protocol-only fixture proving source-backed closure. Not a real supplier quote.,2026-05-17T11:40:00.000+01:00,,Keep source record attached; re-check freshness before procurement use.
control_compute_communication_cybersecurity_monitoring_configuration_backup_module,configuration_backup_module,configuration backup module,1,,unique_allocation,candidate,admitted_priced,1,candidate,199,199,Protocol Evidence Supplier,Protocol Evidence Manufacturer,PROTOCOL-100-configuration_backup_module,8,priced,test-fixture://review-evidence-closure/source/configuration_backup_module,Protocol-only fixture proving source-backed closure. Not a real supplier quote.,2026-05-17T11:40:00.000+01:00,,Keep source record attached; re-check freshness before procurement use.
safety_protection_fire_suppression_fire_detection_suppression,fire_detection_suppression,Fire detection/suppression,1,,unique_allocation,critical,admitted_priced,1,candidate,200,200,Protocol Evidence Supplier,Protocol Evidence Manufacturer,PROTOCOL-101-fire_detection_suppression,8,priced,test-fixture://review-evidence-closure/source/fire_detection_suppression,Protocol-only fixture proving source-backed closure. Not a real supplier quote.,2026-05-17T11:40:00.000+01:00,,Keep source record attached; re-check freshness before procurement use.
safety_protection_fire_suppression_clean_agent_cylinder,clean_agent_cylinder,clean-agent cylinder,1,,unique_allocation,candidate,admitted_priced,1,candidate,201,201,Protocol Evidence Supplier,Protocol Evidence Manufacturer,PROTOCOL-102-clean_agent_cylinder,8,priced,test-fixture://review-evidence-closure/source/clean_agent_cylinder,Protocol-only fixture proving source-backed closure. Not a real supplier quote.,2026-05-17T11:40:00.000+01:00,,Keep source record attached; re-check freshness before procurement use.
safety_protection_fire_suppression_release_solenoid,release_solenoid,release solenoid,1,,unique_allocation,candidate,admitted_priced,1,candidate,202,202,Protocol Evidence Supplier,Protocol Evidence Manufacturer,PROTOCOL-103-release_solenoid,8,priced,test-fixture://review-evidence-closure/source/release_solenoid,Protocol-only fixture proving source-backed closure. Not a real supplier quote.,2026-05-17T11:40:00.000+01:00,,Keep source record attached; re-check freshness before procurement use.
safety_protection_fire_suppression_nozzle_pipework,nozzle_pipework,nozzle pipework,1,,unique_allocation,candidate,admitted_priced,1,candidate,203,203,Protocol Evidence Supplier,Protocol Evidence Manufacturer,PROTOCOL-104-nozzle_pipework,8,priced,test-fixture://review-evidence-closure/source/nozzle_pipework,Protocol-only fixture proving source-backed closure. Not a real supplier quote.,2026-05-17T11:40:00.000+01:00,,Keep source record attached; re-check freshness before procurement use.
safety_protection_fire_suppression_pressure_switch,pressure_switch,pressure switch,1,,unique_allocation,candidate,admitted_priced,1,candidate,204,204,Protocol Evidence Supplier,Protocol Evidence Manufacturer,PROTOCOL-105-pressure_switch,8,priced,test-fixture://review-evidence-closure/source/pressure_switch,Protocol-only fixture proving source-backed closure. Not a real supplier quote.,2026-05-17T11:40:00.000+01:00,,Keep source record attached; re-check freshness before procurement use.
safety_protection_emergency_stop_e_stop_mushroom_button,e_stop_mushroom_button,E-stop mushroom button,1,,unique_allocation,candidate,admitted_priced,1,candidate,205,205,Protocol Evidence Supplier,Protocol Evidence Manufacturer,PROTOCOL-106-e_stop_mushroom_button,8,priced,test-fixture://review-evidence-closure/source/e_stop_mushroom_button,Protocol-only fixture proving source-backed closure. Not a real supplier quote.,2026-05-17T11:40:00.000+01:00,,Keep source record attached; re-check freshness before procurement use.
safety_protection_emergency_stop_safety_relay,safety_relay,safety relay,1,,unique_allocation,candidate,admitted_priced,1,candidate,206,206,Protocol Evidence Supplier,Protocol Evidence Manufacturer,PROTOCOL-107-safety_relay,8,priced,test-fixture://review-evidence-closure/source/safety_relay,Protocol-only fixture proving source-backed closure. Not a real supplier quote.,2026-05-17T11:40:00.000+01:00,,Keep source record attached; re-check freshness before procurement use.
safety_protection_emergency_stop_dc_shunt_trip_output,dc_shunt_trip_output,DC shunt trip output,1,,unique_allocation,candidate,admitted_priced,1,candidate,207,207,Protocol Evidence Supplier,Protocol Evidence Manufacturer,PROTOCOL-108-dc_shunt_trip_output,8,priced,test-fixture://review-evidence-closure/source/dc_shunt_trip_output,Protocol-only fixture proving source-backed closure. Not a real supplier quote.,2026-05-17T11:40:00.000+01:00,,Keep source record attached; re-check freshness before procurement use.
safety_protection_emergency_stop_ac_breaker_trip_coil,ac_breaker_trip_coil,AC breaker trip coil,1,,unique_allocation,candidate,admitted_priced,1,candidate,208,208,Protocol Evidence Supplier,Protocol Evidence Manufacturer,PROTOCOL-109-ac_breaker_trip_coil,8,priced,test-fixture://review-evidence-closure/source/ac_breaker_trip_coil,Protocol-only fixture proving source-backed closure. Not a real supplier quote.,2026-05-17T11:40:00.000+01:00,,Keep source record attached; re-check freshness before procurement use.
safety_protection_surge_fault_protection_dc_surge_protection_device,dc_surge_protection_device,DC surge protection device,1,,unique_allocation,candidate,admitted_priced,1,candidate,209,209,Protocol Evidence Supplier,Protocol Evidence Manufacturer,PROTOCOL-110-dc_surge_protection_device,8,priced,test-fixture://review-evidence-closure/source/dc_surge_protection_device,Protocol-only fixture proving source-backed closure. Not a real supplier quote.,2026-05-17T11:40:00.000+01:00,,Keep source record attached; re-check freshness before procurement use.
safety_protection_surge_fault_protection_ac_surge_protection_device,ac_surge_protection_device,AC surge protection device,1,,unique_allocation,candidate,admitted_priced,1,candidate,210,210,Protocol Evidence Supplier,Protocol Evidence Manufacturer,PROTOCOL-111-ac_surge_protection_device,8,priced,test-fixture://review-evidence-closure/source/ac_surge_protection_device,Protocol-only fixture proving source-backed closure. Not a real supplier quote.,2026-05-17T11:40:00.000+01:00,,Keep source record attached; re-check freshness before procurement use.
safety_protection_surge_fault_protection_arc_flash_label_set,arc_flash_label_set,arc flash label set,1,,unique_allocation,candidate,admitted_priced,1,candidate,211,211,Protocol Evidence Supplier,Protocol Evidence Manufacturer,PROTOCOL-112-arc_flash_label_set,8,priced,test-fixture://review-evidence-closure/source/arc_flash_label_set,Protocol-only fixture proving source-backed closure. Not a real supplier quote.,2026-05-17T11:40:00.000+01:00,,Keep source record attached; re-check freshness before procurement use.
safety_protection_surge_fault_protection_protective_earth_bonding_kit,protective_earth_bonding_kit,protective earth bonding kit,1,,unique_allocation,candidate,admitted_priced,1,candidate,212,212,Protocol Evidence Supplier,Protocol Evidence Manufacturer,PROTOCOL-113-protective_earth_bonding_kit,8,priced,test-fixture://review-evidence-closure/source/protective_earth_bonding_kit,Protocol-only fixture proving source-backed closure. Not a real supplier quote.,2026-05-17T11:40:00.000+01:00,,Keep source record attached; re-check freshness before procurement use.
safety_protection_deflagration_venting_pressure_relief_vent_panel,pressure_relief_vent_panel,pressure relief vent panel,1,,unique_allocation,candidate,admitted_priced,1,candidate,213,213,Protocol Evidence Supplier,Protocol Evidence Manufacturer,PROTOCOL-114-pressure_relief_vent_panel,8,priced,test-fixture://review-evidence-closure/source/pressure_relief_vent_panel,Protocol-only fixture proving source-backed closure. Not a real supplier quote.,2026-05-17T11:40:00.000+01:00,,Keep source record attached; re-check freshness before procurement use.
safety_protection_deflagration_venting_vent_microswitch,vent_microswitch,vent microswitch,1,,unique_allocation,candidate,admitted_priced,1,candidate,214,214,Protocol Evidence Supplier,Protocol Evidence Manufacturer,PROTOCOL-115-vent_microswitch,8,priced,test-fixture://review-evidence-closure/source/vent_microswitch,Protocol-only fixture proving source-backed closure. Not a real supplier quote.,2026-05-17T11:40:00.000+01:00,,Keep source record attached; re-check freshness before procurement use.
safety_protection_deflagration_venting_flame_arrestor_mesh,flame_arrestor_mesh,flame arrestor mesh,1,,unique_allocation,candidate,admitted_priced,1,candidate,215,215,Protocol Evidence Supplier,Protocol Evidence Manufacturer,PROTOCOL-116-flame_arrestor_mesh,8,priced,test-fixture://review-evidence-closure/source/flame_arrestor_mesh,Protocol-only fixture proving source-backed closure. Not a real supplier quote.,2026-05-17T11:40:00.000+01:00,,Keep source record attached; re-check freshness before procurement use.
safety_protection_deflagration_venting_vent_weather_hood,vent_weather_hood,vent weather hood,1,,unique_allocation,candidate,admitted_priced,1,candidate,216,216,Protocol Evidence Supplier,Protocol Evidence Manufacturer,PROTOCOL-117-vent_weather_hood,8,priced,test-fixture://review-evidence-closure/source/vent_weather_hood,Protocol-only fixture proving source-backed closure. Not a real supplier quote.,2026-05-17T11:40:00.000+01:00,,Keep source record attached; re-check freshness before procurement use.
safety_protection_deflagration_venting_post_event_inspection_tag,post_event_inspection_tag,post-event inspection tag,1,,unique_allocation,candidate,admitted_priced,1,candidate,217,217,Protocol Evidence Supplier,Protocol Evidence Manufacturer,PROTOCOL-118-post_event_inspection_tag,8,priced,test-fixture://review-evidence-closure/source/post_event_inspection_tag,Protocol-only fixture proving source-backed closure. Not a real supplier quote.,2026-05-17T11:40:00.000+01:00,,Keep source record attached; re-check freshness before procurement use.
environmental_interface_hvac_unit_container_hvac_unit,container_hvac_unit,container HVAC unit,1,,unique_allocation,candidate,admitted_priced,1,candidate,218,218,Protocol Evidence Supplier,Protocol Evidence Manufacturer,PROTOCOL-119-container_hvac_unit,8,priced,test-fixture://review-evidence-closure/source/container_hvac_unit,Protocol-only fixture proving source-backed closure. Not a real supplier quote.,2026-05-17T11:40:00.000+01:00,,Keep source record attached; re-check freshness before procurement use.
environmental_interface_hvac_unit_air_filter_element,air_filter_element,air filter element,1,,unique_allocation,candidate,admitted_priced,1,candidate,219,219,Protocol Evidence Supplier,Protocol Evidence Manufacturer,PROTOCOL-120-air_filter_element,8,priced,test-fixture://review-evidence-closure/source/air_filter_element,Protocol-only fixture proving source-backed closure. Not a real supplier quote.,2026-05-17T11:40:00.000+01:00,,Keep source record attached; re-check freshness before procurement use.
environmental_interface_hvac_unit_condensate_drain_kit,condensate_drain_kit,condensate drain kit,1,,unique_allocation,candidate,admitted_priced,1,candidate,220,220,Protocol Evidence Supplier,Protocol Evidence Manufacturer,PROTOCOL-121-condensate_drain_kit,8,priced,test-fixture://review-evidence-closure/source/condensate_drain_kit,Protocol-only fixture proving source-backed closure. Not a real supplier quote.,2026-05-17T11:40:00.000+01:00,,Keep source record attached; re-check freshness before procurement use.
environmental_interface_hvac_unit_hvac_controller,hvac_controller,HVAC controller,1,,unique_allocation,candidate,admitted_priced,1,candidate,221,221,Protocol Evidence Supplier,Protocol Evidence Manufacturer,PROTOCOL-122-hvac_controller,8,priced,test-fixture://review-evidence-closure/source/hvac_controller,Protocol-only fixture proving source-backed closure. Not a real supplier quote.,2026-05-17T11:40:00.000+01:00,,Keep source record attached; re-check freshness before procurement use.
environmental_interface_ventilation_path_intake_louvre,intake_louvre,intake louvre,1,,unique_allocation,candidate,admitted_priced,1,candidate,222,222,Protocol Evidence Supplier,Protocol Evidence Manufacturer,PROTOCOL-123-intake_louvre,8,priced,test-fixture://review-evidence-closure/source/intake_louvre,Protocol-only fixture proving source-backed closure. Not a real supplier quote.,2026-05-17T11:40:00.000+01:00,,Keep source record attached; re-check freshness before procurement use.
environmental_interface_ventilation_path_exhaust_louvre,exhaust_louvre,exhaust louvre,1,,unique_allocation,candidate,admitted_priced,1,candidate,223,223,Protocol Evidence Supplier,Protocol Evidence Manufacturer,PROTOCOL-124-exhaust_louvre,8,priced,test-fixture://review-evidence-closure/source/exhaust_louvre,Protocol-only fixture proving source-backed closure. Not a real supplier quote.,2026-05-17T11:40:00.000+01:00,,Keep source record attached; re-check freshness before procurement use.
environmental_interface_ventilation_path_ec_fan_assembly,ec_fan_assembly,EC fan assembly,1,,unique_allocation,candidate,admitted_priced,1,candidate,224,224,Protocol Evidence Supplier,Protocol Evidence Manufacturer,PROTOCOL-125-ec_fan_assembly,8,priced,test-fixture://review-evidence-closure/source/ec_fan_assembly,Protocol-only fixture proving source-backed closure. Not a real supplier quote.,2026-05-17T11:40:00.000+01:00,,Keep source record attached; re-check freshness before procurement use.
environmental_interface_ventilation_path_airflow_baffle,airflow_baffle,airflow baffle,1,,unique_allocation,candidate,admitted_priced,1,candidate,225,225,Protocol Evidence Supplier,Protocol Evidence Manufacturer,PROTOCOL-126-airflow_baffle,8,priced,test-fixture://review-evidence-closure/source/airflow_baffle,Protocol-only fixture proving source-backed closure. Not a real supplier quote.,2026-05-17T11:40:00.000+01:00,,Keep source record attached; re-check freshness before procurement use.
environmental_interface_thermal_insulation_insulation_panel,insulation_panel,insulation panel,1,,unique_allocation,candidate,admitted_priced,1,candidate,226,226,Protocol Evidence Supplier,Protocol Evidence Manufacturer,PROTOCOL-127-insulation_panel,8,priced,test-fixture://review-evidence-closure/source/insulation_panel,Protocol-only fixture proving source-backed closure. Not a real supplier quote.,2026-05-17T11:40:00.000+01:00,,Keep source record attached; re-check freshness before procurement use.
environmental_interface_thermal_insulation_vapour_barrier_film,vapour_barrier_film,vapour barrier film,1,,unique_allocation,candidate,admitted_priced,1,candidate,227,227,Protocol Evidence Supplier,Protocol Evidence Manufacturer,PROTOCOL-128-vapour_barrier_film,8,priced,test-fixture://review-evidence-closure/source/vapour_barrier_film,Protocol-only fixture proving source-backed closure. Not a real supplier quote.,2026-05-17T11:40:00.000+01:00,,Keep source record attached; re-check freshness before procurement use.
environmental_interface_thermal_insulation_thermal_break_strip,thermal_break_strip,thermal break strip,1,,unique_allocation,candidate,admitted_priced,1,candidate,228,228,Protocol Evidence Supplier,Protocol Evidence Manufacturer,PROTOCOL-129-thermal_break_strip,8,priced,test-fixture://review-evidence-closure/source/thermal_break_strip,Protocol-only fixture proving source-backed closure. Not a real supplier quote.,2026-05-17T11:40:00.000+01:00,,Keep source record attached; re-check freshness before procurement use.
environmental_interface_thermal_insulation_seal_gasket_set,seal_gasket_set,seal gasket set,1,,unique_allocation,candidate,admitted_priced,1,candidate,229,229,Protocol Evidence Supplier,Protocol Evidence Manufacturer,PROTOCOL-130-seal_gasket_set,8,priced,test-fixture://review-evidence-closure/source/seal_gasket_set,Protocol-only fixture proving source-backed closure. Not a real supplier quote.,2026-05-17T11:40:00.000+01:00,,Keep source record attached; re-check freshness before procurement use.
environmental_interface_heat_rejection_coil_dry_cooler_coil,dry_cooler_coil,dry cooler coil,1,,unique_allocation,candidate,admitted_priced,1,candidate,230,230,Protocol Evidence Supplier,Protocol Evidence Manufacturer,PROTOCOL-131-dry_cooler_coil,8,priced,test-fixture://review-evidence-closure/source/dry_cooler_coil,Protocol-only fixture proving source-backed closure. Not a real supplier quote.,2026-05-17T11:40:00.000+01:00,,Keep source record attached; re-check freshness before procurement use.
environmental_interface_heat_rejection_coil_ec_condenser_fan,ec_condenser_fan,EC condenser fan,1,,unique_allocation,candidate,admitted_priced,1,candidate,231,231,Protocol Evidence Supplier,Protocol Evidence Manufacturer,PROTOCOL-132-ec_condenser_fan,8,priced,test-fixture://review-evidence-closure/source/ec_condenser_fan,Protocol-only fixture proving source-backed closure. Not a real supplier quote.,2026-05-17T11:40:00.000+01:00,,Keep source record attached; re-check freshness before procurement use.
environmental_interface_heat_rejection_coil_fan_contactor,fan_contactor,fan contactor,1,,unique_allocation,candidate,admitted_priced,1,candidate,232,232,Protocol Evidence Supplier,Protocol Evidence Manufacturer,PROTOCOL-133-fan_contactor,8,priced,test-fixture://review-evidence-closure/source/fan_contactor,Protocol-only fixture proving source-backed closure. Not a real supplier quote.,2026-05-17T11:40:00.000+01:00,,Keep source record attached; re-check freshness before procurement use.
environmental_interface_heat_rejection_coil_coil_guard_grille,coil_guard_grille,coil guard grille,1,,unique_allocation,candidate,admitted_priced,1,candidate,233,233,Protocol Evidence Supplier,Protocol Evidence Manufacturer,PROTOCOL-134-coil_guard_grille,8,priced,test-fixture://review-evidence-closure/source/coil_guard_grille,Protocol-only fixture proving source-backed closure. Not a real supplier quote.,2026-05-17T11:40:00.000+01:00,,Keep source record attached; re-check freshness before procurement use.
environmental_interface_heat_rejection_coil_drain_safe_condensate_pan,drain_safe_condensate_pan,drain-safe condensate pan,1,,unique_allocation,candidate,admitted_priced,1,candidate,234,234,Protocol Evidence Supplier,Protocol Evidence Manufacturer,PROTOCOL-135-drain_safe_condensate_pan,8,priced,test-fixture://review-evidence-closure/source/drain_safe_condensate_pan,Protocol-only fixture proving source-backed closure. Not a real supplier quote.,2026-05-17T11:40:00.000+01:00,,Keep source record attached; re-check freshness before procurement use.
power_distribution_dc_busbars_copper_dc_busbar,copper_dc_busbar,copper DC busbar,1,,unique_allocation,candidate,admitted_priced,1,candidate,235,235,Protocol Evidence Supplier,Protocol Evidence Manufacturer,PROTOCOL-136-copper_dc_busbar,8,priced,test-fixture://review-evidence-closure/source/copper_dc_busbar,Protocol-only fixture proving source-backed closure. Not a real supplier quote.,2026-05-17T11:40:00.000+01:00,,Keep source record attached; re-check freshness before procurement use.
power_distribution_dc_busbars_busbar_support_insulator,busbar_support_insulator,busbar support insulator,1,,unique_allocation,candidate,admitted_priced,1,candidate,236,236,Protocol Evidence Supplier,Protocol Evidence Manufacturer,PROTOCOL-137-busbar_support_insulator,8,priced,test-fixture://review-evidence-closure/source/busbar_support_insulator,Protocol-only fixture proving source-backed closure. Not a real supplier quote.,2026-05-17T11:40:00.000+01:00,,Keep source record attached; re-check freshness before procurement use.
power_distribution_dc_busbars_busbar_shroud,busbar_shroud,busbar shroud,1,,unique_allocation,candidate,admitted_priced,1,candidate,237,237,Protocol Evidence Supplier,Protocol Evidence Manufacturer,PROTOCOL-138-busbar_shroud,8,priced,test-fixture://review-evidence-closure/source/busbar_shroud,Protocol-only fixture proving source-backed closure. Not a real supplier quote.,2026-05-17T11:40:00.000+01:00,,Keep source record attached; re-check freshness before procurement use.
power_distribution_dc_busbars_torque_witness_marker,torque_witness_marker,torque witness marker,1,,unique_allocation,candidate,admitted_priced,1,candidate,238,238,Protocol Evidence Supplier,Protocol Evidence Manufacturer,PROTOCOL-139-torque_witness_marker,8,priced,test-fixture://review-evidence-closure/source/torque_witness_marker,Protocol-only fixture proving source-backed closure. Not a real supplier quote.,2026-05-17T11:40:00.000+01:00,,Keep source record attached; re-check freshness before procurement use.
power_distribution_ac_switchgear_moulded_case_circuit_breaker,moulded_case_circuit_breaker,moulded-case circuit breaker,1,,unique_allocation,candidate,admitted_priced,1,candidate,239,239,Protocol Evidence Supplier,Protocol Evidence Manufacturer,PROTOCOL-140-moulded_case_circuit_breaker,8,priced,test-fixture://review-evidence-closure/source/moulded_case_circuit_breaker,Protocol-only fixture proving source-backed closure. Not a real supplier quote.,2026-05-17T11:40:00.000+01:00,,Keep source record attached; re-check freshness before procurement use.
power_distribution_ac_switchgear_ac_contactor,ac_contactor,AC contactor,1,,unique_allocation,candidate,admitted_priced,1,candidate,240,240,Protocol Evidence Supplier,Protocol Evidence Manufacturer,PROTOCOL-141-ac_contactor,8,priced,test-fixture://review-evidence-closure/source/ac_contactor,Protocol-only fixture proving source-backed closure. Not a real supplier quote.,2026-05-17T11:40:00.000+01:00,,Keep source record attached; re-check freshness before procurement use.
power_distribution_ac_switchgear_metering_ct_set,metering_ct_set,metering CT set,1,,unique_allocation,candidate,admitted_priced,1,candidate,241,241,Protocol Evidence Supplier,Protocol Evidence Manufacturer,PROTOCOL-142-metering_ct_set,8,priced,test-fixture://review-evidence-closure/source/metering_ct_set,Protocol-only fixture proving source-backed closure. Not a real supplier quote.,2026-05-17T11:40:00.000+01:00,,Keep source record attached; re-check freshness before procurement use.
power_distribution_ac_switchgear_terminal_block_assembly,terminal_block_assembly,terminal block assembly,1,,unique_allocation,candidate,admitted_priced,1,candidate,242,242,Protocol Evidence Supplier,Protocol Evidence Manufacturer,PROTOCOL-143-terminal_block_assembly,8,priced,test-fixture://review-evidence-closure/source/terminal_block_assembly,Protocol-only fixture proving source-backed closure. Not a real supplier quote.,2026-05-17T11:40:00.000+01:00,,Keep source record attached; re-check freshness before procurement use.
power_distribution_auxiliary_power_auxiliary_transformer,auxiliary_transformer,auxiliary transformer,1,,unique_allocation,candidate,admitted_priced,1,candidate,243,243,Protocol Evidence Supplier,Protocol Evidence Manufacturer,PROTOCOL-144-auxiliary_transformer,8,priced,test-fixture://review-evidence-closure/source/auxiliary_transformer,Protocol-only fixture proving source-backed closure. Not a real supplier quote.,2026-05-17T11:40:00.000+01:00,,Keep source record attached; re-check freshness before procurement use.
power_distribution_auxiliary_power_24_v_dc_power_supply,24_v_dc_power_supply,24 V DC power supply,1,,unique_allocation,candidate,admitted_priced,1,candidate,244,244,Protocol Evidence Supplier,Protocol Evidence Manufacturer,PROTOCOL-145-24_v_dc_power_supply,8,priced,test-fixture://review-evidence-closure/source/24_v_dc_power_supply,Protocol-only fixture proving source-backed closure. Not a real supplier quote.,2026-05-17T11:40:00.000+01:00,,Keep source record attached; re-check freshness before procurement use.
power_distribution_auxiliary_power_miniature_circuit_breaker_bank,miniature_circuit_breaker_bank,miniature circuit breaker bank,1,,unique_allocation,candidate,admitted_priced,1,candidate,245,245,Protocol Evidence Supplier,Protocol Evidence Manufacturer,PROTOCOL-146-miniature_circuit_breaker_bank,8,priced,test-fixture://review-evidence-closure/source/miniature_circuit_breaker_bank,Protocol-only fixture proving source-backed closure. Not a real supplier quote.,2026-05-17T11:40:00.000+01:00,,Keep source record attached; re-check freshness before procurement use.
power_distribution_auxiliary_power_ups_module,ups_module,UPS module,1,,unique_allocation,candidate,admitted_priced,1,candidate,246,246,Protocol Evidence Supplier,Protocol Evidence Manufacturer,PROTOCOL-147-ups_module,8,priced,test-fixture://review-evidence-closure/source/ups_module,Protocol-only fixture proving source-backed closure. Not a real supplier quote.,2026-05-17T11:40:00.000+01:00,,Keep source record attached; re-check freshness before procurement use.
power_distribution_earthing_lightning_main_earth_bar,main_earth_bar,main earth bar,1,,unique_allocation,candidate,admitted_priced,1,candidate,247,247,Protocol Evidence Supplier,Protocol Evidence Manufacturer,PROTOCOL-148-main_earth_bar,8,priced,test-fixture://review-evidence-closure/source/main_earth_bar,Protocol-only fixture proving source-backed closure. Not a real supplier quote.,2026-05-17T11:40:00.000+01:00,,Keep source record attached; re-check freshness before procurement use.
power_distribution_earthing_lightning_earth_stud_array,earth_stud_array,earth stud array,1,,unique_allocation,candidate,admitted_priced,1,candidate,248,248,Protocol Evidence Supplier,Protocol Evidence Manufacturer,PROTOCOL-149-earth_stud_array,8,priced,test-fixture://review-evidence-closure/source/earth_stud_array,Protocol-only fixture proving source-backed closure. Not a real supplier quote.,2026-05-17T11:40:00.000+01:00,,Keep source record attached; re-check freshness before procurement use.
power_distribution_earthing_lightning_lightning_surge_counter,lightning_surge_counter,lightning surge counter,1,,unique_allocation,candidate,admitted_priced,1,candidate,249,249,Protocol Evidence Supplier,Protocol Evidence Manufacturer,PROTOCOL-150-lightning_surge_counter,8,priced,test-fixture://review-evidence-closure/source/lightning_surge_counter,Protocol-only fixture proving source-backed closure. Not a real supplier quote.,2026-05-17T11:40:00.000+01:00,,Keep source record attached; re-check freshness before procurement use.
power_distribution_earthing_lightning_equipotential_bonding_strap,equipotential_bonding_strap,equipotential bonding strap,1,,unique_allocation,candidate,admitted_priced,1,candidate,250,250,Protocol Evidence Supplier,Protocol Evidence Manufacturer,PROTOCOL-151-equipotential_bonding_strap,8,priced,test-fixture://review-evidence-closure/source/equipotential_bonding_strap,Protocol-only fixture proving source-backed closure. Not a real supplier quote.,2026-05-17T11:40:00.000+01:00,,Keep source record attached; re-check freshness before procurement use.
power_distribution_earthing_lightning_earth_continuity_test_point,earth_continuity_test_point,earth continuity test point,1,,unique_allocation,candidate,admitted_priced,1,candidate,251,251,Protocol Evidence Supplier,Protocol Evidence Manufacturer,PROTOCOL-152-earth_continuity_test_point,8,priced,test-fixture://review-evidence-closure/source/earth_continuity_test_point,Protocol-only fixture proving source-backed closure. Not a real supplier quote.,2026-05-17T11:40:00.000+01:00,,Keep source record attached; re-check freshness before procurement use.
maintenance_serviceability_access_doors_lockable_access_door,lockable_access_door,lockable access door,1,,unique_allocation,candidate,admitted_priced,1,candidate,252,252,Protocol Evidence Supplier,Protocol Evidence Manufacturer,PROTOCOL-153-lockable_access_door,8,priced,test-fixture://review-evidence-closure/source/lockable_access_door,Protocol-only fixture proving source-backed closure. Not a real supplier quote.,2026-05-17T11:40:00.000+01:00,,Keep source record attached; re-check freshness before procurement use.
maintenance_serviceability_access_doors_door_seal_gasket,door_seal_gasket,door seal gasket,1,,unique_allocation,candidate,admitted_priced,1,candidate,253,253,Protocol Evidence Supplier,Protocol Evidence Manufacturer,PROTOCOL-154-door_seal_gasket,8,priced,test-fixture://review-evidence-closure/source/door_seal_gasket,Protocol-only fixture proving source-backed closure. Not a real supplier quote.,2026-05-17T11:40:00.000+01:00,,Keep source record attached; re-check freshness before procurement use.
maintenance_serviceability_access_doors_panic_release_latch,panic_release_latch,panic release latch,1,,unique_allocation,candidate,admitted_priced,1,candidate,254,254,Protocol Evidence Supplier,Protocol Evidence Manufacturer,PROTOCOL-155-panic_release_latch,8,priced,test-fixture://review-evidence-closure/source/panic_release_latch,Protocol-only fixture proving source-backed closure. Not a real supplier quote.,2026-05-17T11:40:00.000+01:00,,Keep source record attached; re-check freshness before procurement use.
maintenance_serviceability_access_doors_door_stay_arm,door_stay_arm,door stay arm,1,,unique_allocation,candidate,admitted_priced,1,candidate,255,255,Protocol Evidence Supplier,Protocol Evidence Manufacturer,PROTOCOL-156-door_stay_arm,8,priced,test-fixture://review-evidence-closure/source/door_stay_arm,Protocol-only fixture proving source-backed closure. Not a real supplier quote.,2026-05-17T11:40:00.000+01:00,,Keep source record attached; re-check freshness before procurement use.
maintenance_serviceability_service_lighting_led_service_luminaire,led_service_luminaire,LED service luminaire,1,,unique_allocation,candidate,admitted_priced,1,candidate,256,256,Protocol Evidence Supplier,Protocol Evidence Manufacturer,PROTOCOL-157-led_service_luminaire,8,priced,test-fixture://review-evidence-closure/source/led_service_luminaire,Protocol-only fixture proving source-backed closure. Not a real supplier quote.,2026-05-17T11:40:00.000+01:00,,Keep source record attached; re-check freshness before procurement use.
maintenance_serviceability_service_lighting_emergency_light_fitting,emergency_light_fitting,emergency light fitting,1,,unique_allocation,candidate,admitted_priced,1,candidate,257,257,Protocol Evidence Supplier,Protocol Evidence Manufacturer,PROTOCOL-158-emergency_light_fitting,8,priced,test-fixture://review-evidence-closure/source/emergency_light_fitting,Protocol-only fixture proving source-backed closure. Not a real supplier quote.,2026-05-17T11:40:00.000+01:00,,Keep source record attached; re-check freshness before procurement use.
maintenance_serviceability_service_lighting_maintenance_receptacle,maintenance_receptacle,maintenance receptacle,1,,unique_allocation,candidate,admitted_priced,1,candidate,258,258,Protocol Evidence Supplier,Protocol Evidence Manufacturer,PROTOCOL-159-maintenance_receptacle,8,priced,test-fixture://review-evidence-closure/source/maintenance_receptacle,Protocol-only fixture proving source-backed closure. Not a real supplier quote.,2026-05-17T11:40:00.000+01:00,,Keep source record attached; re-check freshness before procurement use.
maintenance_serviceability_service_lighting_lighting_switchgear,lighting_switchgear,lighting switchgear,1,,unique_allocation,candidate,admitted_priced,1,candidate,259,259,Protocol Evidence Supplier,Protocol Evidence Manufacturer,PROTOCOL-160-lighting_switchgear,8,priced,test-fixture://review-evidence-closure/source/lighting_switchgear,Protocol-only fixture proving source-backed closure. Not a real supplier quote.,2026-05-17T11:40:00.000+01:00,,Keep source record attached; re-check freshness before procurement use.
maintenance_serviceability_lifting_handling_certified_lifting_lug,certified_lifting_lug,certified lifting lug,1,,unique_allocation,candidate,admitted_priced,1,candidate,260,260,Protocol Evidence Supplier,Protocol Evidence Manufacturer,PROTOCOL-161-certified_lifting_lug,8,priced,test-fixture://review-evidence-closure/source/certified_lifting_lug,Protocol-only fixture proving source-backed closure. Not a real supplier quote.,2026-05-17T11:40:00.000+01:00,,Keep source record attached; re-check freshness before procurement use.
maintenance_serviceability_lifting_handling_forklift_pocket_reinforcement,forklift_pocket_reinforcement,forklift pocket reinforcement,1,,unique_allocation,candidate,admitted_priced,1,candidate,261,261,Protocol Evidence Supplier,Protocol Evidence Manufacturer,PROTOCOL-162-forklift_pocket_reinforcement,8,priced,test-fixture://review-evidence-closure/source/forklift_pocket_reinforcement,Protocol-only fixture proving source-backed closure. Not a real supplier quote.,2026-05-17T11:40:00.000+01:00,,Keep source record attached; re-check freshness before procurement use.
maintenance_serviceability_lifting_handling_removable_rack_guide,removable_rack_guide,removable rack guide,1,,unique_allocation,candidate,admitted_priced,1,candidate,262,262,Protocol Evidence Supplier,Protocol Evidence Manufacturer,PROTOCOL-163-removable_rack_guide,8,priced,test-fixture://review-evidence-closure/source/removable_rack_guide,Protocol-only fixture proving source-backed closure. Not a real supplier quote.,2026-05-17T11:40:00.000+01:00,,Keep source record attached; re-check freshness before procurement use.
maintenance_serviceability_lifting_handling_service_trolley_interface,service_trolley_interface,service trolley interface,1,,unique_allocation,candidate,admitted_priced,1,candidate,263,263,Protocol Evidence Supplier,Protocol Evidence Manufacturer,PROTOCOL-164-service_trolley_interface,8,priced,test-fixture://review-evidence-closure/source/service_trolley_interface,Protocol-only fixture proving source-backed closure. Not a real supplier quote.,2026-05-17T11:40:00.000+01:00,,Keep source record attached; re-check freshness before procurement use.
maintenance_serviceability_commissioning_ports_insulated_test_socket,insulated_test_socket,insulated test socket,1,,unique_allocation,candidate,admitted_priced,1,candidate,264,264,Protocol Evidence Supplier,Protocol Evidence Manufacturer,PROTOCOL-165-insulated_test_socket,8,priced,test-fixture://review-evidence-closure/source/insulated_test_socket,Protocol-only fixture proving source-backed closure. Not a real supplier quote.,2026-05-17T11:40:00.000+01:00,,Keep source record attached; re-check freshness before procurement use.
maintenance_serviceability_commissioning_ports_coolant_sampling_port,coolant_sampling_port,coolant sampling port,1,,unique_allocation,candidate,admitted_priced,1,candidate,265,265,Protocol Evidence Supplier,Protocol Evidence Manufacturer,PROTOCOL-166-coolant_sampling_port,8,priced,test-fixture://review-evidence-closure/source/coolant_sampling_port,Protocol-only fixture proving source-backed closure. Not a real supplier quote.,2026-05-17T11:40:00.000+01:00,,Keep source record attached; re-check freshness before procurement use.
maintenance_serviceability_commissioning_ports_laptop_service_port,laptop_service_port,laptop service port,1,,unique_allocation,candidate,admitted_priced,1,candidate,266,266,Protocol Evidence Supplier,Protocol Evidence Manufacturer,PROTOCOL-167-laptop_service_port,8,priced,test-fixture://review-evidence-closure/source/laptop_service_port,Protocol-only fixture proving source-backed closure. Not a real supplier quote.,2026-05-17T11:40:00.000+01:00,,Keep source record attached; re-check freshness before procurement use.
maintenance_serviceability_commissioning_ports_lockout_hasp_rail,lockout_hasp_rail,lockout hasp rail,1,,unique_allocation,candidate,admitted_priced,1,candidate,267,267,Protocol Evidence Supplier,Protocol Evidence Manufacturer,PROTOCOL-168-lockout_hasp_rail,8,priced,test-fixture://review-evidence-closure/source/lockout_hasp_rail,Protocol-only fixture proving source-backed closure. Not a real supplier quote.,2026-05-17T11:40:00.000+01:00,,Keep source record attached; re-check freshness before procurement use.
maintenance_serviceability_commissioning_ports_commissioning_torque_log_plate,commissioning_torque_log_plate,commissioning torque log plate,1,,unique_allocation,candidate,admitted_priced,1,candidate,268,268,Protocol Evidence Supplier,Protocol Evidence Manufacturer,PROTOCOL-169-commissioning_torque_log_plate,8,priced,test-fixture://review-evidence-closure/source/commissioning_torque_log_plate,Protocol-only fixture proving source-backed closure. Not a real supplier quote.,2026-05-17T11:40:00.000+01:00,,Keep source record attached; re-check freshness before procurement use.
mass_fluid_transport_process_pump_station_thermal_management_loop,thermal_management_loop,Thermal management loop,1,,unique_allocation,critical,admitted_priced,1,candidate,269,269,Protocol Evidence Supplier,Protocol Evidence Manufacturer,PROTOCOL-170-thermal_management_loop,8,priced,test-fixture://review-evidence-closure/source/thermal_management_loop,Protocol-only fixture proving source-backed closure. Not a real supplier quote.,2026-05-17T11:40:00.000+01:00,,Keep source record attached; re-check freshness before procurement use.
mass_fluid_transport_process_pump_station_coolant_circulation_pump,coolant_circulation_pump,coolant circulation pump,1,,unique_allocation,candidate,admitted_priced,1,candidate,270,270,Protocol Evidence Supplier,Protocol Evidence Manufacturer,PROTOCOL-171-coolant_circulation_pump,8,priced,test-fixture://review-evidence-closure/source/coolant_circulation_pump,Protocol-only fixture proving source-backed closure. Not a real supplier quote.,2026-05-17T11:40:00.000+01:00,,Keep source record attached; re-check freshness before procurement use.
mass_fluid_transport_process_pump_station_pump_vfd,pump_vfd,pump VFD,1,,unique_allocation,candidate,admitted_priced,1,candidate,271,271,Protocol Evidence Supplier,Protocol Evidence Manufacturer,PROTOCOL-172-pump_vfd,8,priced,test-fixture://review-evidence-closure/source/pump_vfd,Protocol-only fixture proving source-backed closure. Not a real supplier quote.,2026-05-17T11:40:00.000+01:00,,Keep source record attached; re-check freshness before procurement use.
mass_fluid_transport_process_pump_station_check_valve,check_valve,check valve,1,,unique_allocation,candidate,admitted_priced,1,candidate,272,272,Protocol Evidence Supplier,Protocol Evidence Manufacturer,PROTOCOL-173-check_valve,8,priced,test-fixture://review-evidence-closure/source/check_valve,Protocol-only fixture proving source-backed closure. Not a real supplier quote.,2026-05-17T11:40:00.000+01:00,,Keep source record attached; re-check freshness before procurement use.
mass_fluid_transport_process_pump_station_isolation_valve,isolation_valve,isolation valve,1,,unique_allocation,candidate,admitted_priced,1,candidate,273,273,Protocol Evidence Supplier,Protocol Evidence Manufacturer,PROTOCOL-174-isolation_valve,8,priced,test-fixture://review-evidence-closure/source/isolation_valve,Protocol-only fixture proving source-backed closure. Not a real supplier quote.,2026-05-17T11:40:00.000+01:00,,Keep source record attached; re-check freshness before procurement use.
mass_fluid_transport_process_filtration_treatment_coolant_filter_housing,coolant_filter_housing,coolant filter housing,1,,unique_allocation,candidate,admitted_priced,1,candidate,274,274,Protocol Evidence Supplier,Protocol Evidence Manufacturer,PROTOCOL-175-coolant_filter_housing,8,priced,test-fixture://review-evidence-closure/source/coolant_filter_housing,Protocol-only fixture proving source-backed closure. Not a real supplier quote.,2026-05-17T11:40:00.000+01:00,,Keep source record attached; re-check freshness before procurement use.
mass_fluid_transport_process_filtration_treatment_replaceable_filter_cartridge,replaceable_filter_cartridge,replaceable filter cartridge,1,,unique_allocation,candidate,admitted_priced,1,candidate,275,275,Protocol Evidence Supplier,Protocol Evidence Manufacturer,PROTOCOL-176-replaceable_filter_cartridge,8,priced,test-fixture://review-evidence-closure/source/replaceable_filter_cartridge,Protocol-only fixture proving source-backed closure. Not a real supplier quote.,2026-05-17T11:40:00.000+01:00,,Keep source record attached; re-check freshness before procurement use.
mass_fluid_transport_process_filtration_treatment_glycol_concentration_sensor,glycol_concentration_sensor,glycol concentration sensor,1,,unique_allocation,candidate,admitted_priced,1,candidate,276,276,Protocol Evidence Supplier,Protocol Evidence Manufacturer,PROTOCOL-177-glycol_concentration_sensor,8,priced,test-fixture://review-evidence-closure/source/glycol_concentration_sensor,Protocol-only fixture proving source-backed closure. Not a real supplier quote.,2026-05-17T11:40:00.000+01:00,,Keep source record attached; re-check freshness before procurement use.
mass_fluid_transport_process_filtration_treatment_fill_and_drain_manifold,fill_and_drain_manifold,fill and drain manifold,1,,unique_allocation,candidate,admitted_priced,1,candidate,277,277,Protocol Evidence Supplier,Protocol Evidence Manufacturer,PROTOCOL-178-fill_and_drain_manifold,8,priced,test-fixture://review-evidence-closure/source/fill_and_drain_manifold,Protocol-only fixture proving source-backed closure. Not a real supplier quote.,2026-05-17T11:40:00.000+01:00,,Keep source record attached; re-check freshness before procurement use.
mass_fluid_transport_process_expansion_air_removal_expansion_vessel,expansion_vessel,expansion vessel,1,,unique_allocation,candidate,admitted_priced,1,candidate,278,278,Protocol Evidence Supplier,Protocol Evidence Manufacturer,PROTOCOL-179-expansion_vessel,8,priced,test-fixture://review-evidence-closure/source/expansion_vessel,Protocol-only fixture proving source-backed closure. Not a real supplier quote.,2026-05-17T11:40:00.000+01:00,,Keep source record attached; re-check freshness before procurement use.
mass_fluid_transport_process_expansion_air_removal_automatic_air_vent,automatic_air_vent,automatic air vent,1,,unique_allocation,candidate,admitted_priced,1,candidate,279,279,Protocol Evidence Supplier,Protocol Evidence Manufacturer,PROTOCOL-180-automatic_air_vent,8,priced,test-fixture://review-evidence-closure/source/automatic_air_vent,Protocol-only fixture proving source-backed closure. Not a real supplier quote.,2026-05-17T11:40:00.000+01:00,,Keep source record attached; re-check freshness before procurement use.
mass_fluid_transport_process_expansion_air_removal_pressure_relief_valve,pressure_relief_valve,pressure relief valve,1,,unique_allocation,candidate,admitted_priced,1,candidate,280,280,Protocol Evidence Supplier,Protocol Evidence Manufacturer,PROTOCOL-181-pressure_relief_valve,8,priced,test-fixture://review-evidence-closure/source/pressure_relief_valve,Protocol-only fixture proving source-backed closure. Not a real supplier quote.,2026-05-17T11:40:00.000+01:00,,Keep source record attached; re-check freshness before procurement use.
mass_fluid_transport_process_expansion_air_removal_low_pressure_switch,low_pressure_switch,low pressure switch,1,,unique_allocation,candidate,admitted_priced,1,candidate,281,281,Protocol Evidence Supplier,Protocol Evidence Manufacturer,PROTOCOL-182-low_pressure_switch,8,priced,test-fixture://review-evidence-closure/source/low_pressure_switch,Protocol-only fixture proving source-backed closure. Not a real supplier quote.,2026-05-17T11:40:00.000+01:00,,Keep source record attached; re-check freshness before procurement use.
mass_fluid_transport_process_heat_exchanger_manifold_plate_heat_exchanger,plate_heat_exchanger,plate heat exchanger,1,,unique_allocation,candidate,admitted_priced,1,candidate,282,282,Protocol Evidence Supplier,Protocol Evidence Manufacturer,PROTOCOL-183-plate_heat_exchanger,8,priced,test-fixture://review-evidence-closure/source/plate_heat_exchanger,Protocol-only fixture proving source-backed closure. Not a real supplier quote.,2026-05-17T11:40:00.000+01:00,,Keep source record attached; re-check freshness before procurement use.
mass_fluid_transport_process_heat_exchanger_manifold_temperature_balancing_valve,temperature_balancing_valve,temperature balancing valve,1,,unique_allocation,candidate,admitted_priced,1,candidate,283,283,Protocol Evidence Supplier,Protocol Evidence Manufacturer,PROTOCOL-184-temperature_balancing_valve,8,priced,test-fixture://review-evidence-closure/source/temperature_balancing_valve,Protocol-only fixture proving source-backed closure. Not a real supplier quote.,2026-05-17T11:40:00.000+01:00,,Keep source record attached; re-check freshness before procurement use.
mass_fluid_transport_process_heat_exchanger_manifold_purge_valve_set,purge_valve_set,purge valve set,1,,unique_allocation,candidate,admitted_priced,1,candidate,284,284,Protocol Evidence Supplier,Protocol Evidence Manufacturer,PROTOCOL-185-purge_valve_set,8,priced,test-fixture://review-evidence-closure/source/purge_valve_set,Protocol-only fixture proving source-backed closure. Not a real supplier quote.,2026-05-17T11:40:00.000+01:00,,Keep source record attached; re-check freshness before procurement use.
mass_fluid_transport_process_heat_exchanger_manifold_service_bypass_loop,service_bypass_loop,service bypass loop,1,,unique_allocation,candidate,admitted_priced,1,candidate,285,285,Protocol Evidence Supplier,Protocol Evidence Manufacturer,PROTOCOL-186-service_bypass_loop,8,priced,test-fixture://review-evidence-closure/source/service_bypass_loop,Protocol-only fixture proving source-backed closure. Not a real supplier quote.,2026-05-17T11:40:00.000+01:00,,Keep source record attached; re-check freshness before procurement use.
mass_fluid_transport_process_heat_exchanger_manifold_insulated_hose_set,insulated_hose_set,insulated hose set,1,,unique_allocation,candidate,admitted_priced,1,candidate,286,286,Protocol Evidence Supplier,Protocol Evidence Manufacturer,PROTOCOL-187-insulated_hose_set,8,priced,test-fixture://review-evidence-closure/source/insulated_hose_set,Protocol-only fixture proving source-backed closure. Not a real supplier quote.,2026-05-17T11:40:00.000+01:00,,Keep source record attached; re-check freshness before procurement use.
hmi_ergonomics_local_hmi_industrial_touchscreen,industrial_touchscreen,industrial touchscreen,1,,unique_allocation,candidate,admitted_priced,1,candidate,287,287,Protocol Evidence Supplier,Protocol Evidence Manufacturer,PROTOCOL-188-industrial_touchscreen,8,priced,test-fixture://review-evidence-closure/source/industrial_touchscreen,Protocol-only fixture proving source-backed closure. Not a real supplier quote.,2026-05-17T11:40:00.000+01:00,,Keep source record attached; re-check freshness before procurement use.
hmi_ergonomics_local_hmi_panel_pc,panel_pc,panel PC,1,,unique_allocation,candidate,admitted_priced,1,candidate,288,288,Protocol Evidence Supplier,Protocol Evidence Manufacturer,PROTOCOL-189-panel_pc,8,priced,test-fixture://review-evidence-closure/source/panel_pc,Protocol-only fixture proving source-backed closure. Not a real supplier quote.,2026-05-17T11:40:00.000+01:00,,Keep source record attached; re-check freshness before procurement use.
hmi_ergonomics_local_hmi_key_switch,key_switch,key switch,1,,unique_allocation,candidate,admitted_priced,1,candidate,289,289,Protocol Evidence Supplier,Protocol Evidence Manufacturer,PROTOCOL-190-key_switch,8,priced,test-fixture://review-evidence-closure/source/key_switch,Protocol-only fixture proving source-backed closure. Not a real supplier quote.,2026-05-17T11:40:00.000+01:00,,Keep source record attached; re-check freshness before procurement use.
hmi_ergonomics_local_hmi_alarm_buzzer_beacon,alarm_buzzer_beacon,alarm buzzer beacon,1,,unique_allocation,candidate,admitted_priced,1,candidate,290,290,Protocol Evidence Supplier,Protocol Evidence Manufacturer,PROTOCOL-191-alarm_buzzer_beacon,8,priced,test-fixture://review-evidence-closure/source/alarm_buzzer_beacon,Protocol-only fixture proving source-backed closure. Not a real supplier quote.,2026-05-17T11:40:00.000+01:00,,Keep source record attached; re-check freshness before procurement use.
hmi_ergonomics_external_labelling_high_voltage_warning_label,high_voltage_warning_label,high voltage warning label,1,,unique_allocation,candidate,admitted_priced,1,candidate,291,291,Protocol Evidence Supplier,Protocol Evidence Manufacturer,PROTOCOL-192-high_voltage_warning_label,8,priced,test-fixture://review-evidence-closure/source/high_voltage_warning_label,Protocol-only fixture proving source-backed closure. Not a real supplier quote.,2026-05-17T11:40:00.000+01:00,,Keep source record attached; re-check freshness before procurement use.
hmi_ergonomics_external_labelling_arc_flash_boundary_label,arc_flash_boundary_label,arc flash boundary label,1,,unique_allocation,candidate,admitted_priced,1,candidate,292,292,Protocol Evidence Supplier,Protocol Evidence Manufacturer,PROTOCOL-193-arc_flash_boundary_label,8,priced,test-fixture://review-evidence-closure/source/arc_flash_boundary_label,Protocol-only fixture proving source-backed closure. Not a real supplier quote.,2026-05-17T11:40:00.000+01:00,,Keep source record attached; re-check freshness before procurement use.
hmi_ergonomics_external_labelling_fire_suppression_instruction_placard,fire_suppression_instruction_placard,fire suppression instruction placard,1,,unique_allocation,candidate,admitted_priced,1,candidate,293,293,Protocol Evidence Supplier,Protocol Evidence Manufacturer,PROTOCOL-194-fire_suppression_instruction_placard,8,priced,test-fixture://review-evidence-closure/source/fire_suppression_instruction_placard,Protocol-only fixture proving source-backed closure. Not a real supplier quote.,2026-05-17T11:40:00.000+01:00,,Keep source record attached; re-check freshness before procurement use.
hmi_ergonomics_external_labelling_asset_qr_label,asset_qr_label,asset QR label,1,,unique_allocation,candidate,admitted_priced,1,candidate,294,294,Protocol Evidence Supplier,Protocol Evidence Manufacturer,PROTOCOL-195-asset_qr_label,8,priced,test-fixture://review-evidence-closure/source/asset_qr_label,Protocol-only fixture proving source-backed closure. Not a real supplier quote.,2026-05-17T11:40:00.000+01:00,,Keep source record attached; re-check freshness before procurement use.
hmi_ergonomics_operator_workflow_laminated_isolation_checklist,laminated_isolation_checklist,laminated isolation checklist,1,,unique_allocation,candidate,admitted_priced,1,candidate,295,295,Protocol Evidence Supplier,Protocol Evidence Manufacturer,PROTOCOL-196-laminated_isolation_checklist,8,priced,test-fixture://review-evidence-closure/source/laminated_isolation_checklist,Protocol-only fixture proving source-backed closure. Not a real supplier quote.,2026-05-17T11:40:00.000+01:00,,Keep source record attached; re-check freshness before procurement use.
hmi_ergonomics_operator_workflow_inspection_log_holder,inspection_log_holder,inspection log holder,1,,unique_allocation,candidate,admitted_priced,1,candidate,296,296,Protocol Evidence Supplier,Protocol Evidence Manufacturer,PROTOCOL-197-inspection_log_holder,8,priced,test-fixture://review-evidence-closure/source/inspection_log_holder,Protocol-only fixture proving source-backed closure. Not a real supplier quote.,2026-05-17T11:40:00.000+01:00,,Keep source record attached; re-check freshness before procurement use.
hmi_ergonomics_operator_workflow_status_stack_light,status_stack_light,status stack light,1,,unique_allocation,candidate,admitted_priced,1,candidate,297,297,Protocol Evidence Supplier,Protocol Evidence Manufacturer,PROTOCOL-198-status_stack_light,8,priced,test-fixture://review-evidence-closure/source/status_stack_light,Protocol-only fixture proving source-backed closure. Not a real supplier quote.,2026-05-17T11:40:00.000+01:00,,Keep source record attached; re-check freshness before procurement use.
hmi_ergonomics_operator_workflow_manual_reset_station,manual_reset_station,manual reset station,1,,unique_allocation,candidate,admitted_priced,1,candidate,298,298,Protocol Evidence Supplier,Protocol Evidence Manufacturer,PROTOCOL-199-manual_reset_station,8,priced,test-fixture://review-evidence-closure/source/manual_reset_station,Protocol-only fixture proving source-backed closure. Not a real supplier quote.,2026-05-17T11:40:00.000+01:00,,Keep source record attached; re-check freshness before procurement use.
hmi_ergonomics_remote_notification_operator_notification_relay,operator_notification_relay,operator notification relay,1,,unique_allocation,candidate,admitted_priced,1,candidate,299,299,Protocol Evidence Supplier,Protocol Evidence Manufacturer,PROTOCOL-200-operator_notification_relay,8,priced,test-fixture://review-evidence-closure/source/operator_notification_relay,Protocol-only fixture proving source-backed closure. Not a real supplier quote.,2026-05-17T11:40:00.000+01:00,,Keep source record attached; re-check freshness before procurement use.
hmi_ergonomics_remote_notification_sms_alarm_output_module,sms_alarm_output_module,SMS alarm output module,1,,unique_allocation,candidate,admitted_priced,1,candidate,300,300,Protocol Evidence Supplier,Protocol Evidence Manufacturer,PROTOCOL-201-sms_alarm_output_module,8,priced,test-fixture://review-evidence-closure/source/sms_alarm_output_module,Protocol-only fixture proving source-backed closure. Not a real supplier quote.,2026-05-17T11:40:00.000+01:00,,Keep source record attached; re-check freshness before procurement use.
hmi_ergonomics_remote_notification_alarm_acknowledgement_button,alarm_acknowledgement_button,alarm acknowledgement button,1,,unique_allocation,candidate,admitted_priced,1,candidate,301,301,Protocol Evidence Supplier,Protocol Evidence Manufacturer,PROTOCOL-202-alarm_acknowledgement_button,8,priced,test-fixture://review-evidence-closure/source/alarm_acknowledgement_button,Protocol-only fixture proving source-backed closure. Not a real supplier quote.,2026-05-17T11:40:00.000+01:00,,Keep source record attached; re-check freshness before procurement use.
hmi_ergonomics_remote_notification_escalation_contact_label,escalation_contact_label,escalation contact label,1,,unique_allocation,candidate,admitted_priced,1,candidate,302,302,Protocol Evidence Supplier,Protocol Evidence Manufacturer,PROTOCOL-203-escalation_contact_label,8,priced,test-fixture://review-evidence-closure/source/escalation_contact_label,Protocol-only fixture proving source-backed closure. Not a real supplier quote.,2026-05-17T11:40:00.000+01:00,,Keep source record attached; re-check freshness before procurement use.
hmi_ergonomics_remote_notification_remote_reset_inhibit_relay,remote_reset_inhibit_relay,remote reset inhibit relay,1,,unique_allocation,candidate,admitted_priced,1,candidate,303,303,Protocol Evidence Supplier,Protocol Evidence Manufacturer,PROTOCOL-204-remote_reset_inhibit_relay,8,priced,test-fixture://review-evidence-closure/source/remote_reset_inhibit_relay,Protocol-only fixture proving source-backed closure. Not a real supplier quote.,2026-05-17T11:40:00.000+01:00,,Keep source record attached; re-check freshness before procurement use.
