lineId,componentWordId,description,critical,field,value,status,sourceRef,sourceQuote,retrievedAt,nextAction
energy_storage_source_cell_string_lfp_prismatic_cells,lfp_prismatic_cells,LFP prismatic cells,true,supplier,Protocol Evidence Supplier,source_backed,test-fixture://review-evidence-closure/source/lfp_prismatic_cells,Protocol-only fixture proving source-backed closure. Not a real supplier quote.,2026-05-17T11:40:00.000+01:00,Keep source record attached; refresh evidence before procurement use.
energy_storage_source_cell_string_lfp_prismatic_cells,lfp_prismatic_cells,LFP prismatic cells,true,manufacturer,Protocol Evidence Manufacturer,source_backed,test-fixture://review-evidence-closure/source/lfp_prismatic_cells,Protocol-only fixture proving source-backed closure. Not a real supplier quote.,2026-05-17T11:40:00.000+01:00,Keep source record attached; refresh evidence before procurement use.
energy_storage_source_cell_string_lfp_prismatic_cells,lfp_prismatic_cells,LFP prismatic cells,true,mpn,PROTOCOL-1-lfp_prismatic_cells,source_backed,test-fixture://review-evidence-closure/source/lfp_prismatic_cells,Protocol-only fixture proving source-backed closure. Not a real supplier quote.,2026-05-17T11:40:00.000+01:00,Keep source record attached; refresh evidence before procurement use.
energy_storage_source_cell_string_lfp_prismatic_cells,lfp_prismatic_cells,LFP prismatic cells,true,unit_cost_gbp,100,source_backed,test-fixture://review-evidence-closure/source/lfp_prismatic_cells,Protocol-only fixture proving source-backed closure. Not a real supplier quote.,2026-05-17T11:40:00.000+01:00,Keep source record attached; refresh evidence before procurement use.
energy_storage_source_cell_string_lfp_prismatic_cells,lfp_prismatic_cells,LFP prismatic cells,true,lead_time_weeks,8,source_backed,test-fixture://review-evidence-closure/source/lfp_prismatic_cells,Protocol-only fixture proving source-backed closure. Not a real supplier quote.,2026-05-17T11:40:00.000+01:00,Keep source record attached; refresh evidence before procurement use.
energy_storage_source_cell_string_cell_to_cell_busbar,cell_to_cell_busbar,cell-to-cell busbar,false,supplier,Protocol Evidence Supplier,source_backed,test-fixture://review-evidence-closure/source/cell_to_cell_busbar,Protocol-only fixture proving source-backed closure. Not a real supplier quote.,2026-05-17T11:40:00.000+01:00,Keep source record attached; refresh evidence before procurement use.
energy_storage_source_cell_string_cell_to_cell_busbar,cell_to_cell_busbar,cell-to-cell busbar,false,manufacturer,Protocol Evidence Manufacturer,source_backed,test-fixture://review-evidence-closure/source/cell_to_cell_busbar,Protocol-only fixture proving source-backed closure. Not a real supplier quote.,2026-05-17T11:40:00.000+01:00,Keep source record attached; refresh evidence before procurement use.
energy_storage_source_cell_string_cell_to_cell_busbar,cell_to_cell_busbar,cell-to-cell busbar,false,mpn,PROTOCOL-2-cell_to_cell_busbar,source_backed,test-fixture://review-evidence-closure/source/cell_to_cell_busbar,Protocol-only fixture proving source-backed closure. Not a real supplier quote.,2026-05-17T11:40:00.000+01:00,Keep source record attached; refresh evidence before procurement use.
energy_storage_source_cell_string_cell_to_cell_busbar,cell_to_cell_busbar,cell-to-cell busbar,false,unit_cost_gbp,101,source_backed,test-fixture://review-evidence-closure/source/cell_to_cell_busbar,Protocol-only fixture proving source-backed closure. Not a real supplier quote.,2026-05-17T11:40:00.000+01:00,Keep source record attached; refresh evidence before procurement use.
energy_storage_source_cell_string_cell_to_cell_busbar,cell_to_cell_busbar,cell-to-cell busbar,false,lead_time_weeks,8,source_backed,test-fixture://review-evidence-closure/source/cell_to_cell_busbar,Protocol-only fixture proving source-backed closure. Not a real supplier quote.,2026-05-17T11:40:00.000+01:00,Keep source record attached; refresh evidence before procurement use.
energy_storage_source_cell_string_cell_terminal_hardware_set,cell_terminal_hardware_set,cell terminal hardware set,false,supplier,Protocol Evidence Supplier,source_backed,test-fixture://review-evidence-closure/source/cell_terminal_hardware_set,Protocol-only fixture proving source-backed closure. Not a real supplier quote.,2026-05-17T11:40:00.000+01:00,Keep source record attached; refresh evidence before procurement use.
energy_storage_source_cell_string_cell_terminal_hardware_set,cell_terminal_hardware_set,cell terminal hardware set,false,manufacturer,Protocol Evidence Manufacturer,source_backed,test-fixture://review-evidence-closure/source/cell_terminal_hardware_set,Protocol-only fixture proving source-backed closure. Not a real supplier quote.,2026-05-17T11:40:00.000+01:00,Keep source record attached; refresh evidence before procurement use.
energy_storage_source_cell_string_cell_terminal_hardware_set,cell_terminal_hardware_set,cell terminal hardware set,false,mpn,PROTOCOL-3-cell_terminal_hardware_set,source_backed,test-fixture://review-evidence-closure/source/cell_terminal_hardware_set,Protocol-only fixture proving source-backed closure. Not a real supplier quote.,2026-05-17T11:40:00.000+01:00,Keep source record attached; refresh evidence before procurement use.
energy_storage_source_cell_string_cell_terminal_hardware_set,cell_terminal_hardware_set,cell terminal hardware set,false,unit_cost_gbp,102,source_backed,test-fixture://review-evidence-closure/source/cell_terminal_hardware_set,Protocol-only fixture proving source-backed closure. Not a real supplier quote.,2026-05-17T11:40:00.000+01:00,Keep source record attached; refresh evidence before procurement use.
energy_storage_source_cell_string_cell_terminal_hardware_set,cell_terminal_hardware_set,cell terminal hardware set,false,lead_time_weeks,8,source_backed,test-fixture://review-evidence-closure/source/cell_terminal_hardware_set,Protocol-only fixture proving source-backed closure. Not a real supplier quote.,2026-05-17T11:40:00.000+01:00,Keep source record attached; refresh evidence before procurement use.
energy_storage_source_cell_string_cell_insulation_pad,cell_insulation_pad,cell insulation pad,false,supplier,Protocol Evidence Supplier,source_backed,test-fixture://review-evidence-closure/source/cell_insulation_pad,Protocol-only fixture proving source-backed closure. Not a real supplier quote.,2026-05-17T11:40:00.000+01:00,Keep source record attached; refresh evidence before procurement use.
energy_storage_source_cell_string_cell_insulation_pad,cell_insulation_pad,cell insulation pad,false,manufacturer,Protocol Evidence Manufacturer,source_backed,test-fixture://review-evidence-closure/source/cell_insulation_pad,Protocol-only fixture proving source-backed closure. Not a real supplier quote.,2026-05-17T11:40:00.000+01:00,Keep source record attached; refresh evidence before procurement use.
energy_storage_source_cell_string_cell_insulation_pad,cell_insulation_pad,cell insulation pad,false,mpn,PROTOCOL-4-cell_insulation_pad,source_backed,test-fixture://review-evidence-closure/source/cell_insulation_pad,Protocol-only fixture proving source-backed closure. Not a real supplier quote.,2026-05-17T11:40:00.000+01:00,Keep source record attached; refresh evidence before procurement use.
energy_storage_source_cell_string_cell_insulation_pad,cell_insulation_pad,cell insulation pad,false,unit_cost_gbp,103,source_backed,test-fixture://review-evidence-closure/source/cell_insulation_pad,Protocol-only fixture proving source-backed closure. Not a real supplier quote.,2026-05-17T11:40:00.000+01:00,Keep source record attached; refresh evidence before procurement use.
energy_storage_source_cell_string_cell_insulation_pad,cell_insulation_pad,cell insulation pad,false,lead_time_weeks,8,source_backed,test-fixture://review-evidence-closure/source/cell_insulation_pad,Protocol-only fixture proving source-backed closure. Not a real supplier quote.,2026-05-17T11:40:00.000+01:00,Keep source record attached; refresh evidence before procurement use.
energy_storage_source_cell_string_module_fuse,module_fuse,module fuse,false,supplier,Protocol Evidence Supplier,source_backed,test-fixture://review-evidence-closure/source/module_fuse,Protocol-only fixture proving source-backed closure. Not a real supplier quote.,2026-05-17T11:40:00.000+01:00,Keep source record attached; refresh evidence before procurement use.
energy_storage_source_cell_string_module_fuse,module_fuse,module fuse,false,manufacturer,Protocol Evidence Manufacturer,source_backed,test-fixture://review-evidence-closure/source/module_fuse,Protocol-only fixture proving source-backed closure. Not a real supplier quote.,2026-05-17T11:40:00.000+01:00,Keep source record attached; refresh evidence before procurement use.
energy_storage_source_cell_string_module_fuse,module_fuse,module fuse,false,mpn,PROTOCOL-5-module_fuse,source_backed,test-fixture://review-evidence-closure/source/module_fuse,Protocol-only fixture proving source-backed closure. Not a real supplier quote.,2026-05-17T11:40:00.000+01:00,Keep source record attached; refresh evidence before procurement use.
energy_storage_source_cell_string_module_fuse,module_fuse,module fuse,false,unit_cost_gbp,104,source_backed,test-fixture://review-evidence-closure/source/module_fuse,Protocol-only fixture proving source-backed closure. Not a real supplier quote.,2026-05-17T11:40:00.000+01:00,Keep source record attached; refresh evidence before procurement use.
energy_storage_source_cell_string_module_fuse,module_fuse,module fuse,false,lead_time_weeks,8,source_backed,test-fixture://review-evidence-closure/source/module_fuse,Protocol-only fixture proving source-backed closure. Not a real supplier quote.,2026-05-17T11:40:00.000+01:00,Keep source record attached; refresh evidence before procurement use.
energy_storage_source_rack_structure_module_steel_frame,module_steel_frame,module steel frame,false,supplier,Protocol Evidence Supplier,source_backed,test-fixture://review-evidence-closure/source/module_steel_frame,Protocol-only fixture proving source-backed closure. Not a real supplier quote.,2026-05-17T11:40:00.000+01:00,Keep source record attached; refresh evidence before procurement use.
energy_storage_source_rack_structure_module_steel_frame,module_steel_frame,module steel frame,false,manufacturer,Protocol Evidence Manufacturer,source_backed,test-fixture://review-evidence-closure/source/module_steel_frame,Protocol-only fixture proving source-backed closure. Not a real supplier quote.,2026-05-17T11:40:00.000+01:00,Keep source record attached; refresh evidence before procurement use.
energy_storage_source_rack_structure_module_steel_frame,module_steel_frame,module steel frame,false,mpn,PROTOCOL-6-module_steel_frame,source_backed,test-fixture://review-evidence-closure/source/module_steel_frame,Protocol-only fixture proving source-backed closure. Not a real supplier quote.,2026-05-17T11:40:00.000+01:00,Keep source record attached; refresh evidence before procurement use.
energy_storage_source_rack_structure_module_steel_frame,module_steel_frame,module steel frame,false,unit_cost_gbp,105,source_backed,test-fixture://review-evidence-closure/source/module_steel_frame,Protocol-only fixture proving source-backed closure. Not a real supplier quote.,2026-05-17T11:40:00.000+01:00,Keep source record attached; refresh evidence before procurement use.
energy_storage_source_rack_structure_module_steel_frame,module_steel_frame,module steel frame,false,lead_time_weeks,8,source_backed,test-fixture://review-evidence-closure/source/module_steel_frame,Protocol-only fixture proving source-backed closure. Not a real supplier quote.,2026-05-17T11:40:00.000+01:00,Keep source record attached; refresh evidence before procurement use.
energy_storage_source_rack_structure_compression_plate,compression_plate,compression plate,false,supplier,Protocol Evidence Supplier,source_backed,test-fixture://review-evidence-closure/source/compression_plate,Protocol-only fixture proving source-backed closure. Not a real supplier quote.,2026-05-17T11:40:00.000+01:00,Keep source record attached; refresh evidence before procurement use.
energy_storage_source_rack_structure_compression_plate,compression_plate,compression plate,false,manufacturer,Protocol Evidence Manufacturer,source_backed,test-fixture://review-evidence-closure/source/compression_plate,Protocol-only fixture proving source-backed closure. Not a real supplier quote.,2026-05-17T11:40:00.000+01:00,Keep source record attached; refresh evidence before procurement use.
energy_storage_source_rack_structure_compression_plate,compression_plate,compression plate,false,mpn,PROTOCOL-7-compression_plate,source_backed,test-fixture://review-evidence-closure/source/compression_plate,Protocol-only fixture proving source-backed closure. Not a real supplier quote.,2026-05-17T11:40:00.000+01:00,Keep source record attached; refresh evidence before procurement use.
energy_storage_source_rack_structure_compression_plate,compression_plate,compression plate,false,unit_cost_gbp,106,source_backed,test-fixture://review-evidence-closure/source/compression_plate,Protocol-only fixture proving source-backed closure. Not a real supplier quote.,2026-05-17T11:40:00.000+01:00,Keep source record attached; refresh evidence before procurement use.
energy_storage_source_rack_structure_compression_plate,compression_plate,compression plate,false,lead_time_weeks,8,source_backed,test-fixture://review-evidence-closure/source/compression_plate,Protocol-only fixture proving source-backed closure. Not a real supplier quote.,2026-05-17T11:40:00.000+01:00,Keep source record attached; refresh evidence before procurement use.
energy_storage_source_rack_structure_compression_tie_rod_set,compression_tie_rod_set,compression tie rod set,false,supplier,Protocol Evidence Supplier,source_backed,test-fixture://review-evidence-closure/source/compression_tie_rod_set,Protocol-only fixture proving source-backed closure. Not a real supplier quote.,2026-05-17T11:40:00.000+01:00,Keep source record attached; refresh evidence before procurement use.
energy_storage_source_rack_structure_compression_tie_rod_set,compression_tie_rod_set,compression tie rod set,false,manufacturer,Protocol Evidence Manufacturer,source_backed,test-fixture://review-evidence-closure/source/compression_tie_rod_set,Protocol-only fixture proving source-backed closure. Not a real supplier quote.,2026-05-17T11:40:00.000+01:00,Keep source record attached; refresh evidence before procurement use.
energy_storage_source_rack_structure_compression_tie_rod_set,compression_tie_rod_set,compression tie rod set,false,mpn,PROTOCOL-8-compression_tie_rod_set,source_backed,test-fixture://review-evidence-closure/source/compression_tie_rod_set,Protocol-only fixture proving source-backed closure. Not a real supplier quote.,2026-05-17T11:40:00.000+01:00,Keep source record attached; refresh evidence before procurement use.
energy_storage_source_rack_structure_compression_tie_rod_set,compression_tie_rod_set,compression tie rod set,false,unit_cost_gbp,107,source_backed,test-fixture://review-evidence-closure/source/compression_tie_rod_set,Protocol-only fixture proving source-backed closure. Not a real supplier quote.,2026-05-17T11:40:00.000+01:00,Keep source record attached; refresh evidence before procurement use.
energy_storage_source_rack_structure_compression_tie_rod_set,compression_tie_rod_set,compression tie rod set,false,lead_time_weeks,8,source_backed,test-fixture://review-evidence-closure/source/compression_tie_rod_set,Protocol-only fixture proving source-backed closure. Not a real supplier quote.,2026-05-17T11:40:00.000+01:00,Keep source record attached; refresh evidence before procurement use.
energy_storage_source_rack_structure_module_top_cover,module_top_cover,module top cover,false,supplier,Protocol Evidence Supplier,source_backed,test-fixture://review-evidence-closure/source/module_top_cover,Protocol-only fixture proving source-backed closure. Not a real supplier quote.,2026-05-17T11:40:00.000+01:00,Keep source record attached; refresh evidence before procurement use.
energy_storage_source_rack_structure_module_top_cover,module_top_cover,module top cover,false,manufacturer,Protocol Evidence Manufacturer,source_backed,test-fixture://review-evidence-closure/source/module_top_cover,Protocol-only fixture proving source-backed closure. Not a real supplier quote.,2026-05-17T11:40:00.000+01:00,Keep source record attached; refresh evidence before procurement use.
energy_storage_source_rack_structure_module_top_cover,module_top_cover,module top cover,false,mpn,PROTOCOL-9-module_top_cover,source_backed,test-fixture://review-evidence-closure/source/module_top_cover,Protocol-only fixture proving source-backed closure. Not a real supplier quote.,2026-05-17T11:40:00.000+01:00,Keep source record attached; refresh evidence before procurement use.
energy_storage_source_rack_structure_module_top_cover,module_top_cover,module top cover,false,unit_cost_gbp,108,source_backed,test-fixture://review-evidence-closure/source/module_top_cover,Protocol-only fixture proving source-backed closure. Not a real supplier quote.,2026-05-17T11:40:00.000+01:00,Keep source record attached; refresh evidence before procurement use.
energy_storage_source_rack_structure_module_top_cover,module_top_cover,module top cover,false,lead_time_weeks,8,source_backed,test-fixture://review-evidence-closure/source/module_top_cover,Protocol-only fixture proving source-backed closure. Not a real supplier quote.,2026-05-17T11:40:00.000+01:00,Keep source record attached; refresh evidence before procurement use.
energy_storage_source_rack_structure_rack_label_plate,rack_label_plate,rack label plate,false,supplier,Protocol Evidence Supplier,source_backed,test-fixture://review-evidence-closure/source/rack_label_plate,Protocol-only fixture proving source-backed closure. Not a real supplier quote.,2026-05-17T11:40:00.000+01:00,Keep source record attached; refresh evidence before procurement use.
energy_storage_source_rack_structure_rack_label_plate,rack_label_plate,rack label plate,false,manufacturer,Protocol Evidence Manufacturer,source_backed,test-fixture://review-evidence-closure/source/rack_label_plate,Protocol-only fixture proving source-backed closure. Not a real supplier quote.,2026-05-17T11:40:00.000+01:00,Keep source record attached; refresh evidence before procurement use.
energy_storage_source_rack_structure_rack_label_plate,rack_label_plate,rack label plate,false,mpn,PROTOCOL-10-rack_label_plate,source_backed,test-fixture://review-evidence-closure/source/rack_label_plate,Protocol-only fixture proving source-backed closure. Not a real supplier quote.,2026-05-17T11:40:00.000+01:00,Keep source record attached; refresh evidence before procurement use.
energy_storage_source_rack_structure_rack_label_plate,rack_label_plate,rack label plate,false,unit_cost_gbp,109,source_backed,test-fixture://review-evidence-closure/source/rack_label_plate,Protocol-only fixture proving source-backed closure. Not a real supplier quote.,2026-05-17T11:40:00.000+01:00,Keep source record attached; refresh evidence before procurement use.
energy_storage_source_rack_structure_rack_label_plate,rack_label_plate,rack label plate,false,lead_time_weeks,8,source_backed,test-fixture://review-evidence-closure/source/rack_label_plate,Protocol-only fixture proving source-backed closure. Not a real supplier quote.,2026-05-17T11:40:00.000+01:00,Keep source record attached; refresh evidence before procurement use.
energy_storage_source_bms_slave_bms_slave_pcb,bms_slave_pcb,BMS slave PCB,false,supplier,Protocol Evidence Supplier,source_backed,test-fixture://review-evidence-closure/source/bms_slave_pcb,Protocol-only fixture proving source-backed closure. Not a real supplier quote.,2026-05-17T11:40:00.000+01:00,Keep source record attached; refresh evidence before procurement use.
energy_storage_source_bms_slave_bms_slave_pcb,bms_slave_pcb,BMS slave PCB,false,manufacturer,Protocol Evidence Manufacturer,source_backed,test-fixture://review-evidence-closure/source/bms_slave_pcb,Protocol-only fixture proving source-backed closure. Not a real supplier quote.,2026-05-17T11:40:00.000+01:00,Keep source record attached; refresh evidence before procurement use.
energy_storage_source_bms_slave_bms_slave_pcb,bms_slave_pcb,BMS slave PCB,false,mpn,PROTOCOL-11-bms_slave_pcb,source_backed,test-fixture://review-evidence-closure/source/bms_slave_pcb,Protocol-only fixture proving source-backed closure. Not a real supplier quote.,2026-05-17T11:40:00.000+01:00,Keep source record attached; refresh evidence before procurement use.
energy_storage_source_bms_slave_bms_slave_pcb,bms_slave_pcb,BMS slave PCB,false,unit_cost_gbp,110,source_backed,test-fixture://review-evidence-closure/source/bms_slave_pcb,Protocol-only fixture proving source-backed closure. Not a real supplier quote.,2026-05-17T11:40:00.000+01:00,Keep source record attached; refresh evidence before procurement use.
energy_storage_source_bms_slave_bms_slave_pcb,bms_slave_pcb,BMS slave PCB,false,lead_time_weeks,8,source_backed,test-fixture://review-evidence-closure/source/bms_slave_pcb,Protocol-only fixture proving source-backed closure. Not a real supplier quote.,2026-05-17T11:40:00.000+01:00,Keep source record attached; refresh evidence before procurement use.
energy_storage_source_bms_slave_afe_monitor_ic,afe_monitor_ic,AFE monitor IC,false,supplier,Protocol Evidence Supplier,source_backed,test-fixture://review-evidence-closure/source/afe_monitor_ic,Protocol-only fixture proving source-backed closure. Not a real supplier quote.,2026-05-17T11:40:00.000+01:00,Keep source record attached; refresh evidence before procurement use.
energy_storage_source_bms_slave_afe_monitor_ic,afe_monitor_ic,AFE monitor IC,false,manufacturer,Protocol Evidence Manufacturer,source_backed,test-fixture://review-evidence-closure/source/afe_monitor_ic,Protocol-only fixture proving source-backed closure. Not a real supplier quote.,2026-05-17T11:40:00.000+01:00,Keep source record attached; refresh evidence before procurement use.
energy_storage_source_bms_slave_afe_monitor_ic,afe_monitor_ic,AFE monitor IC,false,mpn,PROTOCOL-12-afe_monitor_ic,source_backed,test-fixture://review-evidence-closure/source/afe_monitor_ic,Protocol-only fixture proving source-backed closure. Not a real supplier quote.,2026-05-17T11:40:00.000+01:00,Keep source record attached; refresh evidence before procurement use.
energy_storage_source_bms_slave_afe_monitor_ic,afe_monitor_ic,AFE monitor IC,false,unit_cost_gbp,111,source_backed,test-fixture://review-evidence-closure/source/afe_monitor_ic,Protocol-only fixture proving source-backed closure. Not a real supplier quote.,2026-05-17T11:40:00.000+01:00,Keep source record attached; refresh evidence before procurement use.
energy_storage_source_bms_slave_afe_monitor_ic,afe_monitor_ic,AFE monitor IC,false,lead_time_weeks,8,source_backed,test-fixture://review-evidence-closure/source/afe_monitor_ic,Protocol-only fixture proving source-backed closure. Not a real supplier quote.,2026-05-17T11:40:00.000+01:00,Keep source record attached; refresh evidence before procurement use.
energy_storage_source_bms_slave_ntc_thermistor_harness,ntc_thermistor_harness,NTC thermistor harness,false,supplier,Protocol Evidence Supplier,source_backed,test-fixture://review-evidence-closure/source/ntc_thermistor_harness,Protocol-only fixture proving source-backed closure. Not a real supplier quote.,2026-05-17T11:40:00.000+01:00,Keep source record attached; refresh evidence before procurement use.
energy_storage_source_bms_slave_ntc_thermistor_harness,ntc_thermistor_harness,NTC thermistor harness,false,manufacturer,Protocol Evidence Manufacturer,source_backed,test-fixture://review-evidence-closure/source/ntc_thermistor_harness,Protocol-only fixture proving source-backed closure. Not a real supplier quote.,2026-05-17T11:40:00.000+01:00,Keep source record attached; refresh evidence before procurement use.
energy_storage_source_bms_slave_ntc_thermistor_harness,ntc_thermistor_harness,NTC thermistor harness,false,mpn,PROTOCOL-13-ntc_thermistor_harness,source_backed,test-fixture://review-evidence-closure/source/ntc_thermistor_harness,Protocol-only fixture proving source-backed closure. Not a real supplier quote.,2026-05-17T11:40:00.000+01:00,Keep source record attached; refresh evidence before procurement use.
energy_storage_source_bms_slave_ntc_thermistor_harness,ntc_thermistor_harness,NTC thermistor harness,false,unit_cost_gbp,112,source_backed,test-fixture://review-evidence-closure/source/ntc_thermistor_harness,Protocol-only fixture proving source-backed closure. Not a real supplier quote.,2026-05-17T11:40:00.000+01:00,Keep source record attached; refresh evidence before procurement use.
energy_storage_source_bms_slave_ntc_thermistor_harness,ntc_thermistor_harness,NTC thermistor harness,false,lead_time_weeks,8,source_backed,test-fixture://review-evidence-closure/source/ntc_thermistor_harness,Protocol-only fixture proving source-backed closure. Not a real supplier quote.,2026-05-17T11:40:00.000+01:00,Keep source record attached; refresh evidence before procurement use.
energy_storage_source_bms_slave_isolated_can_transceiver,isolated_can_transceiver,isolated CAN transceiver,false,supplier,Protocol Evidence Supplier,source_backed,test-fixture://review-evidence-closure/source/isolated_can_transceiver,Protocol-only fixture proving source-backed closure. Not a real supplier quote.,2026-05-17T11:40:00.000+01:00,Keep source record attached; refresh evidence before procurement use.
energy_storage_source_bms_slave_isolated_can_transceiver,isolated_can_transceiver,isolated CAN transceiver,false,manufacturer,Protocol Evidence Manufacturer,source_backed,test-fixture://review-evidence-closure/source/isolated_can_transceiver,Protocol-only fixture proving source-backed closure. Not a real supplier quote.,2026-05-17T11:40:00.000+01:00,Keep source record attached; refresh evidence before procurement use.
energy_storage_source_bms_slave_isolated_can_transceiver,isolated_can_transceiver,isolated CAN transceiver,false,mpn,PROTOCOL-14-isolated_can_transceiver,source_backed,test-fixture://review-evidence-closure/source/isolated_can_transceiver,Protocol-only fixture proving source-backed closure. Not a real supplier quote.,2026-05-17T11:40:00.000+01:00,Keep source record attached; refresh evidence before procurement use.
energy_storage_source_bms_slave_isolated_can_transceiver,isolated_can_transceiver,isolated CAN transceiver,false,unit_cost_gbp,113,source_backed,test-fixture://review-evidence-closure/source/isolated_can_transceiver,Protocol-only fixture proving source-backed closure. Not a real supplier quote.,2026-05-17T11:40:00.000+01:00,Keep source record attached; refresh evidence before procurement use.
energy_storage_source_bms_slave_isolated_can_transceiver,isolated_can_transceiver,isolated CAN transceiver,false,lead_time_weeks,8,source_backed,test-fixture://review-evidence-closure/source/isolated_can_transceiver,Protocol-only fixture proving source-backed closure. Not a real supplier quote.,2026-05-17T11:40:00.000+01:00,Keep source record attached; refresh evidence before procurement use.
energy_storage_source_bms_slave_conformal_coating,conformal_coating,conformal coating,false,supplier,Protocol Evidence Supplier,source_backed,test-fixture://review-evidence-closure/source/conformal_coating,Protocol-only fixture proving source-backed closure. Not a real supplier quote.,2026-05-17T11:40:00.000+01:00,Keep source record attached; refresh evidence before procurement use.
energy_storage_source_bms_slave_conformal_coating,conformal_coating,conformal coating,false,manufacturer,Protocol Evidence Manufacturer,source_backed,test-fixture://review-evidence-closure/source/conformal_coating,Protocol-only fixture proving source-backed closure. Not a real supplier quote.,2026-05-17T11:40:00.000+01:00,Keep source record attached; refresh evidence before procurement use.
energy_storage_source_bms_slave_conformal_coating,conformal_coating,conformal coating,false,mpn,PROTOCOL-15-conformal_coating,source_backed,test-fixture://review-evidence-closure/source/conformal_coating,Protocol-only fixture proving source-backed closure. Not a real supplier quote.,2026-05-17T11:40:00.000+01:00,Keep source record attached; refresh evidence before procurement use.
energy_storage_source_bms_slave_conformal_coating,conformal_coating,conformal coating,false,unit_cost_gbp,114,source_backed,test-fixture://review-evidence-closure/source/conformal_coating,Protocol-only fixture proving source-backed closure. Not a real supplier quote.,2026-05-17T11:40:00.000+01:00,Keep source record attached; refresh evidence before procurement use.
energy_storage_source_bms_slave_conformal_coating,conformal_coating,conformal coating,false,lead_time_weeks,8,source_backed,test-fixture://review-evidence-closure/source/conformal_coating,Protocol-only fixture proving source-backed closure. Not a real supplier quote.,2026-05-17T11:40:00.000+01:00,Keep source record attached; refresh evidence before procurement use.
energy_storage_source_dc_string_output_dc_contactor_or_breaker,dc_contactor_or_breaker,DC contactor or breaker,true,supplier,Protocol Evidence Supplier,source_backed,test-fixture://review-evidence-closure/source/dc_contactor_or_breaker,Protocol-only fixture proving source-backed closure. Not a real supplier quote.,2026-05-17T11:40:00.000+01:00,Keep source record attached; refresh evidence before procurement use.
energy_storage_source_dc_string_output_dc_contactor_or_breaker,dc_contactor_or_breaker,DC contactor or breaker,true,manufacturer,Protocol Evidence Manufacturer,source_backed,test-fixture://review-evidence-closure/source/dc_contactor_or_breaker,Protocol-only fixture proving source-backed closure. Not a real supplier quote.,2026-05-17T11:40:00.000+01:00,Keep source record attached; refresh evidence before procurement use.
energy_storage_source_dc_string_output_dc_contactor_or_breaker,dc_contactor_or_breaker,DC contactor or breaker,true,mpn,PROTOCOL-16-dc_contactor_or_breaker,source_backed,test-fixture://review-evidence-closure/source/dc_contactor_or_breaker,Protocol-only fixture proving source-backed closure. Not a real supplier quote.,2026-05-17T11:40:00.000+01:00,Keep source record attached; refresh evidence before procurement use.
energy_storage_source_dc_string_output_dc_contactor_or_breaker,dc_contactor_or_breaker,DC contactor or breaker,true,unit_cost_gbp,115,source_backed,test-fixture://review-evidence-closure/source/dc_contactor_or_breaker,Protocol-only fixture proving source-backed closure. Not a real supplier quote.,2026-05-17T11:40:00.000+01:00,Keep source record attached; refresh evidence before procurement use.
energy_storage_source_dc_string_output_dc_contactor_or_breaker,dc_contactor_or_breaker,DC contactor or breaker,true,lead_time_weeks,8,source_backed,test-fixture://review-evidence-closure/source/dc_contactor_or_breaker,Protocol-only fixture proving source-backed closure. Not a real supplier quote.,2026-05-17T11:40:00.000+01:00,Keep source record attached; refresh evidence before procurement use.
energy_storage_source_dc_string_output_precharge_resistor,precharge_resistor,precharge resistor,false,supplier,Protocol Evidence Supplier,source_backed,test-fixture://review-evidence-closure/source/precharge_resistor,Protocol-only fixture proving source-backed closure. Not a real supplier quote.,2026-05-17T11:40:00.000+01:00,Keep source record attached; refresh evidence before procurement use.
energy_storage_source_dc_string_output_precharge_resistor,precharge_resistor,precharge resistor,false,manufacturer,Protocol Evidence Manufacturer,source_backed,test-fixture://review-evidence-closure/source/precharge_resistor,Protocol-only fixture proving source-backed closure. Not a real supplier quote.,2026-05-17T11:40:00.000+01:00,Keep source record attached; refresh evidence before procurement use.
energy_storage_source_dc_string_output_precharge_resistor,precharge_resistor,precharge resistor,false,mpn,PROTOCOL-17-precharge_resistor,source_backed,test-fixture://review-evidence-closure/source/precharge_resistor,Protocol-only fixture proving source-backed closure. Not a real supplier quote.,2026-05-17T11:40:00.000+01:00,Keep source record attached; refresh evidence before procurement use.
energy_storage_source_dc_string_output_precharge_resistor,precharge_resistor,precharge resistor,false,unit_cost_gbp,116,source_backed,test-fixture://review-evidence-closure/source/precharge_resistor,Protocol-only fixture proving source-backed closure. Not a real supplier quote.,2026-05-17T11:40:00.000+01:00,Keep source record attached; refresh evidence before procurement use.
energy_storage_source_dc_string_output_precharge_resistor,precharge_resistor,precharge resistor,false,lead_time_weeks,8,source_backed,test-fixture://review-evidence-closure/source/precharge_resistor,Protocol-only fixture proving source-backed closure. Not a real supplier quote.,2026-05-17T11:40:00.000+01:00,Keep source record attached; refresh evidence before procurement use.
energy_storage_source_dc_string_output_hv_fuse_holder,hv_fuse_holder,HV fuse holder,false,supplier,Protocol Evidence Supplier,source_backed,test-fixture://review-evidence-closure/source/hv_fuse_holder,Protocol-only fixture proving source-backed closure. Not a real supplier quote.,2026-05-17T11:40:00.000+01:00,Keep source record attached; refresh evidence before procurement use.
energy_storage_source_dc_string_output_hv_fuse_holder,hv_fuse_holder,HV fuse holder,false,manufacturer,Protocol Evidence Manufacturer,source_backed,test-fixture://review-evidence-closure/source/hv_fuse_holder,Protocol-only fixture proving source-backed closure. Not a real supplier quote.,2026-05-17T11:40:00.000+01:00,Keep source record attached; refresh evidence before procurement use.
energy_storage_source_dc_string_output_hv_fuse_holder,hv_fuse_holder,HV fuse holder,false,mpn,PROTOCOL-18-hv_fuse_holder,source_backed,test-fixture://review-evidence-closure/source/hv_fuse_holder,Protocol-only fixture proving source-backed closure. Not a real supplier quote.,2026-05-17T11:40:00.000+01:00,Keep source record attached; refresh evidence before procurement use.
energy_storage_source_dc_string_output_hv_fuse_holder,hv_fuse_holder,HV fuse holder,false,unit_cost_gbp,117,source_backed,test-fixture://review-evidence-closure/source/hv_fuse_holder,Protocol-only fixture proving source-backed closure. Not a real supplier quote.,2026-05-17T11:40:00.000+01:00,Keep source record attached; refresh evidence before procurement use.
energy_storage_source_dc_string_output_hv_fuse_holder,hv_fuse_holder,HV fuse holder,false,lead_time_weeks,8,source_backed,test-fixture://review-evidence-closure/source/hv_fuse_holder,Protocol-only fixture proving source-backed closure. Not a real supplier quote.,2026-05-17T11:40:00.000+01:00,Keep source record attached; refresh evidence before procurement use.
energy_storage_source_dc_string_output_pack_current_sensor,pack_current_sensor,pack current sensor,false,supplier,Protocol Evidence Supplier,source_backed,test-fixture://review-evidence-closure/source/pack_current_sensor,Protocol-only fixture proving source-backed closure. Not a real supplier quote.,2026-05-17T11:40:00.000+01:00,Keep source record attached; refresh evidence before procurement use.
energy_storage_source_dc_string_output_pack_current_sensor,pack_current_sensor,pack current sensor,false,manufacturer,Protocol Evidence Manufacturer,source_backed,test-fixture://review-evidence-closure/source/pack_current_sensor,Protocol-only fixture proving source-backed closure. Not a real supplier quote.,2026-05-17T11:40:00.000+01:00,Keep source record attached; refresh evidence before procurement use.
energy_storage_source_dc_string_output_pack_current_sensor,pack_current_sensor,pack current sensor,false,mpn,PROTOCOL-19-pack_current_sensor,source_backed,test-fixture://review-evidence-closure/source/pack_current_sensor,Protocol-only fixture proving source-backed closure. Not a real supplier quote.,2026-05-17T11:40:00.000+01:00,Keep source record attached; refresh evidence before procurement use.
energy_storage_source_dc_string_output_pack_current_sensor,pack_current_sensor,pack current sensor,false,unit_cost_gbp,118,source_backed,test-fixture://review-evidence-closure/source/pack_current_sensor,Protocol-only fixture proving source-backed closure. Not a real supplier quote.,2026-05-17T11:40:00.000+01:00,Keep source record attached; refresh evidence before procurement use.
energy_storage_source_dc_string_output_pack_current_sensor,pack_current_sensor,pack current sensor,false,lead_time_weeks,8,source_backed,test-fixture://review-evidence-closure/source/pack_current_sensor,Protocol-only fixture proving source-backed closure. Not a real supplier quote.,2026-05-17T11:40:00.000+01:00,Keep source record attached; refresh evidence before procurement use.
energy_storage_source_dc_string_output_service_disconnect,service_disconnect,service disconnect,false,supplier,Protocol Evidence Supplier,source_backed,test-fixture://review-evidence-closure/source/service_disconnect,Protocol-only fixture proving source-backed closure. Not a real supplier quote.,2026-05-17T11:40:00.000+01:00,Keep source record attached; refresh evidence before procurement use.
energy_storage_source_dc_string_output_service_disconnect,service_disconnect,service disconnect,false,manufacturer,Protocol Evidence Manufacturer,source_backed,test-fixture://review-evidence-closure/source/service_disconnect,Protocol-only fixture proving source-backed closure. Not a real supplier quote.,2026-05-17T11:40:00.000+01:00,Keep source record attached; refresh evidence before procurement use.
energy_storage_source_dc_string_output_service_disconnect,service_disconnect,service disconnect,false,mpn,PROTOCOL-20-service_disconnect,source_backed,test-fixture://review-evidence-closure/source/service_disconnect,Protocol-only fixture proving source-backed closure. Not a real supplier quote.,2026-05-17T11:40:00.000+01:00,Keep source record attached; refresh evidence before procurement use.
energy_storage_source_dc_string_output_service_disconnect,service_disconnect,service disconnect,false,unit_cost_gbp,119,source_backed,test-fixture://review-evidence-closure/source/service_disconnect,Protocol-only fixture proving source-backed closure. Not a real supplier quote.,2026-05-17T11:40:00.000+01:00,Keep source record attached; refresh evidence before procurement use.
energy_storage_source_dc_string_output_service_disconnect,service_disconnect,service disconnect,false,lead_time_weeks,8,source_backed,test-fixture://review-evidence-closure/source/service_disconnect,Protocol-only fixture proving source-backed closure. Not a real supplier quote.,2026-05-17T11:40:00.000+01:00,Keep source record attached; refresh evidence before procurement use.
energy_storage_source_module_interconnect_harness_cell_voltage_sense_loom,cell_voltage_sense_loom,cell voltage sense loom,false,supplier,Protocol Evidence Supplier,source_backed,test-fixture://review-evidence-closure/source/cell_voltage_sense_loom,Protocol-only fixture proving source-backed closure. Not a real supplier quote.,2026-05-17T11:40:00.000+01:00,Keep source record attached; refresh evidence before procurement use.
energy_storage_source_module_interconnect_harness_cell_voltage_sense_loom,cell_voltage_sense_loom,cell voltage sense loom,false,manufacturer,Protocol Evidence Manufacturer,source_backed,test-fixture://review-evidence-closure/source/cell_voltage_sense_loom,Protocol-only fixture proving source-backed closure. Not a real supplier quote.,2026-05-17T11:40:00.000+01:00,Keep source record attached; refresh evidence before procurement use.
energy_storage_source_module_interconnect_harness_cell_voltage_sense_loom,cell_voltage_sense_loom,cell voltage sense loom,false,mpn,PROTOCOL-21-cell_voltage_sense_loom,source_backed,test-fixture://review-evidence-closure/source/cell_voltage_sense_loom,Protocol-only fixture proving source-backed closure. Not a real supplier quote.,2026-05-17T11:40:00.000+01:00,Keep source record attached; refresh evidence before procurement use.
energy_storage_source_module_interconnect_harness_cell_voltage_sense_loom,cell_voltage_sense_loom,cell voltage sense loom,false,unit_cost_gbp,120,source_backed,test-fixture://review-evidence-closure/source/cell_voltage_sense_loom,Protocol-only fixture proving source-backed closure. Not a real supplier quote.,2026-05-17T11:40:00.000+01:00,Keep source record attached; refresh evidence before procurement use.
energy_storage_source_module_interconnect_harness_cell_voltage_sense_loom,cell_voltage_sense_loom,cell voltage sense loom,false,lead_time_weeks,8,source_backed,test-fixture://review-evidence-closure/source/cell_voltage_sense_loom,Protocol-only fixture proving source-backed closure. Not a real supplier quote.,2026-05-17T11:40:00.000+01:00,Keep source record attached; refresh evidence before procurement use.
energy_storage_source_module_interconnect_harness_rack_can_drop_cable,rack_can_drop_cable,rack CAN drop cable,false,supplier,Protocol Evidence Supplier,source_backed,test-fixture://review-evidence-closure/source/rack_can_drop_cable,Protocol-only fixture proving source-backed closure. Not a real supplier quote.,2026-05-17T11:40:00.000+01:00,Keep source record attached; refresh evidence before procurement use.
energy_storage_source_module_interconnect_harness_rack_can_drop_cable,rack_can_drop_cable,rack CAN drop cable,false,manufacturer,Protocol Evidence Manufacturer,source_backed,test-fixture://review-evidence-closure/source/rack_can_drop_cable,Protocol-only fixture proving source-backed closure. Not a real supplier quote.,2026-05-17T11:40:00.000+01:00,Keep source record attached; refresh evidence before procurement use.
energy_storage_source_module_interconnect_harness_rack_can_drop_cable,rack_can_drop_cable,rack CAN drop cable,false,mpn,PROTOCOL-22-rack_can_drop_cable,source_backed,test-fixture://review-evidence-closure/source/rack_can_drop_cable,Protocol-only fixture proving source-backed closure. Not a real supplier quote.,2026-05-17T11:40:00.000+01:00,Keep source record attached; refresh evidence before procurement use.
energy_storage_source_module_interconnect_harness_rack_can_drop_cable,rack_can_drop_cable,rack CAN drop cable,false,unit_cost_gbp,121,source_backed,test-fixture://review-evidence-closure/source/rack_can_drop_cable,Protocol-only fixture proving source-backed closure. Not a real supplier quote.,2026-05-17T11:40:00.000+01:00,Keep source record attached; refresh evidence before procurement use.
energy_storage_source_module_interconnect_harness_rack_can_drop_cable,rack_can_drop_cable,rack CAN drop cable,false,lead_time_weeks,8,source_backed,test-fixture://review-evidence-closure/source/rack_can_drop_cable,Protocol-only fixture proving source-backed closure. Not a real supplier quote.,2026-05-17T11:40:00.000+01:00,Keep source record attached; refresh evidence before procurement use.
energy_storage_source_module_interconnect_harness_harness_strain_relief_rail,harness_strain_relief_rail,harness strain relief rail,false,supplier,Protocol Evidence Supplier,source_backed,test-fixture://review-evidence-closure/source/harness_strain_relief_rail,Protocol-only fixture proving source-backed closure. Not a real supplier quote.,2026-05-17T11:40:00.000+01:00,Keep source record attached; refresh evidence before procurement use.
energy_storage_source_module_interconnect_harness_harness_strain_relief_rail,harness_strain_relief_rail,harness strain relief rail,false,manufacturer,Protocol Evidence Manufacturer,source_backed,test-fixture://review-evidence-closure/source/harness_strain_relief_rail,Protocol-only fixture proving source-backed closure. Not a real supplier quote.,2026-05-17T11:40:00.000+01:00,Keep source record attached; refresh evidence before procurement use.
energy_storage_source_module_interconnect_harness_harness_strain_relief_rail,harness_strain_relief_rail,harness strain relief rail,false,mpn,PROTOCOL-23-harness_strain_relief_rail,source_backed,test-fixture://review-evidence-closure/source/harness_strain_relief_rail,Protocol-only fixture proving source-backed closure. Not a real supplier quote.,2026-05-17T11:40:00.000+01:00,Keep source record attached; refresh evidence before procurement use.
energy_storage_source_module_interconnect_harness_harness_strain_relief_rail,harness_strain_relief_rail,harness strain relief rail,false,unit_cost_gbp,122,source_backed,test-fixture://review-evidence-closure/source/harness_strain_relief_rail,Protocol-only fixture proving source-backed closure. Not a real supplier quote.,2026-05-17T11:40:00.000+01:00,Keep source record attached; refresh evidence before procurement use.
energy_storage_source_module_interconnect_harness_harness_strain_relief_rail,harness_strain_relief_rail,harness strain relief rail,false,lead_time_weeks,8,source_backed,test-fixture://review-evidence-closure/source/harness_strain_relief_rail,Protocol-only fixture proving source-backed closure. Not a real supplier quote.,2026-05-17T11:40:00.000+01:00,Keep source record attached; refresh evidence before procurement use.
energy_storage_source_module_interconnect_harness_low_smoke_cable_sleeve,low_smoke_cable_sleeve,low-smoke cable sleeve,false,supplier,Protocol Evidence Supplier,source_backed,test-fixture://review-evidence-closure/source/low_smoke_cable_sleeve,Protocol-only fixture proving source-backed closure. Not a real supplier quote.,2026-05-17T11:40:00.000+01:00,Keep source record attached; refresh evidence before procurement use.
energy_storage_source_module_interconnect_harness_low_smoke_cable_sleeve,low_smoke_cable_sleeve,low-smoke cable sleeve,false,manufacturer,Protocol Evidence Manufacturer,source_backed,test-fixture://review-evidence-closure/source/low_smoke_cable_sleeve,Protocol-only fixture proving source-backed closure. Not a real supplier quote.,2026-05-17T11:40:00.000+01:00,Keep source record attached; refresh evidence before procurement use.
energy_storage_source_module_interconnect_harness_low_smoke_cable_sleeve,low_smoke_cable_sleeve,low-smoke cable sleeve,false,mpn,PROTOCOL-24-low_smoke_cable_sleeve,source_backed,test-fixture://review-evidence-closure/source/low_smoke_cable_sleeve,Protocol-only fixture proving source-backed closure. Not a real supplier quote.,2026-05-17T11:40:00.000+01:00,Keep source record attached; refresh evidence before procurement use.
energy_storage_source_module_interconnect_harness_low_smoke_cable_sleeve,low_smoke_cable_sleeve,low-smoke cable sleeve,false,unit_cost_gbp,123,source_backed,test-fixture://review-evidence-closure/source/low_smoke_cable_sleeve,Protocol-only fixture proving source-backed closure. Not a real supplier quote.,2026-05-17T11:40:00.000+01:00,Keep source record attached; refresh evidence before procurement use.
energy_storage_source_module_interconnect_harness_low_smoke_cable_sleeve,low_smoke_cable_sleeve,low-smoke cable sleeve,false,lead_time_weeks,8,source_backed,test-fixture://review-evidence-closure/source/low_smoke_cable_sleeve,Protocol-only fixture proving source-backed closure. Not a real supplier quote.,2026-05-17T11:40:00.000+01:00,Keep source record attached; refresh evidence before procurement use.
energy_storage_source_rack_thermal_interface_rack_cold_plate_manifold,rack_cold_plate_manifold,rack cold plate manifold,false,supplier,Protocol Evidence Supplier,source_backed,test-fixture://review-evidence-closure/source/rack_cold_plate_manifold,Protocol-only fixture proving source-backed closure. Not a real supplier quote.,2026-05-17T11:40:00.000+01:00,Keep source record attached; refresh evidence before procurement use.
energy_storage_source_rack_thermal_interface_rack_cold_plate_manifold,rack_cold_plate_manifold,rack cold plate manifold,false,manufacturer,Protocol Evidence Manufacturer,source_backed,test-fixture://review-evidence-closure/source/rack_cold_plate_manifold,Protocol-only fixture proving source-backed closure. Not a real supplier quote.,2026-05-17T11:40:00.000+01:00,Keep source record attached; refresh evidence before procurement use.
energy_storage_source_rack_thermal_interface_rack_cold_plate_manifold,rack_cold_plate_manifold,rack cold plate manifold,false,mpn,PROTOCOL-25-rack_cold_plate_manifold,source_backed,test-fixture://review-evidence-closure/source/rack_cold_plate_manifold,Protocol-only fixture proving source-backed closure. Not a real supplier quote.,2026-05-17T11:40:00.000+01:00,Keep source record attached; refresh evidence before procurement use.
energy_storage_source_rack_thermal_interface_rack_cold_plate_manifold,rack_cold_plate_manifold,rack cold plate manifold,false,unit_cost_gbp,124,source_backed,test-fixture://review-evidence-closure/source/rack_cold_plate_manifold,Protocol-only fixture proving source-backed closure. Not a real supplier quote.,2026-05-17T11:40:00.000+01:00,Keep source record attached; refresh evidence before procurement use.
energy_storage_source_rack_thermal_interface_rack_cold_plate_manifold,rack_cold_plate_manifold,rack cold plate manifold,false,lead_time_weeks,8,source_backed,test-fixture://review-evidence-closure/source/rack_cold_plate_manifold,Protocol-only fixture proving source-backed closure. Not a real supplier quote.,2026-05-17T11:40:00.000+01:00,Keep source record attached; refresh evidence before procurement use.
energy_storage_source_rack_thermal_interface_thermally_conductive_gap_pad,thermally_conductive_gap_pad,thermally conductive gap pad,false,supplier,Protocol Evidence Supplier,source_backed,test-fixture://review-evidence-closure/source/thermally_conductive_gap_pad,Protocol-only fixture proving source-backed closure. Not a real supplier quote.,2026-05-17T11:40:00.000+01:00,Keep source record attached; refresh evidence before procurement use.
energy_storage_source_rack_thermal_interface_thermally_conductive_gap_pad,thermally_conductive_gap_pad,thermally conductive gap pad,false,manufacturer,Protocol Evidence Manufacturer,source_backed,test-fixture://review-evidence-closure/source/thermally_conductive_gap_pad,Protocol-only fixture proving source-backed closure. Not a real supplier quote.,2026-05-17T11:40:00.000+01:00,Keep source record attached; refresh evidence before procurement use.
energy_storage_source_rack_thermal_interface_thermally_conductive_gap_pad,thermally_conductive_gap_pad,thermally conductive gap pad,false,mpn,PROTOCOL-26-thermally_conductive_gap_pad,source_backed,test-fixture://review-evidence-closure/source/thermally_conductive_gap_pad,Protocol-only fixture proving source-backed closure. Not a real supplier quote.,2026-05-17T11:40:00.000+01:00,Keep source record attached; refresh evidence before procurement use.
energy_storage_source_rack_thermal_interface_thermally_conductive_gap_pad,thermally_conductive_gap_pad,thermally conductive gap pad,false,unit_cost_gbp,125,source_backed,test-fixture://review-evidence-closure/source/thermally_conductive_gap_pad,Protocol-only fixture proving source-backed closure. Not a real supplier quote.,2026-05-17T11:40:00.000+01:00,Keep source record attached; refresh evidence before procurement use.
energy_storage_source_rack_thermal_interface_thermally_conductive_gap_pad,thermally_conductive_gap_pad,thermally conductive gap pad,false,lead_time_weeks,8,source_backed,test-fixture://review-evidence-closure/source/thermally_conductive_gap_pad,Protocol-only fixture proving source-backed closure. Not a real supplier quote.,2026-05-17T11:40:00.000+01:00,Keep source record attached; refresh evidence before procurement use.
energy_storage_source_rack_thermal_interface_coolant_quick_connector_pair,coolant_quick_connector_pair,coolant quick connector pair,false,supplier,Protocol Evidence Supplier,source_backed,test-fixture://review-evidence-closure/source/coolant_quick_connector_pair,Protocol-only fixture proving source-backed closure. Not a real supplier quote.,2026-05-17T11:40:00.000+01:00,Keep source record attached; refresh evidence before procurement use.
energy_storage_source_rack_thermal_interface_coolant_quick_connector_pair,coolant_quick_connector_pair,coolant quick connector pair,false,manufacturer,Protocol Evidence Manufacturer,source_backed,test-fixture://review-evidence-closure/source/coolant_quick_connector_pair,Protocol-only fixture proving source-backed closure. Not a real supplier quote.,2026-05-17T11:40:00.000+01:00,Keep source record attached; refresh evidence before procurement use.
energy_storage_source_rack_thermal_interface_coolant_quick_connector_pair,coolant_quick_connector_pair,coolant quick connector pair,false,mpn,PROTOCOL-27-coolant_quick_connector_pair,source_backed,test-fixture://review-evidence-closure/source/coolant_quick_connector_pair,Protocol-only fixture proving source-backed closure. Not a real supplier quote.,2026-05-17T11:40:00.000+01:00,Keep source record attached; refresh evidence before procurement use.
energy_storage_source_rack_thermal_interface_coolant_quick_connector_pair,coolant_quick_connector_pair,coolant quick connector pair,false,unit_cost_gbp,126,source_backed,test-fixture://review-evidence-closure/source/coolant_quick_connector_pair,Protocol-only fixture proving source-backed closure. Not a real supplier quote.,2026-05-17T11:40:00.000+01:00,Keep source record attached; refresh evidence before procurement use.
energy_storage_source_rack_thermal_interface_coolant_quick_connector_pair,coolant_quick_connector_pair,coolant quick connector pair,false,lead_time_weeks,8,source_backed,test-fixture://review-evidence-closure/source/coolant_quick_connector_pair,Protocol-only fixture proving source-backed closure. Not a real supplier quote.,2026-05-17T11:40:00.000+01:00,Keep source record attached; refresh evidence before procurement use.
energy_storage_source_rack_thermal_interface_rack_drip_tray,rack_drip_tray,rack drip tray,false,supplier,Protocol Evidence Supplier,source_backed,test-fixture://review-evidence-closure/source/rack_drip_tray,Protocol-only fixture proving source-backed closure. Not a real supplier quote.,2026-05-17T11:40:00.000+01:00,Keep source record attached; refresh evidence before procurement use.
energy_storage_source_rack_thermal_interface_rack_drip_tray,rack_drip_tray,rack drip tray,false,manufacturer,Protocol Evidence Manufacturer,source_backed,test-fixture://review-evidence-closure/source/rack_drip_tray,Protocol-only fixture proving source-backed closure. Not a real supplier quote.,2026-05-17T11:40:00.000+01:00,Keep source record attached; refresh evidence before procurement use.
energy_storage_source_rack_thermal_interface_rack_drip_tray,rack_drip_tray,rack drip tray,false,mpn,PROTOCOL-28-rack_drip_tray,source_backed,test-fixture://review-evidence-closure/source/rack_drip_tray,Protocol-only fixture proving source-backed closure. Not a real supplier quote.,2026-05-17T11:40:00.000+01:00,Keep source record attached; refresh evidence before procurement use.
energy_storage_source_rack_thermal_interface_rack_drip_tray,rack_drip_tray,rack drip tray,false,unit_cost_gbp,127,source_backed,test-fixture://review-evidence-closure/source/rack_drip_tray,Protocol-only fixture proving source-backed closure. Not a real supplier quote.,2026-05-17T11:40:00.000+01:00,Keep source record attached; refresh evidence before procurement use.
energy_storage_source_rack_thermal_interface_rack_drip_tray,rack_drip_tray,rack drip tray,false,lead_time_weeks,8,source_backed,test-fixture://review-evidence-closure/source/rack_drip_tray,Protocol-only fixture proving source-backed closure. Not a real supplier quote.,2026-05-17T11:40:00.000+01:00,Keep source record attached; refresh evidence before procurement use.
energy_storage_source_rack_thermal_interface_leak_detection_rope,leak_detection_rope,leak detection rope,false,supplier,Protocol Evidence Supplier,source_backed,test-fixture://review-evidence-closure/source/leak_detection_rope,Protocol-only fixture proving source-backed closure. Not a real supplier quote.,2026-05-17T11:40:00.000+01:00,Keep source record attached; refresh evidence before procurement use.
energy_storage_source_rack_thermal_interface_leak_detection_rope,leak_detection_rope,leak detection rope,false,manufacturer,Protocol Evidence Manufacturer,source_backed,test-fixture://review-evidence-closure/source/leak_detection_rope,Protocol-only fixture proving source-backed closure. Not a real supplier quote.,2026-05-17T11:40:00.000+01:00,Keep source record attached; refresh evidence before procurement use.
energy_storage_source_rack_thermal_interface_leak_detection_rope,leak_detection_rope,leak detection rope,false,mpn,PROTOCOL-29-leak_detection_rope,source_backed,test-fixture://review-evidence-closure/source/leak_detection_rope,Protocol-only fixture proving source-backed closure. Not a real supplier quote.,2026-05-17T11:40:00.000+01:00,Keep source record attached; refresh evidence before procurement use.
energy_storage_source_rack_thermal_interface_leak_detection_rope,leak_detection_rope,leak detection rope,false,unit_cost_gbp,128,source_backed,test-fixture://review-evidence-closure/source/leak_detection_rope,Protocol-only fixture proving source-backed closure. Not a real supplier quote.,2026-05-17T11:40:00.000+01:00,Keep source record attached; refresh evidence before procurement use.
energy_storage_source_rack_thermal_interface_leak_detection_rope,leak_detection_rope,leak detection rope,false,lead_time_weeks,8,source_backed,test-fixture://review-evidence-closure/source/leak_detection_rope,Protocol-only fixture proving source-backed closure. Not a real supplier quote.,2026-05-17T11:40:00.000+01:00,Keep source record attached; refresh evidence before procurement use.
energy_conversion_transduction_pcs_inverter_pcs_inverter,pcs_inverter,PCS inverter,true,supplier,Protocol Evidence Supplier,source_backed,test-fixture://review-evidence-closure/source/pcs_inverter,Protocol-only fixture proving source-backed closure. Not a real supplier quote.,2026-05-17T11:40:00.000+01:00,Keep source record attached; refresh evidence before procurement use.
energy_conversion_transduction_pcs_inverter_pcs_inverter,pcs_inverter,PCS inverter,true,manufacturer,Protocol Evidence Manufacturer,source_backed,test-fixture://review-evidence-closure/source/pcs_inverter,Protocol-only fixture proving source-backed closure. Not a real supplier quote.,2026-05-17T11:40:00.000+01:00,Keep source record attached; refresh evidence before procurement use.
energy_conversion_transduction_pcs_inverter_pcs_inverter,pcs_inverter,PCS inverter,true,mpn,PROTOCOL-30-pcs_inverter,source_backed,test-fixture://review-evidence-closure/source/pcs_inverter,Protocol-only fixture proving source-backed closure. Not a real supplier quote.,2026-05-17T11:40:00.000+01:00,Keep source record attached; refresh evidence before procurement use.
energy_conversion_transduction_pcs_inverter_pcs_inverter,pcs_inverter,PCS inverter,true,unit_cost_gbp,129,source_backed,test-fixture://review-evidence-closure/source/pcs_inverter,Protocol-only fixture proving source-backed closure. Not a real supplier quote.,2026-05-17T11:40:00.000+01:00,Keep source record attached; refresh evidence before procurement use.
energy_conversion_transduction_pcs_inverter_pcs_inverter,pcs_inverter,PCS inverter,true,lead_time_weeks,8,source_backed,test-fixture://review-evidence-closure/source/pcs_inverter,Protocol-only fixture proving source-backed closure. Not a real supplier quote.,2026-05-17T11:40:00.000+01:00,Keep source record attached; refresh evidence before procurement use.
energy_conversion_transduction_pcs_inverter_igbt_power_module,igbt_power_module,IGBT power module,false,supplier,Protocol Evidence Supplier,source_backed,test-fixture://review-evidence-closure/source/igbt_power_module,Protocol-only fixture proving source-backed closure. Not a real supplier quote.,2026-05-17T11:40:00.000+01:00,Keep source record attached; refresh evidence before procurement use.
energy_conversion_transduction_pcs_inverter_igbt_power_module,igbt_power_module,IGBT power module,false,manufacturer,Protocol Evidence Manufacturer,source_backed,test-fixture://review-evidence-closure/source/igbt_power_module,Protocol-only fixture proving source-backed closure. Not a real supplier quote.,2026-05-17T11:40:00.000+01:00,Keep source record attached; refresh evidence before procurement use.
energy_conversion_transduction_pcs_inverter_igbt_power_module,igbt_power_module,IGBT power module,false,mpn,PROTOCOL-31-igbt_power_module,source_backed,test-fixture://review-evidence-closure/source/igbt_power_module,Protocol-only fixture proving source-backed closure. Not a real supplier quote.,2026-05-17T11:40:00.000+01:00,Keep source record attached; refresh evidence before procurement use.
energy_conversion_transduction_pcs_inverter_igbt_power_module,igbt_power_module,IGBT power module,false,unit_cost_gbp,130,source_backed,test-fixture://review-evidence-closure/source/igbt_power_module,Protocol-only fixture proving source-backed closure. Not a real supplier quote.,2026-05-17T11:40:00.000+01:00,Keep source record attached; refresh evidence before procurement use.
energy_conversion_transduction_pcs_inverter_igbt_power_module,igbt_power_module,IGBT power module,false,lead_time_weeks,8,source_backed,test-fixture://review-evidence-closure/source/igbt_power_module,Protocol-only fixture proving source-backed closure. Not a real supplier quote.,2026-05-17T11:40:00.000+01:00,Keep source record attached; refresh evidence before procurement use.
energy_conversion_transduction_pcs_inverter_dc_link_capacitor_bank,dc_link_capacitor_bank,DC link capacitor bank,false,supplier,Protocol Evidence Supplier,source_backed,test-fixture://review-evidence-closure/source/dc_link_capacitor_bank,Protocol-only fixture proving source-backed closure. Not a real supplier quote.,2026-05-17T11:40:00.000+01:00,Keep source record attached; refresh evidence before procurement use.
energy_conversion_transduction_pcs_inverter_dc_link_capacitor_bank,dc_link_capacitor_bank,DC link capacitor bank,false,manufacturer,Protocol Evidence Manufacturer,source_backed,test-fixture://review-evidence-closure/source/dc_link_capacitor_bank,Protocol-only fixture proving source-backed closure. Not a real supplier quote.,2026-05-17T11:40:00.000+01:00,Keep source record attached; refresh evidence before procurement use.
energy_conversion_transduction_pcs_inverter_dc_link_capacitor_bank,dc_link_capacitor_bank,DC link capacitor bank,false,mpn,PROTOCOL-32-dc_link_capacitor_bank,source_backed,test-fixture://review-evidence-closure/source/dc_link_capacitor_bank,Protocol-only fixture proving source-backed closure. Not a real supplier quote.,2026-05-17T11:40:00.000+01:00,Keep source record attached; refresh evidence before procurement use.
energy_conversion_transduction_pcs_inverter_dc_link_capacitor_bank,dc_link_capacitor_bank,DC link capacitor bank,false,unit_cost_gbp,131,source_backed,test-fixture://review-evidence-closure/source/dc_link_capacitor_bank,Protocol-only fixture proving source-backed closure. Not a real supplier quote.,2026-05-17T11:40:00.000+01:00,Keep source record attached; refresh evidence before procurement use.
energy_conversion_transduction_pcs_inverter_dc_link_capacitor_bank,dc_link_capacitor_bank,DC link capacitor bank,false,lead_time_weeks,8,source_backed,test-fixture://review-evidence-closure/source/dc_link_capacitor_bank,Protocol-only fixture proving source-backed closure. Not a real supplier quote.,2026-05-17T11:40:00.000+01:00,Keep source record attached; refresh evidence before procurement use.
energy_conversion_transduction_pcs_inverter_gate_driver_board,gate_driver_board,gate driver board,false,supplier,Protocol Evidence Supplier,source_backed,test-fixture://review-evidence-closure/source/gate_driver_board,Protocol-only fixture proving source-backed closure. Not a real supplier quote.,2026-05-17T11:40:00.000+01:00,Keep source record attached; refresh evidence before procurement use.
energy_conversion_transduction_pcs_inverter_gate_driver_board,gate_driver_board,gate driver board,false,manufacturer,Protocol Evidence Manufacturer,source_backed,test-fixture://review-evidence-closure/source/gate_driver_board,Protocol-only fixture proving source-backed closure. Not a real supplier quote.,2026-05-17T11:40:00.000+01:00,Keep source record attached; refresh evidence before procurement use.
energy_conversion_transduction_pcs_inverter_gate_driver_board,gate_driver_board,gate driver board,false,mpn,PROTOCOL-33-gate_driver_board,source_backed,test-fixture://review-evidence-closure/source/gate_driver_board,Protocol-only fixture proving source-backed closure. Not a real supplier quote.,2026-05-17T11:40:00.000+01:00,Keep source record attached; refresh evidence before procurement use.
energy_conversion_transduction_pcs_inverter_gate_driver_board,gate_driver_board,gate driver board,false,unit_cost_gbp,132,source_backed,test-fixture://review-evidence-closure/source/gate_driver_board,Protocol-only fixture proving source-backed closure. Not a real supplier quote.,2026-05-17T11:40:00.000+01:00,Keep source record attached; refresh evidence before procurement use.
energy_conversion_transduction_pcs_inverter_gate_driver_board,gate_driver_board,gate driver board,false,lead_time_weeks,8,source_backed,test-fixture://review-evidence-closure/source/gate_driver_board,Protocol-only fixture proving source-backed closure. Not a real supplier quote.,2026-05-17T11:40:00.000+01:00,Keep source record attached; refresh evidence before procurement use.
energy_conversion_transduction_pcs_inverter_inverter_control_board,inverter_control_board,inverter control board,false,supplier,Protocol Evidence Supplier,source_backed,test-fixture://review-evidence-closure/source/inverter_control_board,Protocol-only fixture proving source-backed closure. Not a real supplier quote.,2026-05-17T11:40:00.000+01:00,Keep source record attached; refresh evidence before procurement use.
energy_conversion_transduction_pcs_inverter_inverter_control_board,inverter_control_board,inverter control board,false,manufacturer,Protocol Evidence Manufacturer,source_backed,test-fixture://review-evidence-closure/source/inverter_control_board,Protocol-only fixture proving source-backed closure. Not a real supplier quote.,2026-05-17T11:40:00.000+01:00,Keep source record attached; refresh evidence before procurement use.
energy_conversion_transduction_pcs_inverter_inverter_control_board,inverter_control_board,inverter control board,false,mpn,PROTOCOL-34-inverter_control_board,source_backed,test-fixture://review-evidence-closure/source/inverter_control_board,Protocol-only fixture proving source-backed closure. Not a real supplier quote.,2026-05-17T11:40:00.000+01:00,Keep source record attached; refresh evidence before procurement use.
energy_conversion_transduction_pcs_inverter_inverter_control_board,inverter_control_board,inverter control board,false,unit_cost_gbp,133,source_backed,test-fixture://review-evidence-closure/source/inverter_control_board,Protocol-only fixture proving source-backed closure. Not a real supplier quote.,2026-05-17T11:40:00.000+01:00,Keep source record attached; refresh evidence before procurement use.
energy_conversion_transduction_pcs_inverter_inverter_control_board,inverter_control_board,inverter control board,false,lead_time_weeks,8,source_backed,test-fixture://review-evidence-closure/source/inverter_control_board,Protocol-only fixture proving source-backed closure. Not a real supplier quote.,2026-05-17T11:40:00.000+01:00,Keep source record attached; refresh evidence before procurement use.
energy_conversion_transduction_pcs_inverter_liquid_cooled_heatsink,liquid_cooled_heatsink,liquid-cooled heatsink,false,supplier,Protocol Evidence Supplier,source_backed,test-fixture://review-evidence-closure/source/liquid_cooled_heatsink,Protocol-only fixture proving source-backed closure. Not a real supplier quote.,2026-05-17T11:40:00.000+01:00,Keep source record attached; refresh evidence before procurement use.
energy_conversion_transduction_pcs_inverter_liquid_cooled_heatsink,liquid_cooled_heatsink,liquid-cooled heatsink,false,manufacturer,Protocol Evidence Manufacturer,source_backed,test-fixture://review-evidence-closure/source/liquid_cooled_heatsink,Protocol-only fixture proving source-backed closure. Not a real supplier quote.,2026-05-17T11:40:00.000+01:00,Keep source record attached; refresh evidence before procurement use.
energy_conversion_transduction_pcs_inverter_liquid_cooled_heatsink,liquid_cooled_heatsink,liquid-cooled heatsink,false,mpn,PROTOCOL-35-liquid_cooled_heatsink,source_backed,test-fixture://review-evidence-closure/source/liquid_cooled_heatsink,Protocol-only fixture proving source-backed closure. Not a real supplier quote.,2026-05-17T11:40:00.000+01:00,Keep source record attached; refresh evidence before procurement use.
energy_conversion_transduction_pcs_inverter_liquid_cooled_heatsink,liquid_cooled_heatsink,liquid-cooled heatsink,false,unit_cost_gbp,134,source_backed,test-fixture://review-evidence-closure/source/liquid_cooled_heatsink,Protocol-only fixture proving source-backed closure. Not a real supplier quote.,2026-05-17T11:40:00.000+01:00,Keep source record attached; refresh evidence before procurement use.
energy_conversion_transduction_pcs_inverter_liquid_cooled_heatsink,liquid_cooled_heatsink,liquid-cooled heatsink,false,lead_time_weeks,8,source_backed,test-fixture://review-evidence-closure/source/liquid_cooled_heatsink,Protocol-only fixture proving source-backed closure. Not a real supplier quote.,2026-05-17T11:40:00.000+01:00,Keep source record attached; refresh evidence before procurement use.
energy_conversion_transduction_transformer_stage_cast_resin_transformer,cast_resin_transformer,cast resin transformer,false,supplier,Protocol Evidence Supplier,source_backed,test-fixture://review-evidence-closure/source/cast_resin_transformer,Protocol-only fixture proving source-backed closure. Not a real supplier quote.,2026-05-17T11:40:00.000+01:00,Keep source record attached; refresh evidence before procurement use.
energy_conversion_transduction_transformer_stage_cast_resin_transformer,cast_resin_transformer,cast resin transformer,false,manufacturer,Protocol Evidence Manufacturer,source_backed,test-fixture://review-evidence-closure/source/cast_resin_transformer,Protocol-only fixture proving source-backed closure. Not a real supplier quote.,2026-05-17T11:40:00.000+01:00,Keep source record attached; refresh evidence before procurement use.
energy_conversion_transduction_transformer_stage_cast_resin_transformer,cast_resin_transformer,cast resin transformer,false,mpn,PROTOCOL-36-cast_resin_transformer,source_backed,test-fixture://review-evidence-closure/source/cast_resin_transformer,Protocol-only fixture proving source-backed closure. Not a real supplier quote.,2026-05-17T11:40:00.000+01:00,Keep source record attached; refresh evidence before procurement use.
energy_conversion_transduction_transformer_stage_cast_resin_transformer,cast_resin_transformer,cast resin transformer,false,unit_cost_gbp,135,source_backed,test-fixture://review-evidence-closure/source/cast_resin_transformer,Protocol-only fixture proving source-backed closure. Not a real supplier quote.,2026-05-17T11:40:00.000+01:00,Keep source record attached; refresh evidence before procurement use.
energy_conversion_transduction_transformer_stage_cast_resin_transformer,cast_resin_transformer,cast resin transformer,false,lead_time_weeks,8,source_backed,test-fixture://review-evidence-closure/source/cast_resin_transformer,Protocol-only fixture proving source-backed closure. Not a real supplier quote.,2026-05-17T11:40:00.000+01:00,Keep source record attached; refresh evidence before procurement use.
energy_conversion_transduction_transformer_stage_hv_winding,hv_winding,HV winding,false,supplier,Protocol Evidence Supplier,source_backed,test-fixture://review-evidence-closure/source/hv_winding,Protocol-only fixture proving source-backed closure. Not a real supplier quote.,2026-05-17T11:40:00.000+01:00,Keep source record attached; refresh evidence before procurement use.
energy_conversion_transduction_transformer_stage_hv_winding,hv_winding,HV winding,false,manufacturer,Protocol Evidence Manufacturer,source_backed,test-fixture://review-evidence-closure/source/hv_winding,Protocol-only fixture proving source-backed closure. Not a real supplier quote.,2026-05-17T11:40:00.000+01:00,Keep source record attached; refresh evidence before procurement use.
energy_conversion_transduction_transformer_stage_hv_winding,hv_winding,HV winding,false,mpn,PROTOCOL-37-hv_winding,source_backed,test-fixture://review-evidence-closure/source/hv_winding,Protocol-only fixture proving source-backed closure. Not a real supplier quote.,2026-05-17T11:40:00.000+01:00,Keep source record attached; refresh evidence before procurement use.
energy_conversion_transduction_transformer_stage_hv_winding,hv_winding,HV winding,false,unit_cost_gbp,136,source_backed,test-fixture://review-evidence-closure/source/hv_winding,Protocol-only fixture proving source-backed closure. Not a real supplier quote.,2026-05-17T11:40:00.000+01:00,Keep source record attached; refresh evidence before procurement use.
energy_conversion_transduction_transformer_stage_hv_winding,hv_winding,HV winding,false,lead_time_weeks,8,source_backed,test-fixture://review-evidence-closure/source/hv_winding,Protocol-only fixture proving source-backed closure. Not a real supplier quote.,2026-05-17T11:40:00.000+01:00,Keep source record attached; refresh evidence before procurement use.
energy_conversion_transduction_transformer_stage_lv_winding,lv_winding,LV winding,false,supplier,Protocol Evidence Supplier,source_backed,test-fixture://review-evidence-closure/source/lv_winding,Protocol-only fixture proving source-backed closure. Not a real supplier quote.,2026-05-17T11:40:00.000+01:00,Keep source record attached; refresh evidence before procurement use.
energy_conversion_transduction_transformer_stage_lv_winding,lv_winding,LV winding,false,manufacturer,Protocol Evidence Manufacturer,source_backed,test-fixture://review-evidence-closure/source/lv_winding,Protocol-only fixture proving source-backed closure. Not a real supplier quote.,2026-05-17T11:40:00.000+01:00,Keep source record attached; refresh evidence before procurement use.
energy_conversion_transduction_transformer_stage_lv_winding,lv_winding,LV winding,false,mpn,PROTOCOL-38-lv_winding,source_backed,test-fixture://review-evidence-closure/source/lv_winding,Protocol-only fixture proving source-backed closure. Not a real supplier quote.,2026-05-17T11:40:00.000+01:00,Keep source record attached; refresh evidence before procurement use.
energy_conversion_transduction_transformer_stage_lv_winding,lv_winding,LV winding,false,unit_cost_gbp,137,source_backed,test-fixture://review-evidence-closure/source/lv_winding,Protocol-only fixture proving source-backed closure. Not a real supplier quote.,2026-05-17T11:40:00.000+01:00,Keep source record attached; refresh evidence before procurement use.
energy_conversion_transduction_transformer_stage_lv_winding,lv_winding,LV winding,false,lead_time_weeks,8,source_backed,test-fixture://review-evidence-closure/source/lv_winding,Protocol-only fixture proving source-backed closure. Not a real supplier quote.,2026-05-17T11:40:00.000+01:00,Keep source record attached; refresh evidence before procurement use.
energy_conversion_transduction_transformer_stage_temperature_probe,temperature_probe,temperature probe,false,supplier,Protocol Evidence Supplier,source_backed,test-fixture://review-evidence-closure/source/temperature_probe,Protocol-only fixture proving source-backed closure. Not a real supplier quote.,2026-05-17T11:40:00.000+01:00,Keep source record attached; refresh evidence before procurement use.
energy_conversion_transduction_transformer_stage_temperature_probe,temperature_probe,temperature probe,false,manufacturer,Protocol Evidence Manufacturer,source_backed,test-fixture://review-evidence-closure/source/temperature_probe,Protocol-only fixture proving source-backed closure. Not a real supplier quote.,2026-05-17T11:40:00.000+01:00,Keep source record attached; refresh evidence before procurement use.
energy_conversion_transduction_transformer_stage_temperature_probe,temperature_probe,temperature probe,false,mpn,PROTOCOL-39-temperature_probe,source_backed,test-fixture://review-evidence-closure/source/temperature_probe,Protocol-only fixture proving source-backed closure. Not a real supplier quote.,2026-05-17T11:40:00.000+01:00,Keep source record attached; refresh evidence before procurement use.
energy_conversion_transduction_transformer_stage_temperature_probe,temperature_probe,temperature probe,false,unit_cost_gbp,138,source_backed,test-fixture://review-evidence-closure/source/temperature_probe,Protocol-only fixture proving source-backed closure. Not a real supplier quote.,2026-05-17T11:40:00.000+01:00,Keep source record attached; refresh evidence before procurement use.
energy_conversion_transduction_transformer_stage_temperature_probe,temperature_probe,temperature probe,false,lead_time_weeks,8,source_backed,test-fixture://review-evidence-closure/source/temperature_probe,Protocol-only fixture proving source-backed closure. Not a real supplier quote.,2026-05-17T11:40:00.000+01:00,Keep source record attached; refresh evidence before procurement use.
energy_conversion_transduction_transformer_stage_anti_vibration_mount,anti_vibration_mount,anti-vibration mount,false,supplier,Protocol Evidence Supplier,source_backed,test-fixture://review-evidence-closure/source/anti_vibration_mount,Protocol-only fixture proving source-backed closure. Not a real supplier quote.,2026-05-17T11:40:00.000+01:00,Keep source record attached; refresh evidence before procurement use.
energy_conversion_transduction_transformer_stage_anti_vibration_mount,anti_vibration_mount,anti-vibration mount,false,manufacturer,Protocol Evidence Manufacturer,source_backed,test-fixture://review-evidence-closure/source/anti_vibration_mount,Protocol-only fixture proving source-backed closure. Not a real supplier quote.,2026-05-17T11:40:00.000+01:00,Keep source record attached; refresh evidence before procurement use.
energy_conversion_transduction_transformer_stage_anti_vibration_mount,anti_vibration_mount,anti-vibration mount,false,mpn,PROTOCOL-40-anti_vibration_mount,source_backed,test-fixture://review-evidence-closure/source/anti_vibration_mount,Protocol-only fixture proving source-backed closure. Not a real supplier quote.,2026-05-17T11:40:00.000+01:00,Keep source record attached; refresh evidence before procurement use.
energy_conversion_transduction_transformer_stage_anti_vibration_mount,anti_vibration_mount,anti-vibration mount,false,unit_cost_gbp,139,source_backed,test-fixture://review-evidence-closure/source/anti_vibration_mount,Protocol-only fixture proving source-backed closure. Not a real supplier quote.,2026-05-17T11:40:00.000+01:00,Keep source record attached; refresh evidence before procurement use.
energy_conversion_transduction_transformer_stage_anti_vibration_mount,anti_vibration_mount,anti-vibration mount,false,lead_time_weeks,8,source_backed,test-fixture://review-evidence-closure/source/anti_vibration_mount,Protocol-only fixture proving source-backed closure. Not a real supplier quote.,2026-05-17T11:40:00.000+01:00,Keep source record attached; refresh evidence before procurement use.
energy_conversion_transduction_grid_filter_grid_filter_choke,grid_filter_choke,grid filter choke,false,supplier,Protocol Evidence Supplier,source_backed,test-fixture://review-evidence-closure/source/grid_filter_choke,Protocol-only fixture proving source-backed closure. Not a real supplier quote.,2026-05-17T11:40:00.000+01:00,Keep source record attached; refresh evidence before procurement use.
energy_conversion_transduction_grid_filter_grid_filter_choke,grid_filter_choke,grid filter choke,false,manufacturer,Protocol Evidence Manufacturer,source_backed,test-fixture://review-evidence-closure/source/grid_filter_choke,Protocol-only fixture proving source-backed closure. Not a real supplier quote.,2026-05-17T11:40:00.000+01:00,Keep source record attached; refresh evidence before procurement use.
energy_conversion_transduction_grid_filter_grid_filter_choke,grid_filter_choke,grid filter choke,false,mpn,PROTOCOL-41-grid_filter_choke,source_backed,test-fixture://review-evidence-closure/source/grid_filter_choke,Protocol-only fixture proving source-backed closure. Not a real supplier quote.,2026-05-17T11:40:00.000+01:00,Keep source record attached; refresh evidence before procurement use.
energy_conversion_transduction_grid_filter_grid_filter_choke,grid_filter_choke,grid filter choke,false,unit_cost_gbp,140,source_backed,test-fixture://review-evidence-closure/source/grid_filter_choke,Protocol-only fixture proving source-backed closure. Not a real supplier quote.,2026-05-17T11:40:00.000+01:00,Keep source record attached; refresh evidence before procurement use.
energy_conversion_transduction_grid_filter_grid_filter_choke,grid_filter_choke,grid filter choke,false,lead_time_weeks,8,source_backed,test-fixture://review-evidence-closure/source/grid_filter_choke,Protocol-only fixture proving source-backed closure. Not a real supplier quote.,2026-05-17T11:40:00.000+01:00,Keep source record attached; refresh evidence before procurement use.
energy_conversion_transduction_grid_filter_ac_filter_capacitor,ac_filter_capacitor,AC filter capacitor,false,supplier,Protocol Evidence Supplier,source_backed,test-fixture://review-evidence-closure/source/ac_filter_capacitor,Protocol-only fixture proving source-backed closure. Not a real supplier quote.,2026-05-17T11:40:00.000+01:00,Keep source record attached; refresh evidence before procurement use.
energy_conversion_transduction_grid_filter_ac_filter_capacitor,ac_filter_capacitor,AC filter capacitor,false,manufacturer,Protocol Evidence Manufacturer,source_backed,test-fixture://review-evidence-closure/source/ac_filter_capacitor,Protocol-only fixture proving source-backed closure. Not a real supplier quote.,2026-05-17T11:40:00.000+01:00,Keep source record attached; refresh evidence before procurement use.
energy_conversion_transduction_grid_filter_ac_filter_capacitor,ac_filter_capacitor,AC filter capacitor,false,mpn,PROTOCOL-42-ac_filter_capacitor,source_backed,test-fixture://review-evidence-closure/source/ac_filter_capacitor,Protocol-only fixture proving source-backed closure. Not a real supplier quote.,2026-05-17T11:40:00.000+01:00,Keep source record attached; refresh evidence before procurement use.
energy_conversion_transduction_grid_filter_ac_filter_capacitor,ac_filter_capacitor,AC filter capacitor,false,unit_cost_gbp,141,source_backed,test-fixture://review-evidence-closure/source/ac_filter_capacitor,Protocol-only fixture proving source-backed closure. Not a real supplier quote.,2026-05-17T11:40:00.000+01:00,Keep source record attached; refresh evidence before procurement use.
energy_conversion_transduction_grid_filter_ac_filter_capacitor,ac_filter_capacitor,AC filter capacitor,false,lead_time_weeks,8,source_backed,test-fixture://review-evidence-closure/source/ac_filter_capacitor,Protocol-only fixture proving source-backed closure. Not a real supplier quote.,2026-05-17T11:40:00.000+01:00,Keep source record attached; refresh evidence before procurement use.
energy_conversion_transduction_grid_filter_emi_filter_assembly,emi_filter_assembly,EMI filter assembly,false,supplier,Protocol Evidence Supplier,source_backed,test-fixture://review-evidence-closure/source/emi_filter_assembly,Protocol-only fixture proving source-backed closure. Not a real supplier quote.,2026-05-17T11:40:00.000+01:00,Keep source record attached; refresh evidence before procurement use.
energy_conversion_transduction_grid_filter_emi_filter_assembly,emi_filter_assembly,EMI filter assembly,false,manufacturer,Protocol Evidence Manufacturer,source_backed,test-fixture://review-evidence-closure/source/emi_filter_assembly,Protocol-only fixture proving source-backed closure. Not a real supplier quote.,2026-05-17T11:40:00.000+01:00,Keep source record attached; refresh evidence before procurement use.
energy_conversion_transduction_grid_filter_emi_filter_assembly,emi_filter_assembly,EMI filter assembly,false,mpn,PROTOCOL-43-emi_filter_assembly,source_backed,test-fixture://review-evidence-closure/source/emi_filter_assembly,Protocol-only fixture proving source-backed closure. Not a real supplier quote.,2026-05-17T11:40:00.000+01:00,Keep source record attached; refresh evidence before procurement use.
energy_conversion_transduction_grid_filter_emi_filter_assembly,emi_filter_assembly,EMI filter assembly,false,unit_cost_gbp,142,source_backed,test-fixture://review-evidence-closure/source/emi_filter_assembly,Protocol-only fixture proving source-backed closure. Not a real supplier quote.,2026-05-17T11:40:00.000+01:00,Keep source record attached; refresh evidence before procurement use.
energy_conversion_transduction_grid_filter_emi_filter_assembly,emi_filter_assembly,EMI filter assembly,false,lead_time_weeks,8,source_backed,test-fixture://review-evidence-closure/source/emi_filter_assembly,Protocol-only fixture proving source-backed closure. Not a real supplier quote.,2026-05-17T11:40:00.000+01:00,Keep source record attached; refresh evidence before procurement use.
energy_conversion_transduction_grid_filter_protective_earth_bar,protective_earth_bar,protective earth bar,false,supplier,Protocol Evidence Supplier,source_backed,test-fixture://review-evidence-closure/source/protective_earth_bar,Protocol-only fixture proving source-backed closure. Not a real supplier quote.,2026-05-17T11:40:00.000+01:00,Keep source record attached; refresh evidence before procurement use.
energy_conversion_transduction_grid_filter_protective_earth_bar,protective_earth_bar,protective earth bar,false,manufacturer,Protocol Evidence Manufacturer,source_backed,test-fixture://review-evidence-closure/source/protective_earth_bar,Protocol-only fixture proving source-backed closure. Not a real supplier quote.,2026-05-17T11:40:00.000+01:00,Keep source record attached; refresh evidence before procurement use.
energy_conversion_transduction_grid_filter_protective_earth_bar,protective_earth_bar,protective earth bar,false,mpn,PROTOCOL-44-protective_earth_bar,source_backed,test-fixture://review-evidence-closure/source/protective_earth_bar,Protocol-only fixture proving source-backed closure. Not a real supplier quote.,2026-05-17T11:40:00.000+01:00,Keep source record attached; refresh evidence before procurement use.
energy_conversion_transduction_grid_filter_protective_earth_bar,protective_earth_bar,protective earth bar,false,unit_cost_gbp,143,source_backed,test-fixture://review-evidence-closure/source/protective_earth_bar,Protocol-only fixture proving source-backed closure. Not a real supplier quote.,2026-05-17T11:40:00.000+01:00,Keep source record attached; refresh evidence before procurement use.
energy_conversion_transduction_grid_filter_protective_earth_bar,protective_earth_bar,protective earth bar,false,lead_time_weeks,8,source_backed,test-fixture://review-evidence-closure/source/protective_earth_bar,Protocol-only fixture proving source-backed closure. Not a real supplier quote.,2026-05-17T11:40:00.000+01:00,Keep source record attached; refresh evidence before procurement use.
energy_conversion_transduction_grid_protection_relay_grid_protection_relay,grid_protection_relay,grid protection relay,false,supplier,Protocol Evidence Supplier,source_backed,test-fixture://review-evidence-closure/source/grid_protection_relay,Protocol-only fixture proving source-backed closure. Not a real supplier quote.,2026-05-17T11:40:00.000+01:00,Keep source record attached; refresh evidence before procurement use.
energy_conversion_transduction_grid_protection_relay_grid_protection_relay,grid_protection_relay,grid protection relay,false,manufacturer,Protocol Evidence Manufacturer,source_backed,test-fixture://review-evidence-closure/source/grid_protection_relay,Protocol-only fixture proving source-backed closure. Not a real supplier quote.,2026-05-17T11:40:00.000+01:00,Keep source record attached; refresh evidence before procurement use.
energy_conversion_transduction_grid_protection_relay_grid_protection_relay,grid_protection_relay,grid protection relay,false,mpn,PROTOCOL-45-grid_protection_relay,source_backed,test-fixture://review-evidence-closure/source/grid_protection_relay,Protocol-only fixture proving source-backed closure. Not a real supplier quote.,2026-05-17T11:40:00.000+01:00,Keep source record attached; refresh evidence before procurement use.
energy_conversion_transduction_grid_protection_relay_grid_protection_relay,grid_protection_relay,grid protection relay,false,unit_cost_gbp,144,source_backed,test-fixture://review-evidence-closure/source/grid_protection_relay,Protocol-only fixture proving source-backed closure. Not a real supplier quote.,2026-05-17T11:40:00.000+01:00,Keep source record attached; refresh evidence before procurement use.
energy_conversion_transduction_grid_protection_relay_grid_protection_relay,grid_protection_relay,grid protection relay,false,lead_time_weeks,8,source_backed,test-fixture://review-evidence-closure/source/grid_protection_relay,Protocol-only fixture proving source-backed closure. Not a real supplier quote.,2026-05-17T11:40:00.000+01:00,Keep source record attached; refresh evidence before procurement use.
energy_conversion_transduction_grid_protection_relay_voltage_sensing_fuse_set,voltage_sensing_fuse_set,voltage sensing fuse set,false,supplier,Protocol Evidence Supplier,source_backed,test-fixture://review-evidence-closure/source/voltage_sensing_fuse_set,Protocol-only fixture proving source-backed closure. Not a real supplier quote.,2026-05-17T11:40:00.000+01:00,Keep source record attached; refresh evidence before procurement use.
energy_conversion_transduction_grid_protection_relay_voltage_sensing_fuse_set,voltage_sensing_fuse_set,voltage sensing fuse set,false,manufacturer,Protocol Evidence Manufacturer,source_backed,test-fixture://review-evidence-closure/source/voltage_sensing_fuse_set,Protocol-only fixture proving source-backed closure. Not a real supplier quote.,2026-05-17T11:40:00.000+01:00,Keep source record attached; refresh evidence before procurement use.
energy_conversion_transduction_grid_protection_relay_voltage_sensing_fuse_set,voltage_sensing_fuse_set,voltage sensing fuse set,false,mpn,PROTOCOL-46-voltage_sensing_fuse_set,source_backed,test-fixture://review-evidence-closure/source/voltage_sensing_fuse_set,Protocol-only fixture proving source-backed closure. Not a real supplier quote.,2026-05-17T11:40:00.000+01:00,Keep source record attached; refresh evidence before procurement use.
energy_conversion_transduction_grid_protection_relay_voltage_sensing_fuse_set,voltage_sensing_fuse_set,voltage sensing fuse set,false,unit_cost_gbp,145,source_backed,test-fixture://review-evidence-closure/source/voltage_sensing_fuse_set,Protocol-only fixture proving source-backed closure. Not a real supplier quote.,2026-05-17T11:40:00.000+01:00,Keep source record attached; refresh evidence before procurement use.
energy_conversion_transduction_grid_protection_relay_voltage_sensing_fuse_set,voltage_sensing_fuse_set,voltage sensing fuse set,false,lead_time_weeks,8,source_backed,test-fixture://review-evidence-closure/source/voltage_sensing_fuse_set,Protocol-only fixture proving source-backed closure. Not a real supplier quote.,2026-05-17T11:40:00.000+01:00,Keep source record attached; refresh evidence before procurement use.
energy_conversion_transduction_grid_protection_relay_relay_test_block,relay_test_block,relay test block,false,supplier,Protocol Evidence Supplier,source_backed,test-fixture://review-evidence-closure/source/relay_test_block,Protocol-only fixture proving source-backed closure. Not a real supplier quote.,2026-05-17T11:40:00.000+01:00,Keep source record attached; refresh evidence before procurement use.
energy_conversion_transduction_grid_protection_relay_relay_test_block,relay_test_block,relay test block,false,manufacturer,Protocol Evidence Manufacturer,source_backed,test-fixture://review-evidence-closure/source/relay_test_block,Protocol-only fixture proving source-backed closure. Not a real supplier quote.,2026-05-17T11:40:00.000+01:00,Keep source record attached; refresh evidence before procurement use.
energy_conversion_transduction_grid_protection_relay_relay_test_block,relay_test_block,relay test block,false,mpn,PROTOCOL-47-relay_test_block,source_backed,test-fixture://review-evidence-closure/source/relay_test_block,Protocol-only fixture proving source-backed closure. Not a real supplier quote.,2026-05-17T11:40:00.000+01:00,Keep source record attached; refresh evidence before procurement use.
energy_conversion_transduction_grid_protection_relay_relay_test_block,relay_test_block,relay test block,false,unit_cost_gbp,146,source_backed,test-fixture://review-evidence-closure/source/relay_test_block,Protocol-only fixture proving source-backed closure. Not a real supplier quote.,2026-05-17T11:40:00.000+01:00,Keep source record attached; refresh evidence before procurement use.
energy_conversion_transduction_grid_protection_relay_relay_test_block,relay_test_block,relay test block,false,lead_time_weeks,8,source_backed,test-fixture://review-evidence-closure/source/relay_test_block,Protocol-only fixture proving source-backed closure. Not a real supplier quote.,2026-05-17T11:40:00.000+01:00,Keep source record attached; refresh evidence before procurement use.
energy_conversion_transduction_grid_protection_relay_trip_circuit_monitor,trip_circuit_monitor,trip circuit monitor,false,supplier,Protocol Evidence Supplier,source_backed,test-fixture://review-evidence-closure/source/trip_circuit_monitor,Protocol-only fixture proving source-backed closure. Not a real supplier quote.,2026-05-17T11:40:00.000+01:00,Keep source record attached; refresh evidence before procurement use.
energy_conversion_transduction_grid_protection_relay_trip_circuit_monitor,trip_circuit_monitor,trip circuit monitor,false,manufacturer,Protocol Evidence Manufacturer,source_backed,test-fixture://review-evidence-closure/source/trip_circuit_monitor,Protocol-only fixture proving source-backed closure. Not a real supplier quote.,2026-05-17T11:40:00.000+01:00,Keep source record attached; refresh evidence before procurement use.
energy_conversion_transduction_grid_protection_relay_trip_circuit_monitor,trip_circuit_monitor,trip circuit monitor,false,mpn,PROTOCOL-48-trip_circuit_monitor,source_backed,test-fixture://review-evidence-closure/source/trip_circuit_monitor,Protocol-only fixture proving source-backed closure. Not a real supplier quote.,2026-05-17T11:40:00.000+01:00,Keep source record attached; refresh evidence before procurement use.
energy_conversion_transduction_grid_protection_relay_trip_circuit_monitor,trip_circuit_monitor,trip circuit monitor,false,unit_cost_gbp,147,source_backed,test-fixture://review-evidence-closure/source/trip_circuit_monitor,Protocol-only fixture proving source-backed closure. Not a real supplier quote.,2026-05-17T11:40:00.000+01:00,Keep source record attached; refresh evidence before procurement use.
energy_conversion_transduction_grid_protection_relay_trip_circuit_monitor,trip_circuit_monitor,trip circuit monitor,false,lead_time_weeks,8,source_backed,test-fixture://review-evidence-closure/source/trip_circuit_monitor,Protocol-only fixture proving source-backed closure. Not a real supplier quote.,2026-05-17T11:40:00.000+01:00,Keep source record attached; refresh evidence before procurement use.
energy_conversion_transduction_grid_protection_relay_g99_settings_label,g99_settings_label,G99 settings label,false,supplier,Protocol Evidence Supplier,source_backed,test-fixture://review-evidence-closure/source/g99_settings_label,Protocol-only fixture proving source-backed closure. Not a real supplier quote.,2026-05-17T11:40:00.000+01:00,Keep source record attached; refresh evidence before procurement use.
energy_conversion_transduction_grid_protection_relay_g99_settings_label,g99_settings_label,G99 settings label,false,manufacturer,Protocol Evidence Manufacturer,source_backed,test-fixture://review-evidence-closure/source/g99_settings_label,Protocol-only fixture proving source-backed closure. Not a real supplier quote.,2026-05-17T11:40:00.000+01:00,Keep source record attached; refresh evidence before procurement use.
energy_conversion_transduction_grid_protection_relay_g99_settings_label,g99_settings_label,G99 settings label,false,mpn,PROTOCOL-49-g99_settings_label,source_backed,test-fixture://review-evidence-closure/source/g99_settings_label,Protocol-only fixture proving source-backed closure. Not a real supplier quote.,2026-05-17T11:40:00.000+01:00,Keep source record attached; refresh evidence before procurement use.
energy_conversion_transduction_grid_protection_relay_g99_settings_label,g99_settings_label,G99 settings label,false,unit_cost_gbp,148,source_backed,test-fixture://review-evidence-closure/source/g99_settings_label,Protocol-only fixture proving source-backed closure. Not a real supplier quote.,2026-05-17T11:40:00.000+01:00,Keep source record attached; refresh evidence before procurement use.
energy_conversion_transduction_grid_protection_relay_g99_settings_label,g99_settings_label,G99 settings label,false,lead_time_weeks,8,source_backed,test-fixture://review-evidence-closure/source/g99_settings_label,Protocol-only fixture proving source-backed closure. Not a real supplier quote.,2026-05-17T11:40:00.000+01:00,Keep source record attached; refresh evidence before procurement use.
structure_containment_container_shell_corten_steel_side_panel,corten_steel_side_panel,corten steel side panel,false,supplier,Protocol Evidence Supplier,source_backed,test-fixture://review-evidence-closure/source/corten_steel_side_panel,Protocol-only fixture proving source-backed closure. Not a real supplier quote.,2026-05-17T11:40:00.000+01:00,Keep source record attached; refresh evidence before procurement use.
structure_containment_container_shell_corten_steel_side_panel,corten_steel_side_panel,corten steel side panel,false,manufacturer,Protocol Evidence Manufacturer,source_backed,test-fixture://review-evidence-closure/source/corten_steel_side_panel,Protocol-only fixture proving source-backed closure. Not a real supplier quote.,2026-05-17T11:40:00.000+01:00,Keep source record attached; refresh evidence before procurement use.
structure_containment_container_shell_corten_steel_side_panel,corten_steel_side_panel,corten steel side panel,false,mpn,PROTOCOL-50-corten_steel_side_panel,source_backed,test-fixture://review-evidence-closure/source/corten_steel_side_panel,Protocol-only fixture proving source-backed closure. Not a real supplier quote.,2026-05-17T11:40:00.000+01:00,Keep source record attached; refresh evidence before procurement use.
structure_containment_container_shell_corten_steel_side_panel,corten_steel_side_panel,corten steel side panel,false,unit_cost_gbp,149,source_backed,test-fixture://review-evidence-closure/source/corten_steel_side_panel,Protocol-only fixture proving source-backed closure. Not a real supplier quote.,2026-05-17T11:40:00.000+01:00,Keep source record attached; refresh evidence before procurement use.
structure_containment_container_shell_corten_steel_side_panel,corten_steel_side_panel,corten steel side panel,false,lead_time_weeks,8,source_backed,test-fixture://review-evidence-closure/source/corten_steel_side_panel,Protocol-only fixture proving source-backed closure. Not a real supplier quote.,2026-05-17T11:40:00.000+01:00,Keep source record attached; refresh evidence before procurement use.
structure_containment_container_shell_corner_casting,corner_casting,corner casting,false,supplier,Protocol Evidence Supplier,source_backed,test-fixture://review-evidence-closure/source/corner_casting,Protocol-only fixture proving source-backed closure. Not a real supplier quote.,2026-05-17T11:40:00.000+01:00,Keep source record attached; refresh evidence before procurement use.
structure_containment_container_shell_corner_casting,corner_casting,corner casting,false,manufacturer,Protocol Evidence Manufacturer,source_backed,test-fixture://review-evidence-closure/source/corner_casting,Protocol-only fixture proving source-backed closure. Not a real supplier quote.,2026-05-17T11:40:00.000+01:00,Keep source record attached; refresh evidence before procurement use.
structure_containment_container_shell_corner_casting,corner_casting,corner casting,false,mpn,PROTOCOL-51-corner_casting,source_backed,test-fixture://review-evidence-closure/source/corner_casting,Protocol-only fixture proving source-backed closure. Not a real supplier quote.,2026-05-17T11:40:00.000+01:00,Keep source record attached; refresh evidence before procurement use.
structure_containment_container_shell_corner_casting,corner_casting,corner casting,false,unit_cost_gbp,150,source_backed,test-fixture://review-evidence-closure/source/corner_casting,Protocol-only fixture proving source-backed closure. Not a real supplier quote.,2026-05-17T11:40:00.000+01:00,Keep source record attached; refresh evidence before procurement use.
structure_containment_container_shell_corner_casting,corner_casting,corner casting,false,lead_time_weeks,8,source_backed,test-fixture://review-evidence-closure/source/corner_casting,Protocol-only fixture proving source-backed closure. Not a real supplier quote.,2026-05-17T11:40:00.000+01:00,Keep source record attached; refresh evidence before procurement use.
structure_containment_container_shell_marine_plywood_floor,marine_plywood_floor,marine plywood floor,false,supplier,Protocol Evidence Supplier,source_backed,test-fixture://review-evidence-closure/source/marine_plywood_floor,Protocol-only fixture proving source-backed closure. Not a real supplier quote.,2026-05-17T11:40:00.000+01:00,Keep source record attached; refresh evidence before procurement use.
structure_containment_container_shell_marine_plywood_floor,marine_plywood_floor,marine plywood floor,false,manufacturer,Protocol Evidence Manufacturer,source_backed,test-fixture://review-evidence-closure/source/marine_plywood_floor,Protocol-only fixture proving source-backed closure. Not a real supplier quote.,2026-05-17T11:40:00.000+01:00,Keep source record attached; refresh evidence before procurement use.
structure_containment_container_shell_marine_plywood_floor,marine_plywood_floor,marine plywood floor,false,mpn,PROTOCOL-52-marine_plywood_floor,source_backed,test-fixture://review-evidence-closure/source/marine_plywood_floor,Protocol-only fixture proving source-backed closure. Not a real supplier quote.,2026-05-17T11:40:00.000+01:00,Keep source record attached; refresh evidence before procurement use.
structure_containment_container_shell_marine_plywood_floor,marine_plywood_floor,marine plywood floor,false,unit_cost_gbp,151,source_backed,test-fixture://review-evidence-closure/source/marine_plywood_floor,Protocol-only fixture proving source-backed closure. Not a real supplier quote.,2026-05-17T11:40:00.000+01:00,Keep source record attached; refresh evidence before procurement use.
structure_containment_container_shell_marine_plywood_floor,marine_plywood_floor,marine plywood floor,false,lead_time_weeks,8,source_backed,test-fixture://review-evidence-closure/source/marine_plywood_floor,Protocol-only fixture proving source-backed closure. Not a real supplier quote.,2026-05-17T11:40:00.000+01:00,Keep source record attached; refresh evidence before procurement use.
structure_containment_container_shell_roof_panel,roof_panel,roof panel,false,supplier,Protocol Evidence Supplier,source_backed,test-fixture://review-evidence-closure/source/roof_panel,Protocol-only fixture proving source-backed closure. Not a real supplier quote.,2026-05-17T11:40:00.000+01:00,Keep source record attached; refresh evidence before procurement use.
structure_containment_container_shell_roof_panel,roof_panel,roof panel,false,manufacturer,Protocol Evidence Manufacturer,source_backed,test-fixture://review-evidence-closure/source/roof_panel,Protocol-only fixture proving source-backed closure. Not a real supplier quote.,2026-05-17T11:40:00.000+01:00,Keep source record attached; refresh evidence before procurement use.
structure_containment_container_shell_roof_panel,roof_panel,roof panel,false,mpn,PROTOCOL-53-roof_panel,source_backed,test-fixture://review-evidence-closure/source/roof_panel,Protocol-only fixture proving source-backed closure. Not a real supplier quote.,2026-05-17T11:40:00.000+01:00,Keep source record attached; refresh evidence before procurement use.
structure_containment_container_shell_roof_panel,roof_panel,roof panel,false,unit_cost_gbp,152,source_backed,test-fixture://review-evidence-closure/source/roof_panel,Protocol-only fixture proving source-backed closure. Not a real supplier quote.,2026-05-17T11:40:00.000+01:00,Keep source record attached; refresh evidence before procurement use.
structure_containment_container_shell_roof_panel,roof_panel,roof panel,false,lead_time_weeks,8,source_backed,test-fixture://review-evidence-closure/source/roof_panel,Protocol-only fixture proving source-backed closure. Not a real supplier quote.,2026-05-17T11:40:00.000+01:00,Keep source record attached; refresh evidence before procurement use.
structure_containment_internal_partitions_steel_stud_frame,steel_stud_frame,steel stud frame,false,supplier,Protocol Evidence Supplier,source_backed,test-fixture://review-evidence-closure/source/steel_stud_frame,Protocol-only fixture proving source-backed closure. Not a real supplier quote.,2026-05-17T11:40:00.000+01:00,Keep source record attached; refresh evidence before procurement use.
structure_containment_internal_partitions_steel_stud_frame,steel_stud_frame,steel stud frame,false,manufacturer,Protocol Evidence Manufacturer,source_backed,test-fixture://review-evidence-closure/source/steel_stud_frame,Protocol-only fixture proving source-backed closure. Not a real supplier quote.,2026-05-17T11:40:00.000+01:00,Keep source record attached; refresh evidence before procurement use.
structure_containment_internal_partitions_steel_stud_frame,steel_stud_frame,steel stud frame,false,mpn,PROTOCOL-54-steel_stud_frame,source_backed,test-fixture://review-evidence-closure/source/steel_stud_frame,Protocol-only fixture proving source-backed closure. Not a real supplier quote.,2026-05-17T11:40:00.000+01:00,Keep source record attached; refresh evidence before procurement use.
structure_containment_internal_partitions_steel_stud_frame,steel_stud_frame,steel stud frame,false,unit_cost_gbp,153,source_backed,test-fixture://review-evidence-closure/source/steel_stud_frame,Protocol-only fixture proving source-backed closure. Not a real supplier quote.,2026-05-17T11:40:00.000+01:00,Keep source record attached; refresh evidence before procurement use.
structure_containment_internal_partitions_steel_stud_frame,steel_stud_frame,steel stud frame,false,lead_time_weeks,8,source_backed,test-fixture://review-evidence-closure/source/steel_stud_frame,Protocol-only fixture proving source-backed closure. Not a real supplier quote.,2026-05-17T11:40:00.000+01:00,Keep source record attached; refresh evidence before procurement use.
structure_containment_internal_partitions_fire_rated_board,fire_rated_board,fire-rated board,false,supplier,Protocol Evidence Supplier,source_backed,test-fixture://review-evidence-closure/source/fire_rated_board,Protocol-only fixture proving source-backed closure. Not a real supplier quote.,2026-05-17T11:40:00.000+01:00,Keep source record attached; refresh evidence before procurement use.
structure_containment_internal_partitions_fire_rated_board,fire_rated_board,fire-rated board,false,manufacturer,Protocol Evidence Manufacturer,source_backed,test-fixture://review-evidence-closure/source/fire_rated_board,Protocol-only fixture proving source-backed closure. Not a real supplier quote.,2026-05-17T11:40:00.000+01:00,Keep source record attached; refresh evidence before procurement use.
structure_containment_internal_partitions_fire_rated_board,fire_rated_board,fire-rated board,false,mpn,PROTOCOL-55-fire_rated_board,source_backed,test-fixture://review-evidence-closure/source/fire_rated_board,Protocol-only fixture proving source-backed closure. Not a real supplier quote.,2026-05-17T11:40:00.000+01:00,Keep source record attached; refresh evidence before procurement use.
structure_containment_internal_partitions_fire_rated_board,fire_rated_board,fire-rated board,false,unit_cost_gbp,154,source_backed,test-fixture://review-evidence-closure/source/fire_rated_board,Protocol-only fixture proving source-backed closure. Not a real supplier quote.,2026-05-17T11:40:00.000+01:00,Keep source record attached; refresh evidence before procurement use.
structure_containment_internal_partitions_fire_rated_board,fire_rated_board,fire-rated board,false,lead_time_weeks,8,source_backed,test-fixture://review-evidence-closure/source/fire_rated_board,Protocol-only fixture proving source-backed closure. Not a real supplier quote.,2026-05-17T11:40:00.000+01:00,Keep source record attached; refresh evidence before procurement use.
structure_containment_internal_partitions_mineral_wool_insulation,mineral_wool_insulation,mineral wool insulation,false,supplier,Protocol Evidence Supplier,source_backed,test-fixture://review-evidence-closure/source/mineral_wool_insulation,Protocol-only fixture proving source-backed closure. Not a real supplier quote.,2026-05-17T11:40:00.000+01:00,Keep source record attached; refresh evidence before procurement use.
structure_containment_internal_partitions_mineral_wool_insulation,mineral_wool_insulation,mineral wool insulation,false,manufacturer,Protocol Evidence Manufacturer,source_backed,test-fixture://review-evidence-closure/source/mineral_wool_insulation,Protocol-only fixture proving source-backed closure. Not a real supplier quote.,2026-05-17T11:40:00.000+01:00,Keep source record attached; refresh evidence before procurement use.
structure_containment_internal_partitions_mineral_wool_insulation,mineral_wool_insulation,mineral wool insulation,false,mpn,PROTOCOL-56-mineral_wool_insulation,source_backed,test-fixture://review-evidence-closure/source/mineral_wool_insulation,Protocol-only fixture proving source-backed closure. Not a real supplier quote.,2026-05-17T11:40:00.000+01:00,Keep source record attached; refresh evidence before procurement use.
structure_containment_internal_partitions_mineral_wool_insulation,mineral_wool_insulation,mineral wool insulation,false,unit_cost_gbp,155,source_backed,test-fixture://review-evidence-closure/source/mineral_wool_insulation,Protocol-only fixture proving source-backed closure. Not a real supplier quote.,2026-05-17T11:40:00.000+01:00,Keep source record attached; refresh evidence before procurement use.
structure_containment_internal_partitions_mineral_wool_insulation,mineral_wool_insulation,mineral wool insulation,false,lead_time_weeks,8,source_backed,test-fixture://review-evidence-closure/source/mineral_wool_insulation,Protocol-only fixture proving source-backed closure. Not a real supplier quote.,2026-05-17T11:40:00.000+01:00,Keep source record attached; refresh evidence before procurement use.
structure_containment_internal_partitions_intumescent_sealant,intumescent_sealant,intumescent sealant,false,supplier,Protocol Evidence Supplier,source_backed,test-fixture://review-evidence-closure/source/intumescent_sealant,Protocol-only fixture proving source-backed closure. Not a real supplier quote.,2026-05-17T11:40:00.000+01:00,Keep source record attached; refresh evidence before procurement use.
structure_containment_internal_partitions_intumescent_sealant,intumescent_sealant,intumescent sealant,false,manufacturer,Protocol Evidence Manufacturer,source_backed,test-fixture://review-evidence-closure/source/intumescent_sealant,Protocol-only fixture proving source-backed closure. Not a real supplier quote.,2026-05-17T11:40:00.000+01:00,Keep source record attached; refresh evidence before procurement use.
structure_containment_internal_partitions_intumescent_sealant,intumescent_sealant,intumescent sealant,false,mpn,PROTOCOL-57-intumescent_sealant,source_backed,test-fixture://review-evidence-closure/source/intumescent_sealant,Protocol-only fixture proving source-backed closure. Not a real supplier quote.,2026-05-17T11:40:00.000+01:00,Keep source record attached; refresh evidence before procurement use.
structure_containment_internal_partitions_intumescent_sealant,intumescent_sealant,intumescent sealant,false,unit_cost_gbp,156,source_backed,test-fixture://review-evidence-closure/source/intumescent_sealant,Protocol-only fixture proving source-backed closure. Not a real supplier quote.,2026-05-17T11:40:00.000+01:00,Keep source record attached; refresh evidence before procurement use.
structure_containment_internal_partitions_intumescent_sealant,intumescent_sealant,intumescent sealant,false,lead_time_weeks,8,source_backed,test-fixture://review-evidence-closure/source/intumescent_sealant,Protocol-only fixture proving source-backed closure. Not a real supplier quote.,2026-05-17T11:40:00.000+01:00,Keep source record attached; refresh evidence before procurement use.
structure_containment_rack_mounting_floor_reinforcement_plate,floor_reinforcement_plate,floor reinforcement plate,false,supplier,Protocol Evidence Supplier,source_backed,test-fixture://review-evidence-closure/source/floor_reinforcement_plate,Protocol-only fixture proving source-backed closure. Not a real supplier quote.,2026-05-17T11:40:00.000+01:00,Keep source record attached; refresh evidence before procurement use.
structure_containment_rack_mounting_floor_reinforcement_plate,floor_reinforcement_plate,floor reinforcement plate,false,manufacturer,Protocol Evidence Manufacturer,source_backed,test-fixture://review-evidence-closure/source/floor_reinforcement_plate,Protocol-only fixture proving source-backed closure. Not a real supplier quote.,2026-05-17T11:40:00.000+01:00,Keep source record attached; refresh evidence before procurement use.
structure_containment_rack_mounting_floor_reinforcement_plate,floor_reinforcement_plate,floor reinforcement plate,false,mpn,PROTOCOL-58-floor_reinforcement_plate,source_backed,test-fixture://review-evidence-closure/source/floor_reinforcement_plate,Protocol-only fixture proving source-backed closure. Not a real supplier quote.,2026-05-17T11:40:00.000+01:00,Keep source record attached; refresh evidence before procurement use.
structure_containment_rack_mounting_floor_reinforcement_plate,floor_reinforcement_plate,floor reinforcement plate,false,unit_cost_gbp,157,source_backed,test-fixture://review-evidence-closure/source/floor_reinforcement_plate,Protocol-only fixture proving source-backed closure. Not a real supplier quote.,2026-05-17T11:40:00.000+01:00,Keep source record attached; refresh evidence before procurement use.
structure_containment_rack_mounting_floor_reinforcement_plate,floor_reinforcement_plate,floor reinforcement plate,false,lead_time_weeks,8,source_backed,test-fixture://review-evidence-closure/source/floor_reinforcement_plate,Protocol-only fixture proving source-backed closure. Not a real supplier quote.,2026-05-17T11:40:00.000+01:00,Keep source record attached; refresh evidence before procurement use.
structure_containment_rack_mounting_rack_mounting_rail,rack_mounting_rail,rack mounting rail,false,supplier,Protocol Evidence Supplier,source_backed,test-fixture://review-evidence-closure/source/rack_mounting_rail,Protocol-only fixture proving source-backed closure. Not a real supplier quote.,2026-05-17T11:40:00.000+01:00,Keep source record attached; refresh evidence before procurement use.
structure_containment_rack_mounting_rack_mounting_rail,rack_mounting_rail,rack mounting rail,false,manufacturer,Protocol Evidence Manufacturer,source_backed,test-fixture://review-evidence-closure/source/rack_mounting_rail,Protocol-only fixture proving source-backed closure. Not a real supplier quote.,2026-05-17T11:40:00.000+01:00,Keep source record attached; refresh evidence before procurement use.
structure_containment_rack_mounting_rack_mounting_rail,rack_mounting_rail,rack mounting rail,false,mpn,PROTOCOL-59-rack_mounting_rail,source_backed,test-fixture://review-evidence-closure/source/rack_mounting_rail,Protocol-only fixture proving source-backed closure. Not a real supplier quote.,2026-05-17T11:40:00.000+01:00,Keep source record attached; refresh evidence before procurement use.
structure_containment_rack_mounting_rack_mounting_rail,rack_mounting_rail,rack mounting rail,false,unit_cost_gbp,158,source_backed,test-fixture://review-evidence-closure/source/rack_mounting_rail,Protocol-only fixture proving source-backed closure. Not a real supplier quote.,2026-05-17T11:40:00.000+01:00,Keep source record attached; refresh evidence before procurement use.
structure_containment_rack_mounting_rack_mounting_rail,rack_mounting_rail,rack mounting rail,false,lead_time_weeks,8,source_backed,test-fixture://review-evidence-closure/source/rack_mounting_rail,Protocol-only fixture proving source-backed closure. Not a real supplier quote.,2026-05-17T11:40:00.000+01:00,Keep source record attached; refresh evidence before procurement use.
structure_containment_rack_mounting_vibration_isolator,vibration_isolator,vibration isolator,false,supplier,Protocol Evidence Supplier,source_backed,test-fixture://review-evidence-closure/source/vibration_isolator,Protocol-only fixture proving source-backed closure. Not a real supplier quote.,2026-05-17T11:40:00.000+01:00,Keep source record attached; refresh evidence before procurement use.
structure_containment_rack_mounting_vibration_isolator,vibration_isolator,vibration isolator,false,manufacturer,Protocol Evidence Manufacturer,source_backed,test-fixture://review-evidence-closure/source/vibration_isolator,Protocol-only fixture proving source-backed closure. Not a real supplier quote.,2026-05-17T11:40:00.000+01:00,Keep source record attached; refresh evidence before procurement use.
structure_containment_rack_mounting_vibration_isolator,vibration_isolator,vibration isolator,false,mpn,PROTOCOL-60-vibration_isolator,source_backed,test-fixture://review-evidence-closure/source/vibration_isolator,Protocol-only fixture proving source-backed closure. Not a real supplier quote.,2026-05-17T11:40:00.000+01:00,Keep source record attached; refresh evidence before procurement use.
structure_containment_rack_mounting_vibration_isolator,vibration_isolator,vibration isolator,false,unit_cost_gbp,159,source_backed,test-fixture://review-evidence-closure/source/vibration_isolator,Protocol-only fixture proving source-backed closure. Not a real supplier quote.,2026-05-17T11:40:00.000+01:00,Keep source record attached; refresh evidence before procurement use.
structure_containment_rack_mounting_vibration_isolator,vibration_isolator,vibration isolator,false,lead_time_weeks,8,source_backed,test-fixture://review-evidence-closure/source/vibration_isolator,Protocol-only fixture proving source-backed closure. Not a real supplier quote.,2026-05-17T11:40:00.000+01:00,Keep source record attached; refresh evidence before procurement use.
structure_containment_rack_mounting_anchor_bolt_set,anchor_bolt_set,anchor bolt set,false,supplier,Protocol Evidence Supplier,source_backed,test-fixture://review-evidence-closure/source/anchor_bolt_set,Protocol-only fixture proving source-backed closure. Not a real supplier quote.,2026-05-17T11:40:00.000+01:00,Keep source record attached; refresh evidence before procurement use.
structure_containment_rack_mounting_anchor_bolt_set,anchor_bolt_set,anchor bolt set,false,manufacturer,Protocol Evidence Manufacturer,source_backed,test-fixture://review-evidence-closure/source/anchor_bolt_set,Protocol-only fixture proving source-backed closure. Not a real supplier quote.,2026-05-17T11:40:00.000+01:00,Keep source record attached; refresh evidence before procurement use.
structure_containment_rack_mounting_anchor_bolt_set,anchor_bolt_set,anchor bolt set,false,mpn,PROTOCOL-61-anchor_bolt_set,source_backed,test-fixture://review-evidence-closure/source/anchor_bolt_set,Protocol-only fixture proving source-backed closure. Not a real supplier quote.,2026-05-17T11:40:00.000+01:00,Keep source record attached; refresh evidence before procurement use.
structure_containment_rack_mounting_anchor_bolt_set,anchor_bolt_set,anchor bolt set,false,unit_cost_gbp,160,source_backed,test-fixture://review-evidence-closure/source/anchor_bolt_set,Protocol-only fixture proving source-backed closure. Not a real supplier quote.,2026-05-17T11:40:00.000+01:00,Keep source record attached; refresh evidence before procurement use.
structure_containment_rack_mounting_anchor_bolt_set,anchor_bolt_set,anchor bolt set,false,lead_time_weeks,8,source_backed,test-fixture://review-evidence-closure/source/anchor_bolt_set,Protocol-only fixture proving source-backed closure. Not a real supplier quote.,2026-05-17T11:40:00.000+01:00,Keep source record attached; refresh evidence before procurement use.
structure_containment_cable_penetration_sealing_gland_plate_assembly,gland_plate_assembly,gland plate assembly,false,supplier,Protocol Evidence Supplier,source_backed,test-fixture://review-evidence-closure/source/gland_plate_assembly,Protocol-only fixture proving source-backed closure. Not a real supplier quote.,2026-05-17T11:40:00.000+01:00,Keep source record attached; refresh evidence before procurement use.
structure_containment_cable_penetration_sealing_gland_plate_assembly,gland_plate_assembly,gland plate assembly,false,manufacturer,Protocol Evidence Manufacturer,source_backed,test-fixture://review-evidence-closure/source/gland_plate_assembly,Protocol-only fixture proving source-backed closure. Not a real supplier quote.,2026-05-17T11:40:00.000+01:00,Keep source record attached; refresh evidence before procurement use.
structure_containment_cable_penetration_sealing_gland_plate_assembly,gland_plate_assembly,gland plate assembly,false,mpn,PROTOCOL-62-gland_plate_assembly,source_backed,test-fixture://review-evidence-closure/source/gland_plate_assembly,Protocol-only fixture proving source-backed closure. Not a real supplier quote.,2026-05-17T11:40:00.000+01:00,Keep source record attached; refresh evidence before procurement use.
structure_containment_cable_penetration_sealing_gland_plate_assembly,gland_plate_assembly,gland plate assembly,false,unit_cost_gbp,161,source_backed,test-fixture://review-evidence-closure/source/gland_plate_assembly,Protocol-only fixture proving source-backed closure. Not a real supplier quote.,2026-05-17T11:40:00.000+01:00,Keep source record attached; refresh evidence before procurement use.
structure_containment_cable_penetration_sealing_gland_plate_assembly,gland_plate_assembly,gland plate assembly,false,lead_time_weeks,8,source_backed,test-fixture://review-evidence-closure/source/gland_plate_assembly,Protocol-only fixture proving source-backed closure. Not a real supplier quote.,2026-05-17T11:40:00.000+01:00,Keep source record attached; refresh evidence before procurement use.
structure_containment_cable_penetration_sealing_firestop_collar_set,firestop_collar_set,firestop collar set,false,supplier,Protocol Evidence Supplier,source_backed,test-fixture://review-evidence-closure/source/firestop_collar_set,Protocol-only fixture proving source-backed closure. Not a real supplier quote.,2026-05-17T11:40:00.000+01:00,Keep source record attached; refresh evidence before procurement use.
structure_containment_cable_penetration_sealing_firestop_collar_set,firestop_collar_set,firestop collar set,false,manufacturer,Protocol Evidence Manufacturer,source_backed,test-fixture://review-evidence-closure/source/firestop_collar_set,Protocol-only fixture proving source-backed closure. Not a real supplier quote.,2026-05-17T11:40:00.000+01:00,Keep source record attached; refresh evidence before procurement use.
structure_containment_cable_penetration_sealing_firestop_collar_set,firestop_collar_set,firestop collar set,false,mpn,PROTOCOL-63-firestop_collar_set,source_backed,test-fixture://review-evidence-closure/source/firestop_collar_set,Protocol-only fixture proving source-backed closure. Not a real supplier quote.,2026-05-17T11:40:00.000+01:00,Keep source record attached; refresh evidence before procurement use.
structure_containment_cable_penetration_sealing_firestop_collar_set,firestop_collar_set,firestop collar set,false,unit_cost_gbp,162,source_backed,test-fixture://review-evidence-closure/source/firestop_collar_set,Protocol-only fixture proving source-backed closure. Not a real supplier quote.,2026-05-17T11:40:00.000+01:00,Keep source record attached; refresh evidence before procurement use.
structure_containment_cable_penetration_sealing_firestop_collar_set,firestop_collar_set,firestop collar set,false,lead_time_weeks,8,source_backed,test-fixture://review-evidence-closure/source/firestop_collar_set,Protocol-only fixture proving source-backed closure. Not a real supplier quote.,2026-05-17T11:40:00.000+01:00,Keep source record attached; refresh evidence before procurement use.
structure_containment_cable_penetration_sealing_emc_cable_gland,emc_cable_gland,EMC cable gland,false,supplier,Protocol Evidence Supplier,source_backed,test-fixture://review-evidence-closure/source/emc_cable_gland,Protocol-only fixture proving source-backed closure. Not a real supplier quote.,2026-05-17T11:40:00.000+01:00,Keep source record attached; refresh evidence before procurement use.
structure_containment_cable_penetration_sealing_emc_cable_gland,emc_cable_gland,EMC cable gland,false,manufacturer,Protocol Evidence Manufacturer,source_backed,test-fixture://review-evidence-closure/source/emc_cable_gland,Protocol-only fixture proving source-backed closure. Not a real supplier quote.,2026-05-17T11:40:00.000+01:00,Keep source record attached; refresh evidence before procurement use.
structure_containment_cable_penetration_sealing_emc_cable_gland,emc_cable_gland,EMC cable gland,false,mpn,PROTOCOL-64-emc_cable_gland,source_backed,test-fixture://review-evidence-closure/source/emc_cable_gland,Protocol-only fixture proving source-backed closure. Not a real supplier quote.,2026-05-17T11:40:00.000+01:00,Keep source record attached; refresh evidence before procurement use.
structure_containment_cable_penetration_sealing_emc_cable_gland,emc_cable_gland,EMC cable gland,false,unit_cost_gbp,163,source_backed,test-fixture://review-evidence-closure/source/emc_cable_gland,Protocol-only fixture proving source-backed closure. Not a real supplier quote.,2026-05-17T11:40:00.000+01:00,Keep source record attached; refresh evidence before procurement use.
structure_containment_cable_penetration_sealing_emc_cable_gland,emc_cable_gland,EMC cable gland,false,lead_time_weeks,8,source_backed,test-fixture://review-evidence-closure/source/emc_cable_gland,Protocol-only fixture proving source-backed closure. Not a real supplier quote.,2026-05-17T11:40:00.000+01:00,Keep source record attached; refresh evidence before procurement use.
structure_containment_cable_penetration_sealing_rain_drip_shield,rain_drip_shield,rain drip shield,false,supplier,Protocol Evidence Supplier,source_backed,test-fixture://review-evidence-closure/source/rain_drip_shield,Protocol-only fixture proving source-backed closure. Not a real supplier quote.,2026-05-17T11:40:00.000+01:00,Keep source record attached; refresh evidence before procurement use.
structure_containment_cable_penetration_sealing_rain_drip_shield,rain_drip_shield,rain drip shield,false,manufacturer,Protocol Evidence Manufacturer,source_backed,test-fixture://review-evidence-closure/source/rain_drip_shield,Protocol-only fixture proving source-backed closure. Not a real supplier quote.,2026-05-17T11:40:00.000+01:00,Keep source record attached; refresh evidence before procurement use.
structure_containment_cable_penetration_sealing_rain_drip_shield,rain_drip_shield,rain drip shield,false,mpn,PROTOCOL-65-rain_drip_shield,source_backed,test-fixture://review-evidence-closure/source/rain_drip_shield,Protocol-only fixture proving source-backed closure. Not a real supplier quote.,2026-05-17T11:40:00.000+01:00,Keep source record attached; refresh evidence before procurement use.
structure_containment_cable_penetration_sealing_rain_drip_shield,rain_drip_shield,rain drip shield,false,unit_cost_gbp,164,source_backed,test-fixture://review-evidence-closure/source/rain_drip_shield,Protocol-only fixture proving source-backed closure. Not a real supplier quote.,2026-05-17T11:40:00.000+01:00,Keep source record attached; refresh evidence before procurement use.
structure_containment_cable_penetration_sealing_rain_drip_shield,rain_drip_shield,rain drip shield,false,lead_time_weeks,8,source_backed,test-fixture://review-evidence-closure/source/rain_drip_shield,Protocol-only fixture proving source-backed closure. Not a real supplier quote.,2026-05-17T11:40:00.000+01:00,Keep source record attached; refresh evidence before procurement use.
structure_containment_cable_penetration_sealing_penetration_schedule_label,penetration_schedule_label,penetration schedule label,false,supplier,Protocol Evidence Supplier,source_backed,test-fixture://review-evidence-closure/source/penetration_schedule_label,Protocol-only fixture proving source-backed closure. Not a real supplier quote.,2026-05-17T11:40:00.000+01:00,Keep source record attached; refresh evidence before procurement use.
structure_containment_cable_penetration_sealing_penetration_schedule_label,penetration_schedule_label,penetration schedule label,false,manufacturer,Protocol Evidence Manufacturer,source_backed,test-fixture://review-evidence-closure/source/penetration_schedule_label,Protocol-only fixture proving source-backed closure. Not a real supplier quote.,2026-05-17T11:40:00.000+01:00,Keep source record attached; refresh evidence before procurement use.
structure_containment_cable_penetration_sealing_penetration_schedule_label,penetration_schedule_label,penetration schedule label,false,mpn,PROTOCOL-66-penetration_schedule_label,source_backed,test-fixture://review-evidence-closure/source/penetration_schedule_label,Protocol-only fixture proving source-backed closure. Not a real supplier quote.,2026-05-17T11:40:00.000+01:00,Keep source record attached; refresh evidence before procurement use.
structure_containment_cable_penetration_sealing_penetration_schedule_label,penetration_schedule_label,penetration schedule label,false,unit_cost_gbp,165,source_backed,test-fixture://review-evidence-closure/source/penetration_schedule_label,Protocol-only fixture proving source-backed closure. Not a real supplier quote.,2026-05-17T11:40:00.000+01:00,Keep source record attached; refresh evidence before procurement use.
structure_containment_cable_penetration_sealing_penetration_schedule_label,penetration_schedule_label,penetration schedule label,false,lead_time_weeks,8,source_backed,test-fixture://review-evidence-closure/source/penetration_schedule_label,Protocol-only fixture proving source-backed closure. Not a real supplier quote.,2026-05-17T11:40:00.000+01:00,Keep source record attached; refresh evidence before procurement use.
sensing_instrumentation_electrical_measurement_dc_voltage_transducer,dc_voltage_transducer,DC voltage transducer,false,supplier,Protocol Evidence Supplier,source_backed,test-fixture://review-evidence-closure/source/dc_voltage_transducer,Protocol-only fixture proving source-backed closure. Not a real supplier quote.,2026-05-17T11:40:00.000+01:00,Keep source record attached; refresh evidence before procurement use.
sensing_instrumentation_electrical_measurement_dc_voltage_transducer,dc_voltage_transducer,DC voltage transducer,false,manufacturer,Protocol Evidence Manufacturer,source_backed,test-fixture://review-evidence-closure/source/dc_voltage_transducer,Protocol-only fixture proving source-backed closure. Not a real supplier quote.,2026-05-17T11:40:00.000+01:00,Keep source record attached; refresh evidence before procurement use.
sensing_instrumentation_electrical_measurement_dc_voltage_transducer,dc_voltage_transducer,DC voltage transducer,false,mpn,PROTOCOL-67-dc_voltage_transducer,source_backed,test-fixture://review-evidence-closure/source/dc_voltage_transducer,Protocol-only fixture proving source-backed closure. Not a real supplier quote.,2026-05-17T11:40:00.000+01:00,Keep source record attached; refresh evidence before procurement use.
sensing_instrumentation_electrical_measurement_dc_voltage_transducer,dc_voltage_transducer,DC voltage transducer,false,unit_cost_gbp,166,source_backed,test-fixture://review-evidence-closure/source/dc_voltage_transducer,Protocol-only fixture proving source-backed closure. Not a real supplier quote.,2026-05-17T11:40:00.000+01:00,Keep source record attached; refresh evidence before procurement use.
sensing_instrumentation_electrical_measurement_dc_voltage_transducer,dc_voltage_transducer,DC voltage transducer,false,lead_time_weeks,8,source_backed,test-fixture://review-evidence-closure/source/dc_voltage_transducer,Protocol-only fixture proving source-backed closure. Not a real supplier quote.,2026-05-17T11:40:00.000+01:00,Keep source record attached; refresh evidence before procurement use.
sensing_instrumentation_electrical_measurement_hall_current_sensor,hall_current_sensor,Hall current sensor,false,supplier,Protocol Evidence Supplier,source_backed,test-fixture://review-evidence-closure/source/hall_current_sensor,Protocol-only fixture proving source-backed closure. Not a real supplier quote.,2026-05-17T11:40:00.000+01:00,Keep source record attached; refresh evidence before procurement use.
sensing_instrumentation_electrical_measurement_hall_current_sensor,hall_current_sensor,Hall current sensor,false,manufacturer,Protocol Evidence Manufacturer,source_backed,test-fixture://review-evidence-closure/source/hall_current_sensor,Protocol-only fixture proving source-backed closure. Not a real supplier quote.,2026-05-17T11:40:00.000+01:00,Keep source record attached; refresh evidence before procurement use.
sensing_instrumentation_electrical_measurement_hall_current_sensor,hall_current_sensor,Hall current sensor,false,mpn,PROTOCOL-68-hall_current_sensor,source_backed,test-fixture://review-evidence-closure/source/hall_current_sensor,Protocol-only fixture proving source-backed closure. Not a real supplier quote.,2026-05-17T11:40:00.000+01:00,Keep source record attached; refresh evidence before procurement use.
sensing_instrumentation_electrical_measurement_hall_current_sensor,hall_current_sensor,Hall current sensor,false,unit_cost_gbp,167,source_backed,test-fixture://review-evidence-closure/source/hall_current_sensor,Protocol-only fixture proving source-backed closure. Not a real supplier quote.,2026-05-17T11:40:00.000+01:00,Keep source record attached; refresh evidence before procurement use.
sensing_instrumentation_electrical_measurement_hall_current_sensor,hall_current_sensor,Hall current sensor,false,lead_time_weeks,8,source_backed,test-fixture://review-evidence-closure/source/hall_current_sensor,Protocol-only fixture proving source-backed closure. Not a real supplier quote.,2026-05-17T11:40:00.000+01:00,Keep source record attached; refresh evidence before procurement use.
sensing_instrumentation_electrical_measurement_insulation_monitoring_device,insulation_monitoring_device,insulation monitoring device,false,supplier,Protocol Evidence Supplier,source_backed,test-fixture://review-evidence-closure/source/insulation_monitoring_device,Protocol-only fixture proving source-backed closure. Not a real supplier quote.,2026-05-17T11:40:00.000+01:00,Keep source record attached; refresh evidence before procurement use.
sensing_instrumentation_electrical_measurement_insulation_monitoring_device,insulation_monitoring_device,insulation monitoring device,false,manufacturer,Protocol Evidence Manufacturer,source_backed,test-fixture://review-evidence-closure/source/insulation_monitoring_device,Protocol-only fixture proving source-backed closure. Not a real supplier quote.,2026-05-17T11:40:00.000+01:00,Keep source record attached; refresh evidence before procurement use.
sensing_instrumentation_electrical_measurement_insulation_monitoring_device,insulation_monitoring_device,insulation monitoring device,false,mpn,PROTOCOL-69-insulation_monitoring_device,source_backed,test-fixture://review-evidence-closure/source/insulation_monitoring_device,Protocol-only fixture proving source-backed closure. Not a real supplier quote.,2026-05-17T11:40:00.000+01:00,Keep source record attached; refresh evidence before procurement use.
sensing_instrumentation_electrical_measurement_insulation_monitoring_device,insulation_monitoring_device,insulation monitoring device,false,unit_cost_gbp,168,source_backed,test-fixture://review-evidence-closure/source/insulation_monitoring_device,Protocol-only fixture proving source-backed closure. Not a real supplier quote.,2026-05-17T11:40:00.000+01:00,Keep source record attached; refresh evidence before procurement use.
sensing_instrumentation_electrical_measurement_insulation_monitoring_device,insulation_monitoring_device,insulation monitoring device,false,lead_time_weeks,8,source_backed,test-fixture://review-evidence-closure/source/insulation_monitoring_device,Protocol-only fixture proving source-backed closure. Not a real supplier quote.,2026-05-17T11:40:00.000+01:00,Keep source record attached; refresh evidence before procurement use.
sensing_instrumentation_electrical_measurement_auxiliary_metering_transducer,auxiliary_metering_transducer,auxiliary metering transducer,false,supplier,Protocol Evidence Supplier,source_backed,test-fixture://review-evidence-closure/source/auxiliary_metering_transducer,Protocol-only fixture proving source-backed closure. Not a real supplier quote.,2026-05-17T11:40:00.000+01:00,Keep source record attached; refresh evidence before procurement use.
sensing_instrumentation_electrical_measurement_auxiliary_metering_transducer,auxiliary_metering_transducer,auxiliary metering transducer,false,manufacturer,Protocol Evidence Manufacturer,source_backed,test-fixture://review-evidence-closure/source/auxiliary_metering_transducer,Protocol-only fixture proving source-backed closure. Not a real supplier quote.,2026-05-17T11:40:00.000+01:00,Keep source record attached; refresh evidence before procurement use.
sensing_instrumentation_electrical_measurement_auxiliary_metering_transducer,auxiliary_metering_transducer,auxiliary metering transducer,false,mpn,PROTOCOL-70-auxiliary_metering_transducer,source_backed,test-fixture://review-evidence-closure/source/auxiliary_metering_transducer,Protocol-only fixture proving source-backed closure. Not a real supplier quote.,2026-05-17T11:40:00.000+01:00,Keep source record attached; refresh evidence before procurement use.
sensing_instrumentation_electrical_measurement_auxiliary_metering_transducer,auxiliary_metering_transducer,auxiliary metering transducer,false,unit_cost_gbp,169,source_backed,test-fixture://review-evidence-closure/source/auxiliary_metering_transducer,Protocol-only fixture proving source-backed closure. Not a real supplier quote.,2026-05-17T11:40:00.000+01:00,Keep source record attached; refresh evidence before procurement use.
sensing_instrumentation_electrical_measurement_auxiliary_metering_transducer,auxiliary_metering_transducer,auxiliary metering transducer,false,lead_time_weeks,8,source_backed,test-fixture://review-evidence-closure/source/auxiliary_metering_transducer,Protocol-only fixture proving source-backed closure. Not a real supplier quote.,2026-05-17T11:40:00.000+01:00,Keep source record attached; refresh evidence before procurement use.
sensing_instrumentation_environmental_sensors_temperature_humidity_sensor,temperature_humidity_sensor,temperature humidity sensor,false,supplier,Protocol Evidence Supplier,source_backed,test-fixture://review-evidence-closure/source/temperature_humidity_sensor,Protocol-only fixture proving source-backed closure. Not a real supplier quote.,2026-05-17T11:40:00.000+01:00,Keep source record attached; refresh evidence before procurement use.
sensing_instrumentation_environmental_sensors_temperature_humidity_sensor,temperature_humidity_sensor,temperature humidity sensor,false,manufacturer,Protocol Evidence Manufacturer,source_backed,test-fixture://review-evidence-closure/source/temperature_humidity_sensor,Protocol-only fixture proving source-backed closure. Not a real supplier quote.,2026-05-17T11:40:00.000+01:00,Keep source record attached; refresh evidence before procurement use.
sensing_instrumentation_environmental_sensors_temperature_humidity_sensor,temperature_humidity_sensor,temperature humidity sensor,false,mpn,PROTOCOL-71-temperature_humidity_sensor,source_backed,test-fixture://review-evidence-closure/source/temperature_humidity_sensor,Protocol-only fixture proving source-backed closure. Not a real supplier quote.,2026-05-17T11:40:00.000+01:00,Keep source record attached; refresh evidence before procurement use.
sensing_instrumentation_environmental_sensors_temperature_humidity_sensor,temperature_humidity_sensor,temperature humidity sensor,false,unit_cost_gbp,170,source_backed,test-fixture://review-evidence-closure/source/temperature_humidity_sensor,Protocol-only fixture proving source-backed closure. Not a real supplier quote.,2026-05-17T11:40:00.000+01:00,Keep source record attached; refresh evidence before procurement use.
sensing_instrumentation_environmental_sensors_temperature_humidity_sensor,temperature_humidity_sensor,temperature humidity sensor,false,lead_time_weeks,8,source_backed,test-fixture://review-evidence-closure/source/temperature_humidity_sensor,Protocol-only fixture proving source-backed closure. Not a real supplier quote.,2026-05-17T11:40:00.000+01:00,Keep source record attached; refresh evidence before procurement use.
sensing_instrumentation_environmental_sensors_hydrogen_detector,hydrogen_detector,hydrogen detector,false,supplier,Protocol Evidence Supplier,source_backed,test-fixture://review-evidence-closure/source/hydrogen_detector,Protocol-only fixture proving source-backed closure. Not a real supplier quote.,2026-05-17T11:40:00.000+01:00,Keep source record attached; refresh evidence before procurement use.
sensing_instrumentation_environmental_sensors_hydrogen_detector,hydrogen_detector,hydrogen detector,false,manufacturer,Protocol Evidence Manufacturer,source_backed,test-fixture://review-evidence-closure/source/hydrogen_detector,Protocol-only fixture proving source-backed closure. Not a real supplier quote.,2026-05-17T11:40:00.000+01:00,Keep source record attached; refresh evidence before procurement use.
sensing_instrumentation_environmental_sensors_hydrogen_detector,hydrogen_detector,hydrogen detector,false,mpn,PROTOCOL-72-hydrogen_detector,source_backed,test-fixture://review-evidence-closure/source/hydrogen_detector,Protocol-only fixture proving source-backed closure. Not a real supplier quote.,2026-05-17T11:40:00.000+01:00,Keep source record attached; refresh evidence before procurement use.
sensing_instrumentation_environmental_sensors_hydrogen_detector,hydrogen_detector,hydrogen detector,false,unit_cost_gbp,171,source_backed,test-fixture://review-evidence-closure/source/hydrogen_detector,Protocol-only fixture proving source-backed closure. Not a real supplier quote.,2026-05-17T11:40:00.000+01:00,Keep source record attached; refresh evidence before procurement use.
sensing_instrumentation_environmental_sensors_hydrogen_detector,hydrogen_detector,hydrogen detector,false,lead_time_weeks,8,source_backed,test-fixture://review-evidence-closure/source/hydrogen_detector,Protocol-only fixture proving source-backed closure. Not a real supplier quote.,2026-05-17T11:40:00.000+01:00,Keep source record attached; refresh evidence before procurement use.
sensing_instrumentation_environmental_sensors_smoke_aspirating_detector,smoke_aspirating_detector,smoke aspirating detector,false,supplier,Protocol Evidence Supplier,source_backed,test-fixture://review-evidence-closure/source/smoke_aspirating_detector,Protocol-only fixture proving source-backed closure. Not a real supplier quote.,2026-05-17T11:40:00.000+01:00,Keep source record attached; refresh evidence before procurement use.
sensing_instrumentation_environmental_sensors_smoke_aspirating_detector,smoke_aspirating_detector,smoke aspirating detector,false,manufacturer,Protocol Evidence Manufacturer,source_backed,test-fixture://review-evidence-closure/source/smoke_aspirating_detector,Protocol-only fixture proving source-backed closure. Not a real supplier quote.,2026-05-17T11:40:00.000+01:00,Keep source record attached; refresh evidence before procurement use.
sensing_instrumentation_environmental_sensors_smoke_aspirating_detector,smoke_aspirating_detector,smoke aspirating detector,false,mpn,PROTOCOL-73-smoke_aspirating_detector,source_backed,test-fixture://review-evidence-closure/source/smoke_aspirating_detector,Protocol-only fixture proving source-backed closure. Not a real supplier quote.,2026-05-17T11:40:00.000+01:00,Keep source record attached; refresh evidence before procurement use.
sensing_instrumentation_environmental_sensors_smoke_aspirating_detector,smoke_aspirating_detector,smoke aspirating detector,false,unit_cost_gbp,172,source_backed,test-fixture://review-evidence-closure/source/smoke_aspirating_detector,Protocol-only fixture proving source-backed closure. Not a real supplier quote.,2026-05-17T11:40:00.000+01:00,Keep source record attached; refresh evidence before procurement use.
sensing_instrumentation_environmental_sensors_smoke_aspirating_detector,smoke_aspirating_detector,smoke aspirating detector,false,lead_time_weeks,8,source_backed,test-fixture://review-evidence-closure/source/smoke_aspirating_detector,Protocol-only fixture proving source-backed closure. Not a real supplier quote.,2026-05-17T11:40:00.000+01:00,Keep source record attached; refresh evidence before procurement use.
sensing_instrumentation_environmental_sensors_door_position_switch,door_position_switch,door position switch,false,supplier,Protocol Evidence Supplier,source_backed,test-fixture://review-evidence-closure/source/door_position_switch,Protocol-only fixture proving source-backed closure. Not a real supplier quote.,2026-05-17T11:40:00.000+01:00,Keep source record attached; refresh evidence before procurement use.
sensing_instrumentation_environmental_sensors_door_position_switch,door_position_switch,door position switch,false,manufacturer,Protocol Evidence Manufacturer,source_backed,test-fixture://review-evidence-closure/source/door_position_switch,Protocol-only fixture proving source-backed closure. Not a real supplier quote.,2026-05-17T11:40:00.000+01:00,Keep source record attached; refresh evidence before procurement use.
sensing_instrumentation_environmental_sensors_door_position_switch,door_position_switch,door position switch,false,mpn,PROTOCOL-74-door_position_switch,source_backed,test-fixture://review-evidence-closure/source/door_position_switch,Protocol-only fixture proving source-backed closure. Not a real supplier quote.,2026-05-17T11:40:00.000+01:00,Keep source record attached; refresh evidence before procurement use.
sensing_instrumentation_environmental_sensors_door_position_switch,door_position_switch,door position switch,false,unit_cost_gbp,173,source_backed,test-fixture://review-evidence-closure/source/door_position_switch,Protocol-only fixture proving source-backed closure. Not a real supplier quote.,2026-05-17T11:40:00.000+01:00,Keep source record attached; refresh evidence before procurement use.
sensing_instrumentation_environmental_sensors_door_position_switch,door_position_switch,door position switch,false,lead_time_weeks,8,source_backed,test-fixture://review-evidence-closure/source/door_position_switch,Protocol-only fixture proving source-backed closure. Not a real supplier quote.,2026-05-17T11:40:00.000+01:00,Keep source record attached; refresh evidence before procurement use.
sensing_instrumentation_thermal_sensors_coolant_inlet_thermistor,coolant_inlet_thermistor,coolant inlet thermistor,false,supplier,Protocol Evidence Supplier,source_backed,test-fixture://review-evidence-closure/source/coolant_inlet_thermistor,Protocol-only fixture proving source-backed closure. Not a real supplier quote.,2026-05-17T11:40:00.000+01:00,Keep source record attached; refresh evidence before procurement use.
sensing_instrumentation_thermal_sensors_coolant_inlet_thermistor,coolant_inlet_thermistor,coolant inlet thermistor,false,manufacturer,Protocol Evidence Manufacturer,source_backed,test-fixture://review-evidence-closure/source/coolant_inlet_thermistor,Protocol-only fixture proving source-backed closure. Not a real supplier quote.,2026-05-17T11:40:00.000+01:00,Keep source record attached; refresh evidence before procurement use.
sensing_instrumentation_thermal_sensors_coolant_inlet_thermistor,coolant_inlet_thermistor,coolant inlet thermistor,false,mpn,PROTOCOL-75-coolant_inlet_thermistor,source_backed,test-fixture://review-evidence-closure/source/coolant_inlet_thermistor,Protocol-only fixture proving source-backed closure. Not a real supplier quote.,2026-05-17T11:40:00.000+01:00,Keep source record attached; refresh evidence before procurement use.
sensing_instrumentation_thermal_sensors_coolant_inlet_thermistor,coolant_inlet_thermistor,coolant inlet thermistor,false,unit_cost_gbp,174,source_backed,test-fixture://review-evidence-closure/source/coolant_inlet_thermistor,Protocol-only fixture proving source-backed closure. Not a real supplier quote.,2026-05-17T11:40:00.000+01:00,Keep source record attached; refresh evidence before procurement use.
sensing_instrumentation_thermal_sensors_coolant_inlet_thermistor,coolant_inlet_thermistor,coolant inlet thermistor,false,lead_time_weeks,8,source_backed,test-fixture://review-evidence-closure/source/coolant_inlet_thermistor,Protocol-only fixture proving source-backed closure. Not a real supplier quote.,2026-05-17T11:40:00.000+01:00,Keep source record attached; refresh evidence before procurement use.
sensing_instrumentation_thermal_sensors_coolant_outlet_thermistor,coolant_outlet_thermistor,coolant outlet thermistor,false,supplier,Protocol Evidence Supplier,source_backed,test-fixture://review-evidence-closure/source/coolant_outlet_thermistor,Protocol-only fixture proving source-backed closure. Not a real supplier quote.,2026-05-17T11:40:00.000+01:00,Keep source record attached; refresh evidence before procurement use.
sensing_instrumentation_thermal_sensors_coolant_outlet_thermistor,coolant_outlet_thermistor,coolant outlet thermistor,false,manufacturer,Protocol Evidence Manufacturer,source_backed,test-fixture://review-evidence-closure/source/coolant_outlet_thermistor,Protocol-only fixture proving source-backed closure. Not a real supplier quote.,2026-05-17T11:40:00.000+01:00,Keep source record attached; refresh evidence before procurement use.
sensing_instrumentation_thermal_sensors_coolant_outlet_thermistor,coolant_outlet_thermistor,coolant outlet thermistor,false,mpn,PROTOCOL-76-coolant_outlet_thermistor,source_backed,test-fixture://review-evidence-closure/source/coolant_outlet_thermistor,Protocol-only fixture proving source-backed closure. Not a real supplier quote.,2026-05-17T11:40:00.000+01:00,Keep source record attached; refresh evidence before procurement use.
sensing_instrumentation_thermal_sensors_coolant_outlet_thermistor,coolant_outlet_thermistor,coolant outlet thermistor,false,unit_cost_gbp,175,source_backed,test-fixture://review-evidence-closure/source/coolant_outlet_thermistor,Protocol-only fixture proving source-backed closure. Not a real supplier quote.,2026-05-17T11:40:00.000+01:00,Keep source record attached; refresh evidence before procurement use.
sensing_instrumentation_thermal_sensors_coolant_outlet_thermistor,coolant_outlet_thermistor,coolant outlet thermistor,false,lead_time_weeks,8,source_backed,test-fixture://review-evidence-closure/source/coolant_outlet_thermistor,Protocol-only fixture proving source-backed closure. Not a real supplier quote.,2026-05-17T11:40:00.000+01:00,Keep source record attached; refresh evidence before procurement use.
sensing_instrumentation_thermal_sensors_flow_meter,flow_meter,flow meter,false,supplier,Protocol Evidence Supplier,source_backed,test-fixture://review-evidence-closure/source/flow_meter,Protocol-only fixture proving source-backed closure. Not a real supplier quote.,2026-05-17T11:40:00.000+01:00,Keep source record attached; refresh evidence before procurement use.
sensing_instrumentation_thermal_sensors_flow_meter,flow_meter,flow meter,false,manufacturer,Protocol Evidence Manufacturer,source_backed,test-fixture://review-evidence-closure/source/flow_meter,Protocol-only fixture proving source-backed closure. Not a real supplier quote.,2026-05-17T11:40:00.000+01:00,Keep source record attached; refresh evidence before procurement use.
sensing_instrumentation_thermal_sensors_flow_meter,flow_meter,flow meter,false,mpn,PROTOCOL-77-flow_meter,source_backed,test-fixture://review-evidence-closure/source/flow_meter,Protocol-only fixture proving source-backed closure. Not a real supplier quote.,2026-05-17T11:40:00.000+01:00,Keep source record attached; refresh evidence before procurement use.
sensing_instrumentation_thermal_sensors_flow_meter,flow_meter,flow meter,false,unit_cost_gbp,176,source_backed,test-fixture://review-evidence-closure/source/flow_meter,Protocol-only fixture proving source-backed closure. Not a real supplier quote.,2026-05-17T11:40:00.000+01:00,Keep source record attached; refresh evidence before procurement use.
sensing_instrumentation_thermal_sensors_flow_meter,flow_meter,flow meter,false,lead_time_weeks,8,source_backed,test-fixture://review-evidence-closure/source/flow_meter,Protocol-only fixture proving source-backed closure. Not a real supplier quote.,2026-05-17T11:40:00.000+01:00,Keep source record attached; refresh evidence before procurement use.
sensing_instrumentation_thermal_sensors_pressure_transducer,pressure_transducer,pressure transducer,false,supplier,Protocol Evidence Supplier,source_backed,test-fixture://review-evidence-closure/source/pressure_transducer,Protocol-only fixture proving source-backed closure. Not a real supplier quote.,2026-05-17T11:40:00.000+01:00,Keep source record attached; refresh evidence before procurement use.
sensing_instrumentation_thermal_sensors_pressure_transducer,pressure_transducer,pressure transducer,false,manufacturer,Protocol Evidence Manufacturer,source_backed,test-fixture://review-evidence-closure/source/pressure_transducer,Protocol-only fixture proving source-backed closure. Not a real supplier quote.,2026-05-17T11:40:00.000+01:00,Keep source record attached; refresh evidence before procurement use.
sensing_instrumentation_thermal_sensors_pressure_transducer,pressure_transducer,pressure transducer,false,mpn,PROTOCOL-78-pressure_transducer,source_backed,test-fixture://review-evidence-closure/source/pressure_transducer,Protocol-only fixture proving source-backed closure. Not a real supplier quote.,2026-05-17T11:40:00.000+01:00,Keep source record attached; refresh evidence before procurement use.
sensing_instrumentation_thermal_sensors_pressure_transducer,pressure_transducer,pressure transducer,false,unit_cost_gbp,177,source_backed,test-fixture://review-evidence-closure/source/pressure_transducer,Protocol-only fixture proving source-backed closure. Not a real supplier quote.,2026-05-17T11:40:00.000+01:00,Keep source record attached; refresh evidence before procurement use.
sensing_instrumentation_thermal_sensors_pressure_transducer,pressure_transducer,pressure transducer,false,lead_time_weeks,8,source_backed,test-fixture://review-evidence-closure/source/pressure_transducer,Protocol-only fixture proving source-backed closure. Not a real supplier quote.,2026-05-17T11:40:00.000+01:00,Keep source record attached; refresh evidence before procurement use.
sensing_instrumentation_event_recording_fault_recorder_module,fault_recorder_module,fault recorder module,false,supplier,Protocol Evidence Supplier,source_backed,test-fixture://review-evidence-closure/source/fault_recorder_module,Protocol-only fixture proving source-backed closure. Not a real supplier quote.,2026-05-17T11:40:00.000+01:00,Keep source record attached; refresh evidence before procurement use.
sensing_instrumentation_event_recording_fault_recorder_module,fault_recorder_module,fault recorder module,false,manufacturer,Protocol Evidence Manufacturer,source_backed,test-fixture://review-evidence-closure/source/fault_recorder_module,Protocol-only fixture proving source-backed closure. Not a real supplier quote.,2026-05-17T11:40:00.000+01:00,Keep source record attached; refresh evidence before procurement use.
sensing_instrumentation_event_recording_fault_recorder_module,fault_recorder_module,fault recorder module,false,mpn,PROTOCOL-79-fault_recorder_module,source_backed,test-fixture://review-evidence-closure/source/fault_recorder_module,Protocol-only fixture proving source-backed closure. Not a real supplier quote.,2026-05-17T11:40:00.000+01:00,Keep source record attached; refresh evidence before procurement use.
sensing_instrumentation_event_recording_fault_recorder_module,fault_recorder_module,fault recorder module,false,unit_cost_gbp,178,source_backed,test-fixture://review-evidence-closure/source/fault_recorder_module,Protocol-only fixture proving source-backed closure. Not a real supplier quote.,2026-05-17T11:40:00.000+01:00,Keep source record attached; refresh evidence before procurement use.
sensing_instrumentation_event_recording_fault_recorder_module,fault_recorder_module,fault recorder module,false,lead_time_weeks,8,source_backed,test-fixture://review-evidence-closure/source/fault_recorder_module,Protocol-only fixture proving source-backed closure. Not a real supplier quote.,2026-05-17T11:40:00.000+01:00,Keep source record attached; refresh evidence before procurement use.
sensing_instrumentation_event_recording_event_timestamp_logger,event_timestamp_logger,event timestamp logger,false,supplier,Protocol Evidence Supplier,source_backed,test-fixture://review-evidence-closure/source/event_timestamp_logger,Protocol-only fixture proving source-backed closure. Not a real supplier quote.,2026-05-17T11:40:00.000+01:00,Keep source record attached; refresh evidence before procurement use.
sensing_instrumentation_event_recording_event_timestamp_logger,event_timestamp_logger,event timestamp logger,false,manufacturer,Protocol Evidence Manufacturer,source_backed,test-fixture://review-evidence-closure/source/event_timestamp_logger,Protocol-only fixture proving source-backed closure. Not a real supplier quote.,2026-05-17T11:40:00.000+01:00,Keep source record attached; refresh evidence before procurement use.
sensing_instrumentation_event_recording_event_timestamp_logger,event_timestamp_logger,event timestamp logger,false,mpn,PROTOCOL-80-event_timestamp_logger,source_backed,test-fixture://review-evidence-closure/source/event_timestamp_logger,Protocol-only fixture proving source-backed closure. Not a real supplier quote.,2026-05-17T11:40:00.000+01:00,Keep source record attached; refresh evidence before procurement use.
sensing_instrumentation_event_recording_event_timestamp_logger,event_timestamp_logger,event timestamp logger,false,unit_cost_gbp,179,source_backed,test-fixture://review-evidence-closure/source/event_timestamp_logger,Protocol-only fixture proving source-backed closure. Not a real supplier quote.,2026-05-17T11:40:00.000+01:00,Keep source record attached; refresh evidence before procurement use.
sensing_instrumentation_event_recording_event_timestamp_logger,event_timestamp_logger,event timestamp logger,false,lead_time_weeks,8,source_backed,test-fixture://review-evidence-closure/source/event_timestamp_logger,Protocol-only fixture proving source-backed closure. Not a real supplier quote.,2026-05-17T11:40:00.000+01:00,Keep source record attached; refresh evidence before procurement use.
sensing_instrumentation_event_recording_digital_input_card,digital_input_card,digital input card,false,supplier,Protocol Evidence Supplier,source_backed,test-fixture://review-evidence-closure/source/digital_input_card,Protocol-only fixture proving source-backed closure. Not a real supplier quote.,2026-05-17T11:40:00.000+01:00,Keep source record attached; refresh evidence before procurement use.
sensing_instrumentation_event_recording_digital_input_card,digital_input_card,digital input card,false,manufacturer,Protocol Evidence Manufacturer,source_backed,test-fixture://review-evidence-closure/source/digital_input_card,Protocol-only fixture proving source-backed closure. Not a real supplier quote.,2026-05-17T11:40:00.000+01:00,Keep source record attached; refresh evidence before procurement use.
sensing_instrumentation_event_recording_digital_input_card,digital_input_card,digital input card,false,mpn,PROTOCOL-81-digital_input_card,source_backed,test-fixture://review-evidence-closure/source/digital_input_card,Protocol-only fixture proving source-backed closure. Not a real supplier quote.,2026-05-17T11:40:00.000+01:00,Keep source record attached; refresh evidence before procurement use.
sensing_instrumentation_event_recording_digital_input_card,digital_input_card,digital input card,false,unit_cost_gbp,180,source_backed,test-fixture://review-evidence-closure/source/digital_input_card,Protocol-only fixture proving source-backed closure. Not a real supplier quote.,2026-05-17T11:40:00.000+01:00,Keep source record attached; refresh evidence before procurement use.
sensing_instrumentation_event_recording_digital_input_card,digital_input_card,digital input card,false,lead_time_weeks,8,source_backed,test-fixture://review-evidence-closure/source/digital_input_card,Protocol-only fixture proving source-backed closure. Not a real supplier quote.,2026-05-17T11:40:00.000+01:00,Keep source record attached; refresh evidence before procurement use.
sensing_instrumentation_event_recording_local_historian_buffer,local_historian_buffer,local historian buffer,false,supplier,Protocol Evidence Supplier,source_backed,test-fixture://review-evidence-closure/source/local_historian_buffer,Protocol-only fixture proving source-backed closure. Not a real supplier quote.,2026-05-17T11:40:00.000+01:00,Keep source record attached; refresh evidence before procurement use.
sensing_instrumentation_event_recording_local_historian_buffer,local_historian_buffer,local historian buffer,false,manufacturer,Protocol Evidence Manufacturer,source_backed,test-fixture://review-evidence-closure/source/local_historian_buffer,Protocol-only fixture proving source-backed closure. Not a real supplier quote.,2026-05-17T11:40:00.000+01:00,Keep source record attached; refresh evidence before procurement use.
sensing_instrumentation_event_recording_local_historian_buffer,local_historian_buffer,local historian buffer,false,mpn,PROTOCOL-82-local_historian_buffer,source_backed,test-fixture://review-evidence-closure/source/local_historian_buffer,Protocol-only fixture proving source-backed closure. Not a real supplier quote.,2026-05-17T11:40:00.000+01:00,Keep source record attached; refresh evidence before procurement use.
sensing_instrumentation_event_recording_local_historian_buffer,local_historian_buffer,local historian buffer,false,unit_cost_gbp,181,source_backed,test-fixture://review-evidence-closure/source/local_historian_buffer,Protocol-only fixture proving source-backed closure. Not a real supplier quote.,2026-05-17T11:40:00.000+01:00,Keep source record attached; refresh evidence before procurement use.
sensing_instrumentation_event_recording_local_historian_buffer,local_historian_buffer,local historian buffer,false,lead_time_weeks,8,source_backed,test-fixture://review-evidence-closure/source/local_historian_buffer,Protocol-only fixture proving source-backed closure. Not a real supplier quote.,2026-05-17T11:40:00.000+01:00,Keep source record attached; refresh evidence before procurement use.
sensing_instrumentation_event_recording_calibration_certificate_holder,calibration_certificate_holder,calibration certificate holder,false,supplier,Protocol Evidence Supplier,source_backed,test-fixture://review-evidence-closure/source/calibration_certificate_holder,Protocol-only fixture proving source-backed closure. Not a real supplier quote.,2026-05-17T11:40:00.000+01:00,Keep source record attached; refresh evidence before procurement use.
sensing_instrumentation_event_recording_calibration_certificate_holder,calibration_certificate_holder,calibration certificate holder,false,manufacturer,Protocol Evidence Manufacturer,source_backed,test-fixture://review-evidence-closure/source/calibration_certificate_holder,Protocol-only fixture proving source-backed closure. Not a real supplier quote.,2026-05-17T11:40:00.000+01:00,Keep source record attached; refresh evidence before procurement use.
sensing_instrumentation_event_recording_calibration_certificate_holder,calibration_certificate_holder,calibration certificate holder,false,mpn,PROTOCOL-83-calibration_certificate_holder,source_backed,test-fixture://review-evidence-closure/source/calibration_certificate_holder,Protocol-only fixture proving source-backed closure. Not a real supplier quote.,2026-05-17T11:40:00.000+01:00,Keep source record attached; refresh evidence before procurement use.
sensing_instrumentation_event_recording_calibration_certificate_holder,calibration_certificate_holder,calibration certificate holder,false,unit_cost_gbp,182,source_backed,test-fixture://review-evidence-closure/source/calibration_certificate_holder,Protocol-only fixture proving source-backed closure. Not a real supplier quote.,2026-05-17T11:40:00.000+01:00,Keep source record attached; refresh evidence before procurement use.
sensing_instrumentation_event_recording_calibration_certificate_holder,calibration_certificate_holder,calibration certificate holder,false,lead_time_weeks,8,source_backed,test-fixture://review-evidence-closure/source/calibration_certificate_holder,Protocol-only fixture proving source-backed closure. Not a real supplier quote.,2026-05-17T11:40:00.000+01:00,Keep source record attached; refresh evidence before procurement use.
control_compute_communication_bms_master_bms_master_controller,bms_master_controller,BMS master controller,true,supplier,Protocol Evidence Supplier,source_backed,test-fixture://review-evidence-closure/source/bms_master_controller,Protocol-only fixture proving source-backed closure. Not a real supplier quote.,2026-05-17T11:40:00.000+01:00,Keep source record attached; refresh evidence before procurement use.
control_compute_communication_bms_master_bms_master_controller,bms_master_controller,BMS master controller,true,manufacturer,Protocol Evidence Manufacturer,source_backed,test-fixture://review-evidence-closure/source/bms_master_controller,Protocol-only fixture proving source-backed closure. Not a real supplier quote.,2026-05-17T11:40:00.000+01:00,Keep source record attached; refresh evidence before procurement use.
control_compute_communication_bms_master_bms_master_controller,bms_master_controller,BMS master controller,true,mpn,PROTOCOL-84-bms_master_controller,source_backed,test-fixture://review-evidence-closure/source/bms_master_controller,Protocol-only fixture proving source-backed closure. Not a real supplier quote.,2026-05-17T11:40:00.000+01:00,Keep source record attached; refresh evidence before procurement use.
control_compute_communication_bms_master_bms_master_controller,bms_master_controller,BMS master controller,true,unit_cost_gbp,183,source_backed,test-fixture://review-evidence-closure/source/bms_master_controller,Protocol-only fixture proving source-backed closure. Not a real supplier quote.,2026-05-17T11:40:00.000+01:00,Keep source record attached; refresh evidence before procurement use.
control_compute_communication_bms_master_bms_master_controller,bms_master_controller,BMS master controller,true,lead_time_weeks,8,source_backed,test-fixture://review-evidence-closure/source/bms_master_controller,Protocol-only fixture proving source-backed closure. Not a real supplier quote.,2026-05-17T11:40:00.000+01:00,Keep source record attached; refresh evidence before procurement use.
control_compute_communication_bms_master_isolation_interface,isolation_interface,isolation interface,false,supplier,Protocol Evidence Supplier,source_backed,test-fixture://review-evidence-closure/source/isolation_interface,Protocol-only fixture proving source-backed closure. Not a real supplier quote.,2026-05-17T11:40:00.000+01:00,Keep source record attached; refresh evidence before procurement use.
control_compute_communication_bms_master_isolation_interface,isolation_interface,isolation interface,false,manufacturer,Protocol Evidence Manufacturer,source_backed,test-fixture://review-evidence-closure/source/isolation_interface,Protocol-only fixture proving source-backed closure. Not a real supplier quote.,2026-05-17T11:40:00.000+01:00,Keep source record attached; refresh evidence before procurement use.
control_compute_communication_bms_master_isolation_interface,isolation_interface,isolation interface,false,mpn,PROTOCOL-85-isolation_interface,source_backed,test-fixture://review-evidence-closure/source/isolation_interface,Protocol-only fixture proving source-backed closure. Not a real supplier quote.,2026-05-17T11:40:00.000+01:00,Keep source record attached; refresh evidence before procurement use.
control_compute_communication_bms_master_isolation_interface,isolation_interface,isolation interface,false,unit_cost_gbp,184,source_backed,test-fixture://review-evidence-closure/source/isolation_interface,Protocol-only fixture proving source-backed closure. Not a real supplier quote.,2026-05-17T11:40:00.000+01:00,Keep source record attached; refresh evidence before procurement use.
control_compute_communication_bms_master_isolation_interface,isolation_interface,isolation interface,false,lead_time_weeks,8,source_backed,test-fixture://review-evidence-closure/source/isolation_interface,Protocol-only fixture proving source-backed closure. Not a real supplier quote.,2026-05-17T11:40:00.000+01:00,Keep source record attached; refresh evidence before procurement use.
control_compute_communication_bms_master_contactor_driver_output,contactor_driver_output,contactor driver output,false,supplier,Protocol Evidence Supplier,source_backed,test-fixture://review-evidence-closure/source/contactor_driver_output,Protocol-only fixture proving source-backed closure. Not a real supplier quote.,2026-05-17T11:40:00.000+01:00,Keep source record attached; refresh evidence before procurement use.
control_compute_communication_bms_master_contactor_driver_output,contactor_driver_output,contactor driver output,false,manufacturer,Protocol Evidence Manufacturer,source_backed,test-fixture://review-evidence-closure/source/contactor_driver_output,Protocol-only fixture proving source-backed closure. Not a real supplier quote.,2026-05-17T11:40:00.000+01:00,Keep source record attached; refresh evidence before procurement use.
control_compute_communication_bms_master_contactor_driver_output,contactor_driver_output,contactor driver output,false,mpn,PROTOCOL-86-contactor_driver_output,source_backed,test-fixture://review-evidence-closure/source/contactor_driver_output,Protocol-only fixture proving source-backed closure. Not a real supplier quote.,2026-05-17T11:40:00.000+01:00,Keep source record attached; refresh evidence before procurement use.
control_compute_communication_bms_master_contactor_driver_output,contactor_driver_output,contactor driver output,false,unit_cost_gbp,185,source_backed,test-fixture://review-evidence-closure/source/contactor_driver_output,Protocol-only fixture proving source-backed closure. Not a real supplier quote.,2026-05-17T11:40:00.000+01:00,Keep source record attached; refresh evidence before procurement use.
control_compute_communication_bms_master_contactor_driver_output,contactor_driver_output,contactor driver output,false,lead_time_weeks,8,source_backed,test-fixture://review-evidence-closure/source/contactor_driver_output,Protocol-only fixture proving source-backed closure. Not a real supplier quote.,2026-05-17T11:40:00.000+01:00,Keep source record attached; refresh evidence before procurement use.
control_compute_communication_bms_master_soc_estimation_firmware,soc_estimation_firmware,SOC estimation firmware,false,supplier,Protocol Evidence Supplier,source_backed,test-fixture://review-evidence-closure/source/soc_estimation_firmware,Protocol-only fixture proving source-backed closure. Not a real supplier quote.,2026-05-17T11:40:00.000+01:00,Keep source record attached; refresh evidence before procurement use.
control_compute_communication_bms_master_soc_estimation_firmware,soc_estimation_firmware,SOC estimation firmware,false,manufacturer,Protocol Evidence Manufacturer,source_backed,test-fixture://review-evidence-closure/source/soc_estimation_firmware,Protocol-only fixture proving source-backed closure. Not a real supplier quote.,2026-05-17T11:40:00.000+01:00,Keep source record attached; refresh evidence before procurement use.
control_compute_communication_bms_master_soc_estimation_firmware,soc_estimation_firmware,SOC estimation firmware,false,mpn,PROTOCOL-87-soc_estimation_firmware,source_backed,test-fixture://review-evidence-closure/source/soc_estimation_firmware,Protocol-only fixture proving source-backed closure. Not a real supplier quote.,2026-05-17T11:40:00.000+01:00,Keep source record attached; refresh evidence before procurement use.
control_compute_communication_bms_master_soc_estimation_firmware,soc_estimation_firmware,SOC estimation firmware,false,unit_cost_gbp,186,source_backed,test-fixture://review-evidence-closure/source/soc_estimation_firmware,Protocol-only fixture proving source-backed closure. Not a real supplier quote.,2026-05-17T11:40:00.000+01:00,Keep source record attached; refresh evidence before procurement use.
control_compute_communication_bms_master_soc_estimation_firmware,soc_estimation_firmware,SOC estimation firmware,false,lead_time_weeks,8,source_backed,test-fixture://review-evidence-closure/source/soc_estimation_firmware,Protocol-only fixture proving source-backed closure. Not a real supplier quote.,2026-05-17T11:40:00.000+01:00,Keep source record attached; refresh evidence before procurement use.
control_compute_communication_ems_controller_industrial_controller,industrial_controller,industrial controller,false,supplier,Protocol Evidence Supplier,source_backed,test-fixture://review-evidence-closure/source/industrial_controller,Protocol-only fixture proving source-backed closure. Not a real supplier quote.,2026-05-17T11:40:00.000+01:00,Keep source record attached; refresh evidence before procurement use.
control_compute_communication_ems_controller_industrial_controller,industrial_controller,industrial controller,false,manufacturer,Protocol Evidence Manufacturer,source_backed,test-fixture://review-evidence-closure/source/industrial_controller,Protocol-only fixture proving source-backed closure. Not a real supplier quote.,2026-05-17T11:40:00.000+01:00,Keep source record attached; refresh evidence before procurement use.
control_compute_communication_ems_controller_industrial_controller,industrial_controller,industrial controller,false,mpn,PROTOCOL-88-industrial_controller,source_backed,test-fixture://review-evidence-closure/source/industrial_controller,Protocol-only fixture proving source-backed closure. Not a real supplier quote.,2026-05-17T11:40:00.000+01:00,Keep source record attached; refresh evidence before procurement use.
control_compute_communication_ems_controller_industrial_controller,industrial_controller,industrial controller,false,unit_cost_gbp,187,source_backed,test-fixture://review-evidence-closure/source/industrial_controller,Protocol-only fixture proving source-backed closure. Not a real supplier quote.,2026-05-17T11:40:00.000+01:00,Keep source record attached; refresh evidence before procurement use.
control_compute_communication_ems_controller_industrial_controller,industrial_controller,industrial controller,false,lead_time_weeks,8,source_backed,test-fixture://review-evidence-closure/source/industrial_controller,Protocol-only fixture proving source-backed closure. Not a real supplier quote.,2026-05-17T11:40:00.000+01:00,Keep source record attached; refresh evidence before procurement use.
control_compute_communication_ems_controller_i_o_expansion_module,i_o_expansion_module,I/O expansion module,false,supplier,Protocol Evidence Supplier,source_backed,test-fixture://review-evidence-closure/source/i_o_expansion_module,Protocol-only fixture proving source-backed closure. Not a real supplier quote.,2026-05-17T11:40:00.000+01:00,Keep source record attached; refresh evidence before procurement use.
control_compute_communication_ems_controller_i_o_expansion_module,i_o_expansion_module,I/O expansion module,false,manufacturer,Protocol Evidence Manufacturer,source_backed,test-fixture://review-evidence-closure/source/i_o_expansion_module,Protocol-only fixture proving source-backed closure. Not a real supplier quote.,2026-05-17T11:40:00.000+01:00,Keep source record attached; refresh evidence before procurement use.
control_compute_communication_ems_controller_i_o_expansion_module,i_o_expansion_module,I/O expansion module,false,mpn,PROTOCOL-89-i_o_expansion_module,source_backed,test-fixture://review-evidence-closure/source/i_o_expansion_module,Protocol-only fixture proving source-backed closure. Not a real supplier quote.,2026-05-17T11:40:00.000+01:00,Keep source record attached; refresh evidence before procurement use.
control_compute_communication_ems_controller_i_o_expansion_module,i_o_expansion_module,I/O expansion module,false,unit_cost_gbp,188,source_backed,test-fixture://review-evidence-closure/source/i_o_expansion_module,Protocol-only fixture proving source-backed closure. Not a real supplier quote.,2026-05-17T11:40:00.000+01:00,Keep source record attached; refresh evidence before procurement use.
control_compute_communication_ems_controller_i_o_expansion_module,i_o_expansion_module,I/O expansion module,false,lead_time_weeks,8,source_backed,test-fixture://review-evidence-closure/source/i_o_expansion_module,Protocol-only fixture proving source-backed closure. Not a real supplier quote.,2026-05-17T11:40:00.000+01:00,Keep source record attached; refresh evidence before procurement use.
control_compute_communication_ems_controller_network_switch,network_switch,network switch,false,supplier,Protocol Evidence Supplier,source_backed,test-fixture://review-evidence-closure/source/network_switch,Protocol-only fixture proving source-backed closure. Not a real supplier quote.,2026-05-17T11:40:00.000+01:00,Keep source record attached; refresh evidence before procurement use.
control_compute_communication_ems_controller_network_switch,network_switch,network switch,false,manufacturer,Protocol Evidence Manufacturer,source_backed,test-fixture://review-evidence-closure/source/network_switch,Protocol-only fixture proving source-backed closure. Not a real supplier quote.,2026-05-17T11:40:00.000+01:00,Keep source record attached; refresh evidence before procurement use.
control_compute_communication_ems_controller_network_switch,network_switch,network switch,false,mpn,PROTOCOL-90-network_switch,source_backed,test-fixture://review-evidence-closure/source/network_switch,Protocol-only fixture proving source-backed closure. Not a real supplier quote.,2026-05-17T11:40:00.000+01:00,Keep source record attached; refresh evidence before procurement use.
control_compute_communication_ems_controller_network_switch,network_switch,network switch,false,unit_cost_gbp,189,source_backed,test-fixture://review-evidence-closure/source/network_switch,Protocol-only fixture proving source-backed closure. Not a real supplier quote.,2026-05-17T11:40:00.000+01:00,Keep source record attached; refresh evidence before procurement use.
control_compute_communication_ems_controller_network_switch,network_switch,network switch,false,lead_time_weeks,8,source_backed,test-fixture://review-evidence-closure/source/network_switch,Protocol-only fixture proving source-backed closure. Not a real supplier quote.,2026-05-17T11:40:00.000+01:00,Keep source record attached; refresh evidence before procurement use.
control_compute_communication_ems_controller_cellular_router,cellular_router,cellular router,false,supplier,Protocol Evidence Supplier,source_backed,test-fixture://review-evidence-closure/source/cellular_router,Protocol-only fixture proving source-backed closure. Not a real supplier quote.,2026-05-17T11:40:00.000+01:00,Keep source record attached; refresh evidence before procurement use.
control_compute_communication_ems_controller_cellular_router,cellular_router,cellular router,false,manufacturer,Protocol Evidence Manufacturer,source_backed,test-fixture://review-evidence-closure/source/cellular_router,Protocol-only fixture proving source-backed closure. Not a real supplier quote.,2026-05-17T11:40:00.000+01:00,Keep source record attached; refresh evidence before procurement use.
control_compute_communication_ems_controller_cellular_router,cellular_router,cellular router,false,mpn,PROTOCOL-91-cellular_router,source_backed,test-fixture://review-evidence-closure/source/cellular_router,Protocol-only fixture proving source-backed closure. Not a real supplier quote.,2026-05-17T11:40:00.000+01:00,Keep source record attached; refresh evidence before procurement use.
control_compute_communication_ems_controller_cellular_router,cellular_router,cellular router,false,unit_cost_gbp,190,source_backed,test-fixture://review-evidence-closure/source/cellular_router,Protocol-only fixture proving source-backed closure. Not a real supplier quote.,2026-05-17T11:40:00.000+01:00,Keep source record attached; refresh evidence before procurement use.
control_compute_communication_ems_controller_cellular_router,cellular_router,cellular router,false,lead_time_weeks,8,source_backed,test-fixture://review-evidence-closure/source/cellular_router,Protocol-only fixture proving source-backed closure. Not a real supplier quote.,2026-05-17T11:40:00.000+01:00,Keep source record attached; refresh evidence before procurement use.
control_compute_communication_communications_gateway_modbus_tcp_gateway,modbus_tcp_gateway,Modbus TCP gateway,false,supplier,Protocol Evidence Supplier,source_backed,test-fixture://review-evidence-closure/source/modbus_tcp_gateway,Protocol-only fixture proving source-backed closure. Not a real supplier quote.,2026-05-17T11:40:00.000+01:00,Keep source record attached; refresh evidence before procurement use.
control_compute_communication_communications_gateway_modbus_tcp_gateway,modbus_tcp_gateway,Modbus TCP gateway,false,manufacturer,Protocol Evidence Manufacturer,source_backed,test-fixture://review-evidence-closure/source/modbus_tcp_gateway,Protocol-only fixture proving source-backed closure. Not a real supplier quote.,2026-05-17T11:40:00.000+01:00,Keep source record attached; refresh evidence before procurement use.
control_compute_communication_communications_gateway_modbus_tcp_gateway,modbus_tcp_gateway,Modbus TCP gateway,false,mpn,PROTOCOL-92-modbus_tcp_gateway,source_backed,test-fixture://review-evidence-closure/source/modbus_tcp_gateway,Protocol-only fixture proving source-backed closure. Not a real supplier quote.,2026-05-17T11:40:00.000+01:00,Keep source record attached; refresh evidence before procurement use.
control_compute_communication_communications_gateway_modbus_tcp_gateway,modbus_tcp_gateway,Modbus TCP gateway,false,unit_cost_gbp,191,source_backed,test-fixture://review-evidence-closure/source/modbus_tcp_gateway,Protocol-only fixture proving source-backed closure. Not a real supplier quote.,2026-05-17T11:40:00.000+01:00,Keep source record attached; refresh evidence before procurement use.
control_compute_communication_communications_gateway_modbus_tcp_gateway,modbus_tcp_gateway,Modbus TCP gateway,false,lead_time_weeks,8,source_backed,test-fixture://review-evidence-closure/source/modbus_tcp_gateway,Protocol-only fixture proving source-backed closure. Not a real supplier quote.,2026-05-17T11:40:00.000+01:00,Keep source record attached; refresh evidence before procurement use.
control_compute_communication_communications_gateway_scada_protocol_adapter,scada_protocol_adapter,SCADA protocol adapter,false,supplier,Protocol Evidence Supplier,source_backed,test-fixture://review-evidence-closure/source/scada_protocol_adapter,Protocol-only fixture proving source-backed closure. Not a real supplier quote.,2026-05-17T11:40:00.000+01:00,Keep source record attached; refresh evidence before procurement use.
control_compute_communication_communications_gateway_scada_protocol_adapter,scada_protocol_adapter,SCADA protocol adapter,false,manufacturer,Protocol Evidence Manufacturer,source_backed,test-fixture://review-evidence-closure/source/scada_protocol_adapter,Protocol-only fixture proving source-backed closure. Not a real supplier quote.,2026-05-17T11:40:00.000+01:00,Keep source record attached; refresh evidence before procurement use.
control_compute_communication_communications_gateway_scada_protocol_adapter,scada_protocol_adapter,SCADA protocol adapter,false,mpn,PROTOCOL-93-scada_protocol_adapter,source_backed,test-fixture://review-evidence-closure/source/scada_protocol_adapter,Protocol-only fixture proving source-backed closure. Not a real supplier quote.,2026-05-17T11:40:00.000+01:00,Keep source record attached; refresh evidence before procurement use.
control_compute_communication_communications_gateway_scada_protocol_adapter,scada_protocol_adapter,SCADA protocol adapter,false,unit_cost_gbp,192,source_backed,test-fixture://review-evidence-closure/source/scada_protocol_adapter,Protocol-only fixture proving source-backed closure. Not a real supplier quote.,2026-05-17T11:40:00.000+01:00,Keep source record attached; refresh evidence before procurement use.
control_compute_communication_communications_gateway_scada_protocol_adapter,scada_protocol_adapter,SCADA protocol adapter,false,lead_time_weeks,8,source_backed,test-fixture://review-evidence-closure/source/scada_protocol_adapter,Protocol-only fixture proving source-backed closure. Not a real supplier quote.,2026-05-17T11:40:00.000+01:00,Keep source record attached; refresh evidence before procurement use.
control_compute_communication_communications_gateway_time_synchronisation_module,time_synchronisation_module,time synchronisation module,false,supplier,Protocol Evidence Supplier,source_backed,test-fixture://review-evidence-closure/source/time_synchronisation_module,Protocol-only fixture proving source-backed closure. Not a real supplier quote.,2026-05-17T11:40:00.000+01:00,Keep source record attached; refresh evidence before procurement use.
control_compute_communication_communications_gateway_time_synchronisation_module,time_synchronisation_module,time synchronisation module,false,manufacturer,Protocol Evidence Manufacturer,source_backed,test-fixture://review-evidence-closure/source/time_synchronisation_module,Protocol-only fixture proving source-backed closure. Not a real supplier quote.,2026-05-17T11:40:00.000+01:00,Keep source record attached; refresh evidence before procurement use.
control_compute_communication_communications_gateway_time_synchronisation_module,time_synchronisation_module,time synchronisation module,false,mpn,PROTOCOL-94-time_synchronisation_module,source_backed,test-fixture://review-evidence-closure/source/time_synchronisation_module,Protocol-only fixture proving source-backed closure. Not a real supplier quote.,2026-05-17T11:40:00.000+01:00,Keep source record attached; refresh evidence before procurement use.
control_compute_communication_communications_gateway_time_synchronisation_module,time_synchronisation_module,time synchronisation module,false,unit_cost_gbp,193,source_backed,test-fixture://review-evidence-closure/source/time_synchronisation_module,Protocol-only fixture proving source-backed closure. Not a real supplier quote.,2026-05-17T11:40:00.000+01:00,Keep source record attached; refresh evidence before procurement use.
control_compute_communication_communications_gateway_time_synchronisation_module,time_synchronisation_module,time synchronisation module,false,lead_time_weeks,8,source_backed,test-fixture://review-evidence-closure/source/time_synchronisation_module,Protocol-only fixture proving source-backed closure. Not a real supplier quote.,2026-05-17T11:40:00.000+01:00,Keep source record attached; refresh evidence before procurement use.
control_compute_communication_communications_gateway_cybersecurity_firewall,cybersecurity_firewall,cybersecurity firewall,false,supplier,Protocol Evidence Supplier,source_backed,test-fixture://review-evidence-closure/source/cybersecurity_firewall,Protocol-only fixture proving source-backed closure. Not a real supplier quote.,2026-05-17T11:40:00.000+01:00,Keep source record attached; refresh evidence before procurement use.
control_compute_communication_communications_gateway_cybersecurity_firewall,cybersecurity_firewall,cybersecurity firewall,false,manufacturer,Protocol Evidence Manufacturer,source_backed,test-fixture://review-evidence-closure/source/cybersecurity_firewall,Protocol-only fixture proving source-backed closure. Not a real supplier quote.,2026-05-17T11:40:00.000+01:00,Keep source record attached; refresh evidence before procurement use.
control_compute_communication_communications_gateway_cybersecurity_firewall,cybersecurity_firewall,cybersecurity firewall,false,mpn,PROTOCOL-95-cybersecurity_firewall,source_backed,test-fixture://review-evidence-closure/source/cybersecurity_firewall,Protocol-only fixture proving source-backed closure. Not a real supplier quote.,2026-05-17T11:40:00.000+01:00,Keep source record attached; refresh evidence before procurement use.
control_compute_communication_communications_gateway_cybersecurity_firewall,cybersecurity_firewall,cybersecurity firewall,false,unit_cost_gbp,194,source_backed,test-fixture://review-evidence-closure/source/cybersecurity_firewall,Protocol-only fixture proving source-backed closure. Not a real supplier quote.,2026-05-17T11:40:00.000+01:00,Keep source record attached; refresh evidence before procurement use.
control_compute_communication_communications_gateway_cybersecurity_firewall,cybersecurity_firewall,cybersecurity firewall,false,lead_time_weeks,8,source_backed,test-fixture://review-evidence-closure/source/cybersecurity_firewall,Protocol-only fixture proving source-backed closure. Not a real supplier quote.,2026-05-17T11:40:00.000+01:00,Keep source record attached; refresh evidence before procurement use.
control_compute_communication_cybersecurity_monitoring_vpn_access_appliance,vpn_access_appliance,VPN access appliance,false,supplier,Protocol Evidence Supplier,source_backed,test-fixture://review-evidence-closure/source/vpn_access_appliance,Protocol-only fixture proving source-backed closure. Not a real supplier quote.,2026-05-17T11:40:00.000+01:00,Keep source record attached; refresh evidence before procurement use.
control_compute_communication_cybersecurity_monitoring_vpn_access_appliance,vpn_access_appliance,VPN access appliance,false,manufacturer,Protocol Evidence Manufacturer,source_backed,test-fixture://review-evidence-closure/source/vpn_access_appliance,Protocol-only fixture proving source-backed closure. Not a real supplier quote.,2026-05-17T11:40:00.000+01:00,Keep source record attached; refresh evidence before procurement use.
control_compute_communication_cybersecurity_monitoring_vpn_access_appliance,vpn_access_appliance,VPN access appliance,false,mpn,PROTOCOL-96-vpn_access_appliance,source_backed,test-fixture://review-evidence-closure/source/vpn_access_appliance,Protocol-only fixture proving source-backed closure. Not a real supplier quote.,2026-05-17T11:40:00.000+01:00,Keep source record attached; refresh evidence before procurement use.
control_compute_communication_cybersecurity_monitoring_vpn_access_appliance,vpn_access_appliance,VPN access appliance,false,unit_cost_gbp,195,source_backed,test-fixture://review-evidence-closure/source/vpn_access_appliance,Protocol-only fixture proving source-backed closure. Not a real supplier quote.,2026-05-17T11:40:00.000+01:00,Keep source record attached; refresh evidence before procurement use.
control_compute_communication_cybersecurity_monitoring_vpn_access_appliance,vpn_access_appliance,VPN access appliance,false,lead_time_weeks,8,source_backed,test-fixture://review-evidence-closure/source/vpn_access_appliance,Protocol-only fixture proving source-backed closure. Not a real supplier quote.,2026-05-17T11:40:00.000+01:00,Keep source record attached; refresh evidence before procurement use.
control_compute_communication_cybersecurity_monitoring_syslog_collector,syslog_collector,syslog collector,false,supplier,Protocol Evidence Supplier,source_backed,test-fixture://review-evidence-closure/source/syslog_collector,Protocol-only fixture proving source-backed closure. Not a real supplier quote.,2026-05-17T11:40:00.000+01:00,Keep source record attached; refresh evidence before procurement use.
control_compute_communication_cybersecurity_monitoring_syslog_collector,syslog_collector,syslog collector,false,manufacturer,Protocol Evidence Manufacturer,source_backed,test-fixture://review-evidence-closure/source/syslog_collector,Protocol-only fixture proving source-backed closure. Not a real supplier quote.,2026-05-17T11:40:00.000+01:00,Keep source record attached; refresh evidence before procurement use.
control_compute_communication_cybersecurity_monitoring_syslog_collector,syslog_collector,syslog collector,false,mpn,PROTOCOL-97-syslog_collector,source_backed,test-fixture://review-evidence-closure/source/syslog_collector,Protocol-only fixture proving source-backed closure. Not a real supplier quote.,2026-05-17T11:40:00.000+01:00,Keep source record attached; refresh evidence before procurement use.
control_compute_communication_cybersecurity_monitoring_syslog_collector,syslog_collector,syslog collector,false,unit_cost_gbp,196,source_backed,test-fixture://review-evidence-closure/source/syslog_collector,Protocol-only fixture proving source-backed closure. Not a real supplier quote.,2026-05-17T11:40:00.000+01:00,Keep source record attached; refresh evidence before procurement use.
control_compute_communication_cybersecurity_monitoring_syslog_collector,syslog_collector,syslog collector,false,lead_time_weeks,8,source_backed,test-fixture://review-evidence-closure/source/syslog_collector,Protocol-only fixture proving source-backed closure. Not a real supplier quote.,2026-05-17T11:40:00.000+01:00,Keep source record attached; refresh evidence before procurement use.
control_compute_communication_cybersecurity_monitoring_account_key_switch,account_key_switch,account key switch,false,supplier,Protocol Evidence Supplier,source_backed,test-fixture://review-evidence-closure/source/account_key_switch,Protocol-only fixture proving source-backed closure. Not a real supplier quote.,2026-05-17T11:40:00.000+01:00,Keep source record attached; refresh evidence before procurement use.
control_compute_communication_cybersecurity_monitoring_account_key_switch,account_key_switch,account key switch,false,manufacturer,Protocol Evidence Manufacturer,source_backed,test-fixture://review-evidence-closure/source/account_key_switch,Protocol-only fixture proving source-backed closure. Not a real supplier quote.,2026-05-17T11:40:00.000+01:00,Keep source record attached; refresh evidence before procurement use.
control_compute_communication_cybersecurity_monitoring_account_key_switch,account_key_switch,account key switch,false,mpn,PROTOCOL-98-account_key_switch,source_backed,test-fixture://review-evidence-closure/source/account_key_switch,Protocol-only fixture proving source-backed closure. Not a real supplier quote.,2026-05-17T11:40:00.000+01:00,Keep source record attached; refresh evidence before procurement use.
control_compute_communication_cybersecurity_monitoring_account_key_switch,account_key_switch,account key switch,false,unit_cost_gbp,197,source_backed,test-fixture://review-evidence-closure/source/account_key_switch,Protocol-only fixture proving source-backed closure. Not a real supplier quote.,2026-05-17T11:40:00.000+01:00,Keep source record attached; refresh evidence before procurement use.
control_compute_communication_cybersecurity_monitoring_account_key_switch,account_key_switch,account key switch,false,lead_time_weeks,8,source_backed,test-fixture://review-evidence-closure/source/account_key_switch,Protocol-only fixture proving source-backed closure. Not a real supplier quote.,2026-05-17T11:40:00.000+01:00,Keep source record attached; refresh evidence before procurement use.
control_compute_communication_cybersecurity_monitoring_firmware_escrow_tag,firmware_escrow_tag,firmware escrow tag,false,supplier,Protocol Evidence Supplier,source_backed,test-fixture://review-evidence-closure/source/firmware_escrow_tag,Protocol-only fixture proving source-backed closure. Not a real supplier quote.,2026-05-17T11:40:00.000+01:00,Keep source record attached; refresh evidence before procurement use.
control_compute_communication_cybersecurity_monitoring_firmware_escrow_tag,firmware_escrow_tag,firmware escrow tag,false,manufacturer,Protocol Evidence Manufacturer,source_backed,test-fixture://review-evidence-closure/source/firmware_escrow_tag,Protocol-only fixture proving source-backed closure. Not a real supplier quote.,2026-05-17T11:40:00.000+01:00,Keep source record attached; refresh evidence before procurement use.
control_compute_communication_cybersecurity_monitoring_firmware_escrow_tag,firmware_escrow_tag,firmware escrow tag,false,mpn,PROTOCOL-99-firmware_escrow_tag,source_backed,test-fixture://review-evidence-closure/source/firmware_escrow_tag,Protocol-only fixture proving source-backed closure. Not a real supplier quote.,2026-05-17T11:40:00.000+01:00,Keep source record attached; refresh evidence before procurement use.
control_compute_communication_cybersecurity_monitoring_firmware_escrow_tag,firmware_escrow_tag,firmware escrow tag,false,unit_cost_gbp,198,source_backed,test-fixture://review-evidence-closure/source/firmware_escrow_tag,Protocol-only fixture proving source-backed closure. Not a real supplier quote.,2026-05-17T11:40:00.000+01:00,Keep source record attached; refresh evidence before procurement use.
control_compute_communication_cybersecurity_monitoring_firmware_escrow_tag,firmware_escrow_tag,firmware escrow tag,false,lead_time_weeks,8,source_backed,test-fixture://review-evidence-closure/source/firmware_escrow_tag,Protocol-only fixture proving source-backed closure. Not a real supplier quote.,2026-05-17T11:40:00.000+01:00,Keep source record attached; refresh evidence before procurement use.
control_compute_communication_cybersecurity_monitoring_configuration_backup_module,configuration_backup_module,configuration backup module,false,supplier,Protocol Evidence Supplier,source_backed,test-fixture://review-evidence-closure/source/configuration_backup_module,Protocol-only fixture proving source-backed closure. Not a real supplier quote.,2026-05-17T11:40:00.000+01:00,Keep source record attached; refresh evidence before procurement use.
control_compute_communication_cybersecurity_monitoring_configuration_backup_module,configuration_backup_module,configuration backup module,false,manufacturer,Protocol Evidence Manufacturer,source_backed,test-fixture://review-evidence-closure/source/configuration_backup_module,Protocol-only fixture proving source-backed closure. Not a real supplier quote.,2026-05-17T11:40:00.000+01:00,Keep source record attached; refresh evidence before procurement use.
control_compute_communication_cybersecurity_monitoring_configuration_backup_module,configuration_backup_module,configuration backup module,false,mpn,PROTOCOL-100-configuration_backup_module,source_backed,test-fixture://review-evidence-closure/source/configuration_backup_module,Protocol-only fixture proving source-backed closure. Not a real supplier quote.,2026-05-17T11:40:00.000+01:00,Keep source record attached; refresh evidence before procurement use.
control_compute_communication_cybersecurity_monitoring_configuration_backup_module,configuration_backup_module,configuration backup module,false,unit_cost_gbp,199,source_backed,test-fixture://review-evidence-closure/source/configuration_backup_module,Protocol-only fixture proving source-backed closure. Not a real supplier quote.,2026-05-17T11:40:00.000+01:00,Keep source record attached; refresh evidence before procurement use.
control_compute_communication_cybersecurity_monitoring_configuration_backup_module,configuration_backup_module,configuration backup module,false,lead_time_weeks,8,source_backed,test-fixture://review-evidence-closure/source/configuration_backup_module,Protocol-only fixture proving source-backed closure. Not a real supplier quote.,2026-05-17T11:40:00.000+01:00,Keep source record attached; refresh evidence before procurement use.
safety_protection_fire_suppression_fire_detection_suppression,fire_detection_suppression,Fire detection/suppression,true,supplier,Protocol Evidence Supplier,source_backed,test-fixture://review-evidence-closure/source/fire_detection_suppression,Protocol-only fixture proving source-backed closure. Not a real supplier quote.,2026-05-17T11:40:00.000+01:00,Keep source record attached; refresh evidence before procurement use.
safety_protection_fire_suppression_fire_detection_suppression,fire_detection_suppression,Fire detection/suppression,true,manufacturer,Protocol Evidence Manufacturer,source_backed,test-fixture://review-evidence-closure/source/fire_detection_suppression,Protocol-only fixture proving source-backed closure. Not a real supplier quote.,2026-05-17T11:40:00.000+01:00,Keep source record attached; refresh evidence before procurement use.
safety_protection_fire_suppression_fire_detection_suppression,fire_detection_suppression,Fire detection/suppression,true,mpn,PROTOCOL-101-fire_detection_suppression,source_backed,test-fixture://review-evidence-closure/source/fire_detection_suppression,Protocol-only fixture proving source-backed closure. Not a real supplier quote.,2026-05-17T11:40:00.000+01:00,Keep source record attached; refresh evidence before procurement use.
safety_protection_fire_suppression_fire_detection_suppression,fire_detection_suppression,Fire detection/suppression,true,unit_cost_gbp,200,source_backed,test-fixture://review-evidence-closure/source/fire_detection_suppression,Protocol-only fixture proving source-backed closure. Not a real supplier quote.,2026-05-17T11:40:00.000+01:00,Keep source record attached; refresh evidence before procurement use.
safety_protection_fire_suppression_fire_detection_suppression,fire_detection_suppression,Fire detection/suppression,true,lead_time_weeks,8,source_backed,test-fixture://review-evidence-closure/source/fire_detection_suppression,Protocol-only fixture proving source-backed closure. Not a real supplier quote.,2026-05-17T11:40:00.000+01:00,Keep source record attached; refresh evidence before procurement use.
safety_protection_fire_suppression_clean_agent_cylinder,clean_agent_cylinder,clean-agent cylinder,false,supplier,Protocol Evidence Supplier,source_backed,test-fixture://review-evidence-closure/source/clean_agent_cylinder,Protocol-only fixture proving source-backed closure. Not a real supplier quote.,2026-05-17T11:40:00.000+01:00,Keep source record attached; refresh evidence before procurement use.
safety_protection_fire_suppression_clean_agent_cylinder,clean_agent_cylinder,clean-agent cylinder,false,manufacturer,Protocol Evidence Manufacturer,source_backed,test-fixture://review-evidence-closure/source/clean_agent_cylinder,Protocol-only fixture proving source-backed closure. Not a real supplier quote.,2026-05-17T11:40:00.000+01:00,Keep source record attached; refresh evidence before procurement use.
safety_protection_fire_suppression_clean_agent_cylinder,clean_agent_cylinder,clean-agent cylinder,false,mpn,PROTOCOL-102-clean_agent_cylinder,source_backed,test-fixture://review-evidence-closure/source/clean_agent_cylinder,Protocol-only fixture proving source-backed closure. Not a real supplier quote.,2026-05-17T11:40:00.000+01:00,Keep source record attached; refresh evidence before procurement use.
safety_protection_fire_suppression_clean_agent_cylinder,clean_agent_cylinder,clean-agent cylinder,false,unit_cost_gbp,201,source_backed,test-fixture://review-evidence-closure/source/clean_agent_cylinder,Protocol-only fixture proving source-backed closure. Not a real supplier quote.,2026-05-17T11:40:00.000+01:00,Keep source record attached; refresh evidence before procurement use.
safety_protection_fire_suppression_clean_agent_cylinder,clean_agent_cylinder,clean-agent cylinder,false,lead_time_weeks,8,source_backed,test-fixture://review-evidence-closure/source/clean_agent_cylinder,Protocol-only fixture proving source-backed closure. Not a real supplier quote.,2026-05-17T11:40:00.000+01:00,Keep source record attached; refresh evidence before procurement use.
safety_protection_fire_suppression_release_solenoid,release_solenoid,release solenoid,false,supplier,Protocol Evidence Supplier,source_backed,test-fixture://review-evidence-closure/source/release_solenoid,Protocol-only fixture proving source-backed closure. Not a real supplier quote.,2026-05-17T11:40:00.000+01:00,Keep source record attached; refresh evidence before procurement use.
safety_protection_fire_suppression_release_solenoid,release_solenoid,release solenoid,false,manufacturer,Protocol Evidence Manufacturer,source_backed,test-fixture://review-evidence-closure/source/release_solenoid,Protocol-only fixture proving source-backed closure. Not a real supplier quote.,2026-05-17T11:40:00.000+01:00,Keep source record attached; refresh evidence before procurement use.
safety_protection_fire_suppression_release_solenoid,release_solenoid,release solenoid,false,mpn,PROTOCOL-103-release_solenoid,source_backed,test-fixture://review-evidence-closure/source/release_solenoid,Protocol-only fixture proving source-backed closure. Not a real supplier quote.,2026-05-17T11:40:00.000+01:00,Keep source record attached; refresh evidence before procurement use.
safety_protection_fire_suppression_release_solenoid,release_solenoid,release solenoid,false,unit_cost_gbp,202,source_backed,test-fixture://review-evidence-closure/source/release_solenoid,Protocol-only fixture proving source-backed closure. Not a real supplier quote.,2026-05-17T11:40:00.000+01:00,Keep source record attached; refresh evidence before procurement use.
safety_protection_fire_suppression_release_solenoid,release_solenoid,release solenoid,false,lead_time_weeks,8,source_backed,test-fixture://review-evidence-closure/source/release_solenoid,Protocol-only fixture proving source-backed closure. Not a real supplier quote.,2026-05-17T11:40:00.000+01:00,Keep source record attached; refresh evidence before procurement use.
safety_protection_fire_suppression_nozzle_pipework,nozzle_pipework,nozzle pipework,false,supplier,Protocol Evidence Supplier,source_backed,test-fixture://review-evidence-closure/source/nozzle_pipework,Protocol-only fixture proving source-backed closure. Not a real supplier quote.,2026-05-17T11:40:00.000+01:00,Keep source record attached; refresh evidence before procurement use.
safety_protection_fire_suppression_nozzle_pipework,nozzle_pipework,nozzle pipework,false,manufacturer,Protocol Evidence Manufacturer,source_backed,test-fixture://review-evidence-closure/source/nozzle_pipework,Protocol-only fixture proving source-backed closure. Not a real supplier quote.,2026-05-17T11:40:00.000+01:00,Keep source record attached; refresh evidence before procurement use.
safety_protection_fire_suppression_nozzle_pipework,nozzle_pipework,nozzle pipework,false,mpn,PROTOCOL-104-nozzle_pipework,source_backed,test-fixture://review-evidence-closure/source/nozzle_pipework,Protocol-only fixture proving source-backed closure. Not a real supplier quote.,2026-05-17T11:40:00.000+01:00,Keep source record attached; refresh evidence before procurement use.
safety_protection_fire_suppression_nozzle_pipework,nozzle_pipework,nozzle pipework,false,unit_cost_gbp,203,source_backed,test-fixture://review-evidence-closure/source/nozzle_pipework,Protocol-only fixture proving source-backed closure. Not a real supplier quote.,2026-05-17T11:40:00.000+01:00,Keep source record attached; refresh evidence before procurement use.
safety_protection_fire_suppression_nozzle_pipework,nozzle_pipework,nozzle pipework,false,lead_time_weeks,8,source_backed,test-fixture://review-evidence-closure/source/nozzle_pipework,Protocol-only fixture proving source-backed closure. Not a real supplier quote.,2026-05-17T11:40:00.000+01:00,Keep source record attached; refresh evidence before procurement use.
safety_protection_fire_suppression_pressure_switch,pressure_switch,pressure switch,false,supplier,Protocol Evidence Supplier,source_backed,test-fixture://review-evidence-closure/source/pressure_switch,Protocol-only fixture proving source-backed closure. Not a real supplier quote.,2026-05-17T11:40:00.000+01:00,Keep source record attached; refresh evidence before procurement use.
safety_protection_fire_suppression_pressure_switch,pressure_switch,pressure switch,false,manufacturer,Protocol Evidence Manufacturer,source_backed,test-fixture://review-evidence-closure/source/pressure_switch,Protocol-only fixture proving source-backed closure. Not a real supplier quote.,2026-05-17T11:40:00.000+01:00,Keep source record attached; refresh evidence before procurement use.
safety_protection_fire_suppression_pressure_switch,pressure_switch,pressure switch,false,mpn,PROTOCOL-105-pressure_switch,source_backed,test-fixture://review-evidence-closure/source/pressure_switch,Protocol-only fixture proving source-backed closure. Not a real supplier quote.,2026-05-17T11:40:00.000+01:00,Keep source record attached; refresh evidence before procurement use.
safety_protection_fire_suppression_pressure_switch,pressure_switch,pressure switch,false,unit_cost_gbp,204,source_backed,test-fixture://review-evidence-closure/source/pressure_switch,Protocol-only fixture proving source-backed closure. Not a real supplier quote.,2026-05-17T11:40:00.000+01:00,Keep source record attached; refresh evidence before procurement use.
safety_protection_fire_suppression_pressure_switch,pressure_switch,pressure switch,false,lead_time_weeks,8,source_backed,test-fixture://review-evidence-closure/source/pressure_switch,Protocol-only fixture proving source-backed closure. Not a real supplier quote.,2026-05-17T11:40:00.000+01:00,Keep source record attached; refresh evidence before procurement use.
safety_protection_emergency_stop_e_stop_mushroom_button,e_stop_mushroom_button,E-stop mushroom button,false,supplier,Protocol Evidence Supplier,source_backed,test-fixture://review-evidence-closure/source/e_stop_mushroom_button,Protocol-only fixture proving source-backed closure. Not a real supplier quote.,2026-05-17T11:40:00.000+01:00,Keep source record attached; refresh evidence before procurement use.
safety_protection_emergency_stop_e_stop_mushroom_button,e_stop_mushroom_button,E-stop mushroom button,false,manufacturer,Protocol Evidence Manufacturer,source_backed,test-fixture://review-evidence-closure/source/e_stop_mushroom_button,Protocol-only fixture proving source-backed closure. Not a real supplier quote.,2026-05-17T11:40:00.000+01:00,Keep source record attached; refresh evidence before procurement use.
safety_protection_emergency_stop_e_stop_mushroom_button,e_stop_mushroom_button,E-stop mushroom button,false,mpn,PROTOCOL-106-e_stop_mushroom_button,source_backed,test-fixture://review-evidence-closure/source/e_stop_mushroom_button,Protocol-only fixture proving source-backed closure. Not a real supplier quote.,2026-05-17T11:40:00.000+01:00,Keep source record attached; refresh evidence before procurement use.
safety_protection_emergency_stop_e_stop_mushroom_button,e_stop_mushroom_button,E-stop mushroom button,false,unit_cost_gbp,205,source_backed,test-fixture://review-evidence-closure/source/e_stop_mushroom_button,Protocol-only fixture proving source-backed closure. Not a real supplier quote.,2026-05-17T11:40:00.000+01:00,Keep source record attached; refresh evidence before procurement use.
safety_protection_emergency_stop_e_stop_mushroom_button,e_stop_mushroom_button,E-stop mushroom button,false,lead_time_weeks,8,source_backed,test-fixture://review-evidence-closure/source/e_stop_mushroom_button,Protocol-only fixture proving source-backed closure. Not a real supplier quote.,2026-05-17T11:40:00.000+01:00,Keep source record attached; refresh evidence before procurement use.
safety_protection_emergency_stop_safety_relay,safety_relay,safety relay,false,supplier,Protocol Evidence Supplier,source_backed,test-fixture://review-evidence-closure/source/safety_relay,Protocol-only fixture proving source-backed closure. Not a real supplier quote.,2026-05-17T11:40:00.000+01:00,Keep source record attached; refresh evidence before procurement use.
safety_protection_emergency_stop_safety_relay,safety_relay,safety relay,false,manufacturer,Protocol Evidence Manufacturer,source_backed,test-fixture://review-evidence-closure/source/safety_relay,Protocol-only fixture proving source-backed closure. Not a real supplier quote.,2026-05-17T11:40:00.000+01:00,Keep source record attached; refresh evidence before procurement use.
safety_protection_emergency_stop_safety_relay,safety_relay,safety relay,false,mpn,PROTOCOL-107-safety_relay,source_backed,test-fixture://review-evidence-closure/source/safety_relay,Protocol-only fixture proving source-backed closure. Not a real supplier quote.,2026-05-17T11:40:00.000+01:00,Keep source record attached; refresh evidence before procurement use.
safety_protection_emergency_stop_safety_relay,safety_relay,safety relay,false,unit_cost_gbp,206,source_backed,test-fixture://review-evidence-closure/source/safety_relay,Protocol-only fixture proving source-backed closure. Not a real supplier quote.,2026-05-17T11:40:00.000+01:00,Keep source record attached; refresh evidence before procurement use.
safety_protection_emergency_stop_safety_relay,safety_relay,safety relay,false,lead_time_weeks,8,source_backed,test-fixture://review-evidence-closure/source/safety_relay,Protocol-only fixture proving source-backed closure. Not a real supplier quote.,2026-05-17T11:40:00.000+01:00,Keep source record attached; refresh evidence before procurement use.
safety_protection_emergency_stop_dc_shunt_trip_output,dc_shunt_trip_output,DC shunt trip output,false,supplier,Protocol Evidence Supplier,source_backed,test-fixture://review-evidence-closure/source/dc_shunt_trip_output,Protocol-only fixture proving source-backed closure. Not a real supplier quote.,2026-05-17T11:40:00.000+01:00,Keep source record attached; refresh evidence before procurement use.
safety_protection_emergency_stop_dc_shunt_trip_output,dc_shunt_trip_output,DC shunt trip output,false,manufacturer,Protocol Evidence Manufacturer,source_backed,test-fixture://review-evidence-closure/source/dc_shunt_trip_output,Protocol-only fixture proving source-backed closure. Not a real supplier quote.,2026-05-17T11:40:00.000+01:00,Keep source record attached; refresh evidence before procurement use.
safety_protection_emergency_stop_dc_shunt_trip_output,dc_shunt_trip_output,DC shunt trip output,false,mpn,PROTOCOL-108-dc_shunt_trip_output,source_backed,test-fixture://review-evidence-closure/source/dc_shunt_trip_output,Protocol-only fixture proving source-backed closure. Not a real supplier quote.,2026-05-17T11:40:00.000+01:00,Keep source record attached; refresh evidence before procurement use.
safety_protection_emergency_stop_dc_shunt_trip_output,dc_shunt_trip_output,DC shunt trip output,false,unit_cost_gbp,207,source_backed,test-fixture://review-evidence-closure/source/dc_shunt_trip_output,Protocol-only fixture proving source-backed closure. Not a real supplier quote.,2026-05-17T11:40:00.000+01:00,Keep source record attached; refresh evidence before procurement use.
safety_protection_emergency_stop_dc_shunt_trip_output,dc_shunt_trip_output,DC shunt trip output,false,lead_time_weeks,8,source_backed,test-fixture://review-evidence-closure/source/dc_shunt_trip_output,Protocol-only fixture proving source-backed closure. Not a real supplier quote.,2026-05-17T11:40:00.000+01:00,Keep source record attached; refresh evidence before procurement use.
safety_protection_emergency_stop_ac_breaker_trip_coil,ac_breaker_trip_coil,AC breaker trip coil,false,supplier,Protocol Evidence Supplier,source_backed,test-fixture://review-evidence-closure/source/ac_breaker_trip_coil,Protocol-only fixture proving source-backed closure. Not a real supplier quote.,2026-05-17T11:40:00.000+01:00,Keep source record attached; refresh evidence before procurement use.
safety_protection_emergency_stop_ac_breaker_trip_coil,ac_breaker_trip_coil,AC breaker trip coil,false,manufacturer,Protocol Evidence Manufacturer,source_backed,test-fixture://review-evidence-closure/source/ac_breaker_trip_coil,Protocol-only fixture proving source-backed closure. Not a real supplier quote.,2026-05-17T11:40:00.000+01:00,Keep source record attached; refresh evidence before procurement use.
safety_protection_emergency_stop_ac_breaker_trip_coil,ac_breaker_trip_coil,AC breaker trip coil,false,mpn,PROTOCOL-109-ac_breaker_trip_coil,source_backed,test-fixture://review-evidence-closure/source/ac_breaker_trip_coil,Protocol-only fixture proving source-backed closure. Not a real supplier quote.,2026-05-17T11:40:00.000+01:00,Keep source record attached; refresh evidence before procurement use.
safety_protection_emergency_stop_ac_breaker_trip_coil,ac_breaker_trip_coil,AC breaker trip coil,false,unit_cost_gbp,208,source_backed,test-fixture://review-evidence-closure/source/ac_breaker_trip_coil,Protocol-only fixture proving source-backed closure. Not a real supplier quote.,2026-05-17T11:40:00.000+01:00,Keep source record attached; refresh evidence before procurement use.
safety_protection_emergency_stop_ac_breaker_trip_coil,ac_breaker_trip_coil,AC breaker trip coil,false,lead_time_weeks,8,source_backed,test-fixture://review-evidence-closure/source/ac_breaker_trip_coil,Protocol-only fixture proving source-backed closure. Not a real supplier quote.,2026-05-17T11:40:00.000+01:00,Keep source record attached; refresh evidence before procurement use.
safety_protection_surge_fault_protection_dc_surge_protection_device,dc_surge_protection_device,DC surge protection device,false,supplier,Protocol Evidence Supplier,source_backed,test-fixture://review-evidence-closure/source/dc_surge_protection_device,Protocol-only fixture proving source-backed closure. Not a real supplier quote.,2026-05-17T11:40:00.000+01:00,Keep source record attached; refresh evidence before procurement use.
safety_protection_surge_fault_protection_dc_surge_protection_device,dc_surge_protection_device,DC surge protection device,false,manufacturer,Protocol Evidence Manufacturer,source_backed,test-fixture://review-evidence-closure/source/dc_surge_protection_device,Protocol-only fixture proving source-backed closure. Not a real supplier quote.,2026-05-17T11:40:00.000+01:00,Keep source record attached; refresh evidence before procurement use.
safety_protection_surge_fault_protection_dc_surge_protection_device,dc_surge_protection_device,DC surge protection device,false,mpn,PROTOCOL-110-dc_surge_protection_device,source_backed,test-fixture://review-evidence-closure/source/dc_surge_protection_device,Protocol-only fixture proving source-backed closure. Not a real supplier quote.,2026-05-17T11:40:00.000+01:00,Keep source record attached; refresh evidence before procurement use.
safety_protection_surge_fault_protection_dc_surge_protection_device,dc_surge_protection_device,DC surge protection device,false,unit_cost_gbp,209,source_backed,test-fixture://review-evidence-closure/source/dc_surge_protection_device,Protocol-only fixture proving source-backed closure. Not a real supplier quote.,2026-05-17T11:40:00.000+01:00,Keep source record attached; refresh evidence before procurement use.
safety_protection_surge_fault_protection_dc_surge_protection_device,dc_surge_protection_device,DC surge protection device,false,lead_time_weeks,8,source_backed,test-fixture://review-evidence-closure/source/dc_surge_protection_device,Protocol-only fixture proving source-backed closure. Not a real supplier quote.,2026-05-17T11:40:00.000+01:00,Keep source record attached; refresh evidence before procurement use.
safety_protection_surge_fault_protection_ac_surge_protection_device,ac_surge_protection_device,AC surge protection device,false,supplier,Protocol Evidence Supplier,source_backed,test-fixture://review-evidence-closure/source/ac_surge_protection_device,Protocol-only fixture proving source-backed closure. Not a real supplier quote.,2026-05-17T11:40:00.000+01:00,Keep source record attached; refresh evidence before procurement use.
safety_protection_surge_fault_protection_ac_surge_protection_device,ac_surge_protection_device,AC surge protection device,false,manufacturer,Protocol Evidence Manufacturer,source_backed,test-fixture://review-evidence-closure/source/ac_surge_protection_device,Protocol-only fixture proving source-backed closure. Not a real supplier quote.,2026-05-17T11:40:00.000+01:00,Keep source record attached; refresh evidence before procurement use.
safety_protection_surge_fault_protection_ac_surge_protection_device,ac_surge_protection_device,AC surge protection device,false,mpn,PROTOCOL-111-ac_surge_protection_device,source_backed,test-fixture://review-evidence-closure/source/ac_surge_protection_device,Protocol-only fixture proving source-backed closure. Not a real supplier quote.,2026-05-17T11:40:00.000+01:00,Keep source record attached; refresh evidence before procurement use.
safety_protection_surge_fault_protection_ac_surge_protection_device,ac_surge_protection_device,AC surge protection device,false,unit_cost_gbp,210,source_backed,test-fixture://review-evidence-closure/source/ac_surge_protection_device,Protocol-only fixture proving source-backed closure. Not a real supplier quote.,2026-05-17T11:40:00.000+01:00,Keep source record attached; refresh evidence before procurement use.
safety_protection_surge_fault_protection_ac_surge_protection_device,ac_surge_protection_device,AC surge protection device,false,lead_time_weeks,8,source_backed,test-fixture://review-evidence-closure/source/ac_surge_protection_device,Protocol-only fixture proving source-backed closure. Not a real supplier quote.,2026-05-17T11:40:00.000+01:00,Keep source record attached; refresh evidence before procurement use.
safety_protection_surge_fault_protection_arc_flash_label_set,arc_flash_label_set,arc flash label set,false,supplier,Protocol Evidence Supplier,source_backed,test-fixture://review-evidence-closure/source/arc_flash_label_set,Protocol-only fixture proving source-backed closure. Not a real supplier quote.,2026-05-17T11:40:00.000+01:00,Keep source record attached; refresh evidence before procurement use.
safety_protection_surge_fault_protection_arc_flash_label_set,arc_flash_label_set,arc flash label set,false,manufacturer,Protocol Evidence Manufacturer,source_backed,test-fixture://review-evidence-closure/source/arc_flash_label_set,Protocol-only fixture proving source-backed closure. Not a real supplier quote.,2026-05-17T11:40:00.000+01:00,Keep source record attached; refresh evidence before procurement use.
safety_protection_surge_fault_protection_arc_flash_label_set,arc_flash_label_set,arc flash label set,false,mpn,PROTOCOL-112-arc_flash_label_set,source_backed,test-fixture://review-evidence-closure/source/arc_flash_label_set,Protocol-only fixture proving source-backed closure. Not a real supplier quote.,2026-05-17T11:40:00.000+01:00,Keep source record attached; refresh evidence before procurement use.
safety_protection_surge_fault_protection_arc_flash_label_set,arc_flash_label_set,arc flash label set,false,unit_cost_gbp,211,source_backed,test-fixture://review-evidence-closure/source/arc_flash_label_set,Protocol-only fixture proving source-backed closure. Not a real supplier quote.,2026-05-17T11:40:00.000+01:00,Keep source record attached; refresh evidence before procurement use.
safety_protection_surge_fault_protection_arc_flash_label_set,arc_flash_label_set,arc flash label set,false,lead_time_weeks,8,source_backed,test-fixture://review-evidence-closure/source/arc_flash_label_set,Protocol-only fixture proving source-backed closure. Not a real supplier quote.,2026-05-17T11:40:00.000+01:00,Keep source record attached; refresh evidence before procurement use.
safety_protection_surge_fault_protection_protective_earth_bonding_kit,protective_earth_bonding_kit,protective earth bonding kit,false,supplier,Protocol Evidence Supplier,source_backed,test-fixture://review-evidence-closure/source/protective_earth_bonding_kit,Protocol-only fixture proving source-backed closure. Not a real supplier quote.,2026-05-17T11:40:00.000+01:00,Keep source record attached; refresh evidence before procurement use.
safety_protection_surge_fault_protection_protective_earth_bonding_kit,protective_earth_bonding_kit,protective earth bonding kit,false,manufacturer,Protocol Evidence Manufacturer,source_backed,test-fixture://review-evidence-closure/source/protective_earth_bonding_kit,Protocol-only fixture proving source-backed closure. Not a real supplier quote.,2026-05-17T11:40:00.000+01:00,Keep source record attached; refresh evidence before procurement use.
safety_protection_surge_fault_protection_protective_earth_bonding_kit,protective_earth_bonding_kit,protective earth bonding kit,false,mpn,PROTOCOL-113-protective_earth_bonding_kit,source_backed,test-fixture://review-evidence-closure/source/protective_earth_bonding_kit,Protocol-only fixture proving source-backed closure. Not a real supplier quote.,2026-05-17T11:40:00.000+01:00,Keep source record attached; refresh evidence before procurement use.
safety_protection_surge_fault_protection_protective_earth_bonding_kit,protective_earth_bonding_kit,protective earth bonding kit,false,unit_cost_gbp,212,source_backed,test-fixture://review-evidence-closure/source/protective_earth_bonding_kit,Protocol-only fixture proving source-backed closure. Not a real supplier quote.,2026-05-17T11:40:00.000+01:00,Keep source record attached; refresh evidence before procurement use.
safety_protection_surge_fault_protection_protective_earth_bonding_kit,protective_earth_bonding_kit,protective earth bonding kit,false,lead_time_weeks,8,source_backed,test-fixture://review-evidence-closure/source/protective_earth_bonding_kit,Protocol-only fixture proving source-backed closure. Not a real supplier quote.,2026-05-17T11:40:00.000+01:00,Keep source record attached; refresh evidence before procurement use.
safety_protection_deflagration_venting_pressure_relief_vent_panel,pressure_relief_vent_panel,pressure relief vent panel,false,supplier,Protocol Evidence Supplier,source_backed,test-fixture://review-evidence-closure/source/pressure_relief_vent_panel,Protocol-only fixture proving source-backed closure. Not a real supplier quote.,2026-05-17T11:40:00.000+01:00,Keep source record attached; refresh evidence before procurement use.
safety_protection_deflagration_venting_pressure_relief_vent_panel,pressure_relief_vent_panel,pressure relief vent panel,false,manufacturer,Protocol Evidence Manufacturer,source_backed,test-fixture://review-evidence-closure/source/pressure_relief_vent_panel,Protocol-only fixture proving source-backed closure. Not a real supplier quote.,2026-05-17T11:40:00.000+01:00,Keep source record attached; refresh evidence before procurement use.
safety_protection_deflagration_venting_pressure_relief_vent_panel,pressure_relief_vent_panel,pressure relief vent panel,false,mpn,PROTOCOL-114-pressure_relief_vent_panel,source_backed,test-fixture://review-evidence-closure/source/pressure_relief_vent_panel,Protocol-only fixture proving source-backed closure. Not a real supplier quote.,2026-05-17T11:40:00.000+01:00,Keep source record attached; refresh evidence before procurement use.
safety_protection_deflagration_venting_pressure_relief_vent_panel,pressure_relief_vent_panel,pressure relief vent panel,false,unit_cost_gbp,213,source_backed,test-fixture://review-evidence-closure/source/pressure_relief_vent_panel,Protocol-only fixture proving source-backed closure. Not a real supplier quote.,2026-05-17T11:40:00.000+01:00,Keep source record attached; refresh evidence before procurement use.
safety_protection_deflagration_venting_pressure_relief_vent_panel,pressure_relief_vent_panel,pressure relief vent panel,false,lead_time_weeks,8,source_backed,test-fixture://review-evidence-closure/source/pressure_relief_vent_panel,Protocol-only fixture proving source-backed closure. Not a real supplier quote.,2026-05-17T11:40:00.000+01:00,Keep source record attached; refresh evidence before procurement use.
safety_protection_deflagration_venting_vent_microswitch,vent_microswitch,vent microswitch,false,supplier,Protocol Evidence Supplier,source_backed,test-fixture://review-evidence-closure/source/vent_microswitch,Protocol-only fixture proving source-backed closure. Not a real supplier quote.,2026-05-17T11:40:00.000+01:00,Keep source record attached; refresh evidence before procurement use.
safety_protection_deflagration_venting_vent_microswitch,vent_microswitch,vent microswitch,false,manufacturer,Protocol Evidence Manufacturer,source_backed,test-fixture://review-evidence-closure/source/vent_microswitch,Protocol-only fixture proving source-backed closure. Not a real supplier quote.,2026-05-17T11:40:00.000+01:00,Keep source record attached; refresh evidence before procurement use.
safety_protection_deflagration_venting_vent_microswitch,vent_microswitch,vent microswitch,false,mpn,PROTOCOL-115-vent_microswitch,source_backed,test-fixture://review-evidence-closure/source/vent_microswitch,Protocol-only fixture proving source-backed closure. Not a real supplier quote.,2026-05-17T11:40:00.000+01:00,Keep source record attached; refresh evidence before procurement use.
safety_protection_deflagration_venting_vent_microswitch,vent_microswitch,vent microswitch,false,unit_cost_gbp,214,source_backed,test-fixture://review-evidence-closure/source/vent_microswitch,Protocol-only fixture proving source-backed closure. Not a real supplier quote.,2026-05-17T11:40:00.000+01:00,Keep source record attached; refresh evidence before procurement use.
safety_protection_deflagration_venting_vent_microswitch,vent_microswitch,vent microswitch,false,lead_time_weeks,8,source_backed,test-fixture://review-evidence-closure/source/vent_microswitch,Protocol-only fixture proving source-backed closure. Not a real supplier quote.,2026-05-17T11:40:00.000+01:00,Keep source record attached; refresh evidence before procurement use.
safety_protection_deflagration_venting_flame_arrestor_mesh,flame_arrestor_mesh,flame arrestor mesh,false,supplier,Protocol Evidence Supplier,source_backed,test-fixture://review-evidence-closure/source/flame_arrestor_mesh,Protocol-only fixture proving source-backed closure. Not a real supplier quote.,2026-05-17T11:40:00.000+01:00,Keep source record attached; refresh evidence before procurement use.
safety_protection_deflagration_venting_flame_arrestor_mesh,flame_arrestor_mesh,flame arrestor mesh,false,manufacturer,Protocol Evidence Manufacturer,source_backed,test-fixture://review-evidence-closure/source/flame_arrestor_mesh,Protocol-only fixture proving source-backed closure. Not a real supplier quote.,2026-05-17T11:40:00.000+01:00,Keep source record attached; refresh evidence before procurement use.
safety_protection_deflagration_venting_flame_arrestor_mesh,flame_arrestor_mesh,flame arrestor mesh,false,mpn,PROTOCOL-116-flame_arrestor_mesh,source_backed,test-fixture://review-evidence-closure/source/flame_arrestor_mesh,Protocol-only fixture proving source-backed closure. Not a real supplier quote.,2026-05-17T11:40:00.000+01:00,Keep source record attached; refresh evidence before procurement use.
safety_protection_deflagration_venting_flame_arrestor_mesh,flame_arrestor_mesh,flame arrestor mesh,false,unit_cost_gbp,215,source_backed,test-fixture://review-evidence-closure/source/flame_arrestor_mesh,Protocol-only fixture proving source-backed closure. Not a real supplier quote.,2026-05-17T11:40:00.000+01:00,Keep source record attached; refresh evidence before procurement use.
safety_protection_deflagration_venting_flame_arrestor_mesh,flame_arrestor_mesh,flame arrestor mesh,false,lead_time_weeks,8,source_backed,test-fixture://review-evidence-closure/source/flame_arrestor_mesh,Protocol-only fixture proving source-backed closure. Not a real supplier quote.,2026-05-17T11:40:00.000+01:00,Keep source record attached; refresh evidence before procurement use.
safety_protection_deflagration_venting_vent_weather_hood,vent_weather_hood,vent weather hood,false,supplier,Protocol Evidence Supplier,source_backed,test-fixture://review-evidence-closure/source/vent_weather_hood,Protocol-only fixture proving source-backed closure. Not a real supplier quote.,2026-05-17T11:40:00.000+01:00,Keep source record attached; refresh evidence before procurement use.
safety_protection_deflagration_venting_vent_weather_hood,vent_weather_hood,vent weather hood,false,manufacturer,Protocol Evidence Manufacturer,source_backed,test-fixture://review-evidence-closure/source/vent_weather_hood,Protocol-only fixture proving source-backed closure. Not a real supplier quote.,2026-05-17T11:40:00.000+01:00,Keep source record attached; refresh evidence before procurement use.
safety_protection_deflagration_venting_vent_weather_hood,vent_weather_hood,vent weather hood,false,mpn,PROTOCOL-117-vent_weather_hood,source_backed,test-fixture://review-evidence-closure/source/vent_weather_hood,Protocol-only fixture proving source-backed closure. Not a real supplier quote.,2026-05-17T11:40:00.000+01:00,Keep source record attached; refresh evidence before procurement use.
safety_protection_deflagration_venting_vent_weather_hood,vent_weather_hood,vent weather hood,false,unit_cost_gbp,216,source_backed,test-fixture://review-evidence-closure/source/vent_weather_hood,Protocol-only fixture proving source-backed closure. Not a real supplier quote.,2026-05-17T11:40:00.000+01:00,Keep source record attached; refresh evidence before procurement use.
safety_protection_deflagration_venting_vent_weather_hood,vent_weather_hood,vent weather hood,false,lead_time_weeks,8,source_backed,test-fixture://review-evidence-closure/source/vent_weather_hood,Protocol-only fixture proving source-backed closure. Not a real supplier quote.,2026-05-17T11:40:00.000+01:00,Keep source record attached; refresh evidence before procurement use.
safety_protection_deflagration_venting_post_event_inspection_tag,post_event_inspection_tag,post-event inspection tag,false,supplier,Protocol Evidence Supplier,source_backed,test-fixture://review-evidence-closure/source/post_event_inspection_tag,Protocol-only fixture proving source-backed closure. Not a real supplier quote.,2026-05-17T11:40:00.000+01:00,Keep source record attached; refresh evidence before procurement use.
safety_protection_deflagration_venting_post_event_inspection_tag,post_event_inspection_tag,post-event inspection tag,false,manufacturer,Protocol Evidence Manufacturer,source_backed,test-fixture://review-evidence-closure/source/post_event_inspection_tag,Protocol-only fixture proving source-backed closure. Not a real supplier quote.,2026-05-17T11:40:00.000+01:00,Keep source record attached; refresh evidence before procurement use.
safety_protection_deflagration_venting_post_event_inspection_tag,post_event_inspection_tag,post-event inspection tag,false,mpn,PROTOCOL-118-post_event_inspection_tag,source_backed,test-fixture://review-evidence-closure/source/post_event_inspection_tag,Protocol-only fixture proving source-backed closure. Not a real supplier quote.,2026-05-17T11:40:00.000+01:00,Keep source record attached; refresh evidence before procurement use.
safety_protection_deflagration_venting_post_event_inspection_tag,post_event_inspection_tag,post-event inspection tag,false,unit_cost_gbp,217,source_backed,test-fixture://review-evidence-closure/source/post_event_inspection_tag,Protocol-only fixture proving source-backed closure. Not a real supplier quote.,2026-05-17T11:40:00.000+01:00,Keep source record attached; refresh evidence before procurement use.
safety_protection_deflagration_venting_post_event_inspection_tag,post_event_inspection_tag,post-event inspection tag,false,lead_time_weeks,8,source_backed,test-fixture://review-evidence-closure/source/post_event_inspection_tag,Protocol-only fixture proving source-backed closure. Not a real supplier quote.,2026-05-17T11:40:00.000+01:00,Keep source record attached; refresh evidence before procurement use.
environmental_interface_hvac_unit_container_hvac_unit,container_hvac_unit,container HVAC unit,false,supplier,Protocol Evidence Supplier,source_backed,test-fixture://review-evidence-closure/source/container_hvac_unit,Protocol-only fixture proving source-backed closure. Not a real supplier quote.,2026-05-17T11:40:00.000+01:00,Keep source record attached; refresh evidence before procurement use.
environmental_interface_hvac_unit_container_hvac_unit,container_hvac_unit,container HVAC unit,false,manufacturer,Protocol Evidence Manufacturer,source_backed,test-fixture://review-evidence-closure/source/container_hvac_unit,Protocol-only fixture proving source-backed closure. Not a real supplier quote.,2026-05-17T11:40:00.000+01:00,Keep source record attached; refresh evidence before procurement use.
environmental_interface_hvac_unit_container_hvac_unit,container_hvac_unit,container HVAC unit,false,mpn,PROTOCOL-119-container_hvac_unit,source_backed,test-fixture://review-evidence-closure/source/container_hvac_unit,Protocol-only fixture proving source-backed closure. Not a real supplier quote.,2026-05-17T11:40:00.000+01:00,Keep source record attached; refresh evidence before procurement use.
environmental_interface_hvac_unit_container_hvac_unit,container_hvac_unit,container HVAC unit,false,unit_cost_gbp,218,source_backed,test-fixture://review-evidence-closure/source/container_hvac_unit,Protocol-only fixture proving source-backed closure. Not a real supplier quote.,2026-05-17T11:40:00.000+01:00,Keep source record attached; refresh evidence before procurement use.
environmental_interface_hvac_unit_container_hvac_unit,container_hvac_unit,container HVAC unit,false,lead_time_weeks,8,source_backed,test-fixture://review-evidence-closure/source/container_hvac_unit,Protocol-only fixture proving source-backed closure. Not a real supplier quote.,2026-05-17T11:40:00.000+01:00,Keep source record attached; refresh evidence before procurement use.
environmental_interface_hvac_unit_air_filter_element,air_filter_element,air filter element,false,supplier,Protocol Evidence Supplier,source_backed,test-fixture://review-evidence-closure/source/air_filter_element,Protocol-only fixture proving source-backed closure. Not a real supplier quote.,2026-05-17T11:40:00.000+01:00,Keep source record attached; refresh evidence before procurement use.
environmental_interface_hvac_unit_air_filter_element,air_filter_element,air filter element,false,manufacturer,Protocol Evidence Manufacturer,source_backed,test-fixture://review-evidence-closure/source/air_filter_element,Protocol-only fixture proving source-backed closure. Not a real supplier quote.,2026-05-17T11:40:00.000+01:00,Keep source record attached; refresh evidence before procurement use.
environmental_interface_hvac_unit_air_filter_element,air_filter_element,air filter element,false,mpn,PROTOCOL-120-air_filter_element,source_backed,test-fixture://review-evidence-closure/source/air_filter_element,Protocol-only fixture proving source-backed closure. Not a real supplier quote.,2026-05-17T11:40:00.000+01:00,Keep source record attached; refresh evidence before procurement use.
environmental_interface_hvac_unit_air_filter_element,air_filter_element,air filter element,false,unit_cost_gbp,219,source_backed,test-fixture://review-evidence-closure/source/air_filter_element,Protocol-only fixture proving source-backed closure. Not a real supplier quote.,2026-05-17T11:40:00.000+01:00,Keep source record attached; refresh evidence before procurement use.
environmental_interface_hvac_unit_air_filter_element,air_filter_element,air filter element,false,lead_time_weeks,8,source_backed,test-fixture://review-evidence-closure/source/air_filter_element,Protocol-only fixture proving source-backed closure. Not a real supplier quote.,2026-05-17T11:40:00.000+01:00,Keep source record attached; refresh evidence before procurement use.
environmental_interface_hvac_unit_condensate_drain_kit,condensate_drain_kit,condensate drain kit,false,supplier,Protocol Evidence Supplier,source_backed,test-fixture://review-evidence-closure/source/condensate_drain_kit,Protocol-only fixture proving source-backed closure. Not a real supplier quote.,2026-05-17T11:40:00.000+01:00,Keep source record attached; refresh evidence before procurement use.
environmental_interface_hvac_unit_condensate_drain_kit,condensate_drain_kit,condensate drain kit,false,manufacturer,Protocol Evidence Manufacturer,source_backed,test-fixture://review-evidence-closure/source/condensate_drain_kit,Protocol-only fixture proving source-backed closure. Not a real supplier quote.,2026-05-17T11:40:00.000+01:00,Keep source record attached; refresh evidence before procurement use.
environmental_interface_hvac_unit_condensate_drain_kit,condensate_drain_kit,condensate drain kit,false,mpn,PROTOCOL-121-condensate_drain_kit,source_backed,test-fixture://review-evidence-closure/source/condensate_drain_kit,Protocol-only fixture proving source-backed closure. Not a real supplier quote.,2026-05-17T11:40:00.000+01:00,Keep source record attached; refresh evidence before procurement use.
environmental_interface_hvac_unit_condensate_drain_kit,condensate_drain_kit,condensate drain kit,false,unit_cost_gbp,220,source_backed,test-fixture://review-evidence-closure/source/condensate_drain_kit,Protocol-only fixture proving source-backed closure. Not a real supplier quote.,2026-05-17T11:40:00.000+01:00,Keep source record attached; refresh evidence before procurement use.
environmental_interface_hvac_unit_condensate_drain_kit,condensate_drain_kit,condensate drain kit,false,lead_time_weeks,8,source_backed,test-fixture://review-evidence-closure/source/condensate_drain_kit,Protocol-only fixture proving source-backed closure. Not a real supplier quote.,2026-05-17T11:40:00.000+01:00,Keep source record attached; refresh evidence before procurement use.
environmental_interface_hvac_unit_hvac_controller,hvac_controller,HVAC controller,false,supplier,Protocol Evidence Supplier,source_backed,test-fixture://review-evidence-closure/source/hvac_controller,Protocol-only fixture proving source-backed closure. Not a real supplier quote.,2026-05-17T11:40:00.000+01:00,Keep source record attached; refresh evidence before procurement use.
environmental_interface_hvac_unit_hvac_controller,hvac_controller,HVAC controller,false,manufacturer,Protocol Evidence Manufacturer,source_backed,test-fixture://review-evidence-closure/source/hvac_controller,Protocol-only fixture proving source-backed closure. Not a real supplier quote.,2026-05-17T11:40:00.000+01:00,Keep source record attached; refresh evidence before procurement use.
environmental_interface_hvac_unit_hvac_controller,hvac_controller,HVAC controller,false,mpn,PROTOCOL-122-hvac_controller,source_backed,test-fixture://review-evidence-closure/source/hvac_controller,Protocol-only fixture proving source-backed closure. Not a real supplier quote.,2026-05-17T11:40:00.000+01:00,Keep source record attached; refresh evidence before procurement use.
environmental_interface_hvac_unit_hvac_controller,hvac_controller,HVAC controller,false,unit_cost_gbp,221,source_backed,test-fixture://review-evidence-closure/source/hvac_controller,Protocol-only fixture proving source-backed closure. Not a real supplier quote.,2026-05-17T11:40:00.000+01:00,Keep source record attached; refresh evidence before procurement use.
environmental_interface_hvac_unit_hvac_controller,hvac_controller,HVAC controller,false,lead_time_weeks,8,source_backed,test-fixture://review-evidence-closure/source/hvac_controller,Protocol-only fixture proving source-backed closure. Not a real supplier quote.,2026-05-17T11:40:00.000+01:00,Keep source record attached; refresh evidence before procurement use.
environmental_interface_ventilation_path_intake_louvre,intake_louvre,intake louvre,false,supplier,Protocol Evidence Supplier,source_backed,test-fixture://review-evidence-closure/source/intake_louvre,Protocol-only fixture proving source-backed closure. Not a real supplier quote.,2026-05-17T11:40:00.000+01:00,Keep source record attached; refresh evidence before procurement use.
environmental_interface_ventilation_path_intake_louvre,intake_louvre,intake louvre,false,manufacturer,Protocol Evidence Manufacturer,source_backed,test-fixture://review-evidence-closure/source/intake_louvre,Protocol-only fixture proving source-backed closure. Not a real supplier quote.,2026-05-17T11:40:00.000+01:00,Keep source record attached; refresh evidence before procurement use.
environmental_interface_ventilation_path_intake_louvre,intake_louvre,intake louvre,false,mpn,PROTOCOL-123-intake_louvre,source_backed,test-fixture://review-evidence-closure/source/intake_louvre,Protocol-only fixture proving source-backed closure. Not a real supplier quote.,2026-05-17T11:40:00.000+01:00,Keep source record attached; refresh evidence before procurement use.
environmental_interface_ventilation_path_intake_louvre,intake_louvre,intake louvre,false,unit_cost_gbp,222,source_backed,test-fixture://review-evidence-closure/source/intake_louvre,Protocol-only fixture proving source-backed closure. Not a real supplier quote.,2026-05-17T11:40:00.000+01:00,Keep source record attached; refresh evidence before procurement use.
environmental_interface_ventilation_path_intake_louvre,intake_louvre,intake louvre,false,lead_time_weeks,8,source_backed,test-fixture://review-evidence-closure/source/intake_louvre,Protocol-only fixture proving source-backed closure. Not a real supplier quote.,2026-05-17T11:40:00.000+01:00,Keep source record attached; refresh evidence before procurement use.
environmental_interface_ventilation_path_exhaust_louvre,exhaust_louvre,exhaust louvre,false,supplier,Protocol Evidence Supplier,source_backed,test-fixture://review-evidence-closure/source/exhaust_louvre,Protocol-only fixture proving source-backed closure. Not a real supplier quote.,2026-05-17T11:40:00.000+01:00,Keep source record attached; refresh evidence before procurement use.
environmental_interface_ventilation_path_exhaust_louvre,exhaust_louvre,exhaust louvre,false,manufacturer,Protocol Evidence Manufacturer,source_backed,test-fixture://review-evidence-closure/source/exhaust_louvre,Protocol-only fixture proving source-backed closure. Not a real supplier quote.,2026-05-17T11:40:00.000+01:00,Keep source record attached; refresh evidence before procurement use.
environmental_interface_ventilation_path_exhaust_louvre,exhaust_louvre,exhaust louvre,false,mpn,PROTOCOL-124-exhaust_louvre,source_backed,test-fixture://review-evidence-closure/source/exhaust_louvre,Protocol-only fixture proving source-backed closure. Not a real supplier quote.,2026-05-17T11:40:00.000+01:00,Keep source record attached; refresh evidence before procurement use.
environmental_interface_ventilation_path_exhaust_louvre,exhaust_louvre,exhaust louvre,false,unit_cost_gbp,223,source_backed,test-fixture://review-evidence-closure/source/exhaust_louvre,Protocol-only fixture proving source-backed closure. Not a real supplier quote.,2026-05-17T11:40:00.000+01:00,Keep source record attached; refresh evidence before procurement use.
environmental_interface_ventilation_path_exhaust_louvre,exhaust_louvre,exhaust louvre,false,lead_time_weeks,8,source_backed,test-fixture://review-evidence-closure/source/exhaust_louvre,Protocol-only fixture proving source-backed closure. Not a real supplier quote.,2026-05-17T11:40:00.000+01:00,Keep source record attached; refresh evidence before procurement use.
environmental_interface_ventilation_path_ec_fan_assembly,ec_fan_assembly,EC fan assembly,false,supplier,Protocol Evidence Supplier,source_backed,test-fixture://review-evidence-closure/source/ec_fan_assembly,Protocol-only fixture proving source-backed closure. Not a real supplier quote.,2026-05-17T11:40:00.000+01:00,Keep source record attached; refresh evidence before procurement use.
environmental_interface_ventilation_path_ec_fan_assembly,ec_fan_assembly,EC fan assembly,false,manufacturer,Protocol Evidence Manufacturer,source_backed,test-fixture://review-evidence-closure/source/ec_fan_assembly,Protocol-only fixture proving source-backed closure. Not a real supplier quote.,2026-05-17T11:40:00.000+01:00,Keep source record attached; refresh evidence before procurement use.
environmental_interface_ventilation_path_ec_fan_assembly,ec_fan_assembly,EC fan assembly,false,mpn,PROTOCOL-125-ec_fan_assembly,source_backed,test-fixture://review-evidence-closure/source/ec_fan_assembly,Protocol-only fixture proving source-backed closure. Not a real supplier quote.,2026-05-17T11:40:00.000+01:00,Keep source record attached; refresh evidence before procurement use.
environmental_interface_ventilation_path_ec_fan_assembly,ec_fan_assembly,EC fan assembly,false,unit_cost_gbp,224,source_backed,test-fixture://review-evidence-closure/source/ec_fan_assembly,Protocol-only fixture proving source-backed closure. Not a real supplier quote.,2026-05-17T11:40:00.000+01:00,Keep source record attached; refresh evidence before procurement use.
environmental_interface_ventilation_path_ec_fan_assembly,ec_fan_assembly,EC fan assembly,false,lead_time_weeks,8,source_backed,test-fixture://review-evidence-closure/source/ec_fan_assembly,Protocol-only fixture proving source-backed closure. Not a real supplier quote.,2026-05-17T11:40:00.000+01:00,Keep source record attached; refresh evidence before procurement use.
environmental_interface_ventilation_path_airflow_baffle,airflow_baffle,airflow baffle,false,supplier,Protocol Evidence Supplier,source_backed,test-fixture://review-evidence-closure/source/airflow_baffle,Protocol-only fixture proving source-backed closure. Not a real supplier quote.,2026-05-17T11:40:00.000+01:00,Keep source record attached; refresh evidence before procurement use.
environmental_interface_ventilation_path_airflow_baffle,airflow_baffle,airflow baffle,false,manufacturer,Protocol Evidence Manufacturer,source_backed,test-fixture://review-evidence-closure/source/airflow_baffle,Protocol-only fixture proving source-backed closure. Not a real supplier quote.,2026-05-17T11:40:00.000+01:00,Keep source record attached; refresh evidence before procurement use.
environmental_interface_ventilation_path_airflow_baffle,airflow_baffle,airflow baffle,false,mpn,PROTOCOL-126-airflow_baffle,source_backed,test-fixture://review-evidence-closure/source/airflow_baffle,Protocol-only fixture proving source-backed closure. Not a real supplier quote.,2026-05-17T11:40:00.000+01:00,Keep source record attached; refresh evidence before procurement use.
environmental_interface_ventilation_path_airflow_baffle,airflow_baffle,airflow baffle,false,unit_cost_gbp,225,source_backed,test-fixture://review-evidence-closure/source/airflow_baffle,Protocol-only fixture proving source-backed closure. Not a real supplier quote.,2026-05-17T11:40:00.000+01:00,Keep source record attached; refresh evidence before procurement use.
environmental_interface_ventilation_path_airflow_baffle,airflow_baffle,airflow baffle,false,lead_time_weeks,8,source_backed,test-fixture://review-evidence-closure/source/airflow_baffle,Protocol-only fixture proving source-backed closure. Not a real supplier quote.,2026-05-17T11:40:00.000+01:00,Keep source record attached; refresh evidence before procurement use.
environmental_interface_thermal_insulation_insulation_panel,insulation_panel,insulation panel,false,supplier,Protocol Evidence Supplier,source_backed,test-fixture://review-evidence-closure/source/insulation_panel,Protocol-only fixture proving source-backed closure. Not a real supplier quote.,2026-05-17T11:40:00.000+01:00,Keep source record attached; refresh evidence before procurement use.
environmental_interface_thermal_insulation_insulation_panel,insulation_panel,insulation panel,false,manufacturer,Protocol Evidence Manufacturer,source_backed,test-fixture://review-evidence-closure/source/insulation_panel,Protocol-only fixture proving source-backed closure. Not a real supplier quote.,2026-05-17T11:40:00.000+01:00,Keep source record attached; refresh evidence before procurement use.
environmental_interface_thermal_insulation_insulation_panel,insulation_panel,insulation panel,false,mpn,PROTOCOL-127-insulation_panel,source_backed,test-fixture://review-evidence-closure/source/insulation_panel,Protocol-only fixture proving source-backed closure. Not a real supplier quote.,2026-05-17T11:40:00.000+01:00,Keep source record attached; refresh evidence before procurement use.
environmental_interface_thermal_insulation_insulation_panel,insulation_panel,insulation panel,false,unit_cost_gbp,226,source_backed,test-fixture://review-evidence-closure/source/insulation_panel,Protocol-only fixture proving source-backed closure. Not a real supplier quote.,2026-05-17T11:40:00.000+01:00,Keep source record attached; refresh evidence before procurement use.
environmental_interface_thermal_insulation_insulation_panel,insulation_panel,insulation panel,false,lead_time_weeks,8,source_backed,test-fixture://review-evidence-closure/source/insulation_panel,Protocol-only fixture proving source-backed closure. Not a real supplier quote.,2026-05-17T11:40:00.000+01:00,Keep source record attached; refresh evidence before procurement use.
environmental_interface_thermal_insulation_vapour_barrier_film,vapour_barrier_film,vapour barrier film,false,supplier,Protocol Evidence Supplier,source_backed,test-fixture://review-evidence-closure/source/vapour_barrier_film,Protocol-only fixture proving source-backed closure. Not a real supplier quote.,2026-05-17T11:40:00.000+01:00,Keep source record attached; refresh evidence before procurement use.
environmental_interface_thermal_insulation_vapour_barrier_film,vapour_barrier_film,vapour barrier film,false,manufacturer,Protocol Evidence Manufacturer,source_backed,test-fixture://review-evidence-closure/source/vapour_barrier_film,Protocol-only fixture proving source-backed closure. Not a real supplier quote.,2026-05-17T11:40:00.000+01:00,Keep source record attached; refresh evidence before procurement use.
environmental_interface_thermal_insulation_vapour_barrier_film,vapour_barrier_film,vapour barrier film,false,mpn,PROTOCOL-128-vapour_barrier_film,source_backed,test-fixture://review-evidence-closure/source/vapour_barrier_film,Protocol-only fixture proving source-backed closure. Not a real supplier quote.,2026-05-17T11:40:00.000+01:00,Keep source record attached; refresh evidence before procurement use.
environmental_interface_thermal_insulation_vapour_barrier_film,vapour_barrier_film,vapour barrier film,false,unit_cost_gbp,227,source_backed,test-fixture://review-evidence-closure/source/vapour_barrier_film,Protocol-only fixture proving source-backed closure. Not a real supplier quote.,2026-05-17T11:40:00.000+01:00,Keep source record attached; refresh evidence before procurement use.
environmental_interface_thermal_insulation_vapour_barrier_film,vapour_barrier_film,vapour barrier film,false,lead_time_weeks,8,source_backed,test-fixture://review-evidence-closure/source/vapour_barrier_film,Protocol-only fixture proving source-backed closure. Not a real supplier quote.,2026-05-17T11:40:00.000+01:00,Keep source record attached; refresh evidence before procurement use.
environmental_interface_thermal_insulation_thermal_break_strip,thermal_break_strip,thermal break strip,false,supplier,Protocol Evidence Supplier,source_backed,test-fixture://review-evidence-closure/source/thermal_break_strip,Protocol-only fixture proving source-backed closure. Not a real supplier quote.,2026-05-17T11:40:00.000+01:00,Keep source record attached; refresh evidence before procurement use.
environmental_interface_thermal_insulation_thermal_break_strip,thermal_break_strip,thermal break strip,false,manufacturer,Protocol Evidence Manufacturer,source_backed,test-fixture://review-evidence-closure/source/thermal_break_strip,Protocol-only fixture proving source-backed closure. Not a real supplier quote.,2026-05-17T11:40:00.000+01:00,Keep source record attached; refresh evidence before procurement use.
environmental_interface_thermal_insulation_thermal_break_strip,thermal_break_strip,thermal break strip,false,mpn,PROTOCOL-129-thermal_break_strip,source_backed,test-fixture://review-evidence-closure/source/thermal_break_strip,Protocol-only fixture proving source-backed closure. Not a real supplier quote.,2026-05-17T11:40:00.000+01:00,Keep source record attached; refresh evidence before procurement use.
environmental_interface_thermal_insulation_thermal_break_strip,thermal_break_strip,thermal break strip,false,unit_cost_gbp,228,source_backed,test-fixture://review-evidence-closure/source/thermal_break_strip,Protocol-only fixture proving source-backed closure. Not a real supplier quote.,2026-05-17T11:40:00.000+01:00,Keep source record attached; refresh evidence before procurement use.
environmental_interface_thermal_insulation_thermal_break_strip,thermal_break_strip,thermal break strip,false,lead_time_weeks,8,source_backed,test-fixture://review-evidence-closure/source/thermal_break_strip,Protocol-only fixture proving source-backed closure. Not a real supplier quote.,2026-05-17T11:40:00.000+01:00,Keep source record attached; refresh evidence before procurement use.
environmental_interface_thermal_insulation_seal_gasket_set,seal_gasket_set,seal gasket set,false,supplier,Protocol Evidence Supplier,source_backed,test-fixture://review-evidence-closure/source/seal_gasket_set,Protocol-only fixture proving source-backed closure. Not a real supplier quote.,2026-05-17T11:40:00.000+01:00,Keep source record attached; refresh evidence before procurement use.
environmental_interface_thermal_insulation_seal_gasket_set,seal_gasket_set,seal gasket set,false,manufacturer,Protocol Evidence Manufacturer,source_backed,test-fixture://review-evidence-closure/source/seal_gasket_set,Protocol-only fixture proving source-backed closure. Not a real supplier quote.,2026-05-17T11:40:00.000+01:00,Keep source record attached; refresh evidence before procurement use.
environmental_interface_thermal_insulation_seal_gasket_set,seal_gasket_set,seal gasket set,false,mpn,PROTOCOL-130-seal_gasket_set,source_backed,test-fixture://review-evidence-closure/source/seal_gasket_set,Protocol-only fixture proving source-backed closure. Not a real supplier quote.,2026-05-17T11:40:00.000+01:00,Keep source record attached; refresh evidence before procurement use.
environmental_interface_thermal_insulation_seal_gasket_set,seal_gasket_set,seal gasket set,false,unit_cost_gbp,229,source_backed,test-fixture://review-evidence-closure/source/seal_gasket_set,Protocol-only fixture proving source-backed closure. Not a real supplier quote.,2026-05-17T11:40:00.000+01:00,Keep source record attached; refresh evidence before procurement use.
environmental_interface_thermal_insulation_seal_gasket_set,seal_gasket_set,seal gasket set,false,lead_time_weeks,8,source_backed,test-fixture://review-evidence-closure/source/seal_gasket_set,Protocol-only fixture proving source-backed closure. Not a real supplier quote.,2026-05-17T11:40:00.000+01:00,Keep source record attached; refresh evidence before procurement use.
environmental_interface_heat_rejection_coil_dry_cooler_coil,dry_cooler_coil,dry cooler coil,false,supplier,Protocol Evidence Supplier,source_backed,test-fixture://review-evidence-closure/source/dry_cooler_coil,Protocol-only fixture proving source-backed closure. Not a real supplier quote.,2026-05-17T11:40:00.000+01:00,Keep source record attached; refresh evidence before procurement use.
environmental_interface_heat_rejection_coil_dry_cooler_coil,dry_cooler_coil,dry cooler coil,false,manufacturer,Protocol Evidence Manufacturer,source_backed,test-fixture://review-evidence-closure/source/dry_cooler_coil,Protocol-only fixture proving source-backed closure. Not a real supplier quote.,2026-05-17T11:40:00.000+01:00,Keep source record attached; refresh evidence before procurement use.
environmental_interface_heat_rejection_coil_dry_cooler_coil,dry_cooler_coil,dry cooler coil,false,mpn,PROTOCOL-131-dry_cooler_coil,source_backed,test-fixture://review-evidence-closure/source/dry_cooler_coil,Protocol-only fixture proving source-backed closure. Not a real supplier quote.,2026-05-17T11:40:00.000+01:00,Keep source record attached; refresh evidence before procurement use.
environmental_interface_heat_rejection_coil_dry_cooler_coil,dry_cooler_coil,dry cooler coil,false,unit_cost_gbp,230,source_backed,test-fixture://review-evidence-closure/source/dry_cooler_coil,Protocol-only fixture proving source-backed closure. Not a real supplier quote.,2026-05-17T11:40:00.000+01:00,Keep source record attached; refresh evidence before procurement use.
environmental_interface_heat_rejection_coil_dry_cooler_coil,dry_cooler_coil,dry cooler coil,false,lead_time_weeks,8,source_backed,test-fixture://review-evidence-closure/source/dry_cooler_coil,Protocol-only fixture proving source-backed closure. Not a real supplier quote.,2026-05-17T11:40:00.000+01:00,Keep source record attached; refresh evidence before procurement use.
environmental_interface_heat_rejection_coil_ec_condenser_fan,ec_condenser_fan,EC condenser fan,false,supplier,Protocol Evidence Supplier,source_backed,test-fixture://review-evidence-closure/source/ec_condenser_fan,Protocol-only fixture proving source-backed closure. Not a real supplier quote.,2026-05-17T11:40:00.000+01:00,Keep source record attached; refresh evidence before procurement use.
environmental_interface_heat_rejection_coil_ec_condenser_fan,ec_condenser_fan,EC condenser fan,false,manufacturer,Protocol Evidence Manufacturer,source_backed,test-fixture://review-evidence-closure/source/ec_condenser_fan,Protocol-only fixture proving source-backed closure. Not a real supplier quote.,2026-05-17T11:40:00.000+01:00,Keep source record attached; refresh evidence before procurement use.
environmental_interface_heat_rejection_coil_ec_condenser_fan,ec_condenser_fan,EC condenser fan,false,mpn,PROTOCOL-132-ec_condenser_fan,source_backed,test-fixture://review-evidence-closure/source/ec_condenser_fan,Protocol-only fixture proving source-backed closure. Not a real supplier quote.,2026-05-17T11:40:00.000+01:00,Keep source record attached; refresh evidence before procurement use.
environmental_interface_heat_rejection_coil_ec_condenser_fan,ec_condenser_fan,EC condenser fan,false,unit_cost_gbp,231,source_backed,test-fixture://review-evidence-closure/source/ec_condenser_fan,Protocol-only fixture proving source-backed closure. Not a real supplier quote.,2026-05-17T11:40:00.000+01:00,Keep source record attached; refresh evidence before procurement use.
environmental_interface_heat_rejection_coil_ec_condenser_fan,ec_condenser_fan,EC condenser fan,false,lead_time_weeks,8,source_backed,test-fixture://review-evidence-closure/source/ec_condenser_fan,Protocol-only fixture proving source-backed closure. Not a real supplier quote.,2026-05-17T11:40:00.000+01:00,Keep source record attached; refresh evidence before procurement use.
environmental_interface_heat_rejection_coil_fan_contactor,fan_contactor,fan contactor,false,supplier,Protocol Evidence Supplier,source_backed,test-fixture://review-evidence-closure/source/fan_contactor,Protocol-only fixture proving source-backed closure. Not a real supplier quote.,2026-05-17T11:40:00.000+01:00,Keep source record attached; refresh evidence before procurement use.
environmental_interface_heat_rejection_coil_fan_contactor,fan_contactor,fan contactor,false,manufacturer,Protocol Evidence Manufacturer,source_backed,test-fixture://review-evidence-closure/source/fan_contactor,Protocol-only fixture proving source-backed closure. Not a real supplier quote.,2026-05-17T11:40:00.000+01:00,Keep source record attached; refresh evidence before procurement use.
environmental_interface_heat_rejection_coil_fan_contactor,fan_contactor,fan contactor,false,mpn,PROTOCOL-133-fan_contactor,source_backed,test-fixture://review-evidence-closure/source/fan_contactor,Protocol-only fixture proving source-backed closure. Not a real supplier quote.,2026-05-17T11:40:00.000+01:00,Keep source record attached; refresh evidence before procurement use.
environmental_interface_heat_rejection_coil_fan_contactor,fan_contactor,fan contactor,false,unit_cost_gbp,232,source_backed,test-fixture://review-evidence-closure/source/fan_contactor,Protocol-only fixture proving source-backed closure. Not a real supplier quote.,2026-05-17T11:40:00.000+01:00,Keep source record attached; refresh evidence before procurement use.
environmental_interface_heat_rejection_coil_fan_contactor,fan_contactor,fan contactor,false,lead_time_weeks,8,source_backed,test-fixture://review-evidence-closure/source/fan_contactor,Protocol-only fixture proving source-backed closure. Not a real supplier quote.,2026-05-17T11:40:00.000+01:00,Keep source record attached; refresh evidence before procurement use.
environmental_interface_heat_rejection_coil_coil_guard_grille,coil_guard_grille,coil guard grille,false,supplier,Protocol Evidence Supplier,source_backed,test-fixture://review-evidence-closure/source/coil_guard_grille,Protocol-only fixture proving source-backed closure. Not a real supplier quote.,2026-05-17T11:40:00.000+01:00,Keep source record attached; refresh evidence before procurement use.
environmental_interface_heat_rejection_coil_coil_guard_grille,coil_guard_grille,coil guard grille,false,manufacturer,Protocol Evidence Manufacturer,source_backed,test-fixture://review-evidence-closure/source/coil_guard_grille,Protocol-only fixture proving source-backed closure. Not a real supplier quote.,2026-05-17T11:40:00.000+01:00,Keep source record attached; refresh evidence before procurement use.
environmental_interface_heat_rejection_coil_coil_guard_grille,coil_guard_grille,coil guard grille,false,mpn,PROTOCOL-134-coil_guard_grille,source_backed,test-fixture://review-evidence-closure/source/coil_guard_grille,Protocol-only fixture proving source-backed closure. Not a real supplier quote.,2026-05-17T11:40:00.000+01:00,Keep source record attached; refresh evidence before procurement use.
environmental_interface_heat_rejection_coil_coil_guard_grille,coil_guard_grille,coil guard grille,false,unit_cost_gbp,233,source_backed,test-fixture://review-evidence-closure/source/coil_guard_grille,Protocol-only fixture proving source-backed closure. Not a real supplier quote.,2026-05-17T11:40:00.000+01:00,Keep source record attached; refresh evidence before procurement use.
environmental_interface_heat_rejection_coil_coil_guard_grille,coil_guard_grille,coil guard grille,false,lead_time_weeks,8,source_backed,test-fixture://review-evidence-closure/source/coil_guard_grille,Protocol-only fixture proving source-backed closure. Not a real supplier quote.,2026-05-17T11:40:00.000+01:00,Keep source record attached; refresh evidence before procurement use.
environmental_interface_heat_rejection_coil_drain_safe_condensate_pan,drain_safe_condensate_pan,drain-safe condensate pan,false,supplier,Protocol Evidence Supplier,source_backed,test-fixture://review-evidence-closure/source/drain_safe_condensate_pan,Protocol-only fixture proving source-backed closure. Not a real supplier quote.,2026-05-17T11:40:00.000+01:00,Keep source record attached; refresh evidence before procurement use.
environmental_interface_heat_rejection_coil_drain_safe_condensate_pan,drain_safe_condensate_pan,drain-safe condensate pan,false,manufacturer,Protocol Evidence Manufacturer,source_backed,test-fixture://review-evidence-closure/source/drain_safe_condensate_pan,Protocol-only fixture proving source-backed closure. Not a real supplier quote.,2026-05-17T11:40:00.000+01:00,Keep source record attached; refresh evidence before procurement use.
environmental_interface_heat_rejection_coil_drain_safe_condensate_pan,drain_safe_condensate_pan,drain-safe condensate pan,false,mpn,PROTOCOL-135-drain_safe_condensate_pan,source_backed,test-fixture://review-evidence-closure/source/drain_safe_condensate_pan,Protocol-only fixture proving source-backed closure. Not a real supplier quote.,2026-05-17T11:40:00.000+01:00,Keep source record attached; refresh evidence before procurement use.
environmental_interface_heat_rejection_coil_drain_safe_condensate_pan,drain_safe_condensate_pan,drain-safe condensate pan,false,unit_cost_gbp,234,source_backed,test-fixture://review-evidence-closure/source/drain_safe_condensate_pan,Protocol-only fixture proving source-backed closure. Not a real supplier quote.,2026-05-17T11:40:00.000+01:00,Keep source record attached; refresh evidence before procurement use.
environmental_interface_heat_rejection_coil_drain_safe_condensate_pan,drain_safe_condensate_pan,drain-safe condensate pan,false,lead_time_weeks,8,source_backed,test-fixture://review-evidence-closure/source/drain_safe_condensate_pan,Protocol-only fixture proving source-backed closure. Not a real supplier quote.,2026-05-17T11:40:00.000+01:00,Keep source record attached; refresh evidence before procurement use.
power_distribution_dc_busbars_copper_dc_busbar,copper_dc_busbar,copper DC busbar,false,supplier,Protocol Evidence Supplier,source_backed,test-fixture://review-evidence-closure/source/copper_dc_busbar,Protocol-only fixture proving source-backed closure. Not a real supplier quote.,2026-05-17T11:40:00.000+01:00,Keep source record attached; refresh evidence before procurement use.
power_distribution_dc_busbars_copper_dc_busbar,copper_dc_busbar,copper DC busbar,false,manufacturer,Protocol Evidence Manufacturer,source_backed,test-fixture://review-evidence-closure/source/copper_dc_busbar,Protocol-only fixture proving source-backed closure. Not a real supplier quote.,2026-05-17T11:40:00.000+01:00,Keep source record attached; refresh evidence before procurement use.
power_distribution_dc_busbars_copper_dc_busbar,copper_dc_busbar,copper DC busbar,false,mpn,PROTOCOL-136-copper_dc_busbar,source_backed,test-fixture://review-evidence-closure/source/copper_dc_busbar,Protocol-only fixture proving source-backed closure. Not a real supplier quote.,2026-05-17T11:40:00.000+01:00,Keep source record attached; refresh evidence before procurement use.
power_distribution_dc_busbars_copper_dc_busbar,copper_dc_busbar,copper DC busbar,false,unit_cost_gbp,235,source_backed,test-fixture://review-evidence-closure/source/copper_dc_busbar,Protocol-only fixture proving source-backed closure. Not a real supplier quote.,2026-05-17T11:40:00.000+01:00,Keep source record attached; refresh evidence before procurement use.
power_distribution_dc_busbars_copper_dc_busbar,copper_dc_busbar,copper DC busbar,false,lead_time_weeks,8,source_backed,test-fixture://review-evidence-closure/source/copper_dc_busbar,Protocol-only fixture proving source-backed closure. Not a real supplier quote.,2026-05-17T11:40:00.000+01:00,Keep source record attached; refresh evidence before procurement use.
power_distribution_dc_busbars_busbar_support_insulator,busbar_support_insulator,busbar support insulator,false,supplier,Protocol Evidence Supplier,source_backed,test-fixture://review-evidence-closure/source/busbar_support_insulator,Protocol-only fixture proving source-backed closure. Not a real supplier quote.,2026-05-17T11:40:00.000+01:00,Keep source record attached; refresh evidence before procurement use.
power_distribution_dc_busbars_busbar_support_insulator,busbar_support_insulator,busbar support insulator,false,manufacturer,Protocol Evidence Manufacturer,source_backed,test-fixture://review-evidence-closure/source/busbar_support_insulator,Protocol-only fixture proving source-backed closure. Not a real supplier quote.,2026-05-17T11:40:00.000+01:00,Keep source record attached; refresh evidence before procurement use.
power_distribution_dc_busbars_busbar_support_insulator,busbar_support_insulator,busbar support insulator,false,mpn,PROTOCOL-137-busbar_support_insulator,source_backed,test-fixture://review-evidence-closure/source/busbar_support_insulator,Protocol-only fixture proving source-backed closure. Not a real supplier quote.,2026-05-17T11:40:00.000+01:00,Keep source record attached; refresh evidence before procurement use.
power_distribution_dc_busbars_busbar_support_insulator,busbar_support_insulator,busbar support insulator,false,unit_cost_gbp,236,source_backed,test-fixture://review-evidence-closure/source/busbar_support_insulator,Protocol-only fixture proving source-backed closure. Not a real supplier quote.,2026-05-17T11:40:00.000+01:00,Keep source record attached; refresh evidence before procurement use.
power_distribution_dc_busbars_busbar_support_insulator,busbar_support_insulator,busbar support insulator,false,lead_time_weeks,8,source_backed,test-fixture://review-evidence-closure/source/busbar_support_insulator,Protocol-only fixture proving source-backed closure. Not a real supplier quote.,2026-05-17T11:40:00.000+01:00,Keep source record attached; refresh evidence before procurement use.
power_distribution_dc_busbars_busbar_shroud,busbar_shroud,busbar shroud,false,supplier,Protocol Evidence Supplier,source_backed,test-fixture://review-evidence-closure/source/busbar_shroud,Protocol-only fixture proving source-backed closure. Not a real supplier quote.,2026-05-17T11:40:00.000+01:00,Keep source record attached; refresh evidence before procurement use.
power_distribution_dc_busbars_busbar_shroud,busbar_shroud,busbar shroud,false,manufacturer,Protocol Evidence Manufacturer,source_backed,test-fixture://review-evidence-closure/source/busbar_shroud,Protocol-only fixture proving source-backed closure. Not a real supplier quote.,2026-05-17T11:40:00.000+01:00,Keep source record attached; refresh evidence before procurement use.
power_distribution_dc_busbars_busbar_shroud,busbar_shroud,busbar shroud,false,mpn,PROTOCOL-138-busbar_shroud,source_backed,test-fixture://review-evidence-closure/source/busbar_shroud,Protocol-only fixture proving source-backed closure. Not a real supplier quote.,2026-05-17T11:40:00.000+01:00,Keep source record attached; refresh evidence before procurement use.
power_distribution_dc_busbars_busbar_shroud,busbar_shroud,busbar shroud,false,unit_cost_gbp,237,source_backed,test-fixture://review-evidence-closure/source/busbar_shroud,Protocol-only fixture proving source-backed closure. Not a real supplier quote.,2026-05-17T11:40:00.000+01:00,Keep source record attached; refresh evidence before procurement use.
power_distribution_dc_busbars_busbar_shroud,busbar_shroud,busbar shroud,false,lead_time_weeks,8,source_backed,test-fixture://review-evidence-closure/source/busbar_shroud,Protocol-only fixture proving source-backed closure. Not a real supplier quote.,2026-05-17T11:40:00.000+01:00,Keep source record attached; refresh evidence before procurement use.
power_distribution_dc_busbars_torque_witness_marker,torque_witness_marker,torque witness marker,false,supplier,Protocol Evidence Supplier,source_backed,test-fixture://review-evidence-closure/source/torque_witness_marker,Protocol-only fixture proving source-backed closure. Not a real supplier quote.,2026-05-17T11:40:00.000+01:00,Keep source record attached; refresh evidence before procurement use.
power_distribution_dc_busbars_torque_witness_marker,torque_witness_marker,torque witness marker,false,manufacturer,Protocol Evidence Manufacturer,source_backed,test-fixture://review-evidence-closure/source/torque_witness_marker,Protocol-only fixture proving source-backed closure. Not a real supplier quote.,2026-05-17T11:40:00.000+01:00,Keep source record attached; refresh evidence before procurement use.
power_distribution_dc_busbars_torque_witness_marker,torque_witness_marker,torque witness marker,false,mpn,PROTOCOL-139-torque_witness_marker,source_backed,test-fixture://review-evidence-closure/source/torque_witness_marker,Protocol-only fixture proving source-backed closure. Not a real supplier quote.,2026-05-17T11:40:00.000+01:00,Keep source record attached; refresh evidence before procurement use.
power_distribution_dc_busbars_torque_witness_marker,torque_witness_marker,torque witness marker,false,unit_cost_gbp,238,source_backed,test-fixture://review-evidence-closure/source/torque_witness_marker,Protocol-only fixture proving source-backed closure. Not a real supplier quote.,2026-05-17T11:40:00.000+01:00,Keep source record attached; refresh evidence before procurement use.
power_distribution_dc_busbars_torque_witness_marker,torque_witness_marker,torque witness marker,false,lead_time_weeks,8,source_backed,test-fixture://review-evidence-closure/source/torque_witness_marker,Protocol-only fixture proving source-backed closure. Not a real supplier quote.,2026-05-17T11:40:00.000+01:00,Keep source record attached; refresh evidence before procurement use.
power_distribution_ac_switchgear_moulded_case_circuit_breaker,moulded_case_circuit_breaker,moulded-case circuit breaker,false,supplier,Protocol Evidence Supplier,source_backed,test-fixture://review-evidence-closure/source/moulded_case_circuit_breaker,Protocol-only fixture proving source-backed closure. Not a real supplier quote.,2026-05-17T11:40:00.000+01:00,Keep source record attached; refresh evidence before procurement use.
power_distribution_ac_switchgear_moulded_case_circuit_breaker,moulded_case_circuit_breaker,moulded-case circuit breaker,false,manufacturer,Protocol Evidence Manufacturer,source_backed,test-fixture://review-evidence-closure/source/moulded_case_circuit_breaker,Protocol-only fixture proving source-backed closure. Not a real supplier quote.,2026-05-17T11:40:00.000+01:00,Keep source record attached; refresh evidence before procurement use.
power_distribution_ac_switchgear_moulded_case_circuit_breaker,moulded_case_circuit_breaker,moulded-case circuit breaker,false,mpn,PROTOCOL-140-moulded_case_circuit_breaker,source_backed,test-fixture://review-evidence-closure/source/moulded_case_circuit_breaker,Protocol-only fixture proving source-backed closure. Not a real supplier quote.,2026-05-17T11:40:00.000+01:00,Keep source record attached; refresh evidence before procurement use.
power_distribution_ac_switchgear_moulded_case_circuit_breaker,moulded_case_circuit_breaker,moulded-case circuit breaker,false,unit_cost_gbp,239,source_backed,test-fixture://review-evidence-closure/source/moulded_case_circuit_breaker,Protocol-only fixture proving source-backed closure. Not a real supplier quote.,2026-05-17T11:40:00.000+01:00,Keep source record attached; refresh evidence before procurement use.
power_distribution_ac_switchgear_moulded_case_circuit_breaker,moulded_case_circuit_breaker,moulded-case circuit breaker,false,lead_time_weeks,8,source_backed,test-fixture://review-evidence-closure/source/moulded_case_circuit_breaker,Protocol-only fixture proving source-backed closure. Not a real supplier quote.,2026-05-17T11:40:00.000+01:00,Keep source record attached; refresh evidence before procurement use.
power_distribution_ac_switchgear_ac_contactor,ac_contactor,AC contactor,false,supplier,Protocol Evidence Supplier,source_backed,test-fixture://review-evidence-closure/source/ac_contactor,Protocol-only fixture proving source-backed closure. Not a real supplier quote.,2026-05-17T11:40:00.000+01:00,Keep source record attached; refresh evidence before procurement use.
power_distribution_ac_switchgear_ac_contactor,ac_contactor,AC contactor,false,manufacturer,Protocol Evidence Manufacturer,source_backed,test-fixture://review-evidence-closure/source/ac_contactor,Protocol-only fixture proving source-backed closure. Not a real supplier quote.,2026-05-17T11:40:00.000+01:00,Keep source record attached; refresh evidence before procurement use.
power_distribution_ac_switchgear_ac_contactor,ac_contactor,AC contactor,false,mpn,PROTOCOL-141-ac_contactor,source_backed,test-fixture://review-evidence-closure/source/ac_contactor,Protocol-only fixture proving source-backed closure. Not a real supplier quote.,2026-05-17T11:40:00.000+01:00,Keep source record attached; refresh evidence before procurement use.
power_distribution_ac_switchgear_ac_contactor,ac_contactor,AC contactor,false,unit_cost_gbp,240,source_backed,test-fixture://review-evidence-closure/source/ac_contactor,Protocol-only fixture proving source-backed closure. Not a real supplier quote.,2026-05-17T11:40:00.000+01:00,Keep source record attached; refresh evidence before procurement use.
power_distribution_ac_switchgear_ac_contactor,ac_contactor,AC contactor,false,lead_time_weeks,8,source_backed,test-fixture://review-evidence-closure/source/ac_contactor,Protocol-only fixture proving source-backed closure. Not a real supplier quote.,2026-05-17T11:40:00.000+01:00,Keep source record attached; refresh evidence before procurement use.
power_distribution_ac_switchgear_metering_ct_set,metering_ct_set,metering CT set,false,supplier,Protocol Evidence Supplier,source_backed,test-fixture://review-evidence-closure/source/metering_ct_set,Protocol-only fixture proving source-backed closure. Not a real supplier quote.,2026-05-17T11:40:00.000+01:00,Keep source record attached; refresh evidence before procurement use.
power_distribution_ac_switchgear_metering_ct_set,metering_ct_set,metering CT set,false,manufacturer,Protocol Evidence Manufacturer,source_backed,test-fixture://review-evidence-closure/source/metering_ct_set,Protocol-only fixture proving source-backed closure. Not a real supplier quote.,2026-05-17T11:40:00.000+01:00,Keep source record attached; refresh evidence before procurement use.
power_distribution_ac_switchgear_metering_ct_set,metering_ct_set,metering CT set,false,mpn,PROTOCOL-142-metering_ct_set,source_backed,test-fixture://review-evidence-closure/source/metering_ct_set,Protocol-only fixture proving source-backed closure. Not a real supplier quote.,2026-05-17T11:40:00.000+01:00,Keep source record attached; refresh evidence before procurement use.
power_distribution_ac_switchgear_metering_ct_set,metering_ct_set,metering CT set,false,unit_cost_gbp,241,source_backed,test-fixture://review-evidence-closure/source/metering_ct_set,Protocol-only fixture proving source-backed closure. Not a real supplier quote.,2026-05-17T11:40:00.000+01:00,Keep source record attached; refresh evidence before procurement use.
power_distribution_ac_switchgear_metering_ct_set,metering_ct_set,metering CT set,false,lead_time_weeks,8,source_backed,test-fixture://review-evidence-closure/source/metering_ct_set,Protocol-only fixture proving source-backed closure. Not a real supplier quote.,2026-05-17T11:40:00.000+01:00,Keep source record attached; refresh evidence before procurement use.
power_distribution_ac_switchgear_terminal_block_assembly,terminal_block_assembly,terminal block assembly,false,supplier,Protocol Evidence Supplier,source_backed,test-fixture://review-evidence-closure/source/terminal_block_assembly,Protocol-only fixture proving source-backed closure. Not a real supplier quote.,2026-05-17T11:40:00.000+01:00,Keep source record attached; refresh evidence before procurement use.
power_distribution_ac_switchgear_terminal_block_assembly,terminal_block_assembly,terminal block assembly,false,manufacturer,Protocol Evidence Manufacturer,source_backed,test-fixture://review-evidence-closure/source/terminal_block_assembly,Protocol-only fixture proving source-backed closure. Not a real supplier quote.,2026-05-17T11:40:00.000+01:00,Keep source record attached; refresh evidence before procurement use.
power_distribution_ac_switchgear_terminal_block_assembly,terminal_block_assembly,terminal block assembly,false,mpn,PROTOCOL-143-terminal_block_assembly,source_backed,test-fixture://review-evidence-closure/source/terminal_block_assembly,Protocol-only fixture proving source-backed closure. Not a real supplier quote.,2026-05-17T11:40:00.000+01:00,Keep source record attached; refresh evidence before procurement use.
power_distribution_ac_switchgear_terminal_block_assembly,terminal_block_assembly,terminal block assembly,false,unit_cost_gbp,242,source_backed,test-fixture://review-evidence-closure/source/terminal_block_assembly,Protocol-only fixture proving source-backed closure. Not a real supplier quote.,2026-05-17T11:40:00.000+01:00,Keep source record attached; refresh evidence before procurement use.
power_distribution_ac_switchgear_terminal_block_assembly,terminal_block_assembly,terminal block assembly,false,lead_time_weeks,8,source_backed,test-fixture://review-evidence-closure/source/terminal_block_assembly,Protocol-only fixture proving source-backed closure. Not a real supplier quote.,2026-05-17T11:40:00.000+01:00,Keep source record attached; refresh evidence before procurement use.
power_distribution_auxiliary_power_auxiliary_transformer,auxiliary_transformer,auxiliary transformer,false,supplier,Protocol Evidence Supplier,source_backed,test-fixture://review-evidence-closure/source/auxiliary_transformer,Protocol-only fixture proving source-backed closure. Not a real supplier quote.,2026-05-17T11:40:00.000+01:00,Keep source record attached; refresh evidence before procurement use.
power_distribution_auxiliary_power_auxiliary_transformer,auxiliary_transformer,auxiliary transformer,false,manufacturer,Protocol Evidence Manufacturer,source_backed,test-fixture://review-evidence-closure/source/auxiliary_transformer,Protocol-only fixture proving source-backed closure. Not a real supplier quote.,2026-05-17T11:40:00.000+01:00,Keep source record attached; refresh evidence before procurement use.
power_distribution_auxiliary_power_auxiliary_transformer,auxiliary_transformer,auxiliary transformer,false,mpn,PROTOCOL-144-auxiliary_transformer,source_backed,test-fixture://review-evidence-closure/source/auxiliary_transformer,Protocol-only fixture proving source-backed closure. Not a real supplier quote.,2026-05-17T11:40:00.000+01:00,Keep source record attached; refresh evidence before procurement use.
power_distribution_auxiliary_power_auxiliary_transformer,auxiliary_transformer,auxiliary transformer,false,unit_cost_gbp,243,source_backed,test-fixture://review-evidence-closure/source/auxiliary_transformer,Protocol-only fixture proving source-backed closure. Not a real supplier quote.,2026-05-17T11:40:00.000+01:00,Keep source record attached; refresh evidence before procurement use.
power_distribution_auxiliary_power_auxiliary_transformer,auxiliary_transformer,auxiliary transformer,false,lead_time_weeks,8,source_backed,test-fixture://review-evidence-closure/source/auxiliary_transformer,Protocol-only fixture proving source-backed closure. Not a real supplier quote.,2026-05-17T11:40:00.000+01:00,Keep source record attached; refresh evidence before procurement use.
power_distribution_auxiliary_power_24_v_dc_power_supply,24_v_dc_power_supply,24 V DC power supply,false,supplier,Protocol Evidence Supplier,source_backed,test-fixture://review-evidence-closure/source/24_v_dc_power_supply,Protocol-only fixture proving source-backed closure. Not a real supplier quote.,2026-05-17T11:40:00.000+01:00,Keep source record attached; refresh evidence before procurement use.
power_distribution_auxiliary_power_24_v_dc_power_supply,24_v_dc_power_supply,24 V DC power supply,false,manufacturer,Protocol Evidence Manufacturer,source_backed,test-fixture://review-evidence-closure/source/24_v_dc_power_supply,Protocol-only fixture proving source-backed closure. Not a real supplier quote.,2026-05-17T11:40:00.000+01:00,Keep source record attached; refresh evidence before procurement use.
power_distribution_auxiliary_power_24_v_dc_power_supply,24_v_dc_power_supply,24 V DC power supply,false,mpn,PROTOCOL-145-24_v_dc_power_supply,source_backed,test-fixture://review-evidence-closure/source/24_v_dc_power_supply,Protocol-only fixture proving source-backed closure. Not a real supplier quote.,2026-05-17T11:40:00.000+01:00,Keep source record attached; refresh evidence before procurement use.
power_distribution_auxiliary_power_24_v_dc_power_supply,24_v_dc_power_supply,24 V DC power supply,false,unit_cost_gbp,244,source_backed,test-fixture://review-evidence-closure/source/24_v_dc_power_supply,Protocol-only fixture proving source-backed closure. Not a real supplier quote.,2026-05-17T11:40:00.000+01:00,Keep source record attached; refresh evidence before procurement use.
power_distribution_auxiliary_power_24_v_dc_power_supply,24_v_dc_power_supply,24 V DC power supply,false,lead_time_weeks,8,source_backed,test-fixture://review-evidence-closure/source/24_v_dc_power_supply,Protocol-only fixture proving source-backed closure. Not a real supplier quote.,2026-05-17T11:40:00.000+01:00,Keep source record attached; refresh evidence before procurement use.
power_distribution_auxiliary_power_miniature_circuit_breaker_bank,miniature_circuit_breaker_bank,miniature circuit breaker bank,false,supplier,Protocol Evidence Supplier,source_backed,test-fixture://review-evidence-closure/source/miniature_circuit_breaker_bank,Protocol-only fixture proving source-backed closure. Not a real supplier quote.,2026-05-17T11:40:00.000+01:00,Keep source record attached; refresh evidence before procurement use.
power_distribution_auxiliary_power_miniature_circuit_breaker_bank,miniature_circuit_breaker_bank,miniature circuit breaker bank,false,manufacturer,Protocol Evidence Manufacturer,source_backed,test-fixture://review-evidence-closure/source/miniature_circuit_breaker_bank,Protocol-only fixture proving source-backed closure. Not a real supplier quote.,2026-05-17T11:40:00.000+01:00,Keep source record attached; refresh evidence before procurement use.
power_distribution_auxiliary_power_miniature_circuit_breaker_bank,miniature_circuit_breaker_bank,miniature circuit breaker bank,false,mpn,PROTOCOL-146-miniature_circuit_breaker_bank,source_backed,test-fixture://review-evidence-closure/source/miniature_circuit_breaker_bank,Protocol-only fixture proving source-backed closure. Not a real supplier quote.,2026-05-17T11:40:00.000+01:00,Keep source record attached; refresh evidence before procurement use.
power_distribution_auxiliary_power_miniature_circuit_breaker_bank,miniature_circuit_breaker_bank,miniature circuit breaker bank,false,unit_cost_gbp,245,source_backed,test-fixture://review-evidence-closure/source/miniature_circuit_breaker_bank,Protocol-only fixture proving source-backed closure. Not a real supplier quote.,2026-05-17T11:40:00.000+01:00,Keep source record attached; refresh evidence before procurement use.
power_distribution_auxiliary_power_miniature_circuit_breaker_bank,miniature_circuit_breaker_bank,miniature circuit breaker bank,false,lead_time_weeks,8,source_backed,test-fixture://review-evidence-closure/source/miniature_circuit_breaker_bank,Protocol-only fixture proving source-backed closure. Not a real supplier quote.,2026-05-17T11:40:00.000+01:00,Keep source record attached; refresh evidence before procurement use.
power_distribution_auxiliary_power_ups_module,ups_module,UPS module,false,supplier,Protocol Evidence Supplier,source_backed,test-fixture://review-evidence-closure/source/ups_module,Protocol-only fixture proving source-backed closure. Not a real supplier quote.,2026-05-17T11:40:00.000+01:00,Keep source record attached; refresh evidence before procurement use.
power_distribution_auxiliary_power_ups_module,ups_module,UPS module,false,manufacturer,Protocol Evidence Manufacturer,source_backed,test-fixture://review-evidence-closure/source/ups_module,Protocol-only fixture proving source-backed closure. Not a real supplier quote.,2026-05-17T11:40:00.000+01:00,Keep source record attached; refresh evidence before procurement use.
power_distribution_auxiliary_power_ups_module,ups_module,UPS module,false,mpn,PROTOCOL-147-ups_module,source_backed,test-fixture://review-evidence-closure/source/ups_module,Protocol-only fixture proving source-backed closure. Not a real supplier quote.,2026-05-17T11:40:00.000+01:00,Keep source record attached; refresh evidence before procurement use.
power_distribution_auxiliary_power_ups_module,ups_module,UPS module,false,unit_cost_gbp,246,source_backed,test-fixture://review-evidence-closure/source/ups_module,Protocol-only fixture proving source-backed closure. Not a real supplier quote.,2026-05-17T11:40:00.000+01:00,Keep source record attached; refresh evidence before procurement use.
power_distribution_auxiliary_power_ups_module,ups_module,UPS module,false,lead_time_weeks,8,source_backed,test-fixture://review-evidence-closure/source/ups_module,Protocol-only fixture proving source-backed closure. Not a real supplier quote.,2026-05-17T11:40:00.000+01:00,Keep source record attached; refresh evidence before procurement use.
power_distribution_earthing_lightning_main_earth_bar,main_earth_bar,main earth bar,false,supplier,Protocol Evidence Supplier,source_backed,test-fixture://review-evidence-closure/source/main_earth_bar,Protocol-only fixture proving source-backed closure. Not a real supplier quote.,2026-05-17T11:40:00.000+01:00,Keep source record attached; refresh evidence before procurement use.
power_distribution_earthing_lightning_main_earth_bar,main_earth_bar,main earth bar,false,manufacturer,Protocol Evidence Manufacturer,source_backed,test-fixture://review-evidence-closure/source/main_earth_bar,Protocol-only fixture proving source-backed closure. Not a real supplier quote.,2026-05-17T11:40:00.000+01:00,Keep source record attached; refresh evidence before procurement use.
power_distribution_earthing_lightning_main_earth_bar,main_earth_bar,main earth bar,false,mpn,PROTOCOL-148-main_earth_bar,source_backed,test-fixture://review-evidence-closure/source/main_earth_bar,Protocol-only fixture proving source-backed closure. Not a real supplier quote.,2026-05-17T11:40:00.000+01:00,Keep source record attached; refresh evidence before procurement use.
power_distribution_earthing_lightning_main_earth_bar,main_earth_bar,main earth bar,false,unit_cost_gbp,247,source_backed,test-fixture://review-evidence-closure/source/main_earth_bar,Protocol-only fixture proving source-backed closure. Not a real supplier quote.,2026-05-17T11:40:00.000+01:00,Keep source record attached; refresh evidence before procurement use.
power_distribution_earthing_lightning_main_earth_bar,main_earth_bar,main earth bar,false,lead_time_weeks,8,source_backed,test-fixture://review-evidence-closure/source/main_earth_bar,Protocol-only fixture proving source-backed closure. Not a real supplier quote.,2026-05-17T11:40:00.000+01:00,Keep source record attached; refresh evidence before procurement use.
power_distribution_earthing_lightning_earth_stud_array,earth_stud_array,earth stud array,false,supplier,Protocol Evidence Supplier,source_backed,test-fixture://review-evidence-closure/source/earth_stud_array,Protocol-only fixture proving source-backed closure. Not a real supplier quote.,2026-05-17T11:40:00.000+01:00,Keep source record attached; refresh evidence before procurement use.
power_distribution_earthing_lightning_earth_stud_array,earth_stud_array,earth stud array,false,manufacturer,Protocol Evidence Manufacturer,source_backed,test-fixture://review-evidence-closure/source/earth_stud_array,Protocol-only fixture proving source-backed closure. Not a real supplier quote.,2026-05-17T11:40:00.000+01:00,Keep source record attached; refresh evidence before procurement use.
power_distribution_earthing_lightning_earth_stud_array,earth_stud_array,earth stud array,false,mpn,PROTOCOL-149-earth_stud_array,source_backed,test-fixture://review-evidence-closure/source/earth_stud_array,Protocol-only fixture proving source-backed closure. Not a real supplier quote.,2026-05-17T11:40:00.000+01:00,Keep source record attached; refresh evidence before procurement use.
power_distribution_earthing_lightning_earth_stud_array,earth_stud_array,earth stud array,false,unit_cost_gbp,248,source_backed,test-fixture://review-evidence-closure/source/earth_stud_array,Protocol-only fixture proving source-backed closure. Not a real supplier quote.,2026-05-17T11:40:00.000+01:00,Keep source record attached; refresh evidence before procurement use.
power_distribution_earthing_lightning_earth_stud_array,earth_stud_array,earth stud array,false,lead_time_weeks,8,source_backed,test-fixture://review-evidence-closure/source/earth_stud_array,Protocol-only fixture proving source-backed closure. Not a real supplier quote.,2026-05-17T11:40:00.000+01:00,Keep source record attached; refresh evidence before procurement use.
power_distribution_earthing_lightning_lightning_surge_counter,lightning_surge_counter,lightning surge counter,false,supplier,Protocol Evidence Supplier,source_backed,test-fixture://review-evidence-closure/source/lightning_surge_counter,Protocol-only fixture proving source-backed closure. Not a real supplier quote.,2026-05-17T11:40:00.000+01:00,Keep source record attached; refresh evidence before procurement use.
power_distribution_earthing_lightning_lightning_surge_counter,lightning_surge_counter,lightning surge counter,false,manufacturer,Protocol Evidence Manufacturer,source_backed,test-fixture://review-evidence-closure/source/lightning_surge_counter,Protocol-only fixture proving source-backed closure. Not a real supplier quote.,2026-05-17T11:40:00.000+01:00,Keep source record attached; refresh evidence before procurement use.
power_distribution_earthing_lightning_lightning_surge_counter,lightning_surge_counter,lightning surge counter,false,mpn,PROTOCOL-150-lightning_surge_counter,source_backed,test-fixture://review-evidence-closure/source/lightning_surge_counter,Protocol-only fixture proving source-backed closure. Not a real supplier quote.,2026-05-17T11:40:00.000+01:00,Keep source record attached; refresh evidence before procurement use.
power_distribution_earthing_lightning_lightning_surge_counter,lightning_surge_counter,lightning surge counter,false,unit_cost_gbp,249,source_backed,test-fixture://review-evidence-closure/source/lightning_surge_counter,Protocol-only fixture proving source-backed closure. Not a real supplier quote.,2026-05-17T11:40:00.000+01:00,Keep source record attached; refresh evidence before procurement use.
power_distribution_earthing_lightning_lightning_surge_counter,lightning_surge_counter,lightning surge counter,false,lead_time_weeks,8,source_backed,test-fixture://review-evidence-closure/source/lightning_surge_counter,Protocol-only fixture proving source-backed closure. Not a real supplier quote.,2026-05-17T11:40:00.000+01:00,Keep source record attached; refresh evidence before procurement use.
power_distribution_earthing_lightning_equipotential_bonding_strap,equipotential_bonding_strap,equipotential bonding strap,false,supplier,Protocol Evidence Supplier,source_backed,test-fixture://review-evidence-closure/source/equipotential_bonding_strap,Protocol-only fixture proving source-backed closure. Not a real supplier quote.,2026-05-17T11:40:00.000+01:00,Keep source record attached; refresh evidence before procurement use.
power_distribution_earthing_lightning_equipotential_bonding_strap,equipotential_bonding_strap,equipotential bonding strap,false,manufacturer,Protocol Evidence Manufacturer,source_backed,test-fixture://review-evidence-closure/source/equipotential_bonding_strap,Protocol-only fixture proving source-backed closure. Not a real supplier quote.,2026-05-17T11:40:00.000+01:00,Keep source record attached; refresh evidence before procurement use.
power_distribution_earthing_lightning_equipotential_bonding_strap,equipotential_bonding_strap,equipotential bonding strap,false,mpn,PROTOCOL-151-equipotential_bonding_strap,source_backed,test-fixture://review-evidence-closure/source/equipotential_bonding_strap,Protocol-only fixture proving source-backed closure. Not a real supplier quote.,2026-05-17T11:40:00.000+01:00,Keep source record attached; refresh evidence before procurement use.
power_distribution_earthing_lightning_equipotential_bonding_strap,equipotential_bonding_strap,equipotential bonding strap,false,unit_cost_gbp,250,source_backed,test-fixture://review-evidence-closure/source/equipotential_bonding_strap,Protocol-only fixture proving source-backed closure. Not a real supplier quote.,2026-05-17T11:40:00.000+01:00,Keep source record attached; refresh evidence before procurement use.
power_distribution_earthing_lightning_equipotential_bonding_strap,equipotential_bonding_strap,equipotential bonding strap,false,lead_time_weeks,8,source_backed,test-fixture://review-evidence-closure/source/equipotential_bonding_strap,Protocol-only fixture proving source-backed closure. Not a real supplier quote.,2026-05-17T11:40:00.000+01:00,Keep source record attached; refresh evidence before procurement use.
power_distribution_earthing_lightning_earth_continuity_test_point,earth_continuity_test_point,earth continuity test point,false,supplier,Protocol Evidence Supplier,source_backed,test-fixture://review-evidence-closure/source/earth_continuity_test_point,Protocol-only fixture proving source-backed closure. Not a real supplier quote.,2026-05-17T11:40:00.000+01:00,Keep source record attached; refresh evidence before procurement use.
power_distribution_earthing_lightning_earth_continuity_test_point,earth_continuity_test_point,earth continuity test point,false,manufacturer,Protocol Evidence Manufacturer,source_backed,test-fixture://review-evidence-closure/source/earth_continuity_test_point,Protocol-only fixture proving source-backed closure. Not a real supplier quote.,2026-05-17T11:40:00.000+01:00,Keep source record attached; refresh evidence before procurement use.
power_distribution_earthing_lightning_earth_continuity_test_point,earth_continuity_test_point,earth continuity test point,false,mpn,PROTOCOL-152-earth_continuity_test_point,source_backed,test-fixture://review-evidence-closure/source/earth_continuity_test_point,Protocol-only fixture proving source-backed closure. Not a real supplier quote.,2026-05-17T11:40:00.000+01:00,Keep source record attached; refresh evidence before procurement use.
power_distribution_earthing_lightning_earth_continuity_test_point,earth_continuity_test_point,earth continuity test point,false,unit_cost_gbp,251,source_backed,test-fixture://review-evidence-closure/source/earth_continuity_test_point,Protocol-only fixture proving source-backed closure. Not a real supplier quote.,2026-05-17T11:40:00.000+01:00,Keep source record attached; refresh evidence before procurement use.
power_distribution_earthing_lightning_earth_continuity_test_point,earth_continuity_test_point,earth continuity test point,false,lead_time_weeks,8,source_backed,test-fixture://review-evidence-closure/source/earth_continuity_test_point,Protocol-only fixture proving source-backed closure. Not a real supplier quote.,2026-05-17T11:40:00.000+01:00,Keep source record attached; refresh evidence before procurement use.
maintenance_serviceability_access_doors_lockable_access_door,lockable_access_door,lockable access door,false,supplier,Protocol Evidence Supplier,source_backed,test-fixture://review-evidence-closure/source/lockable_access_door,Protocol-only fixture proving source-backed closure. Not a real supplier quote.,2026-05-17T11:40:00.000+01:00,Keep source record attached; refresh evidence before procurement use.
maintenance_serviceability_access_doors_lockable_access_door,lockable_access_door,lockable access door,false,manufacturer,Protocol Evidence Manufacturer,source_backed,test-fixture://review-evidence-closure/source/lockable_access_door,Protocol-only fixture proving source-backed closure. Not a real supplier quote.,2026-05-17T11:40:00.000+01:00,Keep source record attached; refresh evidence before procurement use.
maintenance_serviceability_access_doors_lockable_access_door,lockable_access_door,lockable access door,false,mpn,PROTOCOL-153-lockable_access_door,source_backed,test-fixture://review-evidence-closure/source/lockable_access_door,Protocol-only fixture proving source-backed closure. Not a real supplier quote.,2026-05-17T11:40:00.000+01:00,Keep source record attached; refresh evidence before procurement use.
maintenance_serviceability_access_doors_lockable_access_door,lockable_access_door,lockable access door,false,unit_cost_gbp,252,source_backed,test-fixture://review-evidence-closure/source/lockable_access_door,Protocol-only fixture proving source-backed closure. Not a real supplier quote.,2026-05-17T11:40:00.000+01:00,Keep source record attached; refresh evidence before procurement use.
maintenance_serviceability_access_doors_lockable_access_door,lockable_access_door,lockable access door,false,lead_time_weeks,8,source_backed,test-fixture://review-evidence-closure/source/lockable_access_door,Protocol-only fixture proving source-backed closure. Not a real supplier quote.,2026-05-17T11:40:00.000+01:00,Keep source record attached; refresh evidence before procurement use.
maintenance_serviceability_access_doors_door_seal_gasket,door_seal_gasket,door seal gasket,false,supplier,Protocol Evidence Supplier,source_backed,test-fixture://review-evidence-closure/source/door_seal_gasket,Protocol-only fixture proving source-backed closure. Not a real supplier quote.,2026-05-17T11:40:00.000+01:00,Keep source record attached; refresh evidence before procurement use.
maintenance_serviceability_access_doors_door_seal_gasket,door_seal_gasket,door seal gasket,false,manufacturer,Protocol Evidence Manufacturer,source_backed,test-fixture://review-evidence-closure/source/door_seal_gasket,Protocol-only fixture proving source-backed closure. Not a real supplier quote.,2026-05-17T11:40:00.000+01:00,Keep source record attached; refresh evidence before procurement use.
maintenance_serviceability_access_doors_door_seal_gasket,door_seal_gasket,door seal gasket,false,mpn,PROTOCOL-154-door_seal_gasket,source_backed,test-fixture://review-evidence-closure/source/door_seal_gasket,Protocol-only fixture proving source-backed closure. Not a real supplier quote.,2026-05-17T11:40:00.000+01:00,Keep source record attached; refresh evidence before procurement use.
maintenance_serviceability_access_doors_door_seal_gasket,door_seal_gasket,door seal gasket,false,unit_cost_gbp,253,source_backed,test-fixture://review-evidence-closure/source/door_seal_gasket,Protocol-only fixture proving source-backed closure. Not a real supplier quote.,2026-05-17T11:40:00.000+01:00,Keep source record attached; refresh evidence before procurement use.
maintenance_serviceability_access_doors_door_seal_gasket,door_seal_gasket,door seal gasket,false,lead_time_weeks,8,source_backed,test-fixture://review-evidence-closure/source/door_seal_gasket,Protocol-only fixture proving source-backed closure. Not a real supplier quote.,2026-05-17T11:40:00.000+01:00,Keep source record attached; refresh evidence before procurement use.
maintenance_serviceability_access_doors_panic_release_latch,panic_release_latch,panic release latch,false,supplier,Protocol Evidence Supplier,source_backed,test-fixture://review-evidence-closure/source/panic_release_latch,Protocol-only fixture proving source-backed closure. Not a real supplier quote.,2026-05-17T11:40:00.000+01:00,Keep source record attached; refresh evidence before procurement use.
maintenance_serviceability_access_doors_panic_release_latch,panic_release_latch,panic release latch,false,manufacturer,Protocol Evidence Manufacturer,source_backed,test-fixture://review-evidence-closure/source/panic_release_latch,Protocol-only fixture proving source-backed closure. Not a real supplier quote.,2026-05-17T11:40:00.000+01:00,Keep source record attached; refresh evidence before procurement use.
maintenance_serviceability_access_doors_panic_release_latch,panic_release_latch,panic release latch,false,mpn,PROTOCOL-155-panic_release_latch,source_backed,test-fixture://review-evidence-closure/source/panic_release_latch,Protocol-only fixture proving source-backed closure. Not a real supplier quote.,2026-05-17T11:40:00.000+01:00,Keep source record attached; refresh evidence before procurement use.
maintenance_serviceability_access_doors_panic_release_latch,panic_release_latch,panic release latch,false,unit_cost_gbp,254,source_backed,test-fixture://review-evidence-closure/source/panic_release_latch,Protocol-only fixture proving source-backed closure. Not a real supplier quote.,2026-05-17T11:40:00.000+01:00,Keep source record attached; refresh evidence before procurement use.
maintenance_serviceability_access_doors_panic_release_latch,panic_release_latch,panic release latch,false,lead_time_weeks,8,source_backed,test-fixture://review-evidence-closure/source/panic_release_latch,Protocol-only fixture proving source-backed closure. Not a real supplier quote.,2026-05-17T11:40:00.000+01:00,Keep source record attached; refresh evidence before procurement use.
maintenance_serviceability_access_doors_door_stay_arm,door_stay_arm,door stay arm,false,supplier,Protocol Evidence Supplier,source_backed,test-fixture://review-evidence-closure/source/door_stay_arm,Protocol-only fixture proving source-backed closure. Not a real supplier quote.,2026-05-17T11:40:00.000+01:00,Keep source record attached; refresh evidence before procurement use.
maintenance_serviceability_access_doors_door_stay_arm,door_stay_arm,door stay arm,false,manufacturer,Protocol Evidence Manufacturer,source_backed,test-fixture://review-evidence-closure/source/door_stay_arm,Protocol-only fixture proving source-backed closure. Not a real supplier quote.,2026-05-17T11:40:00.000+01:00,Keep source record attached; refresh evidence before procurement use.
maintenance_serviceability_access_doors_door_stay_arm,door_stay_arm,door stay arm,false,mpn,PROTOCOL-156-door_stay_arm,source_backed,test-fixture://review-evidence-closure/source/door_stay_arm,Protocol-only fixture proving source-backed closure. Not a real supplier quote.,2026-05-17T11:40:00.000+01:00,Keep source record attached; refresh evidence before procurement use.
maintenance_serviceability_access_doors_door_stay_arm,door_stay_arm,door stay arm,false,unit_cost_gbp,255,source_backed,test-fixture://review-evidence-closure/source/door_stay_arm,Protocol-only fixture proving source-backed closure. Not a real supplier quote.,2026-05-17T11:40:00.000+01:00,Keep source record attached; refresh evidence before procurement use.
maintenance_serviceability_access_doors_door_stay_arm,door_stay_arm,door stay arm,false,lead_time_weeks,8,source_backed,test-fixture://review-evidence-closure/source/door_stay_arm,Protocol-only fixture proving source-backed closure. Not a real supplier quote.,2026-05-17T11:40:00.000+01:00,Keep source record attached; refresh evidence before procurement use.
maintenance_serviceability_service_lighting_led_service_luminaire,led_service_luminaire,LED service luminaire,false,supplier,Protocol Evidence Supplier,source_backed,test-fixture://review-evidence-closure/source/led_service_luminaire,Protocol-only fixture proving source-backed closure. Not a real supplier quote.,2026-05-17T11:40:00.000+01:00,Keep source record attached; refresh evidence before procurement use.
maintenance_serviceability_service_lighting_led_service_luminaire,led_service_luminaire,LED service luminaire,false,manufacturer,Protocol Evidence Manufacturer,source_backed,test-fixture://review-evidence-closure/source/led_service_luminaire,Protocol-only fixture proving source-backed closure. Not a real supplier quote.,2026-05-17T11:40:00.000+01:00,Keep source record attached; refresh evidence before procurement use.
maintenance_serviceability_service_lighting_led_service_luminaire,led_service_luminaire,LED service luminaire,false,mpn,PROTOCOL-157-led_service_luminaire,source_backed,test-fixture://review-evidence-closure/source/led_service_luminaire,Protocol-only fixture proving source-backed closure. Not a real supplier quote.,2026-05-17T11:40:00.000+01:00,Keep source record attached; refresh evidence before procurement use.
maintenance_serviceability_service_lighting_led_service_luminaire,led_service_luminaire,LED service luminaire,false,unit_cost_gbp,256,source_backed,test-fixture://review-evidence-closure/source/led_service_luminaire,Protocol-only fixture proving source-backed closure. Not a real supplier quote.,2026-05-17T11:40:00.000+01:00,Keep source record attached; refresh evidence before procurement use.
maintenance_serviceability_service_lighting_led_service_luminaire,led_service_luminaire,LED service luminaire,false,lead_time_weeks,8,source_backed,test-fixture://review-evidence-closure/source/led_service_luminaire,Protocol-only fixture proving source-backed closure. Not a real supplier quote.,2026-05-17T11:40:00.000+01:00,Keep source record attached; refresh evidence before procurement use.
maintenance_serviceability_service_lighting_emergency_light_fitting,emergency_light_fitting,emergency light fitting,false,supplier,Protocol Evidence Supplier,source_backed,test-fixture://review-evidence-closure/source/emergency_light_fitting,Protocol-only fixture proving source-backed closure. Not a real supplier quote.,2026-05-17T11:40:00.000+01:00,Keep source record attached; refresh evidence before procurement use.
maintenance_serviceability_service_lighting_emergency_light_fitting,emergency_light_fitting,emergency light fitting,false,manufacturer,Protocol Evidence Manufacturer,source_backed,test-fixture://review-evidence-closure/source/emergency_light_fitting,Protocol-only fixture proving source-backed closure. Not a real supplier quote.,2026-05-17T11:40:00.000+01:00,Keep source record attached; refresh evidence before procurement use.
maintenance_serviceability_service_lighting_emergency_light_fitting,emergency_light_fitting,emergency light fitting,false,mpn,PROTOCOL-158-emergency_light_fitting,source_backed,test-fixture://review-evidence-closure/source/emergency_light_fitting,Protocol-only fixture proving source-backed closure. Not a real supplier quote.,2026-05-17T11:40:00.000+01:00,Keep source record attached; refresh evidence before procurement use.
maintenance_serviceability_service_lighting_emergency_light_fitting,emergency_light_fitting,emergency light fitting,false,unit_cost_gbp,257,source_backed,test-fixture://review-evidence-closure/source/emergency_light_fitting,Protocol-only fixture proving source-backed closure. Not a real supplier quote.,2026-05-17T11:40:00.000+01:00,Keep source record attached; refresh evidence before procurement use.
maintenance_serviceability_service_lighting_emergency_light_fitting,emergency_light_fitting,emergency light fitting,false,lead_time_weeks,8,source_backed,test-fixture://review-evidence-closure/source/emergency_light_fitting,Protocol-only fixture proving source-backed closure. Not a real supplier quote.,2026-05-17T11:40:00.000+01:00,Keep source record attached; refresh evidence before procurement use.
maintenance_serviceability_service_lighting_maintenance_receptacle,maintenance_receptacle,maintenance receptacle,false,supplier,Protocol Evidence Supplier,source_backed,test-fixture://review-evidence-closure/source/maintenance_receptacle,Protocol-only fixture proving source-backed closure. Not a real supplier quote.,2026-05-17T11:40:00.000+01:00,Keep source record attached; refresh evidence before procurement use.
maintenance_serviceability_service_lighting_maintenance_receptacle,maintenance_receptacle,maintenance receptacle,false,manufacturer,Protocol Evidence Manufacturer,source_backed,test-fixture://review-evidence-closure/source/maintenance_receptacle,Protocol-only fixture proving source-backed closure. Not a real supplier quote.,2026-05-17T11:40:00.000+01:00,Keep source record attached; refresh evidence before procurement use.
maintenance_serviceability_service_lighting_maintenance_receptacle,maintenance_receptacle,maintenance receptacle,false,mpn,PROTOCOL-159-maintenance_receptacle,source_backed,test-fixture://review-evidence-closure/source/maintenance_receptacle,Protocol-only fixture proving source-backed closure. Not a real supplier quote.,2026-05-17T11:40:00.000+01:00,Keep source record attached; refresh evidence before procurement use.
maintenance_serviceability_service_lighting_maintenance_receptacle,maintenance_receptacle,maintenance receptacle,false,unit_cost_gbp,258,source_backed,test-fixture://review-evidence-closure/source/maintenance_receptacle,Protocol-only fixture proving source-backed closure. Not a real supplier quote.,2026-05-17T11:40:00.000+01:00,Keep source record attached; refresh evidence before procurement use.
maintenance_serviceability_service_lighting_maintenance_receptacle,maintenance_receptacle,maintenance receptacle,false,lead_time_weeks,8,source_backed,test-fixture://review-evidence-closure/source/maintenance_receptacle,Protocol-only fixture proving source-backed closure. Not a real supplier quote.,2026-05-17T11:40:00.000+01:00,Keep source record attached; refresh evidence before procurement use.
maintenance_serviceability_service_lighting_lighting_switchgear,lighting_switchgear,lighting switchgear,false,supplier,Protocol Evidence Supplier,source_backed,test-fixture://review-evidence-closure/source/lighting_switchgear,Protocol-only fixture proving source-backed closure. Not a real supplier quote.,2026-05-17T11:40:00.000+01:00,Keep source record attached; refresh evidence before procurement use.
maintenance_serviceability_service_lighting_lighting_switchgear,lighting_switchgear,lighting switchgear,false,manufacturer,Protocol Evidence Manufacturer,source_backed,test-fixture://review-evidence-closure/source/lighting_switchgear,Protocol-only fixture proving source-backed closure. Not a real supplier quote.,2026-05-17T11:40:00.000+01:00,Keep source record attached; refresh evidence before procurement use.
maintenance_serviceability_service_lighting_lighting_switchgear,lighting_switchgear,lighting switchgear,false,mpn,PROTOCOL-160-lighting_switchgear,source_backed,test-fixture://review-evidence-closure/source/lighting_switchgear,Protocol-only fixture proving source-backed closure. Not a real supplier quote.,2026-05-17T11:40:00.000+01:00,Keep source record attached; refresh evidence before procurement use.
maintenance_serviceability_service_lighting_lighting_switchgear,lighting_switchgear,lighting switchgear,false,unit_cost_gbp,259,source_backed,test-fixture://review-evidence-closure/source/lighting_switchgear,Protocol-only fixture proving source-backed closure. Not a real supplier quote.,2026-05-17T11:40:00.000+01:00,Keep source record attached; refresh evidence before procurement use.
maintenance_serviceability_service_lighting_lighting_switchgear,lighting_switchgear,lighting switchgear,false,lead_time_weeks,8,source_backed,test-fixture://review-evidence-closure/source/lighting_switchgear,Protocol-only fixture proving source-backed closure. Not a real supplier quote.,2026-05-17T11:40:00.000+01:00,Keep source record attached; refresh evidence before procurement use.
maintenance_serviceability_lifting_handling_certified_lifting_lug,certified_lifting_lug,certified lifting lug,false,supplier,Protocol Evidence Supplier,source_backed,test-fixture://review-evidence-closure/source/certified_lifting_lug,Protocol-only fixture proving source-backed closure. Not a real supplier quote.,2026-05-17T11:40:00.000+01:00,Keep source record attached; refresh evidence before procurement use.
maintenance_serviceability_lifting_handling_certified_lifting_lug,certified_lifting_lug,certified lifting lug,false,manufacturer,Protocol Evidence Manufacturer,source_backed,test-fixture://review-evidence-closure/source/certified_lifting_lug,Protocol-only fixture proving source-backed closure. Not a real supplier quote.,2026-05-17T11:40:00.000+01:00,Keep source record attached; refresh evidence before procurement use.
maintenance_serviceability_lifting_handling_certified_lifting_lug,certified_lifting_lug,certified lifting lug,false,mpn,PROTOCOL-161-certified_lifting_lug,source_backed,test-fixture://review-evidence-closure/source/certified_lifting_lug,Protocol-only fixture proving source-backed closure. Not a real supplier quote.,2026-05-17T11:40:00.000+01:00,Keep source record attached; refresh evidence before procurement use.
maintenance_serviceability_lifting_handling_certified_lifting_lug,certified_lifting_lug,certified lifting lug,false,unit_cost_gbp,260,source_backed,test-fixture://review-evidence-closure/source/certified_lifting_lug,Protocol-only fixture proving source-backed closure. Not a real supplier quote.,2026-05-17T11:40:00.000+01:00,Keep source record attached; refresh evidence before procurement use.
maintenance_serviceability_lifting_handling_certified_lifting_lug,certified_lifting_lug,certified lifting lug,false,lead_time_weeks,8,source_backed,test-fixture://review-evidence-closure/source/certified_lifting_lug,Protocol-only fixture proving source-backed closure. Not a real supplier quote.,2026-05-17T11:40:00.000+01:00,Keep source record attached; refresh evidence before procurement use.
maintenance_serviceability_lifting_handling_forklift_pocket_reinforcement,forklift_pocket_reinforcement,forklift pocket reinforcement,false,supplier,Protocol Evidence Supplier,source_backed,test-fixture://review-evidence-closure/source/forklift_pocket_reinforcement,Protocol-only fixture proving source-backed closure. Not a real supplier quote.,2026-05-17T11:40:00.000+01:00,Keep source record attached; refresh evidence before procurement use.
maintenance_serviceability_lifting_handling_forklift_pocket_reinforcement,forklift_pocket_reinforcement,forklift pocket reinforcement,false,manufacturer,Protocol Evidence Manufacturer,source_backed,test-fixture://review-evidence-closure/source/forklift_pocket_reinforcement,Protocol-only fixture proving source-backed closure. Not a real supplier quote.,2026-05-17T11:40:00.000+01:00,Keep source record attached; refresh evidence before procurement use.
maintenance_serviceability_lifting_handling_forklift_pocket_reinforcement,forklift_pocket_reinforcement,forklift pocket reinforcement,false,mpn,PROTOCOL-162-forklift_pocket_reinforcement,source_backed,test-fixture://review-evidence-closure/source/forklift_pocket_reinforcement,Protocol-only fixture proving source-backed closure. Not a real supplier quote.,2026-05-17T11:40:00.000+01:00,Keep source record attached; refresh evidence before procurement use.
maintenance_serviceability_lifting_handling_forklift_pocket_reinforcement,forklift_pocket_reinforcement,forklift pocket reinforcement,false,unit_cost_gbp,261,source_backed,test-fixture://review-evidence-closure/source/forklift_pocket_reinforcement,Protocol-only fixture proving source-backed closure. Not a real supplier quote.,2026-05-17T11:40:00.000+01:00,Keep source record attached; refresh evidence before procurement use.
maintenance_serviceability_lifting_handling_forklift_pocket_reinforcement,forklift_pocket_reinforcement,forklift pocket reinforcement,false,lead_time_weeks,8,source_backed,test-fixture://review-evidence-closure/source/forklift_pocket_reinforcement,Protocol-only fixture proving source-backed closure. Not a real supplier quote.,2026-05-17T11:40:00.000+01:00,Keep source record attached; refresh evidence before procurement use.
maintenance_serviceability_lifting_handling_removable_rack_guide,removable_rack_guide,removable rack guide,false,supplier,Protocol Evidence Supplier,source_backed,test-fixture://review-evidence-closure/source/removable_rack_guide,Protocol-only fixture proving source-backed closure. Not a real supplier quote.,2026-05-17T11:40:00.000+01:00,Keep source record attached; refresh evidence before procurement use.
maintenance_serviceability_lifting_handling_removable_rack_guide,removable_rack_guide,removable rack guide,false,manufacturer,Protocol Evidence Manufacturer,source_backed,test-fixture://review-evidence-closure/source/removable_rack_guide,Protocol-only fixture proving source-backed closure. Not a real supplier quote.,2026-05-17T11:40:00.000+01:00,Keep source record attached; refresh evidence before procurement use.
maintenance_serviceability_lifting_handling_removable_rack_guide,removable_rack_guide,removable rack guide,false,mpn,PROTOCOL-163-removable_rack_guide,source_backed,test-fixture://review-evidence-closure/source/removable_rack_guide,Protocol-only fixture proving source-backed closure. Not a real supplier quote.,2026-05-17T11:40:00.000+01:00,Keep source record attached; refresh evidence before procurement use.
maintenance_serviceability_lifting_handling_removable_rack_guide,removable_rack_guide,removable rack guide,false,unit_cost_gbp,262,source_backed,test-fixture://review-evidence-closure/source/removable_rack_guide,Protocol-only fixture proving source-backed closure. Not a real supplier quote.,2026-05-17T11:40:00.000+01:00,Keep source record attached; refresh evidence before procurement use.
maintenance_serviceability_lifting_handling_removable_rack_guide,removable_rack_guide,removable rack guide,false,lead_time_weeks,8,source_backed,test-fixture://review-evidence-closure/source/removable_rack_guide,Protocol-only fixture proving source-backed closure. Not a real supplier quote.,2026-05-17T11:40:00.000+01:00,Keep source record attached; refresh evidence before procurement use.
maintenance_serviceability_lifting_handling_service_trolley_interface,service_trolley_interface,service trolley interface,false,supplier,Protocol Evidence Supplier,source_backed,test-fixture://review-evidence-closure/source/service_trolley_interface,Protocol-only fixture proving source-backed closure. Not a real supplier quote.,2026-05-17T11:40:00.000+01:00,Keep source record attached; refresh evidence before procurement use.
maintenance_serviceability_lifting_handling_service_trolley_interface,service_trolley_interface,service trolley interface,false,manufacturer,Protocol Evidence Manufacturer,source_backed,test-fixture://review-evidence-closure/source/service_trolley_interface,Protocol-only fixture proving source-backed closure. Not a real supplier quote.,2026-05-17T11:40:00.000+01:00,Keep source record attached; refresh evidence before procurement use.
maintenance_serviceability_lifting_handling_service_trolley_interface,service_trolley_interface,service trolley interface,false,mpn,PROTOCOL-164-service_trolley_interface,source_backed,test-fixture://review-evidence-closure/source/service_trolley_interface,Protocol-only fixture proving source-backed closure. Not a real supplier quote.,2026-05-17T11:40:00.000+01:00,Keep source record attached; refresh evidence before procurement use.
maintenance_serviceability_lifting_handling_service_trolley_interface,service_trolley_interface,service trolley interface,false,unit_cost_gbp,263,source_backed,test-fixture://review-evidence-closure/source/service_trolley_interface,Protocol-only fixture proving source-backed closure. Not a real supplier quote.,2026-05-17T11:40:00.000+01:00,Keep source record attached; refresh evidence before procurement use.
maintenance_serviceability_lifting_handling_service_trolley_interface,service_trolley_interface,service trolley interface,false,lead_time_weeks,8,source_backed,test-fixture://review-evidence-closure/source/service_trolley_interface,Protocol-only fixture proving source-backed closure. Not a real supplier quote.,2026-05-17T11:40:00.000+01:00,Keep source record attached; refresh evidence before procurement use.
maintenance_serviceability_commissioning_ports_insulated_test_socket,insulated_test_socket,insulated test socket,false,supplier,Protocol Evidence Supplier,source_backed,test-fixture://review-evidence-closure/source/insulated_test_socket,Protocol-only fixture proving source-backed closure. Not a real supplier quote.,2026-05-17T11:40:00.000+01:00,Keep source record attached; refresh evidence before procurement use.
maintenance_serviceability_commissioning_ports_insulated_test_socket,insulated_test_socket,insulated test socket,false,manufacturer,Protocol Evidence Manufacturer,source_backed,test-fixture://review-evidence-closure/source/insulated_test_socket,Protocol-only fixture proving source-backed closure. Not a real supplier quote.,2026-05-17T11:40:00.000+01:00,Keep source record attached; refresh evidence before procurement use.
maintenance_serviceability_commissioning_ports_insulated_test_socket,insulated_test_socket,insulated test socket,false,mpn,PROTOCOL-165-insulated_test_socket,source_backed,test-fixture://review-evidence-closure/source/insulated_test_socket,Protocol-only fixture proving source-backed closure. Not a real supplier quote.,2026-05-17T11:40:00.000+01:00,Keep source record attached; refresh evidence before procurement use.
maintenance_serviceability_commissioning_ports_insulated_test_socket,insulated_test_socket,insulated test socket,false,unit_cost_gbp,264,source_backed,test-fixture://review-evidence-closure/source/insulated_test_socket,Protocol-only fixture proving source-backed closure. Not a real supplier quote.,2026-05-17T11:40:00.000+01:00,Keep source record attached; refresh evidence before procurement use.
maintenance_serviceability_commissioning_ports_insulated_test_socket,insulated_test_socket,insulated test socket,false,lead_time_weeks,8,source_backed,test-fixture://review-evidence-closure/source/insulated_test_socket,Protocol-only fixture proving source-backed closure. Not a real supplier quote.,2026-05-17T11:40:00.000+01:00,Keep source record attached; refresh evidence before procurement use.
maintenance_serviceability_commissioning_ports_coolant_sampling_port,coolant_sampling_port,coolant sampling port,false,supplier,Protocol Evidence Supplier,source_backed,test-fixture://review-evidence-closure/source/coolant_sampling_port,Protocol-only fixture proving source-backed closure. Not a real supplier quote.,2026-05-17T11:40:00.000+01:00,Keep source record attached; refresh evidence before procurement use.
maintenance_serviceability_commissioning_ports_coolant_sampling_port,coolant_sampling_port,coolant sampling port,false,manufacturer,Protocol Evidence Manufacturer,source_backed,test-fixture://review-evidence-closure/source/coolant_sampling_port,Protocol-only fixture proving source-backed closure. Not a real supplier quote.,2026-05-17T11:40:00.000+01:00,Keep source record attached; refresh evidence before procurement use.
maintenance_serviceability_commissioning_ports_coolant_sampling_port,coolant_sampling_port,coolant sampling port,false,mpn,PROTOCOL-166-coolant_sampling_port,source_backed,test-fixture://review-evidence-closure/source/coolant_sampling_port,Protocol-only fixture proving source-backed closure. Not a real supplier quote.,2026-05-17T11:40:00.000+01:00,Keep source record attached; refresh evidence before procurement use.
maintenance_serviceability_commissioning_ports_coolant_sampling_port,coolant_sampling_port,coolant sampling port,false,unit_cost_gbp,265,source_backed,test-fixture://review-evidence-closure/source/coolant_sampling_port,Protocol-only fixture proving source-backed closure. Not a real supplier quote.,2026-05-17T11:40:00.000+01:00,Keep source record attached; refresh evidence before procurement use.
maintenance_serviceability_commissioning_ports_coolant_sampling_port,coolant_sampling_port,coolant sampling port,false,lead_time_weeks,8,source_backed,test-fixture://review-evidence-closure/source/coolant_sampling_port,Protocol-only fixture proving source-backed closure. Not a real supplier quote.,2026-05-17T11:40:00.000+01:00,Keep source record attached; refresh evidence before procurement use.
maintenance_serviceability_commissioning_ports_laptop_service_port,laptop_service_port,laptop service port,false,supplier,Protocol Evidence Supplier,source_backed,test-fixture://review-evidence-closure/source/laptop_service_port,Protocol-only fixture proving source-backed closure. Not a real supplier quote.,2026-05-17T11:40:00.000+01:00,Keep source record attached; refresh evidence before procurement use.
maintenance_serviceability_commissioning_ports_laptop_service_port,laptop_service_port,laptop service port,false,manufacturer,Protocol Evidence Manufacturer,source_backed,test-fixture://review-evidence-closure/source/laptop_service_port,Protocol-only fixture proving source-backed closure. Not a real supplier quote.,2026-05-17T11:40:00.000+01:00,Keep source record attached; refresh evidence before procurement use.
maintenance_serviceability_commissioning_ports_laptop_service_port,laptop_service_port,laptop service port,false,mpn,PROTOCOL-167-laptop_service_port,source_backed,test-fixture://review-evidence-closure/source/laptop_service_port,Protocol-only fixture proving source-backed closure. Not a real supplier quote.,2026-05-17T11:40:00.000+01:00,Keep source record attached; refresh evidence before procurement use.
maintenance_serviceability_commissioning_ports_laptop_service_port,laptop_service_port,laptop service port,false,unit_cost_gbp,266,source_backed,test-fixture://review-evidence-closure/source/laptop_service_port,Protocol-only fixture proving source-backed closure. Not a real supplier quote.,2026-05-17T11:40:00.000+01:00,Keep source record attached; refresh evidence before procurement use.
maintenance_serviceability_commissioning_ports_laptop_service_port,laptop_service_port,laptop service port,false,lead_time_weeks,8,source_backed,test-fixture://review-evidence-closure/source/laptop_service_port,Protocol-only fixture proving source-backed closure. Not a real supplier quote.,2026-05-17T11:40:00.000+01:00,Keep source record attached; refresh evidence before procurement use.
maintenance_serviceability_commissioning_ports_lockout_hasp_rail,lockout_hasp_rail,lockout hasp rail,false,supplier,Protocol Evidence Supplier,source_backed,test-fixture://review-evidence-closure/source/lockout_hasp_rail,Protocol-only fixture proving source-backed closure. Not a real supplier quote.,2026-05-17T11:40:00.000+01:00,Keep source record attached; refresh evidence before procurement use.
maintenance_serviceability_commissioning_ports_lockout_hasp_rail,lockout_hasp_rail,lockout hasp rail,false,manufacturer,Protocol Evidence Manufacturer,source_backed,test-fixture://review-evidence-closure/source/lockout_hasp_rail,Protocol-only fixture proving source-backed closure. Not a real supplier quote.,2026-05-17T11:40:00.000+01:00,Keep source record attached; refresh evidence before procurement use.
maintenance_serviceability_commissioning_ports_lockout_hasp_rail,lockout_hasp_rail,lockout hasp rail,false,mpn,PROTOCOL-168-lockout_hasp_rail,source_backed,test-fixture://review-evidence-closure/source/lockout_hasp_rail,Protocol-only fixture proving source-backed closure. Not a real supplier quote.,2026-05-17T11:40:00.000+01:00,Keep source record attached; refresh evidence before procurement use.
maintenance_serviceability_commissioning_ports_lockout_hasp_rail,lockout_hasp_rail,lockout hasp rail,false,unit_cost_gbp,267,source_backed,test-fixture://review-evidence-closure/source/lockout_hasp_rail,Protocol-only fixture proving source-backed closure. Not a real supplier quote.,2026-05-17T11:40:00.000+01:00,Keep source record attached; refresh evidence before procurement use.
maintenance_serviceability_commissioning_ports_lockout_hasp_rail,lockout_hasp_rail,lockout hasp rail,false,lead_time_weeks,8,source_backed,test-fixture://review-evidence-closure/source/lockout_hasp_rail,Protocol-only fixture proving source-backed closure. Not a real supplier quote.,2026-05-17T11:40:00.000+01:00,Keep source record attached; refresh evidence before procurement use.
maintenance_serviceability_commissioning_ports_commissioning_torque_log_plate,commissioning_torque_log_plate,commissioning torque log plate,false,supplier,Protocol Evidence Supplier,source_backed,test-fixture://review-evidence-closure/source/commissioning_torque_log_plate,Protocol-only fixture proving source-backed closure. Not a real supplier quote.,2026-05-17T11:40:00.000+01:00,Keep source record attached; refresh evidence before procurement use.
maintenance_serviceability_commissioning_ports_commissioning_torque_log_plate,commissioning_torque_log_plate,commissioning torque log plate,false,manufacturer,Protocol Evidence Manufacturer,source_backed,test-fixture://review-evidence-closure/source/commissioning_torque_log_plate,Protocol-only fixture proving source-backed closure. Not a real supplier quote.,2026-05-17T11:40:00.000+01:00,Keep source record attached; refresh evidence before procurement use.
maintenance_serviceability_commissioning_ports_commissioning_torque_log_plate,commissioning_torque_log_plate,commissioning torque log plate,false,mpn,PROTOCOL-169-commissioning_torque_log_plate,source_backed,test-fixture://review-evidence-closure/source/commissioning_torque_log_plate,Protocol-only fixture proving source-backed closure. Not a real supplier quote.,2026-05-17T11:40:00.000+01:00,Keep source record attached; refresh evidence before procurement use.
maintenance_serviceability_commissioning_ports_commissioning_torque_log_plate,commissioning_torque_log_plate,commissioning torque log plate,false,unit_cost_gbp,268,source_backed,test-fixture://review-evidence-closure/source/commissioning_torque_log_plate,Protocol-only fixture proving source-backed closure. Not a real supplier quote.,2026-05-17T11:40:00.000+01:00,Keep source record attached; refresh evidence before procurement use.
maintenance_serviceability_commissioning_ports_commissioning_torque_log_plate,commissioning_torque_log_plate,commissioning torque log plate,false,lead_time_weeks,8,source_backed,test-fixture://review-evidence-closure/source/commissioning_torque_log_plate,Protocol-only fixture proving source-backed closure. Not a real supplier quote.,2026-05-17T11:40:00.000+01:00,Keep source record attached; refresh evidence before procurement use.
mass_fluid_transport_process_pump_station_thermal_management_loop,thermal_management_loop,Thermal management loop,true,supplier,Protocol Evidence Supplier,source_backed,test-fixture://review-evidence-closure/source/thermal_management_loop,Protocol-only fixture proving source-backed closure. Not a real supplier quote.,2026-05-17T11:40:00.000+01:00,Keep source record attached; refresh evidence before procurement use.
mass_fluid_transport_process_pump_station_thermal_management_loop,thermal_management_loop,Thermal management loop,true,manufacturer,Protocol Evidence Manufacturer,source_backed,test-fixture://review-evidence-closure/source/thermal_management_loop,Protocol-only fixture proving source-backed closure. Not a real supplier quote.,2026-05-17T11:40:00.000+01:00,Keep source record attached; refresh evidence before procurement use.
mass_fluid_transport_process_pump_station_thermal_management_loop,thermal_management_loop,Thermal management loop,true,mpn,PROTOCOL-170-thermal_management_loop,source_backed,test-fixture://review-evidence-closure/source/thermal_management_loop,Protocol-only fixture proving source-backed closure. Not a real supplier quote.,2026-05-17T11:40:00.000+01:00,Keep source record attached; refresh evidence before procurement use.
mass_fluid_transport_process_pump_station_thermal_management_loop,thermal_management_loop,Thermal management loop,true,unit_cost_gbp,269,source_backed,test-fixture://review-evidence-closure/source/thermal_management_loop,Protocol-only fixture proving source-backed closure. Not a real supplier quote.,2026-05-17T11:40:00.000+01:00,Keep source record attached; refresh evidence before procurement use.
mass_fluid_transport_process_pump_station_thermal_management_loop,thermal_management_loop,Thermal management loop,true,lead_time_weeks,8,source_backed,test-fixture://review-evidence-closure/source/thermal_management_loop,Protocol-only fixture proving source-backed closure. Not a real supplier quote.,2026-05-17T11:40:00.000+01:00,Keep source record attached; refresh evidence before procurement use.
mass_fluid_transport_process_pump_station_coolant_circulation_pump,coolant_circulation_pump,coolant circulation pump,false,supplier,Protocol Evidence Supplier,source_backed,test-fixture://review-evidence-closure/source/coolant_circulation_pump,Protocol-only fixture proving source-backed closure. Not a real supplier quote.,2026-05-17T11:40:00.000+01:00,Keep source record attached; refresh evidence before procurement use.
mass_fluid_transport_process_pump_station_coolant_circulation_pump,coolant_circulation_pump,coolant circulation pump,false,manufacturer,Protocol Evidence Manufacturer,source_backed,test-fixture://review-evidence-closure/source/coolant_circulation_pump,Protocol-only fixture proving source-backed closure. Not a real supplier quote.,2026-05-17T11:40:00.000+01:00,Keep source record attached; refresh evidence before procurement use.
mass_fluid_transport_process_pump_station_coolant_circulation_pump,coolant_circulation_pump,coolant circulation pump,false,mpn,PROTOCOL-171-coolant_circulation_pump,source_backed,test-fixture://review-evidence-closure/source/coolant_circulation_pump,Protocol-only fixture proving source-backed closure. Not a real supplier quote.,2026-05-17T11:40:00.000+01:00,Keep source record attached; refresh evidence before procurement use.
mass_fluid_transport_process_pump_station_coolant_circulation_pump,coolant_circulation_pump,coolant circulation pump,false,unit_cost_gbp,270,source_backed,test-fixture://review-evidence-closure/source/coolant_circulation_pump,Protocol-only fixture proving source-backed closure. Not a real supplier quote.,2026-05-17T11:40:00.000+01:00,Keep source record attached; refresh evidence before procurement use.
mass_fluid_transport_process_pump_station_coolant_circulation_pump,coolant_circulation_pump,coolant circulation pump,false,lead_time_weeks,8,source_backed,test-fixture://review-evidence-closure/source/coolant_circulation_pump,Protocol-only fixture proving source-backed closure. Not a real supplier quote.,2026-05-17T11:40:00.000+01:00,Keep source record attached; refresh evidence before procurement use.
mass_fluid_transport_process_pump_station_pump_vfd,pump_vfd,pump VFD,false,supplier,Protocol Evidence Supplier,source_backed,test-fixture://review-evidence-closure/source/pump_vfd,Protocol-only fixture proving source-backed closure. Not a real supplier quote.,2026-05-17T11:40:00.000+01:00,Keep source record attached; refresh evidence before procurement use.
mass_fluid_transport_process_pump_station_pump_vfd,pump_vfd,pump VFD,false,manufacturer,Protocol Evidence Manufacturer,source_backed,test-fixture://review-evidence-closure/source/pump_vfd,Protocol-only fixture proving source-backed closure. Not a real supplier quote.,2026-05-17T11:40:00.000+01:00,Keep source record attached; refresh evidence before procurement use.
mass_fluid_transport_process_pump_station_pump_vfd,pump_vfd,pump VFD,false,mpn,PROTOCOL-172-pump_vfd,source_backed,test-fixture://review-evidence-closure/source/pump_vfd,Protocol-only fixture proving source-backed closure. Not a real supplier quote.,2026-05-17T11:40:00.000+01:00,Keep source record attached; refresh evidence before procurement use.
mass_fluid_transport_process_pump_station_pump_vfd,pump_vfd,pump VFD,false,unit_cost_gbp,271,source_backed,test-fixture://review-evidence-closure/source/pump_vfd,Protocol-only fixture proving source-backed closure. Not a real supplier quote.,2026-05-17T11:40:00.000+01:00,Keep source record attached; refresh evidence before procurement use.
mass_fluid_transport_process_pump_station_pump_vfd,pump_vfd,pump VFD,false,lead_time_weeks,8,source_backed,test-fixture://review-evidence-closure/source/pump_vfd,Protocol-only fixture proving source-backed closure. Not a real supplier quote.,2026-05-17T11:40:00.000+01:00,Keep source record attached; refresh evidence before procurement use.
mass_fluid_transport_process_pump_station_check_valve,check_valve,check valve,false,supplier,Protocol Evidence Supplier,source_backed,test-fixture://review-evidence-closure/source/check_valve,Protocol-only fixture proving source-backed closure. Not a real supplier quote.,2026-05-17T11:40:00.000+01:00,Keep source record attached; refresh evidence before procurement use.
mass_fluid_transport_process_pump_station_check_valve,check_valve,check valve,false,manufacturer,Protocol Evidence Manufacturer,source_backed,test-fixture://review-evidence-closure/source/check_valve,Protocol-only fixture proving source-backed closure. Not a real supplier quote.,2026-05-17T11:40:00.000+01:00,Keep source record attached; refresh evidence before procurement use.
mass_fluid_transport_process_pump_station_check_valve,check_valve,check valve,false,mpn,PROTOCOL-173-check_valve,source_backed,test-fixture://review-evidence-closure/source/check_valve,Protocol-only fixture proving source-backed closure. Not a real supplier quote.,2026-05-17T11:40:00.000+01:00,Keep source record attached; refresh evidence before procurement use.
mass_fluid_transport_process_pump_station_check_valve,check_valve,check valve,false,unit_cost_gbp,272,source_backed,test-fixture://review-evidence-closure/source/check_valve,Protocol-only fixture proving source-backed closure. Not a real supplier quote.,2026-05-17T11:40:00.000+01:00,Keep source record attached; refresh evidence before procurement use.
mass_fluid_transport_process_pump_station_check_valve,check_valve,check valve,false,lead_time_weeks,8,source_backed,test-fixture://review-evidence-closure/source/check_valve,Protocol-only fixture proving source-backed closure. Not a real supplier quote.,2026-05-17T11:40:00.000+01:00,Keep source record attached; refresh evidence before procurement use.
mass_fluid_transport_process_pump_station_isolation_valve,isolation_valve,isolation valve,false,supplier,Protocol Evidence Supplier,source_backed,test-fixture://review-evidence-closure/source/isolation_valve,Protocol-only fixture proving source-backed closure. Not a real supplier quote.,2026-05-17T11:40:00.000+01:00,Keep source record attached; refresh evidence before procurement use.
mass_fluid_transport_process_pump_station_isolation_valve,isolation_valve,isolation valve,false,manufacturer,Protocol Evidence Manufacturer,source_backed,test-fixture://review-evidence-closure/source/isolation_valve,Protocol-only fixture proving source-backed closure. Not a real supplier quote.,2026-05-17T11:40:00.000+01:00,Keep source record attached; refresh evidence before procurement use.
mass_fluid_transport_process_pump_station_isolation_valve,isolation_valve,isolation valve,false,mpn,PROTOCOL-174-isolation_valve,source_backed,test-fixture://review-evidence-closure/source/isolation_valve,Protocol-only fixture proving source-backed closure. Not a real supplier quote.,2026-05-17T11:40:00.000+01:00,Keep source record attached; refresh evidence before procurement use.
mass_fluid_transport_process_pump_station_isolation_valve,isolation_valve,isolation valve,false,unit_cost_gbp,273,source_backed,test-fixture://review-evidence-closure/source/isolation_valve,Protocol-only fixture proving source-backed closure. Not a real supplier quote.,2026-05-17T11:40:00.000+01:00,Keep source record attached; refresh evidence before procurement use.
mass_fluid_transport_process_pump_station_isolation_valve,isolation_valve,isolation valve,false,lead_time_weeks,8,source_backed,test-fixture://review-evidence-closure/source/isolation_valve,Protocol-only fixture proving source-backed closure. Not a real supplier quote.,2026-05-17T11:40:00.000+01:00,Keep source record attached; refresh evidence before procurement use.
mass_fluid_transport_process_filtration_treatment_coolant_filter_housing,coolant_filter_housing,coolant filter housing,false,supplier,Protocol Evidence Supplier,source_backed,test-fixture://review-evidence-closure/source/coolant_filter_housing,Protocol-only fixture proving source-backed closure. Not a real supplier quote.,2026-05-17T11:40:00.000+01:00,Keep source record attached; refresh evidence before procurement use.
mass_fluid_transport_process_filtration_treatment_coolant_filter_housing,coolant_filter_housing,coolant filter housing,false,manufacturer,Protocol Evidence Manufacturer,source_backed,test-fixture://review-evidence-closure/source/coolant_filter_housing,Protocol-only fixture proving source-backed closure. Not a real supplier quote.,2026-05-17T11:40:00.000+01:00,Keep source record attached; refresh evidence before procurement use.
mass_fluid_transport_process_filtration_treatment_coolant_filter_housing,coolant_filter_housing,coolant filter housing,false,mpn,PROTOCOL-175-coolant_filter_housing,source_backed,test-fixture://review-evidence-closure/source/coolant_filter_housing,Protocol-only fixture proving source-backed closure. Not a real supplier quote.,2026-05-17T11:40:00.000+01:00,Keep source record attached; refresh evidence before procurement use.
mass_fluid_transport_process_filtration_treatment_coolant_filter_housing,coolant_filter_housing,coolant filter housing,false,unit_cost_gbp,274,source_backed,test-fixture://review-evidence-closure/source/coolant_filter_housing,Protocol-only fixture proving source-backed closure. Not a real supplier quote.,2026-05-17T11:40:00.000+01:00,Keep source record attached; refresh evidence before procurement use.
mass_fluid_transport_process_filtration_treatment_coolant_filter_housing,coolant_filter_housing,coolant filter housing,false,lead_time_weeks,8,source_backed,test-fixture://review-evidence-closure/source/coolant_filter_housing,Protocol-only fixture proving source-backed closure. Not a real supplier quote.,2026-05-17T11:40:00.000+01:00,Keep source record attached; refresh evidence before procurement use.
mass_fluid_transport_process_filtration_treatment_replaceable_filter_cartridge,replaceable_filter_cartridge,replaceable filter cartridge,false,supplier,Protocol Evidence Supplier,source_backed,test-fixture://review-evidence-closure/source/replaceable_filter_cartridge,Protocol-only fixture proving source-backed closure. Not a real supplier quote.,2026-05-17T11:40:00.000+01:00,Keep source record attached; refresh evidence before procurement use.
mass_fluid_transport_process_filtration_treatment_replaceable_filter_cartridge,replaceable_filter_cartridge,replaceable filter cartridge,false,manufacturer,Protocol Evidence Manufacturer,source_backed,test-fixture://review-evidence-closure/source/replaceable_filter_cartridge,Protocol-only fixture proving source-backed closure. Not a real supplier quote.,2026-05-17T11:40:00.000+01:00,Keep source record attached; refresh evidence before procurement use.
mass_fluid_transport_process_filtration_treatment_replaceable_filter_cartridge,replaceable_filter_cartridge,replaceable filter cartridge,false,mpn,PROTOCOL-176-replaceable_filter_cartridge,source_backed,test-fixture://review-evidence-closure/source/replaceable_filter_cartridge,Protocol-only fixture proving source-backed closure. Not a real supplier quote.,2026-05-17T11:40:00.000+01:00,Keep source record attached; refresh evidence before procurement use.
mass_fluid_transport_process_filtration_treatment_replaceable_filter_cartridge,replaceable_filter_cartridge,replaceable filter cartridge,false,unit_cost_gbp,275,source_backed,test-fixture://review-evidence-closure/source/replaceable_filter_cartridge,Protocol-only fixture proving source-backed closure. Not a real supplier quote.,2026-05-17T11:40:00.000+01:00,Keep source record attached; refresh evidence before procurement use.
mass_fluid_transport_process_filtration_treatment_replaceable_filter_cartridge,replaceable_filter_cartridge,replaceable filter cartridge,false,lead_time_weeks,8,source_backed,test-fixture://review-evidence-closure/source/replaceable_filter_cartridge,Protocol-only fixture proving source-backed closure. Not a real supplier quote.,2026-05-17T11:40:00.000+01:00,Keep source record attached; refresh evidence before procurement use.
mass_fluid_transport_process_filtration_treatment_glycol_concentration_sensor,glycol_concentration_sensor,glycol concentration sensor,false,supplier,Protocol Evidence Supplier,source_backed,test-fixture://review-evidence-closure/source/glycol_concentration_sensor,Protocol-only fixture proving source-backed closure. Not a real supplier quote.,2026-05-17T11:40:00.000+01:00,Keep source record attached; refresh evidence before procurement use.
mass_fluid_transport_process_filtration_treatment_glycol_concentration_sensor,glycol_concentration_sensor,glycol concentration sensor,false,manufacturer,Protocol Evidence Manufacturer,source_backed,test-fixture://review-evidence-closure/source/glycol_concentration_sensor,Protocol-only fixture proving source-backed closure. Not a real supplier quote.,2026-05-17T11:40:00.000+01:00,Keep source record attached; refresh evidence before procurement use.
mass_fluid_transport_process_filtration_treatment_glycol_concentration_sensor,glycol_concentration_sensor,glycol concentration sensor,false,mpn,PROTOCOL-177-glycol_concentration_sensor,source_backed,test-fixture://review-evidence-closure/source/glycol_concentration_sensor,Protocol-only fixture proving source-backed closure. Not a real supplier quote.,2026-05-17T11:40:00.000+01:00,Keep source record attached; refresh evidence before procurement use.
mass_fluid_transport_process_filtration_treatment_glycol_concentration_sensor,glycol_concentration_sensor,glycol concentration sensor,false,unit_cost_gbp,276,source_backed,test-fixture://review-evidence-closure/source/glycol_concentration_sensor,Protocol-only fixture proving source-backed closure. Not a real supplier quote.,2026-05-17T11:40:00.000+01:00,Keep source record attached; refresh evidence before procurement use.
mass_fluid_transport_process_filtration_treatment_glycol_concentration_sensor,glycol_concentration_sensor,glycol concentration sensor,false,lead_time_weeks,8,source_backed,test-fixture://review-evidence-closure/source/glycol_concentration_sensor,Protocol-only fixture proving source-backed closure. Not a real supplier quote.,2026-05-17T11:40:00.000+01:00,Keep source record attached; refresh evidence before procurement use.
mass_fluid_transport_process_filtration_treatment_fill_and_drain_manifold,fill_and_drain_manifold,fill and drain manifold,false,supplier,Protocol Evidence Supplier,source_backed,test-fixture://review-evidence-closure/source/fill_and_drain_manifold,Protocol-only fixture proving source-backed closure. Not a real supplier quote.,2026-05-17T11:40:00.000+01:00,Keep source record attached; refresh evidence before procurement use.
mass_fluid_transport_process_filtration_treatment_fill_and_drain_manifold,fill_and_drain_manifold,fill and drain manifold,false,manufacturer,Protocol Evidence Manufacturer,source_backed,test-fixture://review-evidence-closure/source/fill_and_drain_manifold,Protocol-only fixture proving source-backed closure. Not a real supplier quote.,2026-05-17T11:40:00.000+01:00,Keep source record attached; refresh evidence before procurement use.
mass_fluid_transport_process_filtration_treatment_fill_and_drain_manifold,fill_and_drain_manifold,fill and drain manifold,false,mpn,PROTOCOL-178-fill_and_drain_manifold,source_backed,test-fixture://review-evidence-closure/source/fill_and_drain_manifold,Protocol-only fixture proving source-backed closure. Not a real supplier quote.,2026-05-17T11:40:00.000+01:00,Keep source record attached; refresh evidence before procurement use.
mass_fluid_transport_process_filtration_treatment_fill_and_drain_manifold,fill_and_drain_manifold,fill and drain manifold,false,unit_cost_gbp,277,source_backed,test-fixture://review-evidence-closure/source/fill_and_drain_manifold,Protocol-only fixture proving source-backed closure. Not a real supplier quote.,2026-05-17T11:40:00.000+01:00,Keep source record attached; refresh evidence before procurement use.
mass_fluid_transport_process_filtration_treatment_fill_and_drain_manifold,fill_and_drain_manifold,fill and drain manifold,false,lead_time_weeks,8,source_backed,test-fixture://review-evidence-closure/source/fill_and_drain_manifold,Protocol-only fixture proving source-backed closure. Not a real supplier quote.,2026-05-17T11:40:00.000+01:00,Keep source record attached; refresh evidence before procurement use.
mass_fluid_transport_process_expansion_air_removal_expansion_vessel,expansion_vessel,expansion vessel,false,supplier,Protocol Evidence Supplier,source_backed,test-fixture://review-evidence-closure/source/expansion_vessel,Protocol-only fixture proving source-backed closure. Not a real supplier quote.,2026-05-17T11:40:00.000+01:00,Keep source record attached; refresh evidence before procurement use.
mass_fluid_transport_process_expansion_air_removal_expansion_vessel,expansion_vessel,expansion vessel,false,manufacturer,Protocol Evidence Manufacturer,source_backed,test-fixture://review-evidence-closure/source/expansion_vessel,Protocol-only fixture proving source-backed closure. Not a real supplier quote.,2026-05-17T11:40:00.000+01:00,Keep source record attached; refresh evidence before procurement use.
mass_fluid_transport_process_expansion_air_removal_expansion_vessel,expansion_vessel,expansion vessel,false,mpn,PROTOCOL-179-expansion_vessel,source_backed,test-fixture://review-evidence-closure/source/expansion_vessel,Protocol-only fixture proving source-backed closure. Not a real supplier quote.,2026-05-17T11:40:00.000+01:00,Keep source record attached; refresh evidence before procurement use.
mass_fluid_transport_process_expansion_air_removal_expansion_vessel,expansion_vessel,expansion vessel,false,unit_cost_gbp,278,source_backed,test-fixture://review-evidence-closure/source/expansion_vessel,Protocol-only fixture proving source-backed closure. Not a real supplier quote.,2026-05-17T11:40:00.000+01:00,Keep source record attached; refresh evidence before procurement use.
mass_fluid_transport_process_expansion_air_removal_expansion_vessel,expansion_vessel,expansion vessel,false,lead_time_weeks,8,source_backed,test-fixture://review-evidence-closure/source/expansion_vessel,Protocol-only fixture proving source-backed closure. Not a real supplier quote.,2026-05-17T11:40:00.000+01:00,Keep source record attached; refresh evidence before procurement use.
mass_fluid_transport_process_expansion_air_removal_automatic_air_vent,automatic_air_vent,automatic air vent,false,supplier,Protocol Evidence Supplier,source_backed,test-fixture://review-evidence-closure/source/automatic_air_vent,Protocol-only fixture proving source-backed closure. Not a real supplier quote.,2026-05-17T11:40:00.000+01:00,Keep source record attached; refresh evidence before procurement use.
mass_fluid_transport_process_expansion_air_removal_automatic_air_vent,automatic_air_vent,automatic air vent,false,manufacturer,Protocol Evidence Manufacturer,source_backed,test-fixture://review-evidence-closure/source/automatic_air_vent,Protocol-only fixture proving source-backed closure. Not a real supplier quote.,2026-05-17T11:40:00.000+01:00,Keep source record attached; refresh evidence before procurement use.
mass_fluid_transport_process_expansion_air_removal_automatic_air_vent,automatic_air_vent,automatic air vent,false,mpn,PROTOCOL-180-automatic_air_vent,source_backed,test-fixture://review-evidence-closure/source/automatic_air_vent,Protocol-only fixture proving source-backed closure. Not a real supplier quote.,2026-05-17T11:40:00.000+01:00,Keep source record attached; refresh evidence before procurement use.
mass_fluid_transport_process_expansion_air_removal_automatic_air_vent,automatic_air_vent,automatic air vent,false,unit_cost_gbp,279,source_backed,test-fixture://review-evidence-closure/source/automatic_air_vent,Protocol-only fixture proving source-backed closure. Not a real supplier quote.,2026-05-17T11:40:00.000+01:00,Keep source record attached; refresh evidence before procurement use.
mass_fluid_transport_process_expansion_air_removal_automatic_air_vent,automatic_air_vent,automatic air vent,false,lead_time_weeks,8,source_backed,test-fixture://review-evidence-closure/source/automatic_air_vent,Protocol-only fixture proving source-backed closure. Not a real supplier quote.,2026-05-17T11:40:00.000+01:00,Keep source record attached; refresh evidence before procurement use.
mass_fluid_transport_process_expansion_air_removal_pressure_relief_valve,pressure_relief_valve,pressure relief valve,false,supplier,Protocol Evidence Supplier,source_backed,test-fixture://review-evidence-closure/source/pressure_relief_valve,Protocol-only fixture proving source-backed closure. Not a real supplier quote.,2026-05-17T11:40:00.000+01:00,Keep source record attached; refresh evidence before procurement use.
mass_fluid_transport_process_expansion_air_removal_pressure_relief_valve,pressure_relief_valve,pressure relief valve,false,manufacturer,Protocol Evidence Manufacturer,source_backed,test-fixture://review-evidence-closure/source/pressure_relief_valve,Protocol-only fixture proving source-backed closure. Not a real supplier quote.,2026-05-17T11:40:00.000+01:00,Keep source record attached; refresh evidence before procurement use.
mass_fluid_transport_process_expansion_air_removal_pressure_relief_valve,pressure_relief_valve,pressure relief valve,false,mpn,PROTOCOL-181-pressure_relief_valve,source_backed,test-fixture://review-evidence-closure/source/pressure_relief_valve,Protocol-only fixture proving source-backed closure. Not a real supplier quote.,2026-05-17T11:40:00.000+01:00,Keep source record attached; refresh evidence before procurement use.
mass_fluid_transport_process_expansion_air_removal_pressure_relief_valve,pressure_relief_valve,pressure relief valve,false,unit_cost_gbp,280,source_backed,test-fixture://review-evidence-closure/source/pressure_relief_valve,Protocol-only fixture proving source-backed closure. Not a real supplier quote.,2026-05-17T11:40:00.000+01:00,Keep source record attached; refresh evidence before procurement use.
mass_fluid_transport_process_expansion_air_removal_pressure_relief_valve,pressure_relief_valve,pressure relief valve,false,lead_time_weeks,8,source_backed,test-fixture://review-evidence-closure/source/pressure_relief_valve,Protocol-only fixture proving source-backed closure. Not a real supplier quote.,2026-05-17T11:40:00.000+01:00,Keep source record attached; refresh evidence before procurement use.
mass_fluid_transport_process_expansion_air_removal_low_pressure_switch,low_pressure_switch,low pressure switch,false,supplier,Protocol Evidence Supplier,source_backed,test-fixture://review-evidence-closure/source/low_pressure_switch,Protocol-only fixture proving source-backed closure. Not a real supplier quote.,2026-05-17T11:40:00.000+01:00,Keep source record attached; refresh evidence before procurement use.
mass_fluid_transport_process_expansion_air_removal_low_pressure_switch,low_pressure_switch,low pressure switch,false,manufacturer,Protocol Evidence Manufacturer,source_backed,test-fixture://review-evidence-closure/source/low_pressure_switch,Protocol-only fixture proving source-backed closure. Not a real supplier quote.,2026-05-17T11:40:00.000+01:00,Keep source record attached; refresh evidence before procurement use.
mass_fluid_transport_process_expansion_air_removal_low_pressure_switch,low_pressure_switch,low pressure switch,false,mpn,PROTOCOL-182-low_pressure_switch,source_backed,test-fixture://review-evidence-closure/source/low_pressure_switch,Protocol-only fixture proving source-backed closure. Not a real supplier quote.,2026-05-17T11:40:00.000+01:00,Keep source record attached; refresh evidence before procurement use.
mass_fluid_transport_process_expansion_air_removal_low_pressure_switch,low_pressure_switch,low pressure switch,false,unit_cost_gbp,281,source_backed,test-fixture://review-evidence-closure/source/low_pressure_switch,Protocol-only fixture proving source-backed closure. Not a real supplier quote.,2026-05-17T11:40:00.000+01:00,Keep source record attached; refresh evidence before procurement use.
mass_fluid_transport_process_expansion_air_removal_low_pressure_switch,low_pressure_switch,low pressure switch,false,lead_time_weeks,8,source_backed,test-fixture://review-evidence-closure/source/low_pressure_switch,Protocol-only fixture proving source-backed closure. Not a real supplier quote.,2026-05-17T11:40:00.000+01:00,Keep source record attached; refresh evidence before procurement use.
mass_fluid_transport_process_heat_exchanger_manifold_plate_heat_exchanger,plate_heat_exchanger,plate heat exchanger,false,supplier,Protocol Evidence Supplier,source_backed,test-fixture://review-evidence-closure/source/plate_heat_exchanger,Protocol-only fixture proving source-backed closure. Not a real supplier quote.,2026-05-17T11:40:00.000+01:00,Keep source record attached; refresh evidence before procurement use.
mass_fluid_transport_process_heat_exchanger_manifold_plate_heat_exchanger,plate_heat_exchanger,plate heat exchanger,false,manufacturer,Protocol Evidence Manufacturer,source_backed,test-fixture://review-evidence-closure/source/plate_heat_exchanger,Protocol-only fixture proving source-backed closure. Not a real supplier quote.,2026-05-17T11:40:00.000+01:00,Keep source record attached; refresh evidence before procurement use.
mass_fluid_transport_process_heat_exchanger_manifold_plate_heat_exchanger,plate_heat_exchanger,plate heat exchanger,false,mpn,PROTOCOL-183-plate_heat_exchanger,source_backed,test-fixture://review-evidence-closure/source/plate_heat_exchanger,Protocol-only fixture proving source-backed closure. Not a real supplier quote.,2026-05-17T11:40:00.000+01:00,Keep source record attached; refresh evidence before procurement use.
mass_fluid_transport_process_heat_exchanger_manifold_plate_heat_exchanger,plate_heat_exchanger,plate heat exchanger,false,unit_cost_gbp,282,source_backed,test-fixture://review-evidence-closure/source/plate_heat_exchanger,Protocol-only fixture proving source-backed closure. Not a real supplier quote.,2026-05-17T11:40:00.000+01:00,Keep source record attached; refresh evidence before procurement use.
mass_fluid_transport_process_heat_exchanger_manifold_plate_heat_exchanger,plate_heat_exchanger,plate heat exchanger,false,lead_time_weeks,8,source_backed,test-fixture://review-evidence-closure/source/plate_heat_exchanger,Protocol-only fixture proving source-backed closure. Not a real supplier quote.,2026-05-17T11:40:00.000+01:00,Keep source record attached; refresh evidence before procurement use.
mass_fluid_transport_process_heat_exchanger_manifold_temperature_balancing_valve,temperature_balancing_valve,temperature balancing valve,false,supplier,Protocol Evidence Supplier,source_backed,test-fixture://review-evidence-closure/source/temperature_balancing_valve,Protocol-only fixture proving source-backed closure. Not a real supplier quote.,2026-05-17T11:40:00.000+01:00,Keep source record attached; refresh evidence before procurement use.
mass_fluid_transport_process_heat_exchanger_manifold_temperature_balancing_valve,temperature_balancing_valve,temperature balancing valve,false,manufacturer,Protocol Evidence Manufacturer,source_backed,test-fixture://review-evidence-closure/source/temperature_balancing_valve,Protocol-only fixture proving source-backed closure. Not a real supplier quote.,2026-05-17T11:40:00.000+01:00,Keep source record attached; refresh evidence before procurement use.
mass_fluid_transport_process_heat_exchanger_manifold_temperature_balancing_valve,temperature_balancing_valve,temperature balancing valve,false,mpn,PROTOCOL-184-temperature_balancing_valve,source_backed,test-fixture://review-evidence-closure/source/temperature_balancing_valve,Protocol-only fixture proving source-backed closure. Not a real supplier quote.,2026-05-17T11:40:00.000+01:00,Keep source record attached; refresh evidence before procurement use.
mass_fluid_transport_process_heat_exchanger_manifold_temperature_balancing_valve,temperature_balancing_valve,temperature balancing valve,false,unit_cost_gbp,283,source_backed,test-fixture://review-evidence-closure/source/temperature_balancing_valve,Protocol-only fixture proving source-backed closure. Not a real supplier quote.,2026-05-17T11:40:00.000+01:00,Keep source record attached; refresh evidence before procurement use.
mass_fluid_transport_process_heat_exchanger_manifold_temperature_balancing_valve,temperature_balancing_valve,temperature balancing valve,false,lead_time_weeks,8,source_backed,test-fixture://review-evidence-closure/source/temperature_balancing_valve,Protocol-only fixture proving source-backed closure. Not a real supplier quote.,2026-05-17T11:40:00.000+01:00,Keep source record attached; refresh evidence before procurement use.
mass_fluid_transport_process_heat_exchanger_manifold_purge_valve_set,purge_valve_set,purge valve set,false,supplier,Protocol Evidence Supplier,source_backed,test-fixture://review-evidence-closure/source/purge_valve_set,Protocol-only fixture proving source-backed closure. Not a real supplier quote.,2026-05-17T11:40:00.000+01:00,Keep source record attached; refresh evidence before procurement use.
mass_fluid_transport_process_heat_exchanger_manifold_purge_valve_set,purge_valve_set,purge valve set,false,manufacturer,Protocol Evidence Manufacturer,source_backed,test-fixture://review-evidence-closure/source/purge_valve_set,Protocol-only fixture proving source-backed closure. Not a real supplier quote.,2026-05-17T11:40:00.000+01:00,Keep source record attached; refresh evidence before procurement use.
mass_fluid_transport_process_heat_exchanger_manifold_purge_valve_set,purge_valve_set,purge valve set,false,mpn,PROTOCOL-185-purge_valve_set,source_backed,test-fixture://review-evidence-closure/source/purge_valve_set,Protocol-only fixture proving source-backed closure. Not a real supplier quote.,2026-05-17T11:40:00.000+01:00,Keep source record attached; refresh evidence before procurement use.
mass_fluid_transport_process_heat_exchanger_manifold_purge_valve_set,purge_valve_set,purge valve set,false,unit_cost_gbp,284,source_backed,test-fixture://review-evidence-closure/source/purge_valve_set,Protocol-only fixture proving source-backed closure. Not a real supplier quote.,2026-05-17T11:40:00.000+01:00,Keep source record attached; refresh evidence before procurement use.
mass_fluid_transport_process_heat_exchanger_manifold_purge_valve_set,purge_valve_set,purge valve set,false,lead_time_weeks,8,source_backed,test-fixture://review-evidence-closure/source/purge_valve_set,Protocol-only fixture proving source-backed closure. Not a real supplier quote.,2026-05-17T11:40:00.000+01:00,Keep source record attached; refresh evidence before procurement use.
mass_fluid_transport_process_heat_exchanger_manifold_service_bypass_loop,service_bypass_loop,service bypass loop,false,supplier,Protocol Evidence Supplier,source_backed,test-fixture://review-evidence-closure/source/service_bypass_loop,Protocol-only fixture proving source-backed closure. Not a real supplier quote.,2026-05-17T11:40:00.000+01:00,Keep source record attached; refresh evidence before procurement use.
mass_fluid_transport_process_heat_exchanger_manifold_service_bypass_loop,service_bypass_loop,service bypass loop,false,manufacturer,Protocol Evidence Manufacturer,source_backed,test-fixture://review-evidence-closure/source/service_bypass_loop,Protocol-only fixture proving source-backed closure. Not a real supplier quote.,2026-05-17T11:40:00.000+01:00,Keep source record attached; refresh evidence before procurement use.
mass_fluid_transport_process_heat_exchanger_manifold_service_bypass_loop,service_bypass_loop,service bypass loop,false,mpn,PROTOCOL-186-service_bypass_loop,source_backed,test-fixture://review-evidence-closure/source/service_bypass_loop,Protocol-only fixture proving source-backed closure. Not a real supplier quote.,2026-05-17T11:40:00.000+01:00,Keep source record attached; refresh evidence before procurement use.
mass_fluid_transport_process_heat_exchanger_manifold_service_bypass_loop,service_bypass_loop,service bypass loop,false,unit_cost_gbp,285,source_backed,test-fixture://review-evidence-closure/source/service_bypass_loop,Protocol-only fixture proving source-backed closure. Not a real supplier quote.,2026-05-17T11:40:00.000+01:00,Keep source record attached; refresh evidence before procurement use.
mass_fluid_transport_process_heat_exchanger_manifold_service_bypass_loop,service_bypass_loop,service bypass loop,false,lead_time_weeks,8,source_backed,test-fixture://review-evidence-closure/source/service_bypass_loop,Protocol-only fixture proving source-backed closure. Not a real supplier quote.,2026-05-17T11:40:00.000+01:00,Keep source record attached; refresh evidence before procurement use.
mass_fluid_transport_process_heat_exchanger_manifold_insulated_hose_set,insulated_hose_set,insulated hose set,false,supplier,Protocol Evidence Supplier,source_backed,test-fixture://review-evidence-closure/source/insulated_hose_set,Protocol-only fixture proving source-backed closure. Not a real supplier quote.,2026-05-17T11:40:00.000+01:00,Keep source record attached; refresh evidence before procurement use.
mass_fluid_transport_process_heat_exchanger_manifold_insulated_hose_set,insulated_hose_set,insulated hose set,false,manufacturer,Protocol Evidence Manufacturer,source_backed,test-fixture://review-evidence-closure/source/insulated_hose_set,Protocol-only fixture proving source-backed closure. Not a real supplier quote.,2026-05-17T11:40:00.000+01:00,Keep source record attached; refresh evidence before procurement use.
mass_fluid_transport_process_heat_exchanger_manifold_insulated_hose_set,insulated_hose_set,insulated hose set,false,mpn,PROTOCOL-187-insulated_hose_set,source_backed,test-fixture://review-evidence-closure/source/insulated_hose_set,Protocol-only fixture proving source-backed closure. Not a real supplier quote.,2026-05-17T11:40:00.000+01:00,Keep source record attached; refresh evidence before procurement use.
mass_fluid_transport_process_heat_exchanger_manifold_insulated_hose_set,insulated_hose_set,insulated hose set,false,unit_cost_gbp,286,source_backed,test-fixture://review-evidence-closure/source/insulated_hose_set,Protocol-only fixture proving source-backed closure. Not a real supplier quote.,2026-05-17T11:40:00.000+01:00,Keep source record attached; refresh evidence before procurement use.
mass_fluid_transport_process_heat_exchanger_manifold_insulated_hose_set,insulated_hose_set,insulated hose set,false,lead_time_weeks,8,source_backed,test-fixture://review-evidence-closure/source/insulated_hose_set,Protocol-only fixture proving source-backed closure. Not a real supplier quote.,2026-05-17T11:40:00.000+01:00,Keep source record attached; refresh evidence before procurement use.
hmi_ergonomics_local_hmi_industrial_touchscreen,industrial_touchscreen,industrial touchscreen,false,supplier,Protocol Evidence Supplier,source_backed,test-fixture://review-evidence-closure/source/industrial_touchscreen,Protocol-only fixture proving source-backed closure. Not a real supplier quote.,2026-05-17T11:40:00.000+01:00,Keep source record attached; refresh evidence before procurement use.
hmi_ergonomics_local_hmi_industrial_touchscreen,industrial_touchscreen,industrial touchscreen,false,manufacturer,Protocol Evidence Manufacturer,source_backed,test-fixture://review-evidence-closure/source/industrial_touchscreen,Protocol-only fixture proving source-backed closure. Not a real supplier quote.,2026-05-17T11:40:00.000+01:00,Keep source record attached; refresh evidence before procurement use.
hmi_ergonomics_local_hmi_industrial_touchscreen,industrial_touchscreen,industrial touchscreen,false,mpn,PROTOCOL-188-industrial_touchscreen,source_backed,test-fixture://review-evidence-closure/source/industrial_touchscreen,Protocol-only fixture proving source-backed closure. Not a real supplier quote.,2026-05-17T11:40:00.000+01:00,Keep source record attached; refresh evidence before procurement use.
hmi_ergonomics_local_hmi_industrial_touchscreen,industrial_touchscreen,industrial touchscreen,false,unit_cost_gbp,287,source_backed,test-fixture://review-evidence-closure/source/industrial_touchscreen,Protocol-only fixture proving source-backed closure. Not a real supplier quote.,2026-05-17T11:40:00.000+01:00,Keep source record attached; refresh evidence before procurement use.
hmi_ergonomics_local_hmi_industrial_touchscreen,industrial_touchscreen,industrial touchscreen,false,lead_time_weeks,8,source_backed,test-fixture://review-evidence-closure/source/industrial_touchscreen,Protocol-only fixture proving source-backed closure. Not a real supplier quote.,2026-05-17T11:40:00.000+01:00,Keep source record attached; refresh evidence before procurement use.
hmi_ergonomics_local_hmi_panel_pc,panel_pc,panel PC,false,supplier,Protocol Evidence Supplier,source_backed,test-fixture://review-evidence-closure/source/panel_pc,Protocol-only fixture proving source-backed closure. Not a real supplier quote.,2026-05-17T11:40:00.000+01:00,Keep source record attached; refresh evidence before procurement use.
hmi_ergonomics_local_hmi_panel_pc,panel_pc,panel PC,false,manufacturer,Protocol Evidence Manufacturer,source_backed,test-fixture://review-evidence-closure/source/panel_pc,Protocol-only fixture proving source-backed closure. Not a real supplier quote.,2026-05-17T11:40:00.000+01:00,Keep source record attached; refresh evidence before procurement use.
hmi_ergonomics_local_hmi_panel_pc,panel_pc,panel PC,false,mpn,PROTOCOL-189-panel_pc,source_backed,test-fixture://review-evidence-closure/source/panel_pc,Protocol-only fixture proving source-backed closure. Not a real supplier quote.,2026-05-17T11:40:00.000+01:00,Keep source record attached; refresh evidence before procurement use.
hmi_ergonomics_local_hmi_panel_pc,panel_pc,panel PC,false,unit_cost_gbp,288,source_backed,test-fixture://review-evidence-closure/source/panel_pc,Protocol-only fixture proving source-backed closure. Not a real supplier quote.,2026-05-17T11:40:00.000+01:00,Keep source record attached; refresh evidence before procurement use.
hmi_ergonomics_local_hmi_panel_pc,panel_pc,panel PC,false,lead_time_weeks,8,source_backed,test-fixture://review-evidence-closure/source/panel_pc,Protocol-only fixture proving source-backed closure. Not a real supplier quote.,2026-05-17T11:40:00.000+01:00,Keep source record attached; refresh evidence before procurement use.
hmi_ergonomics_local_hmi_key_switch,key_switch,key switch,false,supplier,Protocol Evidence Supplier,source_backed,test-fixture://review-evidence-closure/source/key_switch,Protocol-only fixture proving source-backed closure. Not a real supplier quote.,2026-05-17T11:40:00.000+01:00,Keep source record attached; refresh evidence before procurement use.
hmi_ergonomics_local_hmi_key_switch,key_switch,key switch,false,manufacturer,Protocol Evidence Manufacturer,source_backed,test-fixture://review-evidence-closure/source/key_switch,Protocol-only fixture proving source-backed closure. Not a real supplier quote.,2026-05-17T11:40:00.000+01:00,Keep source record attached; refresh evidence before procurement use.
hmi_ergonomics_local_hmi_key_switch,key_switch,key switch,false,mpn,PROTOCOL-190-key_switch,source_backed,test-fixture://review-evidence-closure/source/key_switch,Protocol-only fixture proving source-backed closure. Not a real supplier quote.,2026-05-17T11:40:00.000+01:00,Keep source record attached; refresh evidence before procurement use.
hmi_ergonomics_local_hmi_key_switch,key_switch,key switch,false,unit_cost_gbp,289,source_backed,test-fixture://review-evidence-closure/source/key_switch,Protocol-only fixture proving source-backed closure. Not a real supplier quote.,2026-05-17T11:40:00.000+01:00,Keep source record attached; refresh evidence before procurement use.
hmi_ergonomics_local_hmi_key_switch,key_switch,key switch,false,lead_time_weeks,8,source_backed,test-fixture://review-evidence-closure/source/key_switch,Protocol-only fixture proving source-backed closure. Not a real supplier quote.,2026-05-17T11:40:00.000+01:00,Keep source record attached; refresh evidence before procurement use.
hmi_ergonomics_local_hmi_alarm_buzzer_beacon,alarm_buzzer_beacon,alarm buzzer beacon,false,supplier,Protocol Evidence Supplier,source_backed,test-fixture://review-evidence-closure/source/alarm_buzzer_beacon,Protocol-only fixture proving source-backed closure. Not a real supplier quote.,2026-05-17T11:40:00.000+01:00,Keep source record attached; refresh evidence before procurement use.
hmi_ergonomics_local_hmi_alarm_buzzer_beacon,alarm_buzzer_beacon,alarm buzzer beacon,false,manufacturer,Protocol Evidence Manufacturer,source_backed,test-fixture://review-evidence-closure/source/alarm_buzzer_beacon,Protocol-only fixture proving source-backed closure. Not a real supplier quote.,2026-05-17T11:40:00.000+01:00,Keep source record attached; refresh evidence before procurement use.
hmi_ergonomics_local_hmi_alarm_buzzer_beacon,alarm_buzzer_beacon,alarm buzzer beacon,false,mpn,PROTOCOL-191-alarm_buzzer_beacon,source_backed,test-fixture://review-evidence-closure/source/alarm_buzzer_beacon,Protocol-only fixture proving source-backed closure. Not a real supplier quote.,2026-05-17T11:40:00.000+01:00,Keep source record attached; refresh evidence before procurement use.
hmi_ergonomics_local_hmi_alarm_buzzer_beacon,alarm_buzzer_beacon,alarm buzzer beacon,false,unit_cost_gbp,290,source_backed,test-fixture://review-evidence-closure/source/alarm_buzzer_beacon,Protocol-only fixture proving source-backed closure. Not a real supplier quote.,2026-05-17T11:40:00.000+01:00,Keep source record attached; refresh evidence before procurement use.
hmi_ergonomics_local_hmi_alarm_buzzer_beacon,alarm_buzzer_beacon,alarm buzzer beacon,false,lead_time_weeks,8,source_backed,test-fixture://review-evidence-closure/source/alarm_buzzer_beacon,Protocol-only fixture proving source-backed closure. Not a real supplier quote.,2026-05-17T11:40:00.000+01:00,Keep source record attached; refresh evidence before procurement use.
hmi_ergonomics_external_labelling_high_voltage_warning_label,high_voltage_warning_label,high voltage warning label,false,supplier,Protocol Evidence Supplier,source_backed,test-fixture://review-evidence-closure/source/high_voltage_warning_label,Protocol-only fixture proving source-backed closure. Not a real supplier quote.,2026-05-17T11:40:00.000+01:00,Keep source record attached; refresh evidence before procurement use.
hmi_ergonomics_external_labelling_high_voltage_warning_label,high_voltage_warning_label,high voltage warning label,false,manufacturer,Protocol Evidence Manufacturer,source_backed,test-fixture://review-evidence-closure/source/high_voltage_warning_label,Protocol-only fixture proving source-backed closure. Not a real supplier quote.,2026-05-17T11:40:00.000+01:00,Keep source record attached; refresh evidence before procurement use.
hmi_ergonomics_external_labelling_high_voltage_warning_label,high_voltage_warning_label,high voltage warning label,false,mpn,PROTOCOL-192-high_voltage_warning_label,source_backed,test-fixture://review-evidence-closure/source/high_voltage_warning_label,Protocol-only fixture proving source-backed closure. Not a real supplier quote.,2026-05-17T11:40:00.000+01:00,Keep source record attached; refresh evidence before procurement use.
hmi_ergonomics_external_labelling_high_voltage_warning_label,high_voltage_warning_label,high voltage warning label,false,unit_cost_gbp,291,source_backed,test-fixture://review-evidence-closure/source/high_voltage_warning_label,Protocol-only fixture proving source-backed closure. Not a real supplier quote.,2026-05-17T11:40:00.000+01:00,Keep source record attached; refresh evidence before procurement use.
hmi_ergonomics_external_labelling_high_voltage_warning_label,high_voltage_warning_label,high voltage warning label,false,lead_time_weeks,8,source_backed,test-fixture://review-evidence-closure/source/high_voltage_warning_label,Protocol-only fixture proving source-backed closure. Not a real supplier quote.,2026-05-17T11:40:00.000+01:00,Keep source record attached; refresh evidence before procurement use.
hmi_ergonomics_external_labelling_arc_flash_boundary_label,arc_flash_boundary_label,arc flash boundary label,false,supplier,Protocol Evidence Supplier,source_backed,test-fixture://review-evidence-closure/source/arc_flash_boundary_label,Protocol-only fixture proving source-backed closure. Not a real supplier quote.,2026-05-17T11:40:00.000+01:00,Keep source record attached; refresh evidence before procurement use.
hmi_ergonomics_external_labelling_arc_flash_boundary_label,arc_flash_boundary_label,arc flash boundary label,false,manufacturer,Protocol Evidence Manufacturer,source_backed,test-fixture://review-evidence-closure/source/arc_flash_boundary_label,Protocol-only fixture proving source-backed closure. Not a real supplier quote.,2026-05-17T11:40:00.000+01:00,Keep source record attached; refresh evidence before procurement use.
hmi_ergonomics_external_labelling_arc_flash_boundary_label,arc_flash_boundary_label,arc flash boundary label,false,mpn,PROTOCOL-193-arc_flash_boundary_label,source_backed,test-fixture://review-evidence-closure/source/arc_flash_boundary_label,Protocol-only fixture proving source-backed closure. Not a real supplier quote.,2026-05-17T11:40:00.000+01:00,Keep source record attached; refresh evidence before procurement use.
hmi_ergonomics_external_labelling_arc_flash_boundary_label,arc_flash_boundary_label,arc flash boundary label,false,unit_cost_gbp,292,source_backed,test-fixture://review-evidence-closure/source/arc_flash_boundary_label,Protocol-only fixture proving source-backed closure. Not a real supplier quote.,2026-05-17T11:40:00.000+01:00,Keep source record attached; refresh evidence before procurement use.
hmi_ergonomics_external_labelling_arc_flash_boundary_label,arc_flash_boundary_label,arc flash boundary label,false,lead_time_weeks,8,source_backed,test-fixture://review-evidence-closure/source/arc_flash_boundary_label,Protocol-only fixture proving source-backed closure. Not a real supplier quote.,2026-05-17T11:40:00.000+01:00,Keep source record attached; refresh evidence before procurement use.
hmi_ergonomics_external_labelling_fire_suppression_instruction_placard,fire_suppression_instruction_placard,fire suppression instruction placard,false,supplier,Protocol Evidence Supplier,source_backed,test-fixture://review-evidence-closure/source/fire_suppression_instruction_placard,Protocol-only fixture proving source-backed closure. Not a real supplier quote.,2026-05-17T11:40:00.000+01:00,Keep source record attached; refresh evidence before procurement use.
hmi_ergonomics_external_labelling_fire_suppression_instruction_placard,fire_suppression_instruction_placard,fire suppression instruction placard,false,manufacturer,Protocol Evidence Manufacturer,source_backed,test-fixture://review-evidence-closure/source/fire_suppression_instruction_placard,Protocol-only fixture proving source-backed closure. Not a real supplier quote.,2026-05-17T11:40:00.000+01:00,Keep source record attached; refresh evidence before procurement use.
hmi_ergonomics_external_labelling_fire_suppression_instruction_placard,fire_suppression_instruction_placard,fire suppression instruction placard,false,mpn,PROTOCOL-194-fire_suppression_instruction_placard,source_backed,test-fixture://review-evidence-closure/source/fire_suppression_instruction_placard,Protocol-only fixture proving source-backed closure. Not a real supplier quote.,2026-05-17T11:40:00.000+01:00,Keep source record attached; refresh evidence before procurement use.
hmi_ergonomics_external_labelling_fire_suppression_instruction_placard,fire_suppression_instruction_placard,fire suppression instruction placard,false,unit_cost_gbp,293,source_backed,test-fixture://review-evidence-closure/source/fire_suppression_instruction_placard,Protocol-only fixture proving source-backed closure. Not a real supplier quote.,2026-05-17T11:40:00.000+01:00,Keep source record attached; refresh evidence before procurement use.
hmi_ergonomics_external_labelling_fire_suppression_instruction_placard,fire_suppression_instruction_placard,fire suppression instruction placard,false,lead_time_weeks,8,source_backed,test-fixture://review-evidence-closure/source/fire_suppression_instruction_placard,Protocol-only fixture proving source-backed closure. Not a real supplier quote.,2026-05-17T11:40:00.000+01:00,Keep source record attached; refresh evidence before procurement use.
hmi_ergonomics_external_labelling_asset_qr_label,asset_qr_label,asset QR label,false,supplier,Protocol Evidence Supplier,source_backed,test-fixture://review-evidence-closure/source/asset_qr_label,Protocol-only fixture proving source-backed closure. Not a real supplier quote.,2026-05-17T11:40:00.000+01:00,Keep source record attached; refresh evidence before procurement use.
hmi_ergonomics_external_labelling_asset_qr_label,asset_qr_label,asset QR label,false,manufacturer,Protocol Evidence Manufacturer,source_backed,test-fixture://review-evidence-closure/source/asset_qr_label,Protocol-only fixture proving source-backed closure. Not a real supplier quote.,2026-05-17T11:40:00.000+01:00,Keep source record attached; refresh evidence before procurement use.
hmi_ergonomics_external_labelling_asset_qr_label,asset_qr_label,asset QR label,false,mpn,PROTOCOL-195-asset_qr_label,source_backed,test-fixture://review-evidence-closure/source/asset_qr_label,Protocol-only fixture proving source-backed closure. Not a real supplier quote.,2026-05-17T11:40:00.000+01:00,Keep source record attached; refresh evidence before procurement use.
hmi_ergonomics_external_labelling_asset_qr_label,asset_qr_label,asset QR label,false,unit_cost_gbp,294,source_backed,test-fixture://review-evidence-closure/source/asset_qr_label,Protocol-only fixture proving source-backed closure. Not a real supplier quote.,2026-05-17T11:40:00.000+01:00,Keep source record attached; refresh evidence before procurement use.
hmi_ergonomics_external_labelling_asset_qr_label,asset_qr_label,asset QR label,false,lead_time_weeks,8,source_backed,test-fixture://review-evidence-closure/source/asset_qr_label,Protocol-only fixture proving source-backed closure. Not a real supplier quote.,2026-05-17T11:40:00.000+01:00,Keep source record attached; refresh evidence before procurement use.
hmi_ergonomics_operator_workflow_laminated_isolation_checklist,laminated_isolation_checklist,laminated isolation checklist,false,supplier,Protocol Evidence Supplier,source_backed,test-fixture://review-evidence-closure/source/laminated_isolation_checklist,Protocol-only fixture proving source-backed closure. Not a real supplier quote.,2026-05-17T11:40:00.000+01:00,Keep source record attached; refresh evidence before procurement use.
hmi_ergonomics_operator_workflow_laminated_isolation_checklist,laminated_isolation_checklist,laminated isolation checklist,false,manufacturer,Protocol Evidence Manufacturer,source_backed,test-fixture://review-evidence-closure/source/laminated_isolation_checklist,Protocol-only fixture proving source-backed closure. Not a real supplier quote.,2026-05-17T11:40:00.000+01:00,Keep source record attached; refresh evidence before procurement use.
hmi_ergonomics_operator_workflow_laminated_isolation_checklist,laminated_isolation_checklist,laminated isolation checklist,false,mpn,PROTOCOL-196-laminated_isolation_checklist,source_backed,test-fixture://review-evidence-closure/source/laminated_isolation_checklist,Protocol-only fixture proving source-backed closure. Not a real supplier quote.,2026-05-17T11:40:00.000+01:00,Keep source record attached; refresh evidence before procurement use.
hmi_ergonomics_operator_workflow_laminated_isolation_checklist,laminated_isolation_checklist,laminated isolation checklist,false,unit_cost_gbp,295,source_backed,test-fixture://review-evidence-closure/source/laminated_isolation_checklist,Protocol-only fixture proving source-backed closure. Not a real supplier quote.,2026-05-17T11:40:00.000+01:00,Keep source record attached; refresh evidence before procurement use.
hmi_ergonomics_operator_workflow_laminated_isolation_checklist,laminated_isolation_checklist,laminated isolation checklist,false,lead_time_weeks,8,source_backed,test-fixture://review-evidence-closure/source/laminated_isolation_checklist,Protocol-only fixture proving source-backed closure. Not a real supplier quote.,2026-05-17T11:40:00.000+01:00,Keep source record attached; refresh evidence before procurement use.
hmi_ergonomics_operator_workflow_inspection_log_holder,inspection_log_holder,inspection log holder,false,supplier,Protocol Evidence Supplier,source_backed,test-fixture://review-evidence-closure/source/inspection_log_holder,Protocol-only fixture proving source-backed closure. Not a real supplier quote.,2026-05-17T11:40:00.000+01:00,Keep source record attached; refresh evidence before procurement use.
hmi_ergonomics_operator_workflow_inspection_log_holder,inspection_log_holder,inspection log holder,false,manufacturer,Protocol Evidence Manufacturer,source_backed,test-fixture://review-evidence-closure/source/inspection_log_holder,Protocol-only fixture proving source-backed closure. Not a real supplier quote.,2026-05-17T11:40:00.000+01:00,Keep source record attached; refresh evidence before procurement use.
hmi_ergonomics_operator_workflow_inspection_log_holder,inspection_log_holder,inspection log holder,false,mpn,PROTOCOL-197-inspection_log_holder,source_backed,test-fixture://review-evidence-closure/source/inspection_log_holder,Protocol-only fixture proving source-backed closure. Not a real supplier quote.,2026-05-17T11:40:00.000+01:00,Keep source record attached; refresh evidence before procurement use.
hmi_ergonomics_operator_workflow_inspection_log_holder,inspection_log_holder,inspection log holder,false,unit_cost_gbp,296,source_backed,test-fixture://review-evidence-closure/source/inspection_log_holder,Protocol-only fixture proving source-backed closure. Not a real supplier quote.,2026-05-17T11:40:00.000+01:00,Keep source record attached; refresh evidence before procurement use.
hmi_ergonomics_operator_workflow_inspection_log_holder,inspection_log_holder,inspection log holder,false,lead_time_weeks,8,source_backed,test-fixture://review-evidence-closure/source/inspection_log_holder,Protocol-only fixture proving source-backed closure. Not a real supplier quote.,2026-05-17T11:40:00.000+01:00,Keep source record attached; refresh evidence before procurement use.
hmi_ergonomics_operator_workflow_status_stack_light,status_stack_light,status stack light,false,supplier,Protocol Evidence Supplier,source_backed,test-fixture://review-evidence-closure/source/status_stack_light,Protocol-only fixture proving source-backed closure. Not a real supplier quote.,2026-05-17T11:40:00.000+01:00,Keep source record attached; refresh evidence before procurement use.
hmi_ergonomics_operator_workflow_status_stack_light,status_stack_light,status stack light,false,manufacturer,Protocol Evidence Manufacturer,source_backed,test-fixture://review-evidence-closure/source/status_stack_light,Protocol-only fixture proving source-backed closure. Not a real supplier quote.,2026-05-17T11:40:00.000+01:00,Keep source record attached; refresh evidence before procurement use.
hmi_ergonomics_operator_workflow_status_stack_light,status_stack_light,status stack light,false,mpn,PROTOCOL-198-status_stack_light,source_backed,test-fixture://review-evidence-closure/source/status_stack_light,Protocol-only fixture proving source-backed closure. Not a real supplier quote.,2026-05-17T11:40:00.000+01:00,Keep source record attached; refresh evidence before procurement use.
hmi_ergonomics_operator_workflow_status_stack_light,status_stack_light,status stack light,false,unit_cost_gbp,297,source_backed,test-fixture://review-evidence-closure/source/status_stack_light,Protocol-only fixture proving source-backed closure. Not a real supplier quote.,2026-05-17T11:40:00.000+01:00,Keep source record attached; refresh evidence before procurement use.
hmi_ergonomics_operator_workflow_status_stack_light,status_stack_light,status stack light,false,lead_time_weeks,8,source_backed,test-fixture://review-evidence-closure/source/status_stack_light,Protocol-only fixture proving source-backed closure. Not a real supplier quote.,2026-05-17T11:40:00.000+01:00,Keep source record attached; refresh evidence before procurement use.
hmi_ergonomics_operator_workflow_manual_reset_station,manual_reset_station,manual reset station,false,supplier,Protocol Evidence Supplier,source_backed,test-fixture://review-evidence-closure/source/manual_reset_station,Protocol-only fixture proving source-backed closure. Not a real supplier quote.,2026-05-17T11:40:00.000+01:00,Keep source record attached; refresh evidence before procurement use.
hmi_ergonomics_operator_workflow_manual_reset_station,manual_reset_station,manual reset station,false,manufacturer,Protocol Evidence Manufacturer,source_backed,test-fixture://review-evidence-closure/source/manual_reset_station,Protocol-only fixture proving source-backed closure. Not a real supplier quote.,2026-05-17T11:40:00.000+01:00,Keep source record attached; refresh evidence before procurement use.
hmi_ergonomics_operator_workflow_manual_reset_station,manual_reset_station,manual reset station,false,mpn,PROTOCOL-199-manual_reset_station,source_backed,test-fixture://review-evidence-closure/source/manual_reset_station,Protocol-only fixture proving source-backed closure. Not a real supplier quote.,2026-05-17T11:40:00.000+01:00,Keep source record attached; refresh evidence before procurement use.
hmi_ergonomics_operator_workflow_manual_reset_station,manual_reset_station,manual reset station,false,unit_cost_gbp,298,source_backed,test-fixture://review-evidence-closure/source/manual_reset_station,Protocol-only fixture proving source-backed closure. Not a real supplier quote.,2026-05-17T11:40:00.000+01:00,Keep source record attached; refresh evidence before procurement use.
hmi_ergonomics_operator_workflow_manual_reset_station,manual_reset_station,manual reset station,false,lead_time_weeks,8,source_backed,test-fixture://review-evidence-closure/source/manual_reset_station,Protocol-only fixture proving source-backed closure. Not a real supplier quote.,2026-05-17T11:40:00.000+01:00,Keep source record attached; refresh evidence before procurement use.
hmi_ergonomics_remote_notification_operator_notification_relay,operator_notification_relay,operator notification relay,false,supplier,Protocol Evidence Supplier,source_backed,test-fixture://review-evidence-closure/source/operator_notification_relay,Protocol-only fixture proving source-backed closure. Not a real supplier quote.,2026-05-17T11:40:00.000+01:00,Keep source record attached; refresh evidence before procurement use.
hmi_ergonomics_remote_notification_operator_notification_relay,operator_notification_relay,operator notification relay,false,manufacturer,Protocol Evidence Manufacturer,source_backed,test-fixture://review-evidence-closure/source/operator_notification_relay,Protocol-only fixture proving source-backed closure. Not a real supplier quote.,2026-05-17T11:40:00.000+01:00,Keep source record attached; refresh evidence before procurement use.
hmi_ergonomics_remote_notification_operator_notification_relay,operator_notification_relay,operator notification relay,false,mpn,PROTOCOL-200-operator_notification_relay,source_backed,test-fixture://review-evidence-closure/source/operator_notification_relay,Protocol-only fixture proving source-backed closure. Not a real supplier quote.,2026-05-17T11:40:00.000+01:00,Keep source record attached; refresh evidence before procurement use.
hmi_ergonomics_remote_notification_operator_notification_relay,operator_notification_relay,operator notification relay,false,unit_cost_gbp,299,source_backed,test-fixture://review-evidence-closure/source/operator_notification_relay,Protocol-only fixture proving source-backed closure. Not a real supplier quote.,2026-05-17T11:40:00.000+01:00,Keep source record attached; refresh evidence before procurement use.
hmi_ergonomics_remote_notification_operator_notification_relay,operator_notification_relay,operator notification relay,false,lead_time_weeks,8,source_backed,test-fixture://review-evidence-closure/source/operator_notification_relay,Protocol-only fixture proving source-backed closure. Not a real supplier quote.,2026-05-17T11:40:00.000+01:00,Keep source record attached; refresh evidence before procurement use.
hmi_ergonomics_remote_notification_sms_alarm_output_module,sms_alarm_output_module,SMS alarm output module,false,supplier,Protocol Evidence Supplier,source_backed,test-fixture://review-evidence-closure/source/sms_alarm_output_module,Protocol-only fixture proving source-backed closure. Not a real supplier quote.,2026-05-17T11:40:00.000+01:00,Keep source record attached; refresh evidence before procurement use.
hmi_ergonomics_remote_notification_sms_alarm_output_module,sms_alarm_output_module,SMS alarm output module,false,manufacturer,Protocol Evidence Manufacturer,source_backed,test-fixture://review-evidence-closure/source/sms_alarm_output_module,Protocol-only fixture proving source-backed closure. Not a real supplier quote.,2026-05-17T11:40:00.000+01:00,Keep source record attached; refresh evidence before procurement use.
hmi_ergonomics_remote_notification_sms_alarm_output_module,sms_alarm_output_module,SMS alarm output module,false,mpn,PROTOCOL-201-sms_alarm_output_module,source_backed,test-fixture://review-evidence-closure/source/sms_alarm_output_module,Protocol-only fixture proving source-backed closure. Not a real supplier quote.,2026-05-17T11:40:00.000+01:00,Keep source record attached; refresh evidence before procurement use.
hmi_ergonomics_remote_notification_sms_alarm_output_module,sms_alarm_output_module,SMS alarm output module,false,unit_cost_gbp,300,source_backed,test-fixture://review-evidence-closure/source/sms_alarm_output_module,Protocol-only fixture proving source-backed closure. Not a real supplier quote.,2026-05-17T11:40:00.000+01:00,Keep source record attached; refresh evidence before procurement use.
hmi_ergonomics_remote_notification_sms_alarm_output_module,sms_alarm_output_module,SMS alarm output module,false,lead_time_weeks,8,source_backed,test-fixture://review-evidence-closure/source/sms_alarm_output_module,Protocol-only fixture proving source-backed closure. Not a real supplier quote.,2026-05-17T11:40:00.000+01:00,Keep source record attached; refresh evidence before procurement use.
hmi_ergonomics_remote_notification_alarm_acknowledgement_button,alarm_acknowledgement_button,alarm acknowledgement button,false,supplier,Protocol Evidence Supplier,source_backed,test-fixture://review-evidence-closure/source/alarm_acknowledgement_button,Protocol-only fixture proving source-backed closure. Not a real supplier quote.,2026-05-17T11:40:00.000+01:00,Keep source record attached; refresh evidence before procurement use.
hmi_ergonomics_remote_notification_alarm_acknowledgement_button,alarm_acknowledgement_button,alarm acknowledgement button,false,manufacturer,Protocol Evidence Manufacturer,source_backed,test-fixture://review-evidence-closure/source/alarm_acknowledgement_button,Protocol-only fixture proving source-backed closure. Not a real supplier quote.,2026-05-17T11:40:00.000+01:00,Keep source record attached; refresh evidence before procurement use.
hmi_ergonomics_remote_notification_alarm_acknowledgement_button,alarm_acknowledgement_button,alarm acknowledgement button,false,mpn,PROTOCOL-202-alarm_acknowledgement_button,source_backed,test-fixture://review-evidence-closure/source/alarm_acknowledgement_button,Protocol-only fixture proving source-backed closure. Not a real supplier quote.,2026-05-17T11:40:00.000+01:00,Keep source record attached; refresh evidence before procurement use.
hmi_ergonomics_remote_notification_alarm_acknowledgement_button,alarm_acknowledgement_button,alarm acknowledgement button,false,unit_cost_gbp,301,source_backed,test-fixture://review-evidence-closure/source/alarm_acknowledgement_button,Protocol-only fixture proving source-backed closure. Not a real supplier quote.,2026-05-17T11:40:00.000+01:00,Keep source record attached; refresh evidence before procurement use.
hmi_ergonomics_remote_notification_alarm_acknowledgement_button,alarm_acknowledgement_button,alarm acknowledgement button,false,lead_time_weeks,8,source_backed,test-fixture://review-evidence-closure/source/alarm_acknowledgement_button,Protocol-only fixture proving source-backed closure. Not a real supplier quote.,2026-05-17T11:40:00.000+01:00,Keep source record attached; refresh evidence before procurement use.
hmi_ergonomics_remote_notification_escalation_contact_label,escalation_contact_label,escalation contact label,false,supplier,Protocol Evidence Supplier,source_backed,test-fixture://review-evidence-closure/source/escalation_contact_label,Protocol-only fixture proving source-backed closure. Not a real supplier quote.,2026-05-17T11:40:00.000+01:00,Keep source record attached; refresh evidence before procurement use.
hmi_ergonomics_remote_notification_escalation_contact_label,escalation_contact_label,escalation contact label,false,manufacturer,Protocol Evidence Manufacturer,source_backed,test-fixture://review-evidence-closure/source/escalation_contact_label,Protocol-only fixture proving source-backed closure. Not a real supplier quote.,2026-05-17T11:40:00.000+01:00,Keep source record attached; refresh evidence before procurement use.
hmi_ergonomics_remote_notification_escalation_contact_label,escalation_contact_label,escalation contact label,false,mpn,PROTOCOL-203-escalation_contact_label,source_backed,test-fixture://review-evidence-closure/source/escalation_contact_label,Protocol-only fixture proving source-backed closure. Not a real supplier quote.,2026-05-17T11:40:00.000+01:00,Keep source record attached; refresh evidence before procurement use.
hmi_ergonomics_remote_notification_escalation_contact_label,escalation_contact_label,escalation contact label,false,unit_cost_gbp,302,source_backed,test-fixture://review-evidence-closure/source/escalation_contact_label,Protocol-only fixture proving source-backed closure. Not a real supplier quote.,2026-05-17T11:40:00.000+01:00,Keep source record attached; refresh evidence before procurement use.
hmi_ergonomics_remote_notification_escalation_contact_label,escalation_contact_label,escalation contact label,false,lead_time_weeks,8,source_backed,test-fixture://review-evidence-closure/source/escalation_contact_label,Protocol-only fixture proving source-backed closure. Not a real supplier quote.,2026-05-17T11:40:00.000+01:00,Keep source record attached; refresh evidence before procurement use.
hmi_ergonomics_remote_notification_remote_reset_inhibit_relay,remote_reset_inhibit_relay,remote reset inhibit relay,false,supplier,Protocol Evidence Supplier,source_backed,test-fixture://review-evidence-closure/source/remote_reset_inhibit_relay,Protocol-only fixture proving source-backed closure. Not a real supplier quote.,2026-05-17T11:40:00.000+01:00,Keep source record attached; refresh evidence before procurement use.
hmi_ergonomics_remote_notification_remote_reset_inhibit_relay,remote_reset_inhibit_relay,remote reset inhibit relay,false,manufacturer,Protocol Evidence Manufacturer,source_backed,test-fixture://review-evidence-closure/source/remote_reset_inhibit_relay,Protocol-only fixture proving source-backed closure. Not a real supplier quote.,2026-05-17T11:40:00.000+01:00,Keep source record attached; refresh evidence before procurement use.
hmi_ergonomics_remote_notification_remote_reset_inhibit_relay,remote_reset_inhibit_relay,remote reset inhibit relay,false,mpn,PROTOCOL-204-remote_reset_inhibit_relay,source_backed,test-fixture://review-evidence-closure/source/remote_reset_inhibit_relay,Protocol-only fixture proving source-backed closure. Not a real supplier quote.,2026-05-17T11:40:00.000+01:00,Keep source record attached; refresh evidence before procurement use.
hmi_ergonomics_remote_notification_remote_reset_inhibit_relay,remote_reset_inhibit_relay,remote reset inhibit relay,false,unit_cost_gbp,303,source_backed,test-fixture://review-evidence-closure/source/remote_reset_inhibit_relay,Protocol-only fixture proving source-backed closure. Not a real supplier quote.,2026-05-17T11:40:00.000+01:00,Keep source record attached; refresh evidence before procurement use.
hmi_ergonomics_remote_notification_remote_reset_inhibit_relay,remote_reset_inhibit_relay,remote reset inhibit relay,false,lead_time_weeks,8,source_backed,test-fixture://review-evidence-closure/source/remote_reset_inhibit_relay,Protocol-only fixture proving source-backed closure. Not a real supplier quote.,2026-05-17T11:40:00.000+01:00,Keep source record attached; refresh evidence before procurement use.
