id,kind,status,basis,scope,claim,provenanceRefs,sourceRefs,reviewerEvidenceRefs,linkedRequirementIds,linkedModuleIds,linkedComponentWordIds,blocksBom,blocksPublish,nextAction
brief_requirement:capacity_mwh,brief_requirement,brief_supplied,brief,Energy capacity,Energy capacity = 3.5 MWh.,brief:input.brief,,,capacity_mwh,energy_storage_source; energy_conversion_transduction; power_distribution,lfp_prismatic_cells; pcs_inverter; copper_dc_busbar,false,false,"Confirm requirement value, tolerance and acceptance condition with the project owner."
brief_requirement:mass_kg,brief_requirement,brief_supplied,brief,Mass constraint,Mass constraint = 28000 kg.,brief:input.brief,,,mass_kg,structure_containment; maintenance_serviceability,corten_steel_side_panel; lockable_access_door,false,false,"Confirm requirement value, tolerance and acceptance condition with the project owner."
brief_requirement:power_mw,brief_requirement,brief_supplied,brief,Power rating,Power rating = 1 MW.,brief:input.brief,,,power_mw,energy_conversion_transduction; power_distribution; control_compute_communication,pcs_inverter; copper_dc_busbar; bms_master_controller,false,false,"Confirm requirement value, tolerance and acceptance condition with the project owner."
bom_source_field:control_compute_communication_bms_master_bms_master_controller:lead_time_weeks,bom_source_field,source_backed,source_evidence,BMS master controller / lead_time_weeks,lead_time_weeks = 8.,,test-fixture://review-evidence-closure/source/bms_master_controller,,power_mw,control_compute_communication,bms_master_controller,false,false,Keep source record attached; refresh evidence before procurement use.
bom_source_field:control_compute_communication_bms_master_bms_master_controller:manufacturer,bom_source_field,source_backed,source_evidence,BMS master controller / manufacturer,manufacturer = Protocol Evidence Manufacturer.,,test-fixture://review-evidence-closure/source/bms_master_controller,,power_mw,control_compute_communication,bms_master_controller,false,false,Keep source record attached; refresh evidence before procurement use.
bom_source_field:control_compute_communication_bms_master_bms_master_controller:mpn,bom_source_field,source_backed,source_evidence,BMS master controller / mpn,mpn = PROTOCOL-84-bms_master_controller.,,test-fixture://review-evidence-closure/source/bms_master_controller,,power_mw,control_compute_communication,bms_master_controller,false,false,Keep source record attached; refresh evidence before procurement use.
bom_source_field:control_compute_communication_bms_master_bms_master_controller:supplier,bom_source_field,source_backed,source_evidence,BMS master controller / supplier,supplier = Protocol Evidence Supplier.,,test-fixture://review-evidence-closure/source/bms_master_controller,,power_mw,control_compute_communication,bms_master_controller,false,false,Keep source record attached; refresh evidence before procurement use.
bom_source_field:control_compute_communication_bms_master_bms_master_controller:unit_cost_gbp,bom_source_field,source_backed,source_evidence,BMS master controller / unit_cost_gbp,unit_cost_gbp = 183.,,test-fixture://review-evidence-closure/source/bms_master_controller,,power_mw,control_compute_communication,bms_master_controller,false,false,Keep source record attached; refresh evidence before procurement use.
bom_source_field:control_compute_communication_bms_master_contactor_driver_output:lead_time_weeks,bom_source_field,source_backed,source_evidence,contactor driver output / lead_time_weeks,lead_time_weeks = 8.,,test-fixture://review-evidence-closure/source/contactor_driver_output,,,control_compute_communication,contactor_driver_output,false,false,Keep source record attached; refresh evidence before procurement use.
bom_source_field:control_compute_communication_bms_master_contactor_driver_output:manufacturer,bom_source_field,source_backed,source_evidence,contactor driver output / manufacturer,manufacturer = Protocol Evidence Manufacturer.,,test-fixture://review-evidence-closure/source/contactor_driver_output,,,control_compute_communication,contactor_driver_output,false,false,Keep source record attached; refresh evidence before procurement use.
bom_source_field:control_compute_communication_bms_master_contactor_driver_output:mpn,bom_source_field,source_backed,source_evidence,contactor driver output / mpn,mpn = PROTOCOL-86-contactor_driver_output.,,test-fixture://review-evidence-closure/source/contactor_driver_output,,,control_compute_communication,contactor_driver_output,false,false,Keep source record attached; refresh evidence before procurement use.
bom_source_field:control_compute_communication_bms_master_contactor_driver_output:supplier,bom_source_field,source_backed,source_evidence,contactor driver output / supplier,supplier = Protocol Evidence Supplier.,,test-fixture://review-evidence-closure/source/contactor_driver_output,,,control_compute_communication,contactor_driver_output,false,false,Keep source record attached; refresh evidence before procurement use.
bom_source_field:control_compute_communication_bms_master_contactor_driver_output:unit_cost_gbp,bom_source_field,source_backed,source_evidence,contactor driver output / unit_cost_gbp,unit_cost_gbp = 185.,,test-fixture://review-evidence-closure/source/contactor_driver_output,,,control_compute_communication,contactor_driver_output,false,false,Keep source record attached; refresh evidence before procurement use.
bom_source_field:control_compute_communication_bms_master_isolation_interface:lead_time_weeks,bom_source_field,source_backed,source_evidence,isolation interface / lead_time_weeks,lead_time_weeks = 8.,,test-fixture://review-evidence-closure/source/isolation_interface,,,control_compute_communication,isolation_interface,false,false,Keep source record attached; refresh evidence before procurement use.
bom_source_field:control_compute_communication_bms_master_isolation_interface:manufacturer,bom_source_field,source_backed,source_evidence,isolation interface / manufacturer,manufacturer = Protocol Evidence Manufacturer.,,test-fixture://review-evidence-closure/source/isolation_interface,,,control_compute_communication,isolation_interface,false,false,Keep source record attached; refresh evidence before procurement use.
bom_source_field:control_compute_communication_bms_master_isolation_interface:mpn,bom_source_field,source_backed,source_evidence,isolation interface / mpn,mpn = PROTOCOL-85-isolation_interface.,,test-fixture://review-evidence-closure/source/isolation_interface,,,control_compute_communication,isolation_interface,false,false,Keep source record attached; refresh evidence before procurement use.
bom_source_field:control_compute_communication_bms_master_isolation_interface:supplier,bom_source_field,source_backed,source_evidence,isolation interface / supplier,supplier = Protocol Evidence Supplier.,,test-fixture://review-evidence-closure/source/isolation_interface,,,control_compute_communication,isolation_interface,false,false,Keep source record attached; refresh evidence before procurement use.
bom_source_field:control_compute_communication_bms_master_isolation_interface:unit_cost_gbp,bom_source_field,source_backed,source_evidence,isolation interface / unit_cost_gbp,unit_cost_gbp = 184.,,test-fixture://review-evidence-closure/source/isolation_interface,,,control_compute_communication,isolation_interface,false,false,Keep source record attached; refresh evidence before procurement use.
bom_source_field:control_compute_communication_bms_master_soc_estimation_firmware:lead_time_weeks,bom_source_field,source_backed,source_evidence,SOC estimation firmware / lead_time_weeks,lead_time_weeks = 8.,,test-fixture://review-evidence-closure/source/soc_estimation_firmware,,,control_compute_communication,soc_estimation_firmware,false,false,Keep source record attached; refresh evidence before procurement use.
bom_source_field:control_compute_communication_bms_master_soc_estimation_firmware:manufacturer,bom_source_field,source_backed,source_evidence,SOC estimation firmware / manufacturer,manufacturer = Protocol Evidence Manufacturer.,,test-fixture://review-evidence-closure/source/soc_estimation_firmware,,,control_compute_communication,soc_estimation_firmware,false,false,Keep source record attached; refresh evidence before procurement use.
bom_source_field:control_compute_communication_bms_master_soc_estimation_firmware:mpn,bom_source_field,source_backed,source_evidence,SOC estimation firmware / mpn,mpn = PROTOCOL-87-soc_estimation_firmware.,,test-fixture://review-evidence-closure/source/soc_estimation_firmware,,,control_compute_communication,soc_estimation_firmware,false,false,Keep source record attached; refresh evidence before procurement use.
bom_source_field:control_compute_communication_bms_master_soc_estimation_firmware:supplier,bom_source_field,source_backed,source_evidence,SOC estimation firmware / supplier,supplier = Protocol Evidence Supplier.,,test-fixture://review-evidence-closure/source/soc_estimation_firmware,,,control_compute_communication,soc_estimation_firmware,false,false,Keep source record attached; refresh evidence before procurement use.
bom_source_field:control_compute_communication_bms_master_soc_estimation_firmware:unit_cost_gbp,bom_source_field,source_backed,source_evidence,SOC estimation firmware / unit_cost_gbp,unit_cost_gbp = 186.,,test-fixture://review-evidence-closure/source/soc_estimation_firmware,,,control_compute_communication,soc_estimation_firmware,false,false,Keep source record attached; refresh evidence before procurement use.
bom_source_field:control_compute_communication_communications_gateway_cybersecurity_firewall:lead_time_weeks,bom_source_field,source_backed,source_evidence,cybersecurity firewall / lead_time_weeks,lead_time_weeks = 8.,,test-fixture://review-evidence-closure/source/cybersecurity_firewall,,,control_compute_communication,cybersecurity_firewall,false,false,Keep source record attached; refresh evidence before procurement use.
bom_source_field:control_compute_communication_communications_gateway_cybersecurity_firewall:manufacturer,bom_source_field,source_backed,source_evidence,cybersecurity firewall / manufacturer,manufacturer = Protocol Evidence Manufacturer.,,test-fixture://review-evidence-closure/source/cybersecurity_firewall,,,control_compute_communication,cybersecurity_firewall,false,false,Keep source record attached; refresh evidence before procurement use.
bom_source_field:control_compute_communication_communications_gateway_cybersecurity_firewall:mpn,bom_source_field,source_backed,source_evidence,cybersecurity firewall / mpn,mpn = PROTOCOL-95-cybersecurity_firewall.,,test-fixture://review-evidence-closure/source/cybersecurity_firewall,,,control_compute_communication,cybersecurity_firewall,false,false,Keep source record attached; refresh evidence before procurement use.
bom_source_field:control_compute_communication_communications_gateway_cybersecurity_firewall:supplier,bom_source_field,source_backed,source_evidence,cybersecurity firewall / supplier,supplier = Protocol Evidence Supplier.,,test-fixture://review-evidence-closure/source/cybersecurity_firewall,,,control_compute_communication,cybersecurity_firewall,false,false,Keep source record attached; refresh evidence before procurement use.
bom_source_field:control_compute_communication_communications_gateway_cybersecurity_firewall:unit_cost_gbp,bom_source_field,source_backed,source_evidence,cybersecurity firewall / unit_cost_gbp,unit_cost_gbp = 194.,,test-fixture://review-evidence-closure/source/cybersecurity_firewall,,,control_compute_communication,cybersecurity_firewall,false,false,Keep source record attached; refresh evidence before procurement use.
bom_source_field:control_compute_communication_communications_gateway_modbus_tcp_gateway:lead_time_weeks,bom_source_field,source_backed,source_evidence,Modbus TCP gateway / lead_time_weeks,lead_time_weeks = 8.,,test-fixture://review-evidence-closure/source/modbus_tcp_gateway,,,control_compute_communication,modbus_tcp_gateway,false,false,Keep source record attached; refresh evidence before procurement use.
bom_source_field:control_compute_communication_communications_gateway_modbus_tcp_gateway:manufacturer,bom_source_field,source_backed,source_evidence,Modbus TCP gateway / manufacturer,manufacturer = Protocol Evidence Manufacturer.,,test-fixture://review-evidence-closure/source/modbus_tcp_gateway,,,control_compute_communication,modbus_tcp_gateway,false,false,Keep source record attached; refresh evidence before procurement use.
bom_source_field:control_compute_communication_communications_gateway_modbus_tcp_gateway:mpn,bom_source_field,source_backed,source_evidence,Modbus TCP gateway / mpn,mpn = PROTOCOL-92-modbus_tcp_gateway.,,test-fixture://review-evidence-closure/source/modbus_tcp_gateway,,,control_compute_communication,modbus_tcp_gateway,false,false,Keep source record attached; refresh evidence before procurement use.
bom_source_field:control_compute_communication_communications_gateway_modbus_tcp_gateway:supplier,bom_source_field,source_backed,source_evidence,Modbus TCP gateway / supplier,supplier = Protocol Evidence Supplier.,,test-fixture://review-evidence-closure/source/modbus_tcp_gateway,,,control_compute_communication,modbus_tcp_gateway,false,false,Keep source record attached; refresh evidence before procurement use.
bom_source_field:control_compute_communication_communications_gateway_modbus_tcp_gateway:unit_cost_gbp,bom_source_field,source_backed,source_evidence,Modbus TCP gateway / unit_cost_gbp,unit_cost_gbp = 191.,,test-fixture://review-evidence-closure/source/modbus_tcp_gateway,,,control_compute_communication,modbus_tcp_gateway,false,false,Keep source record attached; refresh evidence before procurement use.
bom_source_field:control_compute_communication_communications_gateway_scada_protocol_adapter:lead_time_weeks,bom_source_field,source_backed,source_evidence,SCADA protocol adapter / lead_time_weeks,lead_time_weeks = 8.,,test-fixture://review-evidence-closure/source/scada_protocol_adapter,,,control_compute_communication,scada_protocol_adapter,false,false,Keep source record attached; refresh evidence before procurement use.
bom_source_field:control_compute_communication_communications_gateway_scada_protocol_adapter:manufacturer,bom_source_field,source_backed,source_evidence,SCADA protocol adapter / manufacturer,manufacturer = Protocol Evidence Manufacturer.,,test-fixture://review-evidence-closure/source/scada_protocol_adapter,,,control_compute_communication,scada_protocol_adapter,false,false,Keep source record attached; refresh evidence before procurement use.
bom_source_field:control_compute_communication_communications_gateway_scada_protocol_adapter:mpn,bom_source_field,source_backed,source_evidence,SCADA protocol adapter / mpn,mpn = PROTOCOL-93-scada_protocol_adapter.,,test-fixture://review-evidence-closure/source/scada_protocol_adapter,,,control_compute_communication,scada_protocol_adapter,false,false,Keep source record attached; refresh evidence before procurement use.
bom_source_field:control_compute_communication_communications_gateway_scada_protocol_adapter:supplier,bom_source_field,source_backed,source_evidence,SCADA protocol adapter / supplier,supplier = Protocol Evidence Supplier.,,test-fixture://review-evidence-closure/source/scada_protocol_adapter,,,control_compute_communication,scada_protocol_adapter,false,false,Keep source record attached; refresh evidence before procurement use.
bom_source_field:control_compute_communication_communications_gateway_scada_protocol_adapter:unit_cost_gbp,bom_source_field,source_backed,source_evidence,SCADA protocol adapter / unit_cost_gbp,unit_cost_gbp = 192.,,test-fixture://review-evidence-closure/source/scada_protocol_adapter,,,control_compute_communication,scada_protocol_adapter,false,false,Keep source record attached; refresh evidence before procurement use.
bom_source_field:control_compute_communication_communications_gateway_time_synchronisation_module:lead_time_weeks,bom_source_field,source_backed,source_evidence,time synchronisation module / lead_time_weeks,lead_time_weeks = 8.,,test-fixture://review-evidence-closure/source/time_synchronisation_module,,,control_compute_communication,time_synchronisation_module,false,false,Keep source record attached; refresh evidence before procurement use.
bom_source_field:control_compute_communication_communications_gateway_time_synchronisation_module:manufacturer,bom_source_field,source_backed,source_evidence,time synchronisation module / manufacturer,manufacturer = Protocol Evidence Manufacturer.,,test-fixture://review-evidence-closure/source/time_synchronisation_module,,,control_compute_communication,time_synchronisation_module,false,false,Keep source record attached; refresh evidence before procurement use.
bom_source_field:control_compute_communication_communications_gateway_time_synchronisation_module:mpn,bom_source_field,source_backed,source_evidence,time synchronisation module / mpn,mpn = PROTOCOL-94-time_synchronisation_module.,,test-fixture://review-evidence-closure/source/time_synchronisation_module,,,control_compute_communication,time_synchronisation_module,false,false,Keep source record attached; refresh evidence before procurement use.
bom_source_field:control_compute_communication_communications_gateway_time_synchronisation_module:supplier,bom_source_field,source_backed,source_evidence,time synchronisation module / supplier,supplier = Protocol Evidence Supplier.,,test-fixture://review-evidence-closure/source/time_synchronisation_module,,,control_compute_communication,time_synchronisation_module,false,false,Keep source record attached; refresh evidence before procurement use.
bom_source_field:control_compute_communication_communications_gateway_time_synchronisation_module:unit_cost_gbp,bom_source_field,source_backed,source_evidence,time synchronisation module / unit_cost_gbp,unit_cost_gbp = 193.,,test-fixture://review-evidence-closure/source/time_synchronisation_module,,,control_compute_communication,time_synchronisation_module,false,false,Keep source record attached; refresh evidence before procurement use.
bom_source_field:control_compute_communication_cybersecurity_monitoring_account_key_switch:lead_time_weeks,bom_source_field,source_backed,source_evidence,account key switch / lead_time_weeks,lead_time_weeks = 8.,,test-fixture://review-evidence-closure/source/account_key_switch,,,control_compute_communication,account_key_switch,false,false,Keep source record attached; refresh evidence before procurement use.
bom_source_field:control_compute_communication_cybersecurity_monitoring_account_key_switch:manufacturer,bom_source_field,source_backed,source_evidence,account key switch / manufacturer,manufacturer = Protocol Evidence Manufacturer.,,test-fixture://review-evidence-closure/source/account_key_switch,,,control_compute_communication,account_key_switch,false,false,Keep source record attached; refresh evidence before procurement use.
bom_source_field:control_compute_communication_cybersecurity_monitoring_account_key_switch:mpn,bom_source_field,source_backed,source_evidence,account key switch / mpn,mpn = PROTOCOL-98-account_key_switch.,,test-fixture://review-evidence-closure/source/account_key_switch,,,control_compute_communication,account_key_switch,false,false,Keep source record attached; refresh evidence before procurement use.
bom_source_field:control_compute_communication_cybersecurity_monitoring_account_key_switch:supplier,bom_source_field,source_backed,source_evidence,account key switch / supplier,supplier = Protocol Evidence Supplier.,,test-fixture://review-evidence-closure/source/account_key_switch,,,control_compute_communication,account_key_switch,false,false,Keep source record attached; refresh evidence before procurement use.
bom_source_field:control_compute_communication_cybersecurity_monitoring_account_key_switch:unit_cost_gbp,bom_source_field,source_backed,source_evidence,account key switch / unit_cost_gbp,unit_cost_gbp = 197.,,test-fixture://review-evidence-closure/source/account_key_switch,,,control_compute_communication,account_key_switch,false,false,Keep source record attached; refresh evidence before procurement use.
bom_source_field:control_compute_communication_cybersecurity_monitoring_configuration_backup_module:lead_time_weeks,bom_source_field,source_backed,source_evidence,configuration backup module / lead_time_weeks,lead_time_weeks = 8.,,test-fixture://review-evidence-closure/source/configuration_backup_module,,,control_compute_communication,configuration_backup_module,false,false,Keep source record attached; refresh evidence before procurement use.
bom_source_field:control_compute_communication_cybersecurity_monitoring_configuration_backup_module:manufacturer,bom_source_field,source_backed,source_evidence,configuration backup module / manufacturer,manufacturer = Protocol Evidence Manufacturer.,,test-fixture://review-evidence-closure/source/configuration_backup_module,,,control_compute_communication,configuration_backup_module,false,false,Keep source record attached; refresh evidence before procurement use.
bom_source_field:control_compute_communication_cybersecurity_monitoring_configuration_backup_module:mpn,bom_source_field,source_backed,source_evidence,configuration backup module / mpn,mpn = PROTOCOL-100-configuration_backup_module.,,test-fixture://review-evidence-closure/source/configuration_backup_module,,,control_compute_communication,configuration_backup_module,false,false,Keep source record attached; refresh evidence before procurement use.
bom_source_field:control_compute_communication_cybersecurity_monitoring_configuration_backup_module:supplier,bom_source_field,source_backed,source_evidence,configuration backup module / supplier,supplier = Protocol Evidence Supplier.,,test-fixture://review-evidence-closure/source/configuration_backup_module,,,control_compute_communication,configuration_backup_module,false,false,Keep source record attached; refresh evidence before procurement use.
bom_source_field:control_compute_communication_cybersecurity_monitoring_configuration_backup_module:unit_cost_gbp,bom_source_field,source_backed,source_evidence,configuration backup module / unit_cost_gbp,unit_cost_gbp = 199.,,test-fixture://review-evidence-closure/source/configuration_backup_module,,,control_compute_communication,configuration_backup_module,false,false,Keep source record attached; refresh evidence before procurement use.
bom_source_field:control_compute_communication_cybersecurity_monitoring_firmware_escrow_tag:lead_time_weeks,bom_source_field,source_backed,source_evidence,firmware escrow tag / lead_time_weeks,lead_time_weeks = 8.,,test-fixture://review-evidence-closure/source/firmware_escrow_tag,,,control_compute_communication,firmware_escrow_tag,false,false,Keep source record attached; refresh evidence before procurement use.
bom_source_field:control_compute_communication_cybersecurity_monitoring_firmware_escrow_tag:manufacturer,bom_source_field,source_backed,source_evidence,firmware escrow tag / manufacturer,manufacturer = Protocol Evidence Manufacturer.,,test-fixture://review-evidence-closure/source/firmware_escrow_tag,,,control_compute_communication,firmware_escrow_tag,false,false,Keep source record attached; refresh evidence before procurement use.
bom_source_field:control_compute_communication_cybersecurity_monitoring_firmware_escrow_tag:mpn,bom_source_field,source_backed,source_evidence,firmware escrow tag / mpn,mpn = PROTOCOL-99-firmware_escrow_tag.,,test-fixture://review-evidence-closure/source/firmware_escrow_tag,,,control_compute_communication,firmware_escrow_tag,false,false,Keep source record attached; refresh evidence before procurement use.
bom_source_field:control_compute_communication_cybersecurity_monitoring_firmware_escrow_tag:supplier,bom_source_field,source_backed,source_evidence,firmware escrow tag / supplier,supplier = Protocol Evidence Supplier.,,test-fixture://review-evidence-closure/source/firmware_escrow_tag,,,control_compute_communication,firmware_escrow_tag,false,false,Keep source record attached; refresh evidence before procurement use.
bom_source_field:control_compute_communication_cybersecurity_monitoring_firmware_escrow_tag:unit_cost_gbp,bom_source_field,source_backed,source_evidence,firmware escrow tag / unit_cost_gbp,unit_cost_gbp = 198.,,test-fixture://review-evidence-closure/source/firmware_escrow_tag,,,control_compute_communication,firmware_escrow_tag,false,false,Keep source record attached; refresh evidence before procurement use.
bom_source_field:control_compute_communication_cybersecurity_monitoring_syslog_collector:lead_time_weeks,bom_source_field,source_backed,source_evidence,syslog collector / lead_time_weeks,lead_time_weeks = 8.,,test-fixture://review-evidence-closure/source/syslog_collector,,,control_compute_communication,syslog_collector,false,false,Keep source record attached; refresh evidence before procurement use.
bom_source_field:control_compute_communication_cybersecurity_monitoring_syslog_collector:manufacturer,bom_source_field,source_backed,source_evidence,syslog collector / manufacturer,manufacturer = Protocol Evidence Manufacturer.,,test-fixture://review-evidence-closure/source/syslog_collector,,,control_compute_communication,syslog_collector,false,false,Keep source record attached; refresh evidence before procurement use.
bom_source_field:control_compute_communication_cybersecurity_monitoring_syslog_collector:mpn,bom_source_field,source_backed,source_evidence,syslog collector / mpn,mpn = PROTOCOL-97-syslog_collector.,,test-fixture://review-evidence-closure/source/syslog_collector,,,control_compute_communication,syslog_collector,false,false,Keep source record attached; refresh evidence before procurement use.
bom_source_field:control_compute_communication_cybersecurity_monitoring_syslog_collector:supplier,bom_source_field,source_backed,source_evidence,syslog collector / supplier,supplier = Protocol Evidence Supplier.,,test-fixture://review-evidence-closure/source/syslog_collector,,,control_compute_communication,syslog_collector,false,false,Keep source record attached; refresh evidence before procurement use.
bom_source_field:control_compute_communication_cybersecurity_monitoring_syslog_collector:unit_cost_gbp,bom_source_field,source_backed,source_evidence,syslog collector / unit_cost_gbp,unit_cost_gbp = 196.,,test-fixture://review-evidence-closure/source/syslog_collector,,,control_compute_communication,syslog_collector,false,false,Keep source record attached; refresh evidence before procurement use.
bom_source_field:control_compute_communication_cybersecurity_monitoring_vpn_access_appliance:lead_time_weeks,bom_source_field,source_backed,source_evidence,VPN access appliance / lead_time_weeks,lead_time_weeks = 8.,,test-fixture://review-evidence-closure/source/vpn_access_appliance,,,control_compute_communication,vpn_access_appliance,false,false,Keep source record attached; refresh evidence before procurement use.
bom_source_field:control_compute_communication_cybersecurity_monitoring_vpn_access_appliance:manufacturer,bom_source_field,source_backed,source_evidence,VPN access appliance / manufacturer,manufacturer = Protocol Evidence Manufacturer.,,test-fixture://review-evidence-closure/source/vpn_access_appliance,,,control_compute_communication,vpn_access_appliance,false,false,Keep source record attached; refresh evidence before procurement use.
bom_source_field:control_compute_communication_cybersecurity_monitoring_vpn_access_appliance:mpn,bom_source_field,source_backed,source_evidence,VPN access appliance / mpn,mpn = PROTOCOL-96-vpn_access_appliance.,,test-fixture://review-evidence-closure/source/vpn_access_appliance,,,control_compute_communication,vpn_access_appliance,false,false,Keep source record attached; refresh evidence before procurement use.
bom_source_field:control_compute_communication_cybersecurity_monitoring_vpn_access_appliance:supplier,bom_source_field,source_backed,source_evidence,VPN access appliance / supplier,supplier = Protocol Evidence Supplier.,,test-fixture://review-evidence-closure/source/vpn_access_appliance,,,control_compute_communication,vpn_access_appliance,false,false,Keep source record attached; refresh evidence before procurement use.
bom_source_field:control_compute_communication_cybersecurity_monitoring_vpn_access_appliance:unit_cost_gbp,bom_source_field,source_backed,source_evidence,VPN access appliance / unit_cost_gbp,unit_cost_gbp = 195.,,test-fixture://review-evidence-closure/source/vpn_access_appliance,,,control_compute_communication,vpn_access_appliance,false,false,Keep source record attached; refresh evidence before procurement use.
bom_source_field:control_compute_communication_ems_controller_cellular_router:lead_time_weeks,bom_source_field,source_backed,source_evidence,cellular router / lead_time_weeks,lead_time_weeks = 8.,,test-fixture://review-evidence-closure/source/cellular_router,,,control_compute_communication,cellular_router,false,false,Keep source record attached; refresh evidence before procurement use.
bom_source_field:control_compute_communication_ems_controller_cellular_router:manufacturer,bom_source_field,source_backed,source_evidence,cellular router / manufacturer,manufacturer = Protocol Evidence Manufacturer.,,test-fixture://review-evidence-closure/source/cellular_router,,,control_compute_communication,cellular_router,false,false,Keep source record attached; refresh evidence before procurement use.
bom_source_field:control_compute_communication_ems_controller_cellular_router:mpn,bom_source_field,source_backed,source_evidence,cellular router / mpn,mpn = PROTOCOL-91-cellular_router.,,test-fixture://review-evidence-closure/source/cellular_router,,,control_compute_communication,cellular_router,false,false,Keep source record attached; refresh evidence before procurement use.
bom_source_field:control_compute_communication_ems_controller_cellular_router:supplier,bom_source_field,source_backed,source_evidence,cellular router / supplier,supplier = Protocol Evidence Supplier.,,test-fixture://review-evidence-closure/source/cellular_router,,,control_compute_communication,cellular_router,false,false,Keep source record attached; refresh evidence before procurement use.
bom_source_field:control_compute_communication_ems_controller_cellular_router:unit_cost_gbp,bom_source_field,source_backed,source_evidence,cellular router / unit_cost_gbp,unit_cost_gbp = 190.,,test-fixture://review-evidence-closure/source/cellular_router,,,control_compute_communication,cellular_router,false,false,Keep source record attached; refresh evidence before procurement use.
bom_source_field:control_compute_communication_ems_controller_i_o_expansion_module:lead_time_weeks,bom_source_field,source_backed,source_evidence,I/O expansion module / lead_time_weeks,lead_time_weeks = 8.,,test-fixture://review-evidence-closure/source/i_o_expansion_module,,,control_compute_communication,i_o_expansion_module,false,false,Keep source record attached; refresh evidence before procurement use.
bom_source_field:control_compute_communication_ems_controller_i_o_expansion_module:manufacturer,bom_source_field,source_backed,source_evidence,I/O expansion module / manufacturer,manufacturer = Protocol Evidence Manufacturer.,,test-fixture://review-evidence-closure/source/i_o_expansion_module,,,control_compute_communication,i_o_expansion_module,false,false,Keep source record attached; refresh evidence before procurement use.
bom_source_field:control_compute_communication_ems_controller_i_o_expansion_module:mpn,bom_source_field,source_backed,source_evidence,I/O expansion module / mpn,mpn = PROTOCOL-89-i_o_expansion_module.,,test-fixture://review-evidence-closure/source/i_o_expansion_module,,,control_compute_communication,i_o_expansion_module,false,false,Keep source record attached; refresh evidence before procurement use.
bom_source_field:control_compute_communication_ems_controller_i_o_expansion_module:supplier,bom_source_field,source_backed,source_evidence,I/O expansion module / supplier,supplier = Protocol Evidence Supplier.,,test-fixture://review-evidence-closure/source/i_o_expansion_module,,,control_compute_communication,i_o_expansion_module,false,false,Keep source record attached; refresh evidence before procurement use.
bom_source_field:control_compute_communication_ems_controller_i_o_expansion_module:unit_cost_gbp,bom_source_field,source_backed,source_evidence,I/O expansion module / unit_cost_gbp,unit_cost_gbp = 188.,,test-fixture://review-evidence-closure/source/i_o_expansion_module,,,control_compute_communication,i_o_expansion_module,false,false,Keep source record attached; refresh evidence before procurement use.
bom_source_field:control_compute_communication_ems_controller_industrial_controller:lead_time_weeks,bom_source_field,source_backed,source_evidence,industrial controller / lead_time_weeks,lead_time_weeks = 8.,,test-fixture://review-evidence-closure/source/industrial_controller,,,control_compute_communication,industrial_controller,false,false,Keep source record attached; refresh evidence before procurement use.
bom_source_field:control_compute_communication_ems_controller_industrial_controller:manufacturer,bom_source_field,source_backed,source_evidence,industrial controller / manufacturer,manufacturer = Protocol Evidence Manufacturer.,,test-fixture://review-evidence-closure/source/industrial_controller,,,control_compute_communication,industrial_controller,false,false,Keep source record attached; refresh evidence before procurement use.
bom_source_field:control_compute_communication_ems_controller_industrial_controller:mpn,bom_source_field,source_backed,source_evidence,industrial controller / mpn,mpn = PROTOCOL-88-industrial_controller.,,test-fixture://review-evidence-closure/source/industrial_controller,,,control_compute_communication,industrial_controller,false,false,Keep source record attached; refresh evidence before procurement use.
bom_source_field:control_compute_communication_ems_controller_industrial_controller:supplier,bom_source_field,source_backed,source_evidence,industrial controller / supplier,supplier = Protocol Evidence Supplier.,,test-fixture://review-evidence-closure/source/industrial_controller,,,control_compute_communication,industrial_controller,false,false,Keep source record attached; refresh evidence before procurement use.
bom_source_field:control_compute_communication_ems_controller_industrial_controller:unit_cost_gbp,bom_source_field,source_backed,source_evidence,industrial controller / unit_cost_gbp,unit_cost_gbp = 187.,,test-fixture://review-evidence-closure/source/industrial_controller,,,control_compute_communication,industrial_controller,false,false,Keep source record attached; refresh evidence before procurement use.
bom_source_field:control_compute_communication_ems_controller_network_switch:lead_time_weeks,bom_source_field,source_backed,source_evidence,network switch / lead_time_weeks,lead_time_weeks = 8.,,test-fixture://review-evidence-closure/source/network_switch,,,control_compute_communication,network_switch,false,false,Keep source record attached; refresh evidence before procurement use.
bom_source_field:control_compute_communication_ems_controller_network_switch:manufacturer,bom_source_field,source_backed,source_evidence,network switch / manufacturer,manufacturer = Protocol Evidence Manufacturer.,,test-fixture://review-evidence-closure/source/network_switch,,,control_compute_communication,network_switch,false,false,Keep source record attached; refresh evidence before procurement use.
bom_source_field:control_compute_communication_ems_controller_network_switch:mpn,bom_source_field,source_backed,source_evidence,network switch / mpn,mpn = PROTOCOL-90-network_switch.,,test-fixture://review-evidence-closure/source/network_switch,,,control_compute_communication,network_switch,false,false,Keep source record attached; refresh evidence before procurement use.
bom_source_field:control_compute_communication_ems_controller_network_switch:supplier,bom_source_field,source_backed,source_evidence,network switch / supplier,supplier = Protocol Evidence Supplier.,,test-fixture://review-evidence-closure/source/network_switch,,,control_compute_communication,network_switch,false,false,Keep source record attached; refresh evidence before procurement use.
bom_source_field:control_compute_communication_ems_controller_network_switch:unit_cost_gbp,bom_source_field,source_backed,source_evidence,network switch / unit_cost_gbp,unit_cost_gbp = 189.,,test-fixture://review-evidence-closure/source/network_switch,,,control_compute_communication,network_switch,false,false,Keep source record attached; refresh evidence before procurement use.
bom_source_field:energy_conversion_transduction_grid_filter_ac_filter_capacitor:lead_time_weeks,bom_source_field,source_backed,source_evidence,AC filter capacitor / lead_time_weeks,lead_time_weeks = 8.,,test-fixture://review-evidence-closure/source/ac_filter_capacitor,,,energy_conversion_transduction,ac_filter_capacitor,false,false,Keep source record attached; refresh evidence before procurement use.
bom_source_field:energy_conversion_transduction_grid_filter_ac_filter_capacitor:manufacturer,bom_source_field,source_backed,source_evidence,AC filter capacitor / manufacturer,manufacturer = Protocol Evidence Manufacturer.,,test-fixture://review-evidence-closure/source/ac_filter_capacitor,,,energy_conversion_transduction,ac_filter_capacitor,false,false,Keep source record attached; refresh evidence before procurement use.
bom_source_field:energy_conversion_transduction_grid_filter_ac_filter_capacitor:mpn,bom_source_field,source_backed,source_evidence,AC filter capacitor / mpn,mpn = PROTOCOL-42-ac_filter_capacitor.,,test-fixture://review-evidence-closure/source/ac_filter_capacitor,,,energy_conversion_transduction,ac_filter_capacitor,false,false,Keep source record attached; refresh evidence before procurement use.
bom_source_field:energy_conversion_transduction_grid_filter_ac_filter_capacitor:supplier,bom_source_field,source_backed,source_evidence,AC filter capacitor / supplier,supplier = Protocol Evidence Supplier.,,test-fixture://review-evidence-closure/source/ac_filter_capacitor,,,energy_conversion_transduction,ac_filter_capacitor,false,false,Keep source record attached; refresh evidence before procurement use.
bom_source_field:energy_conversion_transduction_grid_filter_ac_filter_capacitor:unit_cost_gbp,bom_source_field,source_backed,source_evidence,AC filter capacitor / unit_cost_gbp,unit_cost_gbp = 141.,,test-fixture://review-evidence-closure/source/ac_filter_capacitor,,,energy_conversion_transduction,ac_filter_capacitor,false,false,Keep source record attached; refresh evidence before procurement use.
bom_source_field:energy_conversion_transduction_grid_filter_emi_filter_assembly:lead_time_weeks,bom_source_field,source_backed,source_evidence,EMI filter assembly / lead_time_weeks,lead_time_weeks = 8.,,test-fixture://review-evidence-closure/source/emi_filter_assembly,,,energy_conversion_transduction,emi_filter_assembly,false,false,Keep source record attached; refresh evidence before procurement use.
bom_source_field:energy_conversion_transduction_grid_filter_emi_filter_assembly:manufacturer,bom_source_field,source_backed,source_evidence,EMI filter assembly / manufacturer,manufacturer = Protocol Evidence Manufacturer.,,test-fixture://review-evidence-closure/source/emi_filter_assembly,,,energy_conversion_transduction,emi_filter_assembly,false,false,Keep source record attached; refresh evidence before procurement use.
bom_source_field:energy_conversion_transduction_grid_filter_emi_filter_assembly:mpn,bom_source_field,source_backed,source_evidence,EMI filter assembly / mpn,mpn = PROTOCOL-43-emi_filter_assembly.,,test-fixture://review-evidence-closure/source/emi_filter_assembly,,,energy_conversion_transduction,emi_filter_assembly,false,false,Keep source record attached; refresh evidence before procurement use.
bom_source_field:energy_conversion_transduction_grid_filter_emi_filter_assembly:supplier,bom_source_field,source_backed,source_evidence,EMI filter assembly / supplier,supplier = Protocol Evidence Supplier.,,test-fixture://review-evidence-closure/source/emi_filter_assembly,,,energy_conversion_transduction,emi_filter_assembly,false,false,Keep source record attached; refresh evidence before procurement use.
bom_source_field:energy_conversion_transduction_grid_filter_emi_filter_assembly:unit_cost_gbp,bom_source_field,source_backed,source_evidence,EMI filter assembly / unit_cost_gbp,unit_cost_gbp = 142.,,test-fixture://review-evidence-closure/source/emi_filter_assembly,,,energy_conversion_transduction,emi_filter_assembly,false,false,Keep source record attached; refresh evidence before procurement use.
bom_source_field:energy_conversion_transduction_grid_filter_grid_filter_choke:lead_time_weeks,bom_source_field,source_backed,source_evidence,grid filter choke / lead_time_weeks,lead_time_weeks = 8.,,test-fixture://review-evidence-closure/source/grid_filter_choke,,,energy_conversion_transduction,grid_filter_choke,false,false,Keep source record attached; refresh evidence before procurement use.
bom_source_field:energy_conversion_transduction_grid_filter_grid_filter_choke:manufacturer,bom_source_field,source_backed,source_evidence,grid filter choke / manufacturer,manufacturer = Protocol Evidence Manufacturer.,,test-fixture://review-evidence-closure/source/grid_filter_choke,,,energy_conversion_transduction,grid_filter_choke,false,false,Keep source record attached; refresh evidence before procurement use.
bom_source_field:energy_conversion_transduction_grid_filter_grid_filter_choke:mpn,bom_source_field,source_backed,source_evidence,grid filter choke / mpn,mpn = PROTOCOL-41-grid_filter_choke.,,test-fixture://review-evidence-closure/source/grid_filter_choke,,,energy_conversion_transduction,grid_filter_choke,false,false,Keep source record attached; refresh evidence before procurement use.
bom_source_field:energy_conversion_transduction_grid_filter_grid_filter_choke:supplier,bom_source_field,source_backed,source_evidence,grid filter choke / supplier,supplier = Protocol Evidence Supplier.,,test-fixture://review-evidence-closure/source/grid_filter_choke,,,energy_conversion_transduction,grid_filter_choke,false,false,Keep source record attached; refresh evidence before procurement use.
bom_source_field:energy_conversion_transduction_grid_filter_grid_filter_choke:unit_cost_gbp,bom_source_field,source_backed,source_evidence,grid filter choke / unit_cost_gbp,unit_cost_gbp = 140.,,test-fixture://review-evidence-closure/source/grid_filter_choke,,,energy_conversion_transduction,grid_filter_choke,false,false,Keep source record attached; refresh evidence before procurement use.
bom_source_field:energy_conversion_transduction_grid_filter_protective_earth_bar:lead_time_weeks,bom_source_field,source_backed,source_evidence,protective earth bar / lead_time_weeks,lead_time_weeks = 8.,,test-fixture://review-evidence-closure/source/protective_earth_bar,,,energy_conversion_transduction,protective_earth_bar,false,false,Keep source record attached; refresh evidence before procurement use.
bom_source_field:energy_conversion_transduction_grid_filter_protective_earth_bar:manufacturer,bom_source_field,source_backed,source_evidence,protective earth bar / manufacturer,manufacturer = Protocol Evidence Manufacturer.,,test-fixture://review-evidence-closure/source/protective_earth_bar,,,energy_conversion_transduction,protective_earth_bar,false,false,Keep source record attached; refresh evidence before procurement use.
bom_source_field:energy_conversion_transduction_grid_filter_protective_earth_bar:mpn,bom_source_field,source_backed,source_evidence,protective earth bar / mpn,mpn = PROTOCOL-44-protective_earth_bar.,,test-fixture://review-evidence-closure/source/protective_earth_bar,,,energy_conversion_transduction,protective_earth_bar,false,false,Keep source record attached; refresh evidence before procurement use.
bom_source_field:energy_conversion_transduction_grid_filter_protective_earth_bar:supplier,bom_source_field,source_backed,source_evidence,protective earth bar / supplier,supplier = Protocol Evidence Supplier.,,test-fixture://review-evidence-closure/source/protective_earth_bar,,,energy_conversion_transduction,protective_earth_bar,false,false,Keep source record attached; refresh evidence before procurement use.
bom_source_field:energy_conversion_transduction_grid_filter_protective_earth_bar:unit_cost_gbp,bom_source_field,source_backed,source_evidence,protective earth bar / unit_cost_gbp,unit_cost_gbp = 143.,,test-fixture://review-evidence-closure/source/protective_earth_bar,,,energy_conversion_transduction,protective_earth_bar,false,false,Keep source record attached; refresh evidence before procurement use.
bom_source_field:energy_conversion_transduction_grid_protection_relay_g99_settings_label:lead_time_weeks,bom_source_field,source_backed,source_evidence,G99 settings label / lead_time_weeks,lead_time_weeks = 8.,,test-fixture://review-evidence-closure/source/g99_settings_label,,,energy_conversion_transduction,g99_settings_label,false,false,Keep source record attached; refresh evidence before procurement use.
bom_source_field:energy_conversion_transduction_grid_protection_relay_g99_settings_label:manufacturer,bom_source_field,source_backed,source_evidence,G99 settings label / manufacturer,manufacturer = Protocol Evidence Manufacturer.,,test-fixture://review-evidence-closure/source/g99_settings_label,,,energy_conversion_transduction,g99_settings_label,false,false,Keep source record attached; refresh evidence before procurement use.
bom_source_field:energy_conversion_transduction_grid_protection_relay_g99_settings_label:mpn,bom_source_field,source_backed,source_evidence,G99 settings label / mpn,mpn = PROTOCOL-49-g99_settings_label.,,test-fixture://review-evidence-closure/source/g99_settings_label,,,energy_conversion_transduction,g99_settings_label,false,false,Keep source record attached; refresh evidence before procurement use.
bom_source_field:energy_conversion_transduction_grid_protection_relay_g99_settings_label:supplier,bom_source_field,source_backed,source_evidence,G99 settings label / supplier,supplier = Protocol Evidence Supplier.,,test-fixture://review-evidence-closure/source/g99_settings_label,,,energy_conversion_transduction,g99_settings_label,false,false,Keep source record attached; refresh evidence before procurement use.
bom_source_field:energy_conversion_transduction_grid_protection_relay_g99_settings_label:unit_cost_gbp,bom_source_field,source_backed,source_evidence,G99 settings label / unit_cost_gbp,unit_cost_gbp = 148.,,test-fixture://review-evidence-closure/source/g99_settings_label,,,energy_conversion_transduction,g99_settings_label,false,false,Keep source record attached; refresh evidence before procurement use.
bom_source_field:energy_conversion_transduction_grid_protection_relay_grid_protection_relay:lead_time_weeks,bom_source_field,source_backed,source_evidence,grid protection relay / lead_time_weeks,lead_time_weeks = 8.,,test-fixture://review-evidence-closure/source/grid_protection_relay,,,energy_conversion_transduction,grid_protection_relay,false,false,Keep source record attached; refresh evidence before procurement use.
bom_source_field:energy_conversion_transduction_grid_protection_relay_grid_protection_relay:manufacturer,bom_source_field,source_backed,source_evidence,grid protection relay / manufacturer,manufacturer = Protocol Evidence Manufacturer.,,test-fixture://review-evidence-closure/source/grid_protection_relay,,,energy_conversion_transduction,grid_protection_relay,false,false,Keep source record attached; refresh evidence before procurement use.
bom_source_field:energy_conversion_transduction_grid_protection_relay_grid_protection_relay:mpn,bom_source_field,source_backed,source_evidence,grid protection relay / mpn,mpn = PROTOCOL-45-grid_protection_relay.,,test-fixture://review-evidence-closure/source/grid_protection_relay,,,energy_conversion_transduction,grid_protection_relay,false,false,Keep source record attached; refresh evidence before procurement use.
bom_source_field:energy_conversion_transduction_grid_protection_relay_grid_protection_relay:supplier,bom_source_field,source_backed,source_evidence,grid protection relay / supplier,supplier = Protocol Evidence Supplier.,,test-fixture://review-evidence-closure/source/grid_protection_relay,,,energy_conversion_transduction,grid_protection_relay,false,false,Keep source record attached; refresh evidence before procurement use.
bom_source_field:energy_conversion_transduction_grid_protection_relay_grid_protection_relay:unit_cost_gbp,bom_source_field,source_backed,source_evidence,grid protection relay / unit_cost_gbp,unit_cost_gbp = 144.,,test-fixture://review-evidence-closure/source/grid_protection_relay,,,energy_conversion_transduction,grid_protection_relay,false,false,Keep source record attached; refresh evidence before procurement use.
bom_source_field:energy_conversion_transduction_grid_protection_relay_relay_test_block:lead_time_weeks,bom_source_field,source_backed,source_evidence,relay test block / lead_time_weeks,lead_time_weeks = 8.,,test-fixture://review-evidence-closure/source/relay_test_block,,,energy_conversion_transduction,relay_test_block,false,false,Keep source record attached; refresh evidence before procurement use.
bom_source_field:energy_conversion_transduction_grid_protection_relay_relay_test_block:manufacturer,bom_source_field,source_backed,source_evidence,relay test block / manufacturer,manufacturer = Protocol Evidence Manufacturer.,,test-fixture://review-evidence-closure/source/relay_test_block,,,energy_conversion_transduction,relay_test_block,false,false,Keep source record attached; refresh evidence before procurement use.
bom_source_field:energy_conversion_transduction_grid_protection_relay_relay_test_block:mpn,bom_source_field,source_backed,source_evidence,relay test block / mpn,mpn = PROTOCOL-47-relay_test_block.,,test-fixture://review-evidence-closure/source/relay_test_block,,,energy_conversion_transduction,relay_test_block,false,false,Keep source record attached; refresh evidence before procurement use.
bom_source_field:energy_conversion_transduction_grid_protection_relay_relay_test_block:supplier,bom_source_field,source_backed,source_evidence,relay test block / supplier,supplier = Protocol Evidence Supplier.,,test-fixture://review-evidence-closure/source/relay_test_block,,,energy_conversion_transduction,relay_test_block,false,false,Keep source record attached; refresh evidence before procurement use.
bom_source_field:energy_conversion_transduction_grid_protection_relay_relay_test_block:unit_cost_gbp,bom_source_field,source_backed,source_evidence,relay test block / unit_cost_gbp,unit_cost_gbp = 146.,,test-fixture://review-evidence-closure/source/relay_test_block,,,energy_conversion_transduction,relay_test_block,false,false,Keep source record attached; refresh evidence before procurement use.
bom_source_field:energy_conversion_transduction_grid_protection_relay_trip_circuit_monitor:lead_time_weeks,bom_source_field,source_backed,source_evidence,trip circuit monitor / lead_time_weeks,lead_time_weeks = 8.,,test-fixture://review-evidence-closure/source/trip_circuit_monitor,,,energy_conversion_transduction,trip_circuit_monitor,false,false,Keep source record attached; refresh evidence before procurement use.
bom_source_field:energy_conversion_transduction_grid_protection_relay_trip_circuit_monitor:manufacturer,bom_source_field,source_backed,source_evidence,trip circuit monitor / manufacturer,manufacturer = Protocol Evidence Manufacturer.,,test-fixture://review-evidence-closure/source/trip_circuit_monitor,,,energy_conversion_transduction,trip_circuit_monitor,false,false,Keep source record attached; refresh evidence before procurement use.
bom_source_field:energy_conversion_transduction_grid_protection_relay_trip_circuit_monitor:mpn,bom_source_field,source_backed,source_evidence,trip circuit monitor / mpn,mpn = PROTOCOL-48-trip_circuit_monitor.,,test-fixture://review-evidence-closure/source/trip_circuit_monitor,,,energy_conversion_transduction,trip_circuit_monitor,false,false,Keep source record attached; refresh evidence before procurement use.
bom_source_field:energy_conversion_transduction_grid_protection_relay_trip_circuit_monitor:supplier,bom_source_field,source_backed,source_evidence,trip circuit monitor / supplier,supplier = Protocol Evidence Supplier.,,test-fixture://review-evidence-closure/source/trip_circuit_monitor,,,energy_conversion_transduction,trip_circuit_monitor,false,false,Keep source record attached; refresh evidence before procurement use.
bom_source_field:energy_conversion_transduction_grid_protection_relay_trip_circuit_monitor:unit_cost_gbp,bom_source_field,source_backed,source_evidence,trip circuit monitor / unit_cost_gbp,unit_cost_gbp = 147.,,test-fixture://review-evidence-closure/source/trip_circuit_monitor,,,energy_conversion_transduction,trip_circuit_monitor,false,false,Keep source record attached; refresh evidence before procurement use.
bom_source_field:energy_conversion_transduction_grid_protection_relay_voltage_sensing_fuse_set:lead_time_weeks,bom_source_field,source_backed,source_evidence,voltage sensing fuse set / lead_time_weeks,lead_time_weeks = 8.,,test-fixture://review-evidence-closure/source/voltage_sensing_fuse_set,,,energy_conversion_transduction,voltage_sensing_fuse_set,false,false,Keep source record attached; refresh evidence before procurement use.
bom_source_field:energy_conversion_transduction_grid_protection_relay_voltage_sensing_fuse_set:manufacturer,bom_source_field,source_backed,source_evidence,voltage sensing fuse set / manufacturer,manufacturer = Protocol Evidence Manufacturer.,,test-fixture://review-evidence-closure/source/voltage_sensing_fuse_set,,,energy_conversion_transduction,voltage_sensing_fuse_set,false,false,Keep source record attached; refresh evidence before procurement use.
bom_source_field:energy_conversion_transduction_grid_protection_relay_voltage_sensing_fuse_set:mpn,bom_source_field,source_backed,source_evidence,voltage sensing fuse set / mpn,mpn = PROTOCOL-46-voltage_sensing_fuse_set.,,test-fixture://review-evidence-closure/source/voltage_sensing_fuse_set,,,energy_conversion_transduction,voltage_sensing_fuse_set,false,false,Keep source record attached; refresh evidence before procurement use.
bom_source_field:energy_conversion_transduction_grid_protection_relay_voltage_sensing_fuse_set:supplier,bom_source_field,source_backed,source_evidence,voltage sensing fuse set / supplier,supplier = Protocol Evidence Supplier.,,test-fixture://review-evidence-closure/source/voltage_sensing_fuse_set,,,energy_conversion_transduction,voltage_sensing_fuse_set,false,false,Keep source record attached; refresh evidence before procurement use.
bom_source_field:energy_conversion_transduction_grid_protection_relay_voltage_sensing_fuse_set:unit_cost_gbp,bom_source_field,source_backed,source_evidence,voltage sensing fuse set / unit_cost_gbp,unit_cost_gbp = 145.,,test-fixture://review-evidence-closure/source/voltage_sensing_fuse_set,,,energy_conversion_transduction,voltage_sensing_fuse_set,false,false,Keep source record attached; refresh evidence before procurement use.
bom_source_field:energy_conversion_transduction_pcs_inverter_dc_link_capacitor_bank:lead_time_weeks,bom_source_field,source_backed,source_evidence,DC link capacitor bank / lead_time_weeks,lead_time_weeks = 8.,,test-fixture://review-evidence-closure/source/dc_link_capacitor_bank,,,energy_conversion_transduction,dc_link_capacitor_bank,false,false,Keep source record attached; refresh evidence before procurement use.
bom_source_field:energy_conversion_transduction_pcs_inverter_dc_link_capacitor_bank:manufacturer,bom_source_field,source_backed,source_evidence,DC link capacitor bank / manufacturer,manufacturer = Protocol Evidence Manufacturer.,,test-fixture://review-evidence-closure/source/dc_link_capacitor_bank,,,energy_conversion_transduction,dc_link_capacitor_bank,false,false,Keep source record attached; refresh evidence before procurement use.
bom_source_field:energy_conversion_transduction_pcs_inverter_dc_link_capacitor_bank:mpn,bom_source_field,source_backed,source_evidence,DC link capacitor bank / mpn,mpn = PROTOCOL-32-dc_link_capacitor_bank.,,test-fixture://review-evidence-closure/source/dc_link_capacitor_bank,,,energy_conversion_transduction,dc_link_capacitor_bank,false,false,Keep source record attached; refresh evidence before procurement use.
bom_source_field:energy_conversion_transduction_pcs_inverter_dc_link_capacitor_bank:supplier,bom_source_field,source_backed,source_evidence,DC link capacitor bank / supplier,supplier = Protocol Evidence Supplier.,,test-fixture://review-evidence-closure/source/dc_link_capacitor_bank,,,energy_conversion_transduction,dc_link_capacitor_bank,false,false,Keep source record attached; refresh evidence before procurement use.
bom_source_field:energy_conversion_transduction_pcs_inverter_dc_link_capacitor_bank:unit_cost_gbp,bom_source_field,source_backed,source_evidence,DC link capacitor bank / unit_cost_gbp,unit_cost_gbp = 131.,,test-fixture://review-evidence-closure/source/dc_link_capacitor_bank,,,energy_conversion_transduction,dc_link_capacitor_bank,false,false,Keep source record attached; refresh evidence before procurement use.
bom_source_field:energy_conversion_transduction_pcs_inverter_gate_driver_board:lead_time_weeks,bom_source_field,source_backed,source_evidence,gate driver board / lead_time_weeks,lead_time_weeks = 8.,,test-fixture://review-evidence-closure/source/gate_driver_board,,,energy_conversion_transduction,gate_driver_board,false,false,Keep source record attached; refresh evidence before procurement use.
bom_source_field:energy_conversion_transduction_pcs_inverter_gate_driver_board:manufacturer,bom_source_field,source_backed,source_evidence,gate driver board / manufacturer,manufacturer = Protocol Evidence Manufacturer.,,test-fixture://review-evidence-closure/source/gate_driver_board,,,energy_conversion_transduction,gate_driver_board,false,false,Keep source record attached; refresh evidence before procurement use.
bom_source_field:energy_conversion_transduction_pcs_inverter_gate_driver_board:mpn,bom_source_field,source_backed,source_evidence,gate driver board / mpn,mpn = PROTOCOL-33-gate_driver_board.,,test-fixture://review-evidence-closure/source/gate_driver_board,,,energy_conversion_transduction,gate_driver_board,false,false,Keep source record attached; refresh evidence before procurement use.
bom_source_field:energy_conversion_transduction_pcs_inverter_gate_driver_board:supplier,bom_source_field,source_backed,source_evidence,gate driver board / supplier,supplier = Protocol Evidence Supplier.,,test-fixture://review-evidence-closure/source/gate_driver_board,,,energy_conversion_transduction,gate_driver_board,false,false,Keep source record attached; refresh evidence before procurement use.
bom_source_field:energy_conversion_transduction_pcs_inverter_gate_driver_board:unit_cost_gbp,bom_source_field,source_backed,source_evidence,gate driver board / unit_cost_gbp,unit_cost_gbp = 132.,,test-fixture://review-evidence-closure/source/gate_driver_board,,,energy_conversion_transduction,gate_driver_board,false,false,Keep source record attached; refresh evidence before procurement use.
bom_source_field:energy_conversion_transduction_pcs_inverter_igbt_power_module:lead_time_weeks,bom_source_field,source_backed,source_evidence,IGBT power module / lead_time_weeks,lead_time_weeks = 8.,,test-fixture://review-evidence-closure/source/igbt_power_module,,,energy_conversion_transduction,igbt_power_module,false,false,Keep source record attached; refresh evidence before procurement use.
bom_source_field:energy_conversion_transduction_pcs_inverter_igbt_power_module:manufacturer,bom_source_field,source_backed,source_evidence,IGBT power module / manufacturer,manufacturer = Protocol Evidence Manufacturer.,,test-fixture://review-evidence-closure/source/igbt_power_module,,,energy_conversion_transduction,igbt_power_module,false,false,Keep source record attached; refresh evidence before procurement use.
bom_source_field:energy_conversion_transduction_pcs_inverter_igbt_power_module:mpn,bom_source_field,source_backed,source_evidence,IGBT power module / mpn,mpn = PROTOCOL-31-igbt_power_module.,,test-fixture://review-evidence-closure/source/igbt_power_module,,,energy_conversion_transduction,igbt_power_module,false,false,Keep source record attached; refresh evidence before procurement use.
bom_source_field:energy_conversion_transduction_pcs_inverter_igbt_power_module:supplier,bom_source_field,source_backed,source_evidence,IGBT power module / supplier,supplier = Protocol Evidence Supplier.,,test-fixture://review-evidence-closure/source/igbt_power_module,,,energy_conversion_transduction,igbt_power_module,false,false,Keep source record attached; refresh evidence before procurement use.
bom_source_field:energy_conversion_transduction_pcs_inverter_igbt_power_module:unit_cost_gbp,bom_source_field,source_backed,source_evidence,IGBT power module / unit_cost_gbp,unit_cost_gbp = 130.,,test-fixture://review-evidence-closure/source/igbt_power_module,,,energy_conversion_transduction,igbt_power_module,false,false,Keep source record attached; refresh evidence before procurement use.
bom_source_field:energy_conversion_transduction_pcs_inverter_inverter_control_board:lead_time_weeks,bom_source_field,source_backed,source_evidence,inverter control board / lead_time_weeks,lead_time_weeks = 8.,,test-fixture://review-evidence-closure/source/inverter_control_board,,,energy_conversion_transduction,inverter_control_board,false,false,Keep source record attached; refresh evidence before procurement use.
bom_source_field:energy_conversion_transduction_pcs_inverter_inverter_control_board:manufacturer,bom_source_field,source_backed,source_evidence,inverter control board / manufacturer,manufacturer = Protocol Evidence Manufacturer.,,test-fixture://review-evidence-closure/source/inverter_control_board,,,energy_conversion_transduction,inverter_control_board,false,false,Keep source record attached; refresh evidence before procurement use.
bom_source_field:energy_conversion_transduction_pcs_inverter_inverter_control_board:mpn,bom_source_field,source_backed,source_evidence,inverter control board / mpn,mpn = PROTOCOL-34-inverter_control_board.,,test-fixture://review-evidence-closure/source/inverter_control_board,,,energy_conversion_transduction,inverter_control_board,false,false,Keep source record attached; refresh evidence before procurement use.
bom_source_field:energy_conversion_transduction_pcs_inverter_inverter_control_board:supplier,bom_source_field,source_backed,source_evidence,inverter control board / supplier,supplier = Protocol Evidence Supplier.,,test-fixture://review-evidence-closure/source/inverter_control_board,,,energy_conversion_transduction,inverter_control_board,false,false,Keep source record attached; refresh evidence before procurement use.
bom_source_field:energy_conversion_transduction_pcs_inverter_inverter_control_board:unit_cost_gbp,bom_source_field,source_backed,source_evidence,inverter control board / unit_cost_gbp,unit_cost_gbp = 133.,,test-fixture://review-evidence-closure/source/inverter_control_board,,,energy_conversion_transduction,inverter_control_board,false,false,Keep source record attached; refresh evidence before procurement use.
bom_source_field:energy_conversion_transduction_pcs_inverter_liquid_cooled_heatsink:lead_time_weeks,bom_source_field,source_backed,source_evidence,liquid-cooled heatsink / lead_time_weeks,lead_time_weeks = 8.,,test-fixture://review-evidence-closure/source/liquid_cooled_heatsink,,,energy_conversion_transduction,liquid_cooled_heatsink,false,false,Keep source record attached; refresh evidence before procurement use.
bom_source_field:energy_conversion_transduction_pcs_inverter_liquid_cooled_heatsink:manufacturer,bom_source_field,source_backed,source_evidence,liquid-cooled heatsink / manufacturer,manufacturer = Protocol Evidence Manufacturer.,,test-fixture://review-evidence-closure/source/liquid_cooled_heatsink,,,energy_conversion_transduction,liquid_cooled_heatsink,false,false,Keep source record attached; refresh evidence before procurement use.
bom_source_field:energy_conversion_transduction_pcs_inverter_liquid_cooled_heatsink:mpn,bom_source_field,source_backed,source_evidence,liquid-cooled heatsink / mpn,mpn = PROTOCOL-35-liquid_cooled_heatsink.,,test-fixture://review-evidence-closure/source/liquid_cooled_heatsink,,,energy_conversion_transduction,liquid_cooled_heatsink,false,false,Keep source record attached; refresh evidence before procurement use.
bom_source_field:energy_conversion_transduction_pcs_inverter_liquid_cooled_heatsink:supplier,bom_source_field,source_backed,source_evidence,liquid-cooled heatsink / supplier,supplier = Protocol Evidence Supplier.,,test-fixture://review-evidence-closure/source/liquid_cooled_heatsink,,,energy_conversion_transduction,liquid_cooled_heatsink,false,false,Keep source record attached; refresh evidence before procurement use.
bom_source_field:energy_conversion_transduction_pcs_inverter_liquid_cooled_heatsink:unit_cost_gbp,bom_source_field,source_backed,source_evidence,liquid-cooled heatsink / unit_cost_gbp,unit_cost_gbp = 134.,,test-fixture://review-evidence-closure/source/liquid_cooled_heatsink,,,energy_conversion_transduction,liquid_cooled_heatsink,false,false,Keep source record attached; refresh evidence before procurement use.
bom_source_field:energy_conversion_transduction_pcs_inverter_pcs_inverter:lead_time_weeks,bom_source_field,source_backed,source_evidence,PCS inverter / lead_time_weeks,lead_time_weeks = 8.,,test-fixture://review-evidence-closure/source/pcs_inverter,,capacity_mwh; power_mw,energy_conversion_transduction,pcs_inverter,false,false,Keep source record attached; refresh evidence before procurement use.
bom_source_field:energy_conversion_transduction_pcs_inverter_pcs_inverter:manufacturer,bom_source_field,source_backed,source_evidence,PCS inverter / manufacturer,manufacturer = Protocol Evidence Manufacturer.,,test-fixture://review-evidence-closure/source/pcs_inverter,,capacity_mwh; power_mw,energy_conversion_transduction,pcs_inverter,false,false,Keep source record attached; refresh evidence before procurement use.
bom_source_field:energy_conversion_transduction_pcs_inverter_pcs_inverter:mpn,bom_source_field,source_backed,source_evidence,PCS inverter / mpn,mpn = PROTOCOL-30-pcs_inverter.,,test-fixture://review-evidence-closure/source/pcs_inverter,,capacity_mwh; power_mw,energy_conversion_transduction,pcs_inverter,false,false,Keep source record attached; refresh evidence before procurement use.
bom_source_field:energy_conversion_transduction_pcs_inverter_pcs_inverter:supplier,bom_source_field,source_backed,source_evidence,PCS inverter / supplier,supplier = Protocol Evidence Supplier.,,test-fixture://review-evidence-closure/source/pcs_inverter,,capacity_mwh; power_mw,energy_conversion_transduction,pcs_inverter,false,false,Keep source record attached; refresh evidence before procurement use.
bom_source_field:energy_conversion_transduction_pcs_inverter_pcs_inverter:unit_cost_gbp,bom_source_field,source_backed,source_evidence,PCS inverter / unit_cost_gbp,unit_cost_gbp = 129.,,test-fixture://review-evidence-closure/source/pcs_inverter,,capacity_mwh; power_mw,energy_conversion_transduction,pcs_inverter,false,false,Keep source record attached; refresh evidence before procurement use.
bom_source_field:energy_conversion_transduction_transformer_stage_anti_vibration_mount:lead_time_weeks,bom_source_field,source_backed,source_evidence,anti-vibration mount / lead_time_weeks,lead_time_weeks = 8.,,test-fixture://review-evidence-closure/source/anti_vibration_mount,,,energy_conversion_transduction,anti_vibration_mount,false,false,Keep source record attached; refresh evidence before procurement use.
bom_source_field:energy_conversion_transduction_transformer_stage_anti_vibration_mount:manufacturer,bom_source_field,source_backed,source_evidence,anti-vibration mount / manufacturer,manufacturer = Protocol Evidence Manufacturer.,,test-fixture://review-evidence-closure/source/anti_vibration_mount,,,energy_conversion_transduction,anti_vibration_mount,false,false,Keep source record attached; refresh evidence before procurement use.
bom_source_field:energy_conversion_transduction_transformer_stage_anti_vibration_mount:mpn,bom_source_field,source_backed,source_evidence,anti-vibration mount / mpn,mpn = PROTOCOL-40-anti_vibration_mount.,,test-fixture://review-evidence-closure/source/anti_vibration_mount,,,energy_conversion_transduction,anti_vibration_mount,false,false,Keep source record attached; refresh evidence before procurement use.
bom_source_field:energy_conversion_transduction_transformer_stage_anti_vibration_mount:supplier,bom_source_field,source_backed,source_evidence,anti-vibration mount / supplier,supplier = Protocol Evidence Supplier.,,test-fixture://review-evidence-closure/source/anti_vibration_mount,,,energy_conversion_transduction,anti_vibration_mount,false,false,Keep source record attached; refresh evidence before procurement use.
bom_source_field:energy_conversion_transduction_transformer_stage_anti_vibration_mount:unit_cost_gbp,bom_source_field,source_backed,source_evidence,anti-vibration mount / unit_cost_gbp,unit_cost_gbp = 139.,,test-fixture://review-evidence-closure/source/anti_vibration_mount,,,energy_conversion_transduction,anti_vibration_mount,false,false,Keep source record attached; refresh evidence before procurement use.
bom_source_field:energy_conversion_transduction_transformer_stage_cast_resin_transformer:lead_time_weeks,bom_source_field,source_backed,source_evidence,cast resin transformer / lead_time_weeks,lead_time_weeks = 8.,,test-fixture://review-evidence-closure/source/cast_resin_transformer,,,energy_conversion_transduction,cast_resin_transformer,false,false,Keep source record attached; refresh evidence before procurement use.
bom_source_field:energy_conversion_transduction_transformer_stage_cast_resin_transformer:manufacturer,bom_source_field,source_backed,source_evidence,cast resin transformer / manufacturer,manufacturer = Protocol Evidence Manufacturer.,,test-fixture://review-evidence-closure/source/cast_resin_transformer,,,energy_conversion_transduction,cast_resin_transformer,false,false,Keep source record attached; refresh evidence before procurement use.
bom_source_field:energy_conversion_transduction_transformer_stage_cast_resin_transformer:mpn,bom_source_field,source_backed,source_evidence,cast resin transformer / mpn,mpn = PROTOCOL-36-cast_resin_transformer.,,test-fixture://review-evidence-closure/source/cast_resin_transformer,,,energy_conversion_transduction,cast_resin_transformer,false,false,Keep source record attached; refresh evidence before procurement use.
bom_source_field:energy_conversion_transduction_transformer_stage_cast_resin_transformer:supplier,bom_source_field,source_backed,source_evidence,cast resin transformer / supplier,supplier = Protocol Evidence Supplier.,,test-fixture://review-evidence-closure/source/cast_resin_transformer,,,energy_conversion_transduction,cast_resin_transformer,false,false,Keep source record attached; refresh evidence before procurement use.
bom_source_field:energy_conversion_transduction_transformer_stage_cast_resin_transformer:unit_cost_gbp,bom_source_field,source_backed,source_evidence,cast resin transformer / unit_cost_gbp,unit_cost_gbp = 135.,,test-fixture://review-evidence-closure/source/cast_resin_transformer,,,energy_conversion_transduction,cast_resin_transformer,false,false,Keep source record attached; refresh evidence before procurement use.
bom_source_field:energy_conversion_transduction_transformer_stage_hv_winding:lead_time_weeks,bom_source_field,source_backed,source_evidence,HV winding / lead_time_weeks,lead_time_weeks = 8.,,test-fixture://review-evidence-closure/source/hv_winding,,,energy_conversion_transduction,hv_winding,false,false,Keep source record attached; refresh evidence before procurement use.
bom_source_field:energy_conversion_transduction_transformer_stage_hv_winding:manufacturer,bom_source_field,source_backed,source_evidence,HV winding / manufacturer,manufacturer = Protocol Evidence Manufacturer.,,test-fixture://review-evidence-closure/source/hv_winding,,,energy_conversion_transduction,hv_winding,false,false,Keep source record attached; refresh evidence before procurement use.
bom_source_field:energy_conversion_transduction_transformer_stage_hv_winding:mpn,bom_source_field,source_backed,source_evidence,HV winding / mpn,mpn = PROTOCOL-37-hv_winding.,,test-fixture://review-evidence-closure/source/hv_winding,,,energy_conversion_transduction,hv_winding,false,false,Keep source record attached; refresh evidence before procurement use.
bom_source_field:energy_conversion_transduction_transformer_stage_hv_winding:supplier,bom_source_field,source_backed,source_evidence,HV winding / supplier,supplier = Protocol Evidence Supplier.,,test-fixture://review-evidence-closure/source/hv_winding,,,energy_conversion_transduction,hv_winding,false,false,Keep source record attached; refresh evidence before procurement use.
bom_source_field:energy_conversion_transduction_transformer_stage_hv_winding:unit_cost_gbp,bom_source_field,source_backed,source_evidence,HV winding / unit_cost_gbp,unit_cost_gbp = 136.,,test-fixture://review-evidence-closure/source/hv_winding,,,energy_conversion_transduction,hv_winding,false,false,Keep source record attached; refresh evidence before procurement use.
bom_source_field:energy_conversion_transduction_transformer_stage_lv_winding:lead_time_weeks,bom_source_field,source_backed,source_evidence,LV winding / lead_time_weeks,lead_time_weeks = 8.,,test-fixture://review-evidence-closure/source/lv_winding,,,energy_conversion_transduction,lv_winding,false,false,Keep source record attached; refresh evidence before procurement use.
bom_source_field:energy_conversion_transduction_transformer_stage_lv_winding:manufacturer,bom_source_field,source_backed,source_evidence,LV winding / manufacturer,manufacturer = Protocol Evidence Manufacturer.,,test-fixture://review-evidence-closure/source/lv_winding,,,energy_conversion_transduction,lv_winding,false,false,Keep source record attached; refresh evidence before procurement use.
bom_source_field:energy_conversion_transduction_transformer_stage_lv_winding:mpn,bom_source_field,source_backed,source_evidence,LV winding / mpn,mpn = PROTOCOL-38-lv_winding.,,test-fixture://review-evidence-closure/source/lv_winding,,,energy_conversion_transduction,lv_winding,false,false,Keep source record attached; refresh evidence before procurement use.
bom_source_field:energy_conversion_transduction_transformer_stage_lv_winding:supplier,bom_source_field,source_backed,source_evidence,LV winding / supplier,supplier = Protocol Evidence Supplier.,,test-fixture://review-evidence-closure/source/lv_winding,,,energy_conversion_transduction,lv_winding,false,false,Keep source record attached; refresh evidence before procurement use.
bom_source_field:energy_conversion_transduction_transformer_stage_lv_winding:unit_cost_gbp,bom_source_field,source_backed,source_evidence,LV winding / unit_cost_gbp,unit_cost_gbp = 137.,,test-fixture://review-evidence-closure/source/lv_winding,,,energy_conversion_transduction,lv_winding,false,false,Keep source record attached; refresh evidence before procurement use.
bom_source_field:energy_conversion_transduction_transformer_stage_temperature_probe:lead_time_weeks,bom_source_field,source_backed,source_evidence,temperature probe / lead_time_weeks,lead_time_weeks = 8.,,test-fixture://review-evidence-closure/source/temperature_probe,,,energy_conversion_transduction,temperature_probe,false,false,Keep source record attached; refresh evidence before procurement use.
bom_source_field:energy_conversion_transduction_transformer_stage_temperature_probe:manufacturer,bom_source_field,source_backed,source_evidence,temperature probe / manufacturer,manufacturer = Protocol Evidence Manufacturer.,,test-fixture://review-evidence-closure/source/temperature_probe,,,energy_conversion_transduction,temperature_probe,false,false,Keep source record attached; refresh evidence before procurement use.
bom_source_field:energy_conversion_transduction_transformer_stage_temperature_probe:mpn,bom_source_field,source_backed,source_evidence,temperature probe / mpn,mpn = PROTOCOL-39-temperature_probe.,,test-fixture://review-evidence-closure/source/temperature_probe,,,energy_conversion_transduction,temperature_probe,false,false,Keep source record attached; refresh evidence before procurement use.
bom_source_field:energy_conversion_transduction_transformer_stage_temperature_probe:supplier,bom_source_field,source_backed,source_evidence,temperature probe / supplier,supplier = Protocol Evidence Supplier.,,test-fixture://review-evidence-closure/source/temperature_probe,,,energy_conversion_transduction,temperature_probe,false,false,Keep source record attached; refresh evidence before procurement use.
bom_source_field:energy_conversion_transduction_transformer_stage_temperature_probe:unit_cost_gbp,bom_source_field,source_backed,source_evidence,temperature probe / unit_cost_gbp,unit_cost_gbp = 138.,,test-fixture://review-evidence-closure/source/temperature_probe,,,energy_conversion_transduction,temperature_probe,false,false,Keep source record attached; refresh evidence before procurement use.
bom_source_field:energy_storage_source_bms_slave_afe_monitor_ic:lead_time_weeks,bom_source_field,source_backed,source_evidence,AFE monitor IC / lead_time_weeks,lead_time_weeks = 8.,,test-fixture://review-evidence-closure/source/afe_monitor_ic,,,energy_storage_source,afe_monitor_ic,false,false,Keep source record attached; refresh evidence before procurement use.
bom_source_field:energy_storage_source_bms_slave_afe_monitor_ic:manufacturer,bom_source_field,source_backed,source_evidence,AFE monitor IC / manufacturer,manufacturer = Protocol Evidence Manufacturer.,,test-fixture://review-evidence-closure/source/afe_monitor_ic,,,energy_storage_source,afe_monitor_ic,false,false,Keep source record attached; refresh evidence before procurement use.
bom_source_field:energy_storage_source_bms_slave_afe_monitor_ic:mpn,bom_source_field,source_backed,source_evidence,AFE monitor IC / mpn,mpn = PROTOCOL-12-afe_monitor_ic.,,test-fixture://review-evidence-closure/source/afe_monitor_ic,,,energy_storage_source,afe_monitor_ic,false,false,Keep source record attached; refresh evidence before procurement use.
bom_source_field:energy_storage_source_bms_slave_afe_monitor_ic:supplier,bom_source_field,source_backed,source_evidence,AFE monitor IC / supplier,supplier = Protocol Evidence Supplier.,,test-fixture://review-evidence-closure/source/afe_monitor_ic,,,energy_storage_source,afe_monitor_ic,false,false,Keep source record attached; refresh evidence before procurement use.
bom_source_field:energy_storage_source_bms_slave_afe_monitor_ic:unit_cost_gbp,bom_source_field,source_backed,source_evidence,AFE monitor IC / unit_cost_gbp,unit_cost_gbp = 111.,,test-fixture://review-evidence-closure/source/afe_monitor_ic,,,energy_storage_source,afe_monitor_ic,false,false,Keep source record attached; refresh evidence before procurement use.
bom_source_field:energy_storage_source_bms_slave_bms_slave_pcb:lead_time_weeks,bom_source_field,source_backed,source_evidence,BMS slave PCB / lead_time_weeks,lead_time_weeks = 8.,,test-fixture://review-evidence-closure/source/bms_slave_pcb,,,energy_storage_source,bms_slave_pcb,false,false,Keep source record attached; refresh evidence before procurement use.
bom_source_field:energy_storage_source_bms_slave_bms_slave_pcb:manufacturer,bom_source_field,source_backed,source_evidence,BMS slave PCB / manufacturer,manufacturer = Protocol Evidence Manufacturer.,,test-fixture://review-evidence-closure/source/bms_slave_pcb,,,energy_storage_source,bms_slave_pcb,false,false,Keep source record attached; refresh evidence before procurement use.
bom_source_field:energy_storage_source_bms_slave_bms_slave_pcb:mpn,bom_source_field,source_backed,source_evidence,BMS slave PCB / mpn,mpn = PROTOCOL-11-bms_slave_pcb.,,test-fixture://review-evidence-closure/source/bms_slave_pcb,,,energy_storage_source,bms_slave_pcb,false,false,Keep source record attached; refresh evidence before procurement use.
bom_source_field:energy_storage_source_bms_slave_bms_slave_pcb:supplier,bom_source_field,source_backed,source_evidence,BMS slave PCB / supplier,supplier = Protocol Evidence Supplier.,,test-fixture://review-evidence-closure/source/bms_slave_pcb,,,energy_storage_source,bms_slave_pcb,false,false,Keep source record attached; refresh evidence before procurement use.
bom_source_field:energy_storage_source_bms_slave_bms_slave_pcb:unit_cost_gbp,bom_source_field,source_backed,source_evidence,BMS slave PCB / unit_cost_gbp,unit_cost_gbp = 110.,,test-fixture://review-evidence-closure/source/bms_slave_pcb,,,energy_storage_source,bms_slave_pcb,false,false,Keep source record attached; refresh evidence before procurement use.
bom_source_field:energy_storage_source_bms_slave_conformal_coating:lead_time_weeks,bom_source_field,source_backed,source_evidence,conformal coating / lead_time_weeks,lead_time_weeks = 8.,,test-fixture://review-evidence-closure/source/conformal_coating,,,energy_storage_source,conformal_coating,false,false,Keep source record attached; refresh evidence before procurement use.
bom_source_field:energy_storage_source_bms_slave_conformal_coating:manufacturer,bom_source_field,source_backed,source_evidence,conformal coating / manufacturer,manufacturer = Protocol Evidence Manufacturer.,,test-fixture://review-evidence-closure/source/conformal_coating,,,energy_storage_source,conformal_coating,false,false,Keep source record attached; refresh evidence before procurement use.
bom_source_field:energy_storage_source_bms_slave_conformal_coating:mpn,bom_source_field,source_backed,source_evidence,conformal coating / mpn,mpn = PROTOCOL-15-conformal_coating.,,test-fixture://review-evidence-closure/source/conformal_coating,,,energy_storage_source,conformal_coating,false,false,Keep source record attached; refresh evidence before procurement use.
bom_source_field:energy_storage_source_bms_slave_conformal_coating:supplier,bom_source_field,source_backed,source_evidence,conformal coating / supplier,supplier = Protocol Evidence Supplier.,,test-fixture://review-evidence-closure/source/conformal_coating,,,energy_storage_source,conformal_coating,false,false,Keep source record attached; refresh evidence before procurement use.
bom_source_field:energy_storage_source_bms_slave_conformal_coating:unit_cost_gbp,bom_source_field,source_backed,source_evidence,conformal coating / unit_cost_gbp,unit_cost_gbp = 114.,,test-fixture://review-evidence-closure/source/conformal_coating,,,energy_storage_source,conformal_coating,false,false,Keep source record attached; refresh evidence before procurement use.
bom_source_field:energy_storage_source_bms_slave_isolated_can_transceiver:lead_time_weeks,bom_source_field,source_backed,source_evidence,isolated CAN transceiver / lead_time_weeks,lead_time_weeks = 8.,,test-fixture://review-evidence-closure/source/isolated_can_transceiver,,,energy_storage_source,isolated_can_transceiver,false,false,Keep source record attached; refresh evidence before procurement use.
bom_source_field:energy_storage_source_bms_slave_isolated_can_transceiver:manufacturer,bom_source_field,source_backed,source_evidence,isolated CAN transceiver / manufacturer,manufacturer = Protocol Evidence Manufacturer.,,test-fixture://review-evidence-closure/source/isolated_can_transceiver,,,energy_storage_source,isolated_can_transceiver,false,false,Keep source record attached; refresh evidence before procurement use.
bom_source_field:energy_storage_source_bms_slave_isolated_can_transceiver:mpn,bom_source_field,source_backed,source_evidence,isolated CAN transceiver / mpn,mpn = PROTOCOL-14-isolated_can_transceiver.,,test-fixture://review-evidence-closure/source/isolated_can_transceiver,,,energy_storage_source,isolated_can_transceiver,false,false,Keep source record attached; refresh evidence before procurement use.
bom_source_field:energy_storage_source_bms_slave_isolated_can_transceiver:supplier,bom_source_field,source_backed,source_evidence,isolated CAN transceiver / supplier,supplier = Protocol Evidence Supplier.,,test-fixture://review-evidence-closure/source/isolated_can_transceiver,,,energy_storage_source,isolated_can_transceiver,false,false,Keep source record attached; refresh evidence before procurement use.
bom_source_field:energy_storage_source_bms_slave_isolated_can_transceiver:unit_cost_gbp,bom_source_field,source_backed,source_evidence,isolated CAN transceiver / unit_cost_gbp,unit_cost_gbp = 113.,,test-fixture://review-evidence-closure/source/isolated_can_transceiver,,,energy_storage_source,isolated_can_transceiver,false,false,Keep source record attached; refresh evidence before procurement use.
bom_source_field:energy_storage_source_bms_slave_ntc_thermistor_harness:lead_time_weeks,bom_source_field,source_backed,source_evidence,NTC thermistor harness / lead_time_weeks,lead_time_weeks = 8.,,test-fixture://review-evidence-closure/source/ntc_thermistor_harness,,,energy_storage_source,ntc_thermistor_harness,false,false,Keep source record attached; refresh evidence before procurement use.
bom_source_field:energy_storage_source_bms_slave_ntc_thermistor_harness:manufacturer,bom_source_field,source_backed,source_evidence,NTC thermistor harness / manufacturer,manufacturer = Protocol Evidence Manufacturer.,,test-fixture://review-evidence-closure/source/ntc_thermistor_harness,,,energy_storage_source,ntc_thermistor_harness,false,false,Keep source record attached; refresh evidence before procurement use.
bom_source_field:energy_storage_source_bms_slave_ntc_thermistor_harness:mpn,bom_source_field,source_backed,source_evidence,NTC thermistor harness / mpn,mpn = PROTOCOL-13-ntc_thermistor_harness.,,test-fixture://review-evidence-closure/source/ntc_thermistor_harness,,,energy_storage_source,ntc_thermistor_harness,false,false,Keep source record attached; refresh evidence before procurement use.
bom_source_field:energy_storage_source_bms_slave_ntc_thermistor_harness:supplier,bom_source_field,source_backed,source_evidence,NTC thermistor harness / supplier,supplier = Protocol Evidence Supplier.,,test-fixture://review-evidence-closure/source/ntc_thermistor_harness,,,energy_storage_source,ntc_thermistor_harness,false,false,Keep source record attached; refresh evidence before procurement use.
bom_source_field:energy_storage_source_bms_slave_ntc_thermistor_harness:unit_cost_gbp,bom_source_field,source_backed,source_evidence,NTC thermistor harness / unit_cost_gbp,unit_cost_gbp = 112.,,test-fixture://review-evidence-closure/source/ntc_thermistor_harness,,,energy_storage_source,ntc_thermistor_harness,false,false,Keep source record attached; refresh evidence before procurement use.
bom_source_field:energy_storage_source_cell_string_cell_insulation_pad:lead_time_weeks,bom_source_field,source_backed,source_evidence,cell insulation pad / lead_time_weeks,lead_time_weeks = 8.,,test-fixture://review-evidence-closure/source/cell_insulation_pad,,,energy_storage_source,cell_insulation_pad,false,false,Keep source record attached; refresh evidence before procurement use.
bom_source_field:energy_storage_source_cell_string_cell_insulation_pad:manufacturer,bom_source_field,source_backed,source_evidence,cell insulation pad / manufacturer,manufacturer = Protocol Evidence Manufacturer.,,test-fixture://review-evidence-closure/source/cell_insulation_pad,,,energy_storage_source,cell_insulation_pad,false,false,Keep source record attached; refresh evidence before procurement use.
bom_source_field:energy_storage_source_cell_string_cell_insulation_pad:mpn,bom_source_field,source_backed,source_evidence,cell insulation pad / mpn,mpn = PROTOCOL-4-cell_insulation_pad.,,test-fixture://review-evidence-closure/source/cell_insulation_pad,,,energy_storage_source,cell_insulation_pad,false,false,Keep source record attached; refresh evidence before procurement use.
bom_source_field:energy_storage_source_cell_string_cell_insulation_pad:supplier,bom_source_field,source_backed,source_evidence,cell insulation pad / supplier,supplier = Protocol Evidence Supplier.,,test-fixture://review-evidence-closure/source/cell_insulation_pad,,,energy_storage_source,cell_insulation_pad,false,false,Keep source record attached; refresh evidence before procurement use.
bom_source_field:energy_storage_source_cell_string_cell_insulation_pad:unit_cost_gbp,bom_source_field,source_backed,source_evidence,cell insulation pad / unit_cost_gbp,unit_cost_gbp = 103.,,test-fixture://review-evidence-closure/source/cell_insulation_pad,,,energy_storage_source,cell_insulation_pad,false,false,Keep source record attached; refresh evidence before procurement use.
bom_source_field:energy_storage_source_cell_string_cell_terminal_hardware_set:lead_time_weeks,bom_source_field,source_backed,source_evidence,cell terminal hardware set / lead_time_weeks,lead_time_weeks = 8.,,test-fixture://review-evidence-closure/source/cell_terminal_hardware_set,,,energy_storage_source,cell_terminal_hardware_set,false,false,Keep source record attached; refresh evidence before procurement use.
bom_source_field:energy_storage_source_cell_string_cell_terminal_hardware_set:manufacturer,bom_source_field,source_backed,source_evidence,cell terminal hardware set / manufacturer,manufacturer = Protocol Evidence Manufacturer.,,test-fixture://review-evidence-closure/source/cell_terminal_hardware_set,,,energy_storage_source,cell_terminal_hardware_set,false,false,Keep source record attached; refresh evidence before procurement use.
bom_source_field:energy_storage_source_cell_string_cell_terminal_hardware_set:mpn,bom_source_field,source_backed,source_evidence,cell terminal hardware set / mpn,mpn = PROTOCOL-3-cell_terminal_hardware_set.,,test-fixture://review-evidence-closure/source/cell_terminal_hardware_set,,,energy_storage_source,cell_terminal_hardware_set,false,false,Keep source record attached; refresh evidence before procurement use.
bom_source_field:energy_storage_source_cell_string_cell_terminal_hardware_set:supplier,bom_source_field,source_backed,source_evidence,cell terminal hardware set / supplier,supplier = Protocol Evidence Supplier.,,test-fixture://review-evidence-closure/source/cell_terminal_hardware_set,,,energy_storage_source,cell_terminal_hardware_set,false,false,Keep source record attached; refresh evidence before procurement use.
bom_source_field:energy_storage_source_cell_string_cell_terminal_hardware_set:unit_cost_gbp,bom_source_field,source_backed,source_evidence,cell terminal hardware set / unit_cost_gbp,unit_cost_gbp = 102.,,test-fixture://review-evidence-closure/source/cell_terminal_hardware_set,,,energy_storage_source,cell_terminal_hardware_set,false,false,Keep source record attached; refresh evidence before procurement use.
bom_source_field:energy_storage_source_cell_string_cell_to_cell_busbar:lead_time_weeks,bom_source_field,source_backed,source_evidence,cell-to-cell busbar / lead_time_weeks,lead_time_weeks = 8.,,test-fixture://review-evidence-closure/source/cell_to_cell_busbar,,,energy_storage_source,cell_to_cell_busbar,false,false,Keep source record attached; refresh evidence before procurement use.
bom_source_field:energy_storage_source_cell_string_cell_to_cell_busbar:manufacturer,bom_source_field,source_backed,source_evidence,cell-to-cell busbar / manufacturer,manufacturer = Protocol Evidence Manufacturer.,,test-fixture://review-evidence-closure/source/cell_to_cell_busbar,,,energy_storage_source,cell_to_cell_busbar,false,false,Keep source record attached; refresh evidence before procurement use.
bom_source_field:energy_storage_source_cell_string_cell_to_cell_busbar:mpn,bom_source_field,source_backed,source_evidence,cell-to-cell busbar / mpn,mpn = PROTOCOL-2-cell_to_cell_busbar.,,test-fixture://review-evidence-closure/source/cell_to_cell_busbar,,,energy_storage_source,cell_to_cell_busbar,false,false,Keep source record attached; refresh evidence before procurement use.
bom_source_field:energy_storage_source_cell_string_cell_to_cell_busbar:supplier,bom_source_field,source_backed,source_evidence,cell-to-cell busbar / supplier,supplier = Protocol Evidence Supplier.,,test-fixture://review-evidence-closure/source/cell_to_cell_busbar,,,energy_storage_source,cell_to_cell_busbar,false,false,Keep source record attached; refresh evidence before procurement use.
bom_source_field:energy_storage_source_cell_string_cell_to_cell_busbar:unit_cost_gbp,bom_source_field,source_backed,source_evidence,cell-to-cell busbar / unit_cost_gbp,unit_cost_gbp = 101.,,test-fixture://review-evidence-closure/source/cell_to_cell_busbar,,,energy_storage_source,cell_to_cell_busbar,false,false,Keep source record attached; refresh evidence before procurement use.
bom_source_field:energy_storage_source_cell_string_lfp_prismatic_cells:lead_time_weeks,bom_source_field,source_backed,source_evidence,LFP prismatic cells / lead_time_weeks,lead_time_weeks = 8.,,test-fixture://review-evidence-closure/source/lfp_prismatic_cells,,capacity_mwh,energy_storage_source,lfp_prismatic_cells,false,false,Keep source record attached; refresh evidence before procurement use.
bom_source_field:energy_storage_source_cell_string_lfp_prismatic_cells:manufacturer,bom_source_field,source_backed,source_evidence,LFP prismatic cells / manufacturer,manufacturer = Protocol Evidence Manufacturer.,,test-fixture://review-evidence-closure/source/lfp_prismatic_cells,,capacity_mwh,energy_storage_source,lfp_prismatic_cells,false,false,Keep source record attached; refresh evidence before procurement use.
bom_source_field:energy_storage_source_cell_string_lfp_prismatic_cells:mpn,bom_source_field,source_backed,source_evidence,LFP prismatic cells / mpn,mpn = PROTOCOL-1-lfp_prismatic_cells.,,test-fixture://review-evidence-closure/source/lfp_prismatic_cells,,capacity_mwh,energy_storage_source,lfp_prismatic_cells,false,false,Keep source record attached; refresh evidence before procurement use.
bom_source_field:energy_storage_source_cell_string_lfp_prismatic_cells:supplier,bom_source_field,source_backed,source_evidence,LFP prismatic cells / supplier,supplier = Protocol Evidence Supplier.,,test-fixture://review-evidence-closure/source/lfp_prismatic_cells,,capacity_mwh,energy_storage_source,lfp_prismatic_cells,false,false,Keep source record attached; refresh evidence before procurement use.
bom_source_field:energy_storage_source_cell_string_lfp_prismatic_cells:unit_cost_gbp,bom_source_field,source_backed,source_evidence,LFP prismatic cells / unit_cost_gbp,unit_cost_gbp = 100.,,test-fixture://review-evidence-closure/source/lfp_prismatic_cells,,capacity_mwh,energy_storage_source,lfp_prismatic_cells,false,false,Keep source record attached; refresh evidence before procurement use.
bom_source_field:energy_storage_source_cell_string_module_fuse:lead_time_weeks,bom_source_field,source_backed,source_evidence,module fuse / lead_time_weeks,lead_time_weeks = 8.,,test-fixture://review-evidence-closure/source/module_fuse,,,energy_storage_source,module_fuse,false,false,Keep source record attached; refresh evidence before procurement use.
bom_source_field:energy_storage_source_cell_string_module_fuse:manufacturer,bom_source_field,source_backed,source_evidence,module fuse / manufacturer,manufacturer = Protocol Evidence Manufacturer.,,test-fixture://review-evidence-closure/source/module_fuse,,,energy_storage_source,module_fuse,false,false,Keep source record attached; refresh evidence before procurement use.
bom_source_field:energy_storage_source_cell_string_module_fuse:mpn,bom_source_field,source_backed,source_evidence,module fuse / mpn,mpn = PROTOCOL-5-module_fuse.,,test-fixture://review-evidence-closure/source/module_fuse,,,energy_storage_source,module_fuse,false,false,Keep source record attached; refresh evidence before procurement use.
bom_source_field:energy_storage_source_cell_string_module_fuse:supplier,bom_source_field,source_backed,source_evidence,module fuse / supplier,supplier = Protocol Evidence Supplier.,,test-fixture://review-evidence-closure/source/module_fuse,,,energy_storage_source,module_fuse,false,false,Keep source record attached; refresh evidence before procurement use.
bom_source_field:energy_storage_source_cell_string_module_fuse:unit_cost_gbp,bom_source_field,source_backed,source_evidence,module fuse / unit_cost_gbp,unit_cost_gbp = 104.,,test-fixture://review-evidence-closure/source/module_fuse,,,energy_storage_source,module_fuse,false,false,Keep source record attached; refresh evidence before procurement use.
bom_source_field:energy_storage_source_dc_string_output_dc_contactor_or_breaker:lead_time_weeks,bom_source_field,source_backed,source_evidence,DC contactor or breaker / lead_time_weeks,lead_time_weeks = 8.,,test-fixture://review-evidence-closure/source/dc_contactor_or_breaker,,,energy_storage_source,dc_contactor_or_breaker,false,false,Keep source record attached; refresh evidence before procurement use.
bom_source_field:energy_storage_source_dc_string_output_dc_contactor_or_breaker:manufacturer,bom_source_field,source_backed,source_evidence,DC contactor or breaker / manufacturer,manufacturer = Protocol Evidence Manufacturer.,,test-fixture://review-evidence-closure/source/dc_contactor_or_breaker,,,energy_storage_source,dc_contactor_or_breaker,false,false,Keep source record attached; refresh evidence before procurement use.
bom_source_field:energy_storage_source_dc_string_output_dc_contactor_or_breaker:mpn,bom_source_field,source_backed,source_evidence,DC contactor or breaker / mpn,mpn = PROTOCOL-16-dc_contactor_or_breaker.,,test-fixture://review-evidence-closure/source/dc_contactor_or_breaker,,,energy_storage_source,dc_contactor_or_breaker,false,false,Keep source record attached; refresh evidence before procurement use.
bom_source_field:energy_storage_source_dc_string_output_dc_contactor_or_breaker:supplier,bom_source_field,source_backed,source_evidence,DC contactor or breaker / supplier,supplier = Protocol Evidence Supplier.,,test-fixture://review-evidence-closure/source/dc_contactor_or_breaker,,,energy_storage_source,dc_contactor_or_breaker,false,false,Keep source record attached; refresh evidence before procurement use.
bom_source_field:energy_storage_source_dc_string_output_dc_contactor_or_breaker:unit_cost_gbp,bom_source_field,source_backed,source_evidence,DC contactor or breaker / unit_cost_gbp,unit_cost_gbp = 115.,,test-fixture://review-evidence-closure/source/dc_contactor_or_breaker,,,energy_storage_source,dc_contactor_or_breaker,false,false,Keep source record attached; refresh evidence before procurement use.
bom_source_field:energy_storage_source_dc_string_output_hv_fuse_holder:lead_time_weeks,bom_source_field,source_backed,source_evidence,HV fuse holder / lead_time_weeks,lead_time_weeks = 8.,,test-fixture://review-evidence-closure/source/hv_fuse_holder,,,energy_storage_source,hv_fuse_holder,false,false,Keep source record attached; refresh evidence before procurement use.
bom_source_field:energy_storage_source_dc_string_output_hv_fuse_holder:manufacturer,bom_source_field,source_backed,source_evidence,HV fuse holder / manufacturer,manufacturer = Protocol Evidence Manufacturer.,,test-fixture://review-evidence-closure/source/hv_fuse_holder,,,energy_storage_source,hv_fuse_holder,false,false,Keep source record attached; refresh evidence before procurement use.
bom_source_field:energy_storage_source_dc_string_output_hv_fuse_holder:mpn,bom_source_field,source_backed,source_evidence,HV fuse holder / mpn,mpn = PROTOCOL-18-hv_fuse_holder.,,test-fixture://review-evidence-closure/source/hv_fuse_holder,,,energy_storage_source,hv_fuse_holder,false,false,Keep source record attached; refresh evidence before procurement use.
bom_source_field:energy_storage_source_dc_string_output_hv_fuse_holder:supplier,bom_source_field,source_backed,source_evidence,HV fuse holder / supplier,supplier = Protocol Evidence Supplier.,,test-fixture://review-evidence-closure/source/hv_fuse_holder,,,energy_storage_source,hv_fuse_holder,false,false,Keep source record attached; refresh evidence before procurement use.
bom_source_field:energy_storage_source_dc_string_output_hv_fuse_holder:unit_cost_gbp,bom_source_field,source_backed,source_evidence,HV fuse holder / unit_cost_gbp,unit_cost_gbp = 117.,,test-fixture://review-evidence-closure/source/hv_fuse_holder,,,energy_storage_source,hv_fuse_holder,false,false,Keep source record attached; refresh evidence before procurement use.
bom_source_field:energy_storage_source_dc_string_output_pack_current_sensor:lead_time_weeks,bom_source_field,source_backed,source_evidence,pack current sensor / lead_time_weeks,lead_time_weeks = 8.,,test-fixture://review-evidence-closure/source/pack_current_sensor,,,energy_storage_source,pack_current_sensor,false,false,Keep source record attached; refresh evidence before procurement use.
bom_source_field:energy_storage_source_dc_string_output_pack_current_sensor:manufacturer,bom_source_field,source_backed,source_evidence,pack current sensor / manufacturer,manufacturer = Protocol Evidence Manufacturer.,,test-fixture://review-evidence-closure/source/pack_current_sensor,,,energy_storage_source,pack_current_sensor,false,false,Keep source record attached; refresh evidence before procurement use.
bom_source_field:energy_storage_source_dc_string_output_pack_current_sensor:mpn,bom_source_field,source_backed,source_evidence,pack current sensor / mpn,mpn = PROTOCOL-19-pack_current_sensor.,,test-fixture://review-evidence-closure/source/pack_current_sensor,,,energy_storage_source,pack_current_sensor,false,false,Keep source record attached; refresh evidence before procurement use.
bom_source_field:energy_storage_source_dc_string_output_pack_current_sensor:supplier,bom_source_field,source_backed,source_evidence,pack current sensor / supplier,supplier = Protocol Evidence Supplier.,,test-fixture://review-evidence-closure/source/pack_current_sensor,,,energy_storage_source,pack_current_sensor,false,false,Keep source record attached; refresh evidence before procurement use.
bom_source_field:energy_storage_source_dc_string_output_pack_current_sensor:unit_cost_gbp,bom_source_field,source_backed,source_evidence,pack current sensor / unit_cost_gbp,unit_cost_gbp = 118.,,test-fixture://review-evidence-closure/source/pack_current_sensor,,,energy_storage_source,pack_current_sensor,false,false,Keep source record attached; refresh evidence before procurement use.
bom_source_field:energy_storage_source_dc_string_output_precharge_resistor:lead_time_weeks,bom_source_field,source_backed,source_evidence,precharge resistor / lead_time_weeks,lead_time_weeks = 8.,,test-fixture://review-evidence-closure/source/precharge_resistor,,,energy_storage_source,precharge_resistor,false,false,Keep source record attached; refresh evidence before procurement use.
bom_source_field:energy_storage_source_dc_string_output_precharge_resistor:manufacturer,bom_source_field,source_backed,source_evidence,precharge resistor / manufacturer,manufacturer = Protocol Evidence Manufacturer.,,test-fixture://review-evidence-closure/source/precharge_resistor,,,energy_storage_source,precharge_resistor,false,false,Keep source record attached; refresh evidence before procurement use.
bom_source_field:energy_storage_source_dc_string_output_precharge_resistor:mpn,bom_source_field,source_backed,source_evidence,precharge resistor / mpn,mpn = PROTOCOL-17-precharge_resistor.,,test-fixture://review-evidence-closure/source/precharge_resistor,,,energy_storage_source,precharge_resistor,false,false,Keep source record attached; refresh evidence before procurement use.
bom_source_field:energy_storage_source_dc_string_output_precharge_resistor:supplier,bom_source_field,source_backed,source_evidence,precharge resistor / supplier,supplier = Protocol Evidence Supplier.,,test-fixture://review-evidence-closure/source/precharge_resistor,,,energy_storage_source,precharge_resistor,false,false,Keep source record attached; refresh evidence before procurement use.
bom_source_field:energy_storage_source_dc_string_output_precharge_resistor:unit_cost_gbp,bom_source_field,source_backed,source_evidence,precharge resistor / unit_cost_gbp,unit_cost_gbp = 116.,,test-fixture://review-evidence-closure/source/precharge_resistor,,,energy_storage_source,precharge_resistor,false,false,Keep source record attached; refresh evidence before procurement use.
bom_source_field:energy_storage_source_dc_string_output_service_disconnect:lead_time_weeks,bom_source_field,source_backed,source_evidence,service disconnect / lead_time_weeks,lead_time_weeks = 8.,,test-fixture://review-evidence-closure/source/service_disconnect,,,energy_storage_source,service_disconnect,false,false,Keep source record attached; refresh evidence before procurement use.
bom_source_field:energy_storage_source_dc_string_output_service_disconnect:manufacturer,bom_source_field,source_backed,source_evidence,service disconnect / manufacturer,manufacturer = Protocol Evidence Manufacturer.,,test-fixture://review-evidence-closure/source/service_disconnect,,,energy_storage_source,service_disconnect,false,false,Keep source record attached; refresh evidence before procurement use.
bom_source_field:energy_storage_source_dc_string_output_service_disconnect:mpn,bom_source_field,source_backed,source_evidence,service disconnect / mpn,mpn = PROTOCOL-20-service_disconnect.,,test-fixture://review-evidence-closure/source/service_disconnect,,,energy_storage_source,service_disconnect,false,false,Keep source record attached; refresh evidence before procurement use.
bom_source_field:energy_storage_source_dc_string_output_service_disconnect:supplier,bom_source_field,source_backed,source_evidence,service disconnect / supplier,supplier = Protocol Evidence Supplier.,,test-fixture://review-evidence-closure/source/service_disconnect,,,energy_storage_source,service_disconnect,false,false,Keep source record attached; refresh evidence before procurement use.
bom_source_field:energy_storage_source_dc_string_output_service_disconnect:unit_cost_gbp,bom_source_field,source_backed,source_evidence,service disconnect / unit_cost_gbp,unit_cost_gbp = 119.,,test-fixture://review-evidence-closure/source/service_disconnect,,,energy_storage_source,service_disconnect,false,false,Keep source record attached; refresh evidence before procurement use.
bom_source_field:energy_storage_source_module_interconnect_harness_cell_voltage_sense_loom:lead_time_weeks,bom_source_field,source_backed,source_evidence,cell voltage sense loom / lead_time_weeks,lead_time_weeks = 8.,,test-fixture://review-evidence-closure/source/cell_voltage_sense_loom,,,energy_storage_source,cell_voltage_sense_loom,false,false,Keep source record attached; refresh evidence before procurement use.
bom_source_field:energy_storage_source_module_interconnect_harness_cell_voltage_sense_loom:manufacturer,bom_source_field,source_backed,source_evidence,cell voltage sense loom / manufacturer,manufacturer = Protocol Evidence Manufacturer.,,test-fixture://review-evidence-closure/source/cell_voltage_sense_loom,,,energy_storage_source,cell_voltage_sense_loom,false,false,Keep source record attached; refresh evidence before procurement use.
bom_source_field:energy_storage_source_module_interconnect_harness_cell_voltage_sense_loom:mpn,bom_source_field,source_backed,source_evidence,cell voltage sense loom / mpn,mpn = PROTOCOL-21-cell_voltage_sense_loom.,,test-fixture://review-evidence-closure/source/cell_voltage_sense_loom,,,energy_storage_source,cell_voltage_sense_loom,false,false,Keep source record attached; refresh evidence before procurement use.
bom_source_field:energy_storage_source_module_interconnect_harness_cell_voltage_sense_loom:supplier,bom_source_field,source_backed,source_evidence,cell voltage sense loom / supplier,supplier = Protocol Evidence Supplier.,,test-fixture://review-evidence-closure/source/cell_voltage_sense_loom,,,energy_storage_source,cell_voltage_sense_loom,false,false,Keep source record attached; refresh evidence before procurement use.
bom_source_field:energy_storage_source_module_interconnect_harness_cell_voltage_sense_loom:unit_cost_gbp,bom_source_field,source_backed,source_evidence,cell voltage sense loom / unit_cost_gbp,unit_cost_gbp = 120.,,test-fixture://review-evidence-closure/source/cell_voltage_sense_loom,,,energy_storage_source,cell_voltage_sense_loom,false,false,Keep source record attached; refresh evidence before procurement use.
bom_source_field:energy_storage_source_module_interconnect_harness_harness_strain_relief_rail:lead_time_weeks,bom_source_field,source_backed,source_evidence,harness strain relief rail / lead_time_weeks,lead_time_weeks = 8.,,test-fixture://review-evidence-closure/source/harness_strain_relief_rail,,,energy_storage_source,harness_strain_relief_rail,false,false,Keep source record attached; refresh evidence before procurement use.
bom_source_field:energy_storage_source_module_interconnect_harness_harness_strain_relief_rail:manufacturer,bom_source_field,source_backed,source_evidence,harness strain relief rail / manufacturer,manufacturer = Protocol Evidence Manufacturer.,,test-fixture://review-evidence-closure/source/harness_strain_relief_rail,,,energy_storage_source,harness_strain_relief_rail,false,false,Keep source record attached; refresh evidence before procurement use.
bom_source_field:energy_storage_source_module_interconnect_harness_harness_strain_relief_rail:mpn,bom_source_field,source_backed,source_evidence,harness strain relief rail / mpn,mpn = PROTOCOL-23-harness_strain_relief_rail.,,test-fixture://review-evidence-closure/source/harness_strain_relief_rail,,,energy_storage_source,harness_strain_relief_rail,false,false,Keep source record attached; refresh evidence before procurement use.
bom_source_field:energy_storage_source_module_interconnect_harness_harness_strain_relief_rail:supplier,bom_source_field,source_backed,source_evidence,harness strain relief rail / supplier,supplier = Protocol Evidence Supplier.,,test-fixture://review-evidence-closure/source/harness_strain_relief_rail,,,energy_storage_source,harness_strain_relief_rail,false,false,Keep source record attached; refresh evidence before procurement use.
bom_source_field:energy_storage_source_module_interconnect_harness_harness_strain_relief_rail:unit_cost_gbp,bom_source_field,source_backed,source_evidence,harness strain relief rail / unit_cost_gbp,unit_cost_gbp = 122.,,test-fixture://review-evidence-closure/source/harness_strain_relief_rail,,,energy_storage_source,harness_strain_relief_rail,false,false,Keep source record attached; refresh evidence before procurement use.
bom_source_field:energy_storage_source_module_interconnect_harness_low_smoke_cable_sleeve:lead_time_weeks,bom_source_field,source_backed,source_evidence,low-smoke cable sleeve / lead_time_weeks,lead_time_weeks = 8.,,test-fixture://review-evidence-closure/source/low_smoke_cable_sleeve,,,energy_storage_source,low_smoke_cable_sleeve,false,false,Keep source record attached; refresh evidence before procurement use.
bom_source_field:energy_storage_source_module_interconnect_harness_low_smoke_cable_sleeve:manufacturer,bom_source_field,source_backed,source_evidence,low-smoke cable sleeve / manufacturer,manufacturer = Protocol Evidence Manufacturer.,,test-fixture://review-evidence-closure/source/low_smoke_cable_sleeve,,,energy_storage_source,low_smoke_cable_sleeve,false,false,Keep source record attached; refresh evidence before procurement use.
bom_source_field:energy_storage_source_module_interconnect_harness_low_smoke_cable_sleeve:mpn,bom_source_field,source_backed,source_evidence,low-smoke cable sleeve / mpn,mpn = PROTOCOL-24-low_smoke_cable_sleeve.,,test-fixture://review-evidence-closure/source/low_smoke_cable_sleeve,,,energy_storage_source,low_smoke_cable_sleeve,false,false,Keep source record attached; refresh evidence before procurement use.
bom_source_field:energy_storage_source_module_interconnect_harness_low_smoke_cable_sleeve:supplier,bom_source_field,source_backed,source_evidence,low-smoke cable sleeve / supplier,supplier = Protocol Evidence Supplier.,,test-fixture://review-evidence-closure/source/low_smoke_cable_sleeve,,,energy_storage_source,low_smoke_cable_sleeve,false,false,Keep source record attached; refresh evidence before procurement use.
bom_source_field:energy_storage_source_module_interconnect_harness_low_smoke_cable_sleeve:unit_cost_gbp,bom_source_field,source_backed,source_evidence,low-smoke cable sleeve / unit_cost_gbp,unit_cost_gbp = 123.,,test-fixture://review-evidence-closure/source/low_smoke_cable_sleeve,,,energy_storage_source,low_smoke_cable_sleeve,false,false,Keep source record attached; refresh evidence before procurement use.
bom_source_field:energy_storage_source_module_interconnect_harness_rack_can_drop_cable:lead_time_weeks,bom_source_field,source_backed,source_evidence,rack CAN drop cable / lead_time_weeks,lead_time_weeks = 8.,,test-fixture://review-evidence-closure/source/rack_can_drop_cable,,,energy_storage_source,rack_can_drop_cable,false,false,Keep source record attached; refresh evidence before procurement use.
bom_source_field:energy_storage_source_module_interconnect_harness_rack_can_drop_cable:manufacturer,bom_source_field,source_backed,source_evidence,rack CAN drop cable / manufacturer,manufacturer = Protocol Evidence Manufacturer.,,test-fixture://review-evidence-closure/source/rack_can_drop_cable,,,energy_storage_source,rack_can_drop_cable,false,false,Keep source record attached; refresh evidence before procurement use.
bom_source_field:energy_storage_source_module_interconnect_harness_rack_can_drop_cable:mpn,bom_source_field,source_backed,source_evidence,rack CAN drop cable / mpn,mpn = PROTOCOL-22-rack_can_drop_cable.,,test-fixture://review-evidence-closure/source/rack_can_drop_cable,,,energy_storage_source,rack_can_drop_cable,false,false,Keep source record attached; refresh evidence before procurement use.
bom_source_field:energy_storage_source_module_interconnect_harness_rack_can_drop_cable:supplier,bom_source_field,source_backed,source_evidence,rack CAN drop cable / supplier,supplier = Protocol Evidence Supplier.,,test-fixture://review-evidence-closure/source/rack_can_drop_cable,,,energy_storage_source,rack_can_drop_cable,false,false,Keep source record attached; refresh evidence before procurement use.
bom_source_field:energy_storage_source_module_interconnect_harness_rack_can_drop_cable:unit_cost_gbp,bom_source_field,source_backed,source_evidence,rack CAN drop cable / unit_cost_gbp,unit_cost_gbp = 121.,,test-fixture://review-evidence-closure/source/rack_can_drop_cable,,,energy_storage_source,rack_can_drop_cable,false,false,Keep source record attached; refresh evidence before procurement use.
bom_source_field:energy_storage_source_rack_structure_compression_plate:lead_time_weeks,bom_source_field,source_backed,source_evidence,compression plate / lead_time_weeks,lead_time_weeks = 8.,,test-fixture://review-evidence-closure/source/compression_plate,,,energy_storage_source,compression_plate,false,false,Keep source record attached; refresh evidence before procurement use.
bom_source_field:energy_storage_source_rack_structure_compression_plate:manufacturer,bom_source_field,source_backed,source_evidence,compression plate / manufacturer,manufacturer = Protocol Evidence Manufacturer.,,test-fixture://review-evidence-closure/source/compression_plate,,,energy_storage_source,compression_plate,false,false,Keep source record attached; refresh evidence before procurement use.
bom_source_field:energy_storage_source_rack_structure_compression_plate:mpn,bom_source_field,source_backed,source_evidence,compression plate / mpn,mpn = PROTOCOL-7-compression_plate.,,test-fixture://review-evidence-closure/source/compression_plate,,,energy_storage_source,compression_plate,false,false,Keep source record attached; refresh evidence before procurement use.
bom_source_field:energy_storage_source_rack_structure_compression_plate:supplier,bom_source_field,source_backed,source_evidence,compression plate / supplier,supplier = Protocol Evidence Supplier.,,test-fixture://review-evidence-closure/source/compression_plate,,,energy_storage_source,compression_plate,false,false,Keep source record attached; refresh evidence before procurement use.
bom_source_field:energy_storage_source_rack_structure_compression_plate:unit_cost_gbp,bom_source_field,source_backed,source_evidence,compression plate / unit_cost_gbp,unit_cost_gbp = 106.,,test-fixture://review-evidence-closure/source/compression_plate,,,energy_storage_source,compression_plate,false,false,Keep source record attached; refresh evidence before procurement use.
bom_source_field:energy_storage_source_rack_structure_compression_tie_rod_set:lead_time_weeks,bom_source_field,source_backed,source_evidence,compression tie rod set / lead_time_weeks,lead_time_weeks = 8.,,test-fixture://review-evidence-closure/source/compression_tie_rod_set,,,energy_storage_source,compression_tie_rod_set,false,false,Keep source record attached; refresh evidence before procurement use.
bom_source_field:energy_storage_source_rack_structure_compression_tie_rod_set:manufacturer,bom_source_field,source_backed,source_evidence,compression tie rod set / manufacturer,manufacturer = Protocol Evidence Manufacturer.,,test-fixture://review-evidence-closure/source/compression_tie_rod_set,,,energy_storage_source,compression_tie_rod_set,false,false,Keep source record attached; refresh evidence before procurement use.
bom_source_field:energy_storage_source_rack_structure_compression_tie_rod_set:mpn,bom_source_field,source_backed,source_evidence,compression tie rod set / mpn,mpn = PROTOCOL-8-compression_tie_rod_set.,,test-fixture://review-evidence-closure/source/compression_tie_rod_set,,,energy_storage_source,compression_tie_rod_set,false,false,Keep source record attached; refresh evidence before procurement use.
bom_source_field:energy_storage_source_rack_structure_compression_tie_rod_set:supplier,bom_source_field,source_backed,source_evidence,compression tie rod set / supplier,supplier = Protocol Evidence Supplier.,,test-fixture://review-evidence-closure/source/compression_tie_rod_set,,,energy_storage_source,compression_tie_rod_set,false,false,Keep source record attached; refresh evidence before procurement use.
bom_source_field:energy_storage_source_rack_structure_compression_tie_rod_set:unit_cost_gbp,bom_source_field,source_backed,source_evidence,compression tie rod set / unit_cost_gbp,unit_cost_gbp = 107.,,test-fixture://review-evidence-closure/source/compression_tie_rod_set,,,energy_storage_source,compression_tie_rod_set,false,false,Keep source record attached; refresh evidence before procurement use.
bom_source_field:energy_storage_source_rack_structure_module_steel_frame:lead_time_weeks,bom_source_field,source_backed,source_evidence,module steel frame / lead_time_weeks,lead_time_weeks = 8.,,test-fixture://review-evidence-closure/source/module_steel_frame,,,energy_storage_source,module_steel_frame,false,false,Keep source record attached; refresh evidence before procurement use.
bom_source_field:energy_storage_source_rack_structure_module_steel_frame:manufacturer,bom_source_field,source_backed,source_evidence,module steel frame / manufacturer,manufacturer = Protocol Evidence Manufacturer.,,test-fixture://review-evidence-closure/source/module_steel_frame,,,energy_storage_source,module_steel_frame,false,false,Keep source record attached; refresh evidence before procurement use.
bom_source_field:energy_storage_source_rack_structure_module_steel_frame:mpn,bom_source_field,source_backed,source_evidence,module steel frame / mpn,mpn = PROTOCOL-6-module_steel_frame.,,test-fixture://review-evidence-closure/source/module_steel_frame,,,energy_storage_source,module_steel_frame,false,false,Keep source record attached; refresh evidence before procurement use.
bom_source_field:energy_storage_source_rack_structure_module_steel_frame:supplier,bom_source_field,source_backed,source_evidence,module steel frame / supplier,supplier = Protocol Evidence Supplier.,,test-fixture://review-evidence-closure/source/module_steel_frame,,,energy_storage_source,module_steel_frame,false,false,Keep source record attached; refresh evidence before procurement use.
bom_source_field:energy_storage_source_rack_structure_module_steel_frame:unit_cost_gbp,bom_source_field,source_backed,source_evidence,module steel frame / unit_cost_gbp,unit_cost_gbp = 105.,,test-fixture://review-evidence-closure/source/module_steel_frame,,,energy_storage_source,module_steel_frame,false,false,Keep source record attached; refresh evidence before procurement use.
bom_source_field:energy_storage_source_rack_structure_module_top_cover:lead_time_weeks,bom_source_field,source_backed,source_evidence,module top cover / lead_time_weeks,lead_time_weeks = 8.,,test-fixture://review-evidence-closure/source/module_top_cover,,,energy_storage_source,module_top_cover,false,false,Keep source record attached; refresh evidence before procurement use.
bom_source_field:energy_storage_source_rack_structure_module_top_cover:manufacturer,bom_source_field,source_backed,source_evidence,module top cover / manufacturer,manufacturer = Protocol Evidence Manufacturer.,,test-fixture://review-evidence-closure/source/module_top_cover,,,energy_storage_source,module_top_cover,false,false,Keep source record attached; refresh evidence before procurement use.
bom_source_field:energy_storage_source_rack_structure_module_top_cover:mpn,bom_source_field,source_backed,source_evidence,module top cover / mpn,mpn = PROTOCOL-9-module_top_cover.,,test-fixture://review-evidence-closure/source/module_top_cover,,,energy_storage_source,module_top_cover,false,false,Keep source record attached; refresh evidence before procurement use.
bom_source_field:energy_storage_source_rack_structure_module_top_cover:supplier,bom_source_field,source_backed,source_evidence,module top cover / supplier,supplier = Protocol Evidence Supplier.,,test-fixture://review-evidence-closure/source/module_top_cover,,,energy_storage_source,module_top_cover,false,false,Keep source record attached; refresh evidence before procurement use.
bom_source_field:energy_storage_source_rack_structure_module_top_cover:unit_cost_gbp,bom_source_field,source_backed,source_evidence,module top cover / unit_cost_gbp,unit_cost_gbp = 108.,,test-fixture://review-evidence-closure/source/module_top_cover,,,energy_storage_source,module_top_cover,false,false,Keep source record attached; refresh evidence before procurement use.
bom_source_field:energy_storage_source_rack_structure_rack_label_plate:lead_time_weeks,bom_source_field,source_backed,source_evidence,rack label plate / lead_time_weeks,lead_time_weeks = 8.,,test-fixture://review-evidence-closure/source/rack_label_plate,,,energy_storage_source,rack_label_plate,false,false,Keep source record attached; refresh evidence before procurement use.
bom_source_field:energy_storage_source_rack_structure_rack_label_plate:manufacturer,bom_source_field,source_backed,source_evidence,rack label plate / manufacturer,manufacturer = Protocol Evidence Manufacturer.,,test-fixture://review-evidence-closure/source/rack_label_plate,,,energy_storage_source,rack_label_plate,false,false,Keep source record attached; refresh evidence before procurement use.
bom_source_field:energy_storage_source_rack_structure_rack_label_plate:mpn,bom_source_field,source_backed,source_evidence,rack label plate / mpn,mpn = PROTOCOL-10-rack_label_plate.,,test-fixture://review-evidence-closure/source/rack_label_plate,,,energy_storage_source,rack_label_plate,false,false,Keep source record attached; refresh evidence before procurement use.
bom_source_field:energy_storage_source_rack_structure_rack_label_plate:supplier,bom_source_field,source_backed,source_evidence,rack label plate / supplier,supplier = Protocol Evidence Supplier.,,test-fixture://review-evidence-closure/source/rack_label_plate,,,energy_storage_source,rack_label_plate,false,false,Keep source record attached; refresh evidence before procurement use.
bom_source_field:energy_storage_source_rack_structure_rack_label_plate:unit_cost_gbp,bom_source_field,source_backed,source_evidence,rack label plate / unit_cost_gbp,unit_cost_gbp = 109.,,test-fixture://review-evidence-closure/source/rack_label_plate,,,energy_storage_source,rack_label_plate,false,false,Keep source record attached; refresh evidence before procurement use.
bom_source_field:energy_storage_source_rack_thermal_interface_coolant_quick_connector_pair:lead_time_weeks,bom_source_field,source_backed,source_evidence,coolant quick connector pair / lead_time_weeks,lead_time_weeks = 8.,,test-fixture://review-evidence-closure/source/coolant_quick_connector_pair,,,energy_storage_source,coolant_quick_connector_pair,false,false,Keep source record attached; refresh evidence before procurement use.
bom_source_field:energy_storage_source_rack_thermal_interface_coolant_quick_connector_pair:manufacturer,bom_source_field,source_backed,source_evidence,coolant quick connector pair / manufacturer,manufacturer = Protocol Evidence Manufacturer.,,test-fixture://review-evidence-closure/source/coolant_quick_connector_pair,,,energy_storage_source,coolant_quick_connector_pair,false,false,Keep source record attached; refresh evidence before procurement use.
bom_source_field:energy_storage_source_rack_thermal_interface_coolant_quick_connector_pair:mpn,bom_source_field,source_backed,source_evidence,coolant quick connector pair / mpn,mpn = PROTOCOL-27-coolant_quick_connector_pair.,,test-fixture://review-evidence-closure/source/coolant_quick_connector_pair,,,energy_storage_source,coolant_quick_connector_pair,false,false,Keep source record attached; refresh evidence before procurement use.
bom_source_field:energy_storage_source_rack_thermal_interface_coolant_quick_connector_pair:supplier,bom_source_field,source_backed,source_evidence,coolant quick connector pair / supplier,supplier = Protocol Evidence Supplier.,,test-fixture://review-evidence-closure/source/coolant_quick_connector_pair,,,energy_storage_source,coolant_quick_connector_pair,false,false,Keep source record attached; refresh evidence before procurement use.
bom_source_field:energy_storage_source_rack_thermal_interface_coolant_quick_connector_pair:unit_cost_gbp,bom_source_field,source_backed,source_evidence,coolant quick connector pair / unit_cost_gbp,unit_cost_gbp = 126.,,test-fixture://review-evidence-closure/source/coolant_quick_connector_pair,,,energy_storage_source,coolant_quick_connector_pair,false,false,Keep source record attached; refresh evidence before procurement use.
bom_source_field:energy_storage_source_rack_thermal_interface_leak_detection_rope:lead_time_weeks,bom_source_field,source_backed,source_evidence,leak detection rope / lead_time_weeks,lead_time_weeks = 8.,,test-fixture://review-evidence-closure/source/leak_detection_rope,,,energy_storage_source,leak_detection_rope,false,false,Keep source record attached; refresh evidence before procurement use.
bom_source_field:energy_storage_source_rack_thermal_interface_leak_detection_rope:manufacturer,bom_source_field,source_backed,source_evidence,leak detection rope / manufacturer,manufacturer = Protocol Evidence Manufacturer.,,test-fixture://review-evidence-closure/source/leak_detection_rope,,,energy_storage_source,leak_detection_rope,false,false,Keep source record attached; refresh evidence before procurement use.
bom_source_field:energy_storage_source_rack_thermal_interface_leak_detection_rope:mpn,bom_source_field,source_backed,source_evidence,leak detection rope / mpn,mpn = PROTOCOL-29-leak_detection_rope.,,test-fixture://review-evidence-closure/source/leak_detection_rope,,,energy_storage_source,leak_detection_rope,false,false,Keep source record attached; refresh evidence before procurement use.
bom_source_field:energy_storage_source_rack_thermal_interface_leak_detection_rope:supplier,bom_source_field,source_backed,source_evidence,leak detection rope / supplier,supplier = Protocol Evidence Supplier.,,test-fixture://review-evidence-closure/source/leak_detection_rope,,,energy_storage_source,leak_detection_rope,false,false,Keep source record attached; refresh evidence before procurement use.
bom_source_field:energy_storage_source_rack_thermal_interface_leak_detection_rope:unit_cost_gbp,bom_source_field,source_backed,source_evidence,leak detection rope / unit_cost_gbp,unit_cost_gbp = 128.,,test-fixture://review-evidence-closure/source/leak_detection_rope,,,energy_storage_source,leak_detection_rope,false,false,Keep source record attached; refresh evidence before procurement use.
bom_source_field:energy_storage_source_rack_thermal_interface_rack_cold_plate_manifold:lead_time_weeks,bom_source_field,source_backed,source_evidence,rack cold plate manifold / lead_time_weeks,lead_time_weeks = 8.,,test-fixture://review-evidence-closure/source/rack_cold_plate_manifold,,,energy_storage_source,rack_cold_plate_manifold,false,false,Keep source record attached; refresh evidence before procurement use.
bom_source_field:energy_storage_source_rack_thermal_interface_rack_cold_plate_manifold:manufacturer,bom_source_field,source_backed,source_evidence,rack cold plate manifold / manufacturer,manufacturer = Protocol Evidence Manufacturer.,,test-fixture://review-evidence-closure/source/rack_cold_plate_manifold,,,energy_storage_source,rack_cold_plate_manifold,false,false,Keep source record attached; refresh evidence before procurement use.
bom_source_field:energy_storage_source_rack_thermal_interface_rack_cold_plate_manifold:mpn,bom_source_field,source_backed,source_evidence,rack cold plate manifold / mpn,mpn = PROTOCOL-25-rack_cold_plate_manifold.,,test-fixture://review-evidence-closure/source/rack_cold_plate_manifold,,,energy_storage_source,rack_cold_plate_manifold,false,false,Keep source record attached; refresh evidence before procurement use.
bom_source_field:energy_storage_source_rack_thermal_interface_rack_cold_plate_manifold:supplier,bom_source_field,source_backed,source_evidence,rack cold plate manifold / supplier,supplier = Protocol Evidence Supplier.,,test-fixture://review-evidence-closure/source/rack_cold_plate_manifold,,,energy_storage_source,rack_cold_plate_manifold,false,false,Keep source record attached; refresh evidence before procurement use.
bom_source_field:energy_storage_source_rack_thermal_interface_rack_cold_plate_manifold:unit_cost_gbp,bom_source_field,source_backed,source_evidence,rack cold plate manifold / unit_cost_gbp,unit_cost_gbp = 124.,,test-fixture://review-evidence-closure/source/rack_cold_plate_manifold,,,energy_storage_source,rack_cold_plate_manifold,false,false,Keep source record attached; refresh evidence before procurement use.
bom_source_field:energy_storage_source_rack_thermal_interface_rack_drip_tray:lead_time_weeks,bom_source_field,source_backed,source_evidence,rack drip tray / lead_time_weeks,lead_time_weeks = 8.,,test-fixture://review-evidence-closure/source/rack_drip_tray,,,energy_storage_source,rack_drip_tray,false,false,Keep source record attached; refresh evidence before procurement use.
bom_source_field:energy_storage_source_rack_thermal_interface_rack_drip_tray:manufacturer,bom_source_field,source_backed,source_evidence,rack drip tray / manufacturer,manufacturer = Protocol Evidence Manufacturer.,,test-fixture://review-evidence-closure/source/rack_drip_tray,,,energy_storage_source,rack_drip_tray,false,false,Keep source record attached; refresh evidence before procurement use.
bom_source_field:energy_storage_source_rack_thermal_interface_rack_drip_tray:mpn,bom_source_field,source_backed,source_evidence,rack drip tray / mpn,mpn = PROTOCOL-28-rack_drip_tray.,,test-fixture://review-evidence-closure/source/rack_drip_tray,,,energy_storage_source,rack_drip_tray,false,false,Keep source record attached; refresh evidence before procurement use.
bom_source_field:energy_storage_source_rack_thermal_interface_rack_drip_tray:supplier,bom_source_field,source_backed,source_evidence,rack drip tray / supplier,supplier = Protocol Evidence Supplier.,,test-fixture://review-evidence-closure/source/rack_drip_tray,,,energy_storage_source,rack_drip_tray,false,false,Keep source record attached; refresh evidence before procurement use.
bom_source_field:energy_storage_source_rack_thermal_interface_rack_drip_tray:unit_cost_gbp,bom_source_field,source_backed,source_evidence,rack drip tray / unit_cost_gbp,unit_cost_gbp = 127.,,test-fixture://review-evidence-closure/source/rack_drip_tray,,,energy_storage_source,rack_drip_tray,false,false,Keep source record attached; refresh evidence before procurement use.
bom_source_field:energy_storage_source_rack_thermal_interface_thermally_conductive_gap_pad:lead_time_weeks,bom_source_field,source_backed,source_evidence,thermally conductive gap pad / lead_time_weeks,lead_time_weeks = 8.,,test-fixture://review-evidence-closure/source/thermally_conductive_gap_pad,,,energy_storage_source,thermally_conductive_gap_pad,false,false,Keep source record attached; refresh evidence before procurement use.
bom_source_field:energy_storage_source_rack_thermal_interface_thermally_conductive_gap_pad:manufacturer,bom_source_field,source_backed,source_evidence,thermally conductive gap pad / manufacturer,manufacturer = Protocol Evidence Manufacturer.,,test-fixture://review-evidence-closure/source/thermally_conductive_gap_pad,,,energy_storage_source,thermally_conductive_gap_pad,false,false,Keep source record attached; refresh evidence before procurement use.
bom_source_field:energy_storage_source_rack_thermal_interface_thermally_conductive_gap_pad:mpn,bom_source_field,source_backed,source_evidence,thermally conductive gap pad / mpn,mpn = PROTOCOL-26-thermally_conductive_gap_pad.,,test-fixture://review-evidence-closure/source/thermally_conductive_gap_pad,,,energy_storage_source,thermally_conductive_gap_pad,false,false,Keep source record attached; refresh evidence before procurement use.
bom_source_field:energy_storage_source_rack_thermal_interface_thermally_conductive_gap_pad:supplier,bom_source_field,source_backed,source_evidence,thermally conductive gap pad / supplier,supplier = Protocol Evidence Supplier.,,test-fixture://review-evidence-closure/source/thermally_conductive_gap_pad,,,energy_storage_source,thermally_conductive_gap_pad,false,false,Keep source record attached; refresh evidence before procurement use.
bom_source_field:energy_storage_source_rack_thermal_interface_thermally_conductive_gap_pad:unit_cost_gbp,bom_source_field,source_backed,source_evidence,thermally conductive gap pad / unit_cost_gbp,unit_cost_gbp = 125.,,test-fixture://review-evidence-closure/source/thermally_conductive_gap_pad,,,energy_storage_source,thermally_conductive_gap_pad,false,false,Keep source record attached; refresh evidence before procurement use.
bom_source_field:environmental_interface_heat_rejection_coil_coil_guard_grille:lead_time_weeks,bom_source_field,source_backed,source_evidence,coil guard grille / lead_time_weeks,lead_time_weeks = 8.,,test-fixture://review-evidence-closure/source/coil_guard_grille,,,environmental_interface,coil_guard_grille,false,false,Keep source record attached; refresh evidence before procurement use.
bom_source_field:environmental_interface_heat_rejection_coil_coil_guard_grille:manufacturer,bom_source_field,source_backed,source_evidence,coil guard grille / manufacturer,manufacturer = Protocol Evidence Manufacturer.,,test-fixture://review-evidence-closure/source/coil_guard_grille,,,environmental_interface,coil_guard_grille,false,false,Keep source record attached; refresh evidence before procurement use.
bom_source_field:environmental_interface_heat_rejection_coil_coil_guard_grille:mpn,bom_source_field,source_backed,source_evidence,coil guard grille / mpn,mpn = PROTOCOL-134-coil_guard_grille.,,test-fixture://review-evidence-closure/source/coil_guard_grille,,,environmental_interface,coil_guard_grille,false,false,Keep source record attached; refresh evidence before procurement use.
bom_source_field:environmental_interface_heat_rejection_coil_coil_guard_grille:supplier,bom_source_field,source_backed,source_evidence,coil guard grille / supplier,supplier = Protocol Evidence Supplier.,,test-fixture://review-evidence-closure/source/coil_guard_grille,,,environmental_interface,coil_guard_grille,false,false,Keep source record attached; refresh evidence before procurement use.
bom_source_field:environmental_interface_heat_rejection_coil_coil_guard_grille:unit_cost_gbp,bom_source_field,source_backed,source_evidence,coil guard grille / unit_cost_gbp,unit_cost_gbp = 233.,,test-fixture://review-evidence-closure/source/coil_guard_grille,,,environmental_interface,coil_guard_grille,false,false,Keep source record attached; refresh evidence before procurement use.
bom_source_field:environmental_interface_heat_rejection_coil_drain_safe_condensate_pan:lead_time_weeks,bom_source_field,source_backed,source_evidence,drain-safe condensate pan / lead_time_weeks,lead_time_weeks = 8.,,test-fixture://review-evidence-closure/source/drain_safe_condensate_pan,,,environmental_interface,drain_safe_condensate_pan,false,false,Keep source record attached; refresh evidence before procurement use.
bom_source_field:environmental_interface_heat_rejection_coil_drain_safe_condensate_pan:manufacturer,bom_source_field,source_backed,source_evidence,drain-safe condensate pan / manufacturer,manufacturer = Protocol Evidence Manufacturer.,,test-fixture://review-evidence-closure/source/drain_safe_condensate_pan,,,environmental_interface,drain_safe_condensate_pan,false,false,Keep source record attached; refresh evidence before procurement use.
bom_source_field:environmental_interface_heat_rejection_coil_drain_safe_condensate_pan:mpn,bom_source_field,source_backed,source_evidence,drain-safe condensate pan / mpn,mpn = PROTOCOL-135-drain_safe_condensate_pan.,,test-fixture://review-evidence-closure/source/drain_safe_condensate_pan,,,environmental_interface,drain_safe_condensate_pan,false,false,Keep source record attached; refresh evidence before procurement use.
bom_source_field:environmental_interface_heat_rejection_coil_drain_safe_condensate_pan:supplier,bom_source_field,source_backed,source_evidence,drain-safe condensate pan / supplier,supplier = Protocol Evidence Supplier.,,test-fixture://review-evidence-closure/source/drain_safe_condensate_pan,,,environmental_interface,drain_safe_condensate_pan,false,false,Keep source record attached; refresh evidence before procurement use.
bom_source_field:environmental_interface_heat_rejection_coil_drain_safe_condensate_pan:unit_cost_gbp,bom_source_field,source_backed,source_evidence,drain-safe condensate pan / unit_cost_gbp,unit_cost_gbp = 234.,,test-fixture://review-evidence-closure/source/drain_safe_condensate_pan,,,environmental_interface,drain_safe_condensate_pan,false,false,Keep source record attached; refresh evidence before procurement use.
bom_source_field:environmental_interface_heat_rejection_coil_dry_cooler_coil:lead_time_weeks,bom_source_field,source_backed,source_evidence,dry cooler coil / lead_time_weeks,lead_time_weeks = 8.,,test-fixture://review-evidence-closure/source/dry_cooler_coil,,,environmental_interface,dry_cooler_coil,false,false,Keep source record attached; refresh evidence before procurement use.
bom_source_field:environmental_interface_heat_rejection_coil_dry_cooler_coil:manufacturer,bom_source_field,source_backed,source_evidence,dry cooler coil / manufacturer,manufacturer = Protocol Evidence Manufacturer.,,test-fixture://review-evidence-closure/source/dry_cooler_coil,,,environmental_interface,dry_cooler_coil,false,false,Keep source record attached; refresh evidence before procurement use.
bom_source_field:environmental_interface_heat_rejection_coil_dry_cooler_coil:mpn,bom_source_field,source_backed,source_evidence,dry cooler coil / mpn,mpn = PROTOCOL-131-dry_cooler_coil.,,test-fixture://review-evidence-closure/source/dry_cooler_coil,,,environmental_interface,dry_cooler_coil,false,false,Keep source record attached; refresh evidence before procurement use.
bom_source_field:environmental_interface_heat_rejection_coil_dry_cooler_coil:supplier,bom_source_field,source_backed,source_evidence,dry cooler coil / supplier,supplier = Protocol Evidence Supplier.,,test-fixture://review-evidence-closure/source/dry_cooler_coil,,,environmental_interface,dry_cooler_coil,false,false,Keep source record attached; refresh evidence before procurement use.
bom_source_field:environmental_interface_heat_rejection_coil_dry_cooler_coil:unit_cost_gbp,bom_source_field,source_backed,source_evidence,dry cooler coil / unit_cost_gbp,unit_cost_gbp = 230.,,test-fixture://review-evidence-closure/source/dry_cooler_coil,,,environmental_interface,dry_cooler_coil,false,false,Keep source record attached; refresh evidence before procurement use.
bom_source_field:environmental_interface_heat_rejection_coil_ec_condenser_fan:lead_time_weeks,bom_source_field,source_backed,source_evidence,EC condenser fan / lead_time_weeks,lead_time_weeks = 8.,,test-fixture://review-evidence-closure/source/ec_condenser_fan,,,environmental_interface,ec_condenser_fan,false,false,Keep source record attached; refresh evidence before procurement use.
bom_source_field:environmental_interface_heat_rejection_coil_ec_condenser_fan:manufacturer,bom_source_field,source_backed,source_evidence,EC condenser fan / manufacturer,manufacturer = Protocol Evidence Manufacturer.,,test-fixture://review-evidence-closure/source/ec_condenser_fan,,,environmental_interface,ec_condenser_fan,false,false,Keep source record attached; refresh evidence before procurement use.
bom_source_field:environmental_interface_heat_rejection_coil_ec_condenser_fan:mpn,bom_source_field,source_backed,source_evidence,EC condenser fan / mpn,mpn = PROTOCOL-132-ec_condenser_fan.,,test-fixture://review-evidence-closure/source/ec_condenser_fan,,,environmental_interface,ec_condenser_fan,false,false,Keep source record attached; refresh evidence before procurement use.
bom_source_field:environmental_interface_heat_rejection_coil_ec_condenser_fan:supplier,bom_source_field,source_backed,source_evidence,EC condenser fan / supplier,supplier = Protocol Evidence Supplier.,,test-fixture://review-evidence-closure/source/ec_condenser_fan,,,environmental_interface,ec_condenser_fan,false,false,Keep source record attached; refresh evidence before procurement use.
bom_source_field:environmental_interface_heat_rejection_coil_ec_condenser_fan:unit_cost_gbp,bom_source_field,source_backed,source_evidence,EC condenser fan / unit_cost_gbp,unit_cost_gbp = 231.,,test-fixture://review-evidence-closure/source/ec_condenser_fan,,,environmental_interface,ec_condenser_fan,false,false,Keep source record attached; refresh evidence before procurement use.
bom_source_field:environmental_interface_heat_rejection_coil_fan_contactor:lead_time_weeks,bom_source_field,source_backed,source_evidence,fan contactor / lead_time_weeks,lead_time_weeks = 8.,,test-fixture://review-evidence-closure/source/fan_contactor,,,environmental_interface,fan_contactor,false,false,Keep source record attached; refresh evidence before procurement use.
bom_source_field:environmental_interface_heat_rejection_coil_fan_contactor:manufacturer,bom_source_field,source_backed,source_evidence,fan contactor / manufacturer,manufacturer = Protocol Evidence Manufacturer.,,test-fixture://review-evidence-closure/source/fan_contactor,,,environmental_interface,fan_contactor,false,false,Keep source record attached; refresh evidence before procurement use.
bom_source_field:environmental_interface_heat_rejection_coil_fan_contactor:mpn,bom_source_field,source_backed,source_evidence,fan contactor / mpn,mpn = PROTOCOL-133-fan_contactor.,,test-fixture://review-evidence-closure/source/fan_contactor,,,environmental_interface,fan_contactor,false,false,Keep source record attached; refresh evidence before procurement use.
bom_source_field:environmental_interface_heat_rejection_coil_fan_contactor:supplier,bom_source_field,source_backed,source_evidence,fan contactor / supplier,supplier = Protocol Evidence Supplier.,,test-fixture://review-evidence-closure/source/fan_contactor,,,environmental_interface,fan_contactor,false,false,Keep source record attached; refresh evidence before procurement use.
bom_source_field:environmental_interface_heat_rejection_coil_fan_contactor:unit_cost_gbp,bom_source_field,source_backed,source_evidence,fan contactor / unit_cost_gbp,unit_cost_gbp = 232.,,test-fixture://review-evidence-closure/source/fan_contactor,,,environmental_interface,fan_contactor,false,false,Keep source record attached; refresh evidence before procurement use.
bom_source_field:environmental_interface_hvac_unit_air_filter_element:lead_time_weeks,bom_source_field,source_backed,source_evidence,air filter element / lead_time_weeks,lead_time_weeks = 8.,,test-fixture://review-evidence-closure/source/air_filter_element,,,environmental_interface,air_filter_element,false,false,Keep source record attached; refresh evidence before procurement use.
bom_source_field:environmental_interface_hvac_unit_air_filter_element:manufacturer,bom_source_field,source_backed,source_evidence,air filter element / manufacturer,manufacturer = Protocol Evidence Manufacturer.,,test-fixture://review-evidence-closure/source/air_filter_element,,,environmental_interface,air_filter_element,false,false,Keep source record attached; refresh evidence before procurement use.
bom_source_field:environmental_interface_hvac_unit_air_filter_element:mpn,bom_source_field,source_backed,source_evidence,air filter element / mpn,mpn = PROTOCOL-120-air_filter_element.,,test-fixture://review-evidence-closure/source/air_filter_element,,,environmental_interface,air_filter_element,false,false,Keep source record attached; refresh evidence before procurement use.
bom_source_field:environmental_interface_hvac_unit_air_filter_element:supplier,bom_source_field,source_backed,source_evidence,air filter element / supplier,supplier = Protocol Evidence Supplier.,,test-fixture://review-evidence-closure/source/air_filter_element,,,environmental_interface,air_filter_element,false,false,Keep source record attached; refresh evidence before procurement use.
bom_source_field:environmental_interface_hvac_unit_air_filter_element:unit_cost_gbp,bom_source_field,source_backed,source_evidence,air filter element / unit_cost_gbp,unit_cost_gbp = 219.,,test-fixture://review-evidence-closure/source/air_filter_element,,,environmental_interface,air_filter_element,false,false,Keep source record attached; refresh evidence before procurement use.
bom_source_field:environmental_interface_hvac_unit_condensate_drain_kit:lead_time_weeks,bom_source_field,source_backed,source_evidence,condensate drain kit / lead_time_weeks,lead_time_weeks = 8.,,test-fixture://review-evidence-closure/source/condensate_drain_kit,,,environmental_interface,condensate_drain_kit,false,false,Keep source record attached; refresh evidence before procurement use.
bom_source_field:environmental_interface_hvac_unit_condensate_drain_kit:manufacturer,bom_source_field,source_backed,source_evidence,condensate drain kit / manufacturer,manufacturer = Protocol Evidence Manufacturer.,,test-fixture://review-evidence-closure/source/condensate_drain_kit,,,environmental_interface,condensate_drain_kit,false,false,Keep source record attached; refresh evidence before procurement use.
bom_source_field:environmental_interface_hvac_unit_condensate_drain_kit:mpn,bom_source_field,source_backed,source_evidence,condensate drain kit / mpn,mpn = PROTOCOL-121-condensate_drain_kit.,,test-fixture://review-evidence-closure/source/condensate_drain_kit,,,environmental_interface,condensate_drain_kit,false,false,Keep source record attached; refresh evidence before procurement use.
bom_source_field:environmental_interface_hvac_unit_condensate_drain_kit:supplier,bom_source_field,source_backed,source_evidence,condensate drain kit / supplier,supplier = Protocol Evidence Supplier.,,test-fixture://review-evidence-closure/source/condensate_drain_kit,,,environmental_interface,condensate_drain_kit,false,false,Keep source record attached; refresh evidence before procurement use.
bom_source_field:environmental_interface_hvac_unit_condensate_drain_kit:unit_cost_gbp,bom_source_field,source_backed,source_evidence,condensate drain kit / unit_cost_gbp,unit_cost_gbp = 220.,,test-fixture://review-evidence-closure/source/condensate_drain_kit,,,environmental_interface,condensate_drain_kit,false,false,Keep source record attached; refresh evidence before procurement use.
bom_source_field:environmental_interface_hvac_unit_container_hvac_unit:lead_time_weeks,bom_source_field,source_backed,source_evidence,container HVAC unit / lead_time_weeks,lead_time_weeks = 8.,,test-fixture://review-evidence-closure/source/container_hvac_unit,,,environmental_interface,container_hvac_unit,false,false,Keep source record attached; refresh evidence before procurement use.
bom_source_field:environmental_interface_hvac_unit_container_hvac_unit:manufacturer,bom_source_field,source_backed,source_evidence,container HVAC unit / manufacturer,manufacturer = Protocol Evidence Manufacturer.,,test-fixture://review-evidence-closure/source/container_hvac_unit,,,environmental_interface,container_hvac_unit,false,false,Keep source record attached; refresh evidence before procurement use.
bom_source_field:environmental_interface_hvac_unit_container_hvac_unit:mpn,bom_source_field,source_backed,source_evidence,container HVAC unit / mpn,mpn = PROTOCOL-119-container_hvac_unit.,,test-fixture://review-evidence-closure/source/container_hvac_unit,,,environmental_interface,container_hvac_unit,false,false,Keep source record attached; refresh evidence before procurement use.
bom_source_field:environmental_interface_hvac_unit_container_hvac_unit:supplier,bom_source_field,source_backed,source_evidence,container HVAC unit / supplier,supplier = Protocol Evidence Supplier.,,test-fixture://review-evidence-closure/source/container_hvac_unit,,,environmental_interface,container_hvac_unit,false,false,Keep source record attached; refresh evidence before procurement use.
bom_source_field:environmental_interface_hvac_unit_container_hvac_unit:unit_cost_gbp,bom_source_field,source_backed,source_evidence,container HVAC unit / unit_cost_gbp,unit_cost_gbp = 218.,,test-fixture://review-evidence-closure/source/container_hvac_unit,,,environmental_interface,container_hvac_unit,false,false,Keep source record attached; refresh evidence before procurement use.
bom_source_field:environmental_interface_hvac_unit_hvac_controller:lead_time_weeks,bom_source_field,source_backed,source_evidence,HVAC controller / lead_time_weeks,lead_time_weeks = 8.,,test-fixture://review-evidence-closure/source/hvac_controller,,,environmental_interface,hvac_controller,false,false,Keep source record attached; refresh evidence before procurement use.
bom_source_field:environmental_interface_hvac_unit_hvac_controller:manufacturer,bom_source_field,source_backed,source_evidence,HVAC controller / manufacturer,manufacturer = Protocol Evidence Manufacturer.,,test-fixture://review-evidence-closure/source/hvac_controller,,,environmental_interface,hvac_controller,false,false,Keep source record attached; refresh evidence before procurement use.
bom_source_field:environmental_interface_hvac_unit_hvac_controller:mpn,bom_source_field,source_backed,source_evidence,HVAC controller / mpn,mpn = PROTOCOL-122-hvac_controller.,,test-fixture://review-evidence-closure/source/hvac_controller,,,environmental_interface,hvac_controller,false,false,Keep source record attached; refresh evidence before procurement use.
bom_source_field:environmental_interface_hvac_unit_hvac_controller:supplier,bom_source_field,source_backed,source_evidence,HVAC controller / supplier,supplier = Protocol Evidence Supplier.,,test-fixture://review-evidence-closure/source/hvac_controller,,,environmental_interface,hvac_controller,false,false,Keep source record attached; refresh evidence before procurement use.
bom_source_field:environmental_interface_hvac_unit_hvac_controller:unit_cost_gbp,bom_source_field,source_backed,source_evidence,HVAC controller / unit_cost_gbp,unit_cost_gbp = 221.,,test-fixture://review-evidence-closure/source/hvac_controller,,,environmental_interface,hvac_controller,false,false,Keep source record attached; refresh evidence before procurement use.
bom_source_field:environmental_interface_thermal_insulation_insulation_panel:lead_time_weeks,bom_source_field,source_backed,source_evidence,insulation panel / lead_time_weeks,lead_time_weeks = 8.,,test-fixture://review-evidence-closure/source/insulation_panel,,,environmental_interface,insulation_panel,false,false,Keep source record attached; refresh evidence before procurement use.
bom_source_field:environmental_interface_thermal_insulation_insulation_panel:manufacturer,bom_source_field,source_backed,source_evidence,insulation panel / manufacturer,manufacturer = Protocol Evidence Manufacturer.,,test-fixture://review-evidence-closure/source/insulation_panel,,,environmental_interface,insulation_panel,false,false,Keep source record attached; refresh evidence before procurement use.
bom_source_field:environmental_interface_thermal_insulation_insulation_panel:mpn,bom_source_field,source_backed,source_evidence,insulation panel / mpn,mpn = PROTOCOL-127-insulation_panel.,,test-fixture://review-evidence-closure/source/insulation_panel,,,environmental_interface,insulation_panel,false,false,Keep source record attached; refresh evidence before procurement use.
bom_source_field:environmental_interface_thermal_insulation_insulation_panel:supplier,bom_source_field,source_backed,source_evidence,insulation panel / supplier,supplier = Protocol Evidence Supplier.,,test-fixture://review-evidence-closure/source/insulation_panel,,,environmental_interface,insulation_panel,false,false,Keep source record attached; refresh evidence before procurement use.
bom_source_field:environmental_interface_thermal_insulation_insulation_panel:unit_cost_gbp,bom_source_field,source_backed,source_evidence,insulation panel / unit_cost_gbp,unit_cost_gbp = 226.,,test-fixture://review-evidence-closure/source/insulation_panel,,,environmental_interface,insulation_panel,false,false,Keep source record attached; refresh evidence before procurement use.
bom_source_field:environmental_interface_thermal_insulation_seal_gasket_set:lead_time_weeks,bom_source_field,source_backed,source_evidence,seal gasket set / lead_time_weeks,lead_time_weeks = 8.,,test-fixture://review-evidence-closure/source/seal_gasket_set,,,environmental_interface,seal_gasket_set,false,false,Keep source record attached; refresh evidence before procurement use.
bom_source_field:environmental_interface_thermal_insulation_seal_gasket_set:manufacturer,bom_source_field,source_backed,source_evidence,seal gasket set / manufacturer,manufacturer = Protocol Evidence Manufacturer.,,test-fixture://review-evidence-closure/source/seal_gasket_set,,,environmental_interface,seal_gasket_set,false,false,Keep source record attached; refresh evidence before procurement use.
bom_source_field:environmental_interface_thermal_insulation_seal_gasket_set:mpn,bom_source_field,source_backed,source_evidence,seal gasket set / mpn,mpn = PROTOCOL-130-seal_gasket_set.,,test-fixture://review-evidence-closure/source/seal_gasket_set,,,environmental_interface,seal_gasket_set,false,false,Keep source record attached; refresh evidence before procurement use.
bom_source_field:environmental_interface_thermal_insulation_seal_gasket_set:supplier,bom_source_field,source_backed,source_evidence,seal gasket set / supplier,supplier = Protocol Evidence Supplier.,,test-fixture://review-evidence-closure/source/seal_gasket_set,,,environmental_interface,seal_gasket_set,false,false,Keep source record attached; refresh evidence before procurement use.
bom_source_field:environmental_interface_thermal_insulation_seal_gasket_set:unit_cost_gbp,bom_source_field,source_backed,source_evidence,seal gasket set / unit_cost_gbp,unit_cost_gbp = 229.,,test-fixture://review-evidence-closure/source/seal_gasket_set,,,environmental_interface,seal_gasket_set,false,false,Keep source record attached; refresh evidence before procurement use.
bom_source_field:environmental_interface_thermal_insulation_thermal_break_strip:lead_time_weeks,bom_source_field,source_backed,source_evidence,thermal break strip / lead_time_weeks,lead_time_weeks = 8.,,test-fixture://review-evidence-closure/source/thermal_break_strip,,,environmental_interface,thermal_break_strip,false,false,Keep source record attached; refresh evidence before procurement use.
bom_source_field:environmental_interface_thermal_insulation_thermal_break_strip:manufacturer,bom_source_field,source_backed,source_evidence,thermal break strip / manufacturer,manufacturer = Protocol Evidence Manufacturer.,,test-fixture://review-evidence-closure/source/thermal_break_strip,,,environmental_interface,thermal_break_strip,false,false,Keep source record attached; refresh evidence before procurement use.
bom_source_field:environmental_interface_thermal_insulation_thermal_break_strip:mpn,bom_source_field,source_backed,source_evidence,thermal break strip / mpn,mpn = PROTOCOL-129-thermal_break_strip.,,test-fixture://review-evidence-closure/source/thermal_break_strip,,,environmental_interface,thermal_break_strip,false,false,Keep source record attached; refresh evidence before procurement use.
bom_source_field:environmental_interface_thermal_insulation_thermal_break_strip:supplier,bom_source_field,source_backed,source_evidence,thermal break strip / supplier,supplier = Protocol Evidence Supplier.,,test-fixture://review-evidence-closure/source/thermal_break_strip,,,environmental_interface,thermal_break_strip,false,false,Keep source record attached; refresh evidence before procurement use.
bom_source_field:environmental_interface_thermal_insulation_thermal_break_strip:unit_cost_gbp,bom_source_field,source_backed,source_evidence,thermal break strip / unit_cost_gbp,unit_cost_gbp = 228.,,test-fixture://review-evidence-closure/source/thermal_break_strip,,,environmental_interface,thermal_break_strip,false,false,Keep source record attached; refresh evidence before procurement use.
bom_source_field:environmental_interface_thermal_insulation_vapour_barrier_film:lead_time_weeks,bom_source_field,source_backed,source_evidence,vapour barrier film / lead_time_weeks,lead_time_weeks = 8.,,test-fixture://review-evidence-closure/source/vapour_barrier_film,,,environmental_interface,vapour_barrier_film,false,false,Keep source record attached; refresh evidence before procurement use.
bom_source_field:environmental_interface_thermal_insulation_vapour_barrier_film:manufacturer,bom_source_field,source_backed,source_evidence,vapour barrier film / manufacturer,manufacturer = Protocol Evidence Manufacturer.,,test-fixture://review-evidence-closure/source/vapour_barrier_film,,,environmental_interface,vapour_barrier_film,false,false,Keep source record attached; refresh evidence before procurement use.
bom_source_field:environmental_interface_thermal_insulation_vapour_barrier_film:mpn,bom_source_field,source_backed,source_evidence,vapour barrier film / mpn,mpn = PROTOCOL-128-vapour_barrier_film.,,test-fixture://review-evidence-closure/source/vapour_barrier_film,,,environmental_interface,vapour_barrier_film,false,false,Keep source record attached; refresh evidence before procurement use.
bom_source_field:environmental_interface_thermal_insulation_vapour_barrier_film:supplier,bom_source_field,source_backed,source_evidence,vapour barrier film / supplier,supplier = Protocol Evidence Supplier.,,test-fixture://review-evidence-closure/source/vapour_barrier_film,,,environmental_interface,vapour_barrier_film,false,false,Keep source record attached; refresh evidence before procurement use.
bom_source_field:environmental_interface_thermal_insulation_vapour_barrier_film:unit_cost_gbp,bom_source_field,source_backed,source_evidence,vapour barrier film / unit_cost_gbp,unit_cost_gbp = 227.,,test-fixture://review-evidence-closure/source/vapour_barrier_film,,,environmental_interface,vapour_barrier_film,false,false,Keep source record attached; refresh evidence before procurement use.
bom_source_field:environmental_interface_ventilation_path_airflow_baffle:lead_time_weeks,bom_source_field,source_backed,source_evidence,airflow baffle / lead_time_weeks,lead_time_weeks = 8.,,test-fixture://review-evidence-closure/source/airflow_baffle,,,environmental_interface,airflow_baffle,false,false,Keep source record attached; refresh evidence before procurement use.
bom_source_field:environmental_interface_ventilation_path_airflow_baffle:manufacturer,bom_source_field,source_backed,source_evidence,airflow baffle / manufacturer,manufacturer = Protocol Evidence Manufacturer.,,test-fixture://review-evidence-closure/source/airflow_baffle,,,environmental_interface,airflow_baffle,false,false,Keep source record attached; refresh evidence before procurement use.
bom_source_field:environmental_interface_ventilation_path_airflow_baffle:mpn,bom_source_field,source_backed,source_evidence,airflow baffle / mpn,mpn = PROTOCOL-126-airflow_baffle.,,test-fixture://review-evidence-closure/source/airflow_baffle,,,environmental_interface,airflow_baffle,false,false,Keep source record attached; refresh evidence before procurement use.
bom_source_field:environmental_interface_ventilation_path_airflow_baffle:supplier,bom_source_field,source_backed,source_evidence,airflow baffle / supplier,supplier = Protocol Evidence Supplier.,,test-fixture://review-evidence-closure/source/airflow_baffle,,,environmental_interface,airflow_baffle,false,false,Keep source record attached; refresh evidence before procurement use.
bom_source_field:environmental_interface_ventilation_path_airflow_baffle:unit_cost_gbp,bom_source_field,source_backed,source_evidence,airflow baffle / unit_cost_gbp,unit_cost_gbp = 225.,,test-fixture://review-evidence-closure/source/airflow_baffle,,,environmental_interface,airflow_baffle,false,false,Keep source record attached; refresh evidence before procurement use.
bom_source_field:environmental_interface_ventilation_path_ec_fan_assembly:lead_time_weeks,bom_source_field,source_backed,source_evidence,EC fan assembly / lead_time_weeks,lead_time_weeks = 8.,,test-fixture://review-evidence-closure/source/ec_fan_assembly,,,environmental_interface,ec_fan_assembly,false,false,Keep source record attached; refresh evidence before procurement use.
bom_source_field:environmental_interface_ventilation_path_ec_fan_assembly:manufacturer,bom_source_field,source_backed,source_evidence,EC fan assembly / manufacturer,manufacturer = Protocol Evidence Manufacturer.,,test-fixture://review-evidence-closure/source/ec_fan_assembly,,,environmental_interface,ec_fan_assembly,false,false,Keep source record attached; refresh evidence before procurement use.
bom_source_field:environmental_interface_ventilation_path_ec_fan_assembly:mpn,bom_source_field,source_backed,source_evidence,EC fan assembly / mpn,mpn = PROTOCOL-125-ec_fan_assembly.,,test-fixture://review-evidence-closure/source/ec_fan_assembly,,,environmental_interface,ec_fan_assembly,false,false,Keep source record attached; refresh evidence before procurement use.
bom_source_field:environmental_interface_ventilation_path_ec_fan_assembly:supplier,bom_source_field,source_backed,source_evidence,EC fan assembly / supplier,supplier = Protocol Evidence Supplier.,,test-fixture://review-evidence-closure/source/ec_fan_assembly,,,environmental_interface,ec_fan_assembly,false,false,Keep source record attached; refresh evidence before procurement use.
bom_source_field:environmental_interface_ventilation_path_ec_fan_assembly:unit_cost_gbp,bom_source_field,source_backed,source_evidence,EC fan assembly / unit_cost_gbp,unit_cost_gbp = 224.,,test-fixture://review-evidence-closure/source/ec_fan_assembly,,,environmental_interface,ec_fan_assembly,false,false,Keep source record attached; refresh evidence before procurement use.
bom_source_field:environmental_interface_ventilation_path_exhaust_louvre:lead_time_weeks,bom_source_field,source_backed,source_evidence,exhaust louvre / lead_time_weeks,lead_time_weeks = 8.,,test-fixture://review-evidence-closure/source/exhaust_louvre,,,environmental_interface,exhaust_louvre,false,false,Keep source record attached; refresh evidence before procurement use.
bom_source_field:environmental_interface_ventilation_path_exhaust_louvre:manufacturer,bom_source_field,source_backed,source_evidence,exhaust louvre / manufacturer,manufacturer = Protocol Evidence Manufacturer.,,test-fixture://review-evidence-closure/source/exhaust_louvre,,,environmental_interface,exhaust_louvre,false,false,Keep source record attached; refresh evidence before procurement use.
bom_source_field:environmental_interface_ventilation_path_exhaust_louvre:mpn,bom_source_field,source_backed,source_evidence,exhaust louvre / mpn,mpn = PROTOCOL-124-exhaust_louvre.,,test-fixture://review-evidence-closure/source/exhaust_louvre,,,environmental_interface,exhaust_louvre,false,false,Keep source record attached; refresh evidence before procurement use.
bom_source_field:environmental_interface_ventilation_path_exhaust_louvre:supplier,bom_source_field,source_backed,source_evidence,exhaust louvre / supplier,supplier = Protocol Evidence Supplier.,,test-fixture://review-evidence-closure/source/exhaust_louvre,,,environmental_interface,exhaust_louvre,false,false,Keep source record attached; refresh evidence before procurement use.
bom_source_field:environmental_interface_ventilation_path_exhaust_louvre:unit_cost_gbp,bom_source_field,source_backed,source_evidence,exhaust louvre / unit_cost_gbp,unit_cost_gbp = 223.,,test-fixture://review-evidence-closure/source/exhaust_louvre,,,environmental_interface,exhaust_louvre,false,false,Keep source record attached; refresh evidence before procurement use.
bom_source_field:environmental_interface_ventilation_path_intake_louvre:lead_time_weeks,bom_source_field,source_backed,source_evidence,intake louvre / lead_time_weeks,lead_time_weeks = 8.,,test-fixture://review-evidence-closure/source/intake_louvre,,,environmental_interface,intake_louvre,false,false,Keep source record attached; refresh evidence before procurement use.
bom_source_field:environmental_interface_ventilation_path_intake_louvre:manufacturer,bom_source_field,source_backed,source_evidence,intake louvre / manufacturer,manufacturer = Protocol Evidence Manufacturer.,,test-fixture://review-evidence-closure/source/intake_louvre,,,environmental_interface,intake_louvre,false,false,Keep source record attached; refresh evidence before procurement use.
bom_source_field:environmental_interface_ventilation_path_intake_louvre:mpn,bom_source_field,source_backed,source_evidence,intake louvre / mpn,mpn = PROTOCOL-123-intake_louvre.,,test-fixture://review-evidence-closure/source/intake_louvre,,,environmental_interface,intake_louvre,false,false,Keep source record attached; refresh evidence before procurement use.
bom_source_field:environmental_interface_ventilation_path_intake_louvre:supplier,bom_source_field,source_backed,source_evidence,intake louvre / supplier,supplier = Protocol Evidence Supplier.,,test-fixture://review-evidence-closure/source/intake_louvre,,,environmental_interface,intake_louvre,false,false,Keep source record attached; refresh evidence before procurement use.
bom_source_field:environmental_interface_ventilation_path_intake_louvre:unit_cost_gbp,bom_source_field,source_backed,source_evidence,intake louvre / unit_cost_gbp,unit_cost_gbp = 222.,,test-fixture://review-evidence-closure/source/intake_louvre,,,environmental_interface,intake_louvre,false,false,Keep source record attached; refresh evidence before procurement use.
bom_source_field:hmi_ergonomics_external_labelling_arc_flash_boundary_label:lead_time_weeks,bom_source_field,source_backed,source_evidence,arc flash boundary label / lead_time_weeks,lead_time_weeks = 8.,,test-fixture://review-evidence-closure/source/arc_flash_boundary_label,,,hmi_ergonomics,arc_flash_boundary_label,false,false,Keep source record attached; refresh evidence before procurement use.
bom_source_field:hmi_ergonomics_external_labelling_arc_flash_boundary_label:manufacturer,bom_source_field,source_backed,source_evidence,arc flash boundary label / manufacturer,manufacturer = Protocol Evidence Manufacturer.,,test-fixture://review-evidence-closure/source/arc_flash_boundary_label,,,hmi_ergonomics,arc_flash_boundary_label,false,false,Keep source record attached; refresh evidence before procurement use.
bom_source_field:hmi_ergonomics_external_labelling_arc_flash_boundary_label:mpn,bom_source_field,source_backed,source_evidence,arc flash boundary label / mpn,mpn = PROTOCOL-193-arc_flash_boundary_label.,,test-fixture://review-evidence-closure/source/arc_flash_boundary_label,,,hmi_ergonomics,arc_flash_boundary_label,false,false,Keep source record attached; refresh evidence before procurement use.
bom_source_field:hmi_ergonomics_external_labelling_arc_flash_boundary_label:supplier,bom_source_field,source_backed,source_evidence,arc flash boundary label / supplier,supplier = Protocol Evidence Supplier.,,test-fixture://review-evidence-closure/source/arc_flash_boundary_label,,,hmi_ergonomics,arc_flash_boundary_label,false,false,Keep source record attached; refresh evidence before procurement use.
bom_source_field:hmi_ergonomics_external_labelling_arc_flash_boundary_label:unit_cost_gbp,bom_source_field,source_backed,source_evidence,arc flash boundary label / unit_cost_gbp,unit_cost_gbp = 292.,,test-fixture://review-evidence-closure/source/arc_flash_boundary_label,,,hmi_ergonomics,arc_flash_boundary_label,false,false,Keep source record attached; refresh evidence before procurement use.
bom_source_field:hmi_ergonomics_external_labelling_asset_qr_label:lead_time_weeks,bom_source_field,source_backed,source_evidence,asset QR label / lead_time_weeks,lead_time_weeks = 8.,,test-fixture://review-evidence-closure/source/asset_qr_label,,,hmi_ergonomics,asset_qr_label,false,false,Keep source record attached; refresh evidence before procurement use.
bom_source_field:hmi_ergonomics_external_labelling_asset_qr_label:manufacturer,bom_source_field,source_backed,source_evidence,asset QR label / manufacturer,manufacturer = Protocol Evidence Manufacturer.,,test-fixture://review-evidence-closure/source/asset_qr_label,,,hmi_ergonomics,asset_qr_label,false,false,Keep source record attached; refresh evidence before procurement use.
bom_source_field:hmi_ergonomics_external_labelling_asset_qr_label:mpn,bom_source_field,source_backed,source_evidence,asset QR label / mpn,mpn = PROTOCOL-195-asset_qr_label.,,test-fixture://review-evidence-closure/source/asset_qr_label,,,hmi_ergonomics,asset_qr_label,false,false,Keep source record attached; refresh evidence before procurement use.
bom_source_field:hmi_ergonomics_external_labelling_asset_qr_label:supplier,bom_source_field,source_backed,source_evidence,asset QR label / supplier,supplier = Protocol Evidence Supplier.,,test-fixture://review-evidence-closure/source/asset_qr_label,,,hmi_ergonomics,asset_qr_label,false,false,Keep source record attached; refresh evidence before procurement use.
bom_source_field:hmi_ergonomics_external_labelling_asset_qr_label:unit_cost_gbp,bom_source_field,source_backed,source_evidence,asset QR label / unit_cost_gbp,unit_cost_gbp = 294.,,test-fixture://review-evidence-closure/source/asset_qr_label,,,hmi_ergonomics,asset_qr_label,false,false,Keep source record attached; refresh evidence before procurement use.
bom_source_field:hmi_ergonomics_external_labelling_fire_suppression_instruction_placard:lead_time_weeks,bom_source_field,source_backed,source_evidence,fire suppression instruction placard / lead_time_weeks,lead_time_weeks = 8.,,test-fixture://review-evidence-closure/source/fire_suppression_instruction_placard,,,hmi_ergonomics,fire_suppression_instruction_placard,false,false,Keep source record attached; refresh evidence before procurement use.
bom_source_field:hmi_ergonomics_external_labelling_fire_suppression_instruction_placard:manufacturer,bom_source_field,source_backed,source_evidence,fire suppression instruction placard / manufacturer,manufacturer = Protocol Evidence Manufacturer.,,test-fixture://review-evidence-closure/source/fire_suppression_instruction_placard,,,hmi_ergonomics,fire_suppression_instruction_placard,false,false,Keep source record attached; refresh evidence before procurement use.
bom_source_field:hmi_ergonomics_external_labelling_fire_suppression_instruction_placard:mpn,bom_source_field,source_backed,source_evidence,fire suppression instruction placard / mpn,mpn = PROTOCOL-194-fire_suppression_instruction_placard.,,test-fixture://review-evidence-closure/source/fire_suppression_instruction_placard,,,hmi_ergonomics,fire_suppression_instruction_placard,false,false,Keep source record attached; refresh evidence before procurement use.
bom_source_field:hmi_ergonomics_external_labelling_fire_suppression_instruction_placard:supplier,bom_source_field,source_backed,source_evidence,fire suppression instruction placard / supplier,supplier = Protocol Evidence Supplier.,,test-fixture://review-evidence-closure/source/fire_suppression_instruction_placard,,,hmi_ergonomics,fire_suppression_instruction_placard,false,false,Keep source record attached; refresh evidence before procurement use.
bom_source_field:hmi_ergonomics_external_labelling_fire_suppression_instruction_placard:unit_cost_gbp,bom_source_field,source_backed,source_evidence,fire suppression instruction placard / unit_cost_gbp,unit_cost_gbp = 293.,,test-fixture://review-evidence-closure/source/fire_suppression_instruction_placard,,,hmi_ergonomics,fire_suppression_instruction_placard,false,false,Keep source record attached; refresh evidence before procurement use.
bom_source_field:hmi_ergonomics_external_labelling_high_voltage_warning_label:lead_time_weeks,bom_source_field,source_backed,source_evidence,high voltage warning label / lead_time_weeks,lead_time_weeks = 8.,,test-fixture://review-evidence-closure/source/high_voltage_warning_label,,,hmi_ergonomics,high_voltage_warning_label,false,false,Keep source record attached; refresh evidence before procurement use.
bom_source_field:hmi_ergonomics_external_labelling_high_voltage_warning_label:manufacturer,bom_source_field,source_backed,source_evidence,high voltage warning label / manufacturer,manufacturer = Protocol Evidence Manufacturer.,,test-fixture://review-evidence-closure/source/high_voltage_warning_label,,,hmi_ergonomics,high_voltage_warning_label,false,false,Keep source record attached; refresh evidence before procurement use.
bom_source_field:hmi_ergonomics_external_labelling_high_voltage_warning_label:mpn,bom_source_field,source_backed,source_evidence,high voltage warning label / mpn,mpn = PROTOCOL-192-high_voltage_warning_label.,,test-fixture://review-evidence-closure/source/high_voltage_warning_label,,,hmi_ergonomics,high_voltage_warning_label,false,false,Keep source record attached; refresh evidence before procurement use.
bom_source_field:hmi_ergonomics_external_labelling_high_voltage_warning_label:supplier,bom_source_field,source_backed,source_evidence,high voltage warning label / supplier,supplier = Protocol Evidence Supplier.,,test-fixture://review-evidence-closure/source/high_voltage_warning_label,,,hmi_ergonomics,high_voltage_warning_label,false,false,Keep source record attached; refresh evidence before procurement use.
bom_source_field:hmi_ergonomics_external_labelling_high_voltage_warning_label:unit_cost_gbp,bom_source_field,source_backed,source_evidence,high voltage warning label / unit_cost_gbp,unit_cost_gbp = 291.,,test-fixture://review-evidence-closure/source/high_voltage_warning_label,,,hmi_ergonomics,high_voltage_warning_label,false,false,Keep source record attached; refresh evidence before procurement use.
bom_source_field:hmi_ergonomics_local_hmi_alarm_buzzer_beacon:lead_time_weeks,bom_source_field,source_backed,source_evidence,alarm buzzer beacon / lead_time_weeks,lead_time_weeks = 8.,,test-fixture://review-evidence-closure/source/alarm_buzzer_beacon,,,hmi_ergonomics,alarm_buzzer_beacon,false,false,Keep source record attached; refresh evidence before procurement use.
bom_source_field:hmi_ergonomics_local_hmi_alarm_buzzer_beacon:manufacturer,bom_source_field,source_backed,source_evidence,alarm buzzer beacon / manufacturer,manufacturer = Protocol Evidence Manufacturer.,,test-fixture://review-evidence-closure/source/alarm_buzzer_beacon,,,hmi_ergonomics,alarm_buzzer_beacon,false,false,Keep source record attached; refresh evidence before procurement use.
bom_source_field:hmi_ergonomics_local_hmi_alarm_buzzer_beacon:mpn,bom_source_field,source_backed,source_evidence,alarm buzzer beacon / mpn,mpn = PROTOCOL-191-alarm_buzzer_beacon.,,test-fixture://review-evidence-closure/source/alarm_buzzer_beacon,,,hmi_ergonomics,alarm_buzzer_beacon,false,false,Keep source record attached; refresh evidence before procurement use.
bom_source_field:hmi_ergonomics_local_hmi_alarm_buzzer_beacon:supplier,bom_source_field,source_backed,source_evidence,alarm buzzer beacon / supplier,supplier = Protocol Evidence Supplier.,,test-fixture://review-evidence-closure/source/alarm_buzzer_beacon,,,hmi_ergonomics,alarm_buzzer_beacon,false,false,Keep source record attached; refresh evidence before procurement use.
bom_source_field:hmi_ergonomics_local_hmi_alarm_buzzer_beacon:unit_cost_gbp,bom_source_field,source_backed,source_evidence,alarm buzzer beacon / unit_cost_gbp,unit_cost_gbp = 290.,,test-fixture://review-evidence-closure/source/alarm_buzzer_beacon,,,hmi_ergonomics,alarm_buzzer_beacon,false,false,Keep source record attached; refresh evidence before procurement use.
bom_source_field:hmi_ergonomics_local_hmi_industrial_touchscreen:lead_time_weeks,bom_source_field,source_backed,source_evidence,industrial touchscreen / lead_time_weeks,lead_time_weeks = 8.,,test-fixture://review-evidence-closure/source/industrial_touchscreen,,,hmi_ergonomics,industrial_touchscreen,false,false,Keep source record attached; refresh evidence before procurement use.
bom_source_field:hmi_ergonomics_local_hmi_industrial_touchscreen:manufacturer,bom_source_field,source_backed,source_evidence,industrial touchscreen / manufacturer,manufacturer = Protocol Evidence Manufacturer.,,test-fixture://review-evidence-closure/source/industrial_touchscreen,,,hmi_ergonomics,industrial_touchscreen,false,false,Keep source record attached; refresh evidence before procurement use.
bom_source_field:hmi_ergonomics_local_hmi_industrial_touchscreen:mpn,bom_source_field,source_backed,source_evidence,industrial touchscreen / mpn,mpn = PROTOCOL-188-industrial_touchscreen.,,test-fixture://review-evidence-closure/source/industrial_touchscreen,,,hmi_ergonomics,industrial_touchscreen,false,false,Keep source record attached; refresh evidence before procurement use.
bom_source_field:hmi_ergonomics_local_hmi_industrial_touchscreen:supplier,bom_source_field,source_backed,source_evidence,industrial touchscreen / supplier,supplier = Protocol Evidence Supplier.,,test-fixture://review-evidence-closure/source/industrial_touchscreen,,,hmi_ergonomics,industrial_touchscreen,false,false,Keep source record attached; refresh evidence before procurement use.
bom_source_field:hmi_ergonomics_local_hmi_industrial_touchscreen:unit_cost_gbp,bom_source_field,source_backed,source_evidence,industrial touchscreen / unit_cost_gbp,unit_cost_gbp = 287.,,test-fixture://review-evidence-closure/source/industrial_touchscreen,,,hmi_ergonomics,industrial_touchscreen,false,false,Keep source record attached; refresh evidence before procurement use.
bom_source_field:hmi_ergonomics_local_hmi_key_switch:lead_time_weeks,bom_source_field,source_backed,source_evidence,key switch / lead_time_weeks,lead_time_weeks = 8.,,test-fixture://review-evidence-closure/source/key_switch,,,hmi_ergonomics,key_switch,false,false,Keep source record attached; refresh evidence before procurement use.
bom_source_field:hmi_ergonomics_local_hmi_key_switch:manufacturer,bom_source_field,source_backed,source_evidence,key switch / manufacturer,manufacturer = Protocol Evidence Manufacturer.,,test-fixture://review-evidence-closure/source/key_switch,,,hmi_ergonomics,key_switch,false,false,Keep source record attached; refresh evidence before procurement use.
bom_source_field:hmi_ergonomics_local_hmi_key_switch:mpn,bom_source_field,source_backed,source_evidence,key switch / mpn,mpn = PROTOCOL-190-key_switch.,,test-fixture://review-evidence-closure/source/key_switch,,,hmi_ergonomics,key_switch,false,false,Keep source record attached; refresh evidence before procurement use.
bom_source_field:hmi_ergonomics_local_hmi_key_switch:supplier,bom_source_field,source_backed,source_evidence,key switch / supplier,supplier = Protocol Evidence Supplier.,,test-fixture://review-evidence-closure/source/key_switch,,,hmi_ergonomics,key_switch,false,false,Keep source record attached; refresh evidence before procurement use.
bom_source_field:hmi_ergonomics_local_hmi_key_switch:unit_cost_gbp,bom_source_field,source_backed,source_evidence,key switch / unit_cost_gbp,unit_cost_gbp = 289.,,test-fixture://review-evidence-closure/source/key_switch,,,hmi_ergonomics,key_switch,false,false,Keep source record attached; refresh evidence before procurement use.
bom_source_field:hmi_ergonomics_local_hmi_panel_pc:lead_time_weeks,bom_source_field,source_backed,source_evidence,panel PC / lead_time_weeks,lead_time_weeks = 8.,,test-fixture://review-evidence-closure/source/panel_pc,,,hmi_ergonomics,panel_pc,false,false,Keep source record attached; refresh evidence before procurement use.
bom_source_field:hmi_ergonomics_local_hmi_panel_pc:manufacturer,bom_source_field,source_backed,source_evidence,panel PC / manufacturer,manufacturer = Protocol Evidence Manufacturer.,,test-fixture://review-evidence-closure/source/panel_pc,,,hmi_ergonomics,panel_pc,false,false,Keep source record attached; refresh evidence before procurement use.
bom_source_field:hmi_ergonomics_local_hmi_panel_pc:mpn,bom_source_field,source_backed,source_evidence,panel PC / mpn,mpn = PROTOCOL-189-panel_pc.,,test-fixture://review-evidence-closure/source/panel_pc,,,hmi_ergonomics,panel_pc,false,false,Keep source record attached; refresh evidence before procurement use.
bom_source_field:hmi_ergonomics_local_hmi_panel_pc:supplier,bom_source_field,source_backed,source_evidence,panel PC / supplier,supplier = Protocol Evidence Supplier.,,test-fixture://review-evidence-closure/source/panel_pc,,,hmi_ergonomics,panel_pc,false,false,Keep source record attached; refresh evidence before procurement use.
bom_source_field:hmi_ergonomics_local_hmi_panel_pc:unit_cost_gbp,bom_source_field,source_backed,source_evidence,panel PC / unit_cost_gbp,unit_cost_gbp = 288.,,test-fixture://review-evidence-closure/source/panel_pc,,,hmi_ergonomics,panel_pc,false,false,Keep source record attached; refresh evidence before procurement use.
bom_source_field:hmi_ergonomics_operator_workflow_inspection_log_holder:lead_time_weeks,bom_source_field,source_backed,source_evidence,inspection log holder / lead_time_weeks,lead_time_weeks = 8.,,test-fixture://review-evidence-closure/source/inspection_log_holder,,,hmi_ergonomics,inspection_log_holder,false,false,Keep source record attached; refresh evidence before procurement use.
bom_source_field:hmi_ergonomics_operator_workflow_inspection_log_holder:manufacturer,bom_source_field,source_backed,source_evidence,inspection log holder / manufacturer,manufacturer = Protocol Evidence Manufacturer.,,test-fixture://review-evidence-closure/source/inspection_log_holder,,,hmi_ergonomics,inspection_log_holder,false,false,Keep source record attached; refresh evidence before procurement use.
bom_source_field:hmi_ergonomics_operator_workflow_inspection_log_holder:mpn,bom_source_field,source_backed,source_evidence,inspection log holder / mpn,mpn = PROTOCOL-197-inspection_log_holder.,,test-fixture://review-evidence-closure/source/inspection_log_holder,,,hmi_ergonomics,inspection_log_holder,false,false,Keep source record attached; refresh evidence before procurement use.
bom_source_field:hmi_ergonomics_operator_workflow_inspection_log_holder:supplier,bom_source_field,source_backed,source_evidence,inspection log holder / supplier,supplier = Protocol Evidence Supplier.,,test-fixture://review-evidence-closure/source/inspection_log_holder,,,hmi_ergonomics,inspection_log_holder,false,false,Keep source record attached; refresh evidence before procurement use.
bom_source_field:hmi_ergonomics_operator_workflow_inspection_log_holder:unit_cost_gbp,bom_source_field,source_backed,source_evidence,inspection log holder / unit_cost_gbp,unit_cost_gbp = 296.,,test-fixture://review-evidence-closure/source/inspection_log_holder,,,hmi_ergonomics,inspection_log_holder,false,false,Keep source record attached; refresh evidence before procurement use.
bom_source_field:hmi_ergonomics_operator_workflow_laminated_isolation_checklist:lead_time_weeks,bom_source_field,source_backed,source_evidence,laminated isolation checklist / lead_time_weeks,lead_time_weeks = 8.,,test-fixture://review-evidence-closure/source/laminated_isolation_checklist,,,hmi_ergonomics,laminated_isolation_checklist,false,false,Keep source record attached; refresh evidence before procurement use.
bom_source_field:hmi_ergonomics_operator_workflow_laminated_isolation_checklist:manufacturer,bom_source_field,source_backed,source_evidence,laminated isolation checklist / manufacturer,manufacturer = Protocol Evidence Manufacturer.,,test-fixture://review-evidence-closure/source/laminated_isolation_checklist,,,hmi_ergonomics,laminated_isolation_checklist,false,false,Keep source record attached; refresh evidence before procurement use.
bom_source_field:hmi_ergonomics_operator_workflow_laminated_isolation_checklist:mpn,bom_source_field,source_backed,source_evidence,laminated isolation checklist / mpn,mpn = PROTOCOL-196-laminated_isolation_checklist.,,test-fixture://review-evidence-closure/source/laminated_isolation_checklist,,,hmi_ergonomics,laminated_isolation_checklist,false,false,Keep source record attached; refresh evidence before procurement use.
bom_source_field:hmi_ergonomics_operator_workflow_laminated_isolation_checklist:supplier,bom_source_field,source_backed,source_evidence,laminated isolation checklist / supplier,supplier = Protocol Evidence Supplier.,,test-fixture://review-evidence-closure/source/laminated_isolation_checklist,,,hmi_ergonomics,laminated_isolation_checklist,false,false,Keep source record attached; refresh evidence before procurement use.
bom_source_field:hmi_ergonomics_operator_workflow_laminated_isolation_checklist:unit_cost_gbp,bom_source_field,source_backed,source_evidence,laminated isolation checklist / unit_cost_gbp,unit_cost_gbp = 295.,,test-fixture://review-evidence-closure/source/laminated_isolation_checklist,,,hmi_ergonomics,laminated_isolation_checklist,false,false,Keep source record attached; refresh evidence before procurement use.
bom_source_field:hmi_ergonomics_operator_workflow_manual_reset_station:lead_time_weeks,bom_source_field,source_backed,source_evidence,manual reset station / lead_time_weeks,lead_time_weeks = 8.,,test-fixture://review-evidence-closure/source/manual_reset_station,,,hmi_ergonomics,manual_reset_station,false,false,Keep source record attached; refresh evidence before procurement use.
bom_source_field:hmi_ergonomics_operator_workflow_manual_reset_station:manufacturer,bom_source_field,source_backed,source_evidence,manual reset station / manufacturer,manufacturer = Protocol Evidence Manufacturer.,,test-fixture://review-evidence-closure/source/manual_reset_station,,,hmi_ergonomics,manual_reset_station,false,false,Keep source record attached; refresh evidence before procurement use.
bom_source_field:hmi_ergonomics_operator_workflow_manual_reset_station:mpn,bom_source_field,source_backed,source_evidence,manual reset station / mpn,mpn = PROTOCOL-199-manual_reset_station.,,test-fixture://review-evidence-closure/source/manual_reset_station,,,hmi_ergonomics,manual_reset_station,false,false,Keep source record attached; refresh evidence before procurement use.
bom_source_field:hmi_ergonomics_operator_workflow_manual_reset_station:supplier,bom_source_field,source_backed,source_evidence,manual reset station / supplier,supplier = Protocol Evidence Supplier.,,test-fixture://review-evidence-closure/source/manual_reset_station,,,hmi_ergonomics,manual_reset_station,false,false,Keep source record attached; refresh evidence before procurement use.
bom_source_field:hmi_ergonomics_operator_workflow_manual_reset_station:unit_cost_gbp,bom_source_field,source_backed,source_evidence,manual reset station / unit_cost_gbp,unit_cost_gbp = 298.,,test-fixture://review-evidence-closure/source/manual_reset_station,,,hmi_ergonomics,manual_reset_station,false,false,Keep source record attached; refresh evidence before procurement use.
bom_source_field:hmi_ergonomics_operator_workflow_status_stack_light:lead_time_weeks,bom_source_field,source_backed,source_evidence,status stack light / lead_time_weeks,lead_time_weeks = 8.,,test-fixture://review-evidence-closure/source/status_stack_light,,,hmi_ergonomics,status_stack_light,false,false,Keep source record attached; refresh evidence before procurement use.
bom_source_field:hmi_ergonomics_operator_workflow_status_stack_light:manufacturer,bom_source_field,source_backed,source_evidence,status stack light / manufacturer,manufacturer = Protocol Evidence Manufacturer.,,test-fixture://review-evidence-closure/source/status_stack_light,,,hmi_ergonomics,status_stack_light,false,false,Keep source record attached; refresh evidence before procurement use.
bom_source_field:hmi_ergonomics_operator_workflow_status_stack_light:mpn,bom_source_field,source_backed,source_evidence,status stack light / mpn,mpn = PROTOCOL-198-status_stack_light.,,test-fixture://review-evidence-closure/source/status_stack_light,,,hmi_ergonomics,status_stack_light,false,false,Keep source record attached; refresh evidence before procurement use.
bom_source_field:hmi_ergonomics_operator_workflow_status_stack_light:supplier,bom_source_field,source_backed,source_evidence,status stack light / supplier,supplier = Protocol Evidence Supplier.,,test-fixture://review-evidence-closure/source/status_stack_light,,,hmi_ergonomics,status_stack_light,false,false,Keep source record attached; refresh evidence before procurement use.
bom_source_field:hmi_ergonomics_operator_workflow_status_stack_light:unit_cost_gbp,bom_source_field,source_backed,source_evidence,status stack light / unit_cost_gbp,unit_cost_gbp = 297.,,test-fixture://review-evidence-closure/source/status_stack_light,,,hmi_ergonomics,status_stack_light,false,false,Keep source record attached; refresh evidence before procurement use.
bom_source_field:hmi_ergonomics_remote_notification_alarm_acknowledgement_button:lead_time_weeks,bom_source_field,source_backed,source_evidence,alarm acknowledgement button / lead_time_weeks,lead_time_weeks = 8.,,test-fixture://review-evidence-closure/source/alarm_acknowledgement_button,,,hmi_ergonomics,alarm_acknowledgement_button,false,false,Keep source record attached; refresh evidence before procurement use.
bom_source_field:hmi_ergonomics_remote_notification_alarm_acknowledgement_button:manufacturer,bom_source_field,source_backed,source_evidence,alarm acknowledgement button / manufacturer,manufacturer = Protocol Evidence Manufacturer.,,test-fixture://review-evidence-closure/source/alarm_acknowledgement_button,,,hmi_ergonomics,alarm_acknowledgement_button,false,false,Keep source record attached; refresh evidence before procurement use.
bom_source_field:hmi_ergonomics_remote_notification_alarm_acknowledgement_button:mpn,bom_source_field,source_backed,source_evidence,alarm acknowledgement button / mpn,mpn = PROTOCOL-202-alarm_acknowledgement_button.,,test-fixture://review-evidence-closure/source/alarm_acknowledgement_button,,,hmi_ergonomics,alarm_acknowledgement_button,false,false,Keep source record attached; refresh evidence before procurement use.
bom_source_field:hmi_ergonomics_remote_notification_alarm_acknowledgement_button:supplier,bom_source_field,source_backed,source_evidence,alarm acknowledgement button / supplier,supplier = Protocol Evidence Supplier.,,test-fixture://review-evidence-closure/source/alarm_acknowledgement_button,,,hmi_ergonomics,alarm_acknowledgement_button,false,false,Keep source record attached; refresh evidence before procurement use.
bom_source_field:hmi_ergonomics_remote_notification_alarm_acknowledgement_button:unit_cost_gbp,bom_source_field,source_backed,source_evidence,alarm acknowledgement button / unit_cost_gbp,unit_cost_gbp = 301.,,test-fixture://review-evidence-closure/source/alarm_acknowledgement_button,,,hmi_ergonomics,alarm_acknowledgement_button,false,false,Keep source record attached; refresh evidence before procurement use.
bom_source_field:hmi_ergonomics_remote_notification_escalation_contact_label:lead_time_weeks,bom_source_field,source_backed,source_evidence,escalation contact label / lead_time_weeks,lead_time_weeks = 8.,,test-fixture://review-evidence-closure/source/escalation_contact_label,,,hmi_ergonomics,escalation_contact_label,false,false,Keep source record attached; refresh evidence before procurement use.
bom_source_field:hmi_ergonomics_remote_notification_escalation_contact_label:manufacturer,bom_source_field,source_backed,source_evidence,escalation contact label / manufacturer,manufacturer = Protocol Evidence Manufacturer.,,test-fixture://review-evidence-closure/source/escalation_contact_label,,,hmi_ergonomics,escalation_contact_label,false,false,Keep source record attached; refresh evidence before procurement use.
bom_source_field:hmi_ergonomics_remote_notification_escalation_contact_label:mpn,bom_source_field,source_backed,source_evidence,escalation contact label / mpn,mpn = PROTOCOL-203-escalation_contact_label.,,test-fixture://review-evidence-closure/source/escalation_contact_label,,,hmi_ergonomics,escalation_contact_label,false,false,Keep source record attached; refresh evidence before procurement use.
bom_source_field:hmi_ergonomics_remote_notification_escalation_contact_label:supplier,bom_source_field,source_backed,source_evidence,escalation contact label / supplier,supplier = Protocol Evidence Supplier.,,test-fixture://review-evidence-closure/source/escalation_contact_label,,,hmi_ergonomics,escalation_contact_label,false,false,Keep source record attached; refresh evidence before procurement use.
bom_source_field:hmi_ergonomics_remote_notification_escalation_contact_label:unit_cost_gbp,bom_source_field,source_backed,source_evidence,escalation contact label / unit_cost_gbp,unit_cost_gbp = 302.,,test-fixture://review-evidence-closure/source/escalation_contact_label,,,hmi_ergonomics,escalation_contact_label,false,false,Keep source record attached; refresh evidence before procurement use.
bom_source_field:hmi_ergonomics_remote_notification_operator_notification_relay:lead_time_weeks,bom_source_field,source_backed,source_evidence,operator notification relay / lead_time_weeks,lead_time_weeks = 8.,,test-fixture://review-evidence-closure/source/operator_notification_relay,,,hmi_ergonomics,operator_notification_relay,false,false,Keep source record attached; refresh evidence before procurement use.
bom_source_field:hmi_ergonomics_remote_notification_operator_notification_relay:manufacturer,bom_source_field,source_backed,source_evidence,operator notification relay / manufacturer,manufacturer = Protocol Evidence Manufacturer.,,test-fixture://review-evidence-closure/source/operator_notification_relay,,,hmi_ergonomics,operator_notification_relay,false,false,Keep source record attached; refresh evidence before procurement use.
bom_source_field:hmi_ergonomics_remote_notification_operator_notification_relay:mpn,bom_source_field,source_backed,source_evidence,operator notification relay / mpn,mpn = PROTOCOL-200-operator_notification_relay.,,test-fixture://review-evidence-closure/source/operator_notification_relay,,,hmi_ergonomics,operator_notification_relay,false,false,Keep source record attached; refresh evidence before procurement use.
bom_source_field:hmi_ergonomics_remote_notification_operator_notification_relay:supplier,bom_source_field,source_backed,source_evidence,operator notification relay / supplier,supplier = Protocol Evidence Supplier.,,test-fixture://review-evidence-closure/source/operator_notification_relay,,,hmi_ergonomics,operator_notification_relay,false,false,Keep source record attached; refresh evidence before procurement use.
bom_source_field:hmi_ergonomics_remote_notification_operator_notification_relay:unit_cost_gbp,bom_source_field,source_backed,source_evidence,operator notification relay / unit_cost_gbp,unit_cost_gbp = 299.,,test-fixture://review-evidence-closure/source/operator_notification_relay,,,hmi_ergonomics,operator_notification_relay,false,false,Keep source record attached; refresh evidence before procurement use.
bom_source_field:hmi_ergonomics_remote_notification_remote_reset_inhibit_relay:lead_time_weeks,bom_source_field,source_backed,source_evidence,remote reset inhibit relay / lead_time_weeks,lead_time_weeks = 8.,,test-fixture://review-evidence-closure/source/remote_reset_inhibit_relay,,,hmi_ergonomics,remote_reset_inhibit_relay,false,false,Keep source record attached; refresh evidence before procurement use.
bom_source_field:hmi_ergonomics_remote_notification_remote_reset_inhibit_relay:manufacturer,bom_source_field,source_backed,source_evidence,remote reset inhibit relay / manufacturer,manufacturer = Protocol Evidence Manufacturer.,,test-fixture://review-evidence-closure/source/remote_reset_inhibit_relay,,,hmi_ergonomics,remote_reset_inhibit_relay,false,false,Keep source record attached; refresh evidence before procurement use.
bom_source_field:hmi_ergonomics_remote_notification_remote_reset_inhibit_relay:mpn,bom_source_field,source_backed,source_evidence,remote reset inhibit relay / mpn,mpn = PROTOCOL-204-remote_reset_inhibit_relay.,,test-fixture://review-evidence-closure/source/remote_reset_inhibit_relay,,,hmi_ergonomics,remote_reset_inhibit_relay,false,false,Keep source record attached; refresh evidence before procurement use.
bom_source_field:hmi_ergonomics_remote_notification_remote_reset_inhibit_relay:supplier,bom_source_field,source_backed,source_evidence,remote reset inhibit relay / supplier,supplier = Protocol Evidence Supplier.,,test-fixture://review-evidence-closure/source/remote_reset_inhibit_relay,,,hmi_ergonomics,remote_reset_inhibit_relay,false,false,Keep source record attached; refresh evidence before procurement use.
bom_source_field:hmi_ergonomics_remote_notification_remote_reset_inhibit_relay:unit_cost_gbp,bom_source_field,source_backed,source_evidence,remote reset inhibit relay / unit_cost_gbp,unit_cost_gbp = 303.,,test-fixture://review-evidence-closure/source/remote_reset_inhibit_relay,,,hmi_ergonomics,remote_reset_inhibit_relay,false,false,Keep source record attached; refresh evidence before procurement use.
bom_source_field:hmi_ergonomics_remote_notification_sms_alarm_output_module:lead_time_weeks,bom_source_field,source_backed,source_evidence,SMS alarm output module / lead_time_weeks,lead_time_weeks = 8.,,test-fixture://review-evidence-closure/source/sms_alarm_output_module,,,hmi_ergonomics,sms_alarm_output_module,false,false,Keep source record attached; refresh evidence before procurement use.
bom_source_field:hmi_ergonomics_remote_notification_sms_alarm_output_module:manufacturer,bom_source_field,source_backed,source_evidence,SMS alarm output module / manufacturer,manufacturer = Protocol Evidence Manufacturer.,,test-fixture://review-evidence-closure/source/sms_alarm_output_module,,,hmi_ergonomics,sms_alarm_output_module,false,false,Keep source record attached; refresh evidence before procurement use.
bom_source_field:hmi_ergonomics_remote_notification_sms_alarm_output_module:mpn,bom_source_field,source_backed,source_evidence,SMS alarm output module / mpn,mpn = PROTOCOL-201-sms_alarm_output_module.,,test-fixture://review-evidence-closure/source/sms_alarm_output_module,,,hmi_ergonomics,sms_alarm_output_module,false,false,Keep source record attached; refresh evidence before procurement use.
bom_source_field:hmi_ergonomics_remote_notification_sms_alarm_output_module:supplier,bom_source_field,source_backed,source_evidence,SMS alarm output module / supplier,supplier = Protocol Evidence Supplier.,,test-fixture://review-evidence-closure/source/sms_alarm_output_module,,,hmi_ergonomics,sms_alarm_output_module,false,false,Keep source record attached; refresh evidence before procurement use.
bom_source_field:hmi_ergonomics_remote_notification_sms_alarm_output_module:unit_cost_gbp,bom_source_field,source_backed,source_evidence,SMS alarm output module / unit_cost_gbp,unit_cost_gbp = 300.,,test-fixture://review-evidence-closure/source/sms_alarm_output_module,,,hmi_ergonomics,sms_alarm_output_module,false,false,Keep source record attached; refresh evidence before procurement use.
bom_source_field:maintenance_serviceability_access_doors_door_seal_gasket:lead_time_weeks,bom_source_field,source_backed,source_evidence,door seal gasket / lead_time_weeks,lead_time_weeks = 8.,,test-fixture://review-evidence-closure/source/door_seal_gasket,,,maintenance_serviceability,door_seal_gasket,false,false,Keep source record attached; refresh evidence before procurement use.
bom_source_field:maintenance_serviceability_access_doors_door_seal_gasket:manufacturer,bom_source_field,source_backed,source_evidence,door seal gasket / manufacturer,manufacturer = Protocol Evidence Manufacturer.,,test-fixture://review-evidence-closure/source/door_seal_gasket,,,maintenance_serviceability,door_seal_gasket,false,false,Keep source record attached; refresh evidence before procurement use.
bom_source_field:maintenance_serviceability_access_doors_door_seal_gasket:mpn,bom_source_field,source_backed,source_evidence,door seal gasket / mpn,mpn = PROTOCOL-154-door_seal_gasket.,,test-fixture://review-evidence-closure/source/door_seal_gasket,,,maintenance_serviceability,door_seal_gasket,false,false,Keep source record attached; refresh evidence before procurement use.
bom_source_field:maintenance_serviceability_access_doors_door_seal_gasket:supplier,bom_source_field,source_backed,source_evidence,door seal gasket / supplier,supplier = Protocol Evidence Supplier.,,test-fixture://review-evidence-closure/source/door_seal_gasket,,,maintenance_serviceability,door_seal_gasket,false,false,Keep source record attached; refresh evidence before procurement use.
bom_source_field:maintenance_serviceability_access_doors_door_seal_gasket:unit_cost_gbp,bom_source_field,source_backed,source_evidence,door seal gasket / unit_cost_gbp,unit_cost_gbp = 253.,,test-fixture://review-evidence-closure/source/door_seal_gasket,,,maintenance_serviceability,door_seal_gasket,false,false,Keep source record attached; refresh evidence before procurement use.
bom_source_field:maintenance_serviceability_access_doors_door_stay_arm:lead_time_weeks,bom_source_field,source_backed,source_evidence,door stay arm / lead_time_weeks,lead_time_weeks = 8.,,test-fixture://review-evidence-closure/source/door_stay_arm,,,maintenance_serviceability,door_stay_arm,false,false,Keep source record attached; refresh evidence before procurement use.
bom_source_field:maintenance_serviceability_access_doors_door_stay_arm:manufacturer,bom_source_field,source_backed,source_evidence,door stay arm / manufacturer,manufacturer = Protocol Evidence Manufacturer.,,test-fixture://review-evidence-closure/source/door_stay_arm,,,maintenance_serviceability,door_stay_arm,false,false,Keep source record attached; refresh evidence before procurement use.
bom_source_field:maintenance_serviceability_access_doors_door_stay_arm:mpn,bom_source_field,source_backed,source_evidence,door stay arm / mpn,mpn = PROTOCOL-156-door_stay_arm.,,test-fixture://review-evidence-closure/source/door_stay_arm,,,maintenance_serviceability,door_stay_arm,false,false,Keep source record attached; refresh evidence before procurement use.
bom_source_field:maintenance_serviceability_access_doors_door_stay_arm:supplier,bom_source_field,source_backed,source_evidence,door stay arm / supplier,supplier = Protocol Evidence Supplier.,,test-fixture://review-evidence-closure/source/door_stay_arm,,,maintenance_serviceability,door_stay_arm,false,false,Keep source record attached; refresh evidence before procurement use.
bom_source_field:maintenance_serviceability_access_doors_door_stay_arm:unit_cost_gbp,bom_source_field,source_backed,source_evidence,door stay arm / unit_cost_gbp,unit_cost_gbp = 255.,,test-fixture://review-evidence-closure/source/door_stay_arm,,,maintenance_serviceability,door_stay_arm,false,false,Keep source record attached; refresh evidence before procurement use.
bom_source_field:maintenance_serviceability_access_doors_lockable_access_door:lead_time_weeks,bom_source_field,source_backed,source_evidence,lockable access door / lead_time_weeks,lead_time_weeks = 8.,,test-fixture://review-evidence-closure/source/lockable_access_door,,mass_kg,maintenance_serviceability,lockable_access_door,false,false,Keep source record attached; refresh evidence before procurement use.
bom_source_field:maintenance_serviceability_access_doors_lockable_access_door:manufacturer,bom_source_field,source_backed,source_evidence,lockable access door / manufacturer,manufacturer = Protocol Evidence Manufacturer.,,test-fixture://review-evidence-closure/source/lockable_access_door,,mass_kg,maintenance_serviceability,lockable_access_door,false,false,Keep source record attached; refresh evidence before procurement use.
bom_source_field:maintenance_serviceability_access_doors_lockable_access_door:mpn,bom_source_field,source_backed,source_evidence,lockable access door / mpn,mpn = PROTOCOL-153-lockable_access_door.,,test-fixture://review-evidence-closure/source/lockable_access_door,,mass_kg,maintenance_serviceability,lockable_access_door,false,false,Keep source record attached; refresh evidence before procurement use.
bom_source_field:maintenance_serviceability_access_doors_lockable_access_door:supplier,bom_source_field,source_backed,source_evidence,lockable access door / supplier,supplier = Protocol Evidence Supplier.,,test-fixture://review-evidence-closure/source/lockable_access_door,,mass_kg,maintenance_serviceability,lockable_access_door,false,false,Keep source record attached; refresh evidence before procurement use.
bom_source_field:maintenance_serviceability_access_doors_lockable_access_door:unit_cost_gbp,bom_source_field,source_backed,source_evidence,lockable access door / unit_cost_gbp,unit_cost_gbp = 252.,,test-fixture://review-evidence-closure/source/lockable_access_door,,mass_kg,maintenance_serviceability,lockable_access_door,false,false,Keep source record attached; refresh evidence before procurement use.
bom_source_field:maintenance_serviceability_access_doors_panic_release_latch:lead_time_weeks,bom_source_field,source_backed,source_evidence,panic release latch / lead_time_weeks,lead_time_weeks = 8.,,test-fixture://review-evidence-closure/source/panic_release_latch,,,maintenance_serviceability,panic_release_latch,false,false,Keep source record attached; refresh evidence before procurement use.
bom_source_field:maintenance_serviceability_access_doors_panic_release_latch:manufacturer,bom_source_field,source_backed,source_evidence,panic release latch / manufacturer,manufacturer = Protocol Evidence Manufacturer.,,test-fixture://review-evidence-closure/source/panic_release_latch,,,maintenance_serviceability,panic_release_latch,false,false,Keep source record attached; refresh evidence before procurement use.
bom_source_field:maintenance_serviceability_access_doors_panic_release_latch:mpn,bom_source_field,source_backed,source_evidence,panic release latch / mpn,mpn = PROTOCOL-155-panic_release_latch.,,test-fixture://review-evidence-closure/source/panic_release_latch,,,maintenance_serviceability,panic_release_latch,false,false,Keep source record attached; refresh evidence before procurement use.
bom_source_field:maintenance_serviceability_access_doors_panic_release_latch:supplier,bom_source_field,source_backed,source_evidence,panic release latch / supplier,supplier = Protocol Evidence Supplier.,,test-fixture://review-evidence-closure/source/panic_release_latch,,,maintenance_serviceability,panic_release_latch,false,false,Keep source record attached; refresh evidence before procurement use.
bom_source_field:maintenance_serviceability_access_doors_panic_release_latch:unit_cost_gbp,bom_source_field,source_backed,source_evidence,panic release latch / unit_cost_gbp,unit_cost_gbp = 254.,,test-fixture://review-evidence-closure/source/panic_release_latch,,,maintenance_serviceability,panic_release_latch,false,false,Keep source record attached; refresh evidence before procurement use.
bom_source_field:maintenance_serviceability_commissioning_ports_commissioning_torque_log_plate:lead_time_weeks,bom_source_field,source_backed,source_evidence,commissioning torque log plate / lead_time_weeks,lead_time_weeks = 8.,,test-fixture://review-evidence-closure/source/commissioning_torque_log_plate,,,maintenance_serviceability,commissioning_torque_log_plate,false,false,Keep source record attached; refresh evidence before procurement use.
bom_source_field:maintenance_serviceability_commissioning_ports_commissioning_torque_log_plate:manufacturer,bom_source_field,source_backed,source_evidence,commissioning torque log plate / manufacturer,manufacturer = Protocol Evidence Manufacturer.,,test-fixture://review-evidence-closure/source/commissioning_torque_log_plate,,,maintenance_serviceability,commissioning_torque_log_plate,false,false,Keep source record attached; refresh evidence before procurement use.
bom_source_field:maintenance_serviceability_commissioning_ports_commissioning_torque_log_plate:mpn,bom_source_field,source_backed,source_evidence,commissioning torque log plate / mpn,mpn = PROTOCOL-169-commissioning_torque_log_plate.,,test-fixture://review-evidence-closure/source/commissioning_torque_log_plate,,,maintenance_serviceability,commissioning_torque_log_plate,false,false,Keep source record attached; refresh evidence before procurement use.
bom_source_field:maintenance_serviceability_commissioning_ports_commissioning_torque_log_plate:supplier,bom_source_field,source_backed,source_evidence,commissioning torque log plate / supplier,supplier = Protocol Evidence Supplier.,,test-fixture://review-evidence-closure/source/commissioning_torque_log_plate,,,maintenance_serviceability,commissioning_torque_log_plate,false,false,Keep source record attached; refresh evidence before procurement use.
bom_source_field:maintenance_serviceability_commissioning_ports_commissioning_torque_log_plate:unit_cost_gbp,bom_source_field,source_backed,source_evidence,commissioning torque log plate / unit_cost_gbp,unit_cost_gbp = 268.,,test-fixture://review-evidence-closure/source/commissioning_torque_log_plate,,,maintenance_serviceability,commissioning_torque_log_plate,false,false,Keep source record attached; refresh evidence before procurement use.
bom_source_field:maintenance_serviceability_commissioning_ports_coolant_sampling_port:lead_time_weeks,bom_source_field,source_backed,source_evidence,coolant sampling port / lead_time_weeks,lead_time_weeks = 8.,,test-fixture://review-evidence-closure/source/coolant_sampling_port,,,maintenance_serviceability,coolant_sampling_port,false,false,Keep source record attached; refresh evidence before procurement use.
bom_source_field:maintenance_serviceability_commissioning_ports_coolant_sampling_port:manufacturer,bom_source_field,source_backed,source_evidence,coolant sampling port / manufacturer,manufacturer = Protocol Evidence Manufacturer.,,test-fixture://review-evidence-closure/source/coolant_sampling_port,,,maintenance_serviceability,coolant_sampling_port,false,false,Keep source record attached; refresh evidence before procurement use.
bom_source_field:maintenance_serviceability_commissioning_ports_coolant_sampling_port:mpn,bom_source_field,source_backed,source_evidence,coolant sampling port / mpn,mpn = PROTOCOL-166-coolant_sampling_port.,,test-fixture://review-evidence-closure/source/coolant_sampling_port,,,maintenance_serviceability,coolant_sampling_port,false,false,Keep source record attached; refresh evidence before procurement use.
bom_source_field:maintenance_serviceability_commissioning_ports_coolant_sampling_port:supplier,bom_source_field,source_backed,source_evidence,coolant sampling port / supplier,supplier = Protocol Evidence Supplier.,,test-fixture://review-evidence-closure/source/coolant_sampling_port,,,maintenance_serviceability,coolant_sampling_port,false,false,Keep source record attached; refresh evidence before procurement use.
bom_source_field:maintenance_serviceability_commissioning_ports_coolant_sampling_port:unit_cost_gbp,bom_source_field,source_backed,source_evidence,coolant sampling port / unit_cost_gbp,unit_cost_gbp = 265.,,test-fixture://review-evidence-closure/source/coolant_sampling_port,,,maintenance_serviceability,coolant_sampling_port,false,false,Keep source record attached; refresh evidence before procurement use.
bom_source_field:maintenance_serviceability_commissioning_ports_insulated_test_socket:lead_time_weeks,bom_source_field,source_backed,source_evidence,insulated test socket / lead_time_weeks,lead_time_weeks = 8.,,test-fixture://review-evidence-closure/source/insulated_test_socket,,,maintenance_serviceability,insulated_test_socket,false,false,Keep source record attached; refresh evidence before procurement use.
bom_source_field:maintenance_serviceability_commissioning_ports_insulated_test_socket:manufacturer,bom_source_field,source_backed,source_evidence,insulated test socket / manufacturer,manufacturer = Protocol Evidence Manufacturer.,,test-fixture://review-evidence-closure/source/insulated_test_socket,,,maintenance_serviceability,insulated_test_socket,false,false,Keep source record attached; refresh evidence before procurement use.
bom_source_field:maintenance_serviceability_commissioning_ports_insulated_test_socket:mpn,bom_source_field,source_backed,source_evidence,insulated test socket / mpn,mpn = PROTOCOL-165-insulated_test_socket.,,test-fixture://review-evidence-closure/source/insulated_test_socket,,,maintenance_serviceability,insulated_test_socket,false,false,Keep source record attached; refresh evidence before procurement use.
bom_source_field:maintenance_serviceability_commissioning_ports_insulated_test_socket:supplier,bom_source_field,source_backed,source_evidence,insulated test socket / supplier,supplier = Protocol Evidence Supplier.,,test-fixture://review-evidence-closure/source/insulated_test_socket,,,maintenance_serviceability,insulated_test_socket,false,false,Keep source record attached; refresh evidence before procurement use.
bom_source_field:maintenance_serviceability_commissioning_ports_insulated_test_socket:unit_cost_gbp,bom_source_field,source_backed,source_evidence,insulated test socket / unit_cost_gbp,unit_cost_gbp = 264.,,test-fixture://review-evidence-closure/source/insulated_test_socket,,,maintenance_serviceability,insulated_test_socket,false,false,Keep source record attached; refresh evidence before procurement use.
bom_source_field:maintenance_serviceability_commissioning_ports_laptop_service_port:lead_time_weeks,bom_source_field,source_backed,source_evidence,laptop service port / lead_time_weeks,lead_time_weeks = 8.,,test-fixture://review-evidence-closure/source/laptop_service_port,,,maintenance_serviceability,laptop_service_port,false,false,Keep source record attached; refresh evidence before procurement use.
bom_source_field:maintenance_serviceability_commissioning_ports_laptop_service_port:manufacturer,bom_source_field,source_backed,source_evidence,laptop service port / manufacturer,manufacturer = Protocol Evidence Manufacturer.,,test-fixture://review-evidence-closure/source/laptop_service_port,,,maintenance_serviceability,laptop_service_port,false,false,Keep source record attached; refresh evidence before procurement use.
bom_source_field:maintenance_serviceability_commissioning_ports_laptop_service_port:mpn,bom_source_field,source_backed,source_evidence,laptop service port / mpn,mpn = PROTOCOL-167-laptop_service_port.,,test-fixture://review-evidence-closure/source/laptop_service_port,,,maintenance_serviceability,laptop_service_port,false,false,Keep source record attached; refresh evidence before procurement use.
bom_source_field:maintenance_serviceability_commissioning_ports_laptop_service_port:supplier,bom_source_field,source_backed,source_evidence,laptop service port / supplier,supplier = Protocol Evidence Supplier.,,test-fixture://review-evidence-closure/source/laptop_service_port,,,maintenance_serviceability,laptop_service_port,false,false,Keep source record attached; refresh evidence before procurement use.
bom_source_field:maintenance_serviceability_commissioning_ports_laptop_service_port:unit_cost_gbp,bom_source_field,source_backed,source_evidence,laptop service port / unit_cost_gbp,unit_cost_gbp = 266.,,test-fixture://review-evidence-closure/source/laptop_service_port,,,maintenance_serviceability,laptop_service_port,false,false,Keep source record attached; refresh evidence before procurement use.
bom_source_field:maintenance_serviceability_commissioning_ports_lockout_hasp_rail:lead_time_weeks,bom_source_field,source_backed,source_evidence,lockout hasp rail / lead_time_weeks,lead_time_weeks = 8.,,test-fixture://review-evidence-closure/source/lockout_hasp_rail,,,maintenance_serviceability,lockout_hasp_rail,false,false,Keep source record attached; refresh evidence before procurement use.
bom_source_field:maintenance_serviceability_commissioning_ports_lockout_hasp_rail:manufacturer,bom_source_field,source_backed,source_evidence,lockout hasp rail / manufacturer,manufacturer = Protocol Evidence Manufacturer.,,test-fixture://review-evidence-closure/source/lockout_hasp_rail,,,maintenance_serviceability,lockout_hasp_rail,false,false,Keep source record attached; refresh evidence before procurement use.
bom_source_field:maintenance_serviceability_commissioning_ports_lockout_hasp_rail:mpn,bom_source_field,source_backed,source_evidence,lockout hasp rail / mpn,mpn = PROTOCOL-168-lockout_hasp_rail.,,test-fixture://review-evidence-closure/source/lockout_hasp_rail,,,maintenance_serviceability,lockout_hasp_rail,false,false,Keep source record attached; refresh evidence before procurement use.
bom_source_field:maintenance_serviceability_commissioning_ports_lockout_hasp_rail:supplier,bom_source_field,source_backed,source_evidence,lockout hasp rail / supplier,supplier = Protocol Evidence Supplier.,,test-fixture://review-evidence-closure/source/lockout_hasp_rail,,,maintenance_serviceability,lockout_hasp_rail,false,false,Keep source record attached; refresh evidence before procurement use.
bom_source_field:maintenance_serviceability_commissioning_ports_lockout_hasp_rail:unit_cost_gbp,bom_source_field,source_backed,source_evidence,lockout hasp rail / unit_cost_gbp,unit_cost_gbp = 267.,,test-fixture://review-evidence-closure/source/lockout_hasp_rail,,,maintenance_serviceability,lockout_hasp_rail,false,false,Keep source record attached; refresh evidence before procurement use.
bom_source_field:maintenance_serviceability_lifting_handling_certified_lifting_lug:lead_time_weeks,bom_source_field,source_backed,source_evidence,certified lifting lug / lead_time_weeks,lead_time_weeks = 8.,,test-fixture://review-evidence-closure/source/certified_lifting_lug,,,maintenance_serviceability,certified_lifting_lug,false,false,Keep source record attached; refresh evidence before procurement use.
bom_source_field:maintenance_serviceability_lifting_handling_certified_lifting_lug:manufacturer,bom_source_field,source_backed,source_evidence,certified lifting lug / manufacturer,manufacturer = Protocol Evidence Manufacturer.,,test-fixture://review-evidence-closure/source/certified_lifting_lug,,,maintenance_serviceability,certified_lifting_lug,false,false,Keep source record attached; refresh evidence before procurement use.
bom_source_field:maintenance_serviceability_lifting_handling_certified_lifting_lug:mpn,bom_source_field,source_backed,source_evidence,certified lifting lug / mpn,mpn = PROTOCOL-161-certified_lifting_lug.,,test-fixture://review-evidence-closure/source/certified_lifting_lug,,,maintenance_serviceability,certified_lifting_lug,false,false,Keep source record attached; refresh evidence before procurement use.
bom_source_field:maintenance_serviceability_lifting_handling_certified_lifting_lug:supplier,bom_source_field,source_backed,source_evidence,certified lifting lug / supplier,supplier = Protocol Evidence Supplier.,,test-fixture://review-evidence-closure/source/certified_lifting_lug,,,maintenance_serviceability,certified_lifting_lug,false,false,Keep source record attached; refresh evidence before procurement use.
bom_source_field:maintenance_serviceability_lifting_handling_certified_lifting_lug:unit_cost_gbp,bom_source_field,source_backed,source_evidence,certified lifting lug / unit_cost_gbp,unit_cost_gbp = 260.,,test-fixture://review-evidence-closure/source/certified_lifting_lug,,,maintenance_serviceability,certified_lifting_lug,false,false,Keep source record attached; refresh evidence before procurement use.
bom_source_field:maintenance_serviceability_lifting_handling_forklift_pocket_reinforcement:lead_time_weeks,bom_source_field,source_backed,source_evidence,forklift pocket reinforcement / lead_time_weeks,lead_time_weeks = 8.,,test-fixture://review-evidence-closure/source/forklift_pocket_reinforcement,,,maintenance_serviceability,forklift_pocket_reinforcement,false,false,Keep source record attached; refresh evidence before procurement use.
bom_source_field:maintenance_serviceability_lifting_handling_forklift_pocket_reinforcement:manufacturer,bom_source_field,source_backed,source_evidence,forklift pocket reinforcement / manufacturer,manufacturer = Protocol Evidence Manufacturer.,,test-fixture://review-evidence-closure/source/forklift_pocket_reinforcement,,,maintenance_serviceability,forklift_pocket_reinforcement,false,false,Keep source record attached; refresh evidence before procurement use.
bom_source_field:maintenance_serviceability_lifting_handling_forklift_pocket_reinforcement:mpn,bom_source_field,source_backed,source_evidence,forklift pocket reinforcement / mpn,mpn = PROTOCOL-162-forklift_pocket_reinforcement.,,test-fixture://review-evidence-closure/source/forklift_pocket_reinforcement,,,maintenance_serviceability,forklift_pocket_reinforcement,false,false,Keep source record attached; refresh evidence before procurement use.
bom_source_field:maintenance_serviceability_lifting_handling_forklift_pocket_reinforcement:supplier,bom_source_field,source_backed,source_evidence,forklift pocket reinforcement / supplier,supplier = Protocol Evidence Supplier.,,test-fixture://review-evidence-closure/source/forklift_pocket_reinforcement,,,maintenance_serviceability,forklift_pocket_reinforcement,false,false,Keep source record attached; refresh evidence before procurement use.
bom_source_field:maintenance_serviceability_lifting_handling_forklift_pocket_reinforcement:unit_cost_gbp,bom_source_field,source_backed,source_evidence,forklift pocket reinforcement / unit_cost_gbp,unit_cost_gbp = 261.,,test-fixture://review-evidence-closure/source/forklift_pocket_reinforcement,,,maintenance_serviceability,forklift_pocket_reinforcement,false,false,Keep source record attached; refresh evidence before procurement use.
bom_source_field:maintenance_serviceability_lifting_handling_removable_rack_guide:lead_time_weeks,bom_source_field,source_backed,source_evidence,removable rack guide / lead_time_weeks,lead_time_weeks = 8.,,test-fixture://review-evidence-closure/source/removable_rack_guide,,,maintenance_serviceability,removable_rack_guide,false,false,Keep source record attached; refresh evidence before procurement use.
bom_source_field:maintenance_serviceability_lifting_handling_removable_rack_guide:manufacturer,bom_source_field,source_backed,source_evidence,removable rack guide / manufacturer,manufacturer = Protocol Evidence Manufacturer.,,test-fixture://review-evidence-closure/source/removable_rack_guide,,,maintenance_serviceability,removable_rack_guide,false,false,Keep source record attached; refresh evidence before procurement use.
bom_source_field:maintenance_serviceability_lifting_handling_removable_rack_guide:mpn,bom_source_field,source_backed,source_evidence,removable rack guide / mpn,mpn = PROTOCOL-163-removable_rack_guide.,,test-fixture://review-evidence-closure/source/removable_rack_guide,,,maintenance_serviceability,removable_rack_guide,false,false,Keep source record attached; refresh evidence before procurement use.
bom_source_field:maintenance_serviceability_lifting_handling_removable_rack_guide:supplier,bom_source_field,source_backed,source_evidence,removable rack guide / supplier,supplier = Protocol Evidence Supplier.,,test-fixture://review-evidence-closure/source/removable_rack_guide,,,maintenance_serviceability,removable_rack_guide,false,false,Keep source record attached; refresh evidence before procurement use.
bom_source_field:maintenance_serviceability_lifting_handling_removable_rack_guide:unit_cost_gbp,bom_source_field,source_backed,source_evidence,removable rack guide / unit_cost_gbp,unit_cost_gbp = 262.,,test-fixture://review-evidence-closure/source/removable_rack_guide,,,maintenance_serviceability,removable_rack_guide,false,false,Keep source record attached; refresh evidence before procurement use.
bom_source_field:maintenance_serviceability_lifting_handling_service_trolley_interface:lead_time_weeks,bom_source_field,source_backed,source_evidence,service trolley interface / lead_time_weeks,lead_time_weeks = 8.,,test-fixture://review-evidence-closure/source/service_trolley_interface,,,maintenance_serviceability,service_trolley_interface,false,false,Keep source record attached; refresh evidence before procurement use.
bom_source_field:maintenance_serviceability_lifting_handling_service_trolley_interface:manufacturer,bom_source_field,source_backed,source_evidence,service trolley interface / manufacturer,manufacturer = Protocol Evidence Manufacturer.,,test-fixture://review-evidence-closure/source/service_trolley_interface,,,maintenance_serviceability,service_trolley_interface,false,false,Keep source record attached; refresh evidence before procurement use.
bom_source_field:maintenance_serviceability_lifting_handling_service_trolley_interface:mpn,bom_source_field,source_backed,source_evidence,service trolley interface / mpn,mpn = PROTOCOL-164-service_trolley_interface.,,test-fixture://review-evidence-closure/source/service_trolley_interface,,,maintenance_serviceability,service_trolley_interface,false,false,Keep source record attached; refresh evidence before procurement use.
bom_source_field:maintenance_serviceability_lifting_handling_service_trolley_interface:supplier,bom_source_field,source_backed,source_evidence,service trolley interface / supplier,supplier = Protocol Evidence Supplier.,,test-fixture://review-evidence-closure/source/service_trolley_interface,,,maintenance_serviceability,service_trolley_interface,false,false,Keep source record attached; refresh evidence before procurement use.
bom_source_field:maintenance_serviceability_lifting_handling_service_trolley_interface:unit_cost_gbp,bom_source_field,source_backed,source_evidence,service trolley interface / unit_cost_gbp,unit_cost_gbp = 263.,,test-fixture://review-evidence-closure/source/service_trolley_interface,,,maintenance_serviceability,service_trolley_interface,false,false,Keep source record attached; refresh evidence before procurement use.
bom_source_field:maintenance_serviceability_service_lighting_emergency_light_fitting:lead_time_weeks,bom_source_field,source_backed,source_evidence,emergency light fitting / lead_time_weeks,lead_time_weeks = 8.,,test-fixture://review-evidence-closure/source/emergency_light_fitting,,,maintenance_serviceability,emergency_light_fitting,false,false,Keep source record attached; refresh evidence before procurement use.
bom_source_field:maintenance_serviceability_service_lighting_emergency_light_fitting:manufacturer,bom_source_field,source_backed,source_evidence,emergency light fitting / manufacturer,manufacturer = Protocol Evidence Manufacturer.,,test-fixture://review-evidence-closure/source/emergency_light_fitting,,,maintenance_serviceability,emergency_light_fitting,false,false,Keep source record attached; refresh evidence before procurement use.
bom_source_field:maintenance_serviceability_service_lighting_emergency_light_fitting:mpn,bom_source_field,source_backed,source_evidence,emergency light fitting / mpn,mpn = PROTOCOL-158-emergency_light_fitting.,,test-fixture://review-evidence-closure/source/emergency_light_fitting,,,maintenance_serviceability,emergency_light_fitting,false,false,Keep source record attached; refresh evidence before procurement use.
bom_source_field:maintenance_serviceability_service_lighting_emergency_light_fitting:supplier,bom_source_field,source_backed,source_evidence,emergency light fitting / supplier,supplier = Protocol Evidence Supplier.,,test-fixture://review-evidence-closure/source/emergency_light_fitting,,,maintenance_serviceability,emergency_light_fitting,false,false,Keep source record attached; refresh evidence before procurement use.
bom_source_field:maintenance_serviceability_service_lighting_emergency_light_fitting:unit_cost_gbp,bom_source_field,source_backed,source_evidence,emergency light fitting / unit_cost_gbp,unit_cost_gbp = 257.,,test-fixture://review-evidence-closure/source/emergency_light_fitting,,,maintenance_serviceability,emergency_light_fitting,false,false,Keep source record attached; refresh evidence before procurement use.
bom_source_field:maintenance_serviceability_service_lighting_led_service_luminaire:lead_time_weeks,bom_source_field,source_backed,source_evidence,LED service luminaire / lead_time_weeks,lead_time_weeks = 8.,,test-fixture://review-evidence-closure/source/led_service_luminaire,,,maintenance_serviceability,led_service_luminaire,false,false,Keep source record attached; refresh evidence before procurement use.
bom_source_field:maintenance_serviceability_service_lighting_led_service_luminaire:manufacturer,bom_source_field,source_backed,source_evidence,LED service luminaire / manufacturer,manufacturer = Protocol Evidence Manufacturer.,,test-fixture://review-evidence-closure/source/led_service_luminaire,,,maintenance_serviceability,led_service_luminaire,false,false,Keep source record attached; refresh evidence before procurement use.
bom_source_field:maintenance_serviceability_service_lighting_led_service_luminaire:mpn,bom_source_field,source_backed,source_evidence,LED service luminaire / mpn,mpn = PROTOCOL-157-led_service_luminaire.,,test-fixture://review-evidence-closure/source/led_service_luminaire,,,maintenance_serviceability,led_service_luminaire,false,false,Keep source record attached; refresh evidence before procurement use.
bom_source_field:maintenance_serviceability_service_lighting_led_service_luminaire:supplier,bom_source_field,source_backed,source_evidence,LED service luminaire / supplier,supplier = Protocol Evidence Supplier.,,test-fixture://review-evidence-closure/source/led_service_luminaire,,,maintenance_serviceability,led_service_luminaire,false,false,Keep source record attached; refresh evidence before procurement use.
bom_source_field:maintenance_serviceability_service_lighting_led_service_luminaire:unit_cost_gbp,bom_source_field,source_backed,source_evidence,LED service luminaire / unit_cost_gbp,unit_cost_gbp = 256.,,test-fixture://review-evidence-closure/source/led_service_luminaire,,,maintenance_serviceability,led_service_luminaire,false,false,Keep source record attached; refresh evidence before procurement use.
bom_source_field:maintenance_serviceability_service_lighting_lighting_switchgear:lead_time_weeks,bom_source_field,source_backed,source_evidence,lighting switchgear / lead_time_weeks,lead_time_weeks = 8.,,test-fixture://review-evidence-closure/source/lighting_switchgear,,,maintenance_serviceability,lighting_switchgear,false,false,Keep source record attached; refresh evidence before procurement use.
bom_source_field:maintenance_serviceability_service_lighting_lighting_switchgear:manufacturer,bom_source_field,source_backed,source_evidence,lighting switchgear / manufacturer,manufacturer = Protocol Evidence Manufacturer.,,test-fixture://review-evidence-closure/source/lighting_switchgear,,,maintenance_serviceability,lighting_switchgear,false,false,Keep source record attached; refresh evidence before procurement use.
bom_source_field:maintenance_serviceability_service_lighting_lighting_switchgear:mpn,bom_source_field,source_backed,source_evidence,lighting switchgear / mpn,mpn = PROTOCOL-160-lighting_switchgear.,,test-fixture://review-evidence-closure/source/lighting_switchgear,,,maintenance_serviceability,lighting_switchgear,false,false,Keep source record attached; refresh evidence before procurement use.
bom_source_field:maintenance_serviceability_service_lighting_lighting_switchgear:supplier,bom_source_field,source_backed,source_evidence,lighting switchgear / supplier,supplier = Protocol Evidence Supplier.,,test-fixture://review-evidence-closure/source/lighting_switchgear,,,maintenance_serviceability,lighting_switchgear,false,false,Keep source record attached; refresh evidence before procurement use.
bom_source_field:maintenance_serviceability_service_lighting_lighting_switchgear:unit_cost_gbp,bom_source_field,source_backed,source_evidence,lighting switchgear / unit_cost_gbp,unit_cost_gbp = 259.,,test-fixture://review-evidence-closure/source/lighting_switchgear,,,maintenance_serviceability,lighting_switchgear,false,false,Keep source record attached; refresh evidence before procurement use.
bom_source_field:maintenance_serviceability_service_lighting_maintenance_receptacle:lead_time_weeks,bom_source_field,source_backed,source_evidence,maintenance receptacle / lead_time_weeks,lead_time_weeks = 8.,,test-fixture://review-evidence-closure/source/maintenance_receptacle,,,maintenance_serviceability,maintenance_receptacle,false,false,Keep source record attached; refresh evidence before procurement use.
bom_source_field:maintenance_serviceability_service_lighting_maintenance_receptacle:manufacturer,bom_source_field,source_backed,source_evidence,maintenance receptacle / manufacturer,manufacturer = Protocol Evidence Manufacturer.,,test-fixture://review-evidence-closure/source/maintenance_receptacle,,,maintenance_serviceability,maintenance_receptacle,false,false,Keep source record attached; refresh evidence before procurement use.
bom_source_field:maintenance_serviceability_service_lighting_maintenance_receptacle:mpn,bom_source_field,source_backed,source_evidence,maintenance receptacle / mpn,mpn = PROTOCOL-159-maintenance_receptacle.,,test-fixture://review-evidence-closure/source/maintenance_receptacle,,,maintenance_serviceability,maintenance_receptacle,false,false,Keep source record attached; refresh evidence before procurement use.
bom_source_field:maintenance_serviceability_service_lighting_maintenance_receptacle:supplier,bom_source_field,source_backed,source_evidence,maintenance receptacle / supplier,supplier = Protocol Evidence Supplier.,,test-fixture://review-evidence-closure/source/maintenance_receptacle,,,maintenance_serviceability,maintenance_receptacle,false,false,Keep source record attached; refresh evidence before procurement use.
bom_source_field:maintenance_serviceability_service_lighting_maintenance_receptacle:unit_cost_gbp,bom_source_field,source_backed,source_evidence,maintenance receptacle / unit_cost_gbp,unit_cost_gbp = 258.,,test-fixture://review-evidence-closure/source/maintenance_receptacle,,,maintenance_serviceability,maintenance_receptacle,false,false,Keep source record attached; refresh evidence before procurement use.
bom_source_field:mass_fluid_transport_process_expansion_air_removal_automatic_air_vent:lead_time_weeks,bom_source_field,source_backed,source_evidence,automatic air vent / lead_time_weeks,lead_time_weeks = 8.,,test-fixture://review-evidence-closure/source/automatic_air_vent,,,mass_fluid_transport_process,automatic_air_vent,false,false,Keep source record attached; refresh evidence before procurement use.
bom_source_field:mass_fluid_transport_process_expansion_air_removal_automatic_air_vent:manufacturer,bom_source_field,source_backed,source_evidence,automatic air vent / manufacturer,manufacturer = Protocol Evidence Manufacturer.,,test-fixture://review-evidence-closure/source/automatic_air_vent,,,mass_fluid_transport_process,automatic_air_vent,false,false,Keep source record attached; refresh evidence before procurement use.
bom_source_field:mass_fluid_transport_process_expansion_air_removal_automatic_air_vent:mpn,bom_source_field,source_backed,source_evidence,automatic air vent / mpn,mpn = PROTOCOL-180-automatic_air_vent.,,test-fixture://review-evidence-closure/source/automatic_air_vent,,,mass_fluid_transport_process,automatic_air_vent,false,false,Keep source record attached; refresh evidence before procurement use.
bom_source_field:mass_fluid_transport_process_expansion_air_removal_automatic_air_vent:supplier,bom_source_field,source_backed,source_evidence,automatic air vent / supplier,supplier = Protocol Evidence Supplier.,,test-fixture://review-evidence-closure/source/automatic_air_vent,,,mass_fluid_transport_process,automatic_air_vent,false,false,Keep source record attached; refresh evidence before procurement use.
bom_source_field:mass_fluid_transport_process_expansion_air_removal_automatic_air_vent:unit_cost_gbp,bom_source_field,source_backed,source_evidence,automatic air vent / unit_cost_gbp,unit_cost_gbp = 279.,,test-fixture://review-evidence-closure/source/automatic_air_vent,,,mass_fluid_transport_process,automatic_air_vent,false,false,Keep source record attached; refresh evidence before procurement use.
bom_source_field:mass_fluid_transport_process_expansion_air_removal_expansion_vessel:lead_time_weeks,bom_source_field,source_backed,source_evidence,expansion vessel / lead_time_weeks,lead_time_weeks = 8.,,test-fixture://review-evidence-closure/source/expansion_vessel,,,mass_fluid_transport_process,expansion_vessel,false,false,Keep source record attached; refresh evidence before procurement use.
bom_source_field:mass_fluid_transport_process_expansion_air_removal_expansion_vessel:manufacturer,bom_source_field,source_backed,source_evidence,expansion vessel / manufacturer,manufacturer = Protocol Evidence Manufacturer.,,test-fixture://review-evidence-closure/source/expansion_vessel,,,mass_fluid_transport_process,expansion_vessel,false,false,Keep source record attached; refresh evidence before procurement use.
bom_source_field:mass_fluid_transport_process_expansion_air_removal_expansion_vessel:mpn,bom_source_field,source_backed,source_evidence,expansion vessel / mpn,mpn = PROTOCOL-179-expansion_vessel.,,test-fixture://review-evidence-closure/source/expansion_vessel,,,mass_fluid_transport_process,expansion_vessel,false,false,Keep source record attached; refresh evidence before procurement use.
bom_source_field:mass_fluid_transport_process_expansion_air_removal_expansion_vessel:supplier,bom_source_field,source_backed,source_evidence,expansion vessel / supplier,supplier = Protocol Evidence Supplier.,,test-fixture://review-evidence-closure/source/expansion_vessel,,,mass_fluid_transport_process,expansion_vessel,false,false,Keep source record attached; refresh evidence before procurement use.
bom_source_field:mass_fluid_transport_process_expansion_air_removal_expansion_vessel:unit_cost_gbp,bom_source_field,source_backed,source_evidence,expansion vessel / unit_cost_gbp,unit_cost_gbp = 278.,,test-fixture://review-evidence-closure/source/expansion_vessel,,,mass_fluid_transport_process,expansion_vessel,false,false,Keep source record attached; refresh evidence before procurement use.
bom_source_field:mass_fluid_transport_process_expansion_air_removal_low_pressure_switch:lead_time_weeks,bom_source_field,source_backed,source_evidence,low pressure switch / lead_time_weeks,lead_time_weeks = 8.,,test-fixture://review-evidence-closure/source/low_pressure_switch,,,mass_fluid_transport_process,low_pressure_switch,false,false,Keep source record attached; refresh evidence before procurement use.
bom_source_field:mass_fluid_transport_process_expansion_air_removal_low_pressure_switch:manufacturer,bom_source_field,source_backed,source_evidence,low pressure switch / manufacturer,manufacturer = Protocol Evidence Manufacturer.,,test-fixture://review-evidence-closure/source/low_pressure_switch,,,mass_fluid_transport_process,low_pressure_switch,false,false,Keep source record attached; refresh evidence before procurement use.
bom_source_field:mass_fluid_transport_process_expansion_air_removal_low_pressure_switch:mpn,bom_source_field,source_backed,source_evidence,low pressure switch / mpn,mpn = PROTOCOL-182-low_pressure_switch.,,test-fixture://review-evidence-closure/source/low_pressure_switch,,,mass_fluid_transport_process,low_pressure_switch,false,false,Keep source record attached; refresh evidence before procurement use.
bom_source_field:mass_fluid_transport_process_expansion_air_removal_low_pressure_switch:supplier,bom_source_field,source_backed,source_evidence,low pressure switch / supplier,supplier = Protocol Evidence Supplier.,,test-fixture://review-evidence-closure/source/low_pressure_switch,,,mass_fluid_transport_process,low_pressure_switch,false,false,Keep source record attached; refresh evidence before procurement use.
bom_source_field:mass_fluid_transport_process_expansion_air_removal_low_pressure_switch:unit_cost_gbp,bom_source_field,source_backed,source_evidence,low pressure switch / unit_cost_gbp,unit_cost_gbp = 281.,,test-fixture://review-evidence-closure/source/low_pressure_switch,,,mass_fluid_transport_process,low_pressure_switch,false,false,Keep source record attached; refresh evidence before procurement use.
bom_source_field:mass_fluid_transport_process_expansion_air_removal_pressure_relief_valve:lead_time_weeks,bom_source_field,source_backed,source_evidence,pressure relief valve / lead_time_weeks,lead_time_weeks = 8.,,test-fixture://review-evidence-closure/source/pressure_relief_valve,,,mass_fluid_transport_process,pressure_relief_valve,false,false,Keep source record attached; refresh evidence before procurement use.
bom_source_field:mass_fluid_transport_process_expansion_air_removal_pressure_relief_valve:manufacturer,bom_source_field,source_backed,source_evidence,pressure relief valve / manufacturer,manufacturer = Protocol Evidence Manufacturer.,,test-fixture://review-evidence-closure/source/pressure_relief_valve,,,mass_fluid_transport_process,pressure_relief_valve,false,false,Keep source record attached; refresh evidence before procurement use.
bom_source_field:mass_fluid_transport_process_expansion_air_removal_pressure_relief_valve:mpn,bom_source_field,source_backed,source_evidence,pressure relief valve / mpn,mpn = PROTOCOL-181-pressure_relief_valve.,,test-fixture://review-evidence-closure/source/pressure_relief_valve,,,mass_fluid_transport_process,pressure_relief_valve,false,false,Keep source record attached; refresh evidence before procurement use.
bom_source_field:mass_fluid_transport_process_expansion_air_removal_pressure_relief_valve:supplier,bom_source_field,source_backed,source_evidence,pressure relief valve / supplier,supplier = Protocol Evidence Supplier.,,test-fixture://review-evidence-closure/source/pressure_relief_valve,,,mass_fluid_transport_process,pressure_relief_valve,false,false,Keep source record attached; refresh evidence before procurement use.
bom_source_field:mass_fluid_transport_process_expansion_air_removal_pressure_relief_valve:unit_cost_gbp,bom_source_field,source_backed,source_evidence,pressure relief valve / unit_cost_gbp,unit_cost_gbp = 280.,,test-fixture://review-evidence-closure/source/pressure_relief_valve,,,mass_fluid_transport_process,pressure_relief_valve,false,false,Keep source record attached; refresh evidence before procurement use.
bom_source_field:mass_fluid_transport_process_filtration_treatment_coolant_filter_housing:lead_time_weeks,bom_source_field,source_backed,source_evidence,coolant filter housing / lead_time_weeks,lead_time_weeks = 8.,,test-fixture://review-evidence-closure/source/coolant_filter_housing,,,mass_fluid_transport_process,coolant_filter_housing,false,false,Keep source record attached; refresh evidence before procurement use.
bom_source_field:mass_fluid_transport_process_filtration_treatment_coolant_filter_housing:manufacturer,bom_source_field,source_backed,source_evidence,coolant filter housing / manufacturer,manufacturer = Protocol Evidence Manufacturer.,,test-fixture://review-evidence-closure/source/coolant_filter_housing,,,mass_fluid_transport_process,coolant_filter_housing,false,false,Keep source record attached; refresh evidence before procurement use.
bom_source_field:mass_fluid_transport_process_filtration_treatment_coolant_filter_housing:mpn,bom_source_field,source_backed,source_evidence,coolant filter housing / mpn,mpn = PROTOCOL-175-coolant_filter_housing.,,test-fixture://review-evidence-closure/source/coolant_filter_housing,,,mass_fluid_transport_process,coolant_filter_housing,false,false,Keep source record attached; refresh evidence before procurement use.
bom_source_field:mass_fluid_transport_process_filtration_treatment_coolant_filter_housing:supplier,bom_source_field,source_backed,source_evidence,coolant filter housing / supplier,supplier = Protocol Evidence Supplier.,,test-fixture://review-evidence-closure/source/coolant_filter_housing,,,mass_fluid_transport_process,coolant_filter_housing,false,false,Keep source record attached; refresh evidence before procurement use.
bom_source_field:mass_fluid_transport_process_filtration_treatment_coolant_filter_housing:unit_cost_gbp,bom_source_field,source_backed,source_evidence,coolant filter housing / unit_cost_gbp,unit_cost_gbp = 274.,,test-fixture://review-evidence-closure/source/coolant_filter_housing,,,mass_fluid_transport_process,coolant_filter_housing,false,false,Keep source record attached; refresh evidence before procurement use.
bom_source_field:mass_fluid_transport_process_filtration_treatment_fill_and_drain_manifold:lead_time_weeks,bom_source_field,source_backed,source_evidence,fill and drain manifold / lead_time_weeks,lead_time_weeks = 8.,,test-fixture://review-evidence-closure/source/fill_and_drain_manifold,,,mass_fluid_transport_process,fill_and_drain_manifold,false,false,Keep source record attached; refresh evidence before procurement use.
bom_source_field:mass_fluid_transport_process_filtration_treatment_fill_and_drain_manifold:manufacturer,bom_source_field,source_backed,source_evidence,fill and drain manifold / manufacturer,manufacturer = Protocol Evidence Manufacturer.,,test-fixture://review-evidence-closure/source/fill_and_drain_manifold,,,mass_fluid_transport_process,fill_and_drain_manifold,false,false,Keep source record attached; refresh evidence before procurement use.
bom_source_field:mass_fluid_transport_process_filtration_treatment_fill_and_drain_manifold:mpn,bom_source_field,source_backed,source_evidence,fill and drain manifold / mpn,mpn = PROTOCOL-178-fill_and_drain_manifold.,,test-fixture://review-evidence-closure/source/fill_and_drain_manifold,,,mass_fluid_transport_process,fill_and_drain_manifold,false,false,Keep source record attached; refresh evidence before procurement use.
bom_source_field:mass_fluid_transport_process_filtration_treatment_fill_and_drain_manifold:supplier,bom_source_field,source_backed,source_evidence,fill and drain manifold / supplier,supplier = Protocol Evidence Supplier.,,test-fixture://review-evidence-closure/source/fill_and_drain_manifold,,,mass_fluid_transport_process,fill_and_drain_manifold,false,false,Keep source record attached; refresh evidence before procurement use.
bom_source_field:mass_fluid_transport_process_filtration_treatment_fill_and_drain_manifold:unit_cost_gbp,bom_source_field,source_backed,source_evidence,fill and drain manifold / unit_cost_gbp,unit_cost_gbp = 277.,,test-fixture://review-evidence-closure/source/fill_and_drain_manifold,,,mass_fluid_transport_process,fill_and_drain_manifold,false,false,Keep source record attached; refresh evidence before procurement use.
bom_source_field:mass_fluid_transport_process_filtration_treatment_glycol_concentration_sensor:lead_time_weeks,bom_source_field,source_backed,source_evidence,glycol concentration sensor / lead_time_weeks,lead_time_weeks = 8.,,test-fixture://review-evidence-closure/source/glycol_concentration_sensor,,,mass_fluid_transport_process,glycol_concentration_sensor,false,false,Keep source record attached; refresh evidence before procurement use.
bom_source_field:mass_fluid_transport_process_filtration_treatment_glycol_concentration_sensor:manufacturer,bom_source_field,source_backed,source_evidence,glycol concentration sensor / manufacturer,manufacturer = Protocol Evidence Manufacturer.,,test-fixture://review-evidence-closure/source/glycol_concentration_sensor,,,mass_fluid_transport_process,glycol_concentration_sensor,false,false,Keep source record attached; refresh evidence before procurement use.
bom_source_field:mass_fluid_transport_process_filtration_treatment_glycol_concentration_sensor:mpn,bom_source_field,source_backed,source_evidence,glycol concentration sensor / mpn,mpn = PROTOCOL-177-glycol_concentration_sensor.,,test-fixture://review-evidence-closure/source/glycol_concentration_sensor,,,mass_fluid_transport_process,glycol_concentration_sensor,false,false,Keep source record attached; refresh evidence before procurement use.
bom_source_field:mass_fluid_transport_process_filtration_treatment_glycol_concentration_sensor:supplier,bom_source_field,source_backed,source_evidence,glycol concentration sensor / supplier,supplier = Protocol Evidence Supplier.,,test-fixture://review-evidence-closure/source/glycol_concentration_sensor,,,mass_fluid_transport_process,glycol_concentration_sensor,false,false,Keep source record attached; refresh evidence before procurement use.
bom_source_field:mass_fluid_transport_process_filtration_treatment_glycol_concentration_sensor:unit_cost_gbp,bom_source_field,source_backed,source_evidence,glycol concentration sensor / unit_cost_gbp,unit_cost_gbp = 276.,,test-fixture://review-evidence-closure/source/glycol_concentration_sensor,,,mass_fluid_transport_process,glycol_concentration_sensor,false,false,Keep source record attached; refresh evidence before procurement use.
bom_source_field:mass_fluid_transport_process_filtration_treatment_replaceable_filter_cartridge:lead_time_weeks,bom_source_field,source_backed,source_evidence,replaceable filter cartridge / lead_time_weeks,lead_time_weeks = 8.,,test-fixture://review-evidence-closure/source/replaceable_filter_cartridge,,,mass_fluid_transport_process,replaceable_filter_cartridge,false,false,Keep source record attached; refresh evidence before procurement use.
bom_source_field:mass_fluid_transport_process_filtration_treatment_replaceable_filter_cartridge:manufacturer,bom_source_field,source_backed,source_evidence,replaceable filter cartridge / manufacturer,manufacturer = Protocol Evidence Manufacturer.,,test-fixture://review-evidence-closure/source/replaceable_filter_cartridge,,,mass_fluid_transport_process,replaceable_filter_cartridge,false,false,Keep source record attached; refresh evidence before procurement use.
bom_source_field:mass_fluid_transport_process_filtration_treatment_replaceable_filter_cartridge:mpn,bom_source_field,source_backed,source_evidence,replaceable filter cartridge / mpn,mpn = PROTOCOL-176-replaceable_filter_cartridge.,,test-fixture://review-evidence-closure/source/replaceable_filter_cartridge,,,mass_fluid_transport_process,replaceable_filter_cartridge,false,false,Keep source record attached; refresh evidence before procurement use.
bom_source_field:mass_fluid_transport_process_filtration_treatment_replaceable_filter_cartridge:supplier,bom_source_field,source_backed,source_evidence,replaceable filter cartridge / supplier,supplier = Protocol Evidence Supplier.,,test-fixture://review-evidence-closure/source/replaceable_filter_cartridge,,,mass_fluid_transport_process,replaceable_filter_cartridge,false,false,Keep source record attached; refresh evidence before procurement use.
bom_source_field:mass_fluid_transport_process_filtration_treatment_replaceable_filter_cartridge:unit_cost_gbp,bom_source_field,source_backed,source_evidence,replaceable filter cartridge / unit_cost_gbp,unit_cost_gbp = 275.,,test-fixture://review-evidence-closure/source/replaceable_filter_cartridge,,,mass_fluid_transport_process,replaceable_filter_cartridge,false,false,Keep source record attached; refresh evidence before procurement use.
bom_source_field:mass_fluid_transport_process_heat_exchanger_manifold_insulated_hose_set:lead_time_weeks,bom_source_field,source_backed,source_evidence,insulated hose set / lead_time_weeks,lead_time_weeks = 8.,,test-fixture://review-evidence-closure/source/insulated_hose_set,,,mass_fluid_transport_process,insulated_hose_set,false,false,Keep source record attached; refresh evidence before procurement use.
bom_source_field:mass_fluid_transport_process_heat_exchanger_manifold_insulated_hose_set:manufacturer,bom_source_field,source_backed,source_evidence,insulated hose set / manufacturer,manufacturer = Protocol Evidence Manufacturer.,,test-fixture://review-evidence-closure/source/insulated_hose_set,,,mass_fluid_transport_process,insulated_hose_set,false,false,Keep source record attached; refresh evidence before procurement use.
bom_source_field:mass_fluid_transport_process_heat_exchanger_manifold_insulated_hose_set:mpn,bom_source_field,source_backed,source_evidence,insulated hose set / mpn,mpn = PROTOCOL-187-insulated_hose_set.,,test-fixture://review-evidence-closure/source/insulated_hose_set,,,mass_fluid_transport_process,insulated_hose_set,false,false,Keep source record attached; refresh evidence before procurement use.
bom_source_field:mass_fluid_transport_process_heat_exchanger_manifold_insulated_hose_set:supplier,bom_source_field,source_backed,source_evidence,insulated hose set / supplier,supplier = Protocol Evidence Supplier.,,test-fixture://review-evidence-closure/source/insulated_hose_set,,,mass_fluid_transport_process,insulated_hose_set,false,false,Keep source record attached; refresh evidence before procurement use.
bom_source_field:mass_fluid_transport_process_heat_exchanger_manifold_insulated_hose_set:unit_cost_gbp,bom_source_field,source_backed,source_evidence,insulated hose set / unit_cost_gbp,unit_cost_gbp = 286.,,test-fixture://review-evidence-closure/source/insulated_hose_set,,,mass_fluid_transport_process,insulated_hose_set,false,false,Keep source record attached; refresh evidence before procurement use.
bom_source_field:mass_fluid_transport_process_heat_exchanger_manifold_plate_heat_exchanger:lead_time_weeks,bom_source_field,source_backed,source_evidence,plate heat exchanger / lead_time_weeks,lead_time_weeks = 8.,,test-fixture://review-evidence-closure/source/plate_heat_exchanger,,,mass_fluid_transport_process,plate_heat_exchanger,false,false,Keep source record attached; refresh evidence before procurement use.
bom_source_field:mass_fluid_transport_process_heat_exchanger_manifold_plate_heat_exchanger:manufacturer,bom_source_field,source_backed,source_evidence,plate heat exchanger / manufacturer,manufacturer = Protocol Evidence Manufacturer.,,test-fixture://review-evidence-closure/source/plate_heat_exchanger,,,mass_fluid_transport_process,plate_heat_exchanger,false,false,Keep source record attached; refresh evidence before procurement use.
bom_source_field:mass_fluid_transport_process_heat_exchanger_manifold_plate_heat_exchanger:mpn,bom_source_field,source_backed,source_evidence,plate heat exchanger / mpn,mpn = PROTOCOL-183-plate_heat_exchanger.,,test-fixture://review-evidence-closure/source/plate_heat_exchanger,,,mass_fluid_transport_process,plate_heat_exchanger,false,false,Keep source record attached; refresh evidence before procurement use.
bom_source_field:mass_fluid_transport_process_heat_exchanger_manifold_plate_heat_exchanger:supplier,bom_source_field,source_backed,source_evidence,plate heat exchanger / supplier,supplier = Protocol Evidence Supplier.,,test-fixture://review-evidence-closure/source/plate_heat_exchanger,,,mass_fluid_transport_process,plate_heat_exchanger,false,false,Keep source record attached; refresh evidence before procurement use.
bom_source_field:mass_fluid_transport_process_heat_exchanger_manifold_plate_heat_exchanger:unit_cost_gbp,bom_source_field,source_backed,source_evidence,plate heat exchanger / unit_cost_gbp,unit_cost_gbp = 282.,,test-fixture://review-evidence-closure/source/plate_heat_exchanger,,,mass_fluid_transport_process,plate_heat_exchanger,false,false,Keep source record attached; refresh evidence before procurement use.
bom_source_field:mass_fluid_transport_process_heat_exchanger_manifold_purge_valve_set:lead_time_weeks,bom_source_field,source_backed,source_evidence,purge valve set / lead_time_weeks,lead_time_weeks = 8.,,test-fixture://review-evidence-closure/source/purge_valve_set,,,mass_fluid_transport_process,purge_valve_set,false,false,Keep source record attached; refresh evidence before procurement use.
bom_source_field:mass_fluid_transport_process_heat_exchanger_manifold_purge_valve_set:manufacturer,bom_source_field,source_backed,source_evidence,purge valve set / manufacturer,manufacturer = Protocol Evidence Manufacturer.,,test-fixture://review-evidence-closure/source/purge_valve_set,,,mass_fluid_transport_process,purge_valve_set,false,false,Keep source record attached; refresh evidence before procurement use.
bom_source_field:mass_fluid_transport_process_heat_exchanger_manifold_purge_valve_set:mpn,bom_source_field,source_backed,source_evidence,purge valve set / mpn,mpn = PROTOCOL-185-purge_valve_set.,,test-fixture://review-evidence-closure/source/purge_valve_set,,,mass_fluid_transport_process,purge_valve_set,false,false,Keep source record attached; refresh evidence before procurement use.
bom_source_field:mass_fluid_transport_process_heat_exchanger_manifold_purge_valve_set:supplier,bom_source_field,source_backed,source_evidence,purge valve set / supplier,supplier = Protocol Evidence Supplier.,,test-fixture://review-evidence-closure/source/purge_valve_set,,,mass_fluid_transport_process,purge_valve_set,false,false,Keep source record attached; refresh evidence before procurement use.
bom_source_field:mass_fluid_transport_process_heat_exchanger_manifold_purge_valve_set:unit_cost_gbp,bom_source_field,source_backed,source_evidence,purge valve set / unit_cost_gbp,unit_cost_gbp = 284.,,test-fixture://review-evidence-closure/source/purge_valve_set,,,mass_fluid_transport_process,purge_valve_set,false,false,Keep source record attached; refresh evidence before procurement use.
bom_source_field:mass_fluid_transport_process_heat_exchanger_manifold_service_bypass_loop:lead_time_weeks,bom_source_field,source_backed,source_evidence,service bypass loop / lead_time_weeks,lead_time_weeks = 8.,,test-fixture://review-evidence-closure/source/service_bypass_loop,,,mass_fluid_transport_process,service_bypass_loop,false,false,Keep source record attached; refresh evidence before procurement use.
bom_source_field:mass_fluid_transport_process_heat_exchanger_manifold_service_bypass_loop:manufacturer,bom_source_field,source_backed,source_evidence,service bypass loop / manufacturer,manufacturer = Protocol Evidence Manufacturer.,,test-fixture://review-evidence-closure/source/service_bypass_loop,,,mass_fluid_transport_process,service_bypass_loop,false,false,Keep source record attached; refresh evidence before procurement use.
bom_source_field:mass_fluid_transport_process_heat_exchanger_manifold_service_bypass_loop:mpn,bom_source_field,source_backed,source_evidence,service bypass loop / mpn,mpn = PROTOCOL-186-service_bypass_loop.,,test-fixture://review-evidence-closure/source/service_bypass_loop,,,mass_fluid_transport_process,service_bypass_loop,false,false,Keep source record attached; refresh evidence before procurement use.
bom_source_field:mass_fluid_transport_process_heat_exchanger_manifold_service_bypass_loop:supplier,bom_source_field,source_backed,source_evidence,service bypass loop / supplier,supplier = Protocol Evidence Supplier.,,test-fixture://review-evidence-closure/source/service_bypass_loop,,,mass_fluid_transport_process,service_bypass_loop,false,false,Keep source record attached; refresh evidence before procurement use.
bom_source_field:mass_fluid_transport_process_heat_exchanger_manifold_service_bypass_loop:unit_cost_gbp,bom_source_field,source_backed,source_evidence,service bypass loop / unit_cost_gbp,unit_cost_gbp = 285.,,test-fixture://review-evidence-closure/source/service_bypass_loop,,,mass_fluid_transport_process,service_bypass_loop,false,false,Keep source record attached; refresh evidence before procurement use.
bom_source_field:mass_fluid_transport_process_heat_exchanger_manifold_temperature_balancing_valve:lead_time_weeks,bom_source_field,source_backed,source_evidence,temperature balancing valve / lead_time_weeks,lead_time_weeks = 8.,,test-fixture://review-evidence-closure/source/temperature_balancing_valve,,,mass_fluid_transport_process,temperature_balancing_valve,false,false,Keep source record attached; refresh evidence before procurement use.
bom_source_field:mass_fluid_transport_process_heat_exchanger_manifold_temperature_balancing_valve:manufacturer,bom_source_field,source_backed,source_evidence,temperature balancing valve / manufacturer,manufacturer = Protocol Evidence Manufacturer.,,test-fixture://review-evidence-closure/source/temperature_balancing_valve,,,mass_fluid_transport_process,temperature_balancing_valve,false,false,Keep source record attached; refresh evidence before procurement use.
bom_source_field:mass_fluid_transport_process_heat_exchanger_manifold_temperature_balancing_valve:mpn,bom_source_field,source_backed,source_evidence,temperature balancing valve / mpn,mpn = PROTOCOL-184-temperature_balancing_valve.,,test-fixture://review-evidence-closure/source/temperature_balancing_valve,,,mass_fluid_transport_process,temperature_balancing_valve,false,false,Keep source record attached; refresh evidence before procurement use.
bom_source_field:mass_fluid_transport_process_heat_exchanger_manifold_temperature_balancing_valve:supplier,bom_source_field,source_backed,source_evidence,temperature balancing valve / supplier,supplier = Protocol Evidence Supplier.,,test-fixture://review-evidence-closure/source/temperature_balancing_valve,,,mass_fluid_transport_process,temperature_balancing_valve,false,false,Keep source record attached; refresh evidence before procurement use.
bom_source_field:mass_fluid_transport_process_heat_exchanger_manifold_temperature_balancing_valve:unit_cost_gbp,bom_source_field,source_backed,source_evidence,temperature balancing valve / unit_cost_gbp,unit_cost_gbp = 283.,,test-fixture://review-evidence-closure/source/temperature_balancing_valve,,,mass_fluid_transport_process,temperature_balancing_valve,false,false,Keep source record attached; refresh evidence before procurement use.
bom_source_field:mass_fluid_transport_process_pump_station_check_valve:lead_time_weeks,bom_source_field,source_backed,source_evidence,check valve / lead_time_weeks,lead_time_weeks = 8.,,test-fixture://review-evidence-closure/source/check_valve,,,mass_fluid_transport_process,check_valve,false,false,Keep source record attached; refresh evidence before procurement use.
bom_source_field:mass_fluid_transport_process_pump_station_check_valve:manufacturer,bom_source_field,source_backed,source_evidence,check valve / manufacturer,manufacturer = Protocol Evidence Manufacturer.,,test-fixture://review-evidence-closure/source/check_valve,,,mass_fluid_transport_process,check_valve,false,false,Keep source record attached; refresh evidence before procurement use.
bom_source_field:mass_fluid_transport_process_pump_station_check_valve:mpn,bom_source_field,source_backed,source_evidence,check valve / mpn,mpn = PROTOCOL-173-check_valve.,,test-fixture://review-evidence-closure/source/check_valve,,,mass_fluid_transport_process,check_valve,false,false,Keep source record attached; refresh evidence before procurement use.
bom_source_field:mass_fluid_transport_process_pump_station_check_valve:supplier,bom_source_field,source_backed,source_evidence,check valve / supplier,supplier = Protocol Evidence Supplier.,,test-fixture://review-evidence-closure/source/check_valve,,,mass_fluid_transport_process,check_valve,false,false,Keep source record attached; refresh evidence before procurement use.
bom_source_field:mass_fluid_transport_process_pump_station_check_valve:unit_cost_gbp,bom_source_field,source_backed,source_evidence,check valve / unit_cost_gbp,unit_cost_gbp = 272.,,test-fixture://review-evidence-closure/source/check_valve,,,mass_fluid_transport_process,check_valve,false,false,Keep source record attached; refresh evidence before procurement use.
bom_source_field:mass_fluid_transport_process_pump_station_coolant_circulation_pump:lead_time_weeks,bom_source_field,source_backed,source_evidence,coolant circulation pump / lead_time_weeks,lead_time_weeks = 8.,,test-fixture://review-evidence-closure/source/coolant_circulation_pump,,,mass_fluid_transport_process,coolant_circulation_pump,false,false,Keep source record attached; refresh evidence before procurement use.
bom_source_field:mass_fluid_transport_process_pump_station_coolant_circulation_pump:manufacturer,bom_source_field,source_backed,source_evidence,coolant circulation pump / manufacturer,manufacturer = Protocol Evidence Manufacturer.,,test-fixture://review-evidence-closure/source/coolant_circulation_pump,,,mass_fluid_transport_process,coolant_circulation_pump,false,false,Keep source record attached; refresh evidence before procurement use.
bom_source_field:mass_fluid_transport_process_pump_station_coolant_circulation_pump:mpn,bom_source_field,source_backed,source_evidence,coolant circulation pump / mpn,mpn = PROTOCOL-171-coolant_circulation_pump.,,test-fixture://review-evidence-closure/source/coolant_circulation_pump,,,mass_fluid_transport_process,coolant_circulation_pump,false,false,Keep source record attached; refresh evidence before procurement use.
bom_source_field:mass_fluid_transport_process_pump_station_coolant_circulation_pump:supplier,bom_source_field,source_backed,source_evidence,coolant circulation pump / supplier,supplier = Protocol Evidence Supplier.,,test-fixture://review-evidence-closure/source/coolant_circulation_pump,,,mass_fluid_transport_process,coolant_circulation_pump,false,false,Keep source record attached; refresh evidence before procurement use.
bom_source_field:mass_fluid_transport_process_pump_station_coolant_circulation_pump:unit_cost_gbp,bom_source_field,source_backed,source_evidence,coolant circulation pump / unit_cost_gbp,unit_cost_gbp = 270.,,test-fixture://review-evidence-closure/source/coolant_circulation_pump,,,mass_fluid_transport_process,coolant_circulation_pump,false,false,Keep source record attached; refresh evidence before procurement use.
bom_source_field:mass_fluid_transport_process_pump_station_isolation_valve:lead_time_weeks,bom_source_field,source_backed,source_evidence,isolation valve / lead_time_weeks,lead_time_weeks = 8.,,test-fixture://review-evidence-closure/source/isolation_valve,,,mass_fluid_transport_process,isolation_valve,false,false,Keep source record attached; refresh evidence before procurement use.
bom_source_field:mass_fluid_transport_process_pump_station_isolation_valve:manufacturer,bom_source_field,source_backed,source_evidence,isolation valve / manufacturer,manufacturer = Protocol Evidence Manufacturer.,,test-fixture://review-evidence-closure/source/isolation_valve,,,mass_fluid_transport_process,isolation_valve,false,false,Keep source record attached; refresh evidence before procurement use.
bom_source_field:mass_fluid_transport_process_pump_station_isolation_valve:mpn,bom_source_field,source_backed,source_evidence,isolation valve / mpn,mpn = PROTOCOL-174-isolation_valve.,,test-fixture://review-evidence-closure/source/isolation_valve,,,mass_fluid_transport_process,isolation_valve,false,false,Keep source record attached; refresh evidence before procurement use.
bom_source_field:mass_fluid_transport_process_pump_station_isolation_valve:supplier,bom_source_field,source_backed,source_evidence,isolation valve / supplier,supplier = Protocol Evidence Supplier.,,test-fixture://review-evidence-closure/source/isolation_valve,,,mass_fluid_transport_process,isolation_valve,false,false,Keep source record attached; refresh evidence before procurement use.
bom_source_field:mass_fluid_transport_process_pump_station_isolation_valve:unit_cost_gbp,bom_source_field,source_backed,source_evidence,isolation valve / unit_cost_gbp,unit_cost_gbp = 273.,,test-fixture://review-evidence-closure/source/isolation_valve,,,mass_fluid_transport_process,isolation_valve,false,false,Keep source record attached; refresh evidence before procurement use.
bom_source_field:mass_fluid_transport_process_pump_station_pump_vfd:lead_time_weeks,bom_source_field,source_backed,source_evidence,pump VFD / lead_time_weeks,lead_time_weeks = 8.,,test-fixture://review-evidence-closure/source/pump_vfd,,,mass_fluid_transport_process,pump_vfd,false,false,Keep source record attached; refresh evidence before procurement use.
bom_source_field:mass_fluid_transport_process_pump_station_pump_vfd:manufacturer,bom_source_field,source_backed,source_evidence,pump VFD / manufacturer,manufacturer = Protocol Evidence Manufacturer.,,test-fixture://review-evidence-closure/source/pump_vfd,,,mass_fluid_transport_process,pump_vfd,false,false,Keep source record attached; refresh evidence before procurement use.
bom_source_field:mass_fluid_transport_process_pump_station_pump_vfd:mpn,bom_source_field,source_backed,source_evidence,pump VFD / mpn,mpn = PROTOCOL-172-pump_vfd.,,test-fixture://review-evidence-closure/source/pump_vfd,,,mass_fluid_transport_process,pump_vfd,false,false,Keep source record attached; refresh evidence before procurement use.
bom_source_field:mass_fluid_transport_process_pump_station_pump_vfd:supplier,bom_source_field,source_backed,source_evidence,pump VFD / supplier,supplier = Protocol Evidence Supplier.,,test-fixture://review-evidence-closure/source/pump_vfd,,,mass_fluid_transport_process,pump_vfd,false,false,Keep source record attached; refresh evidence before procurement use.
bom_source_field:mass_fluid_transport_process_pump_station_pump_vfd:unit_cost_gbp,bom_source_field,source_backed,source_evidence,pump VFD / unit_cost_gbp,unit_cost_gbp = 271.,,test-fixture://review-evidence-closure/source/pump_vfd,,,mass_fluid_transport_process,pump_vfd,false,false,Keep source record attached; refresh evidence before procurement use.
bom_source_field:mass_fluid_transport_process_pump_station_thermal_management_loop:lead_time_weeks,bom_source_field,source_backed,source_evidence,Thermal management loop / lead_time_weeks,lead_time_weeks = 8.,,test-fixture://review-evidence-closure/source/thermal_management_loop,,,mass_fluid_transport_process,thermal_management_loop,false,false,Keep source record attached; refresh evidence before procurement use.
bom_source_field:mass_fluid_transport_process_pump_station_thermal_management_loop:manufacturer,bom_source_field,source_backed,source_evidence,Thermal management loop / manufacturer,manufacturer = Protocol Evidence Manufacturer.,,test-fixture://review-evidence-closure/source/thermal_management_loop,,,mass_fluid_transport_process,thermal_management_loop,false,false,Keep source record attached; refresh evidence before procurement use.
bom_source_field:mass_fluid_transport_process_pump_station_thermal_management_loop:mpn,bom_source_field,source_backed,source_evidence,Thermal management loop / mpn,mpn = PROTOCOL-170-thermal_management_loop.,,test-fixture://review-evidence-closure/source/thermal_management_loop,,,mass_fluid_transport_process,thermal_management_loop,false,false,Keep source record attached; refresh evidence before procurement use.
bom_source_field:mass_fluid_transport_process_pump_station_thermal_management_loop:supplier,bom_source_field,source_backed,source_evidence,Thermal management loop / supplier,supplier = Protocol Evidence Supplier.,,test-fixture://review-evidence-closure/source/thermal_management_loop,,,mass_fluid_transport_process,thermal_management_loop,false,false,Keep source record attached; refresh evidence before procurement use.
bom_source_field:mass_fluid_transport_process_pump_station_thermal_management_loop:unit_cost_gbp,bom_source_field,source_backed,source_evidence,Thermal management loop / unit_cost_gbp,unit_cost_gbp = 269.,,test-fixture://review-evidence-closure/source/thermal_management_loop,,,mass_fluid_transport_process,thermal_management_loop,false,false,Keep source record attached; refresh evidence before procurement use.
bom_source_field:power_distribution_ac_switchgear_ac_contactor:lead_time_weeks,bom_source_field,source_backed,source_evidence,AC contactor / lead_time_weeks,lead_time_weeks = 8.,,test-fixture://review-evidence-closure/source/ac_contactor,,,power_distribution,ac_contactor,false,false,Keep source record attached; refresh evidence before procurement use.
bom_source_field:power_distribution_ac_switchgear_ac_contactor:manufacturer,bom_source_field,source_backed,source_evidence,AC contactor / manufacturer,manufacturer = Protocol Evidence Manufacturer.,,test-fixture://review-evidence-closure/source/ac_contactor,,,power_distribution,ac_contactor,false,false,Keep source record attached; refresh evidence before procurement use.
bom_source_field:power_distribution_ac_switchgear_ac_contactor:mpn,bom_source_field,source_backed,source_evidence,AC contactor / mpn,mpn = PROTOCOL-141-ac_contactor.,,test-fixture://review-evidence-closure/source/ac_contactor,,,power_distribution,ac_contactor,false,false,Keep source record attached; refresh evidence before procurement use.
bom_source_field:power_distribution_ac_switchgear_ac_contactor:supplier,bom_source_field,source_backed,source_evidence,AC contactor / supplier,supplier = Protocol Evidence Supplier.,,test-fixture://review-evidence-closure/source/ac_contactor,,,power_distribution,ac_contactor,false,false,Keep source record attached; refresh evidence before procurement use.
bom_source_field:power_distribution_ac_switchgear_ac_contactor:unit_cost_gbp,bom_source_field,source_backed,source_evidence,AC contactor / unit_cost_gbp,unit_cost_gbp = 240.,,test-fixture://review-evidence-closure/source/ac_contactor,,,power_distribution,ac_contactor,false,false,Keep source record attached; refresh evidence before procurement use.
bom_source_field:power_distribution_ac_switchgear_metering_ct_set:lead_time_weeks,bom_source_field,source_backed,source_evidence,metering CT set / lead_time_weeks,lead_time_weeks = 8.,,test-fixture://review-evidence-closure/source/metering_ct_set,,,power_distribution,metering_ct_set,false,false,Keep source record attached; refresh evidence before procurement use.
bom_source_field:power_distribution_ac_switchgear_metering_ct_set:manufacturer,bom_source_field,source_backed,source_evidence,metering CT set / manufacturer,manufacturer = Protocol Evidence Manufacturer.,,test-fixture://review-evidence-closure/source/metering_ct_set,,,power_distribution,metering_ct_set,false,false,Keep source record attached; refresh evidence before procurement use.
bom_source_field:power_distribution_ac_switchgear_metering_ct_set:mpn,bom_source_field,source_backed,source_evidence,metering CT set / mpn,mpn = PROTOCOL-142-metering_ct_set.,,test-fixture://review-evidence-closure/source/metering_ct_set,,,power_distribution,metering_ct_set,false,false,Keep source record attached; refresh evidence before procurement use.
bom_source_field:power_distribution_ac_switchgear_metering_ct_set:supplier,bom_source_field,source_backed,source_evidence,metering CT set / supplier,supplier = Protocol Evidence Supplier.,,test-fixture://review-evidence-closure/source/metering_ct_set,,,power_distribution,metering_ct_set,false,false,Keep source record attached; refresh evidence before procurement use.
bom_source_field:power_distribution_ac_switchgear_metering_ct_set:unit_cost_gbp,bom_source_field,source_backed,source_evidence,metering CT set / unit_cost_gbp,unit_cost_gbp = 241.,,test-fixture://review-evidence-closure/source/metering_ct_set,,,power_distribution,metering_ct_set,false,false,Keep source record attached; refresh evidence before procurement use.
bom_source_field:power_distribution_ac_switchgear_moulded_case_circuit_breaker:lead_time_weeks,bom_source_field,source_backed,source_evidence,moulded-case circuit breaker / lead_time_weeks,lead_time_weeks = 8.,,test-fixture://review-evidence-closure/source/moulded_case_circuit_breaker,,,power_distribution,moulded_case_circuit_breaker,false,false,Keep source record attached; refresh evidence before procurement use.
bom_source_field:power_distribution_ac_switchgear_moulded_case_circuit_breaker:manufacturer,bom_source_field,source_backed,source_evidence,moulded-case circuit breaker / manufacturer,manufacturer = Protocol Evidence Manufacturer.,,test-fixture://review-evidence-closure/source/moulded_case_circuit_breaker,,,power_distribution,moulded_case_circuit_breaker,false,false,Keep source record attached; refresh evidence before procurement use.
bom_source_field:power_distribution_ac_switchgear_moulded_case_circuit_breaker:mpn,bom_source_field,source_backed,source_evidence,moulded-case circuit breaker / mpn,mpn = PROTOCOL-140-moulded_case_circuit_breaker.,,test-fixture://review-evidence-closure/source/moulded_case_circuit_breaker,,,power_distribution,moulded_case_circuit_breaker,false,false,Keep source record attached; refresh evidence before procurement use.
bom_source_field:power_distribution_ac_switchgear_moulded_case_circuit_breaker:supplier,bom_source_field,source_backed,source_evidence,moulded-case circuit breaker / supplier,supplier = Protocol Evidence Supplier.,,test-fixture://review-evidence-closure/source/moulded_case_circuit_breaker,,,power_distribution,moulded_case_circuit_breaker,false,false,Keep source record attached; refresh evidence before procurement use.
bom_source_field:power_distribution_ac_switchgear_moulded_case_circuit_breaker:unit_cost_gbp,bom_source_field,source_backed,source_evidence,moulded-case circuit breaker / unit_cost_gbp,unit_cost_gbp = 239.,,test-fixture://review-evidence-closure/source/moulded_case_circuit_breaker,,,power_distribution,moulded_case_circuit_breaker,false,false,Keep source record attached; refresh evidence before procurement use.
bom_source_field:power_distribution_ac_switchgear_terminal_block_assembly:lead_time_weeks,bom_source_field,source_backed,source_evidence,terminal block assembly / lead_time_weeks,lead_time_weeks = 8.,,test-fixture://review-evidence-closure/source/terminal_block_assembly,,,power_distribution,terminal_block_assembly,false,false,Keep source record attached; refresh evidence before procurement use.
bom_source_field:power_distribution_ac_switchgear_terminal_block_assembly:manufacturer,bom_source_field,source_backed,source_evidence,terminal block assembly / manufacturer,manufacturer = Protocol Evidence Manufacturer.,,test-fixture://review-evidence-closure/source/terminal_block_assembly,,,power_distribution,terminal_block_assembly,false,false,Keep source record attached; refresh evidence before procurement use.
bom_source_field:power_distribution_ac_switchgear_terminal_block_assembly:mpn,bom_source_field,source_backed,source_evidence,terminal block assembly / mpn,mpn = PROTOCOL-143-terminal_block_assembly.,,test-fixture://review-evidence-closure/source/terminal_block_assembly,,,power_distribution,terminal_block_assembly,false,false,Keep source record attached; refresh evidence before procurement use.
bom_source_field:power_distribution_ac_switchgear_terminal_block_assembly:supplier,bom_source_field,source_backed,source_evidence,terminal block assembly / supplier,supplier = Protocol Evidence Supplier.,,test-fixture://review-evidence-closure/source/terminal_block_assembly,,,power_distribution,terminal_block_assembly,false,false,Keep source record attached; refresh evidence before procurement use.
bom_source_field:power_distribution_ac_switchgear_terminal_block_assembly:unit_cost_gbp,bom_source_field,source_backed,source_evidence,terminal block assembly / unit_cost_gbp,unit_cost_gbp = 242.,,test-fixture://review-evidence-closure/source/terminal_block_assembly,,,power_distribution,terminal_block_assembly,false,false,Keep source record attached; refresh evidence before procurement use.
bom_source_field:power_distribution_auxiliary_power_24_v_dc_power_supply:lead_time_weeks,bom_source_field,source_backed,source_evidence,24 V DC power supply / lead_time_weeks,lead_time_weeks = 8.,,test-fixture://review-evidence-closure/source/24_v_dc_power_supply,,,power_distribution,24_v_dc_power_supply,false,false,Keep source record attached; refresh evidence before procurement use.
bom_source_field:power_distribution_auxiliary_power_24_v_dc_power_supply:manufacturer,bom_source_field,source_backed,source_evidence,24 V DC power supply / manufacturer,manufacturer = Protocol Evidence Manufacturer.,,test-fixture://review-evidence-closure/source/24_v_dc_power_supply,,,power_distribution,24_v_dc_power_supply,false,false,Keep source record attached; refresh evidence before procurement use.
bom_source_field:power_distribution_auxiliary_power_24_v_dc_power_supply:mpn,bom_source_field,source_backed,source_evidence,24 V DC power supply / mpn,mpn = PROTOCOL-145-24_v_dc_power_supply.,,test-fixture://review-evidence-closure/source/24_v_dc_power_supply,,,power_distribution,24_v_dc_power_supply,false,false,Keep source record attached; refresh evidence before procurement use.
bom_source_field:power_distribution_auxiliary_power_24_v_dc_power_supply:supplier,bom_source_field,source_backed,source_evidence,24 V DC power supply / supplier,supplier = Protocol Evidence Supplier.,,test-fixture://review-evidence-closure/source/24_v_dc_power_supply,,,power_distribution,24_v_dc_power_supply,false,false,Keep source record attached; refresh evidence before procurement use.
bom_source_field:power_distribution_auxiliary_power_24_v_dc_power_supply:unit_cost_gbp,bom_source_field,source_backed,source_evidence,24 V DC power supply / unit_cost_gbp,unit_cost_gbp = 244.,,test-fixture://review-evidence-closure/source/24_v_dc_power_supply,,,power_distribution,24_v_dc_power_supply,false,false,Keep source record attached; refresh evidence before procurement use.
bom_source_field:power_distribution_auxiliary_power_auxiliary_transformer:lead_time_weeks,bom_source_field,source_backed,source_evidence,auxiliary transformer / lead_time_weeks,lead_time_weeks = 8.,,test-fixture://review-evidence-closure/source/auxiliary_transformer,,,power_distribution,auxiliary_transformer,false,false,Keep source record attached; refresh evidence before procurement use.
bom_source_field:power_distribution_auxiliary_power_auxiliary_transformer:manufacturer,bom_source_field,source_backed,source_evidence,auxiliary transformer / manufacturer,manufacturer = Protocol Evidence Manufacturer.,,test-fixture://review-evidence-closure/source/auxiliary_transformer,,,power_distribution,auxiliary_transformer,false,false,Keep source record attached; refresh evidence before procurement use.
bom_source_field:power_distribution_auxiliary_power_auxiliary_transformer:mpn,bom_source_field,source_backed,source_evidence,auxiliary transformer / mpn,mpn = PROTOCOL-144-auxiliary_transformer.,,test-fixture://review-evidence-closure/source/auxiliary_transformer,,,power_distribution,auxiliary_transformer,false,false,Keep source record attached; refresh evidence before procurement use.
bom_source_field:power_distribution_auxiliary_power_auxiliary_transformer:supplier,bom_source_field,source_backed,source_evidence,auxiliary transformer / supplier,supplier = Protocol Evidence Supplier.,,test-fixture://review-evidence-closure/source/auxiliary_transformer,,,power_distribution,auxiliary_transformer,false,false,Keep source record attached; refresh evidence before procurement use.
bom_source_field:power_distribution_auxiliary_power_auxiliary_transformer:unit_cost_gbp,bom_source_field,source_backed,source_evidence,auxiliary transformer / unit_cost_gbp,unit_cost_gbp = 243.,,test-fixture://review-evidence-closure/source/auxiliary_transformer,,,power_distribution,auxiliary_transformer,false,false,Keep source record attached; refresh evidence before procurement use.
bom_source_field:power_distribution_auxiliary_power_miniature_circuit_breaker_bank:lead_time_weeks,bom_source_field,source_backed,source_evidence,miniature circuit breaker bank / lead_time_weeks,lead_time_weeks = 8.,,test-fixture://review-evidence-closure/source/miniature_circuit_breaker_bank,,,power_distribution,miniature_circuit_breaker_bank,false,false,Keep source record attached; refresh evidence before procurement use.
bom_source_field:power_distribution_auxiliary_power_miniature_circuit_breaker_bank:manufacturer,bom_source_field,source_backed,source_evidence,miniature circuit breaker bank / manufacturer,manufacturer = Protocol Evidence Manufacturer.,,test-fixture://review-evidence-closure/source/miniature_circuit_breaker_bank,,,power_distribution,miniature_circuit_breaker_bank,false,false,Keep source record attached; refresh evidence before procurement use.
bom_source_field:power_distribution_auxiliary_power_miniature_circuit_breaker_bank:mpn,bom_source_field,source_backed,source_evidence,miniature circuit breaker bank / mpn,mpn = PROTOCOL-146-miniature_circuit_breaker_bank.,,test-fixture://review-evidence-closure/source/miniature_circuit_breaker_bank,,,power_distribution,miniature_circuit_breaker_bank,false,false,Keep source record attached; refresh evidence before procurement use.
bom_source_field:power_distribution_auxiliary_power_miniature_circuit_breaker_bank:supplier,bom_source_field,source_backed,source_evidence,miniature circuit breaker bank / supplier,supplier = Protocol Evidence Supplier.,,test-fixture://review-evidence-closure/source/miniature_circuit_breaker_bank,,,power_distribution,miniature_circuit_breaker_bank,false,false,Keep source record attached; refresh evidence before procurement use.
bom_source_field:power_distribution_auxiliary_power_miniature_circuit_breaker_bank:unit_cost_gbp,bom_source_field,source_backed,source_evidence,miniature circuit breaker bank / unit_cost_gbp,unit_cost_gbp = 245.,,test-fixture://review-evidence-closure/source/miniature_circuit_breaker_bank,,,power_distribution,miniature_circuit_breaker_bank,false,false,Keep source record attached; refresh evidence before procurement use.
bom_source_field:power_distribution_auxiliary_power_ups_module:lead_time_weeks,bom_source_field,source_backed,source_evidence,UPS module / lead_time_weeks,lead_time_weeks = 8.,,test-fixture://review-evidence-closure/source/ups_module,,,power_distribution,ups_module,false,false,Keep source record attached; refresh evidence before procurement use.
bom_source_field:power_distribution_auxiliary_power_ups_module:manufacturer,bom_source_field,source_backed,source_evidence,UPS module / manufacturer,manufacturer = Protocol Evidence Manufacturer.,,test-fixture://review-evidence-closure/source/ups_module,,,power_distribution,ups_module,false,false,Keep source record attached; refresh evidence before procurement use.
bom_source_field:power_distribution_auxiliary_power_ups_module:mpn,bom_source_field,source_backed,source_evidence,UPS module / mpn,mpn = PROTOCOL-147-ups_module.,,test-fixture://review-evidence-closure/source/ups_module,,,power_distribution,ups_module,false,false,Keep source record attached; refresh evidence before procurement use.
bom_source_field:power_distribution_auxiliary_power_ups_module:supplier,bom_source_field,source_backed,source_evidence,UPS module / supplier,supplier = Protocol Evidence Supplier.,,test-fixture://review-evidence-closure/source/ups_module,,,power_distribution,ups_module,false,false,Keep source record attached; refresh evidence before procurement use.
bom_source_field:power_distribution_auxiliary_power_ups_module:unit_cost_gbp,bom_source_field,source_backed,source_evidence,UPS module / unit_cost_gbp,unit_cost_gbp = 246.,,test-fixture://review-evidence-closure/source/ups_module,,,power_distribution,ups_module,false,false,Keep source record attached; refresh evidence before procurement use.
bom_source_field:power_distribution_dc_busbars_busbar_shroud:lead_time_weeks,bom_source_field,source_backed,source_evidence,busbar shroud / lead_time_weeks,lead_time_weeks = 8.,,test-fixture://review-evidence-closure/source/busbar_shroud,,,power_distribution,busbar_shroud,false,false,Keep source record attached; refresh evidence before procurement use.
bom_source_field:power_distribution_dc_busbars_busbar_shroud:manufacturer,bom_source_field,source_backed,source_evidence,busbar shroud / manufacturer,manufacturer = Protocol Evidence Manufacturer.,,test-fixture://review-evidence-closure/source/busbar_shroud,,,power_distribution,busbar_shroud,false,false,Keep source record attached; refresh evidence before procurement use.
bom_source_field:power_distribution_dc_busbars_busbar_shroud:mpn,bom_source_field,source_backed,source_evidence,busbar shroud / mpn,mpn = PROTOCOL-138-busbar_shroud.,,test-fixture://review-evidence-closure/source/busbar_shroud,,,power_distribution,busbar_shroud,false,false,Keep source record attached; refresh evidence before procurement use.
bom_source_field:power_distribution_dc_busbars_busbar_shroud:supplier,bom_source_field,source_backed,source_evidence,busbar shroud / supplier,supplier = Protocol Evidence Supplier.,,test-fixture://review-evidence-closure/source/busbar_shroud,,,power_distribution,busbar_shroud,false,false,Keep source record attached; refresh evidence before procurement use.
bom_source_field:power_distribution_dc_busbars_busbar_shroud:unit_cost_gbp,bom_source_field,source_backed,source_evidence,busbar shroud / unit_cost_gbp,unit_cost_gbp = 237.,,test-fixture://review-evidence-closure/source/busbar_shroud,,,power_distribution,busbar_shroud,false,false,Keep source record attached; refresh evidence before procurement use.
bom_source_field:power_distribution_dc_busbars_busbar_support_insulator:lead_time_weeks,bom_source_field,source_backed,source_evidence,busbar support insulator / lead_time_weeks,lead_time_weeks = 8.,,test-fixture://review-evidence-closure/source/busbar_support_insulator,,,power_distribution,busbar_support_insulator,false,false,Keep source record attached; refresh evidence before procurement use.
bom_source_field:power_distribution_dc_busbars_busbar_support_insulator:manufacturer,bom_source_field,source_backed,source_evidence,busbar support insulator / manufacturer,manufacturer = Protocol Evidence Manufacturer.,,test-fixture://review-evidence-closure/source/busbar_support_insulator,,,power_distribution,busbar_support_insulator,false,false,Keep source record attached; refresh evidence before procurement use.
bom_source_field:power_distribution_dc_busbars_busbar_support_insulator:mpn,bom_source_field,source_backed,source_evidence,busbar support insulator / mpn,mpn = PROTOCOL-137-busbar_support_insulator.,,test-fixture://review-evidence-closure/source/busbar_support_insulator,,,power_distribution,busbar_support_insulator,false,false,Keep source record attached; refresh evidence before procurement use.
bom_source_field:power_distribution_dc_busbars_busbar_support_insulator:supplier,bom_source_field,source_backed,source_evidence,busbar support insulator / supplier,supplier = Protocol Evidence Supplier.,,test-fixture://review-evidence-closure/source/busbar_support_insulator,,,power_distribution,busbar_support_insulator,false,false,Keep source record attached; refresh evidence before procurement use.
bom_source_field:power_distribution_dc_busbars_busbar_support_insulator:unit_cost_gbp,bom_source_field,source_backed,source_evidence,busbar support insulator / unit_cost_gbp,unit_cost_gbp = 236.,,test-fixture://review-evidence-closure/source/busbar_support_insulator,,,power_distribution,busbar_support_insulator,false,false,Keep source record attached; refresh evidence before procurement use.
bom_source_field:power_distribution_dc_busbars_copper_dc_busbar:lead_time_weeks,bom_source_field,source_backed,source_evidence,copper DC busbar / lead_time_weeks,lead_time_weeks = 8.,,test-fixture://review-evidence-closure/source/copper_dc_busbar,,capacity_mwh; power_mw,power_distribution,copper_dc_busbar,false,false,Keep source record attached; refresh evidence before procurement use.
bom_source_field:power_distribution_dc_busbars_copper_dc_busbar:manufacturer,bom_source_field,source_backed,source_evidence,copper DC busbar / manufacturer,manufacturer = Protocol Evidence Manufacturer.,,test-fixture://review-evidence-closure/source/copper_dc_busbar,,capacity_mwh; power_mw,power_distribution,copper_dc_busbar,false,false,Keep source record attached; refresh evidence before procurement use.
bom_source_field:power_distribution_dc_busbars_copper_dc_busbar:mpn,bom_source_field,source_backed,source_evidence,copper DC busbar / mpn,mpn = PROTOCOL-136-copper_dc_busbar.,,test-fixture://review-evidence-closure/source/copper_dc_busbar,,capacity_mwh; power_mw,power_distribution,copper_dc_busbar,false,false,Keep source record attached; refresh evidence before procurement use.
bom_source_field:power_distribution_dc_busbars_copper_dc_busbar:supplier,bom_source_field,source_backed,source_evidence,copper DC busbar / supplier,supplier = Protocol Evidence Supplier.,,test-fixture://review-evidence-closure/source/copper_dc_busbar,,capacity_mwh; power_mw,power_distribution,copper_dc_busbar,false,false,Keep source record attached; refresh evidence before procurement use.
bom_source_field:power_distribution_dc_busbars_copper_dc_busbar:unit_cost_gbp,bom_source_field,source_backed,source_evidence,copper DC busbar / unit_cost_gbp,unit_cost_gbp = 235.,,test-fixture://review-evidence-closure/source/copper_dc_busbar,,capacity_mwh; power_mw,power_distribution,copper_dc_busbar,false,false,Keep source record attached; refresh evidence before procurement use.
bom_source_field:power_distribution_dc_busbars_torque_witness_marker:lead_time_weeks,bom_source_field,source_backed,source_evidence,torque witness marker / lead_time_weeks,lead_time_weeks = 8.,,test-fixture://review-evidence-closure/source/torque_witness_marker,,,power_distribution,torque_witness_marker,false,false,Keep source record attached; refresh evidence before procurement use.
bom_source_field:power_distribution_dc_busbars_torque_witness_marker:manufacturer,bom_source_field,source_backed,source_evidence,torque witness marker / manufacturer,manufacturer = Protocol Evidence Manufacturer.,,test-fixture://review-evidence-closure/source/torque_witness_marker,,,power_distribution,torque_witness_marker,false,false,Keep source record attached; refresh evidence before procurement use.
bom_source_field:power_distribution_dc_busbars_torque_witness_marker:mpn,bom_source_field,source_backed,source_evidence,torque witness marker / mpn,mpn = PROTOCOL-139-torque_witness_marker.,,test-fixture://review-evidence-closure/source/torque_witness_marker,,,power_distribution,torque_witness_marker,false,false,Keep source record attached; refresh evidence before procurement use.
bom_source_field:power_distribution_dc_busbars_torque_witness_marker:supplier,bom_source_field,source_backed,source_evidence,torque witness marker / supplier,supplier = Protocol Evidence Supplier.,,test-fixture://review-evidence-closure/source/torque_witness_marker,,,power_distribution,torque_witness_marker,false,false,Keep source record attached; refresh evidence before procurement use.
bom_source_field:power_distribution_dc_busbars_torque_witness_marker:unit_cost_gbp,bom_source_field,source_backed,source_evidence,torque witness marker / unit_cost_gbp,unit_cost_gbp = 238.,,test-fixture://review-evidence-closure/source/torque_witness_marker,,,power_distribution,torque_witness_marker,false,false,Keep source record attached; refresh evidence before procurement use.
bom_source_field:power_distribution_earthing_lightning_earth_continuity_test_point:lead_time_weeks,bom_source_field,source_backed,source_evidence,earth continuity test point / lead_time_weeks,lead_time_weeks = 8.,,test-fixture://review-evidence-closure/source/earth_continuity_test_point,,,power_distribution,earth_continuity_test_point,false,false,Keep source record attached; refresh evidence before procurement use.
bom_source_field:power_distribution_earthing_lightning_earth_continuity_test_point:manufacturer,bom_source_field,source_backed,source_evidence,earth continuity test point / manufacturer,manufacturer = Protocol Evidence Manufacturer.,,test-fixture://review-evidence-closure/source/earth_continuity_test_point,,,power_distribution,earth_continuity_test_point,false,false,Keep source record attached; refresh evidence before procurement use.
bom_source_field:power_distribution_earthing_lightning_earth_continuity_test_point:mpn,bom_source_field,source_backed,source_evidence,earth continuity test point / mpn,mpn = PROTOCOL-152-earth_continuity_test_point.,,test-fixture://review-evidence-closure/source/earth_continuity_test_point,,,power_distribution,earth_continuity_test_point,false,false,Keep source record attached; refresh evidence before procurement use.
bom_source_field:power_distribution_earthing_lightning_earth_continuity_test_point:supplier,bom_source_field,source_backed,source_evidence,earth continuity test point / supplier,supplier = Protocol Evidence Supplier.,,test-fixture://review-evidence-closure/source/earth_continuity_test_point,,,power_distribution,earth_continuity_test_point,false,false,Keep source record attached; refresh evidence before procurement use.
bom_source_field:power_distribution_earthing_lightning_earth_continuity_test_point:unit_cost_gbp,bom_source_field,source_backed,source_evidence,earth continuity test point / unit_cost_gbp,unit_cost_gbp = 251.,,test-fixture://review-evidence-closure/source/earth_continuity_test_point,,,power_distribution,earth_continuity_test_point,false,false,Keep source record attached; refresh evidence before procurement use.
bom_source_field:power_distribution_earthing_lightning_earth_stud_array:lead_time_weeks,bom_source_field,source_backed,source_evidence,earth stud array / lead_time_weeks,lead_time_weeks = 8.,,test-fixture://review-evidence-closure/source/earth_stud_array,,,power_distribution,earth_stud_array,false,false,Keep source record attached; refresh evidence before procurement use.
bom_source_field:power_distribution_earthing_lightning_earth_stud_array:manufacturer,bom_source_field,source_backed,source_evidence,earth stud array / manufacturer,manufacturer = Protocol Evidence Manufacturer.,,test-fixture://review-evidence-closure/source/earth_stud_array,,,power_distribution,earth_stud_array,false,false,Keep source record attached; refresh evidence before procurement use.
bom_source_field:power_distribution_earthing_lightning_earth_stud_array:mpn,bom_source_field,source_backed,source_evidence,earth stud array / mpn,mpn = PROTOCOL-149-earth_stud_array.,,test-fixture://review-evidence-closure/source/earth_stud_array,,,power_distribution,earth_stud_array,false,false,Keep source record attached; refresh evidence before procurement use.
bom_source_field:power_distribution_earthing_lightning_earth_stud_array:supplier,bom_source_field,source_backed,source_evidence,earth stud array / supplier,supplier = Protocol Evidence Supplier.,,test-fixture://review-evidence-closure/source/earth_stud_array,,,power_distribution,earth_stud_array,false,false,Keep source record attached; refresh evidence before procurement use.
bom_source_field:power_distribution_earthing_lightning_earth_stud_array:unit_cost_gbp,bom_source_field,source_backed,source_evidence,earth stud array / unit_cost_gbp,unit_cost_gbp = 248.,,test-fixture://review-evidence-closure/source/earth_stud_array,,,power_distribution,earth_stud_array,false,false,Keep source record attached; refresh evidence before procurement use.
bom_source_field:power_distribution_earthing_lightning_equipotential_bonding_strap:lead_time_weeks,bom_source_field,source_backed,source_evidence,equipotential bonding strap / lead_time_weeks,lead_time_weeks = 8.,,test-fixture://review-evidence-closure/source/equipotential_bonding_strap,,,power_distribution,equipotential_bonding_strap,false,false,Keep source record attached; refresh evidence before procurement use.
bom_source_field:power_distribution_earthing_lightning_equipotential_bonding_strap:manufacturer,bom_source_field,source_backed,source_evidence,equipotential bonding strap / manufacturer,manufacturer = Protocol Evidence Manufacturer.,,test-fixture://review-evidence-closure/source/equipotential_bonding_strap,,,power_distribution,equipotential_bonding_strap,false,false,Keep source record attached; refresh evidence before procurement use.
bom_source_field:power_distribution_earthing_lightning_equipotential_bonding_strap:mpn,bom_source_field,source_backed,source_evidence,equipotential bonding strap / mpn,mpn = PROTOCOL-151-equipotential_bonding_strap.,,test-fixture://review-evidence-closure/source/equipotential_bonding_strap,,,power_distribution,equipotential_bonding_strap,false,false,Keep source record attached; refresh evidence before procurement use.
bom_source_field:power_distribution_earthing_lightning_equipotential_bonding_strap:supplier,bom_source_field,source_backed,source_evidence,equipotential bonding strap / supplier,supplier = Protocol Evidence Supplier.,,test-fixture://review-evidence-closure/source/equipotential_bonding_strap,,,power_distribution,equipotential_bonding_strap,false,false,Keep source record attached; refresh evidence before procurement use.
bom_source_field:power_distribution_earthing_lightning_equipotential_bonding_strap:unit_cost_gbp,bom_source_field,source_backed,source_evidence,equipotential bonding strap / unit_cost_gbp,unit_cost_gbp = 250.,,test-fixture://review-evidence-closure/source/equipotential_bonding_strap,,,power_distribution,equipotential_bonding_strap,false,false,Keep source record attached; refresh evidence before procurement use.
bom_source_field:power_distribution_earthing_lightning_lightning_surge_counter:lead_time_weeks,bom_source_field,source_backed,source_evidence,lightning surge counter / lead_time_weeks,lead_time_weeks = 8.,,test-fixture://review-evidence-closure/source/lightning_surge_counter,,,power_distribution,lightning_surge_counter,false,false,Keep source record attached; refresh evidence before procurement use.
bom_source_field:power_distribution_earthing_lightning_lightning_surge_counter:manufacturer,bom_source_field,source_backed,source_evidence,lightning surge counter / manufacturer,manufacturer = Protocol Evidence Manufacturer.,,test-fixture://review-evidence-closure/source/lightning_surge_counter,,,power_distribution,lightning_surge_counter,false,false,Keep source record attached; refresh evidence before procurement use.
bom_source_field:power_distribution_earthing_lightning_lightning_surge_counter:mpn,bom_source_field,source_backed,source_evidence,lightning surge counter / mpn,mpn = PROTOCOL-150-lightning_surge_counter.,,test-fixture://review-evidence-closure/source/lightning_surge_counter,,,power_distribution,lightning_surge_counter,false,false,Keep source record attached; refresh evidence before procurement use.
bom_source_field:power_distribution_earthing_lightning_lightning_surge_counter:supplier,bom_source_field,source_backed,source_evidence,lightning surge counter / supplier,supplier = Protocol Evidence Supplier.,,test-fixture://review-evidence-closure/source/lightning_surge_counter,,,power_distribution,lightning_surge_counter,false,false,Keep source record attached; refresh evidence before procurement use.
bom_source_field:power_distribution_earthing_lightning_lightning_surge_counter:unit_cost_gbp,bom_source_field,source_backed,source_evidence,lightning surge counter / unit_cost_gbp,unit_cost_gbp = 249.,,test-fixture://review-evidence-closure/source/lightning_surge_counter,,,power_distribution,lightning_surge_counter,false,false,Keep source record attached; refresh evidence before procurement use.
bom_source_field:power_distribution_earthing_lightning_main_earth_bar:lead_time_weeks,bom_source_field,source_backed,source_evidence,main earth bar / lead_time_weeks,lead_time_weeks = 8.,,test-fixture://review-evidence-closure/source/main_earth_bar,,,power_distribution,main_earth_bar,false,false,Keep source record attached; refresh evidence before procurement use.
bom_source_field:power_distribution_earthing_lightning_main_earth_bar:manufacturer,bom_source_field,source_backed,source_evidence,main earth bar / manufacturer,manufacturer = Protocol Evidence Manufacturer.,,test-fixture://review-evidence-closure/source/main_earth_bar,,,power_distribution,main_earth_bar,false,false,Keep source record attached; refresh evidence before procurement use.
bom_source_field:power_distribution_earthing_lightning_main_earth_bar:mpn,bom_source_field,source_backed,source_evidence,main earth bar / mpn,mpn = PROTOCOL-148-main_earth_bar.,,test-fixture://review-evidence-closure/source/main_earth_bar,,,power_distribution,main_earth_bar,false,false,Keep source record attached; refresh evidence before procurement use.
bom_source_field:power_distribution_earthing_lightning_main_earth_bar:supplier,bom_source_field,source_backed,source_evidence,main earth bar / supplier,supplier = Protocol Evidence Supplier.,,test-fixture://review-evidence-closure/source/main_earth_bar,,,power_distribution,main_earth_bar,false,false,Keep source record attached; refresh evidence before procurement use.
bom_source_field:power_distribution_earthing_lightning_main_earth_bar:unit_cost_gbp,bom_source_field,source_backed,source_evidence,main earth bar / unit_cost_gbp,unit_cost_gbp = 247.,,test-fixture://review-evidence-closure/source/main_earth_bar,,,power_distribution,main_earth_bar,false,false,Keep source record attached; refresh evidence before procurement use.
bom_source_field:safety_protection_deflagration_venting_flame_arrestor_mesh:lead_time_weeks,bom_source_field,source_backed,source_evidence,flame arrestor mesh / lead_time_weeks,lead_time_weeks = 8.,,test-fixture://review-evidence-closure/source/flame_arrestor_mesh,,,safety_protection,flame_arrestor_mesh,false,false,Keep source record attached; refresh evidence before procurement use.
bom_source_field:safety_protection_deflagration_venting_flame_arrestor_mesh:manufacturer,bom_source_field,source_backed,source_evidence,flame arrestor mesh / manufacturer,manufacturer = Protocol Evidence Manufacturer.,,test-fixture://review-evidence-closure/source/flame_arrestor_mesh,,,safety_protection,flame_arrestor_mesh,false,false,Keep source record attached; refresh evidence before procurement use.
bom_source_field:safety_protection_deflagration_venting_flame_arrestor_mesh:mpn,bom_source_field,source_backed,source_evidence,flame arrestor mesh / mpn,mpn = PROTOCOL-116-flame_arrestor_mesh.,,test-fixture://review-evidence-closure/source/flame_arrestor_mesh,,,safety_protection,flame_arrestor_mesh,false,false,Keep source record attached; refresh evidence before procurement use.
bom_source_field:safety_protection_deflagration_venting_flame_arrestor_mesh:supplier,bom_source_field,source_backed,source_evidence,flame arrestor mesh / supplier,supplier = Protocol Evidence Supplier.,,test-fixture://review-evidence-closure/source/flame_arrestor_mesh,,,safety_protection,flame_arrestor_mesh,false,false,Keep source record attached; refresh evidence before procurement use.
bom_source_field:safety_protection_deflagration_venting_flame_arrestor_mesh:unit_cost_gbp,bom_source_field,source_backed,source_evidence,flame arrestor mesh / unit_cost_gbp,unit_cost_gbp = 215.,,test-fixture://review-evidence-closure/source/flame_arrestor_mesh,,,safety_protection,flame_arrestor_mesh,false,false,Keep source record attached; refresh evidence before procurement use.
bom_source_field:safety_protection_deflagration_venting_post_event_inspection_tag:lead_time_weeks,bom_source_field,source_backed,source_evidence,post-event inspection tag / lead_time_weeks,lead_time_weeks = 8.,,test-fixture://review-evidence-closure/source/post_event_inspection_tag,,,safety_protection,post_event_inspection_tag,false,false,Keep source record attached; refresh evidence before procurement use.
bom_source_field:safety_protection_deflagration_venting_post_event_inspection_tag:manufacturer,bom_source_field,source_backed,source_evidence,post-event inspection tag / manufacturer,manufacturer = Protocol Evidence Manufacturer.,,test-fixture://review-evidence-closure/source/post_event_inspection_tag,,,safety_protection,post_event_inspection_tag,false,false,Keep source record attached; refresh evidence before procurement use.
bom_source_field:safety_protection_deflagration_venting_post_event_inspection_tag:mpn,bom_source_field,source_backed,source_evidence,post-event inspection tag / mpn,mpn = PROTOCOL-118-post_event_inspection_tag.,,test-fixture://review-evidence-closure/source/post_event_inspection_tag,,,safety_protection,post_event_inspection_tag,false,false,Keep source record attached; refresh evidence before procurement use.
bom_source_field:safety_protection_deflagration_venting_post_event_inspection_tag:supplier,bom_source_field,source_backed,source_evidence,post-event inspection tag / supplier,supplier = Protocol Evidence Supplier.,,test-fixture://review-evidence-closure/source/post_event_inspection_tag,,,safety_protection,post_event_inspection_tag,false,false,Keep source record attached; refresh evidence before procurement use.
bom_source_field:safety_protection_deflagration_venting_post_event_inspection_tag:unit_cost_gbp,bom_source_field,source_backed,source_evidence,post-event inspection tag / unit_cost_gbp,unit_cost_gbp = 217.,,test-fixture://review-evidence-closure/source/post_event_inspection_tag,,,safety_protection,post_event_inspection_tag,false,false,Keep source record attached; refresh evidence before procurement use.
bom_source_field:safety_protection_deflagration_venting_pressure_relief_vent_panel:lead_time_weeks,bom_source_field,source_backed,source_evidence,pressure relief vent panel / lead_time_weeks,lead_time_weeks = 8.,,test-fixture://review-evidence-closure/source/pressure_relief_vent_panel,,,safety_protection,pressure_relief_vent_panel,false,false,Keep source record attached; refresh evidence before procurement use.
bom_source_field:safety_protection_deflagration_venting_pressure_relief_vent_panel:manufacturer,bom_source_field,source_backed,source_evidence,pressure relief vent panel / manufacturer,manufacturer = Protocol Evidence Manufacturer.,,test-fixture://review-evidence-closure/source/pressure_relief_vent_panel,,,safety_protection,pressure_relief_vent_panel,false,false,Keep source record attached; refresh evidence before procurement use.
bom_source_field:safety_protection_deflagration_venting_pressure_relief_vent_panel:mpn,bom_source_field,source_backed,source_evidence,pressure relief vent panel / mpn,mpn = PROTOCOL-114-pressure_relief_vent_panel.,,test-fixture://review-evidence-closure/source/pressure_relief_vent_panel,,,safety_protection,pressure_relief_vent_panel,false,false,Keep source record attached; refresh evidence before procurement use.
bom_source_field:safety_protection_deflagration_venting_pressure_relief_vent_panel:supplier,bom_source_field,source_backed,source_evidence,pressure relief vent panel / supplier,supplier = Protocol Evidence Supplier.,,test-fixture://review-evidence-closure/source/pressure_relief_vent_panel,,,safety_protection,pressure_relief_vent_panel,false,false,Keep source record attached; refresh evidence before procurement use.
bom_source_field:safety_protection_deflagration_venting_pressure_relief_vent_panel:unit_cost_gbp,bom_source_field,source_backed,source_evidence,pressure relief vent panel / unit_cost_gbp,unit_cost_gbp = 213.,,test-fixture://review-evidence-closure/source/pressure_relief_vent_panel,,,safety_protection,pressure_relief_vent_panel,false,false,Keep source record attached; refresh evidence before procurement use.
bom_source_field:safety_protection_deflagration_venting_vent_microswitch:lead_time_weeks,bom_source_field,source_backed,source_evidence,vent microswitch / lead_time_weeks,lead_time_weeks = 8.,,test-fixture://review-evidence-closure/source/vent_microswitch,,,safety_protection,vent_microswitch,false,false,Keep source record attached; refresh evidence before procurement use.
bom_source_field:safety_protection_deflagration_venting_vent_microswitch:manufacturer,bom_source_field,source_backed,source_evidence,vent microswitch / manufacturer,manufacturer = Protocol Evidence Manufacturer.,,test-fixture://review-evidence-closure/source/vent_microswitch,,,safety_protection,vent_microswitch,false,false,Keep source record attached; refresh evidence before procurement use.
bom_source_field:safety_protection_deflagration_venting_vent_microswitch:mpn,bom_source_field,source_backed,source_evidence,vent microswitch / mpn,mpn = PROTOCOL-115-vent_microswitch.,,test-fixture://review-evidence-closure/source/vent_microswitch,,,safety_protection,vent_microswitch,false,false,Keep source record attached; refresh evidence before procurement use.
bom_source_field:safety_protection_deflagration_venting_vent_microswitch:supplier,bom_source_field,source_backed,source_evidence,vent microswitch / supplier,supplier = Protocol Evidence Supplier.,,test-fixture://review-evidence-closure/source/vent_microswitch,,,safety_protection,vent_microswitch,false,false,Keep source record attached; refresh evidence before procurement use.
bom_source_field:safety_protection_deflagration_venting_vent_microswitch:unit_cost_gbp,bom_source_field,source_backed,source_evidence,vent microswitch / unit_cost_gbp,unit_cost_gbp = 214.,,test-fixture://review-evidence-closure/source/vent_microswitch,,,safety_protection,vent_microswitch,false,false,Keep source record attached; refresh evidence before procurement use.
bom_source_field:safety_protection_deflagration_venting_vent_weather_hood:lead_time_weeks,bom_source_field,source_backed,source_evidence,vent weather hood / lead_time_weeks,lead_time_weeks = 8.,,test-fixture://review-evidence-closure/source/vent_weather_hood,,,safety_protection,vent_weather_hood,false,false,Keep source record attached; refresh evidence before procurement use.
bom_source_field:safety_protection_deflagration_venting_vent_weather_hood:manufacturer,bom_source_field,source_backed,source_evidence,vent weather hood / manufacturer,manufacturer = Protocol Evidence Manufacturer.,,test-fixture://review-evidence-closure/source/vent_weather_hood,,,safety_protection,vent_weather_hood,false,false,Keep source record attached; refresh evidence before procurement use.
bom_source_field:safety_protection_deflagration_venting_vent_weather_hood:mpn,bom_source_field,source_backed,source_evidence,vent weather hood / mpn,mpn = PROTOCOL-117-vent_weather_hood.,,test-fixture://review-evidence-closure/source/vent_weather_hood,,,safety_protection,vent_weather_hood,false,false,Keep source record attached; refresh evidence before procurement use.
bom_source_field:safety_protection_deflagration_venting_vent_weather_hood:supplier,bom_source_field,source_backed,source_evidence,vent weather hood / supplier,supplier = Protocol Evidence Supplier.,,test-fixture://review-evidence-closure/source/vent_weather_hood,,,safety_protection,vent_weather_hood,false,false,Keep source record attached; refresh evidence before procurement use.
bom_source_field:safety_protection_deflagration_venting_vent_weather_hood:unit_cost_gbp,bom_source_field,source_backed,source_evidence,vent weather hood / unit_cost_gbp,unit_cost_gbp = 216.,,test-fixture://review-evidence-closure/source/vent_weather_hood,,,safety_protection,vent_weather_hood,false,false,Keep source record attached; refresh evidence before procurement use.
bom_source_field:safety_protection_emergency_stop_ac_breaker_trip_coil:lead_time_weeks,bom_source_field,source_backed,source_evidence,AC breaker trip coil / lead_time_weeks,lead_time_weeks = 8.,,test-fixture://review-evidence-closure/source/ac_breaker_trip_coil,,,safety_protection,ac_breaker_trip_coil,false,false,Keep source record attached; refresh evidence before procurement use.
bom_source_field:safety_protection_emergency_stop_ac_breaker_trip_coil:manufacturer,bom_source_field,source_backed,source_evidence,AC breaker trip coil / manufacturer,manufacturer = Protocol Evidence Manufacturer.,,test-fixture://review-evidence-closure/source/ac_breaker_trip_coil,,,safety_protection,ac_breaker_trip_coil,false,false,Keep source record attached; refresh evidence before procurement use.
bom_source_field:safety_protection_emergency_stop_ac_breaker_trip_coil:mpn,bom_source_field,source_backed,source_evidence,AC breaker trip coil / mpn,mpn = PROTOCOL-109-ac_breaker_trip_coil.,,test-fixture://review-evidence-closure/source/ac_breaker_trip_coil,,,safety_protection,ac_breaker_trip_coil,false,false,Keep source record attached; refresh evidence before procurement use.
bom_source_field:safety_protection_emergency_stop_ac_breaker_trip_coil:supplier,bom_source_field,source_backed,source_evidence,AC breaker trip coil / supplier,supplier = Protocol Evidence Supplier.,,test-fixture://review-evidence-closure/source/ac_breaker_trip_coil,,,safety_protection,ac_breaker_trip_coil,false,false,Keep source record attached; refresh evidence before procurement use.
bom_source_field:safety_protection_emergency_stop_ac_breaker_trip_coil:unit_cost_gbp,bom_source_field,source_backed,source_evidence,AC breaker trip coil / unit_cost_gbp,unit_cost_gbp = 208.,,test-fixture://review-evidence-closure/source/ac_breaker_trip_coil,,,safety_protection,ac_breaker_trip_coil,false,false,Keep source record attached; refresh evidence before procurement use.
bom_source_field:safety_protection_emergency_stop_dc_shunt_trip_output:lead_time_weeks,bom_source_field,source_backed,source_evidence,DC shunt trip output / lead_time_weeks,lead_time_weeks = 8.,,test-fixture://review-evidence-closure/source/dc_shunt_trip_output,,,safety_protection,dc_shunt_trip_output,false,false,Keep source record attached; refresh evidence before procurement use.
bom_source_field:safety_protection_emergency_stop_dc_shunt_trip_output:manufacturer,bom_source_field,source_backed,source_evidence,DC shunt trip output / manufacturer,manufacturer = Protocol Evidence Manufacturer.,,test-fixture://review-evidence-closure/source/dc_shunt_trip_output,,,safety_protection,dc_shunt_trip_output,false,false,Keep source record attached; refresh evidence before procurement use.
bom_source_field:safety_protection_emergency_stop_dc_shunt_trip_output:mpn,bom_source_field,source_backed,source_evidence,DC shunt trip output / mpn,mpn = PROTOCOL-108-dc_shunt_trip_output.,,test-fixture://review-evidence-closure/source/dc_shunt_trip_output,,,safety_protection,dc_shunt_trip_output,false,false,Keep source record attached; refresh evidence before procurement use.
bom_source_field:safety_protection_emergency_stop_dc_shunt_trip_output:supplier,bom_source_field,source_backed,source_evidence,DC shunt trip output / supplier,supplier = Protocol Evidence Supplier.,,test-fixture://review-evidence-closure/source/dc_shunt_trip_output,,,safety_protection,dc_shunt_trip_output,false,false,Keep source record attached; refresh evidence before procurement use.
bom_source_field:safety_protection_emergency_stop_dc_shunt_trip_output:unit_cost_gbp,bom_source_field,source_backed,source_evidence,DC shunt trip output / unit_cost_gbp,unit_cost_gbp = 207.,,test-fixture://review-evidence-closure/source/dc_shunt_trip_output,,,safety_protection,dc_shunt_trip_output,false,false,Keep source record attached; refresh evidence before procurement use.
bom_source_field:safety_protection_emergency_stop_e_stop_mushroom_button:lead_time_weeks,bom_source_field,source_backed,source_evidence,E-stop mushroom button / lead_time_weeks,lead_time_weeks = 8.,,test-fixture://review-evidence-closure/source/e_stop_mushroom_button,,,safety_protection,e_stop_mushroom_button,false,false,Keep source record attached; refresh evidence before procurement use.
bom_source_field:safety_protection_emergency_stop_e_stop_mushroom_button:manufacturer,bom_source_field,source_backed,source_evidence,E-stop mushroom button / manufacturer,manufacturer = Protocol Evidence Manufacturer.,,test-fixture://review-evidence-closure/source/e_stop_mushroom_button,,,safety_protection,e_stop_mushroom_button,false,false,Keep source record attached; refresh evidence before procurement use.
bom_source_field:safety_protection_emergency_stop_e_stop_mushroom_button:mpn,bom_source_field,source_backed,source_evidence,E-stop mushroom button / mpn,mpn = PROTOCOL-106-e_stop_mushroom_button.,,test-fixture://review-evidence-closure/source/e_stop_mushroom_button,,,safety_protection,e_stop_mushroom_button,false,false,Keep source record attached; refresh evidence before procurement use.
bom_source_field:safety_protection_emergency_stop_e_stop_mushroom_button:supplier,bom_source_field,source_backed,source_evidence,E-stop mushroom button / supplier,supplier = Protocol Evidence Supplier.,,test-fixture://review-evidence-closure/source/e_stop_mushroom_button,,,safety_protection,e_stop_mushroom_button,false,false,Keep source record attached; refresh evidence before procurement use.
bom_source_field:safety_protection_emergency_stop_e_stop_mushroom_button:unit_cost_gbp,bom_source_field,source_backed,source_evidence,E-stop mushroom button / unit_cost_gbp,unit_cost_gbp = 205.,,test-fixture://review-evidence-closure/source/e_stop_mushroom_button,,,safety_protection,e_stop_mushroom_button,false,false,Keep source record attached; refresh evidence before procurement use.
bom_source_field:safety_protection_emergency_stop_safety_relay:lead_time_weeks,bom_source_field,source_backed,source_evidence,safety relay / lead_time_weeks,lead_time_weeks = 8.,,test-fixture://review-evidence-closure/source/safety_relay,,,safety_protection,safety_relay,false,false,Keep source record attached; refresh evidence before procurement use.
bom_source_field:safety_protection_emergency_stop_safety_relay:manufacturer,bom_source_field,source_backed,source_evidence,safety relay / manufacturer,manufacturer = Protocol Evidence Manufacturer.,,test-fixture://review-evidence-closure/source/safety_relay,,,safety_protection,safety_relay,false,false,Keep source record attached; refresh evidence before procurement use.
bom_source_field:safety_protection_emergency_stop_safety_relay:mpn,bom_source_field,source_backed,source_evidence,safety relay / mpn,mpn = PROTOCOL-107-safety_relay.,,test-fixture://review-evidence-closure/source/safety_relay,,,safety_protection,safety_relay,false,false,Keep source record attached; refresh evidence before procurement use.
bom_source_field:safety_protection_emergency_stop_safety_relay:supplier,bom_source_field,source_backed,source_evidence,safety relay / supplier,supplier = Protocol Evidence Supplier.,,test-fixture://review-evidence-closure/source/safety_relay,,,safety_protection,safety_relay,false,false,Keep source record attached; refresh evidence before procurement use.
bom_source_field:safety_protection_emergency_stop_safety_relay:unit_cost_gbp,bom_source_field,source_backed,source_evidence,safety relay / unit_cost_gbp,unit_cost_gbp = 206.,,test-fixture://review-evidence-closure/source/safety_relay,,,safety_protection,safety_relay,false,false,Keep source record attached; refresh evidence before procurement use.
bom_source_field:safety_protection_fire_suppression_clean_agent_cylinder:lead_time_weeks,bom_source_field,source_backed,source_evidence,clean-agent cylinder / lead_time_weeks,lead_time_weeks = 8.,,test-fixture://review-evidence-closure/source/clean_agent_cylinder,,,safety_protection,clean_agent_cylinder,false,false,Keep source record attached; refresh evidence before procurement use.
bom_source_field:safety_protection_fire_suppression_clean_agent_cylinder:manufacturer,bom_source_field,source_backed,source_evidence,clean-agent cylinder / manufacturer,manufacturer = Protocol Evidence Manufacturer.,,test-fixture://review-evidence-closure/source/clean_agent_cylinder,,,safety_protection,clean_agent_cylinder,false,false,Keep source record attached; refresh evidence before procurement use.
bom_source_field:safety_protection_fire_suppression_clean_agent_cylinder:mpn,bom_source_field,source_backed,source_evidence,clean-agent cylinder / mpn,mpn = PROTOCOL-102-clean_agent_cylinder.,,test-fixture://review-evidence-closure/source/clean_agent_cylinder,,,safety_protection,clean_agent_cylinder,false,false,Keep source record attached; refresh evidence before procurement use.
bom_source_field:safety_protection_fire_suppression_clean_agent_cylinder:supplier,bom_source_field,source_backed,source_evidence,clean-agent cylinder / supplier,supplier = Protocol Evidence Supplier.,,test-fixture://review-evidence-closure/source/clean_agent_cylinder,,,safety_protection,clean_agent_cylinder,false,false,Keep source record attached; refresh evidence before procurement use.
bom_source_field:safety_protection_fire_suppression_clean_agent_cylinder:unit_cost_gbp,bom_source_field,source_backed,source_evidence,clean-agent cylinder / unit_cost_gbp,unit_cost_gbp = 201.,,test-fixture://review-evidence-closure/source/clean_agent_cylinder,,,safety_protection,clean_agent_cylinder,false,false,Keep source record attached; refresh evidence before procurement use.
bom_source_field:safety_protection_fire_suppression_fire_detection_suppression:lead_time_weeks,bom_source_field,source_backed,source_evidence,Fire detection/suppression / lead_time_weeks,lead_time_weeks = 8.,,test-fixture://review-evidence-closure/source/fire_detection_suppression,,,safety_protection,fire_detection_suppression,false,false,Keep source record attached; refresh evidence before procurement use.
bom_source_field:safety_protection_fire_suppression_fire_detection_suppression:manufacturer,bom_source_field,source_backed,source_evidence,Fire detection/suppression / manufacturer,manufacturer = Protocol Evidence Manufacturer.,,test-fixture://review-evidence-closure/source/fire_detection_suppression,,,safety_protection,fire_detection_suppression,false,false,Keep source record attached; refresh evidence before procurement use.
bom_source_field:safety_protection_fire_suppression_fire_detection_suppression:mpn,bom_source_field,source_backed,source_evidence,Fire detection/suppression / mpn,mpn = PROTOCOL-101-fire_detection_suppression.,,test-fixture://review-evidence-closure/source/fire_detection_suppression,,,safety_protection,fire_detection_suppression,false,false,Keep source record attached; refresh evidence before procurement use.
bom_source_field:safety_protection_fire_suppression_fire_detection_suppression:supplier,bom_source_field,source_backed,source_evidence,Fire detection/suppression / supplier,supplier = Protocol Evidence Supplier.,,test-fixture://review-evidence-closure/source/fire_detection_suppression,,,safety_protection,fire_detection_suppression,false,false,Keep source record attached; refresh evidence before procurement use.
bom_source_field:safety_protection_fire_suppression_fire_detection_suppression:unit_cost_gbp,bom_source_field,source_backed,source_evidence,Fire detection/suppression / unit_cost_gbp,unit_cost_gbp = 200.,,test-fixture://review-evidence-closure/source/fire_detection_suppression,,,safety_protection,fire_detection_suppression,false,false,Keep source record attached; refresh evidence before procurement use.
bom_source_field:safety_protection_fire_suppression_nozzle_pipework:lead_time_weeks,bom_source_field,source_backed,source_evidence,nozzle pipework / lead_time_weeks,lead_time_weeks = 8.,,test-fixture://review-evidence-closure/source/nozzle_pipework,,,safety_protection,nozzle_pipework,false,false,Keep source record attached; refresh evidence before procurement use.
bom_source_field:safety_protection_fire_suppression_nozzle_pipework:manufacturer,bom_source_field,source_backed,source_evidence,nozzle pipework / manufacturer,manufacturer = Protocol Evidence Manufacturer.,,test-fixture://review-evidence-closure/source/nozzle_pipework,,,safety_protection,nozzle_pipework,false,false,Keep source record attached; refresh evidence before procurement use.
bom_source_field:safety_protection_fire_suppression_nozzle_pipework:mpn,bom_source_field,source_backed,source_evidence,nozzle pipework / mpn,mpn = PROTOCOL-104-nozzle_pipework.,,test-fixture://review-evidence-closure/source/nozzle_pipework,,,safety_protection,nozzle_pipework,false,false,Keep source record attached; refresh evidence before procurement use.
bom_source_field:safety_protection_fire_suppression_nozzle_pipework:supplier,bom_source_field,source_backed,source_evidence,nozzle pipework / supplier,supplier = Protocol Evidence Supplier.,,test-fixture://review-evidence-closure/source/nozzle_pipework,,,safety_protection,nozzle_pipework,false,false,Keep source record attached; refresh evidence before procurement use.
bom_source_field:safety_protection_fire_suppression_nozzle_pipework:unit_cost_gbp,bom_source_field,source_backed,source_evidence,nozzle pipework / unit_cost_gbp,unit_cost_gbp = 203.,,test-fixture://review-evidence-closure/source/nozzle_pipework,,,safety_protection,nozzle_pipework,false,false,Keep source record attached; refresh evidence before procurement use.
bom_source_field:safety_protection_fire_suppression_pressure_switch:lead_time_weeks,bom_source_field,source_backed,source_evidence,pressure switch / lead_time_weeks,lead_time_weeks = 8.,,test-fixture://review-evidence-closure/source/pressure_switch,,,safety_protection,pressure_switch,false,false,Keep source record attached; refresh evidence before procurement use.
bom_source_field:safety_protection_fire_suppression_pressure_switch:manufacturer,bom_source_field,source_backed,source_evidence,pressure switch / manufacturer,manufacturer = Protocol Evidence Manufacturer.,,test-fixture://review-evidence-closure/source/pressure_switch,,,safety_protection,pressure_switch,false,false,Keep source record attached; refresh evidence before procurement use.
bom_source_field:safety_protection_fire_suppression_pressure_switch:mpn,bom_source_field,source_backed,source_evidence,pressure switch / mpn,mpn = PROTOCOL-105-pressure_switch.,,test-fixture://review-evidence-closure/source/pressure_switch,,,safety_protection,pressure_switch,false,false,Keep source record attached; refresh evidence before procurement use.
bom_source_field:safety_protection_fire_suppression_pressure_switch:supplier,bom_source_field,source_backed,source_evidence,pressure switch / supplier,supplier = Protocol Evidence Supplier.,,test-fixture://review-evidence-closure/source/pressure_switch,,,safety_protection,pressure_switch,false,false,Keep source record attached; refresh evidence before procurement use.
bom_source_field:safety_protection_fire_suppression_pressure_switch:unit_cost_gbp,bom_source_field,source_backed,source_evidence,pressure switch / unit_cost_gbp,unit_cost_gbp = 204.,,test-fixture://review-evidence-closure/source/pressure_switch,,,safety_protection,pressure_switch,false,false,Keep source record attached; refresh evidence before procurement use.
bom_source_field:safety_protection_fire_suppression_release_solenoid:lead_time_weeks,bom_source_field,source_backed,source_evidence,release solenoid / lead_time_weeks,lead_time_weeks = 8.,,test-fixture://review-evidence-closure/source/release_solenoid,,,safety_protection,release_solenoid,false,false,Keep source record attached; refresh evidence before procurement use.
bom_source_field:safety_protection_fire_suppression_release_solenoid:manufacturer,bom_source_field,source_backed,source_evidence,release solenoid / manufacturer,manufacturer = Protocol Evidence Manufacturer.,,test-fixture://review-evidence-closure/source/release_solenoid,,,safety_protection,release_solenoid,false,false,Keep source record attached; refresh evidence before procurement use.
bom_source_field:safety_protection_fire_suppression_release_solenoid:mpn,bom_source_field,source_backed,source_evidence,release solenoid / mpn,mpn = PROTOCOL-103-release_solenoid.,,test-fixture://review-evidence-closure/source/release_solenoid,,,safety_protection,release_solenoid,false,false,Keep source record attached; refresh evidence before procurement use.
bom_source_field:safety_protection_fire_suppression_release_solenoid:supplier,bom_source_field,source_backed,source_evidence,release solenoid / supplier,supplier = Protocol Evidence Supplier.,,test-fixture://review-evidence-closure/source/release_solenoid,,,safety_protection,release_solenoid,false,false,Keep source record attached; refresh evidence before procurement use.
bom_source_field:safety_protection_fire_suppression_release_solenoid:unit_cost_gbp,bom_source_field,source_backed,source_evidence,release solenoid / unit_cost_gbp,unit_cost_gbp = 202.,,test-fixture://review-evidence-closure/source/release_solenoid,,,safety_protection,release_solenoid,false,false,Keep source record attached; refresh evidence before procurement use.
bom_source_field:safety_protection_surge_fault_protection_ac_surge_protection_device:lead_time_weeks,bom_source_field,source_backed,source_evidence,AC surge protection device / lead_time_weeks,lead_time_weeks = 8.,,test-fixture://review-evidence-closure/source/ac_surge_protection_device,,,safety_protection,ac_surge_protection_device,false,false,Keep source record attached; refresh evidence before procurement use.
bom_source_field:safety_protection_surge_fault_protection_ac_surge_protection_device:manufacturer,bom_source_field,source_backed,source_evidence,AC surge protection device / manufacturer,manufacturer = Protocol Evidence Manufacturer.,,test-fixture://review-evidence-closure/source/ac_surge_protection_device,,,safety_protection,ac_surge_protection_device,false,false,Keep source record attached; refresh evidence before procurement use.
bom_source_field:safety_protection_surge_fault_protection_ac_surge_protection_device:mpn,bom_source_field,source_backed,source_evidence,AC surge protection device / mpn,mpn = PROTOCOL-111-ac_surge_protection_device.,,test-fixture://review-evidence-closure/source/ac_surge_protection_device,,,safety_protection,ac_surge_protection_device,false,false,Keep source record attached; refresh evidence before procurement use.
bom_source_field:safety_protection_surge_fault_protection_ac_surge_protection_device:supplier,bom_source_field,source_backed,source_evidence,AC surge protection device / supplier,supplier = Protocol Evidence Supplier.,,test-fixture://review-evidence-closure/source/ac_surge_protection_device,,,safety_protection,ac_surge_protection_device,false,false,Keep source record attached; refresh evidence before procurement use.
bom_source_field:safety_protection_surge_fault_protection_ac_surge_protection_device:unit_cost_gbp,bom_source_field,source_backed,source_evidence,AC surge protection device / unit_cost_gbp,unit_cost_gbp = 210.,,test-fixture://review-evidence-closure/source/ac_surge_protection_device,,,safety_protection,ac_surge_protection_device,false,false,Keep source record attached; refresh evidence before procurement use.
bom_source_field:safety_protection_surge_fault_protection_arc_flash_label_set:lead_time_weeks,bom_source_field,source_backed,source_evidence,arc flash label set / lead_time_weeks,lead_time_weeks = 8.,,test-fixture://review-evidence-closure/source/arc_flash_label_set,,,safety_protection,arc_flash_label_set,false,false,Keep source record attached; refresh evidence before procurement use.
bom_source_field:safety_protection_surge_fault_protection_arc_flash_label_set:manufacturer,bom_source_field,source_backed,source_evidence,arc flash label set / manufacturer,manufacturer = Protocol Evidence Manufacturer.,,test-fixture://review-evidence-closure/source/arc_flash_label_set,,,safety_protection,arc_flash_label_set,false,false,Keep source record attached; refresh evidence before procurement use.
bom_source_field:safety_protection_surge_fault_protection_arc_flash_label_set:mpn,bom_source_field,source_backed,source_evidence,arc flash label set / mpn,mpn = PROTOCOL-112-arc_flash_label_set.,,test-fixture://review-evidence-closure/source/arc_flash_label_set,,,safety_protection,arc_flash_label_set,false,false,Keep source record attached; refresh evidence before procurement use.
bom_source_field:safety_protection_surge_fault_protection_arc_flash_label_set:supplier,bom_source_field,source_backed,source_evidence,arc flash label set / supplier,supplier = Protocol Evidence Supplier.,,test-fixture://review-evidence-closure/source/arc_flash_label_set,,,safety_protection,arc_flash_label_set,false,false,Keep source record attached; refresh evidence before procurement use.
bom_source_field:safety_protection_surge_fault_protection_arc_flash_label_set:unit_cost_gbp,bom_source_field,source_backed,source_evidence,arc flash label set / unit_cost_gbp,unit_cost_gbp = 211.,,test-fixture://review-evidence-closure/source/arc_flash_label_set,,,safety_protection,arc_flash_label_set,false,false,Keep source record attached; refresh evidence before procurement use.
bom_source_field:safety_protection_surge_fault_protection_dc_surge_protection_device:lead_time_weeks,bom_source_field,source_backed,source_evidence,DC surge protection device / lead_time_weeks,lead_time_weeks = 8.,,test-fixture://review-evidence-closure/source/dc_surge_protection_device,,,safety_protection,dc_surge_protection_device,false,false,Keep source record attached; refresh evidence before procurement use.
bom_source_field:safety_protection_surge_fault_protection_dc_surge_protection_device:manufacturer,bom_source_field,source_backed,source_evidence,DC surge protection device / manufacturer,manufacturer = Protocol Evidence Manufacturer.,,test-fixture://review-evidence-closure/source/dc_surge_protection_device,,,safety_protection,dc_surge_protection_device,false,false,Keep source record attached; refresh evidence before procurement use.
bom_source_field:safety_protection_surge_fault_protection_dc_surge_protection_device:mpn,bom_source_field,source_backed,source_evidence,DC surge protection device / mpn,mpn = PROTOCOL-110-dc_surge_protection_device.,,test-fixture://review-evidence-closure/source/dc_surge_protection_device,,,safety_protection,dc_surge_protection_device,false,false,Keep source record attached; refresh evidence before procurement use.
bom_source_field:safety_protection_surge_fault_protection_dc_surge_protection_device:supplier,bom_source_field,source_backed,source_evidence,DC surge protection device / supplier,supplier = Protocol Evidence Supplier.,,test-fixture://review-evidence-closure/source/dc_surge_protection_device,,,safety_protection,dc_surge_protection_device,false,false,Keep source record attached; refresh evidence before procurement use.
bom_source_field:safety_protection_surge_fault_protection_dc_surge_protection_device:unit_cost_gbp,bom_source_field,source_backed,source_evidence,DC surge protection device / unit_cost_gbp,unit_cost_gbp = 209.,,test-fixture://review-evidence-closure/source/dc_surge_protection_device,,,safety_protection,dc_surge_protection_device,false,false,Keep source record attached; refresh evidence before procurement use.
bom_source_field:safety_protection_surge_fault_protection_protective_earth_bonding_kit:lead_time_weeks,bom_source_field,source_backed,source_evidence,protective earth bonding kit / lead_time_weeks,lead_time_weeks = 8.,,test-fixture://review-evidence-closure/source/protective_earth_bonding_kit,,,safety_protection,protective_earth_bonding_kit,false,false,Keep source record attached; refresh evidence before procurement use.
bom_source_field:safety_protection_surge_fault_protection_protective_earth_bonding_kit:manufacturer,bom_source_field,source_backed,source_evidence,protective earth bonding kit / manufacturer,manufacturer = Protocol Evidence Manufacturer.,,test-fixture://review-evidence-closure/source/protective_earth_bonding_kit,,,safety_protection,protective_earth_bonding_kit,false,false,Keep source record attached; refresh evidence before procurement use.
bom_source_field:safety_protection_surge_fault_protection_protective_earth_bonding_kit:mpn,bom_source_field,source_backed,source_evidence,protective earth bonding kit / mpn,mpn = PROTOCOL-113-protective_earth_bonding_kit.,,test-fixture://review-evidence-closure/source/protective_earth_bonding_kit,,,safety_protection,protective_earth_bonding_kit,false,false,Keep source record attached; refresh evidence before procurement use.
bom_source_field:safety_protection_surge_fault_protection_protective_earth_bonding_kit:supplier,bom_source_field,source_backed,source_evidence,protective earth bonding kit / supplier,supplier = Protocol Evidence Supplier.,,test-fixture://review-evidence-closure/source/protective_earth_bonding_kit,,,safety_protection,protective_earth_bonding_kit,false,false,Keep source record attached; refresh evidence before procurement use.
bom_source_field:safety_protection_surge_fault_protection_protective_earth_bonding_kit:unit_cost_gbp,bom_source_field,source_backed,source_evidence,protective earth bonding kit / unit_cost_gbp,unit_cost_gbp = 212.,,test-fixture://review-evidence-closure/source/protective_earth_bonding_kit,,,safety_protection,protective_earth_bonding_kit,false,false,Keep source record attached; refresh evidence before procurement use.
bom_source_field:sensing_instrumentation_electrical_measurement_auxiliary_metering_transducer:lead_time_weeks,bom_source_field,source_backed,source_evidence,auxiliary metering transducer / lead_time_weeks,lead_time_weeks = 8.,,test-fixture://review-evidence-closure/source/auxiliary_metering_transducer,,,sensing_instrumentation,auxiliary_metering_transducer,false,false,Keep source record attached; refresh evidence before procurement use.
bom_source_field:sensing_instrumentation_electrical_measurement_auxiliary_metering_transducer:manufacturer,bom_source_field,source_backed,source_evidence,auxiliary metering transducer / manufacturer,manufacturer = Protocol Evidence Manufacturer.,,test-fixture://review-evidence-closure/source/auxiliary_metering_transducer,,,sensing_instrumentation,auxiliary_metering_transducer,false,false,Keep source record attached; refresh evidence before procurement use.
bom_source_field:sensing_instrumentation_electrical_measurement_auxiliary_metering_transducer:mpn,bom_source_field,source_backed,source_evidence,auxiliary metering transducer / mpn,mpn = PROTOCOL-70-auxiliary_metering_transducer.,,test-fixture://review-evidence-closure/source/auxiliary_metering_transducer,,,sensing_instrumentation,auxiliary_metering_transducer,false,false,Keep source record attached; refresh evidence before procurement use.
bom_source_field:sensing_instrumentation_electrical_measurement_auxiliary_metering_transducer:supplier,bom_source_field,source_backed,source_evidence,auxiliary metering transducer / supplier,supplier = Protocol Evidence Supplier.,,test-fixture://review-evidence-closure/source/auxiliary_metering_transducer,,,sensing_instrumentation,auxiliary_metering_transducer,false,false,Keep source record attached; refresh evidence before procurement use.
bom_source_field:sensing_instrumentation_electrical_measurement_auxiliary_metering_transducer:unit_cost_gbp,bom_source_field,source_backed,source_evidence,auxiliary metering transducer / unit_cost_gbp,unit_cost_gbp = 169.,,test-fixture://review-evidence-closure/source/auxiliary_metering_transducer,,,sensing_instrumentation,auxiliary_metering_transducer,false,false,Keep source record attached; refresh evidence before procurement use.
bom_source_field:sensing_instrumentation_electrical_measurement_dc_voltage_transducer:lead_time_weeks,bom_source_field,source_backed,source_evidence,DC voltage transducer / lead_time_weeks,lead_time_weeks = 8.,,test-fixture://review-evidence-closure/source/dc_voltage_transducer,,,sensing_instrumentation,dc_voltage_transducer,false,false,Keep source record attached; refresh evidence before procurement use.
bom_source_field:sensing_instrumentation_electrical_measurement_dc_voltage_transducer:manufacturer,bom_source_field,source_backed,source_evidence,DC voltage transducer / manufacturer,manufacturer = Protocol Evidence Manufacturer.,,test-fixture://review-evidence-closure/source/dc_voltage_transducer,,,sensing_instrumentation,dc_voltage_transducer,false,false,Keep source record attached; refresh evidence before procurement use.
bom_source_field:sensing_instrumentation_electrical_measurement_dc_voltage_transducer:mpn,bom_source_field,source_backed,source_evidence,DC voltage transducer / mpn,mpn = PROTOCOL-67-dc_voltage_transducer.,,test-fixture://review-evidence-closure/source/dc_voltage_transducer,,,sensing_instrumentation,dc_voltage_transducer,false,false,Keep source record attached; refresh evidence before procurement use.
bom_source_field:sensing_instrumentation_electrical_measurement_dc_voltage_transducer:supplier,bom_source_field,source_backed,source_evidence,DC voltage transducer / supplier,supplier = Protocol Evidence Supplier.,,test-fixture://review-evidence-closure/source/dc_voltage_transducer,,,sensing_instrumentation,dc_voltage_transducer,false,false,Keep source record attached; refresh evidence before procurement use.
bom_source_field:sensing_instrumentation_electrical_measurement_dc_voltage_transducer:unit_cost_gbp,bom_source_field,source_backed,source_evidence,DC voltage transducer / unit_cost_gbp,unit_cost_gbp = 166.,,test-fixture://review-evidence-closure/source/dc_voltage_transducer,,,sensing_instrumentation,dc_voltage_transducer,false,false,Keep source record attached; refresh evidence before procurement use.
bom_source_field:sensing_instrumentation_electrical_measurement_hall_current_sensor:lead_time_weeks,bom_source_field,source_backed,source_evidence,Hall current sensor / lead_time_weeks,lead_time_weeks = 8.,,test-fixture://review-evidence-closure/source/hall_current_sensor,,,sensing_instrumentation,hall_current_sensor,false,false,Keep source record attached; refresh evidence before procurement use.
bom_source_field:sensing_instrumentation_electrical_measurement_hall_current_sensor:manufacturer,bom_source_field,source_backed,source_evidence,Hall current sensor / manufacturer,manufacturer = Protocol Evidence Manufacturer.,,test-fixture://review-evidence-closure/source/hall_current_sensor,,,sensing_instrumentation,hall_current_sensor,false,false,Keep source record attached; refresh evidence before procurement use.
bom_source_field:sensing_instrumentation_electrical_measurement_hall_current_sensor:mpn,bom_source_field,source_backed,source_evidence,Hall current sensor / mpn,mpn = PROTOCOL-68-hall_current_sensor.,,test-fixture://review-evidence-closure/source/hall_current_sensor,,,sensing_instrumentation,hall_current_sensor,false,false,Keep source record attached; refresh evidence before procurement use.
bom_source_field:sensing_instrumentation_electrical_measurement_hall_current_sensor:supplier,bom_source_field,source_backed,source_evidence,Hall current sensor / supplier,supplier = Protocol Evidence Supplier.,,test-fixture://review-evidence-closure/source/hall_current_sensor,,,sensing_instrumentation,hall_current_sensor,false,false,Keep source record attached; refresh evidence before procurement use.
bom_source_field:sensing_instrumentation_electrical_measurement_hall_current_sensor:unit_cost_gbp,bom_source_field,source_backed,source_evidence,Hall current sensor / unit_cost_gbp,unit_cost_gbp = 167.,,test-fixture://review-evidence-closure/source/hall_current_sensor,,,sensing_instrumentation,hall_current_sensor,false,false,Keep source record attached; refresh evidence before procurement use.
bom_source_field:sensing_instrumentation_electrical_measurement_insulation_monitoring_device:lead_time_weeks,bom_source_field,source_backed,source_evidence,insulation monitoring device / lead_time_weeks,lead_time_weeks = 8.,,test-fixture://review-evidence-closure/source/insulation_monitoring_device,,,sensing_instrumentation,insulation_monitoring_device,false,false,Keep source record attached; refresh evidence before procurement use.
bom_source_field:sensing_instrumentation_electrical_measurement_insulation_monitoring_device:manufacturer,bom_source_field,source_backed,source_evidence,insulation monitoring device / manufacturer,manufacturer = Protocol Evidence Manufacturer.,,test-fixture://review-evidence-closure/source/insulation_monitoring_device,,,sensing_instrumentation,insulation_monitoring_device,false,false,Keep source record attached; refresh evidence before procurement use.
bom_source_field:sensing_instrumentation_electrical_measurement_insulation_monitoring_device:mpn,bom_source_field,source_backed,source_evidence,insulation monitoring device / mpn,mpn = PROTOCOL-69-insulation_monitoring_device.,,test-fixture://review-evidence-closure/source/insulation_monitoring_device,,,sensing_instrumentation,insulation_monitoring_device,false,false,Keep source record attached; refresh evidence before procurement use.
bom_source_field:sensing_instrumentation_electrical_measurement_insulation_monitoring_device:supplier,bom_source_field,source_backed,source_evidence,insulation monitoring device / supplier,supplier = Protocol Evidence Supplier.,,test-fixture://review-evidence-closure/source/insulation_monitoring_device,,,sensing_instrumentation,insulation_monitoring_device,false,false,Keep source record attached; refresh evidence before procurement use.
bom_source_field:sensing_instrumentation_electrical_measurement_insulation_monitoring_device:unit_cost_gbp,bom_source_field,source_backed,source_evidence,insulation monitoring device / unit_cost_gbp,unit_cost_gbp = 168.,,test-fixture://review-evidence-closure/source/insulation_monitoring_device,,,sensing_instrumentation,insulation_monitoring_device,false,false,Keep source record attached; refresh evidence before procurement use.
bom_source_field:sensing_instrumentation_environmental_sensors_door_position_switch:lead_time_weeks,bom_source_field,source_backed,source_evidence,door position switch / lead_time_weeks,lead_time_weeks = 8.,,test-fixture://review-evidence-closure/source/door_position_switch,,,sensing_instrumentation,door_position_switch,false,false,Keep source record attached; refresh evidence before procurement use.
bom_source_field:sensing_instrumentation_environmental_sensors_door_position_switch:manufacturer,bom_source_field,source_backed,source_evidence,door position switch / manufacturer,manufacturer = Protocol Evidence Manufacturer.,,test-fixture://review-evidence-closure/source/door_position_switch,,,sensing_instrumentation,door_position_switch,false,false,Keep source record attached; refresh evidence before procurement use.
bom_source_field:sensing_instrumentation_environmental_sensors_door_position_switch:mpn,bom_source_field,source_backed,source_evidence,door position switch / mpn,mpn = PROTOCOL-74-door_position_switch.,,test-fixture://review-evidence-closure/source/door_position_switch,,,sensing_instrumentation,door_position_switch,false,false,Keep source record attached; refresh evidence before procurement use.
bom_source_field:sensing_instrumentation_environmental_sensors_door_position_switch:supplier,bom_source_field,source_backed,source_evidence,door position switch / supplier,supplier = Protocol Evidence Supplier.,,test-fixture://review-evidence-closure/source/door_position_switch,,,sensing_instrumentation,door_position_switch,false,false,Keep source record attached; refresh evidence before procurement use.
bom_source_field:sensing_instrumentation_environmental_sensors_door_position_switch:unit_cost_gbp,bom_source_field,source_backed,source_evidence,door position switch / unit_cost_gbp,unit_cost_gbp = 173.,,test-fixture://review-evidence-closure/source/door_position_switch,,,sensing_instrumentation,door_position_switch,false,false,Keep source record attached; refresh evidence before procurement use.
bom_source_field:sensing_instrumentation_environmental_sensors_hydrogen_detector:lead_time_weeks,bom_source_field,source_backed,source_evidence,hydrogen detector / lead_time_weeks,lead_time_weeks = 8.,,test-fixture://review-evidence-closure/source/hydrogen_detector,,,sensing_instrumentation,hydrogen_detector,false,false,Keep source record attached; refresh evidence before procurement use.
bom_source_field:sensing_instrumentation_environmental_sensors_hydrogen_detector:manufacturer,bom_source_field,source_backed,source_evidence,hydrogen detector / manufacturer,manufacturer = Protocol Evidence Manufacturer.,,test-fixture://review-evidence-closure/source/hydrogen_detector,,,sensing_instrumentation,hydrogen_detector,false,false,Keep source record attached; refresh evidence before procurement use.
bom_source_field:sensing_instrumentation_environmental_sensors_hydrogen_detector:mpn,bom_source_field,source_backed,source_evidence,hydrogen detector / mpn,mpn = PROTOCOL-72-hydrogen_detector.,,test-fixture://review-evidence-closure/source/hydrogen_detector,,,sensing_instrumentation,hydrogen_detector,false,false,Keep source record attached; refresh evidence before procurement use.
bom_source_field:sensing_instrumentation_environmental_sensors_hydrogen_detector:supplier,bom_source_field,source_backed,source_evidence,hydrogen detector / supplier,supplier = Protocol Evidence Supplier.,,test-fixture://review-evidence-closure/source/hydrogen_detector,,,sensing_instrumentation,hydrogen_detector,false,false,Keep source record attached; refresh evidence before procurement use.
bom_source_field:sensing_instrumentation_environmental_sensors_hydrogen_detector:unit_cost_gbp,bom_source_field,source_backed,source_evidence,hydrogen detector / unit_cost_gbp,unit_cost_gbp = 171.,,test-fixture://review-evidence-closure/source/hydrogen_detector,,,sensing_instrumentation,hydrogen_detector,false,false,Keep source record attached; refresh evidence before procurement use.
bom_source_field:sensing_instrumentation_environmental_sensors_smoke_aspirating_detector:lead_time_weeks,bom_source_field,source_backed,source_evidence,smoke aspirating detector / lead_time_weeks,lead_time_weeks = 8.,,test-fixture://review-evidence-closure/source/smoke_aspirating_detector,,,sensing_instrumentation,smoke_aspirating_detector,false,false,Keep source record attached; refresh evidence before procurement use.
bom_source_field:sensing_instrumentation_environmental_sensors_smoke_aspirating_detector:manufacturer,bom_source_field,source_backed,source_evidence,smoke aspirating detector / manufacturer,manufacturer = Protocol Evidence Manufacturer.,,test-fixture://review-evidence-closure/source/smoke_aspirating_detector,,,sensing_instrumentation,smoke_aspirating_detector,false,false,Keep source record attached; refresh evidence before procurement use.
bom_source_field:sensing_instrumentation_environmental_sensors_smoke_aspirating_detector:mpn,bom_source_field,source_backed,source_evidence,smoke aspirating detector / mpn,mpn = PROTOCOL-73-smoke_aspirating_detector.,,test-fixture://review-evidence-closure/source/smoke_aspirating_detector,,,sensing_instrumentation,smoke_aspirating_detector,false,false,Keep source record attached; refresh evidence before procurement use.
bom_source_field:sensing_instrumentation_environmental_sensors_smoke_aspirating_detector:supplier,bom_source_field,source_backed,source_evidence,smoke aspirating detector / supplier,supplier = Protocol Evidence Supplier.,,test-fixture://review-evidence-closure/source/smoke_aspirating_detector,,,sensing_instrumentation,smoke_aspirating_detector,false,false,Keep source record attached; refresh evidence before procurement use.
bom_source_field:sensing_instrumentation_environmental_sensors_smoke_aspirating_detector:unit_cost_gbp,bom_source_field,source_backed,source_evidence,smoke aspirating detector / unit_cost_gbp,unit_cost_gbp = 172.,,test-fixture://review-evidence-closure/source/smoke_aspirating_detector,,,sensing_instrumentation,smoke_aspirating_detector,false,false,Keep source record attached; refresh evidence before procurement use.
bom_source_field:sensing_instrumentation_environmental_sensors_temperature_humidity_sensor:lead_time_weeks,bom_source_field,source_backed,source_evidence,temperature humidity sensor / lead_time_weeks,lead_time_weeks = 8.,,test-fixture://review-evidence-closure/source/temperature_humidity_sensor,,,sensing_instrumentation,temperature_humidity_sensor,false,false,Keep source record attached; refresh evidence before procurement use.
bom_source_field:sensing_instrumentation_environmental_sensors_temperature_humidity_sensor:manufacturer,bom_source_field,source_backed,source_evidence,temperature humidity sensor / manufacturer,manufacturer = Protocol Evidence Manufacturer.,,test-fixture://review-evidence-closure/source/temperature_humidity_sensor,,,sensing_instrumentation,temperature_humidity_sensor,false,false,Keep source record attached; refresh evidence before procurement use.
bom_source_field:sensing_instrumentation_environmental_sensors_temperature_humidity_sensor:mpn,bom_source_field,source_backed,source_evidence,temperature humidity sensor / mpn,mpn = PROTOCOL-71-temperature_humidity_sensor.,,test-fixture://review-evidence-closure/source/temperature_humidity_sensor,,,sensing_instrumentation,temperature_humidity_sensor,false,false,Keep source record attached; refresh evidence before procurement use.
bom_source_field:sensing_instrumentation_environmental_sensors_temperature_humidity_sensor:supplier,bom_source_field,source_backed,source_evidence,temperature humidity sensor / supplier,supplier = Protocol Evidence Supplier.,,test-fixture://review-evidence-closure/source/temperature_humidity_sensor,,,sensing_instrumentation,temperature_humidity_sensor,false,false,Keep source record attached; refresh evidence before procurement use.
bom_source_field:sensing_instrumentation_environmental_sensors_temperature_humidity_sensor:unit_cost_gbp,bom_source_field,source_backed,source_evidence,temperature humidity sensor / unit_cost_gbp,unit_cost_gbp = 170.,,test-fixture://review-evidence-closure/source/temperature_humidity_sensor,,,sensing_instrumentation,temperature_humidity_sensor,false,false,Keep source record attached; refresh evidence before procurement use.
bom_source_field:sensing_instrumentation_event_recording_calibration_certificate_holder:lead_time_weeks,bom_source_field,source_backed,source_evidence,calibration certificate holder / lead_time_weeks,lead_time_weeks = 8.,,test-fixture://review-evidence-closure/source/calibration_certificate_holder,,,sensing_instrumentation,calibration_certificate_holder,false,false,Keep source record attached; refresh evidence before procurement use.
bom_source_field:sensing_instrumentation_event_recording_calibration_certificate_holder:manufacturer,bom_source_field,source_backed,source_evidence,calibration certificate holder / manufacturer,manufacturer = Protocol Evidence Manufacturer.,,test-fixture://review-evidence-closure/source/calibration_certificate_holder,,,sensing_instrumentation,calibration_certificate_holder,false,false,Keep source record attached; refresh evidence before procurement use.
bom_source_field:sensing_instrumentation_event_recording_calibration_certificate_holder:mpn,bom_source_field,source_backed,source_evidence,calibration certificate holder / mpn,mpn = PROTOCOL-83-calibration_certificate_holder.,,test-fixture://review-evidence-closure/source/calibration_certificate_holder,,,sensing_instrumentation,calibration_certificate_holder,false,false,Keep source record attached; refresh evidence before procurement use.
bom_source_field:sensing_instrumentation_event_recording_calibration_certificate_holder:supplier,bom_source_field,source_backed,source_evidence,calibration certificate holder / supplier,supplier = Protocol Evidence Supplier.,,test-fixture://review-evidence-closure/source/calibration_certificate_holder,,,sensing_instrumentation,calibration_certificate_holder,false,false,Keep source record attached; refresh evidence before procurement use.
bom_source_field:sensing_instrumentation_event_recording_calibration_certificate_holder:unit_cost_gbp,bom_source_field,source_backed,source_evidence,calibration certificate holder / unit_cost_gbp,unit_cost_gbp = 182.,,test-fixture://review-evidence-closure/source/calibration_certificate_holder,,,sensing_instrumentation,calibration_certificate_holder,false,false,Keep source record attached; refresh evidence before procurement use.
bom_source_field:sensing_instrumentation_event_recording_digital_input_card:lead_time_weeks,bom_source_field,source_backed,source_evidence,digital input card / lead_time_weeks,lead_time_weeks = 8.,,test-fixture://review-evidence-closure/source/digital_input_card,,,sensing_instrumentation,digital_input_card,false,false,Keep source record attached; refresh evidence before procurement use.
bom_source_field:sensing_instrumentation_event_recording_digital_input_card:manufacturer,bom_source_field,source_backed,source_evidence,digital input card / manufacturer,manufacturer = Protocol Evidence Manufacturer.,,test-fixture://review-evidence-closure/source/digital_input_card,,,sensing_instrumentation,digital_input_card,false,false,Keep source record attached; refresh evidence before procurement use.
bom_source_field:sensing_instrumentation_event_recording_digital_input_card:mpn,bom_source_field,source_backed,source_evidence,digital input card / mpn,mpn = PROTOCOL-81-digital_input_card.,,test-fixture://review-evidence-closure/source/digital_input_card,,,sensing_instrumentation,digital_input_card,false,false,Keep source record attached; refresh evidence before procurement use.
bom_source_field:sensing_instrumentation_event_recording_digital_input_card:supplier,bom_source_field,source_backed,source_evidence,digital input card / supplier,supplier = Protocol Evidence Supplier.,,test-fixture://review-evidence-closure/source/digital_input_card,,,sensing_instrumentation,digital_input_card,false,false,Keep source record attached; refresh evidence before procurement use.
bom_source_field:sensing_instrumentation_event_recording_digital_input_card:unit_cost_gbp,bom_source_field,source_backed,source_evidence,digital input card / unit_cost_gbp,unit_cost_gbp = 180.,,test-fixture://review-evidence-closure/source/digital_input_card,,,sensing_instrumentation,digital_input_card,false,false,Keep source record attached; refresh evidence before procurement use.
bom_source_field:sensing_instrumentation_event_recording_event_timestamp_logger:lead_time_weeks,bom_source_field,source_backed,source_evidence,event timestamp logger / lead_time_weeks,lead_time_weeks = 8.,,test-fixture://review-evidence-closure/source/event_timestamp_logger,,,sensing_instrumentation,event_timestamp_logger,false,false,Keep source record attached; refresh evidence before procurement use.
bom_source_field:sensing_instrumentation_event_recording_event_timestamp_logger:manufacturer,bom_source_field,source_backed,source_evidence,event timestamp logger / manufacturer,manufacturer = Protocol Evidence Manufacturer.,,test-fixture://review-evidence-closure/source/event_timestamp_logger,,,sensing_instrumentation,event_timestamp_logger,false,false,Keep source record attached; refresh evidence before procurement use.
bom_source_field:sensing_instrumentation_event_recording_event_timestamp_logger:mpn,bom_source_field,source_backed,source_evidence,event timestamp logger / mpn,mpn = PROTOCOL-80-event_timestamp_logger.,,test-fixture://review-evidence-closure/source/event_timestamp_logger,,,sensing_instrumentation,event_timestamp_logger,false,false,Keep source record attached; refresh evidence before procurement use.
bom_source_field:sensing_instrumentation_event_recording_event_timestamp_logger:supplier,bom_source_field,source_backed,source_evidence,event timestamp logger / supplier,supplier = Protocol Evidence Supplier.,,test-fixture://review-evidence-closure/source/event_timestamp_logger,,,sensing_instrumentation,event_timestamp_logger,false,false,Keep source record attached; refresh evidence before procurement use.
bom_source_field:sensing_instrumentation_event_recording_event_timestamp_logger:unit_cost_gbp,bom_source_field,source_backed,source_evidence,event timestamp logger / unit_cost_gbp,unit_cost_gbp = 179.,,test-fixture://review-evidence-closure/source/event_timestamp_logger,,,sensing_instrumentation,event_timestamp_logger,false,false,Keep source record attached; refresh evidence before procurement use.
bom_source_field:sensing_instrumentation_event_recording_fault_recorder_module:lead_time_weeks,bom_source_field,source_backed,source_evidence,fault recorder module / lead_time_weeks,lead_time_weeks = 8.,,test-fixture://review-evidence-closure/source/fault_recorder_module,,,sensing_instrumentation,fault_recorder_module,false,false,Keep source record attached; refresh evidence before procurement use.
bom_source_field:sensing_instrumentation_event_recording_fault_recorder_module:manufacturer,bom_source_field,source_backed,source_evidence,fault recorder module / manufacturer,manufacturer = Protocol Evidence Manufacturer.,,test-fixture://review-evidence-closure/source/fault_recorder_module,,,sensing_instrumentation,fault_recorder_module,false,false,Keep source record attached; refresh evidence before procurement use.
bom_source_field:sensing_instrumentation_event_recording_fault_recorder_module:mpn,bom_source_field,source_backed,source_evidence,fault recorder module / mpn,mpn = PROTOCOL-79-fault_recorder_module.,,test-fixture://review-evidence-closure/source/fault_recorder_module,,,sensing_instrumentation,fault_recorder_module,false,false,Keep source record attached; refresh evidence before procurement use.
bom_source_field:sensing_instrumentation_event_recording_fault_recorder_module:supplier,bom_source_field,source_backed,source_evidence,fault recorder module / supplier,supplier = Protocol Evidence Supplier.,,test-fixture://review-evidence-closure/source/fault_recorder_module,,,sensing_instrumentation,fault_recorder_module,false,false,Keep source record attached; refresh evidence before procurement use.
bom_source_field:sensing_instrumentation_event_recording_fault_recorder_module:unit_cost_gbp,bom_source_field,source_backed,source_evidence,fault recorder module / unit_cost_gbp,unit_cost_gbp = 178.,,test-fixture://review-evidence-closure/source/fault_recorder_module,,,sensing_instrumentation,fault_recorder_module,false,false,Keep source record attached; refresh evidence before procurement use.
bom_source_field:sensing_instrumentation_event_recording_local_historian_buffer:lead_time_weeks,bom_source_field,source_backed,source_evidence,local historian buffer / lead_time_weeks,lead_time_weeks = 8.,,test-fixture://review-evidence-closure/source/local_historian_buffer,,,sensing_instrumentation,local_historian_buffer,false,false,Keep source record attached; refresh evidence before procurement use.
bom_source_field:sensing_instrumentation_event_recording_local_historian_buffer:manufacturer,bom_source_field,source_backed,source_evidence,local historian buffer / manufacturer,manufacturer = Protocol Evidence Manufacturer.,,test-fixture://review-evidence-closure/source/local_historian_buffer,,,sensing_instrumentation,local_historian_buffer,false,false,Keep source record attached; refresh evidence before procurement use.
bom_source_field:sensing_instrumentation_event_recording_local_historian_buffer:mpn,bom_source_field,source_backed,source_evidence,local historian buffer / mpn,mpn = PROTOCOL-82-local_historian_buffer.,,test-fixture://review-evidence-closure/source/local_historian_buffer,,,sensing_instrumentation,local_historian_buffer,false,false,Keep source record attached; refresh evidence before procurement use.
bom_source_field:sensing_instrumentation_event_recording_local_historian_buffer:supplier,bom_source_field,source_backed,source_evidence,local historian buffer / supplier,supplier = Protocol Evidence Supplier.,,test-fixture://review-evidence-closure/source/local_historian_buffer,,,sensing_instrumentation,local_historian_buffer,false,false,Keep source record attached; refresh evidence before procurement use.
bom_source_field:sensing_instrumentation_event_recording_local_historian_buffer:unit_cost_gbp,bom_source_field,source_backed,source_evidence,local historian buffer / unit_cost_gbp,unit_cost_gbp = 181.,,test-fixture://review-evidence-closure/source/local_historian_buffer,,,sensing_instrumentation,local_historian_buffer,false,false,Keep source record attached; refresh evidence before procurement use.
bom_source_field:sensing_instrumentation_thermal_sensors_coolant_inlet_thermistor:lead_time_weeks,bom_source_field,source_backed,source_evidence,coolant inlet thermistor / lead_time_weeks,lead_time_weeks = 8.,,test-fixture://review-evidence-closure/source/coolant_inlet_thermistor,,,sensing_instrumentation,coolant_inlet_thermistor,false,false,Keep source record attached; refresh evidence before procurement use.
bom_source_field:sensing_instrumentation_thermal_sensors_coolant_inlet_thermistor:manufacturer,bom_source_field,source_backed,source_evidence,coolant inlet thermistor / manufacturer,manufacturer = Protocol Evidence Manufacturer.,,test-fixture://review-evidence-closure/source/coolant_inlet_thermistor,,,sensing_instrumentation,coolant_inlet_thermistor,false,false,Keep source record attached; refresh evidence before procurement use.
bom_source_field:sensing_instrumentation_thermal_sensors_coolant_inlet_thermistor:mpn,bom_source_field,source_backed,source_evidence,coolant inlet thermistor / mpn,mpn = PROTOCOL-75-coolant_inlet_thermistor.,,test-fixture://review-evidence-closure/source/coolant_inlet_thermistor,,,sensing_instrumentation,coolant_inlet_thermistor,false,false,Keep source record attached; refresh evidence before procurement use.
bom_source_field:sensing_instrumentation_thermal_sensors_coolant_inlet_thermistor:supplier,bom_source_field,source_backed,source_evidence,coolant inlet thermistor / supplier,supplier = Protocol Evidence Supplier.,,test-fixture://review-evidence-closure/source/coolant_inlet_thermistor,,,sensing_instrumentation,coolant_inlet_thermistor,false,false,Keep source record attached; refresh evidence before procurement use.
bom_source_field:sensing_instrumentation_thermal_sensors_coolant_inlet_thermistor:unit_cost_gbp,bom_source_field,source_backed,source_evidence,coolant inlet thermistor / unit_cost_gbp,unit_cost_gbp = 174.,,test-fixture://review-evidence-closure/source/coolant_inlet_thermistor,,,sensing_instrumentation,coolant_inlet_thermistor,false,false,Keep source record attached; refresh evidence before procurement use.
bom_source_field:sensing_instrumentation_thermal_sensors_coolant_outlet_thermistor:lead_time_weeks,bom_source_field,source_backed,source_evidence,coolant outlet thermistor / lead_time_weeks,lead_time_weeks = 8.,,test-fixture://review-evidence-closure/source/coolant_outlet_thermistor,,,sensing_instrumentation,coolant_outlet_thermistor,false,false,Keep source record attached; refresh evidence before procurement use.
bom_source_field:sensing_instrumentation_thermal_sensors_coolant_outlet_thermistor:manufacturer,bom_source_field,source_backed,source_evidence,coolant outlet thermistor / manufacturer,manufacturer = Protocol Evidence Manufacturer.,,test-fixture://review-evidence-closure/source/coolant_outlet_thermistor,,,sensing_instrumentation,coolant_outlet_thermistor,false,false,Keep source record attached; refresh evidence before procurement use.
bom_source_field:sensing_instrumentation_thermal_sensors_coolant_outlet_thermistor:mpn,bom_source_field,source_backed,source_evidence,coolant outlet thermistor / mpn,mpn = PROTOCOL-76-coolant_outlet_thermistor.,,test-fixture://review-evidence-closure/source/coolant_outlet_thermistor,,,sensing_instrumentation,coolant_outlet_thermistor,false,false,Keep source record attached; refresh evidence before procurement use.
bom_source_field:sensing_instrumentation_thermal_sensors_coolant_outlet_thermistor:supplier,bom_source_field,source_backed,source_evidence,coolant outlet thermistor / supplier,supplier = Protocol Evidence Supplier.,,test-fixture://review-evidence-closure/source/coolant_outlet_thermistor,,,sensing_instrumentation,coolant_outlet_thermistor,false,false,Keep source record attached; refresh evidence before procurement use.
bom_source_field:sensing_instrumentation_thermal_sensors_coolant_outlet_thermistor:unit_cost_gbp,bom_source_field,source_backed,source_evidence,coolant outlet thermistor / unit_cost_gbp,unit_cost_gbp = 175.,,test-fixture://review-evidence-closure/source/coolant_outlet_thermistor,,,sensing_instrumentation,coolant_outlet_thermistor,false,false,Keep source record attached; refresh evidence before procurement use.
bom_source_field:sensing_instrumentation_thermal_sensors_flow_meter:lead_time_weeks,bom_source_field,source_backed,source_evidence,flow meter / lead_time_weeks,lead_time_weeks = 8.,,test-fixture://review-evidence-closure/source/flow_meter,,,sensing_instrumentation,flow_meter,false,false,Keep source record attached; refresh evidence before procurement use.
bom_source_field:sensing_instrumentation_thermal_sensors_flow_meter:manufacturer,bom_source_field,source_backed,source_evidence,flow meter / manufacturer,manufacturer = Protocol Evidence Manufacturer.,,test-fixture://review-evidence-closure/source/flow_meter,,,sensing_instrumentation,flow_meter,false,false,Keep source record attached; refresh evidence before procurement use.
bom_source_field:sensing_instrumentation_thermal_sensors_flow_meter:mpn,bom_source_field,source_backed,source_evidence,flow meter / mpn,mpn = PROTOCOL-77-flow_meter.,,test-fixture://review-evidence-closure/source/flow_meter,,,sensing_instrumentation,flow_meter,false,false,Keep source record attached; refresh evidence before procurement use.
bom_source_field:sensing_instrumentation_thermal_sensors_flow_meter:supplier,bom_source_field,source_backed,source_evidence,flow meter / supplier,supplier = Protocol Evidence Supplier.,,test-fixture://review-evidence-closure/source/flow_meter,,,sensing_instrumentation,flow_meter,false,false,Keep source record attached; refresh evidence before procurement use.
bom_source_field:sensing_instrumentation_thermal_sensors_flow_meter:unit_cost_gbp,bom_source_field,source_backed,source_evidence,flow meter / unit_cost_gbp,unit_cost_gbp = 176.,,test-fixture://review-evidence-closure/source/flow_meter,,,sensing_instrumentation,flow_meter,false,false,Keep source record attached; refresh evidence before procurement use.
bom_source_field:sensing_instrumentation_thermal_sensors_pressure_transducer:lead_time_weeks,bom_source_field,source_backed,source_evidence,pressure transducer / lead_time_weeks,lead_time_weeks = 8.,,test-fixture://review-evidence-closure/source/pressure_transducer,,,sensing_instrumentation,pressure_transducer,false,false,Keep source record attached; refresh evidence before procurement use.
bom_source_field:sensing_instrumentation_thermal_sensors_pressure_transducer:manufacturer,bom_source_field,source_backed,source_evidence,pressure transducer / manufacturer,manufacturer = Protocol Evidence Manufacturer.,,test-fixture://review-evidence-closure/source/pressure_transducer,,,sensing_instrumentation,pressure_transducer,false,false,Keep source record attached; refresh evidence before procurement use.
bom_source_field:sensing_instrumentation_thermal_sensors_pressure_transducer:mpn,bom_source_field,source_backed,source_evidence,pressure transducer / mpn,mpn = PROTOCOL-78-pressure_transducer.,,test-fixture://review-evidence-closure/source/pressure_transducer,,,sensing_instrumentation,pressure_transducer,false,false,Keep source record attached; refresh evidence before procurement use.
bom_source_field:sensing_instrumentation_thermal_sensors_pressure_transducer:supplier,bom_source_field,source_backed,source_evidence,pressure transducer / supplier,supplier = Protocol Evidence Supplier.,,test-fixture://review-evidence-closure/source/pressure_transducer,,,sensing_instrumentation,pressure_transducer,false,false,Keep source record attached; refresh evidence before procurement use.
bom_source_field:sensing_instrumentation_thermal_sensors_pressure_transducer:unit_cost_gbp,bom_source_field,source_backed,source_evidence,pressure transducer / unit_cost_gbp,unit_cost_gbp = 177.,,test-fixture://review-evidence-closure/source/pressure_transducer,,,sensing_instrumentation,pressure_transducer,false,false,Keep source record attached; refresh evidence before procurement use.
bom_source_field:structure_containment_cable_penetration_sealing_emc_cable_gland:lead_time_weeks,bom_source_field,source_backed,source_evidence,EMC cable gland / lead_time_weeks,lead_time_weeks = 8.,,test-fixture://review-evidence-closure/source/emc_cable_gland,,,structure_containment,emc_cable_gland,false,false,Keep source record attached; refresh evidence before procurement use.
bom_source_field:structure_containment_cable_penetration_sealing_emc_cable_gland:manufacturer,bom_source_field,source_backed,source_evidence,EMC cable gland / manufacturer,manufacturer = Protocol Evidence Manufacturer.,,test-fixture://review-evidence-closure/source/emc_cable_gland,,,structure_containment,emc_cable_gland,false,false,Keep source record attached; refresh evidence before procurement use.
bom_source_field:structure_containment_cable_penetration_sealing_emc_cable_gland:mpn,bom_source_field,source_backed,source_evidence,EMC cable gland / mpn,mpn = PROTOCOL-64-emc_cable_gland.,,test-fixture://review-evidence-closure/source/emc_cable_gland,,,structure_containment,emc_cable_gland,false,false,Keep source record attached; refresh evidence before procurement use.
bom_source_field:structure_containment_cable_penetration_sealing_emc_cable_gland:supplier,bom_source_field,source_backed,source_evidence,EMC cable gland / supplier,supplier = Protocol Evidence Supplier.,,test-fixture://review-evidence-closure/source/emc_cable_gland,,,structure_containment,emc_cable_gland,false,false,Keep source record attached; refresh evidence before procurement use.
bom_source_field:structure_containment_cable_penetration_sealing_emc_cable_gland:unit_cost_gbp,bom_source_field,source_backed,source_evidence,EMC cable gland / unit_cost_gbp,unit_cost_gbp = 163.,,test-fixture://review-evidence-closure/source/emc_cable_gland,,,structure_containment,emc_cable_gland,false,false,Keep source record attached; refresh evidence before procurement use.
bom_source_field:structure_containment_cable_penetration_sealing_firestop_collar_set:lead_time_weeks,bom_source_field,source_backed,source_evidence,firestop collar set / lead_time_weeks,lead_time_weeks = 8.,,test-fixture://review-evidence-closure/source/firestop_collar_set,,,structure_containment,firestop_collar_set,false,false,Keep source record attached; refresh evidence before procurement use.
bom_source_field:structure_containment_cable_penetration_sealing_firestop_collar_set:manufacturer,bom_source_field,source_backed,source_evidence,firestop collar set / manufacturer,manufacturer = Protocol Evidence Manufacturer.,,test-fixture://review-evidence-closure/source/firestop_collar_set,,,structure_containment,firestop_collar_set,false,false,Keep source record attached; refresh evidence before procurement use.
bom_source_field:structure_containment_cable_penetration_sealing_firestop_collar_set:mpn,bom_source_field,source_backed,source_evidence,firestop collar set / mpn,mpn = PROTOCOL-63-firestop_collar_set.,,test-fixture://review-evidence-closure/source/firestop_collar_set,,,structure_containment,firestop_collar_set,false,false,Keep source record attached; refresh evidence before procurement use.
bom_source_field:structure_containment_cable_penetration_sealing_firestop_collar_set:supplier,bom_source_field,source_backed,source_evidence,firestop collar set / supplier,supplier = Protocol Evidence Supplier.,,test-fixture://review-evidence-closure/source/firestop_collar_set,,,structure_containment,firestop_collar_set,false,false,Keep source record attached; refresh evidence before procurement use.
bom_source_field:structure_containment_cable_penetration_sealing_firestop_collar_set:unit_cost_gbp,bom_source_field,source_backed,source_evidence,firestop collar set / unit_cost_gbp,unit_cost_gbp = 162.,,test-fixture://review-evidence-closure/source/firestop_collar_set,,,structure_containment,firestop_collar_set,false,false,Keep source record attached; refresh evidence before procurement use.
bom_source_field:structure_containment_cable_penetration_sealing_gland_plate_assembly:lead_time_weeks,bom_source_field,source_backed,source_evidence,gland plate assembly / lead_time_weeks,lead_time_weeks = 8.,,test-fixture://review-evidence-closure/source/gland_plate_assembly,,,structure_containment,gland_plate_assembly,false,false,Keep source record attached; refresh evidence before procurement use.
bom_source_field:structure_containment_cable_penetration_sealing_gland_plate_assembly:manufacturer,bom_source_field,source_backed,source_evidence,gland plate assembly / manufacturer,manufacturer = Protocol Evidence Manufacturer.,,test-fixture://review-evidence-closure/source/gland_plate_assembly,,,structure_containment,gland_plate_assembly,false,false,Keep source record attached; refresh evidence before procurement use.
bom_source_field:structure_containment_cable_penetration_sealing_gland_plate_assembly:mpn,bom_source_field,source_backed,source_evidence,gland plate assembly / mpn,mpn = PROTOCOL-62-gland_plate_assembly.,,test-fixture://review-evidence-closure/source/gland_plate_assembly,,,structure_containment,gland_plate_assembly,false,false,Keep source record attached; refresh evidence before procurement use.
bom_source_field:structure_containment_cable_penetration_sealing_gland_plate_assembly:supplier,bom_source_field,source_backed,source_evidence,gland plate assembly / supplier,supplier = Protocol Evidence Supplier.,,test-fixture://review-evidence-closure/source/gland_plate_assembly,,,structure_containment,gland_plate_assembly,false,false,Keep source record attached; refresh evidence before procurement use.
bom_source_field:structure_containment_cable_penetration_sealing_gland_plate_assembly:unit_cost_gbp,bom_source_field,source_backed,source_evidence,gland plate assembly / unit_cost_gbp,unit_cost_gbp = 161.,,test-fixture://review-evidence-closure/source/gland_plate_assembly,,,structure_containment,gland_plate_assembly,false,false,Keep source record attached; refresh evidence before procurement use.
bom_source_field:structure_containment_cable_penetration_sealing_penetration_schedule_label:lead_time_weeks,bom_source_field,source_backed,source_evidence,penetration schedule label / lead_time_weeks,lead_time_weeks = 8.,,test-fixture://review-evidence-closure/source/penetration_schedule_label,,,structure_containment,penetration_schedule_label,false,false,Keep source record attached; refresh evidence before procurement use.
bom_source_field:structure_containment_cable_penetration_sealing_penetration_schedule_label:manufacturer,bom_source_field,source_backed,source_evidence,penetration schedule label / manufacturer,manufacturer = Protocol Evidence Manufacturer.,,test-fixture://review-evidence-closure/source/penetration_schedule_label,,,structure_containment,penetration_schedule_label,false,false,Keep source record attached; refresh evidence before procurement use.
bom_source_field:structure_containment_cable_penetration_sealing_penetration_schedule_label:mpn,bom_source_field,source_backed,source_evidence,penetration schedule label / mpn,mpn = PROTOCOL-66-penetration_schedule_label.,,test-fixture://review-evidence-closure/source/penetration_schedule_label,,,structure_containment,penetration_schedule_label,false,false,Keep source record attached; refresh evidence before procurement use.
bom_source_field:structure_containment_cable_penetration_sealing_penetration_schedule_label:supplier,bom_source_field,source_backed,source_evidence,penetration schedule label / supplier,supplier = Protocol Evidence Supplier.,,test-fixture://review-evidence-closure/source/penetration_schedule_label,,,structure_containment,penetration_schedule_label,false,false,Keep source record attached; refresh evidence before procurement use.
bom_source_field:structure_containment_cable_penetration_sealing_penetration_schedule_label:unit_cost_gbp,bom_source_field,source_backed,source_evidence,penetration schedule label / unit_cost_gbp,unit_cost_gbp = 165.,,test-fixture://review-evidence-closure/source/penetration_schedule_label,,,structure_containment,penetration_schedule_label,false,false,Keep source record attached; refresh evidence before procurement use.
bom_source_field:structure_containment_cable_penetration_sealing_rain_drip_shield:lead_time_weeks,bom_source_field,source_backed,source_evidence,rain drip shield / lead_time_weeks,lead_time_weeks = 8.,,test-fixture://review-evidence-closure/source/rain_drip_shield,,,structure_containment,rain_drip_shield,false,false,Keep source record attached; refresh evidence before procurement use.
bom_source_field:structure_containment_cable_penetration_sealing_rain_drip_shield:manufacturer,bom_source_field,source_backed,source_evidence,rain drip shield / manufacturer,manufacturer = Protocol Evidence Manufacturer.,,test-fixture://review-evidence-closure/source/rain_drip_shield,,,structure_containment,rain_drip_shield,false,false,Keep source record attached; refresh evidence before procurement use.
bom_source_field:structure_containment_cable_penetration_sealing_rain_drip_shield:mpn,bom_source_field,source_backed,source_evidence,rain drip shield / mpn,mpn = PROTOCOL-65-rain_drip_shield.,,test-fixture://review-evidence-closure/source/rain_drip_shield,,,structure_containment,rain_drip_shield,false,false,Keep source record attached; refresh evidence before procurement use.
bom_source_field:structure_containment_cable_penetration_sealing_rain_drip_shield:supplier,bom_source_field,source_backed,source_evidence,rain drip shield / supplier,supplier = Protocol Evidence Supplier.,,test-fixture://review-evidence-closure/source/rain_drip_shield,,,structure_containment,rain_drip_shield,false,false,Keep source record attached; refresh evidence before procurement use.
bom_source_field:structure_containment_cable_penetration_sealing_rain_drip_shield:unit_cost_gbp,bom_source_field,source_backed,source_evidence,rain drip shield / unit_cost_gbp,unit_cost_gbp = 164.,,test-fixture://review-evidence-closure/source/rain_drip_shield,,,structure_containment,rain_drip_shield,false,false,Keep source record attached; refresh evidence before procurement use.
bom_source_field:structure_containment_container_shell_corner_casting:lead_time_weeks,bom_source_field,source_backed,source_evidence,corner casting / lead_time_weeks,lead_time_weeks = 8.,,test-fixture://review-evidence-closure/source/corner_casting,,,structure_containment,corner_casting,false,false,Keep source record attached; refresh evidence before procurement use.
bom_source_field:structure_containment_container_shell_corner_casting:manufacturer,bom_source_field,source_backed,source_evidence,corner casting / manufacturer,manufacturer = Protocol Evidence Manufacturer.,,test-fixture://review-evidence-closure/source/corner_casting,,,structure_containment,corner_casting,false,false,Keep source record attached; refresh evidence before procurement use.
bom_source_field:structure_containment_container_shell_corner_casting:mpn,bom_source_field,source_backed,source_evidence,corner casting / mpn,mpn = PROTOCOL-51-corner_casting.,,test-fixture://review-evidence-closure/source/corner_casting,,,structure_containment,corner_casting,false,false,Keep source record attached; refresh evidence before procurement use.
bom_source_field:structure_containment_container_shell_corner_casting:supplier,bom_source_field,source_backed,source_evidence,corner casting / supplier,supplier = Protocol Evidence Supplier.,,test-fixture://review-evidence-closure/source/corner_casting,,,structure_containment,corner_casting,false,false,Keep source record attached; refresh evidence before procurement use.
bom_source_field:structure_containment_container_shell_corner_casting:unit_cost_gbp,bom_source_field,source_backed,source_evidence,corner casting / unit_cost_gbp,unit_cost_gbp = 150.,,test-fixture://review-evidence-closure/source/corner_casting,,,structure_containment,corner_casting,false,false,Keep source record attached; refresh evidence before procurement use.
bom_source_field:structure_containment_container_shell_corten_steel_side_panel:lead_time_weeks,bom_source_field,source_backed,source_evidence,corten steel side panel / lead_time_weeks,lead_time_weeks = 8.,,test-fixture://review-evidence-closure/source/corten_steel_side_panel,,mass_kg,structure_containment,corten_steel_side_panel,false,false,Keep source record attached; refresh evidence before procurement use.
bom_source_field:structure_containment_container_shell_corten_steel_side_panel:manufacturer,bom_source_field,source_backed,source_evidence,corten steel side panel / manufacturer,manufacturer = Protocol Evidence Manufacturer.,,test-fixture://review-evidence-closure/source/corten_steel_side_panel,,mass_kg,structure_containment,corten_steel_side_panel,false,false,Keep source record attached; refresh evidence before procurement use.
bom_source_field:structure_containment_container_shell_corten_steel_side_panel:mpn,bom_source_field,source_backed,source_evidence,corten steel side panel / mpn,mpn = PROTOCOL-50-corten_steel_side_panel.,,test-fixture://review-evidence-closure/source/corten_steel_side_panel,,mass_kg,structure_containment,corten_steel_side_panel,false,false,Keep source record attached; refresh evidence before procurement use.
bom_source_field:structure_containment_container_shell_corten_steel_side_panel:supplier,bom_source_field,source_backed,source_evidence,corten steel side panel / supplier,supplier = Protocol Evidence Supplier.,,test-fixture://review-evidence-closure/source/corten_steel_side_panel,,mass_kg,structure_containment,corten_steel_side_panel,false,false,Keep source record attached; refresh evidence before procurement use.
bom_source_field:structure_containment_container_shell_corten_steel_side_panel:unit_cost_gbp,bom_source_field,source_backed,source_evidence,corten steel side panel / unit_cost_gbp,unit_cost_gbp = 149.,,test-fixture://review-evidence-closure/source/corten_steel_side_panel,,mass_kg,structure_containment,corten_steel_side_panel,false,false,Keep source record attached; refresh evidence before procurement use.
bom_source_field:structure_containment_container_shell_marine_plywood_floor:lead_time_weeks,bom_source_field,source_backed,source_evidence,marine plywood floor / lead_time_weeks,lead_time_weeks = 8.,,test-fixture://review-evidence-closure/source/marine_plywood_floor,,,structure_containment,marine_plywood_floor,false,false,Keep source record attached; refresh evidence before procurement use.
bom_source_field:structure_containment_container_shell_marine_plywood_floor:manufacturer,bom_source_field,source_backed,source_evidence,marine plywood floor / manufacturer,manufacturer = Protocol Evidence Manufacturer.,,test-fixture://review-evidence-closure/source/marine_plywood_floor,,,structure_containment,marine_plywood_floor,false,false,Keep source record attached; refresh evidence before procurement use.
bom_source_field:structure_containment_container_shell_marine_plywood_floor:mpn,bom_source_field,source_backed,source_evidence,marine plywood floor / mpn,mpn = PROTOCOL-52-marine_plywood_floor.,,test-fixture://review-evidence-closure/source/marine_plywood_floor,,,structure_containment,marine_plywood_floor,false,false,Keep source record attached; refresh evidence before procurement use.
bom_source_field:structure_containment_container_shell_marine_plywood_floor:supplier,bom_source_field,source_backed,source_evidence,marine plywood floor / supplier,supplier = Protocol Evidence Supplier.,,test-fixture://review-evidence-closure/source/marine_plywood_floor,,,structure_containment,marine_plywood_floor,false,false,Keep source record attached; refresh evidence before procurement use.
bom_source_field:structure_containment_container_shell_marine_plywood_floor:unit_cost_gbp,bom_source_field,source_backed,source_evidence,marine plywood floor / unit_cost_gbp,unit_cost_gbp = 151.,,test-fixture://review-evidence-closure/source/marine_plywood_floor,,,structure_containment,marine_plywood_floor,false,false,Keep source record attached; refresh evidence before procurement use.
bom_source_field:structure_containment_container_shell_roof_panel:lead_time_weeks,bom_source_field,source_backed,source_evidence,roof panel / lead_time_weeks,lead_time_weeks = 8.,,test-fixture://review-evidence-closure/source/roof_panel,,,structure_containment,roof_panel,false,false,Keep source record attached; refresh evidence before procurement use.
bom_source_field:structure_containment_container_shell_roof_panel:manufacturer,bom_source_field,source_backed,source_evidence,roof panel / manufacturer,manufacturer = Protocol Evidence Manufacturer.,,test-fixture://review-evidence-closure/source/roof_panel,,,structure_containment,roof_panel,false,false,Keep source record attached; refresh evidence before procurement use.
bom_source_field:structure_containment_container_shell_roof_panel:mpn,bom_source_field,source_backed,source_evidence,roof panel / mpn,mpn = PROTOCOL-53-roof_panel.,,test-fixture://review-evidence-closure/source/roof_panel,,,structure_containment,roof_panel,false,false,Keep source record attached; refresh evidence before procurement use.
bom_source_field:structure_containment_container_shell_roof_panel:supplier,bom_source_field,source_backed,source_evidence,roof panel / supplier,supplier = Protocol Evidence Supplier.,,test-fixture://review-evidence-closure/source/roof_panel,,,structure_containment,roof_panel,false,false,Keep source record attached; refresh evidence before procurement use.
bom_source_field:structure_containment_container_shell_roof_panel:unit_cost_gbp,bom_source_field,source_backed,source_evidence,roof panel / unit_cost_gbp,unit_cost_gbp = 152.,,test-fixture://review-evidence-closure/source/roof_panel,,,structure_containment,roof_panel,false,false,Keep source record attached; refresh evidence before procurement use.
bom_source_field:structure_containment_internal_partitions_fire_rated_board:lead_time_weeks,bom_source_field,source_backed,source_evidence,fire-rated board / lead_time_weeks,lead_time_weeks = 8.,,test-fixture://review-evidence-closure/source/fire_rated_board,,,structure_containment,fire_rated_board,false,false,Keep source record attached; refresh evidence before procurement use.
bom_source_field:structure_containment_internal_partitions_fire_rated_board:manufacturer,bom_source_field,source_backed,source_evidence,fire-rated board / manufacturer,manufacturer = Protocol Evidence Manufacturer.,,test-fixture://review-evidence-closure/source/fire_rated_board,,,structure_containment,fire_rated_board,false,false,Keep source record attached; refresh evidence before procurement use.
bom_source_field:structure_containment_internal_partitions_fire_rated_board:mpn,bom_source_field,source_backed,source_evidence,fire-rated board / mpn,mpn = PROTOCOL-55-fire_rated_board.,,test-fixture://review-evidence-closure/source/fire_rated_board,,,structure_containment,fire_rated_board,false,false,Keep source record attached; refresh evidence before procurement use.
bom_source_field:structure_containment_internal_partitions_fire_rated_board:supplier,bom_source_field,source_backed,source_evidence,fire-rated board / supplier,supplier = Protocol Evidence Supplier.,,test-fixture://review-evidence-closure/source/fire_rated_board,,,structure_containment,fire_rated_board,false,false,Keep source record attached; refresh evidence before procurement use.
bom_source_field:structure_containment_internal_partitions_fire_rated_board:unit_cost_gbp,bom_source_field,source_backed,source_evidence,fire-rated board / unit_cost_gbp,unit_cost_gbp = 154.,,test-fixture://review-evidence-closure/source/fire_rated_board,,,structure_containment,fire_rated_board,false,false,Keep source record attached; refresh evidence before procurement use.
bom_source_field:structure_containment_internal_partitions_intumescent_sealant:lead_time_weeks,bom_source_field,source_backed,source_evidence,intumescent sealant / lead_time_weeks,lead_time_weeks = 8.,,test-fixture://review-evidence-closure/source/intumescent_sealant,,,structure_containment,intumescent_sealant,false,false,Keep source record attached; refresh evidence before procurement use.
bom_source_field:structure_containment_internal_partitions_intumescent_sealant:manufacturer,bom_source_field,source_backed,source_evidence,intumescent sealant / manufacturer,manufacturer = Protocol Evidence Manufacturer.,,test-fixture://review-evidence-closure/source/intumescent_sealant,,,structure_containment,intumescent_sealant,false,false,Keep source record attached; refresh evidence before procurement use.
bom_source_field:structure_containment_internal_partitions_intumescent_sealant:mpn,bom_source_field,source_backed,source_evidence,intumescent sealant / mpn,mpn = PROTOCOL-57-intumescent_sealant.,,test-fixture://review-evidence-closure/source/intumescent_sealant,,,structure_containment,intumescent_sealant,false,false,Keep source record attached; refresh evidence before procurement use.
bom_source_field:structure_containment_internal_partitions_intumescent_sealant:supplier,bom_source_field,source_backed,source_evidence,intumescent sealant / supplier,supplier = Protocol Evidence Supplier.,,test-fixture://review-evidence-closure/source/intumescent_sealant,,,structure_containment,intumescent_sealant,false,false,Keep source record attached; refresh evidence before procurement use.
bom_source_field:structure_containment_internal_partitions_intumescent_sealant:unit_cost_gbp,bom_source_field,source_backed,source_evidence,intumescent sealant / unit_cost_gbp,unit_cost_gbp = 156.,,test-fixture://review-evidence-closure/source/intumescent_sealant,,,structure_containment,intumescent_sealant,false,false,Keep source record attached; refresh evidence before procurement use.
bom_source_field:structure_containment_internal_partitions_mineral_wool_insulation:lead_time_weeks,bom_source_field,source_backed,source_evidence,mineral wool insulation / lead_time_weeks,lead_time_weeks = 8.,,test-fixture://review-evidence-closure/source/mineral_wool_insulation,,,structure_containment,mineral_wool_insulation,false,false,Keep source record attached; refresh evidence before procurement use.
bom_source_field:structure_containment_internal_partitions_mineral_wool_insulation:manufacturer,bom_source_field,source_backed,source_evidence,mineral wool insulation / manufacturer,manufacturer = Protocol Evidence Manufacturer.,,test-fixture://review-evidence-closure/source/mineral_wool_insulation,,,structure_containment,mineral_wool_insulation,false,false,Keep source record attached; refresh evidence before procurement use.
bom_source_field:structure_containment_internal_partitions_mineral_wool_insulation:mpn,bom_source_field,source_backed,source_evidence,mineral wool insulation / mpn,mpn = PROTOCOL-56-mineral_wool_insulation.,,test-fixture://review-evidence-closure/source/mineral_wool_insulation,,,structure_containment,mineral_wool_insulation,false,false,Keep source record attached; refresh evidence before procurement use.
bom_source_field:structure_containment_internal_partitions_mineral_wool_insulation:supplier,bom_source_field,source_backed,source_evidence,mineral wool insulation / supplier,supplier = Protocol Evidence Supplier.,,test-fixture://review-evidence-closure/source/mineral_wool_insulation,,,structure_containment,mineral_wool_insulation,false,false,Keep source record attached; refresh evidence before procurement use.
bom_source_field:structure_containment_internal_partitions_mineral_wool_insulation:unit_cost_gbp,bom_source_field,source_backed,source_evidence,mineral wool insulation / unit_cost_gbp,unit_cost_gbp = 155.,,test-fixture://review-evidence-closure/source/mineral_wool_insulation,,,structure_containment,mineral_wool_insulation,false,false,Keep source record attached; refresh evidence before procurement use.
bom_source_field:structure_containment_internal_partitions_steel_stud_frame:lead_time_weeks,bom_source_field,source_backed,source_evidence,steel stud frame / lead_time_weeks,lead_time_weeks = 8.,,test-fixture://review-evidence-closure/source/steel_stud_frame,,,structure_containment,steel_stud_frame,false,false,Keep source record attached; refresh evidence before procurement use.
bom_source_field:structure_containment_internal_partitions_steel_stud_frame:manufacturer,bom_source_field,source_backed,source_evidence,steel stud frame / manufacturer,manufacturer = Protocol Evidence Manufacturer.,,test-fixture://review-evidence-closure/source/steel_stud_frame,,,structure_containment,steel_stud_frame,false,false,Keep source record attached; refresh evidence before procurement use.
bom_source_field:structure_containment_internal_partitions_steel_stud_frame:mpn,bom_source_field,source_backed,source_evidence,steel stud frame / mpn,mpn = PROTOCOL-54-steel_stud_frame.,,test-fixture://review-evidence-closure/source/steel_stud_frame,,,structure_containment,steel_stud_frame,false,false,Keep source record attached; refresh evidence before procurement use.
bom_source_field:structure_containment_internal_partitions_steel_stud_frame:supplier,bom_source_field,source_backed,source_evidence,steel stud frame / supplier,supplier = Protocol Evidence Supplier.,,test-fixture://review-evidence-closure/source/steel_stud_frame,,,structure_containment,steel_stud_frame,false,false,Keep source record attached; refresh evidence before procurement use.
bom_source_field:structure_containment_internal_partitions_steel_stud_frame:unit_cost_gbp,bom_source_field,source_backed,source_evidence,steel stud frame / unit_cost_gbp,unit_cost_gbp = 153.,,test-fixture://review-evidence-closure/source/steel_stud_frame,,,structure_containment,steel_stud_frame,false,false,Keep source record attached; refresh evidence before procurement use.
bom_source_field:structure_containment_rack_mounting_anchor_bolt_set:lead_time_weeks,bom_source_field,source_backed,source_evidence,anchor bolt set / lead_time_weeks,lead_time_weeks = 8.,,test-fixture://review-evidence-closure/source/anchor_bolt_set,,,structure_containment,anchor_bolt_set,false,false,Keep source record attached; refresh evidence before procurement use.
bom_source_field:structure_containment_rack_mounting_anchor_bolt_set:manufacturer,bom_source_field,source_backed,source_evidence,anchor bolt set / manufacturer,manufacturer = Protocol Evidence Manufacturer.,,test-fixture://review-evidence-closure/source/anchor_bolt_set,,,structure_containment,anchor_bolt_set,false,false,Keep source record attached; refresh evidence before procurement use.
bom_source_field:structure_containment_rack_mounting_anchor_bolt_set:mpn,bom_source_field,source_backed,source_evidence,anchor bolt set / mpn,mpn = PROTOCOL-61-anchor_bolt_set.,,test-fixture://review-evidence-closure/source/anchor_bolt_set,,,structure_containment,anchor_bolt_set,false,false,Keep source record attached; refresh evidence before procurement use.
bom_source_field:structure_containment_rack_mounting_anchor_bolt_set:supplier,bom_source_field,source_backed,source_evidence,anchor bolt set / supplier,supplier = Protocol Evidence Supplier.,,test-fixture://review-evidence-closure/source/anchor_bolt_set,,,structure_containment,anchor_bolt_set,false,false,Keep source record attached; refresh evidence before procurement use.
bom_source_field:structure_containment_rack_mounting_anchor_bolt_set:unit_cost_gbp,bom_source_field,source_backed,source_evidence,anchor bolt set / unit_cost_gbp,unit_cost_gbp = 160.,,test-fixture://review-evidence-closure/source/anchor_bolt_set,,,structure_containment,anchor_bolt_set,false,false,Keep source record attached; refresh evidence before procurement use.
bom_source_field:structure_containment_rack_mounting_floor_reinforcement_plate:lead_time_weeks,bom_source_field,source_backed,source_evidence,floor reinforcement plate / lead_time_weeks,lead_time_weeks = 8.,,test-fixture://review-evidence-closure/source/floor_reinforcement_plate,,,structure_containment,floor_reinforcement_plate,false,false,Keep source record attached; refresh evidence before procurement use.
bom_source_field:structure_containment_rack_mounting_floor_reinforcement_plate:manufacturer,bom_source_field,source_backed,source_evidence,floor reinforcement plate / manufacturer,manufacturer = Protocol Evidence Manufacturer.,,test-fixture://review-evidence-closure/source/floor_reinforcement_plate,,,structure_containment,floor_reinforcement_plate,false,false,Keep source record attached; refresh evidence before procurement use.
bom_source_field:structure_containment_rack_mounting_floor_reinforcement_plate:mpn,bom_source_field,source_backed,source_evidence,floor reinforcement plate / mpn,mpn = PROTOCOL-58-floor_reinforcement_plate.,,test-fixture://review-evidence-closure/source/floor_reinforcement_plate,,,structure_containment,floor_reinforcement_plate,false,false,Keep source record attached; refresh evidence before procurement use.
bom_source_field:structure_containment_rack_mounting_floor_reinforcement_plate:supplier,bom_source_field,source_backed,source_evidence,floor reinforcement plate / supplier,supplier = Protocol Evidence Supplier.,,test-fixture://review-evidence-closure/source/floor_reinforcement_plate,,,structure_containment,floor_reinforcement_plate,false,false,Keep source record attached; refresh evidence before procurement use.
bom_source_field:structure_containment_rack_mounting_floor_reinforcement_plate:unit_cost_gbp,bom_source_field,source_backed,source_evidence,floor reinforcement plate / unit_cost_gbp,unit_cost_gbp = 157.,,test-fixture://review-evidence-closure/source/floor_reinforcement_plate,,,structure_containment,floor_reinforcement_plate,false,false,Keep source record attached; refresh evidence before procurement use.
bom_source_field:structure_containment_rack_mounting_rack_mounting_rail:lead_time_weeks,bom_source_field,source_backed,source_evidence,rack mounting rail / lead_time_weeks,lead_time_weeks = 8.,,test-fixture://review-evidence-closure/source/rack_mounting_rail,,,structure_containment,rack_mounting_rail,false,false,Keep source record attached; refresh evidence before procurement use.
bom_source_field:structure_containment_rack_mounting_rack_mounting_rail:manufacturer,bom_source_field,source_backed,source_evidence,rack mounting rail / manufacturer,manufacturer = Protocol Evidence Manufacturer.,,test-fixture://review-evidence-closure/source/rack_mounting_rail,,,structure_containment,rack_mounting_rail,false,false,Keep source record attached; refresh evidence before procurement use.
bom_source_field:structure_containment_rack_mounting_rack_mounting_rail:mpn,bom_source_field,source_backed,source_evidence,rack mounting rail / mpn,mpn = PROTOCOL-59-rack_mounting_rail.,,test-fixture://review-evidence-closure/source/rack_mounting_rail,,,structure_containment,rack_mounting_rail,false,false,Keep source record attached; refresh evidence before procurement use.
bom_source_field:structure_containment_rack_mounting_rack_mounting_rail:supplier,bom_source_field,source_backed,source_evidence,rack mounting rail / supplier,supplier = Protocol Evidence Supplier.,,test-fixture://review-evidence-closure/source/rack_mounting_rail,,,structure_containment,rack_mounting_rail,false,false,Keep source record attached; refresh evidence before procurement use.
bom_source_field:structure_containment_rack_mounting_rack_mounting_rail:unit_cost_gbp,bom_source_field,source_backed,source_evidence,rack mounting rail / unit_cost_gbp,unit_cost_gbp = 158.,,test-fixture://review-evidence-closure/source/rack_mounting_rail,,,structure_containment,rack_mounting_rail,false,false,Keep source record attached; refresh evidence before procurement use.
bom_source_field:structure_containment_rack_mounting_vibration_isolator:lead_time_weeks,bom_source_field,source_backed,source_evidence,vibration isolator / lead_time_weeks,lead_time_weeks = 8.,,test-fixture://review-evidence-closure/source/vibration_isolator,,,structure_containment,vibration_isolator,false,false,Keep source record attached; refresh evidence before procurement use.
bom_source_field:structure_containment_rack_mounting_vibration_isolator:manufacturer,bom_source_field,source_backed,source_evidence,vibration isolator / manufacturer,manufacturer = Protocol Evidence Manufacturer.,,test-fixture://review-evidence-closure/source/vibration_isolator,,,structure_containment,vibration_isolator,false,false,Keep source record attached; refresh evidence before procurement use.
bom_source_field:structure_containment_rack_mounting_vibration_isolator:mpn,bom_source_field,source_backed,source_evidence,vibration isolator / mpn,mpn = PROTOCOL-60-vibration_isolator.,,test-fixture://review-evidence-closure/source/vibration_isolator,,,structure_containment,vibration_isolator,false,false,Keep source record attached; refresh evidence before procurement use.
bom_source_field:structure_containment_rack_mounting_vibration_isolator:supplier,bom_source_field,source_backed,source_evidence,vibration isolator / supplier,supplier = Protocol Evidence Supplier.,,test-fixture://review-evidence-closure/source/vibration_isolator,,,structure_containment,vibration_isolator,false,false,Keep source record attached; refresh evidence before procurement use.
bom_source_field:structure_containment_rack_mounting_vibration_isolator:unit_cost_gbp,bom_source_field,source_backed,source_evidence,vibration isolator / unit_cost_gbp,unit_cost_gbp = 159.,,test-fixture://review-evidence-closure/source/vibration_isolator,,,structure_containment,vibration_isolator,false,false,Keep source record attached; refresh evidence before procurement use.
headline_metric:capex_gbp,headline_metric,source_backed,source_evidence,Estimated CAPEX,Estimated CAPEX = 41106 GBP.,formula:capex=sum(bom.totalCostGbp); class_pack:energy_storage.class_pack,test-fixture://review-evidence-closure/source/lfp_prismatic_cells; test-fixture://review-evidence-closure/source/cell_to_cell_busbar; test-fixture://review-evidence-closure/source/cell_terminal_hardware_set; test-fixture://review-evidence-closure/source/cell_insulation_pad; test-fixture://review-evidence-closure/source/module_fuse; test-fixture://review-evidence-closure/source/module_steel_frame; test-fixture://review-evidence-closure/source/compression_plate; test-fixture://review-evidence-closure/source/compression_tie_rod_set; test-fixture://review-evidence-closure/source/module_top_cover; test-fixture://review-evidence-closure/source/rack_label_plate; test-fixture://review-evidence-closure/source/bms_slave_pcb; test-fixture://review-evidence-closure/source/afe_monitor_ic; test-fixture://review-evidence-closure/source/ntc_thermistor_harness; test-fixture://review-evidence-closure/source/isolated_can_transceiver; test-fixture://review-evidence-closure/source/conformal_coating; test-fixture://review-evidence-closure/source/dc_contactor_or_breaker; test-fixture://review-evidence-closure/source/precharge_resistor; test-fixture://review-evidence-closure/source/hv_fuse_holder; test-fixture://review-evidence-closure/source/pack_current_sensor; test-fixture://review-evidence-closure/source/service_disconnect; test-fixture://review-evidence-closure/source/cell_voltage_sense_loom; test-fixture://review-evidence-closure/source/rack_can_drop_cable; test-fixture://review-evidence-closure/source/harness_strain_relief_rail; test-fixture://review-evidence-closure/source/low_smoke_cable_sleeve; test-fixture://review-evidence-closure/source/rack_cold_plate_manifold; test-fixture://review-evidence-closure/source/thermally_conductive_gap_pad; test-fixture://review-evidence-closure/source/coolant_quick_connector_pair; test-fixture://review-evidence-closure/source/rack_drip_tray; test-fixture://review-evidence-closure/source/leak_detection_rope; test-fixture://review-evidence-closure/source/pcs_inverter; test-fixture://review-evidence-closure/source/igbt_power_module; test-fixture://review-evidence-closure/source/dc_link_capacitor_bank; test-fixture://review-evidence-closure/source/gate_driver_board; test-fixture://review-evidence-closure/source/inverter_control_board; test-fixture://review-evidence-closure/source/liquid_cooled_heatsink; test-fixture://review-evidence-closure/source/cast_resin_transformer; test-fixture://review-evidence-closure/source/hv_winding; test-fixture://review-evidence-closure/source/lv_winding; test-fixture://review-evidence-closure/source/temperature_probe; test-fixture://review-evidence-closure/source/anti_vibration_mount; test-fixture://review-evidence-closure/source/grid_filter_choke; test-fixture://review-evidence-closure/source/ac_filter_capacitor; test-fixture://review-evidence-closure/source/emi_filter_assembly; test-fixture://review-evidence-closure/source/protective_earth_bar; test-fixture://review-evidence-closure/source/grid_protection_relay; test-fixture://review-evidence-closure/source/voltage_sensing_fuse_set; test-fixture://review-evidence-closure/source/relay_test_block; test-fixture://review-evidence-closure/source/trip_circuit_monitor; test-fixture://review-evidence-closure/source/g99_settings_label; test-fixture://review-evidence-closure/source/corten_steel_side_panel; test-fixture://review-evidence-closure/source/corner_casting; test-fixture://review-evidence-closure/source/marine_plywood_floor; test-fixture://review-evidence-closure/source/roof_panel; test-fixture://review-evidence-closure/source/steel_stud_frame; test-fixture://review-evidence-closure/source/fire_rated_board; test-fixture://review-evidence-closure/source/mineral_wool_insulation; test-fixture://review-evidence-closure/source/intumescent_sealant; test-fixture://review-evidence-closure/source/floor_reinforcement_plate; test-fixture://review-evidence-closure/source/rack_mounting_rail; test-fixture://review-evidence-closure/source/vibration_isolator; test-fixture://review-evidence-closure/source/anchor_bolt_set; test-fixture://review-evidence-closure/source/gland_plate_assembly; test-fixture://review-evidence-closure/source/firestop_collar_set; test-fixture://review-evidence-closure/source/emc_cable_gland; test-fixture://review-evidence-closure/source/rain_drip_shield; test-fixture://review-evidence-closure/source/penetration_schedule_label; test-fixture://review-evidence-closure/source/dc_voltage_transducer; test-fixture://review-evidence-closure/source/hall_current_sensor; test-fixture://review-evidence-closure/source/insulation_monitoring_device; test-fixture://review-evidence-closure/source/auxiliary_metering_transducer; test-fixture://review-evidence-closure/source/temperature_humidity_sensor; test-fixture://review-evidence-closure/source/hydrogen_detector; test-fixture://review-evidence-closure/source/smoke_aspirating_detector; test-fixture://review-evidence-closure/source/door_position_switch; test-fixture://review-evidence-closure/source/coolant_inlet_thermistor; test-fixture://review-evidence-closure/source/coolant_outlet_thermistor; test-fixture://review-evidence-closure/source/flow_meter; test-fixture://review-evidence-closure/source/pressure_transducer; test-fixture://review-evidence-closure/source/fault_recorder_module; test-fixture://review-evidence-closure/source/event_timestamp_logger; test-fixture://review-evidence-closure/source/digital_input_card; test-fixture://review-evidence-closure/source/local_historian_buffer; test-fixture://review-evidence-closure/source/calibration_certificate_holder; test-fixture://review-evidence-closure/source/bms_master_controller; test-fixture://review-evidence-closure/source/isolation_interface; test-fixture://review-evidence-closure/source/contactor_driver_output; test-fixture://review-evidence-closure/source/soc_estimation_firmware; test-fixture://review-evidence-closure/source/industrial_controller; test-fixture://review-evidence-closure/source/i_o_expansion_module; test-fixture://review-evidence-closure/source/network_switch; test-fixture://review-evidence-closure/source/cellular_router; test-fixture://review-evidence-closure/source/modbus_tcp_gateway; test-fixture://review-evidence-closure/source/scada_protocol_adapter; test-fixture://review-evidence-closure/source/time_synchronisation_module; test-fixture://review-evidence-closure/source/cybersecurity_firewall; test-fixture://review-evidence-closure/source/vpn_access_appliance; test-fixture://review-evidence-closure/source/syslog_collector; test-fixture://review-evidence-closure/source/account_key_switch; test-fixture://review-evidence-closure/source/firmware_escrow_tag; test-fixture://review-evidence-closure/source/configuration_backup_module; test-fixture://review-evidence-closure/source/fire_detection_suppression; test-fixture://review-evidence-closure/source/clean_agent_cylinder; test-fixture://review-evidence-closure/source/release_solenoid; test-fixture://review-evidence-closure/source/nozzle_pipework; test-fixture://review-evidence-closure/source/pressure_switch; test-fixture://review-evidence-closure/source/e_stop_mushroom_button; test-fixture://review-evidence-closure/source/safety_relay; test-fixture://review-evidence-closure/source/dc_shunt_trip_output; test-fixture://review-evidence-closure/source/ac_breaker_trip_coil; test-fixture://review-evidence-closure/source/dc_surge_protection_device; test-fixture://review-evidence-closure/source/ac_surge_protection_device; test-fixture://review-evidence-closure/source/arc_flash_label_set; test-fixture://review-evidence-closure/source/protective_earth_bonding_kit; test-fixture://review-evidence-closure/source/pressure_relief_vent_panel; test-fixture://review-evidence-closure/source/vent_microswitch; test-fixture://review-evidence-closure/source/flame_arrestor_mesh; test-fixture://review-evidence-closure/source/vent_weather_hood; test-fixture://review-evidence-closure/source/post_event_inspection_tag; test-fixture://review-evidence-closure/source/container_hvac_unit; test-fixture://review-evidence-closure/source/air_filter_element; test-fixture://review-evidence-closure/source/condensate_drain_kit; test-fixture://review-evidence-closure/source/hvac_controller; test-fixture://review-evidence-closure/source/intake_louvre; test-fixture://review-evidence-closure/source/exhaust_louvre; test-fixture://review-evidence-closure/source/ec_fan_assembly; test-fixture://review-evidence-closure/source/airflow_baffle; test-fixture://review-evidence-closure/source/insulation_panel; test-fixture://review-evidence-closure/source/vapour_barrier_film; test-fixture://review-evidence-closure/source/thermal_break_strip; test-fixture://review-evidence-closure/source/seal_gasket_set; test-fixture://review-evidence-closure/source/dry_cooler_coil; test-fixture://review-evidence-closure/source/ec_condenser_fan; test-fixture://review-evidence-closure/source/fan_contactor; test-fixture://review-evidence-closure/source/coil_guard_grille; test-fixture://review-evidence-closure/source/drain_safe_condensate_pan; test-fixture://review-evidence-closure/source/copper_dc_busbar; test-fixture://review-evidence-closure/source/busbar_support_insulator; test-fixture://review-evidence-closure/source/busbar_shroud; test-fixture://review-evidence-closure/source/torque_witness_marker; test-fixture://review-evidence-closure/source/moulded_case_circuit_breaker; test-fixture://review-evidence-closure/source/ac_contactor; test-fixture://review-evidence-closure/source/metering_ct_set; test-fixture://review-evidence-closure/source/terminal_block_assembly; test-fixture://review-evidence-closure/source/auxiliary_transformer; test-fixture://review-evidence-closure/source/24_v_dc_power_supply; test-fixture://review-evidence-closure/source/miniature_circuit_breaker_bank; test-fixture://review-evidence-closure/source/ups_module; test-fixture://review-evidence-closure/source/main_earth_bar; test-fixture://review-evidence-closure/source/earth_stud_array; test-fixture://review-evidence-closure/source/lightning_surge_counter; test-fixture://review-evidence-closure/source/equipotential_bonding_strap; test-fixture://review-evidence-closure/source/earth_continuity_test_point; test-fixture://review-evidence-closure/source/lockable_access_door; test-fixture://review-evidence-closure/source/door_seal_gasket; test-fixture://review-evidence-closure/source/panic_release_latch; test-fixture://review-evidence-closure/source/door_stay_arm; test-fixture://review-evidence-closure/source/led_service_luminaire; test-fixture://review-evidence-closure/source/emergency_light_fitting; test-fixture://review-evidence-closure/source/maintenance_receptacle; test-fixture://review-evidence-closure/source/lighting_switchgear; test-fixture://review-evidence-closure/source/certified_lifting_lug; test-fixture://review-evidence-closure/source/forklift_pocket_reinforcement; test-fixture://review-evidence-closure/source/removable_rack_guide; test-fixture://review-evidence-closure/source/service_trolley_interface; test-fixture://review-evidence-closure/source/insulated_test_socket; test-fixture://review-evidence-closure/source/coolant_sampling_port; test-fixture://review-evidence-closure/source/laptop_service_port; test-fixture://review-evidence-closure/source/lockout_hasp_rail; test-fixture://review-evidence-closure/source/commissioning_torque_log_plate; test-fixture://review-evidence-closure/source/thermal_management_loop; test-fixture://review-evidence-closure/source/coolant_circulation_pump; test-fixture://review-evidence-closure/source/pump_vfd; test-fixture://review-evidence-closure/source/check_valve; test-fixture://review-evidence-closure/source/isolation_valve; test-fixture://review-evidence-closure/source/coolant_filter_housing; test-fixture://review-evidence-closure/source/replaceable_filter_cartridge; test-fixture://review-evidence-closure/source/glycol_concentration_sensor; test-fixture://review-evidence-closure/source/fill_and_drain_manifold; test-fixture://review-evidence-closure/source/expansion_vessel; test-fixture://review-evidence-closure/source/automatic_air_vent; test-fixture://review-evidence-closure/source/pressure_relief_valve; test-fixture://review-evidence-closure/source/low_pressure_switch; test-fixture://review-evidence-closure/source/plate_heat_exchanger; test-fixture://review-evidence-closure/source/temperature_balancing_valve; test-fixture://review-evidence-closure/source/purge_valve_set; test-fixture://review-evidence-closure/source/service_bypass_loop; test-fixture://review-evidence-closure/source/insulated_hose_set; test-fixture://review-evidence-closure/source/industrial_touchscreen; test-fixture://review-evidence-closure/source/panel_pc; test-fixture://review-evidence-closure/source/key_switch; test-fixture://review-evidence-closure/source/alarm_buzzer_beacon; test-fixture://review-evidence-closure/source/high_voltage_warning_label; test-fixture://review-evidence-closure/source/arc_flash_boundary_label; test-fixture://review-evidence-closure/source/fire_suppression_instruction_placard; test-fixture://review-evidence-closure/source/asset_qr_label; test-fixture://review-evidence-closure/source/laminated_isolation_checklist; test-fixture://review-evidence-closure/source/inspection_log_holder; test-fixture://review-evidence-closure/source/status_stack_light; test-fixture://review-evidence-closure/source/manual_reset_station; test-fixture://review-evidence-closure/source/operator_notification_relay; test-fixture://review-evidence-closure/source/sms_alarm_output_module; test-fixture://review-evidence-closure/source/alarm_acknowledgement_button; test-fixture://review-evidence-closure/source/escalation_contact_label; test-fixture://review-evidence-closure/source/remote_reset_inhibit_relay,,,,,false,false,Keep accepted calculation or source evidence attached to this metric.
headline_metric:opex_annual_gbp,headline_metric,source_backed,source_evidence,Estimated annual OPEX,Estimated annual OPEX = 1644 GBP/year.,formula:opex=capex*0.04,test-fixture://review-evidence-closure/source/lfp_prismatic_cells; test-fixture://review-evidence-closure/source/cell_to_cell_busbar; test-fixture://review-evidence-closure/source/cell_terminal_hardware_set; test-fixture://review-evidence-closure/source/cell_insulation_pad; test-fixture://review-evidence-closure/source/module_fuse; test-fixture://review-evidence-closure/source/module_steel_frame; test-fixture://review-evidence-closure/source/compression_plate; test-fixture://review-evidence-closure/source/compression_tie_rod_set; test-fixture://review-evidence-closure/source/module_top_cover; test-fixture://review-evidence-closure/source/rack_label_plate; test-fixture://review-evidence-closure/source/bms_slave_pcb; test-fixture://review-evidence-closure/source/afe_monitor_ic; test-fixture://review-evidence-closure/source/ntc_thermistor_harness; test-fixture://review-evidence-closure/source/isolated_can_transceiver; test-fixture://review-evidence-closure/source/conformal_coating; test-fixture://review-evidence-closure/source/dc_contactor_or_breaker; test-fixture://review-evidence-closure/source/precharge_resistor; test-fixture://review-evidence-closure/source/hv_fuse_holder; test-fixture://review-evidence-closure/source/pack_current_sensor; test-fixture://review-evidence-closure/source/service_disconnect; test-fixture://review-evidence-closure/source/cell_voltage_sense_loom; test-fixture://review-evidence-closure/source/rack_can_drop_cable; test-fixture://review-evidence-closure/source/harness_strain_relief_rail; test-fixture://review-evidence-closure/source/low_smoke_cable_sleeve; test-fixture://review-evidence-closure/source/rack_cold_plate_manifold; test-fixture://review-evidence-closure/source/thermally_conductive_gap_pad; test-fixture://review-evidence-closure/source/coolant_quick_connector_pair; test-fixture://review-evidence-closure/source/rack_drip_tray; test-fixture://review-evidence-closure/source/leak_detection_rope; test-fixture://review-evidence-closure/source/pcs_inverter; test-fixture://review-evidence-closure/source/igbt_power_module; test-fixture://review-evidence-closure/source/dc_link_capacitor_bank; test-fixture://review-evidence-closure/source/gate_driver_board; test-fixture://review-evidence-closure/source/inverter_control_board; test-fixture://review-evidence-closure/source/liquid_cooled_heatsink; test-fixture://review-evidence-closure/source/cast_resin_transformer; test-fixture://review-evidence-closure/source/hv_winding; test-fixture://review-evidence-closure/source/lv_winding; test-fixture://review-evidence-closure/source/temperature_probe; test-fixture://review-evidence-closure/source/anti_vibration_mount; test-fixture://review-evidence-closure/source/grid_filter_choke; test-fixture://review-evidence-closure/source/ac_filter_capacitor; test-fixture://review-evidence-closure/source/emi_filter_assembly; test-fixture://review-evidence-closure/source/protective_earth_bar; test-fixture://review-evidence-closure/source/grid_protection_relay; test-fixture://review-evidence-closure/source/voltage_sensing_fuse_set; test-fixture://review-evidence-closure/source/relay_test_block; test-fixture://review-evidence-closure/source/trip_circuit_monitor; test-fixture://review-evidence-closure/source/g99_settings_label; test-fixture://review-evidence-closure/source/corten_steel_side_panel; test-fixture://review-evidence-closure/source/corner_casting; test-fixture://review-evidence-closure/source/marine_plywood_floor; test-fixture://review-evidence-closure/source/roof_panel; test-fixture://review-evidence-closure/source/steel_stud_frame; test-fixture://review-evidence-closure/source/fire_rated_board; test-fixture://review-evidence-closure/source/mineral_wool_insulation; test-fixture://review-evidence-closure/source/intumescent_sealant; test-fixture://review-evidence-closure/source/floor_reinforcement_plate; test-fixture://review-evidence-closure/source/rack_mounting_rail; test-fixture://review-evidence-closure/source/vibration_isolator; test-fixture://review-evidence-closure/source/anchor_bolt_set; test-fixture://review-evidence-closure/source/gland_plate_assembly; test-fixture://review-evidence-closure/source/firestop_collar_set; test-fixture://review-evidence-closure/source/emc_cable_gland; test-fixture://review-evidence-closure/source/rain_drip_shield; test-fixture://review-evidence-closure/source/penetration_schedule_label; test-fixture://review-evidence-closure/source/dc_voltage_transducer; test-fixture://review-evidence-closure/source/hall_current_sensor; test-fixture://review-evidence-closure/source/insulation_monitoring_device; test-fixture://review-evidence-closure/source/auxiliary_metering_transducer; test-fixture://review-evidence-closure/source/temperature_humidity_sensor; test-fixture://review-evidence-closure/source/hydrogen_detector; test-fixture://review-evidence-closure/source/smoke_aspirating_detector; test-fixture://review-evidence-closure/source/door_position_switch; test-fixture://review-evidence-closure/source/coolant_inlet_thermistor; test-fixture://review-evidence-closure/source/coolant_outlet_thermistor; test-fixture://review-evidence-closure/source/flow_meter; test-fixture://review-evidence-closure/source/pressure_transducer; test-fixture://review-evidence-closure/source/fault_recorder_module; test-fixture://review-evidence-closure/source/event_timestamp_logger; test-fixture://review-evidence-closure/source/digital_input_card; test-fixture://review-evidence-closure/source/local_historian_buffer; test-fixture://review-evidence-closure/source/calibration_certificate_holder; test-fixture://review-evidence-closure/source/bms_master_controller; test-fixture://review-evidence-closure/source/isolation_interface; test-fixture://review-evidence-closure/source/contactor_driver_output; test-fixture://review-evidence-closure/source/soc_estimation_firmware; test-fixture://review-evidence-closure/source/industrial_controller; test-fixture://review-evidence-closure/source/i_o_expansion_module; test-fixture://review-evidence-closure/source/network_switch; test-fixture://review-evidence-closure/source/cellular_router; test-fixture://review-evidence-closure/source/modbus_tcp_gateway; test-fixture://review-evidence-closure/source/scada_protocol_adapter; test-fixture://review-evidence-closure/source/time_synchronisation_module; test-fixture://review-evidence-closure/source/cybersecurity_firewall; test-fixture://review-evidence-closure/source/vpn_access_appliance; test-fixture://review-evidence-closure/source/syslog_collector; test-fixture://review-evidence-closure/source/account_key_switch; test-fixture://review-evidence-closure/source/firmware_escrow_tag; test-fixture://review-evidence-closure/source/configuration_backup_module; test-fixture://review-evidence-closure/source/fire_detection_suppression; test-fixture://review-evidence-closure/source/clean_agent_cylinder; test-fixture://review-evidence-closure/source/release_solenoid; test-fixture://review-evidence-closure/source/nozzle_pipework; test-fixture://review-evidence-closure/source/pressure_switch; test-fixture://review-evidence-closure/source/e_stop_mushroom_button; test-fixture://review-evidence-closure/source/safety_relay; test-fixture://review-evidence-closure/source/dc_shunt_trip_output; test-fixture://review-evidence-closure/source/ac_breaker_trip_coil; test-fixture://review-evidence-closure/source/dc_surge_protection_device; test-fixture://review-evidence-closure/source/ac_surge_protection_device; test-fixture://review-evidence-closure/source/arc_flash_label_set; test-fixture://review-evidence-closure/source/protective_earth_bonding_kit; test-fixture://review-evidence-closure/source/pressure_relief_vent_panel; test-fixture://review-evidence-closure/source/vent_microswitch; test-fixture://review-evidence-closure/source/flame_arrestor_mesh; test-fixture://review-evidence-closure/source/vent_weather_hood; test-fixture://review-evidence-closure/source/post_event_inspection_tag; test-fixture://review-evidence-closure/source/container_hvac_unit; test-fixture://review-evidence-closure/source/air_filter_element; test-fixture://review-evidence-closure/source/condensate_drain_kit; test-fixture://review-evidence-closure/source/hvac_controller; test-fixture://review-evidence-closure/source/intake_louvre; test-fixture://review-evidence-closure/source/exhaust_louvre; test-fixture://review-evidence-closure/source/ec_fan_assembly; test-fixture://review-evidence-closure/source/airflow_baffle; test-fixture://review-evidence-closure/source/insulation_panel; test-fixture://review-evidence-closure/source/vapour_barrier_film; test-fixture://review-evidence-closure/source/thermal_break_strip; test-fixture://review-evidence-closure/source/seal_gasket_set; test-fixture://review-evidence-closure/source/dry_cooler_coil; test-fixture://review-evidence-closure/source/ec_condenser_fan; test-fixture://review-evidence-closure/source/fan_contactor; test-fixture://review-evidence-closure/source/coil_guard_grille; test-fixture://review-evidence-closure/source/drain_safe_condensate_pan; test-fixture://review-evidence-closure/source/copper_dc_busbar; test-fixture://review-evidence-closure/source/busbar_support_insulator; test-fixture://review-evidence-closure/source/busbar_shroud; test-fixture://review-evidence-closure/source/torque_witness_marker; test-fixture://review-evidence-closure/source/moulded_case_circuit_breaker; test-fixture://review-evidence-closure/source/ac_contactor; test-fixture://review-evidence-closure/source/metering_ct_set; test-fixture://review-evidence-closure/source/terminal_block_assembly; test-fixture://review-evidence-closure/source/auxiliary_transformer; test-fixture://review-evidence-closure/source/24_v_dc_power_supply; test-fixture://review-evidence-closure/source/miniature_circuit_breaker_bank; test-fixture://review-evidence-closure/source/ups_module; test-fixture://review-evidence-closure/source/main_earth_bar; test-fixture://review-evidence-closure/source/earth_stud_array; test-fixture://review-evidence-closure/source/lightning_surge_counter; test-fixture://review-evidence-closure/source/equipotential_bonding_strap; test-fixture://review-evidence-closure/source/earth_continuity_test_point; test-fixture://review-evidence-closure/source/lockable_access_door; test-fixture://review-evidence-closure/source/door_seal_gasket; test-fixture://review-evidence-closure/source/panic_release_latch; test-fixture://review-evidence-closure/source/door_stay_arm; test-fixture://review-evidence-closure/source/led_service_luminaire; test-fixture://review-evidence-closure/source/emergency_light_fitting; test-fixture://review-evidence-closure/source/maintenance_receptacle; test-fixture://review-evidence-closure/source/lighting_switchgear; test-fixture://review-evidence-closure/source/certified_lifting_lug; test-fixture://review-evidence-closure/source/forklift_pocket_reinforcement; test-fixture://review-evidence-closure/source/removable_rack_guide; test-fixture://review-evidence-closure/source/service_trolley_interface; test-fixture://review-evidence-closure/source/insulated_test_socket; test-fixture://review-evidence-closure/source/coolant_sampling_port; test-fixture://review-evidence-closure/source/laptop_service_port; test-fixture://review-evidence-closure/source/lockout_hasp_rail; test-fixture://review-evidence-closure/source/commissioning_torque_log_plate; test-fixture://review-evidence-closure/source/thermal_management_loop; test-fixture://review-evidence-closure/source/coolant_circulation_pump; test-fixture://review-evidence-closure/source/pump_vfd; test-fixture://review-evidence-closure/source/check_valve; test-fixture://review-evidence-closure/source/isolation_valve; test-fixture://review-evidence-closure/source/coolant_filter_housing; test-fixture://review-evidence-closure/source/replaceable_filter_cartridge; test-fixture://review-evidence-closure/source/glycol_concentration_sensor; test-fixture://review-evidence-closure/source/fill_and_drain_manifold; test-fixture://review-evidence-closure/source/expansion_vessel; test-fixture://review-evidence-closure/source/automatic_air_vent; test-fixture://review-evidence-closure/source/pressure_relief_valve; test-fixture://review-evidence-closure/source/low_pressure_switch; test-fixture://review-evidence-closure/source/plate_heat_exchanger; test-fixture://review-evidence-closure/source/temperature_balancing_valve; test-fixture://review-evidence-closure/source/purge_valve_set; test-fixture://review-evidence-closure/source/service_bypass_loop; test-fixture://review-evidence-closure/source/insulated_hose_set; test-fixture://review-evidence-closure/source/industrial_touchscreen; test-fixture://review-evidence-closure/source/panel_pc; test-fixture://review-evidence-closure/source/key_switch; test-fixture://review-evidence-closure/source/alarm_buzzer_beacon; test-fixture://review-evidence-closure/source/high_voltage_warning_label; test-fixture://review-evidence-closure/source/arc_flash_boundary_label; test-fixture://review-evidence-closure/source/fire_suppression_instruction_placard; test-fixture://review-evidence-closure/source/asset_qr_label; test-fixture://review-evidence-closure/source/laminated_isolation_checklist; test-fixture://review-evidence-closure/source/inspection_log_holder; test-fixture://review-evidence-closure/source/status_stack_light; test-fixture://review-evidence-closure/source/manual_reset_station; test-fixture://review-evidence-closure/source/operator_notification_relay; test-fixture://review-evidence-closure/source/sms_alarm_output_module; test-fixture://review-evidence-closure/source/alarm_acknowledgement_button; test-fixture://review-evidence-closure/source/escalation_contact_label; test-fixture://review-evidence-closure/source/remote_reset_inhibit_relay,,,,,false,false,Keep accepted calculation or source evidence attached to this metric.
component_candidate:control_compute_communication_bms_master_bms_master_controller,component_candidate,accepted,reviewer_evidence,BMS master controller,BMS master controller is an architecture-derived component candidate with quantity 1 candidate.,"model:scratch_universal_architecture.energy_storage; source:test-fixture://review-evidence-closure/source/bms_master_controller ""Protocol-only fixture proving source-backed closure. Not a real supplier quote.""",test-fixture://review-evidence-closure/source/bms_master_controller,test-fixture://review-evidence-closure/review/design_review:control_compute_communication,power_mw,control_compute_communication,bms_master_controller,false,false,Keep reviewer evidence attached to this component-candidate allocation.
component_candidate:control_compute_communication_bms_master_contactor_driver_output,component_candidate,accepted,reviewer_evidence,contactor driver output,contactor driver output is an architecture-derived component candidate with quantity 1 candidate.,"model:scratch_universal_architecture.energy_storage; source:test-fixture://review-evidence-closure/source/contactor_driver_output ""Protocol-only fixture proving source-backed closure. Not a real supplier quote.""",test-fixture://review-evidence-closure/source/contactor_driver_output,test-fixture://review-evidence-closure/review/design_review:control_compute_communication,,control_compute_communication,contactor_driver_output,false,false,Keep reviewer evidence attached to this component-candidate allocation.
component_candidate:control_compute_communication_bms_master_isolation_interface,component_candidate,accepted,reviewer_evidence,isolation interface,isolation interface is an architecture-derived component candidate with quantity 1 candidate.,"model:scratch_universal_architecture.energy_storage; source:test-fixture://review-evidence-closure/source/isolation_interface ""Protocol-only fixture proving source-backed closure. Not a real supplier quote.""",test-fixture://review-evidence-closure/source/isolation_interface,test-fixture://review-evidence-closure/review/design_review:control_compute_communication,,control_compute_communication,isolation_interface,false,false,Keep reviewer evidence attached to this component-candidate allocation.
component_candidate:control_compute_communication_bms_master_soc_estimation_firmware,component_candidate,accepted,reviewer_evidence,SOC estimation firmware,SOC estimation firmware is an architecture-derived component candidate with quantity 1 candidate.,"model:scratch_universal_architecture.energy_storage; source:test-fixture://review-evidence-closure/source/soc_estimation_firmware ""Protocol-only fixture proving source-backed closure. Not a real supplier quote.""",test-fixture://review-evidence-closure/source/soc_estimation_firmware,test-fixture://review-evidence-closure/review/design_review:control_compute_communication,,control_compute_communication,soc_estimation_firmware,false,false,Keep reviewer evidence attached to this component-candidate allocation.
component_candidate:control_compute_communication_communications_gateway_cybersecurity_firewall,component_candidate,accepted,reviewer_evidence,cybersecurity firewall,cybersecurity firewall is an architecture-derived component candidate with quantity 1 candidate.,"model:scratch_universal_architecture.energy_storage; source:test-fixture://review-evidence-closure/source/cybersecurity_firewall ""Protocol-only fixture proving source-backed closure. Not a real supplier quote.""",test-fixture://review-evidence-closure/source/cybersecurity_firewall,test-fixture://review-evidence-closure/review/design_review:control_compute_communication,,control_compute_communication,cybersecurity_firewall,false,false,Keep reviewer evidence attached to this component-candidate allocation.
component_candidate:control_compute_communication_communications_gateway_modbus_tcp_gateway,component_candidate,accepted,reviewer_evidence,Modbus TCP gateway,Modbus TCP gateway is an architecture-derived component candidate with quantity 1 candidate.,"model:scratch_universal_architecture.energy_storage; source:test-fixture://review-evidence-closure/source/modbus_tcp_gateway ""Protocol-only fixture proving source-backed closure. Not a real supplier quote.""",test-fixture://review-evidence-closure/source/modbus_tcp_gateway,test-fixture://review-evidence-closure/review/design_review:control_compute_communication,,control_compute_communication,modbus_tcp_gateway,false,false,Keep reviewer evidence attached to this component-candidate allocation.
component_candidate:control_compute_communication_communications_gateway_scada_protocol_adapter,component_candidate,accepted,reviewer_evidence,SCADA protocol adapter,SCADA protocol adapter is an architecture-derived component candidate with quantity 1 candidate.,"model:scratch_universal_architecture.energy_storage; source:test-fixture://review-evidence-closure/source/scada_protocol_adapter ""Protocol-only fixture proving source-backed closure. Not a real supplier quote.""",test-fixture://review-evidence-closure/source/scada_protocol_adapter,test-fixture://review-evidence-closure/review/design_review:control_compute_communication,,control_compute_communication,scada_protocol_adapter,false,false,Keep reviewer evidence attached to this component-candidate allocation.
component_candidate:control_compute_communication_communications_gateway_time_synchronisation_module,component_candidate,accepted,reviewer_evidence,time synchronisation module,time synchronisation module is an architecture-derived component candidate with quantity 1 candidate.,"model:scratch_universal_architecture.energy_storage; source:test-fixture://review-evidence-closure/source/time_synchronisation_module ""Protocol-only fixture proving source-backed closure. Not a real supplier quote.""",test-fixture://review-evidence-closure/source/time_synchronisation_module,test-fixture://review-evidence-closure/review/design_review:control_compute_communication,,control_compute_communication,time_synchronisation_module,false,false,Keep reviewer evidence attached to this component-candidate allocation.
component_candidate:control_compute_communication_cybersecurity_monitoring_account_key_switch,component_candidate,accepted,reviewer_evidence,account key switch,account key switch is an architecture-derived component candidate with quantity 1 candidate.,"model:scratch_universal_architecture.energy_storage; source:test-fixture://review-evidence-closure/source/account_key_switch ""Protocol-only fixture proving source-backed closure. Not a real supplier quote.""",test-fixture://review-evidence-closure/source/account_key_switch,test-fixture://review-evidence-closure/review/design_review:control_compute_communication,,control_compute_communication,account_key_switch,false,false,Keep reviewer evidence attached to this component-candidate allocation.
component_candidate:control_compute_communication_cybersecurity_monitoring_configuration_backup_module,component_candidate,accepted,reviewer_evidence,configuration backup module,configuration backup module is an architecture-derived component candidate with quantity 1 candidate.,"model:scratch_universal_architecture.energy_storage; source:test-fixture://review-evidence-closure/source/configuration_backup_module ""Protocol-only fixture proving source-backed closure. Not a real supplier quote.""",test-fixture://review-evidence-closure/source/configuration_backup_module,test-fixture://review-evidence-closure/review/design_review:control_compute_communication,,control_compute_communication,configuration_backup_module,false,false,Keep reviewer evidence attached to this component-candidate allocation.
component_candidate:control_compute_communication_cybersecurity_monitoring_firmware_escrow_tag,component_candidate,accepted,reviewer_evidence,firmware escrow tag,firmware escrow tag is an architecture-derived component candidate with quantity 1 candidate.,"model:scratch_universal_architecture.energy_storage; source:test-fixture://review-evidence-closure/source/firmware_escrow_tag ""Protocol-only fixture proving source-backed closure. Not a real supplier quote.""",test-fixture://review-evidence-closure/source/firmware_escrow_tag,test-fixture://review-evidence-closure/review/design_review:control_compute_communication,,control_compute_communication,firmware_escrow_tag,false,false,Keep reviewer evidence attached to this component-candidate allocation.
component_candidate:control_compute_communication_cybersecurity_monitoring_syslog_collector,component_candidate,accepted,reviewer_evidence,syslog collector,syslog collector is an architecture-derived component candidate with quantity 1 candidate.,"model:scratch_universal_architecture.energy_storage; source:test-fixture://review-evidence-closure/source/syslog_collector ""Protocol-only fixture proving source-backed closure. Not a real supplier quote.""",test-fixture://review-evidence-closure/source/syslog_collector,test-fixture://review-evidence-closure/review/design_review:control_compute_communication,,control_compute_communication,syslog_collector,false,false,Keep reviewer evidence attached to this component-candidate allocation.
component_candidate:control_compute_communication_cybersecurity_monitoring_vpn_access_appliance,component_candidate,accepted,reviewer_evidence,VPN access appliance,VPN access appliance is an architecture-derived component candidate with quantity 1 candidate.,"model:scratch_universal_architecture.energy_storage; source:test-fixture://review-evidence-closure/source/vpn_access_appliance ""Protocol-only fixture proving source-backed closure. Not a real supplier quote.""",test-fixture://review-evidence-closure/source/vpn_access_appliance,test-fixture://review-evidence-closure/review/design_review:control_compute_communication,,control_compute_communication,vpn_access_appliance,false,false,Keep reviewer evidence attached to this component-candidate allocation.
component_candidate:control_compute_communication_ems_controller_cellular_router,component_candidate,accepted,reviewer_evidence,cellular router,cellular router is an architecture-derived component candidate with quantity 1 candidate.,"model:scratch_universal_architecture.energy_storage; source:test-fixture://review-evidence-closure/source/cellular_router ""Protocol-only fixture proving source-backed closure. Not a real supplier quote.""",test-fixture://review-evidence-closure/source/cellular_router,test-fixture://review-evidence-closure/review/design_review:control_compute_communication,,control_compute_communication,cellular_router,false,false,Keep reviewer evidence attached to this component-candidate allocation.
component_candidate:control_compute_communication_ems_controller_i_o_expansion_module,component_candidate,accepted,reviewer_evidence,I/O expansion module,I/O expansion module is an architecture-derived component candidate with quantity 1 candidate.,"model:scratch_universal_architecture.energy_storage; source:test-fixture://review-evidence-closure/source/i_o_expansion_module ""Protocol-only fixture proving source-backed closure. Not a real supplier quote.""",test-fixture://review-evidence-closure/source/i_o_expansion_module,test-fixture://review-evidence-closure/review/design_review:control_compute_communication,,control_compute_communication,i_o_expansion_module,false,false,Keep reviewer evidence attached to this component-candidate allocation.
component_candidate:control_compute_communication_ems_controller_industrial_controller,component_candidate,accepted,reviewer_evidence,industrial controller,industrial controller is an architecture-derived component candidate with quantity 1 candidate.,"model:scratch_universal_architecture.energy_storage; source:test-fixture://review-evidence-closure/source/industrial_controller ""Protocol-only fixture proving source-backed closure. Not a real supplier quote.""",test-fixture://review-evidence-closure/source/industrial_controller,test-fixture://review-evidence-closure/review/design_review:control_compute_communication,,control_compute_communication,industrial_controller,false,false,Keep reviewer evidence attached to this component-candidate allocation.
component_candidate:control_compute_communication_ems_controller_network_switch,component_candidate,accepted,reviewer_evidence,network switch,network switch is an architecture-derived component candidate with quantity 1 candidate.,"model:scratch_universal_architecture.energy_storage; source:test-fixture://review-evidence-closure/source/network_switch ""Protocol-only fixture proving source-backed closure. Not a real supplier quote.""",test-fixture://review-evidence-closure/source/network_switch,test-fixture://review-evidence-closure/review/design_review:control_compute_communication,,control_compute_communication,network_switch,false,false,Keep reviewer evidence attached to this component-candidate allocation.
component_candidate:energy_conversion_transduction_grid_filter_ac_filter_capacitor,component_candidate,accepted,reviewer_evidence,AC filter capacitor,AC filter capacitor is an architecture-derived component candidate with quantity 1 candidate.,"model:scratch_universal_architecture.energy_storage; source:test-fixture://review-evidence-closure/source/ac_filter_capacitor ""Protocol-only fixture proving source-backed closure. Not a real supplier quote.""",test-fixture://review-evidence-closure/source/ac_filter_capacitor,test-fixture://review-evidence-closure/review/design_review:energy_conversion_transduction,,energy_conversion_transduction,ac_filter_capacitor,false,false,Keep reviewer evidence attached to this component-candidate allocation.
component_candidate:energy_conversion_transduction_grid_filter_emi_filter_assembly,component_candidate,accepted,reviewer_evidence,EMI filter assembly,EMI filter assembly is an architecture-derived component candidate with quantity 1 candidate.,"model:scratch_universal_architecture.energy_storage; source:test-fixture://review-evidence-closure/source/emi_filter_assembly ""Protocol-only fixture proving source-backed closure. Not a real supplier quote.""",test-fixture://review-evidence-closure/source/emi_filter_assembly,test-fixture://review-evidence-closure/review/design_review:energy_conversion_transduction,,energy_conversion_transduction,emi_filter_assembly,false,false,Keep reviewer evidence attached to this component-candidate allocation.
component_candidate:energy_conversion_transduction_grid_filter_grid_filter_choke,component_candidate,accepted,reviewer_evidence,grid filter choke,grid filter choke is an architecture-derived component candidate with quantity 1 candidate.,"model:scratch_universal_architecture.energy_storage; source:test-fixture://review-evidence-closure/source/grid_filter_choke ""Protocol-only fixture proving source-backed closure. Not a real supplier quote.""",test-fixture://review-evidence-closure/source/grid_filter_choke,test-fixture://review-evidence-closure/review/design_review:energy_conversion_transduction,,energy_conversion_transduction,grid_filter_choke,false,false,Keep reviewer evidence attached to this component-candidate allocation.
component_candidate:energy_conversion_transduction_grid_filter_protective_earth_bar,component_candidate,accepted,reviewer_evidence,protective earth bar,protective earth bar is an architecture-derived component candidate with quantity 1 candidate.,"model:scratch_universal_architecture.energy_storage; source:test-fixture://review-evidence-closure/source/protective_earth_bar ""Protocol-only fixture proving source-backed closure. Not a real supplier quote.""",test-fixture://review-evidence-closure/source/protective_earth_bar,test-fixture://review-evidence-closure/review/design_review:energy_conversion_transduction,,energy_conversion_transduction,protective_earth_bar,false,false,Keep reviewer evidence attached to this component-candidate allocation.
component_candidate:energy_conversion_transduction_grid_protection_relay_g99_settings_label,component_candidate,accepted,reviewer_evidence,G99 settings label,G99 settings label is an architecture-derived component candidate with quantity 1 candidate.,"model:scratch_universal_architecture.energy_storage; source:test-fixture://review-evidence-closure/source/g99_settings_label ""Protocol-only fixture proving source-backed closure. Not a real supplier quote.""",test-fixture://review-evidence-closure/source/g99_settings_label,test-fixture://review-evidence-closure/review/design_review:energy_conversion_transduction,,energy_conversion_transduction,g99_settings_label,false,false,Keep reviewer evidence attached to this component-candidate allocation.
component_candidate:energy_conversion_transduction_grid_protection_relay_grid_protection_relay,component_candidate,accepted,reviewer_evidence,grid protection relay,grid protection relay is an architecture-derived component candidate with quantity 1 candidate.,"model:scratch_universal_architecture.energy_storage; source:test-fixture://review-evidence-closure/source/grid_protection_relay ""Protocol-only fixture proving source-backed closure. Not a real supplier quote.""",test-fixture://review-evidence-closure/source/grid_protection_relay,test-fixture://review-evidence-closure/review/design_review:energy_conversion_transduction,,energy_conversion_transduction,grid_protection_relay,false,false,Keep reviewer evidence attached to this component-candidate allocation.
component_candidate:energy_conversion_transduction_grid_protection_relay_relay_test_block,component_candidate,accepted,reviewer_evidence,relay test block,relay test block is an architecture-derived component candidate with quantity 1 candidate.,"model:scratch_universal_architecture.energy_storage; source:test-fixture://review-evidence-closure/source/relay_test_block ""Protocol-only fixture proving source-backed closure. Not a real supplier quote.""",test-fixture://review-evidence-closure/source/relay_test_block,test-fixture://review-evidence-closure/review/design_review:energy_conversion_transduction,,energy_conversion_transduction,relay_test_block,false,false,Keep reviewer evidence attached to this component-candidate allocation.
component_candidate:energy_conversion_transduction_grid_protection_relay_trip_circuit_monitor,component_candidate,accepted,reviewer_evidence,trip circuit monitor,trip circuit monitor is an architecture-derived component candidate with quantity 1 candidate.,"model:scratch_universal_architecture.energy_storage; source:test-fixture://review-evidence-closure/source/trip_circuit_monitor ""Protocol-only fixture proving source-backed closure. Not a real supplier quote.""",test-fixture://review-evidence-closure/source/trip_circuit_monitor,test-fixture://review-evidence-closure/review/design_review:energy_conversion_transduction,,energy_conversion_transduction,trip_circuit_monitor,false,false,Keep reviewer evidence attached to this component-candidate allocation.
component_candidate:energy_conversion_transduction_grid_protection_relay_voltage_sensing_fuse_set,component_candidate,accepted,reviewer_evidence,voltage sensing fuse set,voltage sensing fuse set is an architecture-derived component candidate with quantity 1 candidate.,"model:scratch_universal_architecture.energy_storage; source:test-fixture://review-evidence-closure/source/voltage_sensing_fuse_set ""Protocol-only fixture proving source-backed closure. Not a real supplier quote.""",test-fixture://review-evidence-closure/source/voltage_sensing_fuse_set,test-fixture://review-evidence-closure/review/design_review:energy_conversion_transduction,,energy_conversion_transduction,voltage_sensing_fuse_set,false,false,Keep reviewer evidence attached to this component-candidate allocation.
component_candidate:energy_conversion_transduction_pcs_inverter_dc_link_capacitor_bank,component_candidate,accepted,reviewer_evidence,DC link capacitor bank,DC link capacitor bank is an architecture-derived component candidate with quantity 1 candidate.,"model:scratch_universal_architecture.energy_storage; source:test-fixture://review-evidence-closure/source/dc_link_capacitor_bank ""Protocol-only fixture proving source-backed closure. Not a real supplier quote.""",test-fixture://review-evidence-closure/source/dc_link_capacitor_bank,test-fixture://review-evidence-closure/review/design_review:energy_conversion_transduction,,energy_conversion_transduction,dc_link_capacitor_bank,false,false,Keep reviewer evidence attached to this component-candidate allocation.
component_candidate:energy_conversion_transduction_pcs_inverter_gate_driver_board,component_candidate,accepted,reviewer_evidence,gate driver board,gate driver board is an architecture-derived component candidate with quantity 1 candidate.,"model:scratch_universal_architecture.energy_storage; source:test-fixture://review-evidence-closure/source/gate_driver_board ""Protocol-only fixture proving source-backed closure. Not a real supplier quote.""",test-fixture://review-evidence-closure/source/gate_driver_board,test-fixture://review-evidence-closure/review/design_review:energy_conversion_transduction,,energy_conversion_transduction,gate_driver_board,false,false,Keep reviewer evidence attached to this component-candidate allocation.
component_candidate:energy_conversion_transduction_pcs_inverter_igbt_power_module,component_candidate,accepted,reviewer_evidence,IGBT power module,IGBT power module is an architecture-derived component candidate with quantity 1 candidate.,"model:scratch_universal_architecture.energy_storage; source:test-fixture://review-evidence-closure/source/igbt_power_module ""Protocol-only fixture proving source-backed closure. Not a real supplier quote.""",test-fixture://review-evidence-closure/source/igbt_power_module,test-fixture://review-evidence-closure/review/design_review:energy_conversion_transduction,,energy_conversion_transduction,igbt_power_module,false,false,Keep reviewer evidence attached to this component-candidate allocation.
component_candidate:energy_conversion_transduction_pcs_inverter_inverter_control_board,component_candidate,accepted,reviewer_evidence,inverter control board,inverter control board is an architecture-derived component candidate with quantity 1 candidate.,"model:scratch_universal_architecture.energy_storage; source:test-fixture://review-evidence-closure/source/inverter_control_board ""Protocol-only fixture proving source-backed closure. Not a real supplier quote.""",test-fixture://review-evidence-closure/source/inverter_control_board,test-fixture://review-evidence-closure/review/design_review:energy_conversion_transduction,,energy_conversion_transduction,inverter_control_board,false,false,Keep reviewer evidence attached to this component-candidate allocation.
component_candidate:energy_conversion_transduction_pcs_inverter_liquid_cooled_heatsink,component_candidate,accepted,reviewer_evidence,liquid-cooled heatsink,liquid-cooled heatsink is an architecture-derived component candidate with quantity 1 candidate.,"model:scratch_universal_architecture.energy_storage; source:test-fixture://review-evidence-closure/source/liquid_cooled_heatsink ""Protocol-only fixture proving source-backed closure. Not a real supplier quote.""",test-fixture://review-evidence-closure/source/liquid_cooled_heatsink,test-fixture://review-evidence-closure/review/design_review:energy_conversion_transduction,,energy_conversion_transduction,liquid_cooled_heatsink,false,false,Keep reviewer evidence attached to this component-candidate allocation.
component_candidate:energy_conversion_transduction_pcs_inverter_pcs_inverter,component_candidate,accepted,reviewer_evidence,PCS inverter,PCS inverter is an architecture-derived component candidate with quantity 1 candidate.,"model:scratch_universal_architecture.energy_storage; source:test-fixture://review-evidence-closure/source/pcs_inverter ""Protocol-only fixture proving source-backed closure. Not a real supplier quote.""",test-fixture://review-evidence-closure/source/pcs_inverter,test-fixture://review-evidence-closure/review/design_review:energy_conversion_transduction,capacity_mwh; power_mw,energy_conversion_transduction,pcs_inverter,false,false,Keep reviewer evidence attached to this component-candidate allocation.
component_candidate:energy_conversion_transduction_transformer_stage_anti_vibration_mount,component_candidate,accepted,reviewer_evidence,anti-vibration mount,anti-vibration mount is an architecture-derived component candidate with quantity 1 candidate.,"model:scratch_universal_architecture.energy_storage; source:test-fixture://review-evidence-closure/source/anti_vibration_mount ""Protocol-only fixture proving source-backed closure. Not a real supplier quote.""",test-fixture://review-evidence-closure/source/anti_vibration_mount,test-fixture://review-evidence-closure/review/design_review:energy_conversion_transduction,,energy_conversion_transduction,anti_vibration_mount,false,false,Keep reviewer evidence attached to this component-candidate allocation.
component_candidate:energy_conversion_transduction_transformer_stage_cast_resin_transformer,component_candidate,accepted,reviewer_evidence,cast resin transformer,cast resin transformer is an architecture-derived component candidate with quantity 1 candidate.,"model:scratch_universal_architecture.energy_storage; source:test-fixture://review-evidence-closure/source/cast_resin_transformer ""Protocol-only fixture proving source-backed closure. Not a real supplier quote.""",test-fixture://review-evidence-closure/source/cast_resin_transformer,test-fixture://review-evidence-closure/review/design_review:energy_conversion_transduction,,energy_conversion_transduction,cast_resin_transformer,false,false,Keep reviewer evidence attached to this component-candidate allocation.
component_candidate:energy_conversion_transduction_transformer_stage_hv_winding,component_candidate,accepted,reviewer_evidence,HV winding,HV winding is an architecture-derived component candidate with quantity 1 candidate.,"model:scratch_universal_architecture.energy_storage; source:test-fixture://review-evidence-closure/source/hv_winding ""Protocol-only fixture proving source-backed closure. Not a real supplier quote.""",test-fixture://review-evidence-closure/source/hv_winding,test-fixture://review-evidence-closure/review/design_review:energy_conversion_transduction,,energy_conversion_transduction,hv_winding,false,false,Keep reviewer evidence attached to this component-candidate allocation.
component_candidate:energy_conversion_transduction_transformer_stage_lv_winding,component_candidate,accepted,reviewer_evidence,LV winding,LV winding is an architecture-derived component candidate with quantity 1 candidate.,"model:scratch_universal_architecture.energy_storage; source:test-fixture://review-evidence-closure/source/lv_winding ""Protocol-only fixture proving source-backed closure. Not a real supplier quote.""",test-fixture://review-evidence-closure/source/lv_winding,test-fixture://review-evidence-closure/review/design_review:energy_conversion_transduction,,energy_conversion_transduction,lv_winding,false,false,Keep reviewer evidence attached to this component-candidate allocation.
component_candidate:energy_conversion_transduction_transformer_stage_temperature_probe,component_candidate,accepted,reviewer_evidence,temperature probe,temperature probe is an architecture-derived component candidate with quantity 1 candidate.,"model:scratch_universal_architecture.energy_storage; source:test-fixture://review-evidence-closure/source/temperature_probe ""Protocol-only fixture proving source-backed closure. Not a real supplier quote.""",test-fixture://review-evidence-closure/source/temperature_probe,test-fixture://review-evidence-closure/review/design_review:energy_conversion_transduction,,energy_conversion_transduction,temperature_probe,false,false,Keep reviewer evidence attached to this component-candidate allocation.
component_candidate:energy_storage_source_bms_slave_afe_monitor_ic,component_candidate,accepted,reviewer_evidence,AFE monitor IC,AFE monitor IC is an architecture-derived component candidate with quantity 1 candidate.,"model:scratch_universal_architecture.energy_storage; source:test-fixture://review-evidence-closure/source/afe_monitor_ic ""Protocol-only fixture proving source-backed closure. Not a real supplier quote.""",test-fixture://review-evidence-closure/source/afe_monitor_ic,test-fixture://review-evidence-closure/review/design_review:energy_storage_source,,energy_storage_source,afe_monitor_ic,false,false,Keep reviewer evidence attached to this component-candidate allocation.
component_candidate:energy_storage_source_bms_slave_bms_slave_pcb,component_candidate,accepted,reviewer_evidence,BMS slave PCB,BMS slave PCB is an architecture-derived component candidate with quantity 1 candidate.,"model:scratch_universal_architecture.energy_storage; source:test-fixture://review-evidence-closure/source/bms_slave_pcb ""Protocol-only fixture proving source-backed closure. Not a real supplier quote.""",test-fixture://review-evidence-closure/source/bms_slave_pcb,test-fixture://review-evidence-closure/review/design_review:energy_storage_source,,energy_storage_source,bms_slave_pcb,false,false,Keep reviewer evidence attached to this component-candidate allocation.
component_candidate:energy_storage_source_bms_slave_conformal_coating,component_candidate,accepted,reviewer_evidence,conformal coating,conformal coating is an architecture-derived component candidate with quantity 1 candidate.,"model:scratch_universal_architecture.energy_storage; source:test-fixture://review-evidence-closure/source/conformal_coating ""Protocol-only fixture proving source-backed closure. Not a real supplier quote.""",test-fixture://review-evidence-closure/source/conformal_coating,test-fixture://review-evidence-closure/review/design_review:energy_storage_source,,energy_storage_source,conformal_coating,false,false,Keep reviewer evidence attached to this component-candidate allocation.
component_candidate:energy_storage_source_bms_slave_isolated_can_transceiver,component_candidate,accepted,reviewer_evidence,isolated CAN transceiver,isolated CAN transceiver is an architecture-derived component candidate with quantity 1 candidate.,"model:scratch_universal_architecture.energy_storage; source:test-fixture://review-evidence-closure/source/isolated_can_transceiver ""Protocol-only fixture proving source-backed closure. Not a real supplier quote.""",test-fixture://review-evidence-closure/source/isolated_can_transceiver,test-fixture://review-evidence-closure/review/design_review:energy_storage_source,,energy_storage_source,isolated_can_transceiver,false,false,Keep reviewer evidence attached to this component-candidate allocation.
component_candidate:energy_storage_source_bms_slave_ntc_thermistor_harness,component_candidate,accepted,reviewer_evidence,NTC thermistor harness,NTC thermistor harness is an architecture-derived component candidate with quantity 1 candidate.,"model:scratch_universal_architecture.energy_storage; source:test-fixture://review-evidence-closure/source/ntc_thermistor_harness ""Protocol-only fixture proving source-backed closure. Not a real supplier quote.""",test-fixture://review-evidence-closure/source/ntc_thermistor_harness,test-fixture://review-evidence-closure/review/design_review:energy_storage_source,,energy_storage_source,ntc_thermistor_harness,false,false,Keep reviewer evidence attached to this component-candidate allocation.
component_candidate:energy_storage_source_cell_string_cell_insulation_pad,component_candidate,accepted,reviewer_evidence,cell insulation pad,cell insulation pad is an architecture-derived component candidate with quantity 1 candidate.,"model:scratch_universal_architecture.energy_storage; source:test-fixture://review-evidence-closure/source/cell_insulation_pad ""Protocol-only fixture proving source-backed closure. Not a real supplier quote.""",test-fixture://review-evidence-closure/source/cell_insulation_pad,test-fixture://review-evidence-closure/review/design_review:energy_storage_source,,energy_storage_source,cell_insulation_pad,false,false,Keep reviewer evidence attached to this component-candidate allocation.
component_candidate:energy_storage_source_cell_string_cell_terminal_hardware_set,component_candidate,accepted,reviewer_evidence,cell terminal hardware set,cell terminal hardware set is an architecture-derived component candidate with quantity 1 candidate.,"model:scratch_universal_architecture.energy_storage; source:test-fixture://review-evidence-closure/source/cell_terminal_hardware_set ""Protocol-only fixture proving source-backed closure. Not a real supplier quote.""",test-fixture://review-evidence-closure/source/cell_terminal_hardware_set,test-fixture://review-evidence-closure/review/design_review:energy_storage_source,,energy_storage_source,cell_terminal_hardware_set,false,false,Keep reviewer evidence attached to this component-candidate allocation.
component_candidate:energy_storage_source_cell_string_cell_to_cell_busbar,component_candidate,accepted,reviewer_evidence,cell-to-cell busbar,cell-to-cell busbar is an architecture-derived component candidate with quantity 1 candidate.,"model:scratch_universal_architecture.energy_storage; source:test-fixture://review-evidence-closure/source/cell_to_cell_busbar ""Protocol-only fixture proving source-backed closure. Not a real supplier quote.""",test-fixture://review-evidence-closure/source/cell_to_cell_busbar,test-fixture://review-evidence-closure/review/design_review:energy_storage_source,,energy_storage_source,cell_to_cell_busbar,false,false,Keep reviewer evidence attached to this component-candidate allocation.
component_candidate:energy_storage_source_cell_string_lfp_prismatic_cells,component_candidate,accepted,reviewer_evidence,LFP prismatic cells,LFP prismatic cells is an architecture-derived component candidate with quantity 1 candidate.,"model:scratch_universal_architecture.energy_storage; source:test-fixture://review-evidence-closure/source/lfp_prismatic_cells ""Protocol-only fixture proving source-backed closure. Not a real supplier quote.""",test-fixture://review-evidence-closure/source/lfp_prismatic_cells,test-fixture://review-evidence-closure/review/design_review:energy_storage_source,capacity_mwh,energy_storage_source,lfp_prismatic_cells,false,false,Keep reviewer evidence attached to this component-candidate allocation.
component_candidate:energy_storage_source_cell_string_module_fuse,component_candidate,accepted,reviewer_evidence,module fuse,module fuse is an architecture-derived component candidate with quantity 1 candidate.,"model:scratch_universal_architecture.energy_storage; source:test-fixture://review-evidence-closure/source/module_fuse ""Protocol-only fixture proving source-backed closure. Not a real supplier quote.""",test-fixture://review-evidence-closure/source/module_fuse,test-fixture://review-evidence-closure/review/design_review:energy_storage_source,,energy_storage_source,module_fuse,false,false,Keep reviewer evidence attached to this component-candidate allocation.
component_candidate:energy_storage_source_dc_string_output_dc_contactor_or_breaker,component_candidate,accepted,reviewer_evidence,DC contactor or breaker,DC contactor or breaker is an architecture-derived component candidate with quantity 1 candidate.,"model:scratch_universal_architecture.energy_storage; source:test-fixture://review-evidence-closure/source/dc_contactor_or_breaker ""Protocol-only fixture proving source-backed closure. Not a real supplier quote.""",test-fixture://review-evidence-closure/source/dc_contactor_or_breaker,test-fixture://review-evidence-closure/review/design_review:energy_storage_source,,energy_storage_source,dc_contactor_or_breaker,false,false,Keep reviewer evidence attached to this component-candidate allocation.
component_candidate:energy_storage_source_dc_string_output_hv_fuse_holder,component_candidate,accepted,reviewer_evidence,HV fuse holder,HV fuse holder is an architecture-derived component candidate with quantity 1 candidate.,"model:scratch_universal_architecture.energy_storage; source:test-fixture://review-evidence-closure/source/hv_fuse_holder ""Protocol-only fixture proving source-backed closure. Not a real supplier quote.""",test-fixture://review-evidence-closure/source/hv_fuse_holder,test-fixture://review-evidence-closure/review/design_review:energy_storage_source,,energy_storage_source,hv_fuse_holder,false,false,Keep reviewer evidence attached to this component-candidate allocation.
component_candidate:energy_storage_source_dc_string_output_pack_current_sensor,component_candidate,accepted,reviewer_evidence,pack current sensor,pack current sensor is an architecture-derived component candidate with quantity 1 candidate.,"model:scratch_universal_architecture.energy_storage; source:test-fixture://review-evidence-closure/source/pack_current_sensor ""Protocol-only fixture proving source-backed closure. Not a real supplier quote.""",test-fixture://review-evidence-closure/source/pack_current_sensor,test-fixture://review-evidence-closure/review/design_review:energy_storage_source,,energy_storage_source,pack_current_sensor,false,false,Keep reviewer evidence attached to this component-candidate allocation.
component_candidate:energy_storage_source_dc_string_output_precharge_resistor,component_candidate,accepted,reviewer_evidence,precharge resistor,precharge resistor is an architecture-derived component candidate with quantity 1 candidate.,"model:scratch_universal_architecture.energy_storage; source:test-fixture://review-evidence-closure/source/precharge_resistor ""Protocol-only fixture proving source-backed closure. Not a real supplier quote.""",test-fixture://review-evidence-closure/source/precharge_resistor,test-fixture://review-evidence-closure/review/design_review:energy_storage_source,,energy_storage_source,precharge_resistor,false,false,Keep reviewer evidence attached to this component-candidate allocation.
component_candidate:energy_storage_source_dc_string_output_service_disconnect,component_candidate,accepted,reviewer_evidence,service disconnect,service disconnect is an architecture-derived component candidate with quantity 1 candidate.,"model:scratch_universal_architecture.energy_storage; source:test-fixture://review-evidence-closure/source/service_disconnect ""Protocol-only fixture proving source-backed closure. Not a real supplier quote.""",test-fixture://review-evidence-closure/source/service_disconnect,test-fixture://review-evidence-closure/review/design_review:energy_storage_source,,energy_storage_source,service_disconnect,false,false,Keep reviewer evidence attached to this component-candidate allocation.
component_candidate:energy_storage_source_module_interconnect_harness_cell_voltage_sense_loom,component_candidate,accepted,reviewer_evidence,cell voltage sense loom,cell voltage sense loom is an architecture-derived component candidate with quantity 1 candidate.,"model:scratch_universal_architecture.energy_storage; source:test-fixture://review-evidence-closure/source/cell_voltage_sense_loom ""Protocol-only fixture proving source-backed closure. Not a real supplier quote.""",test-fixture://review-evidence-closure/source/cell_voltage_sense_loom,test-fixture://review-evidence-closure/review/design_review:energy_storage_source,,energy_storage_source,cell_voltage_sense_loom,false,false,Keep reviewer evidence attached to this component-candidate allocation.
component_candidate:energy_storage_source_module_interconnect_harness_harness_strain_relief_rail,component_candidate,accepted,reviewer_evidence,harness strain relief rail,harness strain relief rail is an architecture-derived component candidate with quantity 1 candidate.,"model:scratch_universal_architecture.energy_storage; source:test-fixture://review-evidence-closure/source/harness_strain_relief_rail ""Protocol-only fixture proving source-backed closure. Not a real supplier quote.""",test-fixture://review-evidence-closure/source/harness_strain_relief_rail,test-fixture://review-evidence-closure/review/design_review:energy_storage_source,,energy_storage_source,harness_strain_relief_rail,false,false,Keep reviewer evidence attached to this component-candidate allocation.
component_candidate:energy_storage_source_module_interconnect_harness_low_smoke_cable_sleeve,component_candidate,accepted,reviewer_evidence,low-smoke cable sleeve,low-smoke cable sleeve is an architecture-derived component candidate with quantity 1 candidate.,"model:scratch_universal_architecture.energy_storage; source:test-fixture://review-evidence-closure/source/low_smoke_cable_sleeve ""Protocol-only fixture proving source-backed closure. Not a real supplier quote.""",test-fixture://review-evidence-closure/source/low_smoke_cable_sleeve,test-fixture://review-evidence-closure/review/design_review:energy_storage_source,,energy_storage_source,low_smoke_cable_sleeve,false,false,Keep reviewer evidence attached to this component-candidate allocation.
component_candidate:energy_storage_source_module_interconnect_harness_rack_can_drop_cable,component_candidate,accepted,reviewer_evidence,rack CAN drop cable,rack CAN drop cable is an architecture-derived component candidate with quantity 1 candidate.,"model:scratch_universal_architecture.energy_storage; source:test-fixture://review-evidence-closure/source/rack_can_drop_cable ""Protocol-only fixture proving source-backed closure. Not a real supplier quote.""",test-fixture://review-evidence-closure/source/rack_can_drop_cable,test-fixture://review-evidence-closure/review/design_review:energy_storage_source,,energy_storage_source,rack_can_drop_cable,false,false,Keep reviewer evidence attached to this component-candidate allocation.
component_candidate:energy_storage_source_rack_structure_compression_plate,component_candidate,accepted,reviewer_evidence,compression plate,compression plate is an architecture-derived component candidate with quantity 1 candidate.,"model:scratch_universal_architecture.energy_storage; source:test-fixture://review-evidence-closure/source/compression_plate ""Protocol-only fixture proving source-backed closure. Not a real supplier quote.""",test-fixture://review-evidence-closure/source/compression_plate,test-fixture://review-evidence-closure/review/design_review:energy_storage_source,,energy_storage_source,compression_plate,false,false,Keep reviewer evidence attached to this component-candidate allocation.
component_candidate:energy_storage_source_rack_structure_compression_tie_rod_set,component_candidate,accepted,reviewer_evidence,compression tie rod set,compression tie rod set is an architecture-derived component candidate with quantity 1 candidate.,"model:scratch_universal_architecture.energy_storage; source:test-fixture://review-evidence-closure/source/compression_tie_rod_set ""Protocol-only fixture proving source-backed closure. Not a real supplier quote.""",test-fixture://review-evidence-closure/source/compression_tie_rod_set,test-fixture://review-evidence-closure/review/design_review:energy_storage_source,,energy_storage_source,compression_tie_rod_set,false,false,Keep reviewer evidence attached to this component-candidate allocation.
component_candidate:energy_storage_source_rack_structure_module_steel_frame,component_candidate,accepted,reviewer_evidence,module steel frame,module steel frame is an architecture-derived component candidate with quantity 1 candidate.,"model:scratch_universal_architecture.energy_storage; source:test-fixture://review-evidence-closure/source/module_steel_frame ""Protocol-only fixture proving source-backed closure. Not a real supplier quote.""",test-fixture://review-evidence-closure/source/module_steel_frame,test-fixture://review-evidence-closure/review/design_review:energy_storage_source,,energy_storage_source,module_steel_frame,false,false,Keep reviewer evidence attached to this component-candidate allocation.
component_candidate:energy_storage_source_rack_structure_module_top_cover,component_candidate,accepted,reviewer_evidence,module top cover,module top cover is an architecture-derived component candidate with quantity 1 candidate.,"model:scratch_universal_architecture.energy_storage; source:test-fixture://review-evidence-closure/source/module_top_cover ""Protocol-only fixture proving source-backed closure. Not a real supplier quote.""",test-fixture://review-evidence-closure/source/module_top_cover,test-fixture://review-evidence-closure/review/design_review:energy_storage_source,,energy_storage_source,module_top_cover,false,false,Keep reviewer evidence attached to this component-candidate allocation.
component_candidate:energy_storage_source_rack_structure_rack_label_plate,component_candidate,accepted,reviewer_evidence,rack label plate,rack label plate is an architecture-derived component candidate with quantity 1 candidate.,"model:scratch_universal_architecture.energy_storage; source:test-fixture://review-evidence-closure/source/rack_label_plate ""Protocol-only fixture proving source-backed closure. Not a real supplier quote.""",test-fixture://review-evidence-closure/source/rack_label_plate,test-fixture://review-evidence-closure/review/design_review:energy_storage_source,,energy_storage_source,rack_label_plate,false,false,Keep reviewer evidence attached to this component-candidate allocation.
component_candidate:energy_storage_source_rack_thermal_interface_coolant_quick_connector_pair,component_candidate,accepted,reviewer_evidence,coolant quick connector pair,coolant quick connector pair is an architecture-derived component candidate with quantity 1 candidate.,"model:scratch_universal_architecture.energy_storage; source:test-fixture://review-evidence-closure/source/coolant_quick_connector_pair ""Protocol-only fixture proving source-backed closure. Not a real supplier quote.""",test-fixture://review-evidence-closure/source/coolant_quick_connector_pair,test-fixture://review-evidence-closure/review/design_review:energy_storage_source,,energy_storage_source,coolant_quick_connector_pair,false,false,Keep reviewer evidence attached to this component-candidate allocation.
component_candidate:energy_storage_source_rack_thermal_interface_leak_detection_rope,component_candidate,accepted,reviewer_evidence,leak detection rope,leak detection rope is an architecture-derived component candidate with quantity 1 candidate.,"model:scratch_universal_architecture.energy_storage; source:test-fixture://review-evidence-closure/source/leak_detection_rope ""Protocol-only fixture proving source-backed closure. Not a real supplier quote.""",test-fixture://review-evidence-closure/source/leak_detection_rope,test-fixture://review-evidence-closure/review/design_review:energy_storage_source,,energy_storage_source,leak_detection_rope,false,false,Keep reviewer evidence attached to this component-candidate allocation.
component_candidate:energy_storage_source_rack_thermal_interface_rack_cold_plate_manifold,component_candidate,accepted,reviewer_evidence,rack cold plate manifold,rack cold plate manifold is an architecture-derived component candidate with quantity 1 candidate.,"model:scratch_universal_architecture.energy_storage; source:test-fixture://review-evidence-closure/source/rack_cold_plate_manifold ""Protocol-only fixture proving source-backed closure. Not a real supplier quote.""",test-fixture://review-evidence-closure/source/rack_cold_plate_manifold,test-fixture://review-evidence-closure/review/design_review:energy_storage_source,,energy_storage_source,rack_cold_plate_manifold,false,false,Keep reviewer evidence attached to this component-candidate allocation.
component_candidate:energy_storage_source_rack_thermal_interface_rack_drip_tray,component_candidate,accepted,reviewer_evidence,rack drip tray,rack drip tray is an architecture-derived component candidate with quantity 1 candidate.,"model:scratch_universal_architecture.energy_storage; source:test-fixture://review-evidence-closure/source/rack_drip_tray ""Protocol-only fixture proving source-backed closure. Not a real supplier quote.""",test-fixture://review-evidence-closure/source/rack_drip_tray,test-fixture://review-evidence-closure/review/design_review:energy_storage_source,,energy_storage_source,rack_drip_tray,false,false,Keep reviewer evidence attached to this component-candidate allocation.
component_candidate:energy_storage_source_rack_thermal_interface_thermally_conductive_gap_pad,component_candidate,accepted,reviewer_evidence,thermally conductive gap pad,thermally conductive gap pad is an architecture-derived component candidate with quantity 1 candidate.,"model:scratch_universal_architecture.energy_storage; source:test-fixture://review-evidence-closure/source/thermally_conductive_gap_pad ""Protocol-only fixture proving source-backed closure. Not a real supplier quote.""",test-fixture://review-evidence-closure/source/thermally_conductive_gap_pad,test-fixture://review-evidence-closure/review/design_review:energy_storage_source,,energy_storage_source,thermally_conductive_gap_pad,false,false,Keep reviewer evidence attached to this component-candidate allocation.
component_candidate:environmental_interface_heat_rejection_coil_coil_guard_grille,component_candidate,accepted,reviewer_evidence,coil guard grille,coil guard grille is an architecture-derived component candidate with quantity 1 candidate.,"model:scratch_universal_architecture.energy_storage; source:test-fixture://review-evidence-closure/source/coil_guard_grille ""Protocol-only fixture proving source-backed closure. Not a real supplier quote.""",test-fixture://review-evidence-closure/source/coil_guard_grille,test-fixture://review-evidence-closure/review/design_review:environmental_interface,,environmental_interface,coil_guard_grille,false,false,Keep reviewer evidence attached to this component-candidate allocation.
component_candidate:environmental_interface_heat_rejection_coil_drain_safe_condensate_pan,component_candidate,accepted,reviewer_evidence,drain-safe condensate pan,drain-safe condensate pan is an architecture-derived component candidate with quantity 1 candidate.,"model:scratch_universal_architecture.energy_storage; source:test-fixture://review-evidence-closure/source/drain_safe_condensate_pan ""Protocol-only fixture proving source-backed closure. Not a real supplier quote.""",test-fixture://review-evidence-closure/source/drain_safe_condensate_pan,test-fixture://review-evidence-closure/review/design_review:environmental_interface,,environmental_interface,drain_safe_condensate_pan,false,false,Keep reviewer evidence attached to this component-candidate allocation.
component_candidate:environmental_interface_heat_rejection_coil_dry_cooler_coil,component_candidate,accepted,reviewer_evidence,dry cooler coil,dry cooler coil is an architecture-derived component candidate with quantity 1 candidate.,"model:scratch_universal_architecture.energy_storage; source:test-fixture://review-evidence-closure/source/dry_cooler_coil ""Protocol-only fixture proving source-backed closure. Not a real supplier quote.""",test-fixture://review-evidence-closure/source/dry_cooler_coil,test-fixture://review-evidence-closure/review/design_review:environmental_interface,,environmental_interface,dry_cooler_coil,false,false,Keep reviewer evidence attached to this component-candidate allocation.
component_candidate:environmental_interface_heat_rejection_coil_ec_condenser_fan,component_candidate,accepted,reviewer_evidence,EC condenser fan,EC condenser fan is an architecture-derived component candidate with quantity 1 candidate.,"model:scratch_universal_architecture.energy_storage; source:test-fixture://review-evidence-closure/source/ec_condenser_fan ""Protocol-only fixture proving source-backed closure. Not a real supplier quote.""",test-fixture://review-evidence-closure/source/ec_condenser_fan,test-fixture://review-evidence-closure/review/design_review:environmental_interface,,environmental_interface,ec_condenser_fan,false,false,Keep reviewer evidence attached to this component-candidate allocation.
component_candidate:environmental_interface_heat_rejection_coil_fan_contactor,component_candidate,accepted,reviewer_evidence,fan contactor,fan contactor is an architecture-derived component candidate with quantity 1 candidate.,"model:scratch_universal_architecture.energy_storage; source:test-fixture://review-evidence-closure/source/fan_contactor ""Protocol-only fixture proving source-backed closure. Not a real supplier quote.""",test-fixture://review-evidence-closure/source/fan_contactor,test-fixture://review-evidence-closure/review/design_review:environmental_interface,,environmental_interface,fan_contactor,false,false,Keep reviewer evidence attached to this component-candidate allocation.
component_candidate:environmental_interface_hvac_unit_air_filter_element,component_candidate,accepted,reviewer_evidence,air filter element,air filter element is an architecture-derived component candidate with quantity 1 candidate.,"model:scratch_universal_architecture.energy_storage; source:test-fixture://review-evidence-closure/source/air_filter_element ""Protocol-only fixture proving source-backed closure. Not a real supplier quote.""",test-fixture://review-evidence-closure/source/air_filter_element,test-fixture://review-evidence-closure/review/design_review:environmental_interface,,environmental_interface,air_filter_element,false,false,Keep reviewer evidence attached to this component-candidate allocation.
component_candidate:environmental_interface_hvac_unit_condensate_drain_kit,component_candidate,accepted,reviewer_evidence,condensate drain kit,condensate drain kit is an architecture-derived component candidate with quantity 1 candidate.,"model:scratch_universal_architecture.energy_storage; source:test-fixture://review-evidence-closure/source/condensate_drain_kit ""Protocol-only fixture proving source-backed closure. Not a real supplier quote.""",test-fixture://review-evidence-closure/source/condensate_drain_kit,test-fixture://review-evidence-closure/review/design_review:environmental_interface,,environmental_interface,condensate_drain_kit,false,false,Keep reviewer evidence attached to this component-candidate allocation.
component_candidate:environmental_interface_hvac_unit_container_hvac_unit,component_candidate,accepted,reviewer_evidence,container HVAC unit,container HVAC unit is an architecture-derived component candidate with quantity 1 candidate.,"model:scratch_universal_architecture.energy_storage; source:test-fixture://review-evidence-closure/source/container_hvac_unit ""Protocol-only fixture proving source-backed closure. Not a real supplier quote.""",test-fixture://review-evidence-closure/source/container_hvac_unit,test-fixture://review-evidence-closure/review/design_review:environmental_interface,,environmental_interface,container_hvac_unit,false,false,Keep reviewer evidence attached to this component-candidate allocation.
component_candidate:environmental_interface_hvac_unit_hvac_controller,component_candidate,accepted,reviewer_evidence,HVAC controller,HVAC controller is an architecture-derived component candidate with quantity 1 candidate.,"model:scratch_universal_architecture.energy_storage; source:test-fixture://review-evidence-closure/source/hvac_controller ""Protocol-only fixture proving source-backed closure. Not a real supplier quote.""",test-fixture://review-evidence-closure/source/hvac_controller,test-fixture://review-evidence-closure/review/design_review:environmental_interface,,environmental_interface,hvac_controller,false,false,Keep reviewer evidence attached to this component-candidate allocation.
component_candidate:environmental_interface_thermal_insulation_insulation_panel,component_candidate,accepted,reviewer_evidence,insulation panel,insulation panel is an architecture-derived component candidate with quantity 1 candidate.,"model:scratch_universal_architecture.energy_storage; source:test-fixture://review-evidence-closure/source/insulation_panel ""Protocol-only fixture proving source-backed closure. Not a real supplier quote.""",test-fixture://review-evidence-closure/source/insulation_panel,test-fixture://review-evidence-closure/review/design_review:environmental_interface,,environmental_interface,insulation_panel,false,false,Keep reviewer evidence attached to this component-candidate allocation.
component_candidate:environmental_interface_thermal_insulation_seal_gasket_set,component_candidate,accepted,reviewer_evidence,seal gasket set,seal gasket set is an architecture-derived component candidate with quantity 1 candidate.,"model:scratch_universal_architecture.energy_storage; source:test-fixture://review-evidence-closure/source/seal_gasket_set ""Protocol-only fixture proving source-backed closure. Not a real supplier quote.""",test-fixture://review-evidence-closure/source/seal_gasket_set,test-fixture://review-evidence-closure/review/design_review:environmental_interface,,environmental_interface,seal_gasket_set,false,false,Keep reviewer evidence attached to this component-candidate allocation.
component_candidate:environmental_interface_thermal_insulation_thermal_break_strip,component_candidate,accepted,reviewer_evidence,thermal break strip,thermal break strip is an architecture-derived component candidate with quantity 1 candidate.,"model:scratch_universal_architecture.energy_storage; source:test-fixture://review-evidence-closure/source/thermal_break_strip ""Protocol-only fixture proving source-backed closure. Not a real supplier quote.""",test-fixture://review-evidence-closure/source/thermal_break_strip,test-fixture://review-evidence-closure/review/design_review:environmental_interface,,environmental_interface,thermal_break_strip,false,false,Keep reviewer evidence attached to this component-candidate allocation.
component_candidate:environmental_interface_thermal_insulation_vapour_barrier_film,component_candidate,accepted,reviewer_evidence,vapour barrier film,vapour barrier film is an architecture-derived component candidate with quantity 1 candidate.,"model:scratch_universal_architecture.energy_storage; source:test-fixture://review-evidence-closure/source/vapour_barrier_film ""Protocol-only fixture proving source-backed closure. Not a real supplier quote.""",test-fixture://review-evidence-closure/source/vapour_barrier_film,test-fixture://review-evidence-closure/review/design_review:environmental_interface,,environmental_interface,vapour_barrier_film,false,false,Keep reviewer evidence attached to this component-candidate allocation.
component_candidate:environmental_interface_ventilation_path_airflow_baffle,component_candidate,accepted,reviewer_evidence,airflow baffle,airflow baffle is an architecture-derived component candidate with quantity 1 candidate.,"model:scratch_universal_architecture.energy_storage; source:test-fixture://review-evidence-closure/source/airflow_baffle ""Protocol-only fixture proving source-backed closure. Not a real supplier quote.""",test-fixture://review-evidence-closure/source/airflow_baffle,test-fixture://review-evidence-closure/review/design_review:environmental_interface,,environmental_interface,airflow_baffle,false,false,Keep reviewer evidence attached to this component-candidate allocation.
component_candidate:environmental_interface_ventilation_path_ec_fan_assembly,component_candidate,accepted,reviewer_evidence,EC fan assembly,EC fan assembly is an architecture-derived component candidate with quantity 1 candidate.,"model:scratch_universal_architecture.energy_storage; source:test-fixture://review-evidence-closure/source/ec_fan_assembly ""Protocol-only fixture proving source-backed closure. Not a real supplier quote.""",test-fixture://review-evidence-closure/source/ec_fan_assembly,test-fixture://review-evidence-closure/review/design_review:environmental_interface,,environmental_interface,ec_fan_assembly,false,false,Keep reviewer evidence attached to this component-candidate allocation.
component_candidate:environmental_interface_ventilation_path_exhaust_louvre,component_candidate,accepted,reviewer_evidence,exhaust louvre,exhaust louvre is an architecture-derived component candidate with quantity 1 candidate.,"model:scratch_universal_architecture.energy_storage; source:test-fixture://review-evidence-closure/source/exhaust_louvre ""Protocol-only fixture proving source-backed closure. Not a real supplier quote.""",test-fixture://review-evidence-closure/source/exhaust_louvre,test-fixture://review-evidence-closure/review/design_review:environmental_interface,,environmental_interface,exhaust_louvre,false,false,Keep reviewer evidence attached to this component-candidate allocation.
component_candidate:environmental_interface_ventilation_path_intake_louvre,component_candidate,accepted,reviewer_evidence,intake louvre,intake louvre is an architecture-derived component candidate with quantity 1 candidate.,"model:scratch_universal_architecture.energy_storage; source:test-fixture://review-evidence-closure/source/intake_louvre ""Protocol-only fixture proving source-backed closure. Not a real supplier quote.""",test-fixture://review-evidence-closure/source/intake_louvre,test-fixture://review-evidence-closure/review/design_review:environmental_interface,,environmental_interface,intake_louvre,false,false,Keep reviewer evidence attached to this component-candidate allocation.
component_candidate:hmi_ergonomics_external_labelling_arc_flash_boundary_label,component_candidate,accepted,reviewer_evidence,arc flash boundary label,arc flash boundary label is an architecture-derived component candidate with quantity 1 candidate.,"model:scratch_universal_architecture.energy_storage; source:test-fixture://review-evidence-closure/source/arc_flash_boundary_label ""Protocol-only fixture proving source-backed closure. Not a real supplier quote.""",test-fixture://review-evidence-closure/source/arc_flash_boundary_label,test-fixture://review-evidence-closure/review/design_review:hmi_ergonomics,,hmi_ergonomics,arc_flash_boundary_label,false,false,Keep reviewer evidence attached to this component-candidate allocation.
component_candidate:hmi_ergonomics_external_labelling_asset_qr_label,component_candidate,accepted,reviewer_evidence,asset QR label,asset QR label is an architecture-derived component candidate with quantity 1 candidate.,"model:scratch_universal_architecture.energy_storage; source:test-fixture://review-evidence-closure/source/asset_qr_label ""Protocol-only fixture proving source-backed closure. Not a real supplier quote.""",test-fixture://review-evidence-closure/source/asset_qr_label,test-fixture://review-evidence-closure/review/design_review:hmi_ergonomics,,hmi_ergonomics,asset_qr_label,false,false,Keep reviewer evidence attached to this component-candidate allocation.
component_candidate:hmi_ergonomics_external_labelling_fire_suppression_instruction_placard,component_candidate,accepted,reviewer_evidence,fire suppression instruction placard,fire suppression instruction placard is an architecture-derived component candidate with quantity 1 candidate.,"model:scratch_universal_architecture.energy_storage; source:test-fixture://review-evidence-closure/source/fire_suppression_instruction_placard ""Protocol-only fixture proving source-backed closure. Not a real supplier quote.""",test-fixture://review-evidence-closure/source/fire_suppression_instruction_placard,test-fixture://review-evidence-closure/review/design_review:hmi_ergonomics,,hmi_ergonomics,fire_suppression_instruction_placard,false,false,Keep reviewer evidence attached to this component-candidate allocation.
component_candidate:hmi_ergonomics_external_labelling_high_voltage_warning_label,component_candidate,accepted,reviewer_evidence,high voltage warning label,high voltage warning label is an architecture-derived component candidate with quantity 1 candidate.,"model:scratch_universal_architecture.energy_storage; source:test-fixture://review-evidence-closure/source/high_voltage_warning_label ""Protocol-only fixture proving source-backed closure. Not a real supplier quote.""",test-fixture://review-evidence-closure/source/high_voltage_warning_label,test-fixture://review-evidence-closure/review/design_review:hmi_ergonomics,,hmi_ergonomics,high_voltage_warning_label,false,false,Keep reviewer evidence attached to this component-candidate allocation.
component_candidate:hmi_ergonomics_local_hmi_alarm_buzzer_beacon,component_candidate,accepted,reviewer_evidence,alarm buzzer beacon,alarm buzzer beacon is an architecture-derived component candidate with quantity 1 candidate.,"model:scratch_universal_architecture.energy_storage; source:test-fixture://review-evidence-closure/source/alarm_buzzer_beacon ""Protocol-only fixture proving source-backed closure. Not a real supplier quote.""",test-fixture://review-evidence-closure/source/alarm_buzzer_beacon,test-fixture://review-evidence-closure/review/design_review:hmi_ergonomics,,hmi_ergonomics,alarm_buzzer_beacon,false,false,Keep reviewer evidence attached to this component-candidate allocation.
component_candidate:hmi_ergonomics_local_hmi_industrial_touchscreen,component_candidate,accepted,reviewer_evidence,industrial touchscreen,industrial touchscreen is an architecture-derived component candidate with quantity 1 candidate.,"model:scratch_universal_architecture.energy_storage; source:test-fixture://review-evidence-closure/source/industrial_touchscreen ""Protocol-only fixture proving source-backed closure. Not a real supplier quote.""",test-fixture://review-evidence-closure/source/industrial_touchscreen,test-fixture://review-evidence-closure/review/design_review:hmi_ergonomics,,hmi_ergonomics,industrial_touchscreen,false,false,Keep reviewer evidence attached to this component-candidate allocation.
component_candidate:hmi_ergonomics_local_hmi_key_switch,component_candidate,accepted,reviewer_evidence,key switch,key switch is an architecture-derived component candidate with quantity 1 candidate.,"model:scratch_universal_architecture.energy_storage; source:test-fixture://review-evidence-closure/source/key_switch ""Protocol-only fixture proving source-backed closure. Not a real supplier quote.""",test-fixture://review-evidence-closure/source/key_switch,test-fixture://review-evidence-closure/review/design_review:hmi_ergonomics,,hmi_ergonomics,key_switch,false,false,Keep reviewer evidence attached to this component-candidate allocation.
component_candidate:hmi_ergonomics_local_hmi_panel_pc,component_candidate,accepted,reviewer_evidence,panel PC,panel PC is an architecture-derived component candidate with quantity 1 candidate.,"model:scratch_universal_architecture.energy_storage; source:test-fixture://review-evidence-closure/source/panel_pc ""Protocol-only fixture proving source-backed closure. Not a real supplier quote.""",test-fixture://review-evidence-closure/source/panel_pc,test-fixture://review-evidence-closure/review/design_review:hmi_ergonomics,,hmi_ergonomics,panel_pc,false,false,Keep reviewer evidence attached to this component-candidate allocation.
component_candidate:hmi_ergonomics_operator_workflow_inspection_log_holder,component_candidate,accepted,reviewer_evidence,inspection log holder,inspection log holder is an architecture-derived component candidate with quantity 1 candidate.,"model:scratch_universal_architecture.energy_storage; source:test-fixture://review-evidence-closure/source/inspection_log_holder ""Protocol-only fixture proving source-backed closure. Not a real supplier quote.""",test-fixture://review-evidence-closure/source/inspection_log_holder,test-fixture://review-evidence-closure/review/design_review:hmi_ergonomics,,hmi_ergonomics,inspection_log_holder,false,false,Keep reviewer evidence attached to this component-candidate allocation.
component_candidate:hmi_ergonomics_operator_workflow_laminated_isolation_checklist,component_candidate,accepted,reviewer_evidence,laminated isolation checklist,laminated isolation checklist is an architecture-derived component candidate with quantity 1 candidate.,"model:scratch_universal_architecture.energy_storage; source:test-fixture://review-evidence-closure/source/laminated_isolation_checklist ""Protocol-only fixture proving source-backed closure. Not a real supplier quote.""",test-fixture://review-evidence-closure/source/laminated_isolation_checklist,test-fixture://review-evidence-closure/review/design_review:hmi_ergonomics,,hmi_ergonomics,laminated_isolation_checklist,false,false,Keep reviewer evidence attached to this component-candidate allocation.
component_candidate:hmi_ergonomics_operator_workflow_manual_reset_station,component_candidate,accepted,reviewer_evidence,manual reset station,manual reset station is an architecture-derived component candidate with quantity 1 candidate.,"model:scratch_universal_architecture.energy_storage; source:test-fixture://review-evidence-closure/source/manual_reset_station ""Protocol-only fixture proving source-backed closure. Not a real supplier quote.""",test-fixture://review-evidence-closure/source/manual_reset_station,test-fixture://review-evidence-closure/review/design_review:hmi_ergonomics,,hmi_ergonomics,manual_reset_station,false,false,Keep reviewer evidence attached to this component-candidate allocation.
component_candidate:hmi_ergonomics_operator_workflow_status_stack_light,component_candidate,accepted,reviewer_evidence,status stack light,status stack light is an architecture-derived component candidate with quantity 1 candidate.,"model:scratch_universal_architecture.energy_storage; source:test-fixture://review-evidence-closure/source/status_stack_light ""Protocol-only fixture proving source-backed closure. Not a real supplier quote.""",test-fixture://review-evidence-closure/source/status_stack_light,test-fixture://review-evidence-closure/review/design_review:hmi_ergonomics,,hmi_ergonomics,status_stack_light,false,false,Keep reviewer evidence attached to this component-candidate allocation.
component_candidate:hmi_ergonomics_remote_notification_alarm_acknowledgement_button,component_candidate,accepted,reviewer_evidence,alarm acknowledgement button,alarm acknowledgement button is an architecture-derived component candidate with quantity 1 candidate.,"model:scratch_universal_architecture.energy_storage; source:test-fixture://review-evidence-closure/source/alarm_acknowledgement_button ""Protocol-only fixture proving source-backed closure. Not a real supplier quote.""",test-fixture://review-evidence-closure/source/alarm_acknowledgement_button,test-fixture://review-evidence-closure/review/design_review:hmi_ergonomics,,hmi_ergonomics,alarm_acknowledgement_button,false,false,Keep reviewer evidence attached to this component-candidate allocation.
component_candidate:hmi_ergonomics_remote_notification_escalation_contact_label,component_candidate,accepted,reviewer_evidence,escalation contact label,escalation contact label is an architecture-derived component candidate with quantity 1 candidate.,"model:scratch_universal_architecture.energy_storage; source:test-fixture://review-evidence-closure/source/escalation_contact_label ""Protocol-only fixture proving source-backed closure. Not a real supplier quote.""",test-fixture://review-evidence-closure/source/escalation_contact_label,test-fixture://review-evidence-closure/review/design_review:hmi_ergonomics,,hmi_ergonomics,escalation_contact_label,false,false,Keep reviewer evidence attached to this component-candidate allocation.
component_candidate:hmi_ergonomics_remote_notification_operator_notification_relay,component_candidate,accepted,reviewer_evidence,operator notification relay,operator notification relay is an architecture-derived component candidate with quantity 1 candidate.,"model:scratch_universal_architecture.energy_storage; source:test-fixture://review-evidence-closure/source/operator_notification_relay ""Protocol-only fixture proving source-backed closure. Not a real supplier quote.""",test-fixture://review-evidence-closure/source/operator_notification_relay,test-fixture://review-evidence-closure/review/design_review:hmi_ergonomics,,hmi_ergonomics,operator_notification_relay,false,false,Keep reviewer evidence attached to this component-candidate allocation.
component_candidate:hmi_ergonomics_remote_notification_remote_reset_inhibit_relay,component_candidate,accepted,reviewer_evidence,remote reset inhibit relay,remote reset inhibit relay is an architecture-derived component candidate with quantity 1 candidate.,"model:scratch_universal_architecture.energy_storage; source:test-fixture://review-evidence-closure/source/remote_reset_inhibit_relay ""Protocol-only fixture proving source-backed closure. Not a real supplier quote.""",test-fixture://review-evidence-closure/source/remote_reset_inhibit_relay,test-fixture://review-evidence-closure/review/design_review:hmi_ergonomics,,hmi_ergonomics,remote_reset_inhibit_relay,false,false,Keep reviewer evidence attached to this component-candidate allocation.
component_candidate:hmi_ergonomics_remote_notification_sms_alarm_output_module,component_candidate,accepted,reviewer_evidence,SMS alarm output module,SMS alarm output module is an architecture-derived component candidate with quantity 1 candidate.,"model:scratch_universal_architecture.energy_storage; source:test-fixture://review-evidence-closure/source/sms_alarm_output_module ""Protocol-only fixture proving source-backed closure. Not a real supplier quote.""",test-fixture://review-evidence-closure/source/sms_alarm_output_module,test-fixture://review-evidence-closure/review/design_review:hmi_ergonomics,,hmi_ergonomics,sms_alarm_output_module,false,false,Keep reviewer evidence attached to this component-candidate allocation.
component_candidate:maintenance_serviceability_access_doors_door_seal_gasket,component_candidate,accepted,reviewer_evidence,door seal gasket,door seal gasket is an architecture-derived component candidate with quantity 1 candidate.,"model:scratch_universal_architecture.energy_storage; source:test-fixture://review-evidence-closure/source/door_seal_gasket ""Protocol-only fixture proving source-backed closure. Not a real supplier quote.""",test-fixture://review-evidence-closure/source/door_seal_gasket,test-fixture://review-evidence-closure/review/design_review:maintenance_serviceability,,maintenance_serviceability,door_seal_gasket,false,false,Keep reviewer evidence attached to this component-candidate allocation.
component_candidate:maintenance_serviceability_access_doors_door_stay_arm,component_candidate,accepted,reviewer_evidence,door stay arm,door stay arm is an architecture-derived component candidate with quantity 1 candidate.,"model:scratch_universal_architecture.energy_storage; source:test-fixture://review-evidence-closure/source/door_stay_arm ""Protocol-only fixture proving source-backed closure. Not a real supplier quote.""",test-fixture://review-evidence-closure/source/door_stay_arm,test-fixture://review-evidence-closure/review/design_review:maintenance_serviceability,,maintenance_serviceability,door_stay_arm,false,false,Keep reviewer evidence attached to this component-candidate allocation.
component_candidate:maintenance_serviceability_access_doors_lockable_access_door,component_candidate,accepted,reviewer_evidence,lockable access door,lockable access door is an architecture-derived component candidate with quantity 1 candidate.,"model:scratch_universal_architecture.energy_storage; source:test-fixture://review-evidence-closure/source/lockable_access_door ""Protocol-only fixture proving source-backed closure. Not a real supplier quote.""",test-fixture://review-evidence-closure/source/lockable_access_door,test-fixture://review-evidence-closure/review/design_review:maintenance_serviceability,mass_kg,maintenance_serviceability,lockable_access_door,false,false,Keep reviewer evidence attached to this component-candidate allocation.
component_candidate:maintenance_serviceability_access_doors_panic_release_latch,component_candidate,accepted,reviewer_evidence,panic release latch,panic release latch is an architecture-derived component candidate with quantity 1 candidate.,"model:scratch_universal_architecture.energy_storage; source:test-fixture://review-evidence-closure/source/panic_release_latch ""Protocol-only fixture proving source-backed closure. Not a real supplier quote.""",test-fixture://review-evidence-closure/source/panic_release_latch,test-fixture://review-evidence-closure/review/design_review:maintenance_serviceability,,maintenance_serviceability,panic_release_latch,false,false,Keep reviewer evidence attached to this component-candidate allocation.
component_candidate:maintenance_serviceability_commissioning_ports_commissioning_torque_log_plate,component_candidate,accepted,reviewer_evidence,commissioning torque log plate,commissioning torque log plate is an architecture-derived component candidate with quantity 1 candidate.,"model:scratch_universal_architecture.energy_storage; source:test-fixture://review-evidence-closure/source/commissioning_torque_log_plate ""Protocol-only fixture proving source-backed closure. Not a real supplier quote.""",test-fixture://review-evidence-closure/source/commissioning_torque_log_plate,test-fixture://review-evidence-closure/review/design_review:maintenance_serviceability,,maintenance_serviceability,commissioning_torque_log_plate,false,false,Keep reviewer evidence attached to this component-candidate allocation.
component_candidate:maintenance_serviceability_commissioning_ports_coolant_sampling_port,component_candidate,accepted,reviewer_evidence,coolant sampling port,coolant sampling port is an architecture-derived component candidate with quantity 1 candidate.,"model:scratch_universal_architecture.energy_storage; source:test-fixture://review-evidence-closure/source/coolant_sampling_port ""Protocol-only fixture proving source-backed closure. Not a real supplier quote.""",test-fixture://review-evidence-closure/source/coolant_sampling_port,test-fixture://review-evidence-closure/review/design_review:maintenance_serviceability,,maintenance_serviceability,coolant_sampling_port,false,false,Keep reviewer evidence attached to this component-candidate allocation.
component_candidate:maintenance_serviceability_commissioning_ports_insulated_test_socket,component_candidate,accepted,reviewer_evidence,insulated test socket,insulated test socket is an architecture-derived component candidate with quantity 1 candidate.,"model:scratch_universal_architecture.energy_storage; source:test-fixture://review-evidence-closure/source/insulated_test_socket ""Protocol-only fixture proving source-backed closure. Not a real supplier quote.""",test-fixture://review-evidence-closure/source/insulated_test_socket,test-fixture://review-evidence-closure/review/design_review:maintenance_serviceability,,maintenance_serviceability,insulated_test_socket,false,false,Keep reviewer evidence attached to this component-candidate allocation.
component_candidate:maintenance_serviceability_commissioning_ports_laptop_service_port,component_candidate,accepted,reviewer_evidence,laptop service port,laptop service port is an architecture-derived component candidate with quantity 1 candidate.,"model:scratch_universal_architecture.energy_storage; source:test-fixture://review-evidence-closure/source/laptop_service_port ""Protocol-only fixture proving source-backed closure. Not a real supplier quote.""",test-fixture://review-evidence-closure/source/laptop_service_port,test-fixture://review-evidence-closure/review/design_review:maintenance_serviceability,,maintenance_serviceability,laptop_service_port,false,false,Keep reviewer evidence attached to this component-candidate allocation.
component_candidate:maintenance_serviceability_commissioning_ports_lockout_hasp_rail,component_candidate,accepted,reviewer_evidence,lockout hasp rail,lockout hasp rail is an architecture-derived component candidate with quantity 1 candidate.,"model:scratch_universal_architecture.energy_storage; source:test-fixture://review-evidence-closure/source/lockout_hasp_rail ""Protocol-only fixture proving source-backed closure. Not a real supplier quote.""",test-fixture://review-evidence-closure/source/lockout_hasp_rail,test-fixture://review-evidence-closure/review/design_review:maintenance_serviceability,,maintenance_serviceability,lockout_hasp_rail,false,false,Keep reviewer evidence attached to this component-candidate allocation.
component_candidate:maintenance_serviceability_lifting_handling_certified_lifting_lug,component_candidate,accepted,reviewer_evidence,certified lifting lug,certified lifting lug is an architecture-derived component candidate with quantity 1 candidate.,"model:scratch_universal_architecture.energy_storage; source:test-fixture://review-evidence-closure/source/certified_lifting_lug ""Protocol-only fixture proving source-backed closure. Not a real supplier quote.""",test-fixture://review-evidence-closure/source/certified_lifting_lug,test-fixture://review-evidence-closure/review/design_review:maintenance_serviceability,,maintenance_serviceability,certified_lifting_lug,false,false,Keep reviewer evidence attached to this component-candidate allocation.
component_candidate:maintenance_serviceability_lifting_handling_forklift_pocket_reinforcement,component_candidate,accepted,reviewer_evidence,forklift pocket reinforcement,forklift pocket reinforcement is an architecture-derived component candidate with quantity 1 candidate.,"model:scratch_universal_architecture.energy_storage; source:test-fixture://review-evidence-closure/source/forklift_pocket_reinforcement ""Protocol-only fixture proving source-backed closure. Not a real supplier quote.""",test-fixture://review-evidence-closure/source/forklift_pocket_reinforcement,test-fixture://review-evidence-closure/review/design_review:maintenance_serviceability,,maintenance_serviceability,forklift_pocket_reinforcement,false,false,Keep reviewer evidence attached to this component-candidate allocation.
component_candidate:maintenance_serviceability_lifting_handling_removable_rack_guide,component_candidate,accepted,reviewer_evidence,removable rack guide,removable rack guide is an architecture-derived component candidate with quantity 1 candidate.,"model:scratch_universal_architecture.energy_storage; source:test-fixture://review-evidence-closure/source/removable_rack_guide ""Protocol-only fixture proving source-backed closure. Not a real supplier quote.""",test-fixture://review-evidence-closure/source/removable_rack_guide,test-fixture://review-evidence-closure/review/design_review:maintenance_serviceability,,maintenance_serviceability,removable_rack_guide,false,false,Keep reviewer evidence attached to this component-candidate allocation.
component_candidate:maintenance_serviceability_lifting_handling_service_trolley_interface,component_candidate,accepted,reviewer_evidence,service trolley interface,service trolley interface is an architecture-derived component candidate with quantity 1 candidate.,"model:scratch_universal_architecture.energy_storage; source:test-fixture://review-evidence-closure/source/service_trolley_interface ""Protocol-only fixture proving source-backed closure. Not a real supplier quote.""",test-fixture://review-evidence-closure/source/service_trolley_interface,test-fixture://review-evidence-closure/review/design_review:maintenance_serviceability,,maintenance_serviceability,service_trolley_interface,false,false,Keep reviewer evidence attached to this component-candidate allocation.
component_candidate:maintenance_serviceability_service_lighting_emergency_light_fitting,component_candidate,accepted,reviewer_evidence,emergency light fitting,emergency light fitting is an architecture-derived component candidate with quantity 1 candidate.,"model:scratch_universal_architecture.energy_storage; source:test-fixture://review-evidence-closure/source/emergency_light_fitting ""Protocol-only fixture proving source-backed closure. Not a real supplier quote.""",test-fixture://review-evidence-closure/source/emergency_light_fitting,test-fixture://review-evidence-closure/review/design_review:maintenance_serviceability,,maintenance_serviceability,emergency_light_fitting,false,false,Keep reviewer evidence attached to this component-candidate allocation.
component_candidate:maintenance_serviceability_service_lighting_led_service_luminaire,component_candidate,accepted,reviewer_evidence,LED service luminaire,LED service luminaire is an architecture-derived component candidate with quantity 1 candidate.,"model:scratch_universal_architecture.energy_storage; source:test-fixture://review-evidence-closure/source/led_service_luminaire ""Protocol-only fixture proving source-backed closure. Not a real supplier quote.""",test-fixture://review-evidence-closure/source/led_service_luminaire,test-fixture://review-evidence-closure/review/design_review:maintenance_serviceability,,maintenance_serviceability,led_service_luminaire,false,false,Keep reviewer evidence attached to this component-candidate allocation.
component_candidate:maintenance_serviceability_service_lighting_lighting_switchgear,component_candidate,accepted,reviewer_evidence,lighting switchgear,lighting switchgear is an architecture-derived component candidate with quantity 1 candidate.,"model:scratch_universal_architecture.energy_storage; source:test-fixture://review-evidence-closure/source/lighting_switchgear ""Protocol-only fixture proving source-backed closure. Not a real supplier quote.""",test-fixture://review-evidence-closure/source/lighting_switchgear,test-fixture://review-evidence-closure/review/design_review:maintenance_serviceability,,maintenance_serviceability,lighting_switchgear,false,false,Keep reviewer evidence attached to this component-candidate allocation.
component_candidate:maintenance_serviceability_service_lighting_maintenance_receptacle,component_candidate,accepted,reviewer_evidence,maintenance receptacle,maintenance receptacle is an architecture-derived component candidate with quantity 1 candidate.,"model:scratch_universal_architecture.energy_storage; source:test-fixture://review-evidence-closure/source/maintenance_receptacle ""Protocol-only fixture proving source-backed closure. Not a real supplier quote.""",test-fixture://review-evidence-closure/source/maintenance_receptacle,test-fixture://review-evidence-closure/review/design_review:maintenance_serviceability,,maintenance_serviceability,maintenance_receptacle,false,false,Keep reviewer evidence attached to this component-candidate allocation.
component_candidate:mass_fluid_transport_process_expansion_air_removal_automatic_air_vent,component_candidate,accepted,reviewer_evidence,automatic air vent,automatic air vent is an architecture-derived component candidate with quantity 1 candidate.,"model:scratch_universal_architecture.energy_storage; source:test-fixture://review-evidence-closure/source/automatic_air_vent ""Protocol-only fixture proving source-backed closure. Not a real supplier quote.""",test-fixture://review-evidence-closure/source/automatic_air_vent,test-fixture://review-evidence-closure/review/design_review:mass_fluid_transport_process,,mass_fluid_transport_process,automatic_air_vent,false,false,Keep reviewer evidence attached to this component-candidate allocation.
component_candidate:mass_fluid_transport_process_expansion_air_removal_expansion_vessel,component_candidate,accepted,reviewer_evidence,expansion vessel,expansion vessel is an architecture-derived component candidate with quantity 1 candidate.,"model:scratch_universal_architecture.energy_storage; source:test-fixture://review-evidence-closure/source/expansion_vessel ""Protocol-only fixture proving source-backed closure. Not a real supplier quote.""",test-fixture://review-evidence-closure/source/expansion_vessel,test-fixture://review-evidence-closure/review/design_review:mass_fluid_transport_process,,mass_fluid_transport_process,expansion_vessel,false,false,Keep reviewer evidence attached to this component-candidate allocation.
component_candidate:mass_fluid_transport_process_expansion_air_removal_low_pressure_switch,component_candidate,accepted,reviewer_evidence,low pressure switch,low pressure switch is an architecture-derived component candidate with quantity 1 candidate.,"model:scratch_universal_architecture.energy_storage; source:test-fixture://review-evidence-closure/source/low_pressure_switch ""Protocol-only fixture proving source-backed closure. Not a real supplier quote.""",test-fixture://review-evidence-closure/source/low_pressure_switch,test-fixture://review-evidence-closure/review/design_review:mass_fluid_transport_process,,mass_fluid_transport_process,low_pressure_switch,false,false,Keep reviewer evidence attached to this component-candidate allocation.
component_candidate:mass_fluid_transport_process_expansion_air_removal_pressure_relief_valve,component_candidate,accepted,reviewer_evidence,pressure relief valve,pressure relief valve is an architecture-derived component candidate with quantity 1 candidate.,"model:scratch_universal_architecture.energy_storage; source:test-fixture://review-evidence-closure/source/pressure_relief_valve ""Protocol-only fixture proving source-backed closure. Not a real supplier quote.""",test-fixture://review-evidence-closure/source/pressure_relief_valve,test-fixture://review-evidence-closure/review/design_review:mass_fluid_transport_process,,mass_fluid_transport_process,pressure_relief_valve,false,false,Keep reviewer evidence attached to this component-candidate allocation.
component_candidate:mass_fluid_transport_process_filtration_treatment_coolant_filter_housing,component_candidate,accepted,reviewer_evidence,coolant filter housing,coolant filter housing is an architecture-derived component candidate with quantity 1 candidate.,"model:scratch_universal_architecture.energy_storage; source:test-fixture://review-evidence-closure/source/coolant_filter_housing ""Protocol-only fixture proving source-backed closure. Not a real supplier quote.""",test-fixture://review-evidence-closure/source/coolant_filter_housing,test-fixture://review-evidence-closure/review/design_review:mass_fluid_transport_process,,mass_fluid_transport_process,coolant_filter_housing,false,false,Keep reviewer evidence attached to this component-candidate allocation.
component_candidate:mass_fluid_transport_process_filtration_treatment_fill_and_drain_manifold,component_candidate,accepted,reviewer_evidence,fill and drain manifold,fill and drain manifold is an architecture-derived component candidate with quantity 1 candidate.,"model:scratch_universal_architecture.energy_storage; source:test-fixture://review-evidence-closure/source/fill_and_drain_manifold ""Protocol-only fixture proving source-backed closure. Not a real supplier quote.""",test-fixture://review-evidence-closure/source/fill_and_drain_manifold,test-fixture://review-evidence-closure/review/design_review:mass_fluid_transport_process,,mass_fluid_transport_process,fill_and_drain_manifold,false,false,Keep reviewer evidence attached to this component-candidate allocation.
component_candidate:mass_fluid_transport_process_filtration_treatment_glycol_concentration_sensor,component_candidate,accepted,reviewer_evidence,glycol concentration sensor,glycol concentration sensor is an architecture-derived component candidate with quantity 1 candidate.,"model:scratch_universal_architecture.energy_storage; source:test-fixture://review-evidence-closure/source/glycol_concentration_sensor ""Protocol-only fixture proving source-backed closure. Not a real supplier quote.""",test-fixture://review-evidence-closure/source/glycol_concentration_sensor,test-fixture://review-evidence-closure/review/design_review:mass_fluid_transport_process,,mass_fluid_transport_process,glycol_concentration_sensor,false,false,Keep reviewer evidence attached to this component-candidate allocation.
component_candidate:mass_fluid_transport_process_filtration_treatment_replaceable_filter_cartridge,component_candidate,accepted,reviewer_evidence,replaceable filter cartridge,replaceable filter cartridge is an architecture-derived component candidate with quantity 1 candidate.,"model:scratch_universal_architecture.energy_storage; source:test-fixture://review-evidence-closure/source/replaceable_filter_cartridge ""Protocol-only fixture proving source-backed closure. Not a real supplier quote.""",test-fixture://review-evidence-closure/source/replaceable_filter_cartridge,test-fixture://review-evidence-closure/review/design_review:mass_fluid_transport_process,,mass_fluid_transport_process,replaceable_filter_cartridge,false,false,Keep reviewer evidence attached to this component-candidate allocation.
component_candidate:mass_fluid_transport_process_heat_exchanger_manifold_insulated_hose_set,component_candidate,accepted,reviewer_evidence,insulated hose set,insulated hose set is an architecture-derived component candidate with quantity 1 candidate.,"model:scratch_universal_architecture.energy_storage; source:test-fixture://review-evidence-closure/source/insulated_hose_set ""Protocol-only fixture proving source-backed closure. Not a real supplier quote.""",test-fixture://review-evidence-closure/source/insulated_hose_set,test-fixture://review-evidence-closure/review/design_review:mass_fluid_transport_process,,mass_fluid_transport_process,insulated_hose_set,false,false,Keep reviewer evidence attached to this component-candidate allocation.
component_candidate:mass_fluid_transport_process_heat_exchanger_manifold_plate_heat_exchanger,component_candidate,accepted,reviewer_evidence,plate heat exchanger,plate heat exchanger is an architecture-derived component candidate with quantity 1 candidate.,"model:scratch_universal_architecture.energy_storage; source:test-fixture://review-evidence-closure/source/plate_heat_exchanger ""Protocol-only fixture proving source-backed closure. Not a real supplier quote.""",test-fixture://review-evidence-closure/source/plate_heat_exchanger,test-fixture://review-evidence-closure/review/design_review:mass_fluid_transport_process,,mass_fluid_transport_process,plate_heat_exchanger,false,false,Keep reviewer evidence attached to this component-candidate allocation.
component_candidate:mass_fluid_transport_process_heat_exchanger_manifold_purge_valve_set,component_candidate,accepted,reviewer_evidence,purge valve set,purge valve set is an architecture-derived component candidate with quantity 1 candidate.,"model:scratch_universal_architecture.energy_storage; source:test-fixture://review-evidence-closure/source/purge_valve_set ""Protocol-only fixture proving source-backed closure. Not a real supplier quote.""",test-fixture://review-evidence-closure/source/purge_valve_set,test-fixture://review-evidence-closure/review/design_review:mass_fluid_transport_process,,mass_fluid_transport_process,purge_valve_set,false,false,Keep reviewer evidence attached to this component-candidate allocation.
component_candidate:mass_fluid_transport_process_heat_exchanger_manifold_service_bypass_loop,component_candidate,accepted,reviewer_evidence,service bypass loop,service bypass loop is an architecture-derived component candidate with quantity 1 candidate.,"model:scratch_universal_architecture.energy_storage; source:test-fixture://review-evidence-closure/source/service_bypass_loop ""Protocol-only fixture proving source-backed closure. Not a real supplier quote.""",test-fixture://review-evidence-closure/source/service_bypass_loop,test-fixture://review-evidence-closure/review/design_review:mass_fluid_transport_process,,mass_fluid_transport_process,service_bypass_loop,false,false,Keep reviewer evidence attached to this component-candidate allocation.
component_candidate:mass_fluid_transport_process_heat_exchanger_manifold_temperature_balancing_valve,component_candidate,accepted,reviewer_evidence,temperature balancing valve,temperature balancing valve is an architecture-derived component candidate with quantity 1 candidate.,"model:scratch_universal_architecture.energy_storage; source:test-fixture://review-evidence-closure/source/temperature_balancing_valve ""Protocol-only fixture proving source-backed closure. Not a real supplier quote.""",test-fixture://review-evidence-closure/source/temperature_balancing_valve,test-fixture://review-evidence-closure/review/design_review:mass_fluid_transport_process,,mass_fluid_transport_process,temperature_balancing_valve,false,false,Keep reviewer evidence attached to this component-candidate allocation.
component_candidate:mass_fluid_transport_process_pump_station_check_valve,component_candidate,accepted,reviewer_evidence,check valve,check valve is an architecture-derived component candidate with quantity 1 candidate.,"model:scratch_universal_architecture.energy_storage; source:test-fixture://review-evidence-closure/source/check_valve ""Protocol-only fixture proving source-backed closure. Not a real supplier quote.""",test-fixture://review-evidence-closure/source/check_valve,test-fixture://review-evidence-closure/review/design_review:mass_fluid_transport_process,,mass_fluid_transport_process,check_valve,false,false,Keep reviewer evidence attached to this component-candidate allocation.
component_candidate:mass_fluid_transport_process_pump_station_coolant_circulation_pump,component_candidate,accepted,reviewer_evidence,coolant circulation pump,coolant circulation pump is an architecture-derived component candidate with quantity 1 candidate.,"model:scratch_universal_architecture.energy_storage; source:test-fixture://review-evidence-closure/source/coolant_circulation_pump ""Protocol-only fixture proving source-backed closure. Not a real supplier quote.""",test-fixture://review-evidence-closure/source/coolant_circulation_pump,test-fixture://review-evidence-closure/review/design_review:mass_fluid_transport_process,,mass_fluid_transport_process,coolant_circulation_pump,false,false,Keep reviewer evidence attached to this component-candidate allocation.
component_candidate:mass_fluid_transport_process_pump_station_isolation_valve,component_candidate,accepted,reviewer_evidence,isolation valve,isolation valve is an architecture-derived component candidate with quantity 1 candidate.,"model:scratch_universal_architecture.energy_storage; source:test-fixture://review-evidence-closure/source/isolation_valve ""Protocol-only fixture proving source-backed closure. Not a real supplier quote.""",test-fixture://review-evidence-closure/source/isolation_valve,test-fixture://review-evidence-closure/review/design_review:mass_fluid_transport_process,,mass_fluid_transport_process,isolation_valve,false,false,Keep reviewer evidence attached to this component-candidate allocation.
component_candidate:mass_fluid_transport_process_pump_station_pump_vfd,component_candidate,accepted,reviewer_evidence,pump VFD,pump VFD is an architecture-derived component candidate with quantity 1 candidate.,"model:scratch_universal_architecture.energy_storage; source:test-fixture://review-evidence-closure/source/pump_vfd ""Protocol-only fixture proving source-backed closure. Not a real supplier quote.""",test-fixture://review-evidence-closure/source/pump_vfd,test-fixture://review-evidence-closure/review/design_review:mass_fluid_transport_process,,mass_fluid_transport_process,pump_vfd,false,false,Keep reviewer evidence attached to this component-candidate allocation.
component_candidate:mass_fluid_transport_process_pump_station_thermal_management_loop,component_candidate,accepted,reviewer_evidence,Thermal management loop,Thermal management loop is an architecture-derived component candidate with quantity 1 candidate.,"model:scratch_universal_architecture.energy_storage; source:test-fixture://review-evidence-closure/source/thermal_management_loop ""Protocol-only fixture proving source-backed closure. Not a real supplier quote.""",test-fixture://review-evidence-closure/source/thermal_management_loop,test-fixture://review-evidence-closure/review/design_review:mass_fluid_transport_process,,mass_fluid_transport_process,thermal_management_loop,false,false,Keep reviewer evidence attached to this component-candidate allocation.
component_candidate:power_distribution_ac_switchgear_ac_contactor,component_candidate,accepted,reviewer_evidence,AC contactor,AC contactor is an architecture-derived component candidate with quantity 1 candidate.,"model:scratch_universal_architecture.energy_storage; source:test-fixture://review-evidence-closure/source/ac_contactor ""Protocol-only fixture proving source-backed closure. Not a real supplier quote.""",test-fixture://review-evidence-closure/source/ac_contactor,test-fixture://review-evidence-closure/review/design_review:power_distribution,,power_distribution,ac_contactor,false,false,Keep reviewer evidence attached to this component-candidate allocation.
component_candidate:power_distribution_ac_switchgear_metering_ct_set,component_candidate,accepted,reviewer_evidence,metering CT set,metering CT set is an architecture-derived component candidate with quantity 1 candidate.,"model:scratch_universal_architecture.energy_storage; source:test-fixture://review-evidence-closure/source/metering_ct_set ""Protocol-only fixture proving source-backed closure. Not a real supplier quote.""",test-fixture://review-evidence-closure/source/metering_ct_set,test-fixture://review-evidence-closure/review/design_review:power_distribution,,power_distribution,metering_ct_set,false,false,Keep reviewer evidence attached to this component-candidate allocation.
component_candidate:power_distribution_ac_switchgear_moulded_case_circuit_breaker,component_candidate,accepted,reviewer_evidence,moulded-case circuit breaker,moulded-case circuit breaker is an architecture-derived component candidate with quantity 1 candidate.,"model:scratch_universal_architecture.energy_storage; source:test-fixture://review-evidence-closure/source/moulded_case_circuit_breaker ""Protocol-only fixture proving source-backed closure. Not a real supplier quote.""",test-fixture://review-evidence-closure/source/moulded_case_circuit_breaker,test-fixture://review-evidence-closure/review/design_review:power_distribution,,power_distribution,moulded_case_circuit_breaker,false,false,Keep reviewer evidence attached to this component-candidate allocation.
component_candidate:power_distribution_ac_switchgear_terminal_block_assembly,component_candidate,accepted,reviewer_evidence,terminal block assembly,terminal block assembly is an architecture-derived component candidate with quantity 1 candidate.,"model:scratch_universal_architecture.energy_storage; source:test-fixture://review-evidence-closure/source/terminal_block_assembly ""Protocol-only fixture proving source-backed closure. Not a real supplier quote.""",test-fixture://review-evidence-closure/source/terminal_block_assembly,test-fixture://review-evidence-closure/review/design_review:power_distribution,,power_distribution,terminal_block_assembly,false,false,Keep reviewer evidence attached to this component-candidate allocation.
component_candidate:power_distribution_auxiliary_power_24_v_dc_power_supply,component_candidate,accepted,reviewer_evidence,24 V DC power supply,24 V DC power supply is an architecture-derived component candidate with quantity 1 candidate.,"model:scratch_universal_architecture.energy_storage; source:test-fixture://review-evidence-closure/source/24_v_dc_power_supply ""Protocol-only fixture proving source-backed closure. Not a real supplier quote.""",test-fixture://review-evidence-closure/source/24_v_dc_power_supply,test-fixture://review-evidence-closure/review/design_review:power_distribution,,power_distribution,24_v_dc_power_supply,false,false,Keep reviewer evidence attached to this component-candidate allocation.
component_candidate:power_distribution_auxiliary_power_auxiliary_transformer,component_candidate,accepted,reviewer_evidence,auxiliary transformer,auxiliary transformer is an architecture-derived component candidate with quantity 1 candidate.,"model:scratch_universal_architecture.energy_storage; source:test-fixture://review-evidence-closure/source/auxiliary_transformer ""Protocol-only fixture proving source-backed closure. Not a real supplier quote.""",test-fixture://review-evidence-closure/source/auxiliary_transformer,test-fixture://review-evidence-closure/review/design_review:power_distribution,,power_distribution,auxiliary_transformer,false,false,Keep reviewer evidence attached to this component-candidate allocation.
component_candidate:power_distribution_auxiliary_power_miniature_circuit_breaker_bank,component_candidate,accepted,reviewer_evidence,miniature circuit breaker bank,miniature circuit breaker bank is an architecture-derived component candidate with quantity 1 candidate.,"model:scratch_universal_architecture.energy_storage; source:test-fixture://review-evidence-closure/source/miniature_circuit_breaker_bank ""Protocol-only fixture proving source-backed closure. Not a real supplier quote.""",test-fixture://review-evidence-closure/source/miniature_circuit_breaker_bank,test-fixture://review-evidence-closure/review/design_review:power_distribution,,power_distribution,miniature_circuit_breaker_bank,false,false,Keep reviewer evidence attached to this component-candidate allocation.
component_candidate:power_distribution_auxiliary_power_ups_module,component_candidate,accepted,reviewer_evidence,UPS module,UPS module is an architecture-derived component candidate with quantity 1 candidate.,"model:scratch_universal_architecture.energy_storage; source:test-fixture://review-evidence-closure/source/ups_module ""Protocol-only fixture proving source-backed closure. Not a real supplier quote.""",test-fixture://review-evidence-closure/source/ups_module,test-fixture://review-evidence-closure/review/design_review:power_distribution,,power_distribution,ups_module,false,false,Keep reviewer evidence attached to this component-candidate allocation.
component_candidate:power_distribution_dc_busbars_busbar_shroud,component_candidate,accepted,reviewer_evidence,busbar shroud,busbar shroud is an architecture-derived component candidate with quantity 1 candidate.,"model:scratch_universal_architecture.energy_storage; source:test-fixture://review-evidence-closure/source/busbar_shroud ""Protocol-only fixture proving source-backed closure. Not a real supplier quote.""",test-fixture://review-evidence-closure/source/busbar_shroud,test-fixture://review-evidence-closure/review/design_review:power_distribution,,power_distribution,busbar_shroud,false,false,Keep reviewer evidence attached to this component-candidate allocation.
component_candidate:power_distribution_dc_busbars_busbar_support_insulator,component_candidate,accepted,reviewer_evidence,busbar support insulator,busbar support insulator is an architecture-derived component candidate with quantity 1 candidate.,"model:scratch_universal_architecture.energy_storage; source:test-fixture://review-evidence-closure/source/busbar_support_insulator ""Protocol-only fixture proving source-backed closure. Not a real supplier quote.""",test-fixture://review-evidence-closure/source/busbar_support_insulator,test-fixture://review-evidence-closure/review/design_review:power_distribution,,power_distribution,busbar_support_insulator,false,false,Keep reviewer evidence attached to this component-candidate allocation.
component_candidate:power_distribution_dc_busbars_copper_dc_busbar,component_candidate,accepted,reviewer_evidence,copper DC busbar,copper DC busbar is an architecture-derived component candidate with quantity 1 candidate.,"model:scratch_universal_architecture.energy_storage; source:test-fixture://review-evidence-closure/source/copper_dc_busbar ""Protocol-only fixture proving source-backed closure. Not a real supplier quote.""",test-fixture://review-evidence-closure/source/copper_dc_busbar,test-fixture://review-evidence-closure/review/design_review:power_distribution,capacity_mwh; power_mw,power_distribution,copper_dc_busbar,false,false,Keep reviewer evidence attached to this component-candidate allocation.
component_candidate:power_distribution_dc_busbars_torque_witness_marker,component_candidate,accepted,reviewer_evidence,torque witness marker,torque witness marker is an architecture-derived component candidate with quantity 1 candidate.,"model:scratch_universal_architecture.energy_storage; source:test-fixture://review-evidence-closure/source/torque_witness_marker ""Protocol-only fixture proving source-backed closure. Not a real supplier quote.""",test-fixture://review-evidence-closure/source/torque_witness_marker,test-fixture://review-evidence-closure/review/design_review:power_distribution,,power_distribution,torque_witness_marker,false,false,Keep reviewer evidence attached to this component-candidate allocation.
component_candidate:power_distribution_earthing_lightning_earth_continuity_test_point,component_candidate,accepted,reviewer_evidence,earth continuity test point,earth continuity test point is an architecture-derived component candidate with quantity 1 candidate.,"model:scratch_universal_architecture.energy_storage; source:test-fixture://review-evidence-closure/source/earth_continuity_test_point ""Protocol-only fixture proving source-backed closure. Not a real supplier quote.""",test-fixture://review-evidence-closure/source/earth_continuity_test_point,test-fixture://review-evidence-closure/review/design_review:power_distribution,,power_distribution,earth_continuity_test_point,false,false,Keep reviewer evidence attached to this component-candidate allocation.
component_candidate:power_distribution_earthing_lightning_earth_stud_array,component_candidate,accepted,reviewer_evidence,earth stud array,earth stud array is an architecture-derived component candidate with quantity 1 candidate.,"model:scratch_universal_architecture.energy_storage; source:test-fixture://review-evidence-closure/source/earth_stud_array ""Protocol-only fixture proving source-backed closure. Not a real supplier quote.""",test-fixture://review-evidence-closure/source/earth_stud_array,test-fixture://review-evidence-closure/review/design_review:power_distribution,,power_distribution,earth_stud_array,false,false,Keep reviewer evidence attached to this component-candidate allocation.
component_candidate:power_distribution_earthing_lightning_equipotential_bonding_strap,component_candidate,accepted,reviewer_evidence,equipotential bonding strap,equipotential bonding strap is an architecture-derived component candidate with quantity 1 candidate.,"model:scratch_universal_architecture.energy_storage; source:test-fixture://review-evidence-closure/source/equipotential_bonding_strap ""Protocol-only fixture proving source-backed closure. Not a real supplier quote.""",test-fixture://review-evidence-closure/source/equipotential_bonding_strap,test-fixture://review-evidence-closure/review/design_review:power_distribution,,power_distribution,equipotential_bonding_strap,false,false,Keep reviewer evidence attached to this component-candidate allocation.
component_candidate:power_distribution_earthing_lightning_lightning_surge_counter,component_candidate,accepted,reviewer_evidence,lightning surge counter,lightning surge counter is an architecture-derived component candidate with quantity 1 candidate.,"model:scratch_universal_architecture.energy_storage; source:test-fixture://review-evidence-closure/source/lightning_surge_counter ""Protocol-only fixture proving source-backed closure. Not a real supplier quote.""",test-fixture://review-evidence-closure/source/lightning_surge_counter,test-fixture://review-evidence-closure/review/design_review:power_distribution,,power_distribution,lightning_surge_counter,false,false,Keep reviewer evidence attached to this component-candidate allocation.
component_candidate:power_distribution_earthing_lightning_main_earth_bar,component_candidate,accepted,reviewer_evidence,main earth bar,main earth bar is an architecture-derived component candidate with quantity 1 candidate.,"model:scratch_universal_architecture.energy_storage; source:test-fixture://review-evidence-closure/source/main_earth_bar ""Protocol-only fixture proving source-backed closure. Not a real supplier quote.""",test-fixture://review-evidence-closure/source/main_earth_bar,test-fixture://review-evidence-closure/review/design_review:power_distribution,,power_distribution,main_earth_bar,false,false,Keep reviewer evidence attached to this component-candidate allocation.
component_candidate:safety_protection_deflagration_venting_flame_arrestor_mesh,component_candidate,accepted,reviewer_evidence,flame arrestor mesh,flame arrestor mesh is an architecture-derived component candidate with quantity 1 candidate.,"model:scratch_universal_architecture.energy_storage; source:test-fixture://review-evidence-closure/source/flame_arrestor_mesh ""Protocol-only fixture proving source-backed closure. Not a real supplier quote.""",test-fixture://review-evidence-closure/source/flame_arrestor_mesh,test-fixture://review-evidence-closure/review/design_review:safety_protection,,safety_protection,flame_arrestor_mesh,false,false,Keep reviewer evidence attached to this component-candidate allocation.
component_candidate:safety_protection_deflagration_venting_post_event_inspection_tag,component_candidate,accepted,reviewer_evidence,post-event inspection tag,post-event inspection tag is an architecture-derived component candidate with quantity 1 candidate.,"model:scratch_universal_architecture.energy_storage; source:test-fixture://review-evidence-closure/source/post_event_inspection_tag ""Protocol-only fixture proving source-backed closure. Not a real supplier quote.""",test-fixture://review-evidence-closure/source/post_event_inspection_tag,test-fixture://review-evidence-closure/review/design_review:safety_protection,,safety_protection,post_event_inspection_tag,false,false,Keep reviewer evidence attached to this component-candidate allocation.
component_candidate:safety_protection_deflagration_venting_pressure_relief_vent_panel,component_candidate,accepted,reviewer_evidence,pressure relief vent panel,pressure relief vent panel is an architecture-derived component candidate with quantity 1 candidate.,"model:scratch_universal_architecture.energy_storage; source:test-fixture://review-evidence-closure/source/pressure_relief_vent_panel ""Protocol-only fixture proving source-backed closure. Not a real supplier quote.""",test-fixture://review-evidence-closure/source/pressure_relief_vent_panel,test-fixture://review-evidence-closure/review/design_review:safety_protection,,safety_protection,pressure_relief_vent_panel,false,false,Keep reviewer evidence attached to this component-candidate allocation.
component_candidate:safety_protection_deflagration_venting_vent_microswitch,component_candidate,accepted,reviewer_evidence,vent microswitch,vent microswitch is an architecture-derived component candidate with quantity 1 candidate.,"model:scratch_universal_architecture.energy_storage; source:test-fixture://review-evidence-closure/source/vent_microswitch ""Protocol-only fixture proving source-backed closure. Not a real supplier quote.""",test-fixture://review-evidence-closure/source/vent_microswitch,test-fixture://review-evidence-closure/review/design_review:safety_protection,,safety_protection,vent_microswitch,false,false,Keep reviewer evidence attached to this component-candidate allocation.
component_candidate:safety_protection_deflagration_venting_vent_weather_hood,component_candidate,accepted,reviewer_evidence,vent weather hood,vent weather hood is an architecture-derived component candidate with quantity 1 candidate.,"model:scratch_universal_architecture.energy_storage; source:test-fixture://review-evidence-closure/source/vent_weather_hood ""Protocol-only fixture proving source-backed closure. Not a real supplier quote.""",test-fixture://review-evidence-closure/source/vent_weather_hood,test-fixture://review-evidence-closure/review/design_review:safety_protection,,safety_protection,vent_weather_hood,false,false,Keep reviewer evidence attached to this component-candidate allocation.
component_candidate:safety_protection_emergency_stop_ac_breaker_trip_coil,component_candidate,accepted,reviewer_evidence,AC breaker trip coil,AC breaker trip coil is an architecture-derived component candidate with quantity 1 candidate.,"model:scratch_universal_architecture.energy_storage; source:test-fixture://review-evidence-closure/source/ac_breaker_trip_coil ""Protocol-only fixture proving source-backed closure. Not a real supplier quote.""",test-fixture://review-evidence-closure/source/ac_breaker_trip_coil,test-fixture://review-evidence-closure/review/design_review:safety_protection,,safety_protection,ac_breaker_trip_coil,false,false,Keep reviewer evidence attached to this component-candidate allocation.
component_candidate:safety_protection_emergency_stop_dc_shunt_trip_output,component_candidate,accepted,reviewer_evidence,DC shunt trip output,DC shunt trip output is an architecture-derived component candidate with quantity 1 candidate.,"model:scratch_universal_architecture.energy_storage; source:test-fixture://review-evidence-closure/source/dc_shunt_trip_output ""Protocol-only fixture proving source-backed closure. Not a real supplier quote.""",test-fixture://review-evidence-closure/source/dc_shunt_trip_output,test-fixture://review-evidence-closure/review/design_review:safety_protection,,safety_protection,dc_shunt_trip_output,false,false,Keep reviewer evidence attached to this component-candidate allocation.
component_candidate:safety_protection_emergency_stop_e_stop_mushroom_button,component_candidate,accepted,reviewer_evidence,E-stop mushroom button,E-stop mushroom button is an architecture-derived component candidate with quantity 1 candidate.,"model:scratch_universal_architecture.energy_storage; source:test-fixture://review-evidence-closure/source/e_stop_mushroom_button ""Protocol-only fixture proving source-backed closure. Not a real supplier quote.""",test-fixture://review-evidence-closure/source/e_stop_mushroom_button,test-fixture://review-evidence-closure/review/design_review:safety_protection,,safety_protection,e_stop_mushroom_button,false,false,Keep reviewer evidence attached to this component-candidate allocation.
component_candidate:safety_protection_emergency_stop_safety_relay,component_candidate,accepted,reviewer_evidence,safety relay,safety relay is an architecture-derived component candidate with quantity 1 candidate.,"model:scratch_universal_architecture.energy_storage; source:test-fixture://review-evidence-closure/source/safety_relay ""Protocol-only fixture proving source-backed closure. Not a real supplier quote.""",test-fixture://review-evidence-closure/source/safety_relay,test-fixture://review-evidence-closure/review/design_review:safety_protection,,safety_protection,safety_relay,false,false,Keep reviewer evidence attached to this component-candidate allocation.
component_candidate:safety_protection_fire_suppression_clean_agent_cylinder,component_candidate,accepted,reviewer_evidence,clean-agent cylinder,clean-agent cylinder is an architecture-derived component candidate with quantity 1 candidate.,"model:scratch_universal_architecture.energy_storage; source:test-fixture://review-evidence-closure/source/clean_agent_cylinder ""Protocol-only fixture proving source-backed closure. Not a real supplier quote.""",test-fixture://review-evidence-closure/source/clean_agent_cylinder,test-fixture://review-evidence-closure/review/design_review:safety_protection,,safety_protection,clean_agent_cylinder,false,false,Keep reviewer evidence attached to this component-candidate allocation.
component_candidate:safety_protection_fire_suppression_fire_detection_suppression,component_candidate,accepted,reviewer_evidence,Fire detection/suppression,Fire detection/suppression is an architecture-derived component candidate with quantity 1 candidate.,"model:scratch_universal_architecture.energy_storage; source:test-fixture://review-evidence-closure/source/fire_detection_suppression ""Protocol-only fixture proving source-backed closure. Not a real supplier quote.""",test-fixture://review-evidence-closure/source/fire_detection_suppression,test-fixture://review-evidence-closure/review/design_review:safety_protection,,safety_protection,fire_detection_suppression,false,false,Keep reviewer evidence attached to this component-candidate allocation.
component_candidate:safety_protection_fire_suppression_nozzle_pipework,component_candidate,accepted,reviewer_evidence,nozzle pipework,nozzle pipework is an architecture-derived component candidate with quantity 1 candidate.,"model:scratch_universal_architecture.energy_storage; source:test-fixture://review-evidence-closure/source/nozzle_pipework ""Protocol-only fixture proving source-backed closure. Not a real supplier quote.""",test-fixture://review-evidence-closure/source/nozzle_pipework,test-fixture://review-evidence-closure/review/design_review:safety_protection,,safety_protection,nozzle_pipework,false,false,Keep reviewer evidence attached to this component-candidate allocation.
component_candidate:safety_protection_fire_suppression_pressure_switch,component_candidate,accepted,reviewer_evidence,pressure switch,pressure switch is an architecture-derived component candidate with quantity 1 candidate.,"model:scratch_universal_architecture.energy_storage; source:test-fixture://review-evidence-closure/source/pressure_switch ""Protocol-only fixture proving source-backed closure. Not a real supplier quote.""",test-fixture://review-evidence-closure/source/pressure_switch,test-fixture://review-evidence-closure/review/design_review:safety_protection,,safety_protection,pressure_switch,false,false,Keep reviewer evidence attached to this component-candidate allocation.
component_candidate:safety_protection_fire_suppression_release_solenoid,component_candidate,accepted,reviewer_evidence,release solenoid,release solenoid is an architecture-derived component candidate with quantity 1 candidate.,"model:scratch_universal_architecture.energy_storage; source:test-fixture://review-evidence-closure/source/release_solenoid ""Protocol-only fixture proving source-backed closure. Not a real supplier quote.""",test-fixture://review-evidence-closure/source/release_solenoid,test-fixture://review-evidence-closure/review/design_review:safety_protection,,safety_protection,release_solenoid,false,false,Keep reviewer evidence attached to this component-candidate allocation.
component_candidate:safety_protection_surge_fault_protection_ac_surge_protection_device,component_candidate,accepted,reviewer_evidence,AC surge protection device,AC surge protection device is an architecture-derived component candidate with quantity 1 candidate.,"model:scratch_universal_architecture.energy_storage; source:test-fixture://review-evidence-closure/source/ac_surge_protection_device ""Protocol-only fixture proving source-backed closure. Not a real supplier quote.""",test-fixture://review-evidence-closure/source/ac_surge_protection_device,test-fixture://review-evidence-closure/review/design_review:safety_protection,,safety_protection,ac_surge_protection_device,false,false,Keep reviewer evidence attached to this component-candidate allocation.
component_candidate:safety_protection_surge_fault_protection_arc_flash_label_set,component_candidate,accepted,reviewer_evidence,arc flash label set,arc flash label set is an architecture-derived component candidate with quantity 1 candidate.,"model:scratch_universal_architecture.energy_storage; source:test-fixture://review-evidence-closure/source/arc_flash_label_set ""Protocol-only fixture proving source-backed closure. Not a real supplier quote.""",test-fixture://review-evidence-closure/source/arc_flash_label_set,test-fixture://review-evidence-closure/review/design_review:safety_protection,,safety_protection,arc_flash_label_set,false,false,Keep reviewer evidence attached to this component-candidate allocation.
component_candidate:safety_protection_surge_fault_protection_dc_surge_protection_device,component_candidate,accepted,reviewer_evidence,DC surge protection device,DC surge protection device is an architecture-derived component candidate with quantity 1 candidate.,"model:scratch_universal_architecture.energy_storage; source:test-fixture://review-evidence-closure/source/dc_surge_protection_device ""Protocol-only fixture proving source-backed closure. Not a real supplier quote.""",test-fixture://review-evidence-closure/source/dc_surge_protection_device,test-fixture://review-evidence-closure/review/design_review:safety_protection,,safety_protection,dc_surge_protection_device,false,false,Keep reviewer evidence attached to this component-candidate allocation.
component_candidate:safety_protection_surge_fault_protection_protective_earth_bonding_kit,component_candidate,accepted,reviewer_evidence,protective earth bonding kit,protective earth bonding kit is an architecture-derived component candidate with quantity 1 candidate.,"model:scratch_universal_architecture.energy_storage; source:test-fixture://review-evidence-closure/source/protective_earth_bonding_kit ""Protocol-only fixture proving source-backed closure. Not a real supplier quote.""",test-fixture://review-evidence-closure/source/protective_earth_bonding_kit,test-fixture://review-evidence-closure/review/design_review:safety_protection,,safety_protection,protective_earth_bonding_kit,false,false,Keep reviewer evidence attached to this component-candidate allocation.
component_candidate:sensing_instrumentation_electrical_measurement_auxiliary_metering_transducer,component_candidate,accepted,reviewer_evidence,auxiliary metering transducer,auxiliary metering transducer is an architecture-derived component candidate with quantity 1 candidate.,"model:scratch_universal_architecture.energy_storage; source:test-fixture://review-evidence-closure/source/auxiliary_metering_transducer ""Protocol-only fixture proving source-backed closure. Not a real supplier quote.""",test-fixture://review-evidence-closure/source/auxiliary_metering_transducer,test-fixture://review-evidence-closure/review/design_review:sensing_instrumentation,,sensing_instrumentation,auxiliary_metering_transducer,false,false,Keep reviewer evidence attached to this component-candidate allocation.
component_candidate:sensing_instrumentation_electrical_measurement_dc_voltage_transducer,component_candidate,accepted,reviewer_evidence,DC voltage transducer,DC voltage transducer is an architecture-derived component candidate with quantity 1 candidate.,"model:scratch_universal_architecture.energy_storage; source:test-fixture://review-evidence-closure/source/dc_voltage_transducer ""Protocol-only fixture proving source-backed closure. Not a real supplier quote.""",test-fixture://review-evidence-closure/source/dc_voltage_transducer,test-fixture://review-evidence-closure/review/design_review:sensing_instrumentation,,sensing_instrumentation,dc_voltage_transducer,false,false,Keep reviewer evidence attached to this component-candidate allocation.
component_candidate:sensing_instrumentation_electrical_measurement_hall_current_sensor,component_candidate,accepted,reviewer_evidence,Hall current sensor,Hall current sensor is an architecture-derived component candidate with quantity 1 candidate.,"model:scratch_universal_architecture.energy_storage; source:test-fixture://review-evidence-closure/source/hall_current_sensor ""Protocol-only fixture proving source-backed closure. Not a real supplier quote.""",test-fixture://review-evidence-closure/source/hall_current_sensor,test-fixture://review-evidence-closure/review/design_review:sensing_instrumentation,,sensing_instrumentation,hall_current_sensor,false,false,Keep reviewer evidence attached to this component-candidate allocation.
component_candidate:sensing_instrumentation_electrical_measurement_insulation_monitoring_device,component_candidate,accepted,reviewer_evidence,insulation monitoring device,insulation monitoring device is an architecture-derived component candidate with quantity 1 candidate.,"model:scratch_universal_architecture.energy_storage; source:test-fixture://review-evidence-closure/source/insulation_monitoring_device ""Protocol-only fixture proving source-backed closure. Not a real supplier quote.""",test-fixture://review-evidence-closure/source/insulation_monitoring_device,test-fixture://review-evidence-closure/review/design_review:sensing_instrumentation,,sensing_instrumentation,insulation_monitoring_device,false,false,Keep reviewer evidence attached to this component-candidate allocation.
component_candidate:sensing_instrumentation_environmental_sensors_door_position_switch,component_candidate,accepted,reviewer_evidence,door position switch,door position switch is an architecture-derived component candidate with quantity 1 candidate.,"model:scratch_universal_architecture.energy_storage; source:test-fixture://review-evidence-closure/source/door_position_switch ""Protocol-only fixture proving source-backed closure. Not a real supplier quote.""",test-fixture://review-evidence-closure/source/door_position_switch,test-fixture://review-evidence-closure/review/design_review:sensing_instrumentation,,sensing_instrumentation,door_position_switch,false,false,Keep reviewer evidence attached to this component-candidate allocation.
component_candidate:sensing_instrumentation_environmental_sensors_hydrogen_detector,component_candidate,accepted,reviewer_evidence,hydrogen detector,hydrogen detector is an architecture-derived component candidate with quantity 1 candidate.,"model:scratch_universal_architecture.energy_storage; source:test-fixture://review-evidence-closure/source/hydrogen_detector ""Protocol-only fixture proving source-backed closure. Not a real supplier quote.""",test-fixture://review-evidence-closure/source/hydrogen_detector,test-fixture://review-evidence-closure/review/design_review:sensing_instrumentation,,sensing_instrumentation,hydrogen_detector,false,false,Keep reviewer evidence attached to this component-candidate allocation.
component_candidate:sensing_instrumentation_environmental_sensors_smoke_aspirating_detector,component_candidate,accepted,reviewer_evidence,smoke aspirating detector,smoke aspirating detector is an architecture-derived component candidate with quantity 1 candidate.,"model:scratch_universal_architecture.energy_storage; source:test-fixture://review-evidence-closure/source/smoke_aspirating_detector ""Protocol-only fixture proving source-backed closure. Not a real supplier quote.""",test-fixture://review-evidence-closure/source/smoke_aspirating_detector,test-fixture://review-evidence-closure/review/design_review:sensing_instrumentation,,sensing_instrumentation,smoke_aspirating_detector,false,false,Keep reviewer evidence attached to this component-candidate allocation.
component_candidate:sensing_instrumentation_environmental_sensors_temperature_humidity_sensor,component_candidate,accepted,reviewer_evidence,temperature humidity sensor,temperature humidity sensor is an architecture-derived component candidate with quantity 1 candidate.,"model:scratch_universal_architecture.energy_storage; source:test-fixture://review-evidence-closure/source/temperature_humidity_sensor ""Protocol-only fixture proving source-backed closure. Not a real supplier quote.""",test-fixture://review-evidence-closure/source/temperature_humidity_sensor,test-fixture://review-evidence-closure/review/design_review:sensing_instrumentation,,sensing_instrumentation,temperature_humidity_sensor,false,false,Keep reviewer evidence attached to this component-candidate allocation.
component_candidate:sensing_instrumentation_event_recording_calibration_certificate_holder,component_candidate,accepted,reviewer_evidence,calibration certificate holder,calibration certificate holder is an architecture-derived component candidate with quantity 1 candidate.,"model:scratch_universal_architecture.energy_storage; source:test-fixture://review-evidence-closure/source/calibration_certificate_holder ""Protocol-only fixture proving source-backed closure. Not a real supplier quote.""",test-fixture://review-evidence-closure/source/calibration_certificate_holder,test-fixture://review-evidence-closure/review/design_review:sensing_instrumentation,,sensing_instrumentation,calibration_certificate_holder,false,false,Keep reviewer evidence attached to this component-candidate allocation.
component_candidate:sensing_instrumentation_event_recording_digital_input_card,component_candidate,accepted,reviewer_evidence,digital input card,digital input card is an architecture-derived component candidate with quantity 1 candidate.,"model:scratch_universal_architecture.energy_storage; source:test-fixture://review-evidence-closure/source/digital_input_card ""Protocol-only fixture proving source-backed closure. Not a real supplier quote.""",test-fixture://review-evidence-closure/source/digital_input_card,test-fixture://review-evidence-closure/review/design_review:sensing_instrumentation,,sensing_instrumentation,digital_input_card,false,false,Keep reviewer evidence attached to this component-candidate allocation.
component_candidate:sensing_instrumentation_event_recording_event_timestamp_logger,component_candidate,accepted,reviewer_evidence,event timestamp logger,event timestamp logger is an architecture-derived component candidate with quantity 1 candidate.,"model:scratch_universal_architecture.energy_storage; source:test-fixture://review-evidence-closure/source/event_timestamp_logger ""Protocol-only fixture proving source-backed closure. Not a real supplier quote.""",test-fixture://review-evidence-closure/source/event_timestamp_logger,test-fixture://review-evidence-closure/review/design_review:sensing_instrumentation,,sensing_instrumentation,event_timestamp_logger,false,false,Keep reviewer evidence attached to this component-candidate allocation.
component_candidate:sensing_instrumentation_event_recording_fault_recorder_module,component_candidate,accepted,reviewer_evidence,fault recorder module,fault recorder module is an architecture-derived component candidate with quantity 1 candidate.,"model:scratch_universal_architecture.energy_storage; source:test-fixture://review-evidence-closure/source/fault_recorder_module ""Protocol-only fixture proving source-backed closure. Not a real supplier quote.""",test-fixture://review-evidence-closure/source/fault_recorder_module,test-fixture://review-evidence-closure/review/design_review:sensing_instrumentation,,sensing_instrumentation,fault_recorder_module,false,false,Keep reviewer evidence attached to this component-candidate allocation.
component_candidate:sensing_instrumentation_event_recording_local_historian_buffer,component_candidate,accepted,reviewer_evidence,local historian buffer,local historian buffer is an architecture-derived component candidate with quantity 1 candidate.,"model:scratch_universal_architecture.energy_storage; source:test-fixture://review-evidence-closure/source/local_historian_buffer ""Protocol-only fixture proving source-backed closure. Not a real supplier quote.""",test-fixture://review-evidence-closure/source/local_historian_buffer,test-fixture://review-evidence-closure/review/design_review:sensing_instrumentation,,sensing_instrumentation,local_historian_buffer,false,false,Keep reviewer evidence attached to this component-candidate allocation.
component_candidate:sensing_instrumentation_thermal_sensors_coolant_inlet_thermistor,component_candidate,accepted,reviewer_evidence,coolant inlet thermistor,coolant inlet thermistor is an architecture-derived component candidate with quantity 1 candidate.,"model:scratch_universal_architecture.energy_storage; source:test-fixture://review-evidence-closure/source/coolant_inlet_thermistor ""Protocol-only fixture proving source-backed closure. Not a real supplier quote.""",test-fixture://review-evidence-closure/source/coolant_inlet_thermistor,test-fixture://review-evidence-closure/review/design_review:sensing_instrumentation,,sensing_instrumentation,coolant_inlet_thermistor,false,false,Keep reviewer evidence attached to this component-candidate allocation.
component_candidate:sensing_instrumentation_thermal_sensors_coolant_outlet_thermistor,component_candidate,accepted,reviewer_evidence,coolant outlet thermistor,coolant outlet thermistor is an architecture-derived component candidate with quantity 1 candidate.,"model:scratch_universal_architecture.energy_storage; source:test-fixture://review-evidence-closure/source/coolant_outlet_thermistor ""Protocol-only fixture proving source-backed closure. Not a real supplier quote.""",test-fixture://review-evidence-closure/source/coolant_outlet_thermistor,test-fixture://review-evidence-closure/review/design_review:sensing_instrumentation,,sensing_instrumentation,coolant_outlet_thermistor,false,false,Keep reviewer evidence attached to this component-candidate allocation.
component_candidate:sensing_instrumentation_thermal_sensors_flow_meter,component_candidate,accepted,reviewer_evidence,flow meter,flow meter is an architecture-derived component candidate with quantity 1 candidate.,"model:scratch_universal_architecture.energy_storage; source:test-fixture://review-evidence-closure/source/flow_meter ""Protocol-only fixture proving source-backed closure. Not a real supplier quote.""",test-fixture://review-evidence-closure/source/flow_meter,test-fixture://review-evidence-closure/review/design_review:sensing_instrumentation,,sensing_instrumentation,flow_meter,false,false,Keep reviewer evidence attached to this component-candidate allocation.
component_candidate:sensing_instrumentation_thermal_sensors_pressure_transducer,component_candidate,accepted,reviewer_evidence,pressure transducer,pressure transducer is an architecture-derived component candidate with quantity 1 candidate.,"model:scratch_universal_architecture.energy_storage; source:test-fixture://review-evidence-closure/source/pressure_transducer ""Protocol-only fixture proving source-backed closure. Not a real supplier quote.""",test-fixture://review-evidence-closure/source/pressure_transducer,test-fixture://review-evidence-closure/review/design_review:sensing_instrumentation,,sensing_instrumentation,pressure_transducer,false,false,Keep reviewer evidence attached to this component-candidate allocation.
component_candidate:structure_containment_cable_penetration_sealing_emc_cable_gland,component_candidate,accepted,reviewer_evidence,EMC cable gland,EMC cable gland is an architecture-derived component candidate with quantity 1 candidate.,"model:scratch_universal_architecture.energy_storage; source:test-fixture://review-evidence-closure/source/emc_cable_gland ""Protocol-only fixture proving source-backed closure. Not a real supplier quote.""",test-fixture://review-evidence-closure/source/emc_cable_gland,test-fixture://review-evidence-closure/review/design_review:structure_containment,,structure_containment,emc_cable_gland,false,false,Keep reviewer evidence attached to this component-candidate allocation.
component_candidate:structure_containment_cable_penetration_sealing_firestop_collar_set,component_candidate,accepted,reviewer_evidence,firestop collar set,firestop collar set is an architecture-derived component candidate with quantity 1 candidate.,"model:scratch_universal_architecture.energy_storage; source:test-fixture://review-evidence-closure/source/firestop_collar_set ""Protocol-only fixture proving source-backed closure. Not a real supplier quote.""",test-fixture://review-evidence-closure/source/firestop_collar_set,test-fixture://review-evidence-closure/review/design_review:structure_containment,,structure_containment,firestop_collar_set,false,false,Keep reviewer evidence attached to this component-candidate allocation.
component_candidate:structure_containment_cable_penetration_sealing_gland_plate_assembly,component_candidate,accepted,reviewer_evidence,gland plate assembly,gland plate assembly is an architecture-derived component candidate with quantity 1 candidate.,"model:scratch_universal_architecture.energy_storage; source:test-fixture://review-evidence-closure/source/gland_plate_assembly ""Protocol-only fixture proving source-backed closure. Not a real supplier quote.""",test-fixture://review-evidence-closure/source/gland_plate_assembly,test-fixture://review-evidence-closure/review/design_review:structure_containment,,structure_containment,gland_plate_assembly,false,false,Keep reviewer evidence attached to this component-candidate allocation.
component_candidate:structure_containment_cable_penetration_sealing_penetration_schedule_label,component_candidate,accepted,reviewer_evidence,penetration schedule label,penetration schedule label is an architecture-derived component candidate with quantity 1 candidate.,"model:scratch_universal_architecture.energy_storage; source:test-fixture://review-evidence-closure/source/penetration_schedule_label ""Protocol-only fixture proving source-backed closure. Not a real supplier quote.""",test-fixture://review-evidence-closure/source/penetration_schedule_label,test-fixture://review-evidence-closure/review/design_review:structure_containment,,structure_containment,penetration_schedule_label,false,false,Keep reviewer evidence attached to this component-candidate allocation.
component_candidate:structure_containment_cable_penetration_sealing_rain_drip_shield,component_candidate,accepted,reviewer_evidence,rain drip shield,rain drip shield is an architecture-derived component candidate with quantity 1 candidate.,"model:scratch_universal_architecture.energy_storage; source:test-fixture://review-evidence-closure/source/rain_drip_shield ""Protocol-only fixture proving source-backed closure. Not a real supplier quote.""",test-fixture://review-evidence-closure/source/rain_drip_shield,test-fixture://review-evidence-closure/review/design_review:structure_containment,,structure_containment,rain_drip_shield,false,false,Keep reviewer evidence attached to this component-candidate allocation.
component_candidate:structure_containment_container_shell_corner_casting,component_candidate,accepted,reviewer_evidence,corner casting,corner casting is an architecture-derived component candidate with quantity 1 candidate.,"model:scratch_universal_architecture.energy_storage; source:test-fixture://review-evidence-closure/source/corner_casting ""Protocol-only fixture proving source-backed closure. Not a real supplier quote.""",test-fixture://review-evidence-closure/source/corner_casting,test-fixture://review-evidence-closure/review/design_review:structure_containment,,structure_containment,corner_casting,false,false,Keep reviewer evidence attached to this component-candidate allocation.
component_candidate:structure_containment_container_shell_corten_steel_side_panel,component_candidate,accepted,reviewer_evidence,corten steel side panel,corten steel side panel is an architecture-derived component candidate with quantity 1 candidate.,"model:scratch_universal_architecture.energy_storage; source:test-fixture://review-evidence-closure/source/corten_steel_side_panel ""Protocol-only fixture proving source-backed closure. Not a real supplier quote.""",test-fixture://review-evidence-closure/source/corten_steel_side_panel,test-fixture://review-evidence-closure/review/design_review:structure_containment,mass_kg,structure_containment,corten_steel_side_panel,false,false,Keep reviewer evidence attached to this component-candidate allocation.
component_candidate:structure_containment_container_shell_marine_plywood_floor,component_candidate,accepted,reviewer_evidence,marine plywood floor,marine plywood floor is an architecture-derived component candidate with quantity 1 candidate.,"model:scratch_universal_architecture.energy_storage; source:test-fixture://review-evidence-closure/source/marine_plywood_floor ""Protocol-only fixture proving source-backed closure. Not a real supplier quote.""",test-fixture://review-evidence-closure/source/marine_plywood_floor,test-fixture://review-evidence-closure/review/design_review:structure_containment,,structure_containment,marine_plywood_floor,false,false,Keep reviewer evidence attached to this component-candidate allocation.
component_candidate:structure_containment_container_shell_roof_panel,component_candidate,accepted,reviewer_evidence,roof panel,roof panel is an architecture-derived component candidate with quantity 1 candidate.,"model:scratch_universal_architecture.energy_storage; source:test-fixture://review-evidence-closure/source/roof_panel ""Protocol-only fixture proving source-backed closure. Not a real supplier quote.""",test-fixture://review-evidence-closure/source/roof_panel,test-fixture://review-evidence-closure/review/design_review:structure_containment,,structure_containment,roof_panel,false,false,Keep reviewer evidence attached to this component-candidate allocation.
component_candidate:structure_containment_internal_partitions_fire_rated_board,component_candidate,accepted,reviewer_evidence,fire-rated board,fire-rated board is an architecture-derived component candidate with quantity 1 candidate.,"model:scratch_universal_architecture.energy_storage; source:test-fixture://review-evidence-closure/source/fire_rated_board ""Protocol-only fixture proving source-backed closure. Not a real supplier quote.""",test-fixture://review-evidence-closure/source/fire_rated_board,test-fixture://review-evidence-closure/review/design_review:structure_containment,,structure_containment,fire_rated_board,false,false,Keep reviewer evidence attached to this component-candidate allocation.
component_candidate:structure_containment_internal_partitions_intumescent_sealant,component_candidate,accepted,reviewer_evidence,intumescent sealant,intumescent sealant is an architecture-derived component candidate with quantity 1 candidate.,"model:scratch_universal_architecture.energy_storage; source:test-fixture://review-evidence-closure/source/intumescent_sealant ""Protocol-only fixture proving source-backed closure. Not a real supplier quote.""",test-fixture://review-evidence-closure/source/intumescent_sealant,test-fixture://review-evidence-closure/review/design_review:structure_containment,,structure_containment,intumescent_sealant,false,false,Keep reviewer evidence attached to this component-candidate allocation.
component_candidate:structure_containment_internal_partitions_mineral_wool_insulation,component_candidate,accepted,reviewer_evidence,mineral wool insulation,mineral wool insulation is an architecture-derived component candidate with quantity 1 candidate.,"model:scratch_universal_architecture.energy_storage; source:test-fixture://review-evidence-closure/source/mineral_wool_insulation ""Protocol-only fixture proving source-backed closure. Not a real supplier quote.""",test-fixture://review-evidence-closure/source/mineral_wool_insulation,test-fixture://review-evidence-closure/review/design_review:structure_containment,,structure_containment,mineral_wool_insulation,false,false,Keep reviewer evidence attached to this component-candidate allocation.
component_candidate:structure_containment_internal_partitions_steel_stud_frame,component_candidate,accepted,reviewer_evidence,steel stud frame,steel stud frame is an architecture-derived component candidate with quantity 1 candidate.,"model:scratch_universal_architecture.energy_storage; source:test-fixture://review-evidence-closure/source/steel_stud_frame ""Protocol-only fixture proving source-backed closure. Not a real supplier quote.""",test-fixture://review-evidence-closure/source/steel_stud_frame,test-fixture://review-evidence-closure/review/design_review:structure_containment,,structure_containment,steel_stud_frame,false,false,Keep reviewer evidence attached to this component-candidate allocation.
component_candidate:structure_containment_rack_mounting_anchor_bolt_set,component_candidate,accepted,reviewer_evidence,anchor bolt set,anchor bolt set is an architecture-derived component candidate with quantity 1 candidate.,"model:scratch_universal_architecture.energy_storage; source:test-fixture://review-evidence-closure/source/anchor_bolt_set ""Protocol-only fixture proving source-backed closure. Not a real supplier quote.""",test-fixture://review-evidence-closure/source/anchor_bolt_set,test-fixture://review-evidence-closure/review/design_review:structure_containment,,structure_containment,anchor_bolt_set,false,false,Keep reviewer evidence attached to this component-candidate allocation.
component_candidate:structure_containment_rack_mounting_floor_reinforcement_plate,component_candidate,accepted,reviewer_evidence,floor reinforcement plate,floor reinforcement plate is an architecture-derived component candidate with quantity 1 candidate.,"model:scratch_universal_architecture.energy_storage; source:test-fixture://review-evidence-closure/source/floor_reinforcement_plate ""Protocol-only fixture proving source-backed closure. Not a real supplier quote.""",test-fixture://review-evidence-closure/source/floor_reinforcement_plate,test-fixture://review-evidence-closure/review/design_review:structure_containment,,structure_containment,floor_reinforcement_plate,false,false,Keep reviewer evidence attached to this component-candidate allocation.
component_candidate:structure_containment_rack_mounting_rack_mounting_rail,component_candidate,accepted,reviewer_evidence,rack mounting rail,rack mounting rail is an architecture-derived component candidate with quantity 1 candidate.,"model:scratch_universal_architecture.energy_storage; source:test-fixture://review-evidence-closure/source/rack_mounting_rail ""Protocol-only fixture proving source-backed closure. Not a real supplier quote.""",test-fixture://review-evidence-closure/source/rack_mounting_rail,test-fixture://review-evidence-closure/review/design_review:structure_containment,,structure_containment,rack_mounting_rail,false,false,Keep reviewer evidence attached to this component-candidate allocation.
component_candidate:structure_containment_rack_mounting_vibration_isolator,component_candidate,accepted,reviewer_evidence,vibration isolator,vibration isolator is an architecture-derived component candidate with quantity 1 candidate.,"model:scratch_universal_architecture.energy_storage; source:test-fixture://review-evidence-closure/source/vibration_isolator ""Protocol-only fixture proving source-backed closure. Not a real supplier quote.""",test-fixture://review-evidence-closure/source/vibration_isolator,test-fixture://review-evidence-closure/review/design_review:structure_containment,,structure_containment,vibration_isolator,false,false,Keep reviewer evidence attached to this component-candidate allocation.
engineering_calculation:bess_discharge_duration_h,engineering_calculation,accepted,reviewer_evidence,BESS discharge duration,BESS discharge duration: 3.5 h using capacity_mwh / power_mw.,,,test-fixture://review-evidence-closure/review/calculation:energy_storage_source; test-fixture://review-evidence-closure/review/calculation:energy_conversion_transduction; test-fixture://review-evidence-closure/review/calculation:power_distribution; test-fixture://review-evidence-closure/review/calculation:control_compute_communication,capacity_mwh; power_mw,energy_storage_source; energy_conversion_transduction; power_distribution; control_compute_communication,lfp_prismatic_cells; pcs_inverter; copper_dc_busbar; bms_master_controller,false,false,Keep reviewer evidence attached to this calculation claim.
engineering_calculation:bess_nameplate_annual_throughput_mwh,engineering_calculation,accepted,reviewer_evidence,BESS annual nameplate throughput,BESS annual nameplate throughput: 1277.5 MWh/year using capacity_mwh * 365.,,,test-fixture://review-evidence-closure/review/calculation:energy_storage_source; test-fixture://review-evidence-closure/review/calculation:energy_conversion_transduction; test-fixture://review-evidence-closure/review/calculation:power_distribution,capacity_mwh,energy_storage_source; energy_conversion_transduction; power_distribution,lfp_prismatic_cells; pcs_inverter; copper_dc_busbar,false,false,Keep reviewer evidence attached to this calculation claim.
engineering_calculation:bess_system_energy_density_wh_per_kg,engineering_calculation,accepted,reviewer_evidence,BESS system energy density,"BESS system energy density: 125 Wh/kg using (capacity_mwh * 1,000,000) / mass_kg.",,,test-fixture://review-evidence-closure/review/calculation:energy_storage_source; test-fixture://review-evidence-closure/review/calculation:energy_conversion_transduction; test-fixture://review-evidence-closure/review/calculation:power_distribution; test-fixture://review-evidence-closure/review/calculation:structure_containment; test-fixture://review-evidence-closure/review/calculation:maintenance_serviceability,capacity_mwh; mass_kg,energy_storage_source; energy_conversion_transduction; power_distribution; structure_containment; maintenance_serviceability,lfp_prismatic_cells; pcs_inverter; copper_dc_busbar; corten_steel_side_panel; lockable_access_door,false,false,Keep reviewer evidence attached to this calculation claim.
headline_metric:headline_output,headline_metric,accepted,reviewer_evidence,Annual MWh delivered,Annual MWh delivered = 1277.5 MWh/year.,class_pack:energy_storage.class_pack; formula:capacity_mwh * cycles_per_year * efficiency,,test-fixture://review-evidence-closure/review/calculation:energy_storage_source; test-fixture://review-evidence-closure/review/calculation:energy_conversion_transduction; test-fixture://review-evidence-closure/review/calculation:power_distribution,capacity_mwh,,,false,false,Keep accepted calculation or source evidence attached to this metric.
module_allocation:control_compute_communication,module_allocation,accepted,reviewer_evidence,Control Compute And Communication,"Control Compute And Communication is a top-level functional module: Coordinates BMS, PCS, auxiliaries and site-level dispatch.",,,test-fixture://review-evidence-closure/review/design_review:control_compute_communication,power_mw,control_compute_communication,bms_master_controller; isolation_interface; contactor_driver_output; soc_estimation_firmware; industrial_controller; i_o_expansion_module; network_switch; cellular_router; modbus_tcp_gateway; scada_protocol_adapter; time_synchronisation_module; cybersecurity_firewall; vpn_access_appliance; syslog_collector; account_key_switch; firmware_escrow_tag; configuration_backup_module,false,false,Keep reviewer evidence attached to this module claim.
module_allocation:energy_conversion_transduction,module_allocation,accepted,reviewer_evidence,Power Conversion System,Power Conversion System is a top-level functional module: Converts the battery DC bus into 1 MW grid-compatible AC output.,,,test-fixture://review-evidence-closure/review/design_review:energy_conversion_transduction,capacity_mwh; power_mw,energy_conversion_transduction,pcs_inverter; igbt_power_module; dc_link_capacitor_bank; gate_driver_board; inverter_control_board; liquid_cooled_heatsink; cast_resin_transformer; hv_winding; lv_winding; temperature_probe; anti_vibration_mount; grid_filter_choke; ac_filter_capacitor; emi_filter_assembly; protective_earth_bar; grid_protection_relay; voltage_sensing_fuse_set; relay_test_block; trip_circuit_monitor; g99_settings_label,false,false,Keep reviewer evidence attached to this module claim.
module_allocation:energy_storage_source,module_allocation,accepted,reviewer_evidence,Energy Storage Source,Energy Storage Source is a top-level functional module: Stores roughly 3.5 MWh usable energy in rack-mounted LFP cell assemblies.,,,test-fixture://review-evidence-closure/review/design_review:energy_storage_source,capacity_mwh,energy_storage_source,lfp_prismatic_cells; cell_to_cell_busbar; cell_terminal_hardware_set; cell_insulation_pad; module_fuse; module_steel_frame; compression_plate; compression_tie_rod_set; module_top_cover; rack_label_plate; bms_slave_pcb; afe_monitor_ic; ntc_thermistor_harness; isolated_can_transceiver; conformal_coating; dc_contactor_or_breaker; precharge_resistor; hv_fuse_holder; pack_current_sensor; service_disconnect; cell_voltage_sense_loom; rack_can_drop_cable; harness_strain_relief_rail; low_smoke_cable_sleeve; rack_cold_plate_manifold; thermally_conductive_gap_pad; coolant_quick_connector_pair; rack_drip_tray; leak_detection_rope,false,false,Keep reviewer evidence attached to this module claim.
module_allocation:environmental_interface,module_allocation,accepted,reviewer_evidence,Environmental Interface,Environmental Interface is a top-level functional module: Maintains the container operating envelope across weather and heat loads.,,,test-fixture://review-evidence-closure/review/design_review:environmental_interface,,environmental_interface,container_hvac_unit; air_filter_element; condensate_drain_kit; hvac_controller; intake_louvre; exhaust_louvre; ec_fan_assembly; airflow_baffle; insulation_panel; vapour_barrier_film; thermal_break_strip; seal_gasket_set; dry_cooler_coil; ec_condenser_fan; fan_contactor; coil_guard_grille; drain_safe_condensate_pan,false,false,Keep reviewer evidence attached to this module claim.
module_allocation:hmi_ergonomics,module_allocation,accepted,reviewer_evidence,Operator HMI And Labelling,"Operator HMI And Labelling is a top-level functional module: Presents system status, controls access and communicates hazards to operators.",,,test-fixture://review-evidence-closure/review/design_review:hmi_ergonomics,,hmi_ergonomics,industrial_touchscreen; panel_pc; key_switch; alarm_buzzer_beacon; high_voltage_warning_label; arc_flash_boundary_label; fire_suppression_instruction_placard; asset_qr_label; laminated_isolation_checklist; inspection_log_holder; status_stack_light; manual_reset_station; operator_notification_relay; sms_alarm_output_module; alarm_acknowledgement_button; escalation_contact_label; remote_reset_inhibit_relay,false,false,Keep reviewer evidence attached to this module claim.
module_allocation:maintenance_serviceability,module_allocation,accepted,reviewer_evidence,Maintenance And Serviceability,"Maintenance And Serviceability is a top-level functional module: Lets technicians inspect, isolate, lift and replace internal assemblies safely.",,,test-fixture://review-evidence-closure/review/design_review:maintenance_serviceability,mass_kg,maintenance_serviceability,lockable_access_door; door_seal_gasket; panic_release_latch; door_stay_arm; led_service_luminaire; emergency_light_fitting; maintenance_receptacle; lighting_switchgear; certified_lifting_lug; forklift_pocket_reinforcement; removable_rack_guide; service_trolley_interface; insulated_test_socket; coolant_sampling_port; laptop_service_port; lockout_hasp_rail; commissioning_torque_log_plate,false,false,Keep reviewer evidence attached to this module claim.
module_allocation:mass_fluid_transport_process,module_allocation,accepted,reviewer_evidence,Coolant Circulation Process,"Coolant Circulation Process is a top-level functional module: Moves coolant through battery racks, heat exchangers and serviceable filters.",,,test-fixture://review-evidence-closure/review/design_review:mass_fluid_transport_process,,mass_fluid_transport_process,thermal_management_loop; coolant_circulation_pump; pump_vfd; check_valve; isolation_valve; coolant_filter_housing; replaceable_filter_cartridge; glycol_concentration_sensor; fill_and_drain_manifold; expansion_vessel; automatic_air_vent; pressure_relief_valve; low_pressure_switch; plate_heat_exchanger; temperature_balancing_valve; purge_valve_set; service_bypass_loop; insulated_hose_set,false,false,Keep reviewer evidence attached to this module claim.
module_allocation:power_distribution,module_allocation,accepted,reviewer_evidence,DC And AC Power Distribution,"DC And AC Power Distribution is a top-level functional module: Routes high-voltage DC, grid AC and auxiliary power through protected paths.",,,test-fixture://review-evidence-closure/review/design_review:power_distribution,capacity_mwh; power_mw,power_distribution,copper_dc_busbar; busbar_support_insulator; busbar_shroud; torque_witness_marker; moulded_case_circuit_breaker; ac_contactor; metering_ct_set; terminal_block_assembly; auxiliary_transformer; 24_v_dc_power_supply; miniature_circuit_breaker_bank; ups_module; main_earth_bar; earth_stud_array; lightning_surge_counter; equipotential_bonding_strap; earth_continuity_test_point,false,false,Keep reviewer evidence attached to this module claim.
module_allocation:safety_protection,module_allocation,accepted,reviewer_evidence,Safety Protection And Interlocks,Safety Protection And Interlocks is a top-level functional module: Detects unsafe conditions and forces the system into a protected state.,,,test-fixture://review-evidence-closure/review/design_review:safety_protection,,safety_protection,fire_detection_suppression; clean_agent_cylinder; release_solenoid; nozzle_pipework; pressure_switch; e_stop_mushroom_button; safety_relay; dc_shunt_trip_output; ac_breaker_trip_coil; dc_surge_protection_device; ac_surge_protection_device; arc_flash_label_set; protective_earth_bonding_kit; pressure_relief_vent_panel; vent_microswitch; flame_arrestor_mesh; vent_weather_hood; post_event_inspection_tag,false,false,Keep reviewer evidence attached to this module claim.
module_allocation:sensing_instrumentation,module_allocation,accepted,reviewer_evidence,Sensing And Instrumentation,"Sensing And Instrumentation is a top-level functional module: Measures electrical, thermal and environmental state for operation and safety.",,,test-fixture://review-evidence-closure/review/design_review:sensing_instrumentation,,sensing_instrumentation,dc_voltage_transducer; hall_current_sensor; insulation_monitoring_device; auxiliary_metering_transducer; temperature_humidity_sensor; hydrogen_detector; smoke_aspirating_detector; door_position_switch; coolant_inlet_thermistor; coolant_outlet_thermistor; flow_meter; pressure_transducer; fault_recorder_module; event_timestamp_logger; digital_input_card; local_historian_buffer; calibration_certificate_holder,false,false,Keep reviewer evidence attached to this module claim.
module_allocation:structure_containment,module_allocation,accepted,reviewer_evidence,Container Structure And Fit-Out,"Container Structure And Fit-Out is a top-level functional module: Provides weatherproof containment, transport structure and internal segregation.",,,test-fixture://review-evidence-closure/review/design_review:structure_containment,mass_kg,structure_containment,corten_steel_side_panel; corner_casting; marine_plywood_floor; roof_panel; steel_stud_frame; fire_rated_board; mineral_wool_insulation; intumescent_sealant; floor_reinforcement_plate; rack_mounting_rail; vibration_isolator; anchor_bolt_set; gland_plate_assembly; firestop_collar_set; emc_cable_gland; rain_drip_shield; penetration_schedule_label,false,false,Keep reviewer evidence attached to this module claim.
regulatory_standard:G99,regulatory_standard,accepted,reviewer_evidence,G99,G99: UK grid connection requirements is relevant in UK.,class_pack:energy_storage.class_pack,,test-fixture://review-evidence-closure/review/compliance_review:G99,,,,false,false,Keep compliance reviewer evidence attached to this standard.
regulatory_standard:IEC-62619,regulatory_standard,accepted,reviewer_evidence,IEC-62619,IEC-62619: Industrial lithium battery safety is relevant in Global / UK-adopted.,class_pack:energy_storage.class_pack,,test-fixture://review-evidence-closure/review/compliance_review:IEC-62619,,,,false,false,Keep compliance reviewer evidence attached to this standard.
regulatory_standard:UL-9540A,regulatory_standard,accepted,reviewer_evidence,UL-9540A,UL-9540A: Thermal runaway fire propagation test is relevant in US / investor diligence.,class_pack:energy_storage.class_pack,,test-fixture://review-evidence-closure/review/compliance_review:UL-9540A,,,,false,false,Keep compliance reviewer evidence attached to this standard.
risk_hazard:1,risk_hazard,accepted,reviewer_evidence,Thermal runaway propagation,"Thermal runaway propagation has provisional RPN 120 with mitigation: Cell spacing, thermal monitoring and clean-agent suppression.",,,test-fixture://review-evidence-closure/review/risk_review:1,,,,false,false,Keep risk reviewer evidence attached to this risk claim.
risk_hazard:2,risk_hazard,accepted,reviewer_evidence,DC arc fault,"DC arc fault has provisional RPN 108 with mitigation: Arc detection, contactor isolation and maintenance access controls.",,,test-fixture://review-evidence-closure/review/risk_review:2,,,,false,false,Keep risk reviewer evidence attached to this risk claim.
submodule_allocation:control_compute_communication:bms_master,submodule_allocation,accepted,reviewer_evidence,Control Compute And Communication / BMS master controller,BMS master controller is allocated under Control Compute And Communication: Supervises pack state and protective limits.,,,test-fixture://review-evidence-closure/review/design_review:control_compute_communication,power_mw,control_compute_communication,bms_master_controller; isolation_interface; contactor_driver_output; soc_estimation_firmware,false,false,Keep reviewer evidence attached to this submodule allocation claim.
submodule_allocation:control_compute_communication:communications_gateway,submodule_allocation,accepted,reviewer_evidence,Control Compute And Communication / Communications gateway,Communications gateway is allocated under Control Compute And Communication: Bridges local controls to site and remote systems.,,,test-fixture://review-evidence-closure/review/design_review:control_compute_communication,power_mw,control_compute_communication,modbus_tcp_gateway; scada_protocol_adapter; time_synchronisation_module; cybersecurity_firewall,false,false,Keep reviewer evidence attached to this submodule allocation claim.
submodule_allocation:control_compute_communication:cybersecurity_monitoring,submodule_allocation,accepted,reviewer_evidence,Control Compute And Communication / Cybersecurity monitoring,"Cybersecurity monitoring is allocated under Control Compute And Communication: Manages secure access, logging and recovery data for remote operation.",,,test-fixture://review-evidence-closure/review/design_review:control_compute_communication,power_mw,control_compute_communication,vpn_access_appliance; syslog_collector; account_key_switch; firmware_escrow_tag; configuration_backup_module,false,false,Keep reviewer evidence attached to this submodule allocation claim.
submodule_allocation:control_compute_communication:ems_controller,submodule_allocation,accepted,reviewer_evidence,Control Compute And Communication / EMS controller,EMS controller is allocated under Control Compute And Communication: Dispatches power and monitors system state.,,,test-fixture://review-evidence-closure/review/design_review:control_compute_communication,power_mw,control_compute_communication,industrial_controller; i_o_expansion_module; network_switch; cellular_router,false,false,Keep reviewer evidence attached to this submodule allocation claim.
submodule_allocation:energy_conversion_transduction:grid_filter,submodule_allocation,accepted,reviewer_evidence,Power Conversion System / Grid filter,Grid filter is allocated under Power Conversion System: Controls harmonics and conducted emissions.,,,test-fixture://review-evidence-closure/review/design_review:energy_conversion_transduction,capacity_mwh; power_mw,energy_conversion_transduction,grid_filter_choke; ac_filter_capacitor; emi_filter_assembly; protective_earth_bar,false,false,Keep reviewer evidence attached to this submodule allocation claim.
submodule_allocation:energy_conversion_transduction:grid_protection_relay,submodule_allocation,accepted,reviewer_evidence,Power Conversion System / Grid protection relay,"Grid protection relay is allocated under Power Conversion System: Supervises grid voltage, frequency and trip settings at the point of connection.",,,test-fixture://review-evidence-closure/review/design_review:energy_conversion_transduction,capacity_mwh; power_mw,energy_conversion_transduction,grid_protection_relay; voltage_sensing_fuse_set; relay_test_block; trip_circuit_monitor; g99_settings_label,false,false,Keep reviewer evidence attached to this submodule allocation claim.
submodule_allocation:energy_conversion_transduction:pcs_inverter,submodule_allocation,accepted,reviewer_evidence,Power Conversion System / PCS inverter bridge,PCS inverter bridge is allocated under Power Conversion System: Performs bidirectional DC/AC conversion.,,,test-fixture://review-evidence-closure/review/design_review:energy_conversion_transduction,capacity_mwh; power_mw,energy_conversion_transduction,pcs_inverter; igbt_power_module; dc_link_capacitor_bank; gate_driver_board; inverter_control_board; liquid_cooled_heatsink,false,false,Keep reviewer evidence attached to this submodule allocation claim.
submodule_allocation:energy_conversion_transduction:transformer_stage,submodule_allocation,accepted,reviewer_evidence,Power Conversion System / Transformer stage,Transformer stage is allocated under Power Conversion System: Adapts PCS output voltage to site connection voltage.,,,test-fixture://review-evidence-closure/review/design_review:energy_conversion_transduction,capacity_mwh; power_mw,energy_conversion_transduction,cast_resin_transformer; hv_winding; lv_winding; temperature_probe; anti_vibration_mount,false,false,Keep reviewer evidence attached to this submodule allocation claim.
submodule_allocation:energy_storage_source:bms_slave,submodule_allocation,accepted,reviewer_evidence,Energy Storage Source / BMS slave board,BMS slave board is allocated under Energy Storage Source: Measures cell voltage and temperature at rack level.,,,test-fixture://review-evidence-closure/review/design_review:energy_storage_source,capacity_mwh,energy_storage_source,bms_slave_pcb; afe_monitor_ic; ntc_thermistor_harness; isolated_can_transceiver; conformal_coating,false,false,Keep reviewer evidence attached to this submodule allocation claim.
submodule_allocation:energy_storage_source:cell_string,submodule_allocation,accepted,reviewer_evidence,Energy Storage Source / Cell string,Cell string is allocated under Energy Storage Source: Electrochemical storage path assembled from series/parallel LFP cells.,,,test-fixture://review-evidence-closure/review/design_review:energy_storage_source,capacity_mwh,energy_storage_source,lfp_prismatic_cells; cell_to_cell_busbar; cell_terminal_hardware_set; cell_insulation_pad; module_fuse,false,false,Keep reviewer evidence attached to this submodule allocation claim.
submodule_allocation:energy_storage_source:dc_string_output,submodule_allocation,accepted,reviewer_evidence,Energy Storage Source / DC string output,DC string output is allocated under Energy Storage Source: Combines rack outputs into a protected high-voltage DC path.,,,test-fixture://review-evidence-closure/review/design_review:energy_storage_source,capacity_mwh,energy_storage_source,dc_contactor_or_breaker; precharge_resistor; hv_fuse_holder; pack_current_sensor; service_disconnect,false,false,Keep reviewer evidence attached to this submodule allocation claim.
submodule_allocation:energy_storage_source:module_interconnect_harness,submodule_allocation,accepted,reviewer_evidence,Energy Storage Source / Module interconnect harness,"Module interconnect harness is allocated under Energy Storage Source: Routes low-voltage sensing, communications and temperature signals across rack assemblies.",,,test-fixture://review-evidence-closure/review/design_review:energy_storage_source,capacity_mwh,energy_storage_source,cell_voltage_sense_loom; rack_can_drop_cable; harness_strain_relief_rail; low_smoke_cable_sleeve,false,false,Keep reviewer evidence attached to this submodule allocation claim.
submodule_allocation:energy_storage_source:rack_structure,submodule_allocation,accepted,reviewer_evidence,Energy Storage Source / Rack structure,"Rack structure is allocated under Energy Storage Source: Constrains cell modules during transport, vibration and cycling expansion.",,,test-fixture://review-evidence-closure/review/design_review:energy_storage_source,capacity_mwh,energy_storage_source,module_steel_frame; compression_plate; compression_tie_rod_set; module_top_cover; rack_label_plate,false,false,Keep reviewer evidence attached to this submodule allocation claim.
submodule_allocation:energy_storage_source:rack_thermal_interface,submodule_allocation,accepted,reviewer_evidence,Energy Storage Source / Rack thermal interface,Rack thermal interface is allocated under Energy Storage Source: Couples cell modules to the container thermal loop while preserving service replacement access.,,,test-fixture://review-evidence-closure/review/design_review:energy_storage_source,capacity_mwh,energy_storage_source,rack_cold_plate_manifold; thermally_conductive_gap_pad; coolant_quick_connector_pair; rack_drip_tray; leak_detection_rope,false,false,Keep reviewer evidence attached to this submodule allocation claim.
submodule_allocation:environmental_interface:heat_rejection_coil,submodule_allocation,accepted,reviewer_evidence,Environmental Interface / Heat rejection coil,Heat rejection coil is allocated under Environmental Interface: Rejects battery and PCS heat from the coolant loop to outdoor air.,,,test-fixture://review-evidence-closure/review/design_review:environmental_interface,,environmental_interface,dry_cooler_coil; ec_condenser_fan; fan_contactor; coil_guard_grille; drain_safe_condensate_pan,false,false,Keep reviewer evidence attached to this submodule allocation claim.
submodule_allocation:environmental_interface:hvac_unit,submodule_allocation,accepted,reviewer_evidence,Environmental Interface / HVAC unit,HVAC unit is allocated under Environmental Interface: Controls air temperature and humidity inside compartments.,,,test-fixture://review-evidence-closure/review/design_review:environmental_interface,,environmental_interface,container_hvac_unit; air_filter_element; condensate_drain_kit; hvac_controller,false,false,Keep reviewer evidence attached to this submodule allocation claim.
submodule_allocation:environmental_interface:thermal_insulation,submodule_allocation,accepted,reviewer_evidence,Environmental Interface / Thermal insulation,Thermal insulation is allocated under Environmental Interface: Reduces ambient heat transfer into the container.,,,test-fixture://review-evidence-closure/review/design_review:environmental_interface,,environmental_interface,insulation_panel; vapour_barrier_film; thermal_break_strip; seal_gasket_set,false,false,Keep reviewer evidence attached to this submodule allocation claim.
submodule_allocation:environmental_interface:ventilation_path,submodule_allocation,accepted,reviewer_evidence,Environmental Interface / Ventilation path,"Ventilation path is allocated under Environmental Interface: Directs airflow around PCS, controls and service areas.",,,test-fixture://review-evidence-closure/review/design_review:environmental_interface,,environmental_interface,intake_louvre; exhaust_louvre; ec_fan_assembly; airflow_baffle,false,false,Keep reviewer evidence attached to this submodule allocation claim.
submodule_allocation:hmi_ergonomics:external_labelling,submodule_allocation,accepted,reviewer_evidence,Operator HMI And Labelling / External labelling,External labelling is allocated under Operator HMI And Labelling: Communicates hazards and service instructions.,,,test-fixture://review-evidence-closure/review/design_review:hmi_ergonomics,,hmi_ergonomics,high_voltage_warning_label; arc_flash_boundary_label; fire_suppression_instruction_placard; asset_qr_label,false,false,Keep reviewer evidence attached to this submodule allocation claim.
submodule_allocation:hmi_ergonomics:local_hmi,submodule_allocation,accepted,reviewer_evidence,Operator HMI And Labelling / Local HMI panel,"Local HMI panel is allocated under Operator HMI And Labelling: Provides local status, alarms and manual controls.",,,test-fixture://review-evidence-closure/review/design_review:hmi_ergonomics,,hmi_ergonomics,industrial_touchscreen; panel_pc; key_switch; alarm_buzzer_beacon,false,false,Keep reviewer evidence attached to this submodule allocation claim.
submodule_allocation:hmi_ergonomics:operator_workflow,submodule_allocation,accepted,reviewer_evidence,Operator HMI And Labelling / Operator workflow aids,Operator workflow aids is allocated under Operator HMI And Labelling: Supports safe inspection and reset actions.,,,test-fixture://review-evidence-closure/review/design_review:hmi_ergonomics,,hmi_ergonomics,laminated_isolation_checklist; inspection_log_holder; status_stack_light; manual_reset_station,false,false,Keep reviewer evidence attached to this submodule allocation claim.
submodule_allocation:hmi_ergonomics:remote_notification,submodule_allocation,accepted,reviewer_evidence,Operator HMI And Labelling / Remote notification interface,Remote notification interface is allocated under Operator HMI And Labelling: Routes actionable alarms to the site operator while preventing unsafe remote reset.,,,test-fixture://review-evidence-closure/review/design_review:hmi_ergonomics,,hmi_ergonomics,operator_notification_relay; sms_alarm_output_module; alarm_acknowledgement_button; escalation_contact_label; remote_reset_inhibit_relay,false,false,Keep reviewer evidence attached to this submodule allocation claim.
submodule_allocation:maintenance_serviceability:access_doors,submodule_allocation,accepted,reviewer_evidence,Maintenance And Serviceability / Access doors and hardware,Access doors and hardware is allocated under Maintenance And Serviceability: Provides controlled entry to service zones.,,,test-fixture://review-evidence-closure/review/design_review:maintenance_serviceability,mass_kg,maintenance_serviceability,lockable_access_door; door_seal_gasket; panic_release_latch; door_stay_arm,false,false,Keep reviewer evidence attached to this submodule allocation claim.
submodule_allocation:maintenance_serviceability:commissioning_ports,submodule_allocation,accepted,reviewer_evidence,Maintenance And Serviceability / Commissioning ports,"Commissioning ports is allocated under Maintenance And Serviceability: Provides controlled access points for electrical, coolant and controller commissioning checks.",,,test-fixture://review-evidence-closure/review/design_review:maintenance_serviceability,mass_kg,maintenance_serviceability,insulated_test_socket; coolant_sampling_port; laptop_service_port; lockout_hasp_rail; commissioning_torque_log_plate,false,false,Keep reviewer evidence attached to this submodule allocation claim.
submodule_allocation:maintenance_serviceability:lifting_handling,submodule_allocation,accepted,reviewer_evidence,Maintenance And Serviceability / Lifting and handling points,"Lifting and handling points is allocated under Maintenance And Serviceability: Supports transport, installation and module replacement.",,,test-fixture://review-evidence-closure/review/design_review:maintenance_serviceability,mass_kg,maintenance_serviceability,certified_lifting_lug; forklift_pocket_reinforcement; removable_rack_guide; service_trolley_interface,false,false,Keep reviewer evidence attached to this submodule allocation claim.
submodule_allocation:maintenance_serviceability:service_lighting,submodule_allocation,accepted,reviewer_evidence,Maintenance And Serviceability / Service lighting,Service lighting is allocated under Maintenance And Serviceability: Illuminates work zones during inspection.,,,test-fixture://review-evidence-closure/review/design_review:maintenance_serviceability,mass_kg,maintenance_serviceability,led_service_luminaire; emergency_light_fitting; maintenance_receptacle; lighting_switchgear,false,false,Keep reviewer evidence attached to this submodule allocation claim.
submodule_allocation:mass_fluid_transport_process:expansion_air_removal,submodule_allocation,accepted,reviewer_evidence,Coolant Circulation Process / Expansion and air removal,Expansion and air removal is allocated under Coolant Circulation Process: Accommodates fluid expansion and removes trapped air.,,,test-fixture://review-evidence-closure/review/design_review:mass_fluid_transport_process,,mass_fluid_transport_process,expansion_vessel; automatic_air_vent; pressure_relief_valve; low_pressure_switch,false,false,Keep reviewer evidence attached to this submodule allocation claim.
submodule_allocation:mass_fluid_transport_process:filtration_treatment,submodule_allocation,accepted,reviewer_evidence,Coolant Circulation Process / Filtration and treatment,Filtration and treatment is allocated under Coolant Circulation Process: Maintains coolant cleanliness and chemistry.,,,test-fixture://review-evidence-closure/review/design_review:mass_fluid_transport_process,,mass_fluid_transport_process,coolant_filter_housing; replaceable_filter_cartridge; glycol_concentration_sensor; fill_and_drain_manifold,false,false,Keep reviewer evidence attached to this submodule allocation claim.
submodule_allocation:mass_fluid_transport_process:heat_exchanger_manifold,submodule_allocation,accepted,reviewer_evidence,Coolant Circulation Process / Heat exchanger manifold,Heat exchanger manifold is allocated under Coolant Circulation Process: Transfers rack heat into the outdoor heat rejection path while preserving service bypass options.,,,test-fixture://review-evidence-closure/review/design_review:mass_fluid_transport_process,,mass_fluid_transport_process,plate_heat_exchanger; temperature_balancing_valve; purge_valve_set; service_bypass_loop; insulated_hose_set,false,false,Keep reviewer evidence attached to this submodule allocation claim.
submodule_allocation:mass_fluid_transport_process:pump_station,submodule_allocation,accepted,reviewer_evidence,Coolant Circulation Process / Coolant pump station,Coolant pump station is allocated under Coolant Circulation Process: Circulates coolant through rack cold plates.,,,test-fixture://review-evidence-closure/review/design_review:mass_fluid_transport_process,,mass_fluid_transport_process,thermal_management_loop; coolant_circulation_pump; pump_vfd; check_valve; isolation_valve,false,false,Keep reviewer evidence attached to this submodule allocation claim.
submodule_allocation:power_distribution:ac_switchgear,submodule_allocation,accepted,reviewer_evidence,DC And AC Power Distribution / AC switchgear,AC switchgear is allocated under DC And AC Power Distribution: Connects PCS output to site AC connection.,,,test-fixture://review-evidence-closure/review/design_review:power_distribution,capacity_mwh; power_mw,power_distribution,moulded_case_circuit_breaker; ac_contactor; metering_ct_set; terminal_block_assembly,false,false,Keep reviewer evidence attached to this submodule allocation claim.
submodule_allocation:power_distribution:auxiliary_power,submodule_allocation,accepted,reviewer_evidence,DC And AC Power Distribution / Auxiliary power distribution,"Auxiliary power distribution is allocated under DC And AC Power Distribution: Supplies controls, HVAC, pumps and service loads.",,,test-fixture://review-evidence-closure/review/design_review:power_distribution,capacity_mwh; power_mw,power_distribution,auxiliary_transformer; 24_v_dc_power_supply; miniature_circuit_breaker_bank; ups_module,false,false,Keep reviewer evidence attached to this submodule allocation claim.
submodule_allocation:power_distribution:dc_busbars,submodule_allocation,accepted,reviewer_evidence,DC And AC Power Distribution / Main DC busbars,Main DC busbars is allocated under DC And AC Power Distribution: Carries pack current from racks to PCS.,,,test-fixture://review-evidence-closure/review/design_review:power_distribution,capacity_mwh; power_mw,power_distribution,copper_dc_busbar; busbar_support_insulator; busbar_shroud; torque_witness_marker,false,false,Keep reviewer evidence attached to this submodule allocation claim.
submodule_allocation:power_distribution:earthing_lightning,submodule_allocation,accepted,reviewer_evidence,DC And AC Power Distribution / Earthing and lightning protection,Earthing and lightning protection is allocated under DC And AC Power Distribution: Bonds exposed metalwork and surge devices to a verifiable protective-earth network.,,,test-fixture://review-evidence-closure/review/design_review:power_distribution,capacity_mwh; power_mw,power_distribution,main_earth_bar; earth_stud_array; lightning_surge_counter; equipotential_bonding_strap; earth_continuity_test_point,false,false,Keep reviewer evidence attached to this submodule allocation claim.
submodule_allocation:safety_protection:deflagration_venting,submodule_allocation,accepted,reviewer_evidence,Safety Protection And Interlocks / Deflagration venting,Deflagration venting is allocated under Safety Protection And Interlocks: Provides a controlled pressure relief path if battery off-gas ignition occurs.,,,test-fixture://review-evidence-closure/review/design_review:safety_protection,,safety_protection,pressure_relief_vent_panel; vent_microswitch; flame_arrestor_mesh; vent_weather_hood; post_event_inspection_tag,false,false,Keep reviewer evidence attached to this submodule allocation claim.
submodule_allocation:safety_protection:emergency_stop,submodule_allocation,accepted,reviewer_evidence,Safety Protection And Interlocks / Emergency stop chain,Emergency stop chain is allocated under Safety Protection And Interlocks: Trips high-energy paths through hardwired safety logic.,,,test-fixture://review-evidence-closure/review/design_review:safety_protection,,safety_protection,e_stop_mushroom_button; safety_relay; dc_shunt_trip_output; ac_breaker_trip_coil,false,false,Keep reviewer evidence attached to this submodule allocation claim.
submodule_allocation:safety_protection:fire_suppression,submodule_allocation,accepted,reviewer_evidence,Safety Protection And Interlocks / Fire suppression system,Fire suppression system is allocated under Safety Protection And Interlocks: Detects and suppresses incipient battery-container fire.,,,test-fixture://review-evidence-closure/review/design_review:safety_protection,,safety_protection,fire_detection_suppression; clean_agent_cylinder; release_solenoid; nozzle_pipework; pressure_switch,false,false,Keep reviewer evidence attached to this submodule allocation claim.
submodule_allocation:safety_protection:surge_fault_protection,submodule_allocation,accepted,reviewer_evidence,Safety Protection And Interlocks / Surge and fault protection,Surge and fault protection is allocated under Safety Protection And Interlocks: Limits transient and overcurrent damage.,,,test-fixture://review-evidence-closure/review/design_review:safety_protection,,safety_protection,dc_surge_protection_device; ac_surge_protection_device; arc_flash_label_set; protective_earth_bonding_kit,false,false,Keep reviewer evidence attached to this submodule allocation claim.
submodule_allocation:sensing_instrumentation:electrical_measurement,submodule_allocation,accepted,reviewer_evidence,Sensing And Instrumentation / Electrical measurement,"Electrical measurement is allocated under Sensing And Instrumentation: Measures voltage, current and insulation state.",,,test-fixture://review-evidence-closure/review/design_review:sensing_instrumentation,,sensing_instrumentation,dc_voltage_transducer; hall_current_sensor; insulation_monitoring_device; auxiliary_metering_transducer,false,false,Keep reviewer evidence attached to this submodule allocation claim.
submodule_allocation:sensing_instrumentation:environmental_sensors,submodule_allocation,accepted,reviewer_evidence,Sensing And Instrumentation / Environmental sensors,Environmental sensors is allocated under Sensing And Instrumentation: Measures container air conditions and gas hazards.,,,test-fixture://review-evidence-closure/review/design_review:sensing_instrumentation,,sensing_instrumentation,temperature_humidity_sensor; hydrogen_detector; smoke_aspirating_detector; door_position_switch,false,false,Keep reviewer evidence attached to this submodule allocation claim.
submodule_allocation:sensing_instrumentation:event_recording,submodule_allocation,accepted,reviewer_evidence,Sensing And Instrumentation / Event recording,"Event recording is allocated under Sensing And Instrumentation: Captures timestamped trips, alarms and measurements for engineering review.",,,test-fixture://review-evidence-closure/review/design_review:sensing_instrumentation,,sensing_instrumentation,fault_recorder_module; event_timestamp_logger; digital_input_card; local_historian_buffer; calibration_certificate_holder,false,false,Keep reviewer evidence attached to this submodule allocation claim.
submodule_allocation:sensing_instrumentation:thermal_sensors,submodule_allocation,accepted,reviewer_evidence,Sensing And Instrumentation / Thermal sensors,Thermal sensors is allocated under Sensing And Instrumentation: Tracks coolant and heat exchanger temperatures.,,,test-fixture://review-evidence-closure/review/design_review:sensing_instrumentation,,sensing_instrumentation,coolant_inlet_thermistor; coolant_outlet_thermistor; flow_meter; pressure_transducer,false,false,Keep reviewer evidence attached to this submodule allocation claim.
submodule_allocation:structure_containment:cable_penetration_sealing,submodule_allocation,accepted,reviewer_evidence,Container Structure And Fit-Out / Cable penetration sealing,"Cable penetration sealing is allocated under Container Structure And Fit-Out: Seals power, control and auxiliary cable entries through container fire and weather boundaries.",,,test-fixture://review-evidence-closure/review/design_review:structure_containment,mass_kg,structure_containment,gland_plate_assembly; firestop_collar_set; emc_cable_gland; rain_drip_shield; penetration_schedule_label,false,false,Keep reviewer evidence attached to this submodule allocation claim.
submodule_allocation:structure_containment:container_shell,submodule_allocation,accepted,reviewer_evidence,Container Structure And Fit-Out / ISO container shell,ISO container shell is allocated under Container Structure And Fit-Out: Forms the weather-tight transportable enclosure.,,,test-fixture://review-evidence-closure/review/design_review:structure_containment,mass_kg,structure_containment,corten_steel_side_panel; corner_casting; marine_plywood_floor; roof_panel,false,false,Keep reviewer evidence attached to this submodule allocation claim.
submodule_allocation:structure_containment:internal_partitions,submodule_allocation,accepted,reviewer_evidence,Container Structure And Fit-Out / Internal partitions,"Internal partitions is allocated under Container Structure And Fit-Out: Separates battery, PCS, controls and service zones.",,,test-fixture://review-evidence-closure/review/design_review:structure_containment,mass_kg,structure_containment,steel_stud_frame; fire_rated_board; mineral_wool_insulation; intumescent_sealant,false,false,Keep reviewer evidence attached to this submodule allocation claim.
submodule_allocation:structure_containment:rack_mounting,submodule_allocation,accepted,reviewer_evidence,Container Structure And Fit-Out / Rack mounting rails,Rack mounting rails is allocated under Container Structure And Fit-Out: Anchors battery racks against transport and seismic loads.,,,test-fixture://review-evidence-closure/review/design_review:structure_containment,mass_kg,structure_containment,floor_reinforcement_plate; rack_mounting_rail; vibration_isolator; anchor_bolt_set,false,false,Keep reviewer evidence attached to this submodule allocation claim.
